term	count	field
(empty)	29737	RXNCLASS combo
O-Glucuronidation	8177	RXNCLASS combo
Hydrolysis	6252	RXNCLASS combo
Aromatic Hydroxylation | C-Hydroxylation	4907	RXNCLASS combo
Aliphatic Hydroxylation | C-Hydroxylation	4585	RXNCLASS combo
C-Oxidation	3495	RXNCLASS combo
O-Sulfation	3315	RXNCLASS combo
C-Hydroxylation	3197	RXNCLASS combo
N-Dealkylation	2238	RXNCLASS combo
O-Dealkylation | O-Demethylation	1849	RXNCLASS combo
Reduction	1640	RXNCLASS combo
N-Dealkylation | N-Demethylation	1480	RXNCLASS combo
Hydrogenation | Reduction	1477	RXNCLASS combo
Glutathionation	1354	RXNCLASS combo
O-Alkylation | O-Methylation	1219	RXNCLASS combo
O-Conjugation	1160	RXNCLASS combo
S-Oxidation	1084	RXNCLASS combo
Conjugation	1082	RXNCLASS combo
N-Oxidation	1058	RXNCLASS combo
Optical Resolution	1046	RXNCLASS combo
Hydrolysis | Ring Opening	925	RXNCLASS combo
Oxidative Deamination	833	RXNCLASS combo
Epoxidation	794	RXNCLASS combo
N-Acetylation | N-Acylation	762	RXNCLASS combo
Protein Binding	756	RXNCLASS combo
O-Dealkylation	706	RXNCLASS combo
Oxidation	666	RXNCLASS combo
Aromatic Hydroxylation	653	RXNCLASS combo
Dehydrogenation	636	RXNCLASS combo
DNA Binding	622	RXNCLASS combo
N-Reduction	612	RXNCLASS combo
Hydrolysis | N-Deacylation	601	RXNCLASS combo
N-Glucuronidation	592	RXNCLASS combo
Glucuronidation	557	RXNCLASS combo
Hydrolysis | O-Deacylation	548	RXNCLASS combo
C-Oxidation | Chain Shortening	516	RXNCLASS combo
Phosphorylation	486	RXNCLASS combo
Hydrogenation	445	RXNCLASS combo
Aliphatic Hydroxylation	443	RXNCLASS combo
Dehydration	433	RXNCLASS combo
C-Oxidation | Dehydrogenation	422	RXNCLASS combo
C-Hydroxylation | C-Oxidation	420	RXNCLASS combo
Covalent Binding | DNA Binding	417	RXNCLASS combo
Glucuronidation | O-Glucuronidation	410	RXNCLASS combo
Hydroxylation	396	RXNCLASS combo
Glycination	386	RXNCLASS combo
Dehalogenation	358	RXNCLASS combo
Dearomatization | Epoxidation	358	RXNCLASS combo
Esterification	357	RXNCLASS combo
Isomerization	355	RXNCLASS combo
Ring Opening	334	RXNCLASS combo
Aromatization | Glutathionation	332	RXNCLASS combo
N-Hydroxylation	322	RXNCLASS combo
O-Phosphorylation	319	RXNCLASS combo
C-Oxidation | Dearomatization	294	RXNCLASS combo
Covalent Binding | Protein Binding	279	RXNCLASS combo
Hydrolysis | O-Dealkylation	278	RXNCLASS combo
N-Demethylation	268	RXNCLASS combo
C-Oxidation | Ring Opening	263	RXNCLASS combo
Aliphatic Hydroxylation | C-Hydroxylation | C-Oxidation	256	RXNCLASS combo
Dehydrogenation | Oxidation	247	RXNCLASS combo
Hydrolysis | O-Deglycosidation	238	RXNCLASS combo
Aromatic Hydroxylation | C-Hydroxylation | C-Oxidation	233	RXNCLASS combo
N-Acetylation	230	RXNCLASS combo
Hydration	220	RXNCLASS combo
O-Deglycosidation	219	RXNCLASS combo
Dehalogenation | Glutathionation	216	RXNCLASS combo
N-Acetylcysteination	215	RXNCLASS combo
Glutathionation | Ring Opening	213	RXNCLASS combo
Dearomatization | Oxidation	202	RXNCLASS combo
Hydrolysis | O-Deacetylation | O-Deacylation	197	RXNCLASS combo
Oxidative N-Dealkylation	185	RXNCLASS combo
Hydrolysis | N-Acetylation | N-Acylation	178	RXNCLASS combo
S-Alkylation | S-Methylation	168	RXNCLASS combo
N-Deacylation	167	RXNCLASS combo
Sulfation	159	RXNCLASS combo
DNA Binding | Ring Opening	159	RXNCLASS combo
Aromatization | Dehydrogenation	152	RXNCLASS combo
Cyclization	149	RXNCLASS combo
O-Demethylation	148	RXNCLASS combo
C-Oxidation | Deamination	147	RXNCLASS combo
Decarboxylation	145	RXNCLASS combo
Nucleophilic Substitution	139	RXNCLASS combo
S-Dealkylation	139	RXNCLASS combo
N-Dealkylation | Ring Opening	138	RXNCLASS combo
Aromatization | Reduction	137	RXNCLASS combo
Epimerization	128	RXNCLASS combo
Hydrolysis | O-Dephosphorylation	128	RXNCLASS combo
Ring Closure	127	RXNCLASS combo
Lipid Binding	126	RXNCLASS combo
O-Phosphorylation | Phosphorylation	125	RXNCLASS combo
Oxidative Dealkylation	123	RXNCLASS combo
Chain Elongation	123	RXNCLASS combo
Dehydroxylation	121	RXNCLASS combo
N-Dealkylation | Oxidation	117	RXNCLASS combo
S-Reduction	117	RXNCLASS combo
Conjugation | O-Conjugation	116	RXNCLASS combo
Deglycosidation | Hydrolysis	116	RXNCLASS combo
Deamidation | Hydrolysis	115	RXNCLASS combo
Rearrangement	113	RXNCLASS combo
Cysteination	112	RXNCLASS combo
Transesterification	111	RXNCLASS combo
N-Dealkylation | N-Demethylation | Oxidative N-Dealkylation	106	RXNCLASS combo
C-Oxidation | Decarboxylation	103	RXNCLASS combo
Glycosidation	103	RXNCLASS combo
C-Oxidation | Oxidation	100	RXNCLASS combo
N-Acylation	97	RXNCLASS combo
Aromatization | Glutathionation | Reduction	95	RXNCLASS combo
O-Dealkylation | Ring Opening	95	RXNCLASS combo
O-Dearylation	95	RXNCLASS combo
C-Hydroxylation | Dearomatization	94	RXNCLASS combo
Hydrolysis | O-Dealkylation | O-Demethylation	94	RXNCLASS combo
Covalent Binding	93	RXNCLASS combo
Cyanidation	92	RXNCLASS combo
Oxidative Desulfuration	92	RXNCLASS combo
N-Deacetylation | N-Deacylation	89	RXNCLASS combo
Radical Formation	88	RXNCLASS combo
O-Acetylation | O-Acylation	87	RXNCLASS combo
Acyl Migration	86	RXNCLASS combo
Inversion	86	RXNCLASS combo
Aromatization | Dehydration	85	RXNCLASS combo
Decarboxylation | Oxidation	85	RXNCLASS combo
N-Sulfation	85	RXNCLASS combo
Condensation	82	RXNCLASS combo
C-Oxidation | Dehydrogenation | Oxidation	80	RXNCLASS combo
N-Alkylation | N-Methylation	80	RXNCLASS combo
Deglycosidation	80	RXNCLASS combo
C-Oxidation | Dehalogenation	79	RXNCLASS combo
Dimerization	79	RXNCLASS combo
N-Deglycosidation	79	RXNCLASS combo
Elimination	78	RXNCLASS combo
O-Sulfation | Sulfation	78	RXNCLASS combo
C-Hydroxylation | Tautomerization	73	RXNCLASS combo
Oxidative Dehalogenation	73	RXNCLASS combo
O-Methylation	71	RXNCLASS combo
Cleavage	70	RXNCLASS combo
N-Dearylation	69	RXNCLASS combo
N-Dealkylation | Oxidative N-Dealkylation	69	RXNCLASS combo
Amidation	67	RXNCLASS combo
Aromatic Hydroxylation | C-Hydroxylation | Glutathionation	66	RXNCLASS combo
Taurination	66	RXNCLASS combo
Aromatic Hydroxylation | C-Oxidation	65	RXNCLASS combo
Tautomerization	65	RXNCLASS combo
C-Oxidation | Hydrolysis	65	RXNCLASS combo
C-Hydroxylation | Hydroxylation	64	RXNCLASS combo
Nucleophilic Addition	64	RXNCLASS combo
Dealkylation	63	RXNCLASS combo
Aromatization | Protein Binding	63	RXNCLASS combo
C-Oxidation | Isomerization	63	RXNCLASS combo
Aromatic Dehydroxylation	63	RXNCLASS combo
Aromatization | Ring Opening	62	RXNCLASS combo
O-Dealkylation | O-Demethylation | Ring Opening	62	RXNCLASS combo
Hydrolysis | N-Deacetylation | N-Deacylation	61	RXNCLASS combo
Deglucosidation | Hydrolysis | O-Deglycosidation	61	RXNCLASS combo
Dehalogenation | Protein Binding	60	RXNCLASS combo
Hydrolysis | O-Dearylation	60	RXNCLASS combo
Protein Binding | Ring Opening	58	RXNCLASS combo
Epimerization | Inversion	58	RXNCLASS combo
Esterification | O-Acylation	58	RXNCLASS combo
C-Dealkylation	57	RXNCLASS combo
C-Oxidation | Cleavage	57	RXNCLASS combo
Hydration | Hydrolysis	56	RXNCLASS combo
Hydrolysis | N-Dealkylation	56	RXNCLASS combo
O-Glucosidation	56	RXNCLASS combo
C-Decarboxylation	56	RXNCLASS combo
Cleavage | Ring Opening	56	RXNCLASS combo
Acyl Migration | Isomerization	55	RXNCLASS combo
Covalent Binding | DNA Binding | Ring Opening	55	RXNCLASS combo
C-Oxidation | Elimination	54	RXNCLASS combo
Dehydroxylation | Reduction	53	RXNCLASS combo
Dehalogenation | Hydrolysis	52	RXNCLASS combo
C-Hydroxylation | Isomerization	52	RXNCLASS combo
Esterification | O-Phosphorylation	52	RXNCLASS combo
Aliphatic Hydroxylation | C-Hydroxylation | Isomerization	51	RXNCLASS combo
N-Dehydroxylation | N-Reduction	51	RXNCLASS combo
Hydrolysis | N-Acetylation	50	RXNCLASS combo
C-Oxidation | Hydrolysis | Ring Opening	49	RXNCLASS combo
N-Dehydroxylation	49	RXNCLASS combo
Deglycosidation | Hydrolysis | O-Deglycosidation	48	RXNCLASS combo
Polyglutamation	48	RXNCLASS combo
Aliphatic Hydroxylation | C-Hydroxylation | Hydroxylation	47	RXNCLASS combo
N-Glucuronidation | Quaternization	47	RXNCLASS combo
Reduction | Ring Opening	47	RXNCLASS combo
Dearomatization | Epoxidation | Hydrolysis	47	RXNCLASS combo
Hydrolysis | O-Deglucuronidation	47	RXNCLASS combo
Dephosphorylation | Hydrolysis	47	RXNCLASS combo
Epoxidation | Nucleophilic Addition	47	RXNCLASS combo
Aromatic Dehydroxylation | Dehydroxylation	47	RXNCLASS combo
Epoxidation | Hydrolysis	46	RXNCLASS combo
N-Carboxylation	46	RXNCLASS combo
Deamidation | Hydrolysis | N-Deacylation	46	RXNCLASS combo
Oxidation | Ring Opening	45	RXNCLASS combo
O-Dephosphorylation	45	RXNCLASS combo
Deamination	44	RXNCLASS combo
C-Oxidation | Hydrogenation	44	RXNCLASS combo
Aliphatic Hydroxylation | C-Oxidation	43	RXNCLASS combo
Aromatic Hydroxylation | C-Hydroxylation | Dehalogenation	43	RXNCLASS combo
C-Hydroxylation | Reduction	42	RXNCLASS combo
N-Methylation	42	RXNCLASS combo
Desulfuration	42	RXNCLASS combo
Condensation | Cyclization	41	RXNCLASS combo
Desulfation | Hydrolysis	41	RXNCLASS combo
Aliphatic Hydroxylation | C-Hydroxylation | Optical Resolution	41	RXNCLASS combo
C-Oxidation | Dearomatization | Oxidation	41	RXNCLASS combo
Aromatization | N-Acetylcysteination	41	RXNCLASS combo
Sulfuration	40	RXNCLASS combo
Hydrogenation | Optical Resolution | Reduction	40	RXNCLASS combo
Cyclization | Ring Closure	40	RXNCLASS combo
Hydrolysis | Optical Resolution	40	RXNCLASS combo
C-Hydroxylation | Hydrogenation	39	RXNCLASS combo
Dehydrohalogenation	39	RXNCLASS combo
Hydrolysis | Oxidation	39	RXNCLASS combo
O-Deacetylation | O-Deacylation	39	RXNCLASS combo
Demethoxylation	39	RXNCLASS combo
Dephosphorylation | Hydrolysis | O-Dephosphorylation	39	RXNCLASS combo
Aromatization	38	RXNCLASS combo
Optical Resolution | S-Oxidation	38	RXNCLASS combo
Dehydrogenation | Hydrolysis	38	RXNCLASS combo
Aromatization | Tautomerization	38	RXNCLASS combo
N-Conjugation	38	RXNCLASS combo
N-Acetylcysteination | Ring Opening	37	RXNCLASS combo
C-Oxidation | Hydrogenation | Rearrangement | Reduction	37	RXNCLASS combo
Nucleic Acid Binding	36	RXNCLASS combo
Hydration | Hydrolysis | Ring Opening	36	RXNCLASS combo
Nucleophilic Addition | Ring Opening	36	RXNCLASS combo
N-Alkylation	35	RXNCLASS combo
Aromatization | Rearrangement | Ring Opening	35	RXNCLASS combo
Hydrolysis | Ring Closure	35	RXNCLASS combo
Optical Resolution | Reduction	35	RXNCLASS combo
Chain Shortening	35	RXNCLASS combo
Aliphatic Hydroxylation | N-Dealkylation	34	RXNCLASS combo
Dehydrogenation | N-Oxidation	34	RXNCLASS combo
C-Hydroxylation | Dearomatization | Tautomerization	34	RXNCLASS combo
Chain Shortening | Oxidative Dealkylation	34	RXNCLASS combo
N-Deacetylation	33	RXNCLASS combo
Lactonization | Ring Closure	33	RXNCLASS combo
Covalent Binding | Dehalogenation | Protein Binding	33	RXNCLASS combo
O-Glycosidation	32	RXNCLASS combo
C-Decarboxylation | C-Oxidation	32	RXNCLASS combo
N-Glycosidation	32	RXNCLASS combo
Hydrolysis | Oxidative Deamination	32	RXNCLASS combo
C-Dealkylation | C-Oxidation	32	RXNCLASS combo
Aromatic Hydroxylation | Aromatic Methoxylation	31	RXNCLASS combo
Aromatization | Glutathionation | Ring Opening	31	RXNCLASS combo
O-Deacylation	31	RXNCLASS combo
Thiolation	31	RXNCLASS combo
Dehydration | Ring Closure	31	RXNCLASS combo
C-Hydroxylation | Ring Opening	31	RXNCLASS combo
Alkylation | Methylation	31	RXNCLASS combo
Lactonization	30	RXNCLASS combo
Hydration | Ring Opening	30	RXNCLASS combo
Cyclization | Cysteination	30	RXNCLASS combo
Isomerization | Reduction	30	RXNCLASS combo
Chain Shortening | Oxidation	30	RXNCLASS combo
Oxidative Deamination | Oxidative N-Dealkylation	29	RXNCLASS combo
C-Oxidation | Oxidative Deamination	29	RXNCLASS combo
Aromatization | Dehydrogenation | Oxidation	29	RXNCLASS combo
Rearrangement | Ring Opening	29	RXNCLASS combo
Glutathionation | Nucleophilic Addition	29	RXNCLASS combo
Glutathionation | Nucleophilic Substitution	29	RXNCLASS combo
Dehalogenation | Radical Formation	28	RXNCLASS combo
Aromatic Hydroxylation | N-Demethylation	28	RXNCLASS combo
Glutathionation | Reduction	28	RXNCLASS combo
Covalent Binding | Lipid Binding	28	RXNCLASS combo
Aliphatic Hydroxylation | C-Hydroxylation | C-Oxidation | Hydroxylation	28	RXNCLASS combo
Epoxidation | Optical Resolution	28	RXNCLASS combo
Hydrolysis | N-Decarboxylation	28	RXNCLASS combo
N-Acylation | N-Formylation	27	RXNCLASS combo
N-Demethylation | N-Oxidation	27	RXNCLASS combo
S-Alkylation | S-Dealkylation | S-Methylation	27	RXNCLASS combo
Conjugation | Glucuronidation | O-Glucuronidation	27	RXNCLASS combo
O-Acylation	27	RXNCLASS combo
Hydrolysis | Protein Binding	27	RXNCLASS combo
C-Oxidation | O-Dealkylation	27	RXNCLASS combo
C-Oxidation | Deamination | Oxidative Deamination	27	RXNCLASS combo
Decomplexation	27	RXNCLASS combo
C-Oxidation | Chain Shortening | O-Demethylation	27	RXNCLASS combo
Aromatic Hydroxylation | O-Methylation	26	RXNCLASS combo
Aromatic Methoxylation	26	RXNCLASS combo
Dearomatization | Dehydrogenation	26	RXNCLASS combo
O-Glucuronidation | O-Sulfation	26	RXNCLASS combo
Oxidative Deamination | Tautomerization	26	RXNCLASS combo
DNA Binding | Hydrolysis | Ring Opening	26	RXNCLASS combo
C-Hydroxylation | Dearomatization | Epoxidation	26	RXNCLASS combo
Cyclization | Hydrolysis	26	RXNCLASS combo
C-Dealkylation | C-Demethylation	26	RXNCLASS combo
N-Reduction | Reduction	25	RXNCLASS combo
Aliphatic Hydroxylation | Aromatic Hydroxylation | C-Hydroxylation	25	RXNCLASS combo
Conjugation | O-Glucuronidation	25	RXNCLASS combo
Hydroxylation | Reduction	25	RXNCLASS combo
Epoxidation | Ring Closure	25	RXNCLASS combo
Deglucosidation | Deglycosidation | Hydrolysis | O-Deglycosidation	25	RXNCLASS combo
C-Oxidation | Deamination | O-Demethylation	25	RXNCLASS combo
C-Oxidation | O-Dearylation	25	RXNCLASS combo
Glutathionation | Ring Closure | Ring Opening	25	RXNCLASS combo
Dehalogenation | Oxidation	24	RXNCLASS combo
C-Hydroxylation | Glutathionation	24	RXNCLASS combo
C-Hydroxylation | Hydrogenation | Reduction	24	RXNCLASS combo
Dehydration | Hydrolysis	24	RXNCLASS combo
N-Dealkylation | N-Debenzylation	24	RXNCLASS combo
Hydrolysis | Nucleophilic Addition | Ring Opening	24	RXNCLASS combo
Transacylation	24	RXNCLASS combo
N-Formylation	24	RXNCLASS combo
Hydration | Hydrolysis | Nucleophilic Addition | Ring Opening	24	RXNCLASS combo
C-Oxidation | Reduction	24	RXNCLASS combo
Glucuronidation | N-Glucuronidation	23	RXNCLASS combo
N-Demethylation | Oxidative N-Dealkylation	23	RXNCLASS combo
Hydrolysis | Tautomerization	23	RXNCLASS combo
Aromatization | Dehydration | Hydrolysis	22	RXNCLASS combo
Halogenation	22	RXNCLASS combo
Methoxylation	22	RXNCLASS combo
Deamination | Hydrolysis	22	RXNCLASS combo
Acetylcysteination	22	RXNCLASS combo
Hydrolysis | S-Deacylation	22	RXNCLASS combo
Oxidation | Reduction	21	RXNCLASS combo
Ring Contraction	21	RXNCLASS combo
Aromatization | Oxidation	21	RXNCLASS combo
Aromatic Hydroxylation | C-Hydroxylation | Optical Resolution	21	RXNCLASS combo
C-Decarboxylation | Decarboxylation	21	RXNCLASS combo
Isomerization | Rearrangement	21	RXNCLASS combo
DNA Binding | Dehalogenation	21	RXNCLASS combo
Oxidative Deamination | Ring Opening	21	RXNCLASS combo
C-Oxidation | Cleavage | Ring Opening	21	RXNCLASS combo
C-Oxidation | Decarboxylation | Oxidation	21	RXNCLASS combo
C-Hydroxylation | Dearomatization | Hydrogenation	21	RXNCLASS combo
Aromatization | Dehalogenation | Glutathionation	20	RXNCLASS combo
O-Deacetylation	20	RXNCLASS combo
Covalent Binding | Transmethylation	20	RXNCLASS combo
Nucleophilic Substitution | Oxidation	20	RXNCLASS combo
N-Nitrosation	20	RXNCLASS combo
Denitration | Hydrolysis	20	RXNCLASS combo
Dimerization | Oxidation	20	RXNCLASS combo
Isomerization | Ring Opening	20	RXNCLASS combo
Cysteination | Dehalogenation	20	RXNCLASS combo
C-Hydroxylation | C-Oxidation | Dearomatization	20	RXNCLASS combo
Aromatic Hydroxylation | Dehalogenation	20	RXNCLASS combo
Deoxygenation | Reduction	20	RXNCLASS combo
Chain Elongation | Dehydrogenation	20	RXNCLASS combo
N-Denitrosation	20	RXNCLASS combo
Alkylation | Methylation | Reduction	20	RXNCLASS combo
Alkylation | Methylation | Oxidation	20	RXNCLASS combo
C-Oxidation | N-Dealkylation	19	RXNCLASS combo
Dearomatization	19	RXNCLASS combo
Hydrogenation | Reduction | Ring Opening	19	RXNCLASS combo
Sulfonation	19	RXNCLASS combo
Hydrolysis | Reduction	19	RXNCLASS combo
C-Oxidation | Hydrogenation | Reduction	19	RXNCLASS combo
Dehydrogenation | Isomerization	19	RXNCLASS combo
O-Glucuronidation | Optical Resolution	19	RXNCLASS combo
Glucosidation	19	RXNCLASS combo
Transconjugation	19	RXNCLASS combo
Amination	19	RXNCLASS combo
Glutathionation | Rearrangement	19	RXNCLASS combo
Dearomatization | Dehydrogenation | Oxidation	19	RXNCLASS combo
C-Oxidation | Chain Shortening | Hydrogenation	19	RXNCLASS combo
Denitrosation	19	RXNCLASS combo
C-Hydroxylation | C-Oxidation | Dearomatization | Tautomerization	19	RXNCLASS combo
Hydrolysis | O-Deacetylation	19	RXNCLASS combo
C-Alkylation	19	RXNCLASS combo
Azo Cleavage | N-Reduction	19	RXNCLASS combo
Hydrolysis | N-Deacylation | O-Dealkylation	19	RXNCLASS combo
Aromatization | Oxidative Dealkylation | Tautomerization	18	RXNCLASS combo
Aliphatic Hydroxylation | Hydrolysis	18	RXNCLASS combo
Aromatic Hydroxylation | C-Hydroxylation | O-Methylation	18	RXNCLASS combo
N-Hydroxylation | N-Oxidation	18	RXNCLASS combo
Hydrolysis | Isomerization	18	RXNCLASS combo
N-Dealkylation | N-Reduction	18	RXNCLASS combo
Hydrolysis | N-Acetylation | N-Deacylation	18	RXNCLASS combo
Nitration	18	RXNCLASS combo
C-Hydroxylation | C-Oxidation | Tautomerization	18	RXNCLASS combo
C-Alkoxylation | C-Methoxylation	18	RXNCLASS combo
C-Oxidation | Dearomatization | Dehalogenation	18	RXNCLASS combo
C-Oxidation | Dearomatization | Dehydrogenation	18	RXNCLASS combo
Dehalogenation | Elimination	18	RXNCLASS combo
Hydrolysis | S-Dealkylation	18	RXNCLASS combo
C-Oxidation | Ring Closure	18	RXNCLASS combo
Elimination | Ring Opening	18	RXNCLASS combo
Aromatization | Conjugation	17	RXNCLASS combo
N-Deformylation	17	RXNCLASS combo
S-Glucuronidation	17	RXNCLASS combo
Transglycosylation	17	RXNCLASS combo
Aromatic Hydroxylation | C-Hydroxylation | O-Alkylation | O-Methylation	17	RXNCLASS combo
O-Glucuronidation | Tautomerization	17	RXNCLASS combo
Decarboxylation | Hydrolysis	17	RXNCLASS combo
C-Hydroxylation | C-Oxidation | Hydrogenation	17	RXNCLASS combo
Conjugation | Glycination	17	RXNCLASS combo
Deglycosidation | N-Deglycosidation	17	RXNCLASS combo
S-Methylation	17	RXNCLASS combo
C-Hydroxylation | Optical Resolution	17	RXNCLASS combo
Glutathionation | Hydrolysis	17	RXNCLASS combo
Decyanidation	17	RXNCLASS combo
Dephosphorylation	17	RXNCLASS combo
Aliphatic Hydroxylation | C-Hydroxylation | Ring Opening	17	RXNCLASS combo
Covalent Binding | DNA Binding | Epimerization | Hydrolysis	17	RXNCLASS combo
Covalent Binding | DNA Binding | Hydrolysis	17	RXNCLASS combo
Oxidative N-Dealkylation | Ring Opening	17	RXNCLASS combo
Amination | Reduction	17	RXNCLASS combo
Cyclization | Glutathionation	17	RXNCLASS combo
C-Oxidation | Lactamization	17	RXNCLASS combo
Deselenation | Elimination | Oxidative Deamination	17	RXNCLASS combo
Aliphatic Hydroxylation | Decarboxylation | Oxidation	16	RXNCLASS combo
Desulfuration | Hydrolysis	16	RXNCLASS combo
Aliphatic Hydroxylation | C-Hydroxylation | N-Dealkylation	16	RXNCLASS combo
S-Dealkylation | S-Demethylation	16	RXNCLASS combo
Deglutathionation	16	RXNCLASS combo
Aromatic Hydroxylation | C-Hydroxylation | Dearomatization	16	RXNCLASS combo
C-Oxidation | Chain Shortening | Decarboxylation	16	RXNCLASS combo
Dehydration | Glutathionation	16	RXNCLASS combo
C-Hydroxylation | Hydration	16	RXNCLASS combo
Conjugation | Taurination	16	RXNCLASS combo
Dehalogenation | N-Acetylcysteination	16	RXNCLASS combo
C-Hydroxylation | Dehydrogenation	16	RXNCLASS combo
Hydrolysis | N-Acetylation | N-Acylation | N-Deacylation	16	RXNCLASS combo
Isomerization | Peroxidation	16	RXNCLASS combo
C-Oxidation | Chain Shortening | Oxidative Dealkylation	16	RXNCLASS combo
Dealkylation | Demethylation	16	RXNCLASS combo
Aromatic Hydroxylation | Oxidation	15	RXNCLASS combo
C-Oxidation | Dehydrogenation | Hydrogenation | Reduction	15	RXNCLASS combo
Aromatization | Cysteination	15	RXNCLASS combo
Esterification | O-Phosphorylation | Phosphorylation	15	RXNCLASS combo
C-Oxidation | Glutathionation	15	RXNCLASS combo
Deoxygenation	15	RXNCLASS combo
Hydrogenation | Ring Opening	15	RXNCLASS combo
Hydrolysis | Oxidation | Ring Opening	15	RXNCLASS combo
Carboxylation	15	RXNCLASS combo
Cyclization | Dehydration	15	RXNCLASS combo
Cyclization | Dehalogenation	15	RXNCLASS combo
C-Oxidation | N-Dealkylation | N-Demethylation	15	RXNCLASS combo
C-Alkylation | C-Methylation	15	RXNCLASS combo
Aliphatic Hydroxylation | C-Hydroxylation | Dehalogenation	15	RXNCLASS combo
Conjugation | Protein Binding	15	RXNCLASS combo
Aliphatic Hydroxylation | C-Hydroxylation | Hydrogenation	15	RXNCLASS combo
O-Alkylation | O-Methylation | Ring Opening	15	RXNCLASS combo
N-Decarboxylation	15	RXNCLASS combo
Dehydration | Reduction	15	RXNCLASS combo
Aromatization | Dehalogenation | Glutathionation | Ring Opening	15	RXNCLASS combo
Dearomatization | Glutathionation	15	RXNCLASS combo
C-Oxidation | Tautomerization	15	RXNCLASS combo
Dealkylation | Halogenation	15	RXNCLASS combo
Reductive Desulfuration	15	RXNCLASS combo
Denitration	15	RXNCLASS combo
Cleavage | Hydrolysis	15	RXNCLASS combo
O-Dearylation | Reduction	15	RXNCLASS combo
Hydroxylation | Oxidation	14	RXNCLASS combo
Peroxidation	14	RXNCLASS combo
Amidation | Conjugation	14	RXNCLASS combo
Cleavage | N-Dealkylation	14	RXNCLASS combo
C-Hydroxylation | Oxidation	14	RXNCLASS combo
Aliphatic Hydroxylation | C-Hydroxylation | N-Dealkylation | N-Demethylation	14	RXNCLASS combo
Deamination | Oxidation	14	RXNCLASS combo
Cleavage | Hydrolysis | N-Deacylation	14	RXNCLASS combo
RNA Binding	14	RXNCLASS combo
Aromatization | Dehydration | Ring Closure	14	RXNCLASS combo
N-Dealkylation | O-Dealkylation | Ring Opening	14	RXNCLASS combo
Aromatization | Protein Binding | Ring Opening	14	RXNCLASS combo
N-Deacylation | N-Deformylation	14	RXNCLASS combo
Denitrogenation	14	RXNCLASS combo
Elimination | N-Dealkylation	14	RXNCLASS combo
C-Oxidation | Dearomatization | Dehydrogenation | Oxidation	14	RXNCLASS combo
Dearomatization | Epoxidation | Nucleophilic Addition	14	RXNCLASS combo
Aliphatic Hydroxylation | C-Oxidation | Isomerization	14	RXNCLASS combo
Aromatization | Hydrogenation | Reduction	14	RXNCLASS combo
Glutathionation | Optical Resolution | Ring Opening	14	RXNCLASS combo
Alkylation | Dehydroxylation | Methylation	14	RXNCLASS combo
Diastereomeric Resolution	14	RXNCLASS combo
Hydrolysis | O-Dealkylation | Ring Opening	14	RXNCLASS combo
Amidation | Glycination	13	RXNCLASS combo
Cyclization | Lactonization	13	RXNCLASS combo
O-Alkylation	13	RXNCLASS combo
C-Hydroxylation | C-Oxidation | Hydroxylation	13	RXNCLASS combo
Aliphatic Hydroxylation | C-Hydroxylation | Hydrogenation | Reduction	13	RXNCLASS combo
Hydrolysis | N-Dealkylation | Ring Opening	13	RXNCLASS combo
C-Oxidation | Oxidative N-Dealkylation | Ring Opening	13	RXNCLASS combo
Hydrolysis | Nucleophilic Substitution	13	RXNCLASS combo
N-Reduction | Ring Opening	13	RXNCLASS combo
Acetylation	13	RXNCLASS combo
Aromatic Hydroxylation | Aromatic Sulfuration | C-Hydroxylation	13	RXNCLASS combo
Hydrolysis | Nucleophilic Addition	13	RXNCLASS combo
Aliphatic Hydroxylation | C-Hydroxylation | Dearomatization	13	RXNCLASS combo
Covalent Binding | DNA Binding | Hydrolysis | Ring Opening	13	RXNCLASS combo
Aromatic Hydroxylation | N-Dealkylation	13	RXNCLASS combo
Desulfation	13	RXNCLASS combo
Dimerization | S-Oxidation	13	RXNCLASS combo
Aliphatic Hydroxylation | Oxidation	13	RXNCLASS combo
DNA Binding | N-Dealkylation | N-Demethylation	13	RXNCLASS combo
C-Hydroxylation | Ring Closure	13	RXNCLASS combo
Aliphatic Hydroxylation | C-Hydroxylation | C-Oxidation | Oxidation	13	RXNCLASS combo
Dehalogenation | Sulfuration	13	RXNCLASS combo
N-Deamination	13	RXNCLASS combo
Hydrolysis | Oxidative Desulfuration	13	RXNCLASS combo
N-Glucuronidation | Tautomerization	13	RXNCLASS combo
Transglucuronidation	13	RXNCLASS combo
Reduction | Tautomerization	13	RXNCLASS combo
C-Oxidation | O-Dealkylation | O-Demethylation	13	RXNCLASS combo
Aromatization | Dehalogenation | Ring Opening	13	RXNCLASS combo
Aromatization | NIH Shift | Ring Opening	13	RXNCLASS combo
Cyclization | DNA Binding	13	RXNCLASS combo
Dealkylation | N-Acetylcysteination	13	RXNCLASS combo
C-Hydroxylation | O-Dealkylation | O-Demethylation	13	RXNCLASS combo
C-Hydroxylation | O-Alkylation | O-Methylation	13	RXNCLASS combo
P-Oxidation	13	RXNCLASS combo
Thioesterification	13	RXNCLASS combo
Aromatic Hydroxylation | C-Hydroxylation | NIH Shift	13	RXNCLASS combo
O-Alkylation | O-Methylation | O-Sulfation	13	RXNCLASS combo
Deacetylation	12	RXNCLASS combo
Aromatic Hydroxylation | Hydroxylation	12	RXNCLASS combo
C-Oxidation | Hydration	12	RXNCLASS combo
Glutathionation | Isomerization	12	RXNCLASS combo
Decarboxylation | Oxidation | Reduction	12	RXNCLASS combo
Dehydration | Rearrangement	12	RXNCLASS combo
Epimerization | Hydrolysis	12	RXNCLASS combo
C-Methoxylation	12	RXNCLASS combo
Conjugation | O-Sulfation | Sulfation	12	RXNCLASS combo
S-Alkylation	12	RXNCLASS combo
Radical Formation | Reduction	12	RXNCLASS combo
Aromatization | Covalent Binding | Protein Binding | Reduction	12	RXNCLASS combo
Glycosidation | N-Glycosidation	12	RXNCLASS combo
N-Dealkylation | Optical Resolution	12	RXNCLASS combo
C-Oxidation | Dearomatization | Epoxidation	12	RXNCLASS combo
DNA Binding | Nucleophilic Addition | Ring Opening	12	RXNCLASS combo
Condensation | Ring Closure	12	RXNCLASS combo
Dehydrogenation | Reduction	12	RXNCLASS combo
S-Dealkylation | S-Methylation	12	RXNCLASS combo
Hydrolysis | S-Deacetylation | S-Deacylation	12	RXNCLASS combo
Esterification | Lipid Binding	12	RXNCLASS combo
C-Deacylation | C-Oxidation	12	RXNCLASS combo
Cyclization | Dephosphorylation	12	RXNCLASS combo
Dearomatization | Oxidative Deamination	12	RXNCLASS combo
DNA Binding | Deamination	12	RXNCLASS combo
DNA Binding | Desulfation	12	RXNCLASS combo
Decomplexation | Dehalogenation	12	RXNCLASS combo
C-Oxidation | Chain Shortening | Dehydration | Oxidative Dealkylation | Reduction	12	RXNCLASS combo
Hydrolysis | Optical Resolution | Ring Opening	12	RXNCLASS combo
Hydrolysis | O-Deacetylation | O-Deacylation | Optical Resolution	12	RXNCLASS combo
Hydrolysis | Ring Opening | S-Deacylation	12	RXNCLASS combo
N-Dealkylation | Oxidation | Oxidative Deamination	11	RXNCLASS combo
Deacylation	11	RXNCLASS combo
N-Demethylation | O-Demethylation	11	RXNCLASS combo
Aromatic Hydroxylation | C-Hydroxylation | N-Dealkylation | N-Demethylation	11	RXNCLASS combo
Acetylation | N-Acetylation | N-Acylation	11	RXNCLASS combo
Aromatic Hydroxylation | Hydrolysis	11	RXNCLASS combo
Conjugation | Esterification	11	RXNCLASS combo
Reduction | S-Reduction	11	RXNCLASS combo
C-Oxidation | Oxidative Dealkylation	11	RXNCLASS combo
O-Acetylation	11	RXNCLASS combo
Aromatization | Reduction | Ring Opening	11	RXNCLASS combo
Aromatization | Rearrangement	11	RXNCLASS combo
C-Oxidation | Optical Resolution	11	RXNCLASS combo
Nucleophilic Substitution | Tautomerization	11	RXNCLASS combo
Hydroxylation | N-Dealkylation	11	RXNCLASS combo
Deformylation	11	RXNCLASS combo
N-Dealkylation | N-Demethylation | Optical Resolution	11	RXNCLASS combo
Dehydrohalogenation | Epoxidation	11	RXNCLASS combo
Aromatization | Protein Binding | Reduction	11	RXNCLASS combo
C-Oxidation | Carboxylation	11	RXNCLASS combo
C-Oxidation | N-Dealkylation | Ring Opening	11	RXNCLASS combo
Dehydration | Isomerization	11	RXNCLASS combo
Aliphatic Hydroxylation | Aromatic Hydroxylation	11	RXNCLASS combo
Esterification | Hydrolysis	11	RXNCLASS combo
DNA Binding | Hydrolysis	11	RXNCLASS combo
Deglucosidation | Hydrolysis	11	RXNCLASS combo
Covalent Binding | DNA Binding | Protein Binding	11	RXNCLASS combo
S-Dearylation	11	RXNCLASS combo
Dehalogenation | S-Dealkylation	11	RXNCLASS combo
C-Oxidation | Dearomatization | Ring Opening	11	RXNCLASS combo
Covalent Binding | DNA Binding | N-Dehydroxylation	11	RXNCLASS combo
N-Demethoxylation	11	RXNCLASS combo
C-Hydroxylation | C-Oxidation | Epoxidation | Hydrolysis	11	RXNCLASS combo
C-Oxidation | Dehydrogenation | Isomerization	11	RXNCLASS combo
Transphosphorylation	11	RXNCLASS combo
C-Dealkylation | Sulfuration	11	RXNCLASS combo
Hydrolysis | S-Oxidation	11	RXNCLASS combo
Aliphatic Hydroxylation | C-Hydroxylation | Ring Closure	11	RXNCLASS combo
Deglucuronidation | Hydrolysis	11	RXNCLASS combo
Desulfuration | Glutathionation	11	RXNCLASS combo
Aromatic Hydroxylation | C-Hydroxylation | NIH Shift | Rearrangement	11	RXNCLASS combo
O-Deglucuronidation	11	RXNCLASS combo
Hydrolysis | N-Acetylation | Transacylation	11	RXNCLASS combo
Oxidative Dealkylation | Ring Opening	11	RXNCLASS combo
Hydrolysis | N-Acetylcysteination	11	RXNCLASS combo
Elimination | Oxidative Deamination	11	RXNCLASS combo
C-Oxidation | Chain Shortening | Dehalogenation	11	RXNCLASS combo
Aromatization | Dehydrogenation | Hydrolysis | Oxidation | Ring Opening	11	RXNCLASS combo
Dehydration | N-Formylation	11	RXNCLASS combo
Denitrogenation | Oxidative Dealkylation | Ring Opening	11	RXNCLASS combo
Cyclization | Ring Opening	10	RXNCLASS combo
C-Hydroxylation | Glutathionation | Hydrogenation	10	RXNCLASS combo
Aromatic Hydroxylation | Reduction	10	RXNCLASS combo
Glutathionation | N-Dealkylation | N-Demethylation	10	RXNCLASS combo
Dearomatization | Dehalogenation | Oxidation	10	RXNCLASS combo
Aromatic Hydroxylation | C-Hydroxylation | Dehalogenation | Glutathionation	10	RXNCLASS combo
Hydrolysis | Lactonization	10	RXNCLASS combo
N-Demethylation | Oxidation	10	RXNCLASS combo
O-Dealkylation | Reduction	10	RXNCLASS combo
Epimerization | Isomerization	10	RXNCLASS combo
Aromatization | Covalent Binding | DNA Binding | Reduction	10	RXNCLASS combo
Aliphatic Hydroxylation | Deamination	10	RXNCLASS combo
Glutamination	10	RXNCLASS combo
Dehydrogenation | Quaternization	10	RXNCLASS combo
Aliphatic Hydroxylation | N-Demethylation	10	RXNCLASS combo
C-Deglycosidation	10	RXNCLASS combo
C-Oxidation | Dehydrogenation | Ring Opening	10	RXNCLASS combo
C-Oxidation | Cleavage | Dehydroxylation	10	RXNCLASS combo
Deamination | Dehydrogenation	10	RXNCLASS combo
Aromatization | O-Glucuronidation	10	RXNCLASS combo
N-Dealkylation | N-Demethylation | Ring Opening	10	RXNCLASS combo
DNA Binding | Isomerization	10	RXNCLASS combo
Aliphatic Hydroxylation | C-Hydroxylation | N-Oxidation	10	RXNCLASS combo
Dealkylation | Dehalogenation	10	RXNCLASS combo
S-Oxidation | Tautomerization	10	RXNCLASS combo
Cyclization | Dehydration | Lactonization | Ring Closure	10	RXNCLASS combo
Hydroxylation | N-Dealkylation | Tautomerization	10	RXNCLASS combo
Hydrolysis | Rearrangement	10	RXNCLASS combo
Dehalogenation | Reduction	10	RXNCLASS combo
C-Oxidation | Epoxidation	10	RXNCLASS combo
Esterification | Phosphorylation	10	RXNCLASS combo
Aromatization | DNA Binding | Reduction	10	RXNCLASS combo
C-Hydroxylation | Dehalogenation	10	RXNCLASS combo
O-Conjugation | O-Glucuronidation	10	RXNCLASS combo
Conjugation | Dehalogenation | Glutathionation	10	RXNCLASS combo
Nucleophilic Addition | Sulfuration	10	RXNCLASS combo
Complexation	10	RXNCLASS combo
Isomerization | N-Dealkylation	10	RXNCLASS combo
Aliphatic Hydroxylation | C-Hydroxylation | C-Oxidation | Isomerization	10	RXNCLASS combo
Aliphatic Hydroxylation | C-Hydroxylation | C-Oxidation | Hydration | Isomerization | Ring Closure	10	RXNCLASS combo
Aromatic Sulfonation | Methiolation | S-Oxidation | Sulfonation	10	RXNCLASS combo
Sulfuration | Thiolation	10	RXNCLASS combo
C-Oxidation | Decyanidation	10	RXNCLASS combo
Cysteination | Ring Opening	10	RXNCLASS combo
C-Oxidation | Chain Shortening | Dehydroxylation	10	RXNCLASS combo
Alkylation	10	RXNCLASS combo
Se-Oxidation	10	RXNCLASS combo
Hydrolysis | N-Reduction	10	RXNCLASS combo
Dehalogenation | Glutathionation | Optical Resolution	10	RXNCLASS combo
N-Acylation | N-Reduction	10	RXNCLASS combo
Aromatization | Dealkylation | Demethylation	10	RXNCLASS combo
Deglucosidation	10	RXNCLASS combo
Deamidation | Hydrolysis | O-Dearylation	10	RXNCLASS combo
C-Oxidation | Dearomatization | Hydrolysis | O-Deacylation	10	RXNCLASS combo
C-Oxidation | Demethoxylation	10	RXNCLASS combo
Hydroxylation | N-Demethylation	9	RXNCLASS combo
Aliphatic Hydroxylation | C-Hydroxylation | N-Demethylation	9	RXNCLASS combo
Aromatization | Hydrolysis	9	RXNCLASS combo
Decarbonylation	9	RXNCLASS combo
DNA Binding | Protein Binding	9	RXNCLASS combo
Acyl Migration | Isomerization | Transglucuronidation	9	RXNCLASS combo
Aromatization | Quaternization	9	RXNCLASS combo
Decarboxylation | N-Dealkylation | Oxidation	9	RXNCLASS combo
Condensation | Formylation	9	RXNCLASS combo
Epimerization | Hydrogenation | Reduction	9	RXNCLASS combo
Aromatization | C-Dealkylation | C-Demethylation | Reduction	9	RXNCLASS combo
C-Hydroxylation | N-Dealkylation | N-Demethylation	9	RXNCLASS combo
N-Dealkylation | Reduction	9	RXNCLASS combo
N-Methylation | Quaternization	9	RXNCLASS combo
N-Acetylation | N-Reduction	9	RXNCLASS combo
Aliphatic Hydroxylation | C-Hydroxylation | Deamination	9	RXNCLASS combo
N-Dealkylation | N-Demethylation | O-Dealkylation | O-Demethylation	9	RXNCLASS combo
Conjugation | Ring Opening	9	RXNCLASS combo
Conjugation | N-Acylation	9	RXNCLASS combo
Aromatic Hydroxylation | C-Hydroxylation | Tautomerization	9	RXNCLASS combo
Covalent Binding | DNA Binding | Nucleic Acid Binding	9	RXNCLASS combo
Dehydrogenation | Radical Formation	9	RXNCLASS combo
Covalent Binding | Protein Binding | Ring Opening	9	RXNCLASS combo
Aromatization | C-Oxidation | Dehydrogenation	9	RXNCLASS combo
Aromatic Hydroxylation | Aromatic Sulfuration | C-Hydroxylation | Dehalogenation	9	RXNCLASS combo
Dearomatization | Epoxidation | Ring Closure	9	RXNCLASS combo
Hydrolysis | O-Dealkylation | O-Demethylation | Ring Opening	9	RXNCLASS combo
Glutathionation | O-Dealkylation | O-Demethylation	9	RXNCLASS combo
Aliphatic Hydroxylation | Dehydrogenation | Hydrolysis	9	RXNCLASS combo
Aromatic Hydroxylation | C-Hydroxylation | N-Dealkylation	9	RXNCLASS combo
Epimerization | Reduction	9	RXNCLASS combo
Dearylation	9	RXNCLASS combo
Aliphatic Hydroxylation | C-Hydroxylation | Dehydrogenation	9	RXNCLASS combo
S-Dealkylation | S-Reduction	9	RXNCLASS combo
Dehalogenation | Ring Closure	9	RXNCLASS combo
Desulfation | Glutathionation	9	RXNCLASS combo
Aromatization | Decarboxylation	9	RXNCLASS combo
Covalent Binding | DNA Binding | N-Alkylation	9	RXNCLASS combo
S-Dealkylation | S-Methylation | S-Oxidation	9	RXNCLASS combo
Aliphatic Hydroxylation | C-Hydroxylation | Reduction	9	RXNCLASS combo
Ring Opening | Tautomerization	9	RXNCLASS combo
Glutathionation | Nucleophilic Addition | Ring Opening	9	RXNCLASS combo
Aromatization | Dehydroxylation	9	RXNCLASS combo
Methiolation | S-Oxidation | Sulfonation	9	RXNCLASS combo
C-Carboxylation	9	RXNCLASS combo
N-Denitrosylation	9	RXNCLASS combo
C-Oxidation | Dehydration	9	RXNCLASS combo
DNA Binding | Demethoxylation | Ring Opening	9	RXNCLASS combo
C-Oxidation | Rearrangement	9	RXNCLASS combo
Aromatization | Radical Formation | Reduction	9	RXNCLASS combo
Aliphatic Hydroxylation | Aromatization | C-Hydroxylation | Reduction	9	RXNCLASS combo
Ring Opening | S-Alkylation | S-Methylation	9	RXNCLASS combo
Adduct Formation | Ring Closure	9	RXNCLASS combo
Esterification | O-Glucuronidation	9	RXNCLASS combo
Carbamoylation | N-Carboxylation	9	RXNCLASS combo
Deformylation | Hydrolysis	9	RXNCLASS combo
Aromatic Dehydroxylation | Cleavage	9	RXNCLASS combo
Transcomplexation	9	RXNCLASS combo
Rearrangement | Ring Contraction	8	RXNCLASS combo
N-Dealkylation | O-Dealkylation	8	RXNCLASS combo
Elimination | Radical Formation	8	RXNCLASS combo
Glucuronidation | Tautomerization	8	RXNCLASS combo
Dehydration | Dehydrogenation	8	RXNCLASS combo
N-Sulfation | Sulfation	8	RXNCLASS combo
Quaternization	8	RXNCLASS combo
Desulfuration | Hydrolysis | Oxidative Desulfuration	8	RXNCLASS combo
Hydrolysis | Inversion	8	RXNCLASS combo
N-Acetylation | N-Demethylation	8	RXNCLASS combo
Adduct Formation	8	RXNCLASS combo
Transamination	8	RXNCLASS combo
Aromatic Hydroxylation | C-Hydroxylation | Dehydrogenation	8	RXNCLASS combo
Conjugation | Dehalogenation	8	RXNCLASS combo
Dehydration | Glutathionation | Ring Opening	8	RXNCLASS combo
C-Oxidation | Hydrogenation | Isomerization	8	RXNCLASS combo
Cyclization | Deamination	8	RXNCLASS combo
Dehydrogenation | S-Dealkylation	8	RXNCLASS combo
Aliphatic Hydroxylation | C-Hydroxylation | Hydrolysis	8	RXNCLASS combo
DNA Binding | Nucleophilic Addition	8	RXNCLASS combo
C-Hydroxylation | Dearomatization | Epoxidation | Hydrolysis	8	RXNCLASS combo
Aromatic Hydroxylation | C-Hydroxylation | Reduction	8	RXNCLASS combo
N-Dealkylation | N-Oxidation	8	RXNCLASS combo
Oxidation | S-Oxidation	8	RXNCLASS combo
Isomerization | N-Dealkylation | N-Demethylation	8	RXNCLASS combo
O-Glucosidation | O-Glycosidation	8	RXNCLASS combo
Glutathionation | Hydrogenation	8	RXNCLASS combo
Aliphatic Hydroxylation | Aromatization | C-Hydroxylation | Dehydrogenation | Hydrolysis	8	RXNCLASS combo
C-Oxidation | Denitrogenation	8	RXNCLASS combo
Dehydration | Hydrolysis | Ring Opening	8	RXNCLASS combo
C-Decarboxylation | C-Oxidation | Decarboxylation	8	RXNCLASS combo
Deglycosidation | Hydrolysis | Inversion	8	RXNCLASS combo
C-Hydroxylation | Epoxidation | Nucleophilic Addition	8	RXNCLASS combo
Aromatic Hydroxylation | C-Hydroxylation | N-Reduction	8	RXNCLASS combo
C-Oxidation | Cyclization | Ring Closure	8	RXNCLASS combo
Aliphatic Hydroxylation | C-Hydroxylation | Tautomerization	8	RXNCLASS combo
Esterification | O-Acetylation | O-Acylation	8	RXNCLASS combo
Cleavage | N-Dealkylation | Ring Opening	8	RXNCLASS combo
Denitrogenation | N-Reduction	8	RXNCLASS combo
Ring Closure | Tautomerization	8	RXNCLASS combo
C-Dealkylation | Cleavage	8	RXNCLASS combo
C-Hydroxylation | Hydrolysis | Ring Opening	8	RXNCLASS combo
Epoxidation | Hydration	8	RXNCLASS combo
Decyanidation | Hydrolysis	8	RXNCLASS combo
C-Deacylation	8	RXNCLASS combo
Dimerization | Reduction	8	RXNCLASS combo
Aliphatic Hydroxylation | C-Hydroxylation | Dehydroxylation | Isomerization	8	RXNCLASS combo
Aromatization | Elimination	8	RXNCLASS combo
Hydrogenation | N-Reduction	8	RXNCLASS combo
S-Dearylation | S-Oxidation	8	RXNCLASS combo
Methylation | Reduction	8	RXNCLASS combo
Diastereomeric Resolution | Optical Resolution	8	RXNCLASS combo
Dehalogenation | Epoxidation	8	RXNCLASS combo
Desulfuration | Protein Binding	8	RXNCLASS combo
Aromatization | Elimination | Reduction	8	RXNCLASS combo
Aromatic Hydroxylation | C-Hydroxylation | Rearrangement	8	RXNCLASS combo
Azo Cleavage	8	RXNCLASS combo
N-Acetylcysteination | Reduction	8	RXNCLASS combo
Hydrolysis | O-Deacylation | O-Dealkylation	8	RXNCLASS combo
Denitration | N-Reduction	8	RXNCLASS combo
Enantiomerization | Hydrolysis	8	RXNCLASS combo
Oxidative Decarboxylation	8	RXNCLASS combo
C-Hydroxylation | Hydrolysis | Tautomerization	8	RXNCLASS combo
Hydrolysis | Oxidative Deamination | Reduction	8	RXNCLASS combo
C-Dearylation | Dimerization	8	RXNCLASS combo
DNA Binding | Optical Resolution	8	RXNCLASS combo
Hydrogenation | O-Dealkylation | O-Demethylation | Ring Opening	8	RXNCLASS combo
Hydrolysis | Isomerization | Optical Resolution	8	RXNCLASS combo
Dehydration | Ring Closure | Tautomerization	8	RXNCLASS combo
Cleavage | Deamidation | Hydrolysis	8	RXNCLASS combo
Reduction | Transcomplexation	8	RXNCLASS combo
Dearomatization | Hydroxylation | Reduction	7	RXNCLASS combo
Deacylation | Hydrolysis	7	RXNCLASS combo
C-Hydroxylation | Hydrolysis	7	RXNCLASS combo
C-Oxidation | Epoxidation | Ring Closure	7	RXNCLASS combo
Methiolation	7	RXNCLASS combo
Glucuronidation | N-Glucuronidation | Quaternization	7	RXNCLASS combo
Aromatic Sulfuration	7	RXNCLASS combo
Decarboxylation | Hydrolysis | Oxidation	7	RXNCLASS combo
Enantiomerization	7	RXNCLASS combo
C-Hydroxylation | N-Dealkylation	7	RXNCLASS combo
Hydrolysis | N-Deacylation | Ring Opening	7	RXNCLASS combo
C-Hydroxylation | C-Oxidation | Reduction	7	RXNCLASS combo
Dealkylation | Oxidation	7	RXNCLASS combo
Transacetylation	7	RXNCLASS combo
Oxidation | Tautomerization	7	RXNCLASS combo
Oxidation | Radical Formation	7	RXNCLASS combo
CoA Binding	7	RXNCLASS combo
O-Dealkylation | O-Demethylation | Reduction	7	RXNCLASS combo
Aliphatic Hydroxylation | C-Hydroxylation | O-Dealkylation | O-Demethylation	7	RXNCLASS combo
Conjugation | Polyglutamation	7	RXNCLASS combo
Aromatic Cysteination	7	RXNCLASS combo
Conjugation | N-Acetylation	7	RXNCLASS combo
Rearrangement | Ring Closure	7	RXNCLASS combo
Hydrolysis | Reduction | Ring Opening	7	RXNCLASS combo
Hydrogenation | N-Reduction | Reduction	7	RXNCLASS combo
C-Hydroxylation | C-Oxidation | Ring Opening	7	RXNCLASS combo
C-Oxidation | Dehalogenation | Oxidation	7	RXNCLASS combo
Hydrolysis | N-Demethylation	7	RXNCLASS combo
Esterification | Glucuronidation | O-Glucuronidation	7	RXNCLASS combo
Aromatization | Glutathionation | Hydrogenation | Reduction	7	RXNCLASS combo
C-Hydroxylation | Dearomatization | Epoxidation | Hydration	7	RXNCLASS combo
N-Alkylation | N-Methylation | Quaternization	7	RXNCLASS combo
N-Dealkylation | Oxidation | Ring Closure	7	RXNCLASS combo
O-Dealkylation | Oxidation	7	RXNCLASS combo
Ring Closure | Ring Opening	7	RXNCLASS combo
Dehalogenation | Glutathionation | Ring Opening	7	RXNCLASS combo
Deamidation	7	RXNCLASS combo
Aromatic Hydroxylation | N-Acetylation	7	RXNCLASS combo
Esterification | O-Alkylation	7	RXNCLASS combo
C-Oxidation | Lactonization | Ring Closure	7	RXNCLASS combo
C-Oxidation | N-Oxidation	7	RXNCLASS combo
C-Oxidation | O-Alkylation | O-Methylation	7	RXNCLASS combo
Aromatization | DNA Binding	7	RXNCLASS combo
Decarboxylation | Oxidative Deamination	7	RXNCLASS combo
Amidation | Hydrolysis	7	RXNCLASS combo
Aromatic Methoxylation | C-Methoxylation	7	RXNCLASS combo
Deamination | Nucleic Acid Binding	7	RXNCLASS combo
Nucleophilic Substitution | Oxidative Desulfuration	7	RXNCLASS combo
Nucleophilic Substitution | Ring Opening	7	RXNCLASS combo
Denitration | Glutathionation	7	RXNCLASS combo
Aromatization | Cysteination | Reduction	7	RXNCLASS combo
Aromatization | C-Dealkylation | Reduction	7	RXNCLASS combo
Hydrogenation | Hydrolysis | Ring Opening	7	RXNCLASS combo
Cyclization | Isomerization	7	RXNCLASS combo
Aliphatic Hydroxylation | C-Hydroxylation | C-Oxidation | Decarboxylation | Oxidation	7	RXNCLASS combo
Decarboxylation | Dehydrogenation	7	RXNCLASS combo
Oxidative Desulfuration | P-Desulfuration | P-Oxidation	7	RXNCLASS combo
Dehydrogenation | Hydrolysis | Ring Opening	7	RXNCLASS combo
Glutathionation | Hydrolysis | Ring Opening	7	RXNCLASS combo
Cyclization | Rearrangement | Ring Opening	7	RXNCLASS combo
Protein Binding | Ring Closure	7	RXNCLASS combo
C-Hydroxylation | Rearrangement	7	RXNCLASS combo
Chain Elongation | Condensation	7	RXNCLASS combo
Covalent Binding | DNA Binding | Ring Closure	7	RXNCLASS combo
Dearomatization | Hydrogenation | Reduction	7	RXNCLASS combo
Protein Binding | Sulfuration	7	RXNCLASS combo
Aromatization | Dehydrogenation | Oxidation | Quaternization	7	RXNCLASS combo
Aromatization | DNA Binding | Ring Opening	7	RXNCLASS combo
Aliphatic Hydroxylation | C-Hydroxylation | Epimerization	7	RXNCLASS combo
Chain Shortening | Hydrogenation	7	RXNCLASS combo
Epoxidation | Rearrangement	7	RXNCLASS combo
Aromatization | NIH Shift | Reduction	7	RXNCLASS combo
C-Oxidation | Esterification	7	RXNCLASS combo
Dehydrogenation | Ring Closure	7	RXNCLASS combo
Deglucuronidation | Hydrolysis | O-Deglucuronidation	7	RXNCLASS combo
Cysteination | Ring Closure	7	RXNCLASS combo
Glutathionation | Glycosidation	7	RXNCLASS combo
Inversion | Isomerization	7	RXNCLASS combo
Condensation | Dephosphorylation	7	RXNCLASS combo
Oxidative Deamination | Ring Closure	7	RXNCLASS combo
C-Hydroxylation | N-Oxidation	7	RXNCLASS combo
Elimination | Hydrolysis	7	RXNCLASS combo
Dehydroxylation | Isomerization	7	RXNCLASS combo
Aromatization | Hydrolysis | NIH Shift | Rearrangement	7	RXNCLASS combo
O-Alkylation | O-Glucuronidation | O-Methylation	7	RXNCLASS combo
O-Dealkylation | O-Demethylation | Tautomerization	7	RXNCLASS combo
Aromatization | Glutathionation | Isomerization	7	RXNCLASS combo
Desulfuration | Reductive Desulfuration	7	RXNCLASS combo
Chain Shortening | Cleavage | Hydrolysis	7	RXNCLASS combo
C-Hydroxylation | Epimerization | Inversion	7	RXNCLASS combo
Condensation | Decarboxylation	7	RXNCLASS combo
Aromatization | Dehalogenation	7	RXNCLASS combo
N-Reduction | Rearrangement | Ring Opening	7	RXNCLASS combo
N-Dealkylation | N-Demethylation | Oxidation	6	RXNCLASS combo
N-Dealkylation | N-Hydroxylation	6	RXNCLASS combo
N-Dealkylation | N-Dearylation	6	RXNCLASS combo
C-Oxidation | Ring Contraction	6	RXNCLASS combo
Aliphatic Hydroxylation | Dehalogenation	6	RXNCLASS combo
Glutathionation | Transacylation	6	RXNCLASS combo
Lactosidation	6	RXNCLASS combo
Azo Cleavage | Hydrogenation	6	RXNCLASS combo
N-Glucosidation	6	RXNCLASS combo
Dealkynylation	6	RXNCLASS combo
Glutathionation | Transesterification	6	RXNCLASS combo
Hydrolysis | N-Dealkylation | Oxidation	6	RXNCLASS combo
Hydrolysis | N-Deacylation | N-Decarboxylation	6	RXNCLASS combo
Condensation | Hydrolysis	6	RXNCLASS combo
O-Dealkylation | O-Demethylation | Optical Resolution	6	RXNCLASS combo
O-Demethylation | Oxidation	6	RXNCLASS combo
Condensation | Dimerization	6	RXNCLASS combo
Dehydrogenation | N-Dealkylation	6	RXNCLASS combo
Acetylcysteination | Aromatization	6	RXNCLASS combo
Dehydroxylation | O-Dealkylation | O-Demethylation	6	RXNCLASS combo
Aromatic Hydroxylation | C-Hydroxylation | Sulfuration	6	RXNCLASS combo
C-Hydroxylation | Dearomatization | Glutathionation	6	RXNCLASS combo
Aromatic Hydroxylation | O-Dealkylation	6	RXNCLASS combo
Reduction | Ring Closure	6	RXNCLASS combo
N-Dealkylation | N-Demethylation | Ring Closure	6	RXNCLASS combo
Dehydrogenation | O-Dealkylation	6	RXNCLASS combo
Aromatic Hydroxylation | Tautomerization	6	RXNCLASS combo
Aromatic Hydroxylation | C-Hydroxylation | C-Oxidation | Dearomatization | Tautomerization	6	RXNCLASS combo
Aromatic Hydroxylation | C-Hydroxylation | N-Demethylation	6	RXNCLASS combo
Aromatic Hydroxylation | O-Demethylation	6	RXNCLASS combo
Covalent Binding | RNA Binding	6	RXNCLASS combo
S-Methylation | Tautomerization	6	RXNCLASS combo
C-Hydroxylation | C-Oxidation | Lactonization	6	RXNCLASS combo
Hydrogenation | Isomerization | Reduction	6	RXNCLASS combo
Dehydration | Dimerization	6	RXNCLASS combo
Cyclization | Dehydrogenation	6	RXNCLASS combo
Cleavage | Hydrolysis | Ring Opening	6	RXNCLASS combo
C-Hydroxylation | Deamination	6	RXNCLASS combo
Dearomatization | Tautomerization	6	RXNCLASS combo
Cleavage | Dehalogenation	6	RXNCLASS combo
Dehydroxylation | Glutathionation	6	RXNCLASS combo
N-Hydroxylation | O-Acetylation | O-Acylation	6	RXNCLASS combo
Covalent Binding | DNA Binding | Nucleophilic Addition	6	RXNCLASS combo
N-Dehydroxylation | N-Reduction | Reduction	6	RXNCLASS combo
C-Oxidation | Hydrogenation | Oxidation | Reduction	6	RXNCLASS combo
Aromatization | Isomerization	6	RXNCLASS combo
C-Oxidation | Elimination | Ring Opening	6	RXNCLASS combo
C-Oxidation | Dehydroxylation | Ring Opening	6	RXNCLASS combo
N-Dealkylation | S-Oxidation	6	RXNCLASS combo
Hydration | Rearrangement	6	RXNCLASS combo
Acetylcysteination | Dehalogenation	6	RXNCLASS combo
Aromatization | N-Acetylcysteination | Reduction	6	RXNCLASS combo
Cyclization | Elimination	6	RXNCLASS combo
Hydrolysis | N-Deglycosidation	6	RXNCLASS combo
Dehydroxylation | Hydrogenation | Reduction	6	RXNCLASS combo
C-Oxidation | Epimerization	6	RXNCLASS combo
Isomerization | N-Glucuronidation | Tautomerization	6	RXNCLASS combo
DNA Binding | Ring Closure	6	RXNCLASS combo
C-Oxidation | Dehydration | Hydrolysis	6	RXNCLASS combo
Deglutathionation | S-Alkylation | S-Methylation	6	RXNCLASS combo
Hydrolysis | N-Acetylation | N-Acylation | Optical Resolution	6	RXNCLASS combo
Covalent Binding | DNA Binding | N-Dealkylation	6	RXNCLASS combo
Protein Binding | Reduction	6	RXNCLASS combo
DNA Binding | N-Reduction	6	RXNCLASS combo
C-Hydroxylation | C-Oxidation | Dehydrogenation	6	RXNCLASS combo
C-Hydroxylation | Dehydroxylation | Isomerization	6	RXNCLASS combo
C-Hydroxylation | Isomerization | Reduction | Ring Closure	6	RXNCLASS combo
Aliphatic Hydroxylation | C-Hydroxylation | C-Oxidation | Isomerization | Ring Closure	6	RXNCLASS combo
Adduct Formation | Aromatization	6	RXNCLASS combo
Lipid Binding | N-Acylation | Phosphorylation	6	RXNCLASS combo
Carbamoylation	6	RXNCLASS combo
C-Oxidation | N-Demethylation	6	RXNCLASS combo
Epoxidation | Isomerization | Rearrangement	6	RXNCLASS combo
Hydrolysis | N-Deacylation | N-Dealkylation	6	RXNCLASS combo
C-Oxidation | Dearomatization | Tautomerization	6	RXNCLASS combo
Aromatization | Dehydration | Methiolation | Nucleophilic Addition | Nucleophilic Substitution | Ring Opening | S-Oxidation | Sulfonation | Thiolation	6	RXNCLASS combo
Phosphorylation | Ring Opening	6	RXNCLASS combo
Cyclization | Dehydrogenation | Ring Closure	6	RXNCLASS combo
Aromatic Methiolation | Dehalogenation	6	RXNCLASS combo
C-Oxidation | Dealkylation	6	RXNCLASS combo
Deoxygenation | Ring Contraction	6	RXNCLASS combo
Aromatic Hydroxylation | C-Hydroxylation | Hydrolysis | Ring Opening	6	RXNCLASS combo
Methiolation | Nucleophilic Addition	6	RXNCLASS combo
Aliphatic Hydroxylation | C-Hydroxylation | C-Oxidation | Ring Opening	6	RXNCLASS combo
Chain Shortening | Esterification | Oxidative Dealkylation	6	RXNCLASS combo
Aliphatic Hydroxylation | C-Hydroxylation | O-Dealkylation | Ring Opening	6	RXNCLASS combo
Alkylation | Deglutathionation | Methylation	6	RXNCLASS combo
Aromatization | Nucleic Acid Binding | Ring Opening	6	RXNCLASS combo
Dehydration | Ring Opening	6	RXNCLASS combo
Lactamization | Ring Closure	6	RXNCLASS combo
C-Oxidation | Chain Shortening | Cleavage	6	RXNCLASS combo
Optical Resolution | Oxidative Dealkylation	6	RXNCLASS combo
Oxidation | Oxygenation	6	RXNCLASS combo
Protein Binding | S-Deacylation	6	RXNCLASS combo
S-Dealkylation | Tautomerization	6	RXNCLASS combo
Dehydroxylation | Ring Opening	6	RXNCLASS combo
Glutathionation | Optical Resolution	6	RXNCLASS combo
C-Hydroxylation | Cyclization	6	RXNCLASS combo
Oxidative Desulfuration | P-Desulfuration	6	RXNCLASS combo
Desulfation | Protein Binding	6	RXNCLASS combo
Hydrolysis | Oxidative Dealkylation	6	RXNCLASS combo
Aromatization | Dehydrohalogenation	6	RXNCLASS combo
Dearomatization | Ring Opening	6	RXNCLASS combo
Aromatic Dehydroxylation | Decarboxylation | Ring Opening	6	RXNCLASS combo
C-Oxidation | Decyanidation | Hydrolysis	6	RXNCLASS combo
N-Decarbamoylation	6	RXNCLASS combo
Allylic Oxidation	6	RXNCLASS combo
O-Dealkylation | O-Demethylation | Ring Closure	6	RXNCLASS combo
Desulfation | Halogenation	6	RXNCLASS combo
Dearomatization | Isomerization | Oxidation	6	RXNCLASS combo
Amination | Lysination	6	RXNCLASS combo
Cyclization | N-Dealkylation | Ring Closure | Tautomerization	6	RXNCLASS combo
Adduct Formation | Cyclization | Glutathionation	6	RXNCLASS combo
Dehalogenation | Reductive Dehalogenation	5	RXNCLASS combo
Dehalogenation | Glutathionation | Inversion	5	RXNCLASS combo
C-Hydroxylation | Hydration | Hydrolysis | Nucleophilic Addition | Ring Opening	5	RXNCLASS combo
C-Hydroxylation | Epoxidation | Hydrogenation | Nucleophilic Addition	5	RXNCLASS combo
C-Hydroxylation | Dearomatization | Glutathionation | Hydrogenation	5	RXNCLASS combo
Aromatization | Covalent Binding | Protein Binding	5	RXNCLASS combo
Desulfuration | Oxidation	5	RXNCLASS combo
Isomerization | N-Acetylcysteination	5	RXNCLASS combo
C-Oxidation | Dehydrogenation | Isomerization | Oxidation	5	RXNCLASS combo
Deglucuronidation | Glutathionation | Transacylation	5	RXNCLASS combo
N-Demethylation | S-Oxidation	5	RXNCLASS combo
Aromatization | Dehydration | Dehydrogenation	5	RXNCLASS combo
Dehydrogenation | Hydrolysis | Oxidation	5	RXNCLASS combo
Dealkylation | Hydroxylation	5	RXNCLASS combo
Azo Coupling	5	RXNCLASS combo
Acetylation | N-Acetylation	5	RXNCLASS combo
Epimerization | Inversion | Isomerization	5	RXNCLASS combo
C-Demethylation	5	RXNCLASS combo
Aromatization | Dehydrogenation | Reduction	5	RXNCLASS combo
Hydrogenation | Isomerization	5	RXNCLASS combo
Cleavage | Oxidation	5	RXNCLASS combo
Hydration | Isomerization	5	RXNCLASS combo
Esterification | Hydrolysis | Transesterification	5	RXNCLASS combo
N-Acetylation | N-Deacylation	5	RXNCLASS combo
Hydrogenation | Oxidation | Reduction	5	RXNCLASS combo
Aromatization | Dehydration | Glutathionation | Ring Opening	5	RXNCLASS combo
Conjugation | Hydrolysis	5	RXNCLASS combo
Dealkoxylation	5	RXNCLASS combo
Dehydrogenation | O-Dealkylation | O-Demethylation	5	RXNCLASS combo
Aromatic Methoxylation | C-Alkoxylation | C-Methoxylation	5	RXNCLASS combo
S-Cysteination | Thioalkylation	5	RXNCLASS combo
Aromatization | Dimerization	5	RXNCLASS combo
Aromatization | S-Alkylation | S-Methylation	5	RXNCLASS combo
Amination | Glycosidation	5	RXNCLASS combo
O-Dealkylation | Tautomerization	5	RXNCLASS combo
Epoxidation | Hydrolysis | Ring Closure	5	RXNCLASS combo
C-Oxidation | N-Dealkylation | Oxidative N-Dealkylation | Ring Opening	5	RXNCLASS combo
Dehydrogenation | Hydroxylation	5	RXNCLASS combo
Hydration | Nucleophilic Addition | Ring Opening	5	RXNCLASS combo
Covalent Binding | DNA Binding | Nucleophilic Addition | Protein Binding | Ring Opening	5	RXNCLASS combo
Conjugation | Sulfation	5	RXNCLASS combo
C-Decarboxylation | C-Oxidation | Decarboxylation | Oxidation	5	RXNCLASS combo
Deamination | Oxidation | Oxidative Deamination	5	RXNCLASS combo
Aliphatic Hydroxylation | Hydrolysis | Lactonization	5	RXNCLASS combo
Hydrolysis | O-Demethylation	5	RXNCLASS combo
DNA Binding | Nucleophilic Substitution	5	RXNCLASS combo
Aromatic Hydroxylation | C-Hydroxylation | C-Oxidation | Tautomerization	5	RXNCLASS combo
C-Amination | DNA Binding	5	RXNCLASS combo
Aliphatic Hydroxylation | C-Hydroxylation | Hydration	5	RXNCLASS combo
Dehydration | Lactamization | Ring Closure	5	RXNCLASS combo
N-Glucosidation | N-Glycosidation	5	RXNCLASS combo
Aromatic Hydroxylation | C-Hydroxylation | N-Oxidation	5	RXNCLASS combo
Conjugation | Glucuronidation | N-Glucuronidation	5	RXNCLASS combo
Aliphatic Hydroxylation | Hydroxylation	5	RXNCLASS combo
N-Dealkylation | N-Demethylation | Tautomerization	5	RXNCLASS combo
Aliphatic Hydroxylation | Aromatic Hydroxylation | N-Dealkylation	5	RXNCLASS combo
Conjugation | O-Phosphorylation | Phosphorylation	5	RXNCLASS combo
Optical Resolution | Ring Opening	5	RXNCLASS combo
Hydrolysis | Hydroxylation	5	RXNCLASS combo
Oxidative Dealkylation | S-Dealkylation | S-Oxidation	5	RXNCLASS combo
N-Oxidation | Oxygenation	5	RXNCLASS combo
Aliphatic Hydroxylation | Reduction	5	RXNCLASS combo
Oxidation | Rearrangement	5	RXNCLASS combo
Dehydrogenation | Ring Opening	5	RXNCLASS combo
Decarboxylation | Oxidation | Ring Opening	5	RXNCLASS combo
Deacetylation | Hydrolysis | O-Deacetylation | O-Deacylation	5	RXNCLASS combo
C-Oxidation | O-Demethylation	5	RXNCLASS combo
Aromatization | C-Hydroxylation | Reduction	5	RXNCLASS combo
C-Oxidation | Isomerization | Ring Opening	5	RXNCLASS combo
Isomerization | O-Dealkylation | O-Demethylation	5	RXNCLASS combo
Aromatic Hydroxylation | C-Hydroxylation | Hydrolysis	5	RXNCLASS combo
Halogenation | Ring Opening	5	RXNCLASS combo
C-Oxidation | Dehalogenation | Ring Opening	5	RXNCLASS combo
Deglutathionation | Hydrolysis	5	RXNCLASS combo
N-Dealkylation | Tautomerization	5	RXNCLASS combo
Covalent Binding | DNA Binding | N-Deacetylation | N-Deacylation	5	RXNCLASS combo
C-Oxidation | N-Reduction	5	RXNCLASS combo
C-Oxidation | Lactonization	5	RXNCLASS combo
Aromatization | Hydrolysis | Ring Opening	5	RXNCLASS combo
Covalent Binding | DNA Binding | Dehalogenation	5	RXNCLASS combo
S-Deacetylation | S-Deacylation	5	RXNCLASS combo
S-Methylation | S-Oxidation	5	RXNCLASS combo
Aliphatic Hydroxylation | C-Hydroxylation | S-Oxidation	5	RXNCLASS combo
Aromatic Dehydroxylation | Dehydroxylation | Reduction	5	RXNCLASS combo
Cleavage | Ring Closure	5	RXNCLASS combo
Aliphatic Hydroxylation | Cyclization | Hydrolysis	5	RXNCLASS combo
C-Decarboxylation | Oxidative Deamination	5	RXNCLASS combo
Dehalogenation | Hydration	5	RXNCLASS combo
Deglycosidation | O-Deglycosidation	5	RXNCLASS combo
Rearrangement | Ring Closure | Ring Opening	5	RXNCLASS combo
Aromatization | Dehydrogenation | Ring Opening	5	RXNCLASS combo
Aromatic Hydroxylation | C-Hydroxylation | N-Acetylation	5	RXNCLASS combo
N-Deglucosidation	5	RXNCLASS combo
C-Oxidation | Dearomatization | N-Reduction	5	RXNCLASS combo
N-Acetylcysteination | Nucleophilic Addition	5	RXNCLASS combo
DNA Binding | Deamination | O-Alkylation	5	RXNCLASS combo
Aromatization | NIH Shift | Rearrangement | Ring Opening	5	RXNCLASS combo
C-Hydroxylation | C-Oxidation | Epoxidation	5	RXNCLASS combo
DNA Binding | N-Dehydroxylation	5	RXNCLASS combo
Glutathionation | Ring Closure	5	RXNCLASS combo
Dealkenylation	5	RXNCLASS combo
C-Oxidation | Condensation	5	RXNCLASS combo
C-Hydroxylation | N-Acetylcysteination	5	RXNCLASS combo
Dehalogenation | Nucleophilic Substitution	5	RXNCLASS combo
Aromatic Hydroxylation | C-Hydroxylation | C-Oxidation | Rearrangement	5	RXNCLASS combo
Aromatic Hydroxylation | C-Hydroxylation | Dearomatization | Hydrolysis | N-Deacylation | N-Dealkylation | Oxidation	5	RXNCLASS combo
Aromatization | Nucleophilic Addition	5	RXNCLASS combo
Aromatization | Dehydrogenation | Rearrangement	5	RXNCLASS combo
C-Oxidation | Hydrogenation | Ring Opening	5	RXNCLASS combo
C-Oxidation | Hydrolysis | O-Dealkylation	5	RXNCLASS combo
C-Oxidation | Rearrangement | Ring Opening	5	RXNCLASS combo
C-Hydroxylation | C-Oxidation | Sulfation	5	RXNCLASS combo
Dehalogenation | Nucleophilic Substitution | Reduction	5	RXNCLASS combo
Alkylation | Methylation | Se-Alkylation | Se-Methylation	5	RXNCLASS combo
Covalent Binding | S-Oxidation	5	RXNCLASS combo
Amidation | N-Acylation	5	RXNCLASS combo
Decarbonylation | Ring Opening	5	RXNCLASS combo
Dehydration | Hydrogenation | Reduction	5	RXNCLASS combo
O-Dealkylation | O-Demethylation | S-Reduction	5	RXNCLASS combo
Isomerization | N-Glucuronidation	5	RXNCLASS combo
C-Oxidation | Ring Closure | Ring Opening	5	RXNCLASS combo
Cyclization | Desulfuration	5	RXNCLASS combo
Dearomatization | Oxidative Dehalogenation	5	RXNCLASS combo
Cyanidation | Dehydroxylation	5	RXNCLASS combo
Dealkylation | Demethylation | Hydroxylation	5	RXNCLASS combo
Hydrolysis | Lactonization | Ring Closure	5	RXNCLASS combo
C-Oxidation | Chain Shortening | Oxidation	5	RXNCLASS combo
Hydrolysis | Phosphorylation	5	RXNCLASS combo
C-Oxidation | Carboxylation | Chain Shortening	5	RXNCLASS combo
O-Acylation | O-Phosphorylation	5	RXNCLASS combo
Hydrogenation | O-Dealkylation | Reduction	5	RXNCLASS combo
Dephosphorylation | Esterification	5	RXNCLASS combo
C-Hydroxylation | Hydrogenation | Ring Opening	5	RXNCLASS combo
C-Hydroxylation | Hydration | Hydrolysis | Ring Opening	5	RXNCLASS combo
N-Dealkylation | Rearrangement	5	RXNCLASS combo
S-Alkylation | S-Dealkylation | S-Methylation | S-Oxidation	5	RXNCLASS combo
Cyclization | Hydration	5	RXNCLASS combo
Cyclization | Reduction | Ring Closure	5	RXNCLASS combo
Aromatization | Glutathionation | Nucleophilic Addition	5	RXNCLASS combo
DNA Binding | Desulfation | Isomerization	5	RXNCLASS combo
Hydrolysis | N-Deacylation | N-Deformylation	5	RXNCLASS combo
N-Debenzylation	5	RXNCLASS combo
Cyclization | Dehydration | Ring Closure	5	RXNCLASS combo
O-Demethylation | Ring Opening	5	RXNCLASS combo
Cyclization | Oxidative Deamination	5	RXNCLASS combo
Aromatization | NIH Shift | Rearrangement | Reduction | Ring Opening	5	RXNCLASS combo
Aromatic Hydroxylation | C-Hydroxylation | N-Deacetylation | N-Deacylation	5	RXNCLASS combo
N-Acetylation | N-Acylation | N-Reduction	5	RXNCLASS combo
Dearomatization | Epoxidation | Oxygenation	5	RXNCLASS combo
Hydration | Nucleophilic Addition	5	RXNCLASS combo
Dimerization | O-Deglycosidation | Reduction	5	RXNCLASS combo
Glycination | O-Alkylation | O-Methylation	5	RXNCLASS combo
DNA Binding | Hydration	5	RXNCLASS combo
Oxidative Deboronation	5	RXNCLASS combo
Chain Shortening | Dehalogenation	5	RXNCLASS combo
Hydrolysis | N-Decarbamoylation	5	RXNCLASS combo
N-Dealkylation | Ring Closure | Ring Opening	5	RXNCLASS combo
Dehydrogenation | Hydrogenation | Reduction	4	RXNCLASS combo
Aromatization | Dehydration | S-Oxidation | Sulfuration	4	RXNCLASS combo
Aromatization | C-Oxidation | S-Oxidation | Sulfuration	4	RXNCLASS combo
Reductive Dehalogenation	4	RXNCLASS combo
C-Oxidation | Dehydrogenation | Hydrogenation | Oxidation | Reduction	4	RXNCLASS combo
Aromatization | Cyanidation	4	RXNCLASS combo
Aromatic Hydroxylation | C-Hydroxylation | Dehalogenation | Oxidative Dehalogenation	4	RXNCLASS combo
Aromatic Hydroxylation | Aromatic Methoxylation | C-Hydroxylation | O-Methylation	4	RXNCLASS combo
Amidation | Taurination | Transacylation	4	RXNCLASS combo
Amidation | Dephosphorylation | Taurination | Transacylation	4	RXNCLASS combo
C-Hydroxylation | C-Oxidation | N-Dealkylation | N-Demethylation	4	RXNCLASS combo
Aromatic Hydroxylation | N-Dealkylation | Oxidation	4	RXNCLASS combo
Cyanidation | S-Oxidation	4	RXNCLASS combo
Dehalogenation | Dehydrogenation	4	RXNCLASS combo
C-Hydroxylation | Epimerization	4	RXNCLASS combo
Hydrogenation | Hydroxylation	4	RXNCLASS combo
Dehalogenation | Hydrolysis | Oxidation	4	RXNCLASS combo
N-Oxidation | S-Oxidation	4	RXNCLASS combo
Aromatic Hydroxylation | S-Oxidation	4	RXNCLASS combo
Dearomatization | O-Dealkylation | Oxidation	4	RXNCLASS combo
C-Hydroxylation | Epoxidation | Hydrogenation | Hydrolysis	4	RXNCLASS combo
Cyclization | N-Dealkylation | N-Demethylation	4	RXNCLASS combo
Isomerization | N-Hydroxylation	4	RXNCLASS combo
Aromatic Hydroxylation | N-Dealkylation | Reduction	4	RXNCLASS combo
CoA Binding | Thioesterification	4	RXNCLASS combo
Denitration | Denitrogenation | Hydrolysis	4	RXNCLASS combo
Denitrogenation | Reduction	4	RXNCLASS combo
Lipid Binding | Transacylation	4	RXNCLASS combo
Decarboxylation | O-Methylation | Oxidation	4	RXNCLASS combo
C-Oxidation | Oxidation | Ring Opening	4	RXNCLASS combo
Aromatization | C-Oxidation | Dehydrogenation | Oxidation	4	RXNCLASS combo
Aromatization | N-Oxidation	4	RXNCLASS combo
Aromatization | N-Reduction	4	RXNCLASS combo
Acyl Migration | Rearrangement	4	RXNCLASS combo
Nucleophilic Substitution | Oxidative Deamination	4	RXNCLASS combo
Condensation | Deoxygenation	4	RXNCLASS combo
N-Acetylation | N-Dealkylation	4	RXNCLASS combo
N-Oxidation | Quaternization	4	RXNCLASS combo
Hydrogenation | Hydroxylation | Oxidation	4	RXNCLASS combo
Aromatic Cysteination | N-Acetylation	4	RXNCLASS combo
Deamidation | Hydrolysis | N-Acetylation | N-Acylation | N-Deacylation	4	RXNCLASS combo
Hydrolysis | S-Alkylation | S-Dealkylation | S-Methylation	4	RXNCLASS combo
Dimerization | Hydrolysis	4	RXNCLASS combo
N-Acetylation | N-Acylation | O-Glucuronidation	4	RXNCLASS combo
Amination | O-Phosphorylation	4	RXNCLASS combo
Aromatization | S-Alkylation | S-Methylation | Tautomerization	4	RXNCLASS combo
Amination | Glycosidation | N-Glycosidation	4	RXNCLASS combo
Esterification | O-Alkylation | O-Methylation	4	RXNCLASS combo
C-Oxidation | Deamination | N-Dealkylation | Oxidation | Oxidative Deamination	4	RXNCLASS combo
C-Oxidation | Deamination | Oxidative Deamination | Tautomerization	4	RXNCLASS combo
Decarboxylation | Dehydrogenation | Hydrolysis	4	RXNCLASS combo
C-Oxidation | Deamination | Decarboxylation	4	RXNCLASS combo
Conjugation | Dearomatization | Epoxidation | N-Acetylation | Nucleophilic Addition	4	RXNCLASS combo
Aromatic Methiolation	4	RXNCLASS combo
Glutathionation | O-Deacetylation | O-Deacylation	4	RXNCLASS combo
Aliphatic Hydroxylation | O-Dealkylation | O-Methylation	4	RXNCLASS combo
O-Dealkylation | O-Methylation | Oxidation	4	RXNCLASS combo
C-Decarboxylation | C-Oxidation | Chain Shortening	4	RXNCLASS combo
Dehydration | Elimination	4	RXNCLASS combo
Aliphatic Hydroxylation | Cyclization	4	RXNCLASS combo
Aliphatic Hydroxylation | C-Hydroxylation | Dearomatization | Epoxidation	4	RXNCLASS combo
Aliphatic Hydroxylation | C-Hydroxylation | O-Sulfation	4	RXNCLASS combo
Aromatization | Dehydration | Hydrolysis | Rearrangement | Ring Opening	4	RXNCLASS combo
C-Oxidation | Epoxidation | Hydrolysis	4	RXNCLASS combo
Aromatic Hydroxylation | Epoxidation | Nucleophilic Addition	4	RXNCLASS combo
C-Hydroxylation | Cyclization | Ring Closure	4	RXNCLASS combo
Condensation | Cyclization | Ring Closure	4	RXNCLASS combo
Cyclization | Lactonization | Ring Closure	4	RXNCLASS combo
Aliphatic Hydroxylation | Dehydrogenation | Hydrolysis | Ring Closure	4	RXNCLASS combo
N-Dealkylation | O-Demethylation	4	RXNCLASS combo
Aromatic Hydroxylation | N-Deacylation	4	RXNCLASS combo
Conjugation | N-Dealkylation | Oxidation	4	RXNCLASS combo
N-Deacylation | N-Dealkylation	4	RXNCLASS combo
Glucosidation | O-Glycosidation	4	RXNCLASS combo
Dehydration | Hydrogenation	4	RXNCLASS combo
C-Oxidation | N-Dealkylation | N-Demethylation | Ring Opening	4	RXNCLASS combo
N-Reduction | Reduction | Ring Opening	4	RXNCLASS combo
Aromatic Hydroxylation | Methoxylation	4	RXNCLASS combo
O-Sulfation | Tautomerization	4	RXNCLASS combo
Conjugation | N-Conjugation	4	RXNCLASS combo
Aromatic Hydroxylation | C-Hydroxylation | C-Methoxylation	4	RXNCLASS combo
Covalent Binding | DNA Binding | N-Dealkylation | N-Demethylation	4	RXNCLASS combo
C-Oxidation | Dearomatization | Rearrangement	4	RXNCLASS combo
Covalent Binding | DNA Binding | Isomerization	4	RXNCLASS combo
C-Hydroxylation | C-Oxidation | Oxidation	4	RXNCLASS combo
Lactamization	4	RXNCLASS combo
Denitrogenation | Elimination	4	RXNCLASS combo
N-Acetylation | Reduction	4	RXNCLASS combo
C-Hydroxylation | Glucuronidation	4	RXNCLASS combo
N-Demethylation | Reduction	4	RXNCLASS combo
Aromatic Hydroxylation | C-Hydroxylation | Dehydrogenation | Glutathionation	4	RXNCLASS combo
N-Oxidation | Reduction	4	RXNCLASS combo
Hydrolysis | Oxidation | Reduction	4	RXNCLASS combo
C-Oxidation | Deamination | Ring Opening	4	RXNCLASS combo
Glutathionation | N-Dealkylation	4	RXNCLASS combo
Aromatic Hydroxylation | N-Reduction	4	RXNCLASS combo
C-Oxidation | Decarboxylation | Hydrolysis | Ring Opening	4	RXNCLASS combo
Dimerization | Ring Closure	4	RXNCLASS combo
Glutathionation | S-Oxidation	4	RXNCLASS combo
Oxidative Cleavage	4	RXNCLASS combo
Dehalogenation | Hydrolysis | Nucleophilic Substitution	4	RXNCLASS combo
C-Oxidation | Deamination | Oxidative Deamination | Oxidative N-Dealkylation	4	RXNCLASS combo
N-Dealkylation | N-Demethylation | N-Oxidation	4	RXNCLASS combo
Denitrosation | N-Denitrosation	4	RXNCLASS combo
C-Oxidation | Oxidation | Reduction	4	RXNCLASS combo
C-Oxidation | Ring Opening | Tautomerization	4	RXNCLASS combo
Deamination | Hydroxylation	4	RXNCLASS combo
Decyanidation | Oxidation	4	RXNCLASS combo
Azo Coupling | Dimerization	4	RXNCLASS combo
Dehydrogenation | Rearrangement	4	RXNCLASS combo
Isomerization | Oxidation	4	RXNCLASS combo
Amination | Nucleophilic Substitution	4	RXNCLASS combo
Hydrolysis | Rearrangement | Ring Opening	4	RXNCLASS combo
Halogenation | N-Dealkylation	4	RXNCLASS combo
C-Oxidation | Cleavage | Dehydroxylation | Ring Opening	4	RXNCLASS combo
Chain Shortening | Oxidative Decarboxylation	4	RXNCLASS combo
S-Alkylation | S-Methylation | S-Oxidation	4	RXNCLASS combo
C-Oxidation | Conjugation	4	RXNCLASS combo
O-Alkylation | O-Methylation | Oxidative Deamination	4	RXNCLASS combo
Aliphatic Hydroxylation | Hydrogenation	4	RXNCLASS combo
Aliphatic Hydroxylation | Epoxidation | Nucleophilic Addition	4	RXNCLASS combo
Hydrogenation | Reduction | Tautomerization	4	RXNCLASS combo
Aromatic Hydroxylation | C-Hydroxylation | Cyanidation	4	RXNCLASS combo
Esterification | Hydroxylation	4	RXNCLASS combo
Aliphatic Hydroxylation | Hydration	4	RXNCLASS combo
Aromatization | Hydration | Hydrolysis | Ring Opening	4	RXNCLASS combo
Aliphatic Hydroxylation | C-Hydroxylation | Rearrangement	4	RXNCLASS combo
Amidation | Nucleophilic Addition	4	RXNCLASS combo
N-Acetylation | N-Acylation | Optical Resolution	4	RXNCLASS combo
Aliphatic Hydroxylation | C-Hydroxylation | N-Acetylcysteination	4	RXNCLASS combo
N-Glycosidation | N-Oxidation	4	RXNCLASS combo
Covalent Binding | DNA Binding | Denitrogenation	4	RXNCLASS combo
DNA Binding | Dehydroxylation	4	RXNCLASS combo
C-Hydroxylation | Isomerization | Optical Resolution	4	RXNCLASS combo
C-Hydroxylation | Dearomatization | Epoxidation | Nucleophilic Addition	4	RXNCLASS combo
Aromatic Hydroxylation | C-Hydroxylation | Hydrogenation	4	RXNCLASS combo
Acetylcysteination | Ring Opening	4	RXNCLASS combo
Aromatization | Dehydration | Rearrangement	4	RXNCLASS combo
Hydrogenation | Isomerization | Ring Opening	4	RXNCLASS combo
Aromatization | Ring Opening | Sulfonation	4	RXNCLASS combo
DNA Binding | Reduction	4	RXNCLASS combo
Glutathionation | Oxidative Dehalogenation	4	RXNCLASS combo
Epoxidation | Glutathionation | Optical Resolution | Ring Opening	4	RXNCLASS combo
Epoxidation | Glutathionation	4	RXNCLASS combo
Hydrolysis | N-Deacetylation | N-Deacylation | Optical Resolution	4	RXNCLASS combo
C-Hydroxylation | Cyclization | Rearrangement	4	RXNCLASS combo
C-Oxidation | Isomerization | Peroxidation | Rearrangement	4	RXNCLASS combo
C-Hydroxylation | C-Oxidation | Epoxidation | Hydrolysis | Isomerization	4	RXNCLASS combo
Aromatization | Hydrolysis | Nucleophilic Addition | S-Alkylation | S-Methylation	4	RXNCLASS combo
Aromatization | Dehydration | Methiolation | Nucleophilic Substitution | Ring Opening | S-Oxidation | Sulfonation | Thiolation	4	RXNCLASS combo
Dehalogenation | Hydration | Hydrolysis	4	RXNCLASS combo
Condensation | Reduction	4	RXNCLASS combo
Glutathionation | Oxidation	4	RXNCLASS combo
Hydration | Tautomerization	4	RXNCLASS combo
Conjugation | Dehydration	4	RXNCLASS combo
Deamination | Elimination	4	RXNCLASS combo
C-Hydroxylation | C-Oxidation | O-Deacylation	4	RXNCLASS combo
Se-Methylation	4	RXNCLASS combo
Deglutathionation | Se-Alkylation | Se-Methylation	4	RXNCLASS combo
Methylation	4	RXNCLASS combo
Oxidative S-Dealkylation	4	RXNCLASS combo
Elimination | S-Oxidation	4	RXNCLASS combo
C-Oxidation | Deamination | Hydrolysis | Ring Opening	4	RXNCLASS combo
C-Oxidation | Deamination | Dehydroxylation	4	RXNCLASS combo
Dephosphorylation | Dimerization	4	RXNCLASS combo
C-Deformylation	4	RXNCLASS combo
Deconjugation	4	RXNCLASS combo
O-Dealkylation | O-Demethylation | Oxidative Dealkylation	4	RXNCLASS combo
Amidation | C-Hydroxylation | C-Oxidation | Dealkylation | Hydrogenation	4	RXNCLASS combo
C-Oxidation | Cyclization | Lactonization | Ring Closure	4	RXNCLASS combo
C-Dealkylation | C-Oxidation | Chain Shortening	4	RXNCLASS combo
C-Amination | Protein Binding	4	RXNCLASS combo
Hydrolysis | N-Deacetylation	4	RXNCLASS combo
C-Oxidation | Denitrosation	4	RXNCLASS combo
Glutathionation | Optical Resolution | Ring Closure	4	RXNCLASS combo
Hydrolysis | N-Acetylcysteination | Ring Opening	4	RXNCLASS combo
Aliphatic Hydroxylation | C-Hydroxylation | C-Oxidation | O-Dealkylation | Ring Opening	4	RXNCLASS combo
C-Oxidation | Hydrolysis | O-Deacylation	4	RXNCLASS combo
Dehalogenation | Methoxylation	4	RXNCLASS combo
Desulfuration | P-Oxidation	4	RXNCLASS combo
Deacylation | Hydrolysis | O-Deacylation	4	RXNCLASS combo
Dehalogenation | Oxidative Deamination	4	RXNCLASS combo
Dehalogenation | Hydrolysis | Ring Opening	4	RXNCLASS combo
Dehydrohalogenation | Elimination	4	RXNCLASS combo
Hydrogenation | O-Alkylation | O-Methylation	4	RXNCLASS combo
Deglucosidation | O-Deglycosidation	4	RXNCLASS combo
O-Alkylation | O-Dephosphorylation	4	RXNCLASS combo
C-Oxidation | Dearomatization | Epoxidation | Peroxidation	4	RXNCLASS combo
Dearomatization | O-Dealkylation | Tautomerization	4	RXNCLASS combo
Hydrolysis | O-Deacylation | Optical Resolution	4	RXNCLASS combo
N-Alkylation | N-Methylation | Tautomerization	4	RXNCLASS combo
Conjugation | Dehalogenation | Glutathionation | Hydroxylation	4	RXNCLASS combo
Deamination | N-Acetylation	4	RXNCLASS combo
Dehalogenation | Dehydrohalogenation | Demethoxylation | Elimination	4	RXNCLASS combo
Aromatic Methiolation | Methiolation	4	RXNCLASS combo
Amination | Protein Binding	4	RXNCLASS combo
O-Alkylation | O-Methylation | Tautomerization	4	RXNCLASS combo
Nucleic Acid Binding | Nucleophilic Substitution	4	RXNCLASS combo
Elimination | Hydrolysis | Ring Opening	4	RXNCLASS combo
S-Sulfation	4	RXNCLASS combo
C-Oxidation | Cyclization | Decarboxylation | Lactonization | Ring Closure	4	RXNCLASS combo
Dealkylation | Demethylation | Reduction	4	RXNCLASS combo
Aliphatic Hydroxylation | C-Hydroxylation | Decarboxylation	4	RXNCLASS combo
C-Hydroxylation | C-Oxidation | Chain Shortening	4	RXNCLASS combo
Amination | Glutathionation | Ring Closure	4	RXNCLASS combo
Dearomatization | Ring Opening | Tautomerization	4	RXNCLASS combo
Hydrolysis | N-Dehydroxylation	4	RXNCLASS combo
Elimination | Oxidative Dealkylation	4	RXNCLASS combo
Isomerization | Rearrangement | Ring Opening	4	RXNCLASS combo
Nucleophilic Substitution | Rearrangement	4	RXNCLASS combo
Denitrosation | Dimerization	4	RXNCLASS combo
Desulfuration | Reduction	4	RXNCLASS combo
Cyclization | Dehalogenation | Reduction	4	RXNCLASS combo
Dehalogenation | Dehydrohalogenation | Epoxidation	4	RXNCLASS combo
Amination | Elimination	4	RXNCLASS combo
Condensation | Cyclization | Dephosphorylation	4	RXNCLASS combo
Aliphatic Hydroxylation | C-Hydroxylation | C-Oxidation | Dearomatization	4	RXNCLASS combo
Glutathionation | O-Sulfation	4	RXNCLASS combo
O-Deglycosidation | Reduction	4	RXNCLASS combo
Hydrolysis | N-Dehydroxylation | N-Reduction	4	RXNCLASS combo
Hydrogenation | O-Dealkylation | O-Demethylation | Reduction	4	RXNCLASS combo
Glutathionation | S-Reduction	4	RXNCLASS combo
Deglucuronidation	4	RXNCLASS combo
Aromatic Hydroxylation | C-Hydroxylation | Hydrolysis | N-Deacylation	4	RXNCLASS combo
Dealkylation | Demethylation | Hydroxylation | Oxidative Dealkylation	4	RXNCLASS combo
Glutathionation | Hydrolysis | Nucleophilic Substitution | Ring Opening	4	RXNCLASS combo
NIH Shift	4	RXNCLASS combo
Dealkenylation | O-Dealkylation | O-Demethylation | Ring Opening	4	RXNCLASS combo
Aliphatic Hydroxylation | C-Hydroxylation | Epoxidation | Hydrogenation | Hydrolysis	4	RXNCLASS combo
Dehydration | Isomerization | Ring Closure	4	RXNCLASS combo
N-Dealkylation | N-Demethylation | Reduction | Ring Closure	4	RXNCLASS combo
Cyclization | Elimination | Ring Closure	4	RXNCLASS combo
Deamidation | Hydrolysis | Reduction	4	RXNCLASS combo
DNA Binding | Decomplexation	4	RXNCLASS combo
C-Oxidation | Ring Opening | S-Alkylation | S-Methylation	4	RXNCLASS combo
Inversion | Reduction	4	RXNCLASS combo
Cleavage | Se-Dealkylation	4	RXNCLASS combo
N-Dehydroxylation | Nitrosation	4	RXNCLASS combo
Aromatization | Dehydration | Methiolation | Nucleophilic Addition | Nucleophilic Substitution | Ring Opening | S-Oxidation | Sulfonation	4	RXNCLASS combo
Isomerization | Nucleophilic Addition | Ring Opening	4	RXNCLASS combo
Chelation | Complexation	4	RXNCLASS combo
C-Oxidation | Dehydrogenation | Epimerization | Hydrogenation | Reduction	4	RXNCLASS combo
Conjugation | O-Sulfation	4	RXNCLASS combo
N-Dealkylation | Reduction | Ring Opening	4	RXNCLASS combo
Aromatization | Dehalogenation | Glutathionation | Reduction	4	RXNCLASS combo
C-Oxidation | O-Dealkylation | Ring Opening	4	RXNCLASS combo
Optical Resolution | S-Reduction	4	RXNCLASS combo
C-Hydroxylation | Epimerization | Inversion | Reduction	4	RXNCLASS combo
Glutathionation | Isomerization | Ring Closure	4	RXNCLASS combo
Dehydroxylation | Hydrogenation	4	RXNCLASS combo
Decarbonylation | Ring Contraction	4	RXNCLASS combo
C-Carboxylation | C-Deamination | C-Oxidation	4	RXNCLASS combo
C-Oxidation | O-Dealkylation | O-Demethylation | Ring Opening	4	RXNCLASS combo
C-Oxidation | Esterification | O-Dealkylation | O-Demethylation	4	RXNCLASS combo
Dehydration | Desulfuration | Ring Closure	4	RXNCLASS combo
Cyclization | Hydration | Ring Closure	4	RXNCLASS combo
C-Oxidation | Carboxylation | Ring Opening	4	RXNCLASS combo
Cyclization | Isomerization | Ring Opening	4	RXNCLASS combo
Adduct Formation | Cyclization	4	RXNCLASS combo
Cyclization | O-Deglycosidation	4	RXNCLASS combo
Aromatization | Protonation	4	RXNCLASS combo
Aliphatic Hydroxylation | C-Hydroxylation | Dehydrogenation | Isomerization	4	RXNCLASS combo
Dealkylation | Elimination	3	RXNCLASS combo
C-Hydroxylation | N-Demethylation	3	RXNCLASS combo
Epimerization | Hydroxylation	3	RXNCLASS combo
C-Hydroxylation | Hydration | Hydrogenation	3	RXNCLASS combo
Aromatic Hydroxylation | C-Hydroxylation | Methoxylation	3	RXNCLASS combo
C-Oxidation | Dearomatization | Glutathionation	3	RXNCLASS combo
Aliphatic Hydroxylation | C-Hydroxylation | C-Oxidation | Dehalogenation	3	RXNCLASS combo
Oxidation | Quaternization	3	RXNCLASS combo
Glutathionation | Tautomerization	3	RXNCLASS combo
Aromatic Hydroxylation | C-Hydroxylation | Dehalogenation | Nucleophilic Substitution	3	RXNCLASS combo
Aliphatic Hydroxylation | C-Hydroxylation | Glutathionation	3	RXNCLASS combo
Dehalogenation | Methiolation	3	RXNCLASS combo
N-Alkylation | N-Oxidation	3	RXNCLASS combo
Aromatic Hydroxylation | Dearomatization	3	RXNCLASS combo
Enantiomerization | Optical Resolution	3	RXNCLASS combo
Dehydrogenation | N-Oxidation | Oxidation	3	RXNCLASS combo
Dehydration | Dehydroxylation	3	RXNCLASS combo
Aliphatic Hydroxylation | Decarboxylation | N-Dealkylation | Oxidation	3	RXNCLASS combo
Dehalogenation | Hydroxylation	3	RXNCLASS combo
Epimerization | Hydrogenation | Inversion | Reduction	3	RXNCLASS combo
Hydrogenation | Rearrangement | Reduction	3	RXNCLASS combo
Hydrogenation | Oxidation	3	RXNCLASS combo
C-Dealkylation | C-Demethylation | Reduction	3	RXNCLASS combo
C-Dealkylation | C-Oxidation | Hydrogenation	3	RXNCLASS combo
Dealkynylation | Oxidation	3	RXNCLASS combo
Glutathionation | Hydration	3	RXNCLASS combo
Dearylation | Oxidation	3	RXNCLASS combo
N-Reduction | Radical Formation	3	RXNCLASS combo
Hydroxylation | Reduction | Ring Closure	3	RXNCLASS combo
S-Dealkylation | S-Oxidation	3	RXNCLASS combo
Aromatic Hydroxylation | C-Hydroxylation | C-Oxidation | Dearomatization | Oxidation | Tautomerization	3	RXNCLASS combo
N-Dealkylation | Oxidation | Ring Opening	3	RXNCLASS combo
Aliphatic Hydroxylation | O-Demethylation	3	RXNCLASS combo
Dimerization | N-Dealkylation	3	RXNCLASS combo
Azo Cleavage | Covalent Binding | DNA Binding | O-Alkylation | O-Methylation	3	RXNCLASS combo
Azo Cleavage | Covalent Binding | DNA Binding | N-Alkylation | N-Methylation	3	RXNCLASS combo
Condensation | Conjugation	3	RXNCLASS combo
Oxidation | Ring Opening | Tautomerization	3	RXNCLASS combo
Denitrosation | Elimination	3	RXNCLASS combo
Denitrogenation | Hydrolysis	3	RXNCLASS combo
Hydrolysis | N-Methylation	3	RXNCLASS combo
Decarboxylation | Dehydroxylation | Oxidation	3	RXNCLASS combo
Glycosidation | O-Glucosidation | O-Glycosidation	3	RXNCLASS combo
Hydroxylation | N-Dealkylation | Ring Closure	3	RXNCLASS combo
Aromatic Hydroxylation | C-Hydroxylation | O-Dealkylation | O-Demethylation	3	RXNCLASS combo
Desulfuration | Elimination	3	RXNCLASS combo
Conjugation | Glucuronidation	3	RXNCLASS combo
Aromatic Thiolation	3	RXNCLASS combo
O-Conjugation | Protein Binding	3	RXNCLASS combo
Azo Cleavage | Reduction	3	RXNCLASS combo
Nucleophilic Substitution | Oxidative Deamination | Tautomerization	3	RXNCLASS combo
N-Glycosidation | S-Alkylation | S-Dearylation | S-Methylation	3	RXNCLASS combo
N-Demethylation | N-Reduction	3	RXNCLASS combo
Elimination | Oxidation	3	RXNCLASS combo
Deglycosidation | Reduction	3	RXNCLASS combo
Dehydrogenation | N-Dealkylation | Oxidation	3	RXNCLASS combo
Aromatization | Dehydrogenation | Hydrolysis | O-Dealkylation	3	RXNCLASS combo
Deglycosidation | O-Deglycosidation | Reduction	3	RXNCLASS combo
Dealkylation | Hydrolysis	3	RXNCLASS combo
C-Oxidation | Cysteination	3	RXNCLASS combo
Dehalogenation | Thiolation	3	RXNCLASS combo
Deamination | N-Dealkylation	3	RXNCLASS combo
Transalkylation	3	RXNCLASS combo
Dehydrogenation | N-Denitrosation	3	RXNCLASS combo
Cysteination | N-Acetylation	3	RXNCLASS combo
Decarbamoylation | Hydrolysis | O-Deacylation	3	RXNCLASS combo
Decarboxylation | O-Dealkylation | O-Methylation | Oxidation	3	RXNCLASS combo
O-Dealkylation | O-Methylation	3	RXNCLASS combo
Acetylation | O-Acetylation | O-Acylation	3	RXNCLASS combo
DNA Binding | Epoxidation | Hydrolysis	3	RXNCLASS combo
Aliphatic Hydroxylation | Aromatic Hydroxylation | C-Hydroxylation | Dearomatization	3	RXNCLASS combo
Dearomatization | Epoxidation | Hydration | Hydroxylation | Reduction	3	RXNCLASS combo
Aromatization | Covalent Binding	3	RXNCLASS combo
Aromatic Hydroxylation | C-Hydroxylation | Dearomatization | Epoxidation | Hydration | Hydrolysis | Nucleophilic Addition | Ring Opening	3	RXNCLASS combo
C-Hydroxylation | C-Oxidation | Epoxidation | Hydrogenation | Hydrolysis	3	RXNCLASS combo
C-Oxidation | Hydrolysis | Nucleophilic Addition | Ring Opening	3	RXNCLASS combo
Aromatic Hydroxylation | C-Hydroxylation | C-Oxidation | Dearomatization | Dehydrogenation | Oxidation | Tautomerization	3	RXNCLASS combo
C-Oxidation | Dearomatization | Hydrogenation	3	RXNCLASS combo
Nucleophilic Addition | Protein Binding | Ring Opening	3	RXNCLASS combo
Aromatization | Isomerization | Ring Opening	3	RXNCLASS combo
Aromatic Hydroxylation | C-Alkoxylation | C-Hydroxylation | C-Methoxylation	3	RXNCLASS combo
Aromatic Hydroxylation | C-Hydroxylation | Oxidative Deamination	3	RXNCLASS combo
N-Dealkylation | O-Dealkylation | Oxidation	3	RXNCLASS combo
Aromatic Hydroxylation | Decarboxylation | N-Dealkylation | Oxidation	3	RXNCLASS combo
Aliphatic Hydroxylation | O-Dealkylation	3	RXNCLASS combo
Aliphatic Hydroxylation | C-Hydroxylation | Cyclization | Ring Closure	3	RXNCLASS combo
Aliphatic Hydroxylation | Aromatic Hydroxylation | C-Hydroxylation | C-Oxidation | Hydroxylation	3	RXNCLASS combo
Hydrolysis | Lactonization | Ring Opening	3	RXNCLASS combo
Cyclization | N-Dealkylation | N-Demethylation | Reduction | Ring Closure	3	RXNCLASS combo
C-Oxidation | Deamination | N-Dealkylation | Oxidation	3	RXNCLASS combo
Lysination	3	RXNCLASS combo
C-Hydroxylation | Dehalogenation | Hydrolysis	3	RXNCLASS combo
Conjugation | Glycosidation	3	RXNCLASS combo
Glycosidation | N-Glycosidation | Phosphorylation	3	RXNCLASS combo
Aliphatic Hydroxylation | Aromatic Hydroxylation | C-Hydroxylation | C-Oxidation | Tautomerization	3	RXNCLASS combo
Aromatic Hydroxylation | C-Hydroxylation | Dearomatization | Tautomerization	3	RXNCLASS combo
Glycosidation | Phosphorylation	3	RXNCLASS combo
Condensation | N-Acylation	3	RXNCLASS combo
Conjugation | Glucuronidation | O-Conjugation | O-Glucuronidation	3	RXNCLASS combo
Dehydrogenation | N-Demethylation	3	RXNCLASS combo
C-Oxidation | N-Dealkylation | N-Demethylation | Oxidative N-Dealkylation	3	RXNCLASS combo
Aliphatic Hydroxylation | Dehydrogenation	3	RXNCLASS combo
Conjugation | Glutathionation	3	RXNCLASS combo
Condensation | Cyclization | Dehydration | Ring Closure	3	RXNCLASS combo
N-Deacylation | Reduction	3	RXNCLASS combo
N-Oxidation | O-Dealkylation | O-Demethylation	3	RXNCLASS combo
Aromatic Methoxylation | O-Demethylation	3	RXNCLASS combo
Aliphatic Hydroxylation | Aromatic Hydroxylation | C-Hydroxylation | C-Oxidation	3	RXNCLASS combo
Elimination | N-Oxidation	3	RXNCLASS combo
C-Oxidation | N-Dealkylation | Oxidative Deamination	3	RXNCLASS combo
Cyclization | Deglucosidation | O-Deglycosidation | Rearrangement | Ring Opening	3	RXNCLASS combo
O-Dealkylation | Rearrangement | Reduction | Ring Opening	3	RXNCLASS combo
Isomerization | N-Acylation | Ring Closure	3	RXNCLASS combo
Covalent Binding | Nucleic Acid Binding	3	RXNCLASS combo
Hydroxylation | O-Dealkylation	3	RXNCLASS combo
Hydroxylation | O-Demethylation	3	RXNCLASS combo
N-Acetylation | Rearrangement | Ring Closure	3	RXNCLASS combo
Conjugation | Optical Resolution	3	RXNCLASS combo
Epimerization | Hydrolysis | Inversion	3	RXNCLASS combo
C-Hydroxylation | Hydrolysis | Isomerization	3	RXNCLASS combo
O-Demethylation | Reduction	3	RXNCLASS combo
N-Demethylation | N-Hydroxylation	3	RXNCLASS combo
Aromatic Hydroxylation | C-Hydroxylation | C-Oxidation | Hydroxylation	3	RXNCLASS combo
Aromatic Hydroxylation | C-Hydroxylation | Hydroxylation	3	RXNCLASS combo
Rearrangement | Ring Enlargement	3	RXNCLASS combo
Aliphatic Hydroxylation | Aromatization | C-Hydroxylation | Dehydrogenation	3	RXNCLASS combo
Aromatization | C-Decarboxylation | Dehydrogenation	3	RXNCLASS combo
Hydroxylation | Rearrangement	3	RXNCLASS combo
Deglycosidation | N-Dealkylation | N-Deglycosidation	3	RXNCLASS combo
N-Oxidation | O-Demethylation	3	RXNCLASS combo
Aliphatic Hydroxylation | N-Dealkylation | Oxidation	3	RXNCLASS combo
Dehydrogenation | Oxidation | Quaternization	3	RXNCLASS combo
C-Hydroxylation | C-Oxidation | Oxidation | Tautomerization	3	RXNCLASS combo
Decarboxylation | Hydrolysis | Oxidation | Reduction	3	RXNCLASS combo
Cyclization | Deamination | Ring Closure	3	RXNCLASS combo
Cyclization | Desulfuration | Hydrolysis	3	RXNCLASS combo
C-Oxidation | Glucuronidation	3	RXNCLASS combo
Aromatic Hydroxylation | N-Acylation	3	RXNCLASS combo
Dehydration | Tautomerization	3	RXNCLASS combo
Aromatization | Hydrogenation	3	RXNCLASS combo
Conjugation | Nucleic Acid Binding | Protein Binding	3	RXNCLASS combo
O-Galacturonidation	3	RXNCLASS combo
Deglutathionation | N-Acetylcysteination	3	RXNCLASS combo
Amidation | Conjugation | Glutamination | Polyglutamation	3	RXNCLASS combo
Hydrolysis | Ring Closure | Ring Opening	3	RXNCLASS combo
Decarboxylation | Hydrolysis | Oxidation | Ring Opening	3	RXNCLASS combo
N-Dealkylation | Ring Opening | S-Dealkylation	3	RXNCLASS combo
Hydrolysis | N-Dealkylation | O-Dealkylation | Ring Opening	3	RXNCLASS combo
Aliphatic Hydroxylation | C-Hydroxylation | Oxidative Deamination	3	RXNCLASS combo
Hydroxylation | N-Dealkylation | Ring Opening | Tautomerization	3	RXNCLASS combo
C-Hydroxylation | C-Oxidation | Deamination	3	RXNCLASS combo
Dealkenylation | Hydrolysis | O-Dealkylation | O-Demethylation | Ring Opening	3	RXNCLASS combo
Dehydrogenation | N-Hydroxylation	3	RXNCLASS combo
Dehalogenation | Glutathionation | Hydrolysis	3	RXNCLASS combo
Covalent Binding | DNA Binding | Elimination	3	RXNCLASS combo
N-Alkylation | N-Dealkylation | N-Demethylation | N-Methylation	3	RXNCLASS combo
Aliphatic Hydroxylation | C-Hydroxylation | C-Oxidation | Chain Shortening	3	RXNCLASS combo
Dephosphorylation | Hydrolysis | O-Dearylation | O-Dephosphorylation	3	RXNCLASS combo
Oxidation | Ring Closure | Ring Opening	3	RXNCLASS combo
C-Hydroxylation | Oxidation | Ring Opening	3	RXNCLASS combo
Acetylcysteination | N-Acetylcysteination	3	RXNCLASS combo
Arylation	3	RXNCLASS combo
C-Oxidation | Elimination | Oxidative Dealkylation	3	RXNCLASS combo
Dearomatization | Epoxidation | Hydration	3	RXNCLASS combo
C-Alkylation | C-Methylation | Dehalogenation	3	RXNCLASS combo
Nitrosation	3	RXNCLASS combo
N-Dehydroxylation | Reduction	3	RXNCLASS combo
Deoxygenation | Elimination	3	RXNCLASS combo
Heterolysis | N-Reduction	3	RXNCLASS combo
Aromatic Hydroxylation | N-Dealkylation | N-Demethylation	3	RXNCLASS combo
C-Oxidation | Cyclization | Dearomatization	3	RXNCLASS combo
Aromatic Sulfonation	3	RXNCLASS combo
S-Demethylation	3	RXNCLASS combo
C-Oxidation | Dehydrogenation | Hydrogenation	3	RXNCLASS combo
C-Oxidation | Isomerization | Reduction	3	RXNCLASS combo
Deglycosidation | Hydrolysis | N-Deglycosidation	3	RXNCLASS combo
O-Sulfation | Optical Resolution	3	RXNCLASS combo
Amination | Glycosidation | Rearrangement	3	RXNCLASS combo
Hydrolysis | Oxidation | Tautomerization	3	RXNCLASS combo
Aromatization | N-Acetylcysteination | Ring Opening	3	RXNCLASS combo
N-Reduction | Oxidative Deamination	3	RXNCLASS combo
Condensation | Ring Enlargement	3	RXNCLASS combo
C-Hydroxylation | Elimination	3	RXNCLASS combo
N-Acylation | N-Deacylation | Transacylation	3	RXNCLASS combo
Aromatization | Glucuronidation | Tautomerization	3	RXNCLASS combo
Aliphatic Hydroxylation | Nucleophilic Addition	3	RXNCLASS combo
Oxidative Desulfuration | S-Oxidation	3	RXNCLASS combo
Hydrogenation | Inversion | Reduction	3	RXNCLASS combo
C-Oxidation | Dehydration | Ring Opening	3	RXNCLASS combo
Aromatic Dehydroxylation | C-Oxidation | Chain Shortening	3	RXNCLASS combo
N-Dealkylation | Oxidative N-Dealkylation | Ring Opening	3	RXNCLASS combo
Hydrolysis | O-Deacylation | Ring Opening	3	RXNCLASS combo
C-Decarboxylation | Ring Contraction	3	RXNCLASS combo
O-Demethylation | Oxidative Dealkylation	3	RXNCLASS combo
Cleavage | S-Dealkylation	3	RXNCLASS combo
Epoxidation | Oxidation	3	RXNCLASS combo
Aromatization | Hydrolysis | N-Acetylcysteination | Ring Opening	3	RXNCLASS combo
Hydrogenation | Sulfuration	3	RXNCLASS combo
Dehydrogenation | Isomerization | Reduction	3	RXNCLASS combo
Condensation | Hydrolysis | Ring Closure	3	RXNCLASS combo
Isomerization | O-Glucuronidation	3	RXNCLASS combo
S-Deacylation	3	RXNCLASS combo
Deamination | Ring Closure	3	RXNCLASS combo
N-Oxidation | Peroxidation	3	RXNCLASS combo
Acetylcysteination | Dehalogenation | S-Oxidation	3	RXNCLASS combo
Dehalogenation | Hydroxylation | Nucleophilic Substitution	3	RXNCLASS combo
Nucleophilic Substitution | Oxidative Dehalogenation	3	RXNCLASS combo
Hydrolysis | N-Dearylation	3	RXNCLASS combo
Aliphatic Hydroxylation | C-Hydroxylation | Oxidation	3	RXNCLASS combo
Cleavage | N-Dealkylation | O-Dealkylation | Ring Opening	3	RXNCLASS combo
Hydrolysis | S-Reduction	3	RXNCLASS combo
C-Oxidation | Dehydrogenation | Hydrolysis	3	RXNCLASS combo
S-Cysteination	3	RXNCLASS combo
C-Oxidation | Cyclization	3	RXNCLASS combo
C-Oxidation | Dearomatization | Peroxidation	3	RXNCLASS combo
Amidation | Decarboxylation | Glycosidation	3	RXNCLASS combo
Aliphatic Hydroxylation | C-Hydroxylation | Epoxidation	3	RXNCLASS combo
Ring Enlargement	3	RXNCLASS combo
C-Oxidation | Hydration | Hydrolysis | Ring Opening	3	RXNCLASS combo
Decarbonylation | Isomerization	3	RXNCLASS combo
Glutathionation | Hydrogenation | Reduction	3	RXNCLASS combo
Hydrolysis | N-Deacylation | O-Deacylation	3	RXNCLASS combo
Dehydration | Oxidation	3	RXNCLASS combo
Deamination | Oxidation | S-Dealkylation	3	RXNCLASS combo
Dehalogenation | Desulfuration | Oxidation	3	RXNCLASS combo
Dehalogenation | Desulfuration	3	RXNCLASS combo
Conjugation | Ring Closure	3	RXNCLASS combo
C-Hydroxylation | Ring Opening | Tautomerization	3	RXNCLASS combo
C-Acylation	3	RXNCLASS combo
N-Dealkylation | Oxidative Deamination	3	RXNCLASS combo
Reduction | Sulfuration	3	RXNCLASS combo
DNA Binding | Nucleic Acid Binding	3	RXNCLASS combo
Aromatic Hydroxylation | C-Hydroxylation | Oxidation	3	RXNCLASS combo
Conjugation | Nucleophilic Addition	3	RXNCLASS combo
C-Oxidation | Dearomatization | Ring Closure	3	RXNCLASS combo
Amidation | Aromatic Cysteination	3	RXNCLASS combo
Dehydrogenation | Hydrolysis | Oxidation | Ring Opening	3	RXNCLASS combo
Dehydration | Methiolation | S-Oxidation	3	RXNCLASS combo
Aromatization | Nucleophilic Addition | Nucleophilic Substitution | Ring Opening | Sulfonation	3	RXNCLASS combo
Aromatic Hydroxylation | C-Hydroxylation | Isomerization	3	RXNCLASS combo
Acetylation | Decysteination	3	RXNCLASS combo
Chain Elongation | Reduction	3	RXNCLASS combo
Dehydration | Isomerization | Rearrangement	3	RXNCLASS combo
Aliphatic Hydroxylation | C-Hydroxylation | Isomerization | Rearrangement	3	RXNCLASS combo
Aromatic Hydroxylation | C-Hydroxylation | Ring Opening	3	RXNCLASS combo
C-Oxidation | Optical Resolution | Ring Opening	3	RXNCLASS combo
Aromatization | Dehalogenation | Elimination	3	RXNCLASS combo
Aromatic Sulfuration | Dehalogenation | O-Alkylation	3	RXNCLASS combo
Hydrolysis | Transphosphorylation	3	RXNCLASS combo
Hydrolysis | O-Alkylation	3	RXNCLASS combo
Epoxidation | Isomerization	3	RXNCLASS combo
C-Oxidation | Deformylation	3	RXNCLASS combo
N-Methylation | Phosphorylation	3	RXNCLASS combo
Amidation | Rearrangement	3	RXNCLASS combo
C-Oxidation | Deglutathionation	3	RXNCLASS combo
C-Oxidation | N-Dealkylation | S-Alkylation	3	RXNCLASS combo
C-Oxidation | Protein Binding	3	RXNCLASS combo
Aromatic Hydroxylation | C-Hydroxylation | C-Oxidation | Dehalogenation	3	RXNCLASS combo
C-Alkylation | C-Decarboxylation | Chain Elongation	3	RXNCLASS combo
Aliphatic Hydroxylation | C-Hydroxylation | Isomerization | Optical Resolution | Rearrangement	3	RXNCLASS combo
Peroxidation | Rearrangement	3	RXNCLASS combo
Aliphatic Hydroxylation | C-Hydroxylation | C-Oxidation | Isomerization | Rearrangement | Tautomerization	3	RXNCLASS combo
Aliphatic Hydroxylation | C-Hydroxylation | C-Oxidation | Cyclization | Isomerization | Rearrangement | Ring Closure	3	RXNCLASS combo
C-Hydroxylation | C-Oxidation | Isomerization | Ring Closure	3	RXNCLASS combo
C-Hydroxylation | C-Oxidation | Isomerization	3	RXNCLASS combo
C-Hydroxylation | Dehydration | Isomerization	3	RXNCLASS combo
Demethylation | Ring Opening	3	RXNCLASS combo
Conjugation | Glucosidation	3	RXNCLASS combo
Amidation | Hydrolysis | Oxidation	3	RXNCLASS combo
Glutamination | N-Acylation	3	RXNCLASS combo
C-Oxidation | Deamination | O-Dealkylation | Ring Opening	3	RXNCLASS combo
O-Alkylation | O-Dealkylation | O-Demethylation | O-Methylation	3	RXNCLASS combo
Amidation | Cyclization	3	RXNCLASS combo
Aromatic Hydroxylation | C-Hydroxylation | Dearomatization | Epoxidation | Nucleophilic Addition | Ring Opening | S-Dealkylation	3	RXNCLASS combo
Phosphorylation | Ring Closure	3	RXNCLASS combo
Formylation	3	RXNCLASS combo
O-Demethylation | Ring Contraction	3	RXNCLASS combo
Demethylation | Hydroxylation	3	RXNCLASS combo
Dehalogenation | S-Cysteination | Thioalkylation	3	RXNCLASS combo
C-Hydroxylation | C-Oxidation | Dehalogenation	3	RXNCLASS combo
C-Hydroxylation | N-Dealkylation | Oxidative N-Dealkylation	3	RXNCLASS combo
Cyclization | Oxidation | Ring Closure	3	RXNCLASS combo
Azo Coupling | Condensation	3	RXNCLASS combo
Covalent Binding | DNA Binding | Tautomerization	3	RXNCLASS combo
N-Deglycosidation | Oxidative Deamination	3	RXNCLASS combo
C-Hydroxylation | Nucleophilic Addition	3	RXNCLASS combo
Epoxidation | Ring Opening	3	RXNCLASS combo
C-Imination	3	RXNCLASS combo
C-Oxidation | S-Dealkylation | S-Demethylation	3	RXNCLASS combo
Aromatic Hydroxylation | C-Hydroxylation | Sulfation	3	RXNCLASS combo
Dehalogenation | Halogenation	3	RXNCLASS combo
Aliphatic Hydroxylation | C-Oxidation | Dehalogenation	3	RXNCLASS combo
Cleavage | S-Alkylation	3	RXNCLASS combo
Epimerization | S-Oxidation	3	RXNCLASS combo
Dehydrogenation | Tautomerization	3	RXNCLASS combo
Aromatization | C-Dealkylation | C-Demethylation	3	RXNCLASS combo
Aliphatic Hydroxylation | C-Decarboxylation | C-Hydroxylation	3	RXNCLASS combo
Phosphorylation | Reduction	3	RXNCLASS combo
Aromatization | Dehydration | Hydrolysis | Reduction	3	RXNCLASS combo
DNA Binding | Decarboxylation	3	RXNCLASS combo
Halogenation | Hydroxylation | Reduction	3	RXNCLASS combo
C-Oxidation | Cleavage | Oxidative Dealkylation	3	RXNCLASS combo
Oxidative Dealkylation | Reduction	3	RXNCLASS combo
N-Dealkylation | N-Demethylation | Reduction	3	RXNCLASS combo
Conjugation | O-Glycosidation	3	RXNCLASS combo
C-Oxidation | Chain Shortening | Decarboxylation | Oxidative Dealkylation	3	RXNCLASS combo
Ring Opening | S-Oxidation	3	RXNCLASS combo
C-Dealkylation | C-Hydroxylation	3	RXNCLASS combo
O-Methylation | Reduction | Ring Opening	3	RXNCLASS combo
Cleavage | Oxidative Dealkylation	3	RXNCLASS combo
C-Oxidation | Dehydrogenation | Isomerization | Rearrangement	3	RXNCLASS combo
C-Hydroxylation | Isomerization | Reduction	3	RXNCLASS combo
Aromatization | Cyclization | Reduction	3	RXNCLASS combo
Aromatic Hydroxylation | C-Oxidation | O-Methylation	3	RXNCLASS combo
Chain Elongation | Hydrolysis	3	RXNCLASS combo
Hydrolysis | O-Dephosphorylation | Ring Opening	3	RXNCLASS combo
Chain Elongation | Decarboxylation	3	RXNCLASS combo
O-Dearylation | O-Demethylation	3	RXNCLASS combo
C-Oxidation | Deamination | Lactamization	3	RXNCLASS combo
Hydrogenation | Ring Closure	3	RXNCLASS combo
C-Oxidation | Chain Shortening | Decarboxylation | Dehydroxylation	3	RXNCLASS combo
C-Oxidation | Deamination | Hydrolysis	3	RXNCLASS combo
Aromatization | Conjugation | Reduction	3	RXNCLASS combo
Aliphatic Hydroxylation | C-Hydroxylation | Dehalogenation | Oxidative Dehalogenation	3	RXNCLASS combo
C-Hydroxylation | Hydrolysis | Isomerization | Reduction | Ring Opening	3	RXNCLASS combo
Aromatic Hydroxylation | C-Hydroxylation | C-Oxidation | Dearomatization	3	RXNCLASS combo
Dehydration | Transglycosylation	3	RXNCLASS combo
Dehydroxylation | Sulfuration | Thiolation	3	RXNCLASS combo
C-Alkylation | Isomerization	3	RXNCLASS combo
Denitrosation | Glutathionation	3	RXNCLASS combo
N-Acetylation | N-Acylation | O-Acetylation | O-Acylation	3	RXNCLASS combo
Elimination | N-Conjugation	3	RXNCLASS combo
C-Oxidation | Deamination | N-Dealkylation	3	RXNCLASS combo
Glycosidation | Quaternization	3	RXNCLASS combo
Covalent Binding | DNA Binding | Hydration	3	RXNCLASS combo
Chain Shortening | Hydrogenation | Oxidation	3	RXNCLASS combo
Aliphatic Hydroxylation | C-Hydroxylation | C-Oxidation | Carboxylation | Chain Shortening	3	RXNCLASS combo
Chain Shortening | Dehydrogenation	3	RXNCLASS combo
Conjugation | Glutamination	3	RXNCLASS combo
Elimination | Reduction	3	RXNCLASS combo
C-Oxidation | Chain Shortening | Oxidative Cleavage	3	RXNCLASS combo
Decarbonylation | Elimination | Hydrolysis | N-Reduction	3	RXNCLASS combo
Aliphatic Hydroxylation | C-Hydroxylation | Dealkylation | N-Acetylcysteination	3	RXNCLASS combo
C-Oxidation | Dealkylation | N-Acetylcysteination	3	RXNCLASS combo
Conjugation | Phosphorylation	3	RXNCLASS combo
C-Oxidation | Dearomatization | N-Alkylation | N-Methylation	3	RXNCLASS combo
Hydrogenation | Oxidative Deamination	3	RXNCLASS combo
Chain Shortening | Esterification	3	RXNCLASS combo
Aromatic Hydroxylation | C-Hydroxylation | O-Dealkylation	3	RXNCLASS combo
Glutathionation | Rearrangement | Ring Opening	3	RXNCLASS combo
Dearomatization | Epoxidation | Oxidation	3	RXNCLASS combo
Dearomatization | Hydrolysis | Oxidation	3	RXNCLASS combo
Deconjugation | Hydrolysis	3	RXNCLASS combo
Deglycosidation | Dehalogenation | Elimination	3	RXNCLASS combo
S-Hydroxylation | Tautomerization	3	RXNCLASS combo
Dimerization | Tautomerization	3	RXNCLASS combo
C-Hydroxylation | Deamination | N-Dealkylation | Oxidation	3	RXNCLASS combo
C-Hydroxylation | Dehydration | Hydrolysis	3	RXNCLASS combo
Aromatization | Dehydration | Methiolation | Nucleophilic Substitution | Ring Opening | S-Oxidation | Sulfonation	3	RXNCLASS combo
N-Reduction | O-Sulfation	3	RXNCLASS combo
Hydrogenation | Oxidative Dealkylation	3	RXNCLASS combo
Denitration | Hydrolysis | N-Reduction	3	RXNCLASS combo
Reduction | Transamination	3	RXNCLASS combo
Aliphatic Hydroxylation | C-Hydroxylation | C-Oxidation | Cyclization | Isomerization	3	RXNCLASS combo
Dehydroxylation | N-Acetylcysteination	3	RXNCLASS combo
Deamidation | N-Deacylation	3	RXNCLASS combo
Denitration | Denitrogenation | Glutathionation	3	RXNCLASS combo
C-Hydroxylation | Dehydroxylation	3	RXNCLASS combo
Conjugation | Thiolation	3	RXNCLASS combo
C-Oxidation | Glutathionation | Ring Opening	3	RXNCLASS combo
Conjugation | Cyclization	3	RXNCLASS combo
Dimerization | S-Deamination	3	RXNCLASS combo
CoA Binding | Esterification	3	RXNCLASS combo
Formylation | N-Methylation | Quaternization	3	RXNCLASS combo
Cyclization | Rearrangement | Ring Closure	3	RXNCLASS combo
Aromatization | Sulfuration | Thiolation	3	RXNCLASS combo
Dehalogenation | Glutathionation | Reduction	3	RXNCLASS combo
C-Oxidation | Dehalogenation | Desulfuration	3	RXNCLASS combo
C-Oxidation | Decysteination	3	RXNCLASS combo
O-Alkylation | O-Dealkylation | O-Methylation	3	RXNCLASS combo
Cleavage | Radical Formation	3	RXNCLASS combo
Transmetallation	3	RXNCLASS combo
C-Oxidation | Oxidative Deamination | Oxidative N-Dealkylation	3	RXNCLASS combo
Covalent Binding | Nitration | Protein Binding	3	RXNCLASS combo
Hydration | Protein Binding	3	RXNCLASS combo
Azo Cleavage | Radical Formation	3	RXNCLASS combo
Transsulfuration	3	RXNCLASS combo
Demethoxylation | Reduction	3	RXNCLASS combo
Nucleophilic Addition | Ring Closure | Ring Opening	3	RXNCLASS combo
Aliphatic Hydroxylation | C-Hydroxylation | Hydrolysis | Ring Opening	3	RXNCLASS combo
Se-Alkylation | Se-Methylation	3	RXNCLASS combo
Dehalogenation | Dimerization	3	RXNCLASS combo
C-Oxidation | Deamination | Dearomatization | Tautomerization	3	RXNCLASS combo
C-Hydroxylation | Dearomatization | Epoxidation | Optical Resolution	3	RXNCLASS combo
Hydrolysis | O-Dealkylation | O-Dearylation	3	RXNCLASS combo
C-Oxidation | Glutathionation | Oxidative Desulfuration	3	RXNCLASS combo
Denitrogenation | Radical Formation	3	RXNCLASS combo
N-Deamination | N-Denitrosation | O-Dealkylation	3	RXNCLASS combo
Dehydroxylation | Heterolysis	3	RXNCLASS combo
Elimination | Hydrolysis | Rearrangement	3	RXNCLASS combo
Covalent Binding | DNA Binding | N-Dealkylation | N-Demethylation | O-Alkylation | O-Methylation	3	RXNCLASS combo
Methylation | S-Oxidation	3	RXNCLASS combo
Decysteination | S-Reduction	3	RXNCLASS combo
Aliphatic Hydroxylation | C-Hydroxylation | N-Oxidation | S-Oxidation	3	RXNCLASS combo
Dehydration | Epoxidation | Hydrolysis	3	RXNCLASS combo
Cleavage | Hydrolysis | O-Dealkylation	3	RXNCLASS combo
Conjugation | Nucleophilic Addition | Reduction	3	RXNCLASS combo
Nucleophilic Addition | Sulfonation	3	RXNCLASS combo
Dehalogenation | Glutathionation | Ring Closure	3	RXNCLASS combo
Nucleophilic Substitution | Transcomplexation	3	RXNCLASS combo
C-Hydroxylation | Cyclization | O-Dealkylation | O-Demethylation	3	RXNCLASS combo
O-Glycosidation | O-Sulfation	3	RXNCLASS combo
C-Oxidation | Deamidation | Hydrolysis	3	RXNCLASS combo
DNA Binding | Dehydration	3	RXNCLASS combo
Dealkenylation | Ring Opening	3	RXNCLASS combo
Enantiomerization | Epimerization | Inversion	3	RXNCLASS combo
Hydrogenation | O-Dealkylation | O-Demethylation	3	RXNCLASS combo
Dearomatization | Oxidative Dealkylation	3	RXNCLASS combo
Aliphatic Hydroxylation | C-Hydroxylation | N-Reduction	3	RXNCLASS combo
Azo Cleavage | N-Deamination | N-Oxidation	3	RXNCLASS combo
Cleavage | Deselenation | Elimination | Oxidative Deamination	3	RXNCLASS combo
O-Dealkylation | O-Debenzylation	3	RXNCLASS combo
Glucosidation | Glycosidation	3	RXNCLASS combo
O-Glucosidation | O-Glucuronidation	3	RXNCLASS combo
Aromatization | Elimination | Reduction | Ring Opening	3	RXNCLASS combo
Dehydroxylation | S-Alkylation	3	RXNCLASS combo
C-Oxidation | Chain Shortening | Reduction	3	RXNCLASS combo
Cleavage | O-Dearylation	3	RXNCLASS combo
Deglutathionation | S-Reduction	3	RXNCLASS combo
Cleavage | Demethylation | Hydrolysis | Oxidation | Ring Opening	3	RXNCLASS combo
Oxidation | Ring Closure	3	RXNCLASS combo
Ring Opening | Sulfuration	3	RXNCLASS combo
Aromatic Dehydroxylation | Dehydroxylation | O-Dealkylation | O-Demethylation	3	RXNCLASS combo
Deglycosidation | Desulfation | Hydrolysis | Rearrangement	3	RXNCLASS combo
O-Alkylation | O-Dealkylation | O-Demethylation | O-Methylation | Ring Opening	3	RXNCLASS combo
Cleavage | Desulfuration	3	RXNCLASS combo
C-Oxidation | Deamination | Dehydrogenation	3	RXNCLASS combo
Dealkoxylation | Demethoxylation	3	RXNCLASS combo
Dehydration | Glutathionation | Hydrolysis	3	RXNCLASS combo
Dehydrohalogenation | Glutathionation | Hydrolysis	3	RXNCLASS combo
Cleavage | Decarbonylation | Ring Opening	3	RXNCLASS combo
Cleavage | Reduction | Ring Opening	3	RXNCLASS combo
C-Dealkylation | C-Demethylation | C-Hydroxylation	3	RXNCLASS combo
Deamination | S-Oxidation	3	RXNCLASS combo
Ring Opening | S-Reduction	3	RXNCLASS combo
Oxidative N-Dealkylation | Protein Binding	3	RXNCLASS combo
Dehydrogenation | Elimination	3	RXNCLASS combo
Rearrangement | Reduction | Ring Closure	3	RXNCLASS combo
Aromatic Hydroxylation | Aromatization | C-Hydroxylation | Glutathionation	3	RXNCLASS combo
Aromatic Dehydroxylation | O-Dealkylation | O-Demethylation	3	RXNCLASS combo
Aromatic Hydroxylation | C-Hydroxylation | Glutathionation | O-Deacetylation | O-Deacylation	3	RXNCLASS combo
Deconjugation | Protein Binding	3	RXNCLASS combo
Dehydrogenation | Ring Closure | Tautomerization	3	RXNCLASS combo
N-Dealkylation | N-Deformylation	3	RXNCLASS combo
Demethoxylation | O-Dealkylation | O-Demethylation	3	RXNCLASS combo
C-Oxidation | Hydrolysis | N-Acetylcysteination	3	RXNCLASS combo
Aromatic Hydroxylation | C-Hydroxylation | Hydration	3	RXNCLASS combo
Aliphatic Hydroxylation | C-Hydroxylation | Dimerization | Isomerization	3	RXNCLASS combo
Dehalogenation | Hydrolysis | Nucleophilic Substitution | Oxidative Dehalogenation	3	RXNCLASS combo
Elimination | N-Hydroxylation | Ring Closure | Ring Contraction | Ring Opening	3	RXNCLASS combo
Dearomatization | O-Dealkylation	3	RXNCLASS combo
Dehydration | Lysination | Ring Closure	3	RXNCLASS combo
Cyclization | Hydrolysis | Lysination | Ring Closure	3	RXNCLASS combo
Deglucosidation | Deglycosidation	3	RXNCLASS combo
Adduct Formation | Glutathionation | Ring Closure	3	RXNCLASS combo
Hydrolysis | O-Deglucosidation	3	RXNCLASS combo
Deglucosidation | Rearrangement	3	RXNCLASS combo
Aromatic Hydroxylation | C-Hydroxylation | Dearomatization | Hydrogenation	3	RXNCLASS combo
C-Dealkylation | C-Demethylation | Hydration	3	RXNCLASS combo
Isomerization | Transacylation	3	RXNCLASS combo
Demethylation | N-Dealkylation | N-Demethylation | Oxidative N-Dealkylation	2	RXNCLASS combo
Conjugation | Glucuronidation | N-Glucuronidation | Quaternization	2	RXNCLASS combo
N-Acetylation | N-Conjugation	2	RXNCLASS combo
Aromatization | Hydrolysis | Rearrangement | Reduction | Ring Opening	2	RXNCLASS combo
C-Oxidation | Hydroxylation | Tautomerization	2	RXNCLASS combo
Aromatization | Dehydration | Hydrolysis | S-Methylation | S-Oxidation	2	RXNCLASS combo
Deacylation | Ring Contraction	2	RXNCLASS combo
Deacylation | Hydrolysis | N-Deacylation	2	RXNCLASS combo
Aromatization | C-Oxidation | Hydrolysis | N-Deacylation | Ring Contraction	2	RXNCLASS combo
Aromatization | Deformylation	2	RXNCLASS combo
N-Dealkylation | Oxidation | S-Dealkylation	2	RXNCLASS combo
C-Oxidation | Dehalogenation | Reductive Dehalogenation	2	RXNCLASS combo
C-Oxidation | Dehydrohalogenation	2	RXNCLASS combo
C-Oxidation | Dehalogenation | N-Hydroxylation	2	RXNCLASS combo
Glutathionation | N-Oxidation	2	RXNCLASS combo
C-Hydroxylation | Cyanidation	2	RXNCLASS combo
Elimination | N-Dealkylation | Ring Opening	2	RXNCLASS combo
Aromatic Hydroxylation | C-Hydroxylation | Dearomatization | Oxidation	2	RXNCLASS combo
C-Oxidation | Dearomatization | N-Oxidation	2	RXNCLASS combo
N-Acetylcysteination | N-Dealkylation | N-Demethylation	2	RXNCLASS combo
Hydrolysis | O-Deacetylation | O-Deacylation | O-Demethylation	2	RXNCLASS combo
Dehydrogenation | Esterification	2	RXNCLASS combo
Aliphatic Hydroxylation | C-Hydroxylation | Hydration | Hydrogenation	2	RXNCLASS combo
Conjugation | Esterification | Thiolation	2	RXNCLASS combo
CoA Binding | Dephosphorylation | Thioesterification | Transacylation	2	RXNCLASS combo
Ring Opening | Transesterification	2	RXNCLASS combo
Aromatic Hydroxylation | C-Oxidation | Hydration | N-Dealkylation | N-Demethylation	2	RXNCLASS combo
Isomerization | O-Dealkylation	2	RXNCLASS combo
Aliphatic Hydroxylation | C-Hydroxylation | Deamination | Oxidative Deamination | Oxidative N-Dealkylation	2	RXNCLASS combo
Aromatization | Dehydration | Dehydrogenation | Quaternization	2	RXNCLASS combo
C-Dealkylation | Dealkylation	2	RXNCLASS combo
Cyanidation | N-Oxidation	2	RXNCLASS combo
Aliphatic Hydroxylation | N-Acetylation	2	RXNCLASS combo
Glycosidation | N-Glucosidation	2	RXNCLASS combo
Condensation | Formylation | Oxidation	2	RXNCLASS combo
C-Hydroxylation | C-Oxidation | Hydrogenation | Reduction	2	RXNCLASS combo
C-Hydroxylation | Hydrogenation | Hydroxylation | Reduction	2	RXNCLASS combo
Dehydration | Rearrangement | Reduction	2	RXNCLASS combo
Demethylation	2	RXNCLASS combo
Deacylation | Hydrogenation | Oxidation | Reduction	2	RXNCLASS combo
Conjugation | O-Conjugation | Protein Binding	2	RXNCLASS combo
Glutathionation | Hydroxylation	2	RXNCLASS combo
Aromatic Hydroxylation | N-Demethylation | S-Oxidation	2	RXNCLASS combo
Aliphatic Hydroxylation | Ring Closure	2	RXNCLASS combo
N-Dealkylation | Oxidation | Oxidative N-Dealkylation | Ring Opening	2	RXNCLASS combo
Acetylation | Conjugation	2	RXNCLASS combo
Deamination | N-Dealkylation | Ring Closure	2	RXNCLASS combo
C-Hydroxylation | Dearomatization | Epoxidation | Hydrolysis | Nucleophilic Addition	2	RXNCLASS combo
Aromatization | Dehydration | Hydrolysis | Rearrangement | Reduction | Ring Opening	2	RXNCLASS combo
Aromatization | Dehydration | Hydrolysis | Rearrangement	2	RXNCLASS combo
Aromatization | Hydrolysis | Oxidation	2	RXNCLASS combo
Aromatization | Optical Resolution | Ring Opening	2	RXNCLASS combo
Aromatic Hydroxylation | C-Hydroxylation | C-Oxidation | Optical Resolution	2	RXNCLASS combo
CoA Binding | Conjugation	2	RXNCLASS combo
Hydrolysis | Optical Resolution | Rearrangement	2	RXNCLASS combo
Lipid Binding | Protein Binding	2	RXNCLASS combo
N-Acetylcysteination | Transacylation	2	RXNCLASS combo
C-Hydroxylation | Optical Resolution | Oxidative Deamination	2	RXNCLASS combo
C-Oxidation | Elimination | N-Dealkylation | N-Demethylation | Oxidative Dealkylation | Oxidative Deamination | Oxidative N-Dealkylation	2	RXNCLASS combo
C-Oxidation | Deamination | N-Dealkylation | N-Demethylation | Oxidative Deamination | Oxidative N-Dealkylation	2	RXNCLASS combo
Glucopyranosidation | Glycosidation | Optical Resolution	2	RXNCLASS combo
Elimination | N-Reduction	2	RXNCLASS combo
Covalent Binding | Lipid Binding | Protein Binding	2	RXNCLASS combo
Deacetylation | Deacylation | Hydrolysis | O-Deacetylation | O-Deacylation	2	RXNCLASS combo
Aromatic Hydroxylation | C-Hydroxylation | C-Oxidation | Oxidation	2	RXNCLASS combo
N-Hydroxylation | Optical Resolution	2	RXNCLASS combo
Isomerization | Transglucuronidation	2	RXNCLASS combo
C-Oxidation | Cleavage | Elimination	2	RXNCLASS combo
Hydrolysis | Peroxidation	2	RXNCLASS combo
N-Alkylation | Quaternization	2	RXNCLASS combo
N-Acylation | N-Deacylation	2	RXNCLASS combo
Conjugation | Oxidation	2	RXNCLASS combo
Dehydration | Glutathionation | Nucleophilic Addition	2	RXNCLASS combo
Glutathionation | Transconjugation	2	RXNCLASS combo
Desulfuration | Glycination | Transconjugation	2	RXNCLASS combo
Hydrogenation | S-Dealkylation	2	RXNCLASS combo
Condensation | Cyclization | Lactonization	2	RXNCLASS combo
C-Deamination | Hydrolysis	2	RXNCLASS combo
Glycosidation | O-Glycosidation	2	RXNCLASS combo
Hydroxylation | Tautomerization	2	RXNCLASS combo
Hydrolysis | N-Dealkylation | N-Demethylation	2	RXNCLASS combo
N-Dealkylation | N-Demethylation | N-Methoxylation	2	RXNCLASS combo
Hydrolysis | N-Acylation	2	RXNCLASS combo
Aromatic Hydroxylation | Conjugation | Hydrolysis	2	RXNCLASS combo
N-Alkylation | Ring Closure	2	RXNCLASS combo
Oxidation | S-Alkylation	2	RXNCLASS combo
N-Acetylation | N-Acylation | O-Sulfation	2	RXNCLASS combo
Aromatic Hydroxylation | Aromatization | C-Hydroxylation | Reduction	2	RXNCLASS combo
Hydrolysis | N-Acetylation | N-Acylation | N-Deacetylation	2	RXNCLASS combo
Dehydrogenation | Glutathionation	2	RXNCLASS combo
Denitrosation | Hydrolysis	2	RXNCLASS combo
Amination | C-Amination	2	RXNCLASS combo
Amination | C-Amination | Glycosidation | N-Glycosidation | Phosphorylation	2	RXNCLASS combo
Conjugation | S-Dearylation	2	RXNCLASS combo
Amination | Aromatization | N-Glycosidation | S-Alkylation | S-Methylation	2	RXNCLASS combo
N-Glycosidation | S-Alkylation | S-Methylation	2	RXNCLASS combo
Conjugation | Reduction	2	RXNCLASS combo
C-Oxidation | Deamination | Oxidative N-Dealkylation	2	RXNCLASS combo
Aliphatic Hydroxylation | Deamination | Oxidative Deamination	2	RXNCLASS combo
Aliphatic Hydroxylation | Aromatic Hydroxylation | Deamination	2	RXNCLASS combo
Isomerization | Rearrangement | Ring Closure | Ring Contraction | Ring Opening | Tautomerization	2	RXNCLASS combo
Oxidative Deamination | Phosphorylation	2	RXNCLASS combo
C-Dealkylation | Decarboxylation | Oxidation	2	RXNCLASS combo
Deglycosidation | Hydrolysis | O-Dealkylation | O-Deglycosidation	2	RXNCLASS combo
C-Deglycosidation | Hydrolysis	2	RXNCLASS combo
Acyl Migration | Isomerization | Rearrangement | Transacylation	2	RXNCLASS combo
Dehydrogenation | Hydrolysis | Reduction	2	RXNCLASS combo
Dehydrogenation | N-Dealkylation | N-Demethylation	2	RXNCLASS combo
Hydrolysis | O-Methylation	2	RXNCLASS combo
Aromatic Hydroxylation | C-Hydroxylation | C-Oxidation | Ring Opening	2	RXNCLASS combo
N-Dealkylation | Ring Closure	2	RXNCLASS combo
Acyl Migration | Transglucuronidation	2	RXNCLASS combo
N-Methylation | Tautomerization	2	RXNCLASS combo
C-Oxidation | Rearrangement | Ring Opening | Tautomerization	2	RXNCLASS combo
Dehydration | Elimination | Hydrolysis	2	RXNCLASS combo
Dehydrogenation | N-Dealkylation | Ring Opening	2	RXNCLASS combo
Decarboxylation | Hydrolysis | N-Decarboxylation	2	RXNCLASS combo
Dealkylation | Hydrolysis | O-Dealkylation	2	RXNCLASS combo
Cyclization | Cysteination | Dehalogenation	2	RXNCLASS combo
Dearomatization | Epoxidation | Glutathionation | Nucleophilic Addition	2	RXNCLASS combo
Aromatization | Hydrolysis | Methiolation | Ring Opening	2	RXNCLASS combo
C-Hydroxylation | Hydrolysis | Nucleophilic Addition | Ring Opening	2	RXNCLASS combo
Dearomatization | Thiolation	2	RXNCLASS combo
Hydrolysis | Methiolation | Ring Opening	2	RXNCLASS combo
Hydrolysis | Ring Opening | Sulfuration	2	RXNCLASS combo
Aromatic Methiolation | Aromatization | Hydrolysis	2	RXNCLASS combo
C-Hydroxylation | C-Oxidation | Dearomatization | Oxidation | Tautomerization	2	RXNCLASS combo
Aliphatic Hydroxylation | C-Hydroxylation | C-Oxidation | Hydrolysis	2	RXNCLASS combo
Aromatic Hydroxylation | N-Oxidation	2	RXNCLASS combo
C-Oxidation | Chain Shortening | Hydrogenation | Reduction	2	RXNCLASS combo
O-Demethylation | S-Methylation | Sulfuration	2	RXNCLASS combo
C-Hydroxylation | Dearomatization | Epoxidation | Hydration | Hydrolysis | Ring Closure	2	RXNCLASS combo
Aliphatic Hydroxylation | Aromatic Hydroxylation | C-Hydroxylation | Dearomatization | Hydrogenation	2	RXNCLASS combo
C-Hydroxylation | C-Oxidation | Hydration | Hydrolysis | Nucleophilic Addition | Ring Opening	2	RXNCLASS combo
C-Hydroxylation | Epoxidation | Hydrolysis	2	RXNCLASS combo
Covalent Binding | DNA Binding | Nucleophilic Addition | Ring Opening	2	RXNCLASS combo
Aromatic Hydroxylation | C-Hydroxylation | Dearomatization | Epoxidation	2	RXNCLASS combo
Conjugation | DNA Binding | O-Conjugation	2	RXNCLASS combo
Epoxidation | Nucleophilic Addition | Ring Opening	2	RXNCLASS combo
C-Hydroxylation | DNA Binding | Dearomatization	2	RXNCLASS combo
Aromatic Hydroxylation | C-Hydroxylation | Dearomatization | Epoxidation | Hydrolysis | Reduction	2	RXNCLASS combo
C-Oxidation | Carboxylation | O-Methylation	2	RXNCLASS combo
C-Hydroxylation | C-Oxidation | Dearomatization | Epoxidation	2	RXNCLASS combo
C-Oxidation | Nucleophilic Substitution	2	RXNCLASS combo
N-Dealkylation | Oxidation | Reduction	2	RXNCLASS combo
Aliphatic Hydroxylation | Hydrolysis | N-Dealkylation | Ring Closure	2	RXNCLASS combo
Aliphatic Hydroxylation | Hydrolysis | N-Dealkylation	2	RXNCLASS combo
Conjugation | Lactonization	2	RXNCLASS combo
Hydrolysis | O-Dealkylation | O-Methylation | Ring Opening	2	RXNCLASS combo
Hydrogenation | O-Dealkylation | O-Methylation | Oxidation	2	RXNCLASS combo
Condensation | Cyclization | Dehydration | Isomerization | N-Dealkylation | N-Demethylation | Rearrangement | Reduction | Ring Closure | Tautomerization	2	RXNCLASS combo
Deglucuronidation | Protein Binding	2	RXNCLASS combo
Esterification | N-Alkylation | N-Methylation	2	RXNCLASS combo
Aliphatic Hydroxylation | Dehydrogenation | Hydrolysis | N-Dealkylation | Oxidation	2	RXNCLASS combo
Dehydrogenation | Hydrolysis | O-Dealkylation	2	RXNCLASS combo
Aliphatic Hydroxylation | Decarboxylation | N-Dealkylation | O-Acetylation | Oxidation	2	RXNCLASS combo
Hydroxylation | Oxidation | Reduction	2	RXNCLASS combo
Aromatization | N-Glycosidation | S-Alkylation | S-Methylation	2	RXNCLASS combo
Conjugation | Glycosidation | N-Glycosidation	2	RXNCLASS combo
Amination | N-Glycosidation	2	RXNCLASS combo
Dehydroxylation | Phosphorylation | Reduction	2	RXNCLASS combo
N-Deacylation | N-Dealkylation | Reduction	2	RXNCLASS combo
Dealkylation | Dehalogenation | Elimination	2	RXNCLASS combo
Hydrogenation | Hydrolysis | Reduction | Ring Opening	2	RXNCLASS combo
Hydrolysis | Oxidation | Reduction | Ring Opening	2	RXNCLASS combo
Decarboxylation | O-Dealkylation | Oxidation	2	RXNCLASS combo
C-Hydroxylation | C-Oxidation | Hydroxylation | N-Dealkylation | N-Demethylation | Tautomerization	2	RXNCLASS combo
N-Dealkylation | N-Dehydroxylation | N-Demethylation | N-Reduction	2	RXNCLASS combo
Glycosidation | N-Glucosidation | Optical Resolution	2	RXNCLASS combo
Hydrolysis | N-Acetylation | O-Dealkylation	2	RXNCLASS combo
C-Oxidation | Dealkylation | Oxidative Dealkylation	2	RXNCLASS combo
Aromatic Hydroxylation | Dehydrogenation	2	RXNCLASS combo
Aromatization | O-Sulfation	2	RXNCLASS combo
C-Hydroxylation | C-Oxidation | N-Dealkylation | N-Demethylation | Tautomerization	2	RXNCLASS combo
Isomerization | N-Dealkylation | N-Demethylation | Oxidative N-Dealkylation | Rearrangement | Tautomerization	2	RXNCLASS combo
Demethylation | Isomerization | N-Dealkylation | N-Demethylation | Oxidative N-Dealkylation | Rearrangement | Tautomerization	2	RXNCLASS combo
C-Hydroxylation | N-Demethylation | Tautomerization	2	RXNCLASS combo
C-Oxidation | Hydrolysis | N-Acetylation | N-Acylation | N-Dealkylation | N-Demethylation | Ring Opening	2	RXNCLASS combo
Decarboxylation | Oxidation | Ring Closure | Ring Opening	2	RXNCLASS combo
C-Oxidation | Hydrolysis | Oxidation | Ring Opening	2	RXNCLASS combo
N-Deacylation | Ring Closure	2	RXNCLASS combo
N-Deacylation | N-Demethylation | Ring Closure	2	RXNCLASS combo
Glucuronidation | Reduction	2	RXNCLASS combo
Aromatic Hydroxylation | Dehydration	2	RXNCLASS combo
Aliphatic Hydroxylation | Aromatic Hydroxylation | Aromatic Methoxylation	2	RXNCLASS combo
N-Dealkylation | O-Dealkylation | O-Demethylation	2	RXNCLASS combo
C-Deamination | O-Dealkylation | O-Demethylation	2	RXNCLASS combo
Aromatic Hydroxylation | Aromatic Methoxylation | C-Alkoxylation | C-Hydroxylation | C-Methoxylation	2	RXNCLASS combo
Deglycosidation | Dehydroxylation	2	RXNCLASS combo
Deglucosidation | O-Alkylation | O-Methylation | Ring Opening	2	RXNCLASS combo
C-Oxidation | Deglycosidation | Hydrolysis | Ring Opening	2	RXNCLASS combo
Nucleophilic Substitution | Rearrangement | Ring Opening	2	RXNCLASS combo
Cyclization | N-Acylation	2	RXNCLASS combo
Glucuronidation | Optical Resolution	2	RXNCLASS combo
Condensation | Conjugation | Glycosidation | N-Glycosidation	2	RXNCLASS combo
C-Oxidation | Hydrolysis | N-Deacylation | Ring Opening	2	RXNCLASS combo
C-Hydroxylation | O-Alkylation | O-Methylation | Ring Opening	2	RXNCLASS combo
Aromatization | Dehydrogenation | Hydrolysis	2	RXNCLASS combo
Cyclization | Hydrolysis | O-Dealkylation | Ring Closure	2	RXNCLASS combo
Amidation | Oxidation	2	RXNCLASS combo
Nucleophilic Substitution | Transconjugation	2	RXNCLASS combo
Aromatic Hydroxylation | N-Acetylation | N-Demethylation	2	RXNCLASS combo
S-Deacylation | S-Methylation | S-Oxidation	2	RXNCLASS combo
Reduction | S-Oxidation	2	RXNCLASS combo
N-Demethylation | Reduction | S-Oxidation	2	RXNCLASS combo
Aromatic Hydroxylation | N-Demethylation | Reduction	2	RXNCLASS combo
Aromatic Hydroxylation | C-Hydroxylation | Hydrolysis | O-Dealkylation | O-Demethylation	2	RXNCLASS combo
Cleavage | Elimination	2	RXNCLASS combo
Desulfuration | Nucleophilic Substitution | Oxidation	2	RXNCLASS combo
Aliphatic Hydroxylation | Oxidation | Ring Closure	2	RXNCLASS combo
Decarboxylation | S-Oxidation	2	RXNCLASS combo
Decarboxylation | Nucleophilic Substitution | Oxidation	2	RXNCLASS combo
Aliphatic Hydroxylation | Dehydrogenation | Hydrolysis | N-Dealkylation	2	RXNCLASS combo
Aromatic Hydroxylation | Aromatic Methoxylation | C-Hydroxylation | C-Methoxylation	2	RXNCLASS combo
Isomerization | Optical Resolution	2	RXNCLASS combo
N-Acetylation | N-Acylation | Ring Opening	2	RXNCLASS combo
N-Dealkylation | N-Demethylation | Protein Binding	2	RXNCLASS combo
Hydroxylation | N-Dealkylation | Oxidation	2	RXNCLASS combo
Deoxygenation | Hydroxylation	2	RXNCLASS combo
Deoxygenation | Hydroxylation | O-Dealkylation	2	RXNCLASS combo
C-Deamination | C-Oxidation | Oxidative Deamination	2	RXNCLASS combo
Dearomatization | Dehydrogenation | Rearrangement	2	RXNCLASS combo
C-Oxidation | Dearomatization | O-Dealkylation | O-Demethylation	2	RXNCLASS combo
Aromatization | C-Oxidation | Reduction	2	RXNCLASS combo
C-Oxidation | Oxidative N-Dealkylation	2	RXNCLASS combo
C-Oxidation | Dehalogenation | O-Dealkylation	2	RXNCLASS combo
C-Oxidation | Oxidative Dealkylation | Oxidative Deamination	2	RXNCLASS combo
Aromatic Hydroxylation | S-Reduction	2	RXNCLASS combo
C-Oxidation | Hydrolysis | Oxidative Deamination	2	RXNCLASS combo
C-Oxidation | Deamination | Oxidative Deamination | Ring Opening	2	RXNCLASS combo
C-Hydroxylation | C-Oxidation | Hydroxylation | Oxidation	2	RXNCLASS combo
N-Dealkylation | N-Demethylation | N-Nitrosation	2	RXNCLASS combo
Cyclization | Rearrangement	2	RXNCLASS combo
C-Oxidation | Glutathionation | N-Dealkylation	2	RXNCLASS combo
C-Oxidation | Desulfuration | Glutathionation	2	RXNCLASS combo
C-Hydroxylation | Nucleophilic Addition | Rearrangement	2	RXNCLASS combo
N-Hydroxylation | N-Methylation	2	RXNCLASS combo
C-Hydroxylation | Dehydrogenation | Glutathionation	2	RXNCLASS combo
C-Hydroxylation | C-Methoxylation | O-Methylation	2	RXNCLASS combo
Aromatic Hydroxylation | C-Hydroxylation | C-Oxidation | Dehydrogenation	2	RXNCLASS combo
Aromatization | Dearomatization | Glutathionation | Reduction	2	RXNCLASS combo
Aromatization | Conjugation | DNA Binding	2	RXNCLASS combo
Adduct Formation | DNA Binding	2	RXNCLASS combo
Amidation | Conjugation | Glycination	2	RXNCLASS combo
Aromatic Hydroxylation | C-Oxidation | Optical Resolution	2	RXNCLASS combo
C-Oxidation | Dehalogenation | Hydrolysis	2	RXNCLASS combo
Aromatic Hydroxylation | Hydroxylation | Reduction	2	RXNCLASS combo
O-Conjugation | Tautomerization	2	RXNCLASS combo
Amidation | Conjugation | Polyglutamation	2	RXNCLASS combo
Dearomatization | Hydrogenation | N-Alkylation | N-Methylation	2	RXNCLASS combo
Cope Elimination	2	RXNCLASS combo
Aromatic Hydroxylation | Ring Closure | Ring Opening	2	RXNCLASS combo
Isomerization | O-Dealkylation | Tautomerization	2	RXNCLASS combo
O-Sulfation | Optical Resolution | Sulfation	2	RXNCLASS combo
S-Alkylation | S-Deacetylation | S-Deacylation | S-Methylation	2	RXNCLASS combo
Desulfuration | Nucleophilic Substitution | Oxidation | Oxidative Desulfuration | P-Desulfuration | P-Oxidation	2	RXNCLASS combo
C-Carboxylation | Ring Opening	2	RXNCLASS combo
Dealkylation | O-Dealkylation	2	RXNCLASS combo
Carboxylation | Dehalogenation | Dephosphorylation | Protein Binding | Ring Closure	2	RXNCLASS combo
Dephosphorylation | Protein Binding	2	RXNCLASS combo
Dehalogenation | Quaternization | Ring Closure	2	RXNCLASS combo
Cyclization | Dehalogenation | Hydrolysis | Hydroxylation | N-Carboxylation	2	RXNCLASS combo
Dehalogenation | N-Carboxylation | Ring Closure	2	RXNCLASS combo
N-Dealkylation | Nucleophilic Substitution	2	RXNCLASS combo
N-Dealkylation | Nucleophilic Substitution | Oxidation	2	RXNCLASS combo
Dehydration | Hydrolysis | Tautomerization	2	RXNCLASS combo
Conjugation | O-Glucuronidation | Optical Resolution	2	RXNCLASS combo
N-Acetylation | O-Demethylation	2	RXNCLASS combo
Aromatic Hydroxylation | Aromatic Methoxylation | C-Hydroxylation | C-Methoxylation | O-Methylation	2	RXNCLASS combo
Dehalogenation | Elimination | Reduction	2	RXNCLASS combo
Aromatization | Dehydration | Dehydrogenation | Oxidation	2	RXNCLASS combo
N-Acetylation | Ring Opening	2	RXNCLASS combo
C-Hydroxylation | Oxidative Deamination | Tautomerization	2	RXNCLASS combo
C-Oxidation | Dehalogenation | Hydrolysis | Ring Opening	2	RXNCLASS combo
Covalent Binding | Hydrolysis | Protein Binding	2	RXNCLASS combo
C-Hydroxylation | C-Oxidation | Hydroxylation | Tautomerization	2	RXNCLASS combo
Cyclization | Dehalogenation | Glutathionation	2	RXNCLASS combo
Heterolysis	2	RXNCLASS combo
N-Dealkylation | N-Methylation	2	RXNCLASS combo
Decarboxylation | Hydrolysis | N-Dealkylation | Oxidation	2	RXNCLASS combo
Amidation | Protein Binding	2	RXNCLASS combo
C-Decarboxylation | C-Oxidation | Decarboxylation | Elimination	2	RXNCLASS combo
C-Decarboxylation | Reduction	2	RXNCLASS combo
Decyanidation | Sulfuration	2	RXNCLASS combo
Aromatic Deamination | C-Deamination | Deamination	2	RXNCLASS combo
DNA Binding | N-Deacetylation | N-Deacylation	2	RXNCLASS combo
Heterolysis | N-Deacylation | N-Reduction	2	RXNCLASS combo
Dealkynylation | N-Dealkylation | Optical Resolution	2	RXNCLASS combo
N-Demethylation | O-Dealkylation	2	RXNCLASS combo
Hydrolysis | N-Dealkylation | O-Methylation | Oxidation	2	RXNCLASS combo
Aliphatic Hydroxylation | C-Hydroxylation | Dehalogenation | Hydrolysis | Nucleophilic Substitution	2	RXNCLASS combo
C-Oxidation | Chain Elongation	2	RXNCLASS combo
Aromatic Sulfinylation	2	RXNCLASS combo
Decarboxylation | Dehydrogenation | Oxidation	2	RXNCLASS combo
Decarboxylation | Dehydration | Oxidation	2	RXNCLASS combo
Cyclization | Hydroxylation | N-Dealkylation | Rearrangement	2	RXNCLASS combo
C-Dealkylation | Isomerization | Reduction	2	RXNCLASS combo
Aromatization | C-Dealkylation	2	RXNCLASS combo
C-Oxidation | Hydrogenation | Oxidation	2	RXNCLASS combo
Dehydration | Epoxidation	2	RXNCLASS combo
C-Oxidation | Glucuronidation | Reduction	2	RXNCLASS combo
O-Dephosphorylation | O-Glycosidation	2	RXNCLASS combo
Epimerization | N-Acetylation | N-Acylation	2	RXNCLASS combo
Glucosidation | O-Dephosphorylation | O-Glycosidation	2	RXNCLASS combo
Epimerization | Optical Resolution	2	RXNCLASS combo
Amination | Deoxygenation | Glycosidation | Rearrangement	2	RXNCLASS combo
Glycosidation | N-Glycosidation | Phosphorylation | Rearrangement	2	RXNCLASS combo
Glycosidation | Rearrangement	2	RXNCLASS combo
Cleavage | N-Oxidation	2	RXNCLASS combo
Esterification | Lipid Binding | O-Phosphorylation | Phosphorylation	2	RXNCLASS combo
Conjugation | O-Glucuronidation | O-Sulfation	2	RXNCLASS combo
C-Oxidation | Glycination	2	RXNCLASS combo
Hydroxylation | N-Dealkylation | Ring Closure | Tautomerization	2	RXNCLASS combo
Hydrolysis | S-Deacetylation	2	RXNCLASS combo
Aliphatic Hydroxylation | Aromatic Methoxylation	2	RXNCLASS combo
N-Denitrosation | N-Nitrosation | S-Methylation | S-Oxidation	2	RXNCLASS combo
Aliphatic Hydroxylation | Decarboxylation | Hydrolysis | Oxidation	2	RXNCLASS combo
Hydroxylation | S-Dealkylation | Tautomerization	2	RXNCLASS combo
Hydrogenation | Hydroxylation | S-Dealkylation	2	RXNCLASS combo
Hydroxylation | S-Oxidation	2	RXNCLASS combo
Aliphatic Hydroxylation | C-Hydroxylation | Dehydrogenation | Desulfuration | S-Oxidation	2	RXNCLASS combo
Aliphatic Hydroxylation | C-Hydroxylation | Desulfuration | S-Oxidation	2	RXNCLASS combo
Aliphatic Hydroxylation | C-Hydroxylation | Oxidative Desulfuration	2	RXNCLASS combo
C-Dealkylation | C-Demethylation | Dehydrogenation | Oxidation	2	RXNCLASS combo
C-Oxidation | Reduction | Ring Opening	2	RXNCLASS combo
C-Oxidation | Chain Shortening | O-Alkylation | O-Methylation	2	RXNCLASS combo
Aromatic Hydroxylation | Rearrangement	2	RXNCLASS combo
Elimination | N-Alkylation | N-Conjugation	2	RXNCLASS combo
Heterolysis | N-Dehydroxylation	2	RXNCLASS combo
Dimerization | Hydroxylation | N-Hydroxylation | Rearrangement | S-Dealkylation	2	RXNCLASS combo
Dimerization | Hydroxylation | N-Hydroxylation | O-Acetylation | Rearrangement | S-Dealkylation	2	RXNCLASS combo
Oxidative Desulfuration | Ring Closure | Ring Opening	2	RXNCLASS combo
Hydrolysis | N-Hydroxylation	2	RXNCLASS combo
Hydrogenation | N-Dealkylation | S-Oxidation	2	RXNCLASS combo
Hydrogenation | N-Dealkylation	2	RXNCLASS combo
Hydrogenation | N-Dealkylation | N-Hydroxylation | S-Oxidation	2	RXNCLASS combo
C-Oxidation | N-Acetylation | N-Acylation	2	RXNCLASS combo
Hydrolysis | Oxidation | Ring Opening | S-Oxidation	2	RXNCLASS combo
Decarboxylation | Ring Opening | S-Oxidation	2	RXNCLASS combo
Decarboxylation | Rearrangement	2	RXNCLASS combo
C-Oxidation | Dearomatization | Heterolysis	2	RXNCLASS combo
C-Hydroxylation | C-Oxidation | Epoxidation | Hydration | Hydrolysis | Nucleophilic Addition	2	RXNCLASS combo
Aromatic Hydroxylation | Hydrolysis | Tautomerization	2	RXNCLASS combo
Aromatization | S-Oxidation	2	RXNCLASS combo
Aromatization | Dehydration | N-Acetylcysteination	2	RXNCLASS combo
C-Oxidation | Hydroxylation | Oxidation	2	RXNCLASS combo
Hydrolysis | N-Deformylation	2	RXNCLASS combo
O-Dealkylation | O-Methylation | Ring Opening	2	RXNCLASS combo
O-Dealkylation | O-Dearylation	2	RXNCLASS combo
N-Oxidation | Oxidation	2	RXNCLASS combo
Aliphatic Hydroxylation | Deamination | S-Oxidation	2	RXNCLASS combo
Epoxidation | Nucleophilic Addition | Oxidation	2	RXNCLASS combo
Aromatization | Covalent Binding | DNA Binding	2	RXNCLASS combo
Deglycosidation | Dehydration | Oxidation	2	RXNCLASS combo
Deamination | Tautomerization	2	RXNCLASS combo
N-Oxidation | Tautomerization	2	RXNCLASS combo
Epoxidation | Hydrogenation	2	RXNCLASS combo
C-Hydroxylation | C-Oxidation | Decarboxylation | Hydroxylation | Oxidation	2	RXNCLASS combo
Epoxidation | Nucleophilic Addition | O-Alkylation	2	RXNCLASS combo
Isomerization | Ring Closure	2	RXNCLASS combo
C-Oxidation | Decarboxylation | Dehydrogenation | Oxidation	2	RXNCLASS combo
Nucleophilic Addition | O-Alkylation | O-Demethylation	2	RXNCLASS combo
Carbamoylation | N-Carbamoylation	2	RXNCLASS combo
DNA Binding | Oxidative Dehalogenation	2	RXNCLASS combo
Dehalogenation | S-Methylation | S-Oxidation | Sulfuration	2	RXNCLASS combo
Dehalogenation | S-Oxidation | Sulfuration	2	RXNCLASS combo
Conjugation | Dehalogenation | S-Oxidation	2	RXNCLASS combo
Decarboxylation | Hydrogenation | Oxidation	2	RXNCLASS combo
Decarboxylation | Reduction	2	RXNCLASS combo
Amidation | O-Deglucuronidation	2	RXNCLASS combo
Dearomatization | Dehalogenation | Epoxidation	2	RXNCLASS combo
Aliphatic Hydroxylation | Aromatic Hydroxylation | C-Hydroxylation | Deamination	2	RXNCLASS combo
C-Oxidation | Dehalogenation | Hydrolysis | Oxidative Dehalogenation	2	RXNCLASS combo
Nucleophilic Addition | Thiolation	2	RXNCLASS combo
Epimerization | Hydrogenation | Hydrolysis | Reduction	2	RXNCLASS combo
Dehydroxylation | N-Dealkylation | Oxidation	2	RXNCLASS combo
C-Hydroxylation | S-Oxidation	2	RXNCLASS combo
Amidation | Dehydroxylation | Esterification | Hydroxylation	2	RXNCLASS combo
Hydrolysis | S-Methylation	2	RXNCLASS combo
C-Oxidation | Dehalogenation | Rearrangement	2	RXNCLASS combo
C-Hydroxylation | N-Acetylation | N-Deacetylation | N-Deacylation	2	RXNCLASS combo
Aromatization | C-Dealkylation | C-Demethylation | Decarboxylation	2	RXNCLASS combo
C-Oxidation | Dehydrogenation | Hydrogenation | Isomerization | Reduction	2	RXNCLASS combo
Dearomatization | Peroxidation	2	RXNCLASS combo
C-Demethylation | C-Oxidation | Dehydroxylation	2	RXNCLASS combo
Aromatic Hydroxylation | C-Hydroxylation | Desulfation	2	RXNCLASS combo
Aromatic Hydroxylation | C-Hydroxylation | N-Dehydroxylation | Rearrangement	2	RXNCLASS combo
N-Acetoxylation	2	RXNCLASS combo
Aromatic Deamination | Decarboxylation | Dehydration | Oxidation | Ring Closure	2	RXNCLASS combo
Cyclization | Deamination | Ring Closure | Transamination	2	RXNCLASS combo
C-Oxidation | Deamidation | Dearomatization	2	RXNCLASS combo
Covalent Binding | Protein Binding | Ring Closure | Ring Opening	2	RXNCLASS combo
Aromatization | Hydrogenation | Reduction | Ring Opening	2	RXNCLASS combo
Aliphatic Hydroxylation | Epimerization	2	RXNCLASS combo
Aliphatic Hydroxylation | Deglycosidation	2	RXNCLASS combo
Aromatic Deamination	2	RXNCLASS combo
Reduction | Thiolation	2	RXNCLASS combo
Cyclization | Phosphorylation	2	RXNCLASS combo
Hydration | Reduction	2	RXNCLASS combo
Cysteination | N-Acetylcysteination | Reduction	2	RXNCLASS combo
Cyclization | O-Alkylation	2	RXNCLASS combo
Hydrolysis | N-Acetylation | N-Deacylation | Reduction	2	RXNCLASS combo
Hydrolysis | N-Acylation | N-Deacylation	2	RXNCLASS combo
C-Oxidation | Deamination | N-Dealkylation | N-Demethylation | Oxidation | Oxidative Deamination | Oxidative N-Dealkylation	2	RXNCLASS combo
N-Acylation | Optical Resolution	2	RXNCLASS combo
Ring Closure | S-Alkylation	2	RXNCLASS combo
Amidation | Optical Resolution	2	RXNCLASS combo
C-Oxidation | Dearomatization | Hydrogenation | N-Reduction | Oxidation	2	RXNCLASS combo
Dearomatization | Epoxidation | Hydrogenation	2	RXNCLASS combo
C-Hydroxylation | Protein Binding | Ring Opening	2	RXNCLASS combo
Aromatization | Hydrolysis | Rearrangement	2	RXNCLASS combo
Epoxidation | Glutathionation | Hydrolysis	2	RXNCLASS combo
Covalent Binding | DNA Binding | Epoxidation | Hydrolysis	2	RXNCLASS combo
Aliphatic Hydroxylation | C-Hydroxylation | Covalent Binding | DNA Binding | Hydrolysis	2	RXNCLASS combo
Acetylcysteination | N-Acetylcysteination | Nucleophilic Addition | Ring Opening	2	RXNCLASS combo
Aliphatic Hydroxylation | C-Hydroxylation | Covalent Binding | DNA Binding | Hydration	2	RXNCLASS combo
C-Oxidation | Epoxidation | N-Acetylcysteination | Nucleophilic Addition	2	RXNCLASS combo
Chain Shortening | N-Acetylcysteination	2	RXNCLASS combo
C-Oxidation | Deamination | Elimination | Oxidative Deamination	2	RXNCLASS combo
DNA Binding | Deamination | N-Alkylation	2	RXNCLASS combo
Conjugation | Hydroxylation | N-Acetylation | Reduction	2	RXNCLASS combo
Hydroxylation | Oxidation | Tautomerization	2	RXNCLASS combo
Aromatic Sulfuration | Oxidation | S-Methylation | S-Oxidation	2	RXNCLASS combo
C-Oxidation | N-Dealkylation | Oxidation | Oxidative Deamination	2	RXNCLASS combo
DNA Binding | N-Alkylation	2	RXNCLASS combo
Acetylation | Aromatic Hydroxylation | N-Reduction	2	RXNCLASS combo
Aliphatic Hydroxylation | C-Hydroxylation | Denitrogenation | Elimination	2	RXNCLASS combo
C-Hydroxylation | Dearomatization | Epoxidation | Hydrogenation	2	RXNCLASS combo
O-Phosphorylation | Oxidative Deamination | Tautomerization	2	RXNCLASS combo
Dearomatization | Epoxidation | Optical Resolution	2	RXNCLASS combo
Aromatization | Hydrogenation | Rearrangement | Reduction | Ring Opening	2	RXNCLASS combo
Aromatization | Dehydration | Protein Binding	2	RXNCLASS combo
Cysteination | Protein Binding | Ring Opening	2	RXNCLASS combo
C-Decarboxylation | C-Oxidation | Oxidative Deamination	2	RXNCLASS combo
Cleavage | N-Dealkylation | Ring Opening | S-Dealkylation	2	RXNCLASS combo
Dehydration | Nucleophilic Addition	2	RXNCLASS combo
Aromatization | Ring Closure	2	RXNCLASS combo
Dehydrogenation | N-Oxidation | Oxidation | Quaternization	2	RXNCLASS combo
Decysteination | S-Dealkylation	2	RXNCLASS combo
Cyclization | S-Oxidation	2	RXNCLASS combo
Aromatization | Decarboxylation | O-Dealkylation | Oxidation	2	RXNCLASS combo
O-Dealkylation | Oxidation | Ring Opening	2	RXNCLASS combo
Decarboxylation | Hydrogenation | O-Dealkylation | Oxidation	2	RXNCLASS combo
Glutathionation | Reduction | Ring Opening	2	RXNCLASS combo
Aromatization | Dehydration | Tautomerization	2	RXNCLASS combo
Elimination | Tautomerization	2	RXNCLASS combo
Decyanidation | N-Acetylcysteination | Ring Opening	2	RXNCLASS combo
Conjugation | Glutathionation | Ring Opening	2	RXNCLASS combo
Amidation | Conjugation | Epoxidation | Nucleophilic Addition	2	RXNCLASS combo
Amidation | Conjugation | Dearomatization | Epoxidation | Nucleophilic Addition	2	RXNCLASS combo
Conjugation | Dearomatization | Epoxidation | Nucleophilic Addition	2	RXNCLASS combo
Dimerization | Oxidation | S-Oxidation	2	RXNCLASS combo
Aromatization | Dehydration | Methiolation	2	RXNCLASS combo
Acetylcysteination | Deglutathionation | Elimination	2	RXNCLASS combo
C-Oxidation | Decyanidation | Sulfuration	2	RXNCLASS combo
Acetylcysteination | Deglutathionation	2	RXNCLASS combo
C-Oxidation | Oxidative Deamination | Ring Opening	2	RXNCLASS combo
Conjugation | Hydroxylation | N-Acetylation	2	RXNCLASS combo
Dehalogenation | Hydrolysis | Oxidative Dehalogenation	2	RXNCLASS combo
Cysteination | Dehalogenation | Hydrolysis	2	RXNCLASS combo
O-Glucuronidation | Ring Opening	2	RXNCLASS combo
Aromatization | Rearrangement | Reduction	2	RXNCLASS combo
Glucosidation | Transglucosylation	2	RXNCLASS combo
C-Oxidation | Decarboxylation | Elimination	2	RXNCLASS combo
Amidation | Condensation	2	RXNCLASS combo
Condensation | O-Dephosphorylation	2	RXNCLASS combo
Transmethylation	2	RXNCLASS combo
Aromatization | Cysteination | N-Acetylcysteination | Ring Opening	2	RXNCLASS combo
Aromatization | Cysteination | Dehydration | N-Acetylcysteination | Ring Opening	2	RXNCLASS combo
Cysteination | N-Acetylcysteination | Ring Opening	2	RXNCLASS combo
N-Acetylation | N-Acylation | N-Deacylation	2	RXNCLASS combo
Amination | Covalent Binding | DNA Binding | Ring Opening	2	RXNCLASS combo
Hydrolysis | S-Alkylation | S-Methylation	2	RXNCLASS combo
Deconjugation | Glycination	2	RXNCLASS combo
C-Hydroxylation | Dehydroxylation | Isomerization | Reduction	2	RXNCLASS combo
Aliphatic Hydroxylation | C-Hydroxylation | C-Oxidation | Chain Shortening | Hydration | Isomerization | Ring Closure	2	RXNCLASS combo
Adduct Formation | Aromatization | DNA Binding	2	RXNCLASS combo
C-Hydroxylation | C-Oxidation | N-Dealkylation | S-Alkylation	2	RXNCLASS combo
N-Dealkylation | Oxidation | S-Alkylation | S-Oxidation	2	RXNCLASS combo
C-Hydroxylation | Dearomatization | Reduction	2	RXNCLASS combo
Epoxidation | N-Reduction	2	RXNCLASS combo
C-Hydroxylation | Dearomatization | N-Reduction	2	RXNCLASS combo
Aliphatic Hydroxylation | C-Hydroxylation | Covalent Binding | DNA Binding	2	RXNCLASS combo
Dehalogenation | S-Methylation | Sulfuration	2	RXNCLASS combo
Chain Elongation | Dehydrogenation | Oxidation	2	RXNCLASS combo
Aliphatic Hydroxylation | Isomerization	2	RXNCLASS combo
Isomerization | Peroxidation | Rearrangement	2	RXNCLASS combo
Aliphatic Hydroxylation | C-Hydroxylation | Dehydration | Hydrolysis | Isomerization | Rearrangement | Reduction | Ring Opening	2	RXNCLASS combo
Aliphatic Hydroxylation | C-Hydroxylation | Hydrolysis | Isomerization | Rearrangement | Ring Opening	2	RXNCLASS combo
C-Oxidation | Hydrolysis | Rearrangement | Reduction | Ring Opening	2	RXNCLASS combo
Aliphatic Peroxidation | Isomerization | Peroxidation | Rearrangement	2	RXNCLASS combo
Aliphatic Hydroxylation | C-Hydroxylation | C-Oxidation | Isomerization | Rearrangement	2	RXNCLASS combo
Ring Expansion	2	RXNCLASS combo
C-Hydroxylation | Dehydrogenation | Ring Closure	2	RXNCLASS combo
Aliphatic Hydroxylation | C-Hydroxylation | C-Oxidation | Cyclization	2	RXNCLASS combo
Aromatization | Dehydrohalogenation | Ring Opening	2	RXNCLASS combo
Aromatization | Dehalogenation | Reduction	2	RXNCLASS combo
Aromatization | Dehydration | Methiolation | Nucleophilic Substitution | S-Oxidation	2	RXNCLASS combo
N-Deacetylation | S-Dealkylation | S-Reduction	2	RXNCLASS combo
Alkylation | Reduction	2	RXNCLASS combo
Carbamoylation | N-Acylation	2	RXNCLASS combo
Amidation | C-Oxidation	2	RXNCLASS combo
Hydrolysis | O-Dealkylation | Optical Resolution | Ring Opening	2	RXNCLASS combo
Hydrolysis | O-Alkylation | O-Dealkylation | O-Methylation | Optical Resolution | Ring Opening	2	RXNCLASS combo
Acetylation | Conjugation | Oxidation	2	RXNCLASS combo
C-Hydroxylation | Dearomatization | Epoxidation | Hydration | Ring Opening	2	RXNCLASS combo
Cyclization | Reduction	2	RXNCLASS combo
Amination | Deoxygenation	2	RXNCLASS combo
Aliphatic Peroxidation	2	RXNCLASS combo
Covalent Binding | N-Reduction | Protein Binding	2	RXNCLASS combo
Protein Binding | RNA Binding	2	RXNCLASS combo
Oxidative Dealkylation | Oxidative Deamination	2	RXNCLASS combo
Amination | Dehydroxylation	2	RXNCLASS combo
O-Dealkylation | O-Demethylation | Ring Opening | Tautomerization	2	RXNCLASS combo
O-Dealkylation | O-Demethylation | Rearrangement | Ring Contraction	2	RXNCLASS combo
Aromatic Hydroxylation | C-Hydroxylation | Hydrogenation | Reduction | Tautomerization	2	RXNCLASS combo
Conjugation | Deglutathionation	2	RXNCLASS combo
Condensation | Decarboxylation | Ring Closure	2	RXNCLASS combo
Dehydration | Nucleophilic Substitution	2	RXNCLASS combo
Deformylation | Ring Opening	2	RXNCLASS combo
Conjugation | Isomerization	2	RXNCLASS combo
Cysteination | N-Acetylation | N-Acetylcysteination	2	RXNCLASS combo
Cleavage | Hydrolysis | O-Deacylation	2	RXNCLASS combo
N-Deacylation | N-Reduction	2	RXNCLASS combo
N-Deacylation | O-Deacylation	2	RXNCLASS combo
Deamination | Dearomatization | Oxidation | Oxidative Deamination | Tautomerization	2	RXNCLASS combo
Cyclization | Dehydration | Isomerization | Ring Closure	2	RXNCLASS combo
Aromatization | Dealkenylation | Dehydration | Oxidative Dealkylation	2	RXNCLASS combo
Dehalogenation | Reduction | S-Methylation | Sulfuration	2	RXNCLASS combo
Glutathionation | S-Dealkylation | S-Reduction	2	RXNCLASS combo
Acetylcysteination | Dehalogenation | Reduction	2	RXNCLASS combo
C-Hydroxylation | C-Oxidation | Transhalogenation	2	RXNCLASS combo
C-Oxidation | Hydrolysis | N-Deacylation	2	RXNCLASS combo
Alkylation | Glycosidation | Methylation	2	RXNCLASS combo
Deglycosidation | O-Dealkylation	2	RXNCLASS combo
Aromatic Dehydroxylation | Reduction	2	RXNCLASS combo
Cleavage | Hydrolysis | N-Dealkylation	2	RXNCLASS combo
Dearylation | S-Oxidation	2	RXNCLASS combo
Dealkylation | Demethylation | N-Dealkylation | N-Demethylation	2	RXNCLASS combo
Dehalogenation | Glutathionation | S-Oxidation	2	RXNCLASS combo
Acetylcysteination | Dehalogenation | N-Acetylation | S-Oxidation	2	RXNCLASS combo
Condensation | Optical Resolution	2	RXNCLASS combo
C-Oxidation | Deamination | Nucleophilic Substitution | Oxidative Deamination | Tautomerization	2	RXNCLASS combo
C-Deacylation | Chain Shortening | Cleavage	2	RXNCLASS combo
Protein Binding | Tautomerization	2	RXNCLASS combo
C-Oxidation | Dearomatization | Dehydration	2	RXNCLASS combo
Deacetylation | Deacylation | Hydrolysis | S-Deacetylation | S-Deacylation	2	RXNCLASS combo
Hydrolysis | O-Deacetylation | O-Deacylation | O-Dealkylation	2	RXNCLASS combo
C-Hydroxylation | Ring Contraction	2	RXNCLASS combo
Ring Contraction | Ring Opening	2	RXNCLASS combo
Conjugation | Dehalogenation | N-Dealkylation | Oxidation	2	RXNCLASS combo
Dehydration | Hydrolysis | O-Dealkylation	2	RXNCLASS combo
C-Hydroxylation | C-Oxidation | N-Dealkylation | Ring Opening	2	RXNCLASS combo
C-Hydroxylation | Lactonization	2	RXNCLASS combo
C-Hydroxylation | C-Oxidation | Hydrogenation | Sulfuration	2	RXNCLASS combo
C-Hydroxylation | C-Oxidation | Hydrolysis | Ring Opening	2	RXNCLASS combo
C-Oxidation | Hydration | Ring Opening	2	RXNCLASS combo
Amidation | Condensation | N-Acylation	2	RXNCLASS combo
N-Oxidation | Radical Formation	2	RXNCLASS combo
C-Dealkylation | C-Demethylation | Hydrogenation	2	RXNCLASS combo
C-Oxidation | Decarboxylation | Oxidative Dealkylation	2	RXNCLASS combo
Esterification | Thiolation	2	RXNCLASS combo
Covalent Binding | Esterification | Protein Binding	2	RXNCLASS combo
Cyclization | Dephosphorylation | Esterification | Hydrolysis | O-Dephosphorylation | Ring Closure	2	RXNCLASS combo
C-Oxidation | Dearomatization | Dehalogenation | Elimination	2	RXNCLASS combo
C-Dealkylation | C-Oxidation | Chain Shortening | Cleavage	2	RXNCLASS combo
C-Hydroxylation | Dehydration | Demethoxylation | Hydrolysis | O-Demethylation | Ring Opening	2	RXNCLASS combo
C-Hydroxylation | C-Oxidation | Chain Shortening | Hydrogenation	2	RXNCLASS combo
C-Deacylation | Cleavage	2	RXNCLASS combo
Decarboxylation | Hydrolysis | O-Dearylation | Oxidation	2	RXNCLASS combo
Hydration | Hydrolysis | Optical Resolution | Ring Opening	2	RXNCLASS combo
C-Oxidation | Demethylation	2	RXNCLASS combo
C-Oxidation | Deamination | Tautomerization	2	RXNCLASS combo
C-Oxidation | Dehalogenation | Oxidative Dehalogenation	2	RXNCLASS combo
C-Hydroxylation | C-Oxidation | Dehalogenation | Hydrolysis	2	RXNCLASS combo
C-Deacylation | C-Oxidation | Isomerization	2	RXNCLASS combo
Aliphatic Hydroxylation | C-Hydroxylation | Decarbonylation	2	RXNCLASS combo
Aliphatic Hydroxylation | C-Hydroxylation | C-Oxidation | Elimination | Oxidation | Oxidative Deamination | Ring Opening	2	RXNCLASS combo
C-Oxidation | Denitrosation | Ring Opening	2	RXNCLASS combo
Denitrosation | Oxidative Deamination | Ring Closure | Ring Opening	2	RXNCLASS combo
Denitrogenation | Ring Opening	2	RXNCLASS combo
Desulfuration | N-Acetylcysteination	2	RXNCLASS combo
Conjugation | Cyclization | Desulfuration	2	RXNCLASS combo
Dealkenylation | O-Dealkylation	2	RXNCLASS combo
Hydrolysis | N-Dealkylation | Oxidative N-Dealkylation	2	RXNCLASS combo
Amination | Covalent Binding | Protein Binding	2	RXNCLASS combo
N-Dealkylation | Oxidation | Oxidative Deamination | Oxidative N-Dealkylation	2	RXNCLASS combo
Aliphatic Hydroxylation | C-Hydroxylation | C-Oxidation | Chain Shortening | Dehydrogenation | Hydration	2	RXNCLASS combo
Aliphatic Hydroxylation | C-Hydroxylation | Hydration | Oxidation	2	RXNCLASS combo
Aromatic Hydroxylation | C-Hydroxylation | Oxidation | Tautomerization	2	RXNCLASS combo
N-Acylation | N-Dealkylation | N-Demethylation | N-Formylation	2	RXNCLASS combo
Reduction | Ring Closure | Ring Opening	2	RXNCLASS combo
Lactonization | Ring Opening	2	RXNCLASS combo
Glutathionation | Lactonization | Ring Closure	2	RXNCLASS combo
Dehydration | Lactonization	2	RXNCLASS combo
N-Acetylcysteination | Reduction | Ring Closure	2	RXNCLASS combo
Hydrolysis | Lactonization | N-Acetylation | N-Acylation	2	RXNCLASS combo
Hydrolysis | O-Glucuronidation | Ring Opening	2	RXNCLASS combo
Hydrolysis | O-Sulfation | Ring Opening	2	RXNCLASS combo
Aromatic Hydroxylation | C-Hydroxylation | Ring Closure	2	RXNCLASS combo
N-Deglucosidation | N-Deglycosidation	2	RXNCLASS combo
Dehalogenation | Hydrogenation | Reductive Dehalogenation	2	RXNCLASS combo
Aromatization | Dehydration | Methiolation | Nucleophilic Substitution | S-Oxidation | Sulfonation	2	RXNCLASS combo
Dehydrohalogenation | Dephosphorylation	2	RXNCLASS combo
Cyclization | Deglutathionation	2	RXNCLASS combo
C-Dealkylation | C-Demethylation | Dehydration	2	RXNCLASS combo
Aromatic Hydroxylation | C-Hydroxylation | Conjugation | Dehalogenation	2	RXNCLASS combo
Aromatic Hydroxylation | C-Hydroxylation | Conjugation | Dehalogenation | N-Demethylation	2	RXNCLASS combo
Dehalogenation | Lactonization | Ring Closure	2	RXNCLASS combo
C-Oxidation | Deacylation	2	RXNCLASS combo
Deacylation | Epimerization	2	RXNCLASS combo
Alkylation | Dehalogenation | Methylation	2	RXNCLASS combo
C-Oxidation | Epoxidation | Tautomerization	2	RXNCLASS combo
C-Oxidation | Chain Shortening | Cleavage | Oxidative Dealkylation	2	RXNCLASS combo
Alkylation | Dehydroxylation | Methylation | Reduction	2	RXNCLASS combo
Alkylation | Dehydroxylation | Methylation | Oxidation | Reduction	2	RXNCLASS combo
Deglutathionation | Oxidation	2	RXNCLASS combo
Dehydroxylation | Thiolation	2	RXNCLASS combo
Hydrolysis | Oxidative Dealkylation | Ring Closure	2	RXNCLASS combo
C-Hydroxylation | Cyclization | Oxidation	2	RXNCLASS combo
C-Alkylation | Chain Elongation	2	RXNCLASS combo
C-Oxidation | Deamination | Dehalogenation	2	RXNCLASS combo
C-Oxidation | Deamination | O-Methylation	2	RXNCLASS combo
Aromatic Hydroxylation | C-Hydroxylation | Elimination	2	RXNCLASS combo
N-Acylation | N-Conjugation	2	RXNCLASS combo
Decysteination | Desulfuration	2	RXNCLASS combo
Cyclization | Deamination | Elimination | Lactonization | Ring Closure	2	RXNCLASS combo
Aromatic Hydroxylation | C-Hydroxylation | Deglycosidation | Hydrolysis	2	RXNCLASS combo
C-Dealkylation | C-Demethylation | C-Oxidation | Hydrogenation	2	RXNCLASS combo
Ring Closure | Ring Opening | Tautomerization	2	RXNCLASS combo
C-Hydroxylation | O-Demethylation	2	RXNCLASS combo
Aromatization | Deglutathionation | Dehydration | Nucleophilic Addition | Ring Opening	2	RXNCLASS combo
C-Dealkylation | C-Oxidation | Ring Opening	2	RXNCLASS combo
Hydrolysis | N-Oxidation	2	RXNCLASS combo
O-Dealkylation | Reduction | Ring Opening	2	RXNCLASS combo
C-Oxidation | Chain Shortening | O-Methylation	2	RXNCLASS combo
C-Oxidation | Demethoxylation | Ring Opening	2	RXNCLASS combo
C-Oxidation | Carboxylation | Chain Shortening | Dehydrogenation	2	RXNCLASS combo
Cleavage | Condensation | Dehydrogenation | Hydration | Ring Closure	2	RXNCLASS combo
C-Hydroxylation | Deamination | Tautomerization	2	RXNCLASS combo
Aliphatic Hydroxylation | C-Hydroxylation | Cyclization | Rearrangement | Ring Closure	2	RXNCLASS combo
Aliphatic Hydroxylation | C-Hydroxylation | Cyclization	2	RXNCLASS combo
Dimerization | Esterification	2	RXNCLASS combo
Deglycosidation | Protein Binding	2	RXNCLASS combo
Aromatization | N-Dealkylation	2	RXNCLASS combo
Dehydroxylation | Hydroxylation	2	RXNCLASS combo
C-Imination | Reduction	2	RXNCLASS combo
C-Oxidation | Deamination | Desulfuration | Ring Opening	2	RXNCLASS combo
Deglycosidation | O-Demethylation	2	RXNCLASS combo
Hydrolysis | N-Demethylation | Ring Opening	2	RXNCLASS combo
Cyclization | Hydrolysis | O-Dephosphorylation | Ring Closure	2	RXNCLASS combo
Esterification | Hydrolysis | O-Dephosphorylation	2	RXNCLASS combo
Hydrolysis | Nitrosation	2	RXNCLASS combo
Dehydration | Lactonization | Ring Closure	2	RXNCLASS combo
C-Hydroxylation | Hydrolysis | O-Deglycosidation	2	RXNCLASS combo
C-Hydroxylation | C-Oxidation | Dearomatization | Epoxidation | Hydration | Hydrolysis | Ring Opening	2	RXNCLASS combo
C-Oxidation | Dearomatization | Epoxidation | Hydration | Hydrolysis | Ring Opening	2	RXNCLASS combo
Epoxidation | Hydration | Ring Opening	2	RXNCLASS combo
Hydration | Hydrolysis | Nucleophilic Addition	2	RXNCLASS combo
C-Hydroxylation | Hydrolysis | O-Deacylation	2	RXNCLASS combo
C-Hydroxylation | Hydrolysis | N-Demethylation | O-Deacylation	2	RXNCLASS combo
Cyanidation | Reduction	2	RXNCLASS combo
Oxidative Deamination | Phosphorylation | Tautomerization	2	RXNCLASS combo
Hydration | Hydrolysis | Inversion | Ring Opening	2	RXNCLASS combo
C-Amination | Reduction | Ring Closure	2	RXNCLASS combo
Hydrolysis | Lipid Binding	2	RXNCLASS combo
Dearomatization | Oxidation | Ring Opening	2	RXNCLASS combo
C-Hydroxylation | Decarboxylation	2	RXNCLASS combo
Aliphatic Hydroxylation | C-Hydroxylation | Esterification	2	RXNCLASS combo
Aromatization | Dehydrogenation | N-Deformylation	2	RXNCLASS combo
Epoxidation | N-Dealkylation | N-Demethylation	2	RXNCLASS combo
C-Oxidation | N-Oxidation | Ring Opening	2	RXNCLASS combo
Cyclization | Ring Closure | Tautomerization	2	RXNCLASS combo
C-Oxidation | Desulfuration	2	RXNCLASS combo
C-Hydroxylation | Dehalogenation | Elimination	2	RXNCLASS combo
C-Hydroxylation | Deglycosidation | Dehalogenation | Elimination	2	RXNCLASS combo
Epoxidation | Oxygenation	2	RXNCLASS combo
Dearomatization | Oxidative Deamination | Tautomerization	2	RXNCLASS combo
C-Hydroxylation | C-Oxidation | Dearomatization | Epoxidation | Hydrolysis	2	RXNCLASS combo
Deamidation | Oxidation	2	RXNCLASS combo
Aromatization | Isomerization | Nucleophilic Addition | Rearrangement | Ring Opening	2	RXNCLASS combo
Aromatization | Dehydration | Nucleophilic Addition	2	RXNCLASS combo
Aromatization | Nucleophilic Substitution | Sulfonation	2	RXNCLASS combo
Aromatization | C-Oxidation | Phosphorylation	2	RXNCLASS combo
Dephosphorylation | Phosphorylation	2	RXNCLASS combo
Isomerization | Oxidation | Ring Opening	2	RXNCLASS combo
Chain Shortening | Cleavage	2	RXNCLASS combo
Alkylation | Desulfuration | Methylation	2	RXNCLASS combo
Desulfuration | Methylation | Oxidation	2	RXNCLASS combo
Alkylation | Hydrolysis | Methylation	2	RXNCLASS combo
Alkylation | Methylation | Quaternization	2	RXNCLASS combo
Reductive Amination	2	RXNCLASS combo
C-Oxidation | Desulfuration | Ring Opening	2	RXNCLASS combo
Aromatization | Dehydration | Glutathionation	2	RXNCLASS combo
Dimerization | Nucleophilic Addition	2	RXNCLASS combo
O-Dephosphorylation | Oxidative Deamination | Tautomerization	2	RXNCLASS combo
C-Dearylation | Dehydrogenation	2	RXNCLASS combo
Cyclization | Glutathionation | Hydrolysis	2	RXNCLASS combo
S-Deamination	2	RXNCLASS combo
C-Oxidation | Chain Shortening | Esterification	2	RXNCLASS combo
Desulfuration | Oxidation | Oxidative Desulfuration	2	RXNCLASS combo
Dehalogenation | Isomerization | N-Acetylcysteination	2	RXNCLASS combo
Decomplexation | Reduction	2	RXNCLASS combo
Aromatic Thiolation | Thiolation	2	RXNCLASS combo
Dehalogenation | Glutathionation | Optical Resolution | Reduction	2	RXNCLASS combo
Nucleophilic Substitution | Optical Resolution	2	RXNCLASS combo
Denitrosation | N-Oxidation	2	RXNCLASS combo
Esterification | Glycination | O-Acylation	2	RXNCLASS combo
Epimerization | Hydrogenation | Optical Resolution | Reduction	2	RXNCLASS combo
Cysteination | Nucleophilic Addition	2	RXNCLASS combo
Dehydroxylation | Protein Binding	2	RXNCLASS combo
Transchelation	2	RXNCLASS combo
Dimerization | Ring Opening	2	RXNCLASS combo
C-Oxidation | Dephosphorylation	2	RXNCLASS combo
Dehydrogenation | N-Reduction | Reduction	2	RXNCLASS combo
Aliphatic Deamination	2	RXNCLASS combo
C-Demethylation | Isomerization	2	RXNCLASS combo
Nucleophilic Substitution | Protein Binding	2	RXNCLASS combo
Dehydration | Rearrangement | Ring Closure	2	RXNCLASS combo
Dephosphorylation | O-Alkylation	2	RXNCLASS combo
Methoxylation | Oxidation	2	RXNCLASS combo
Methylation | Oxidation	2	RXNCLASS combo
Covalent Binding | Dehalogenation | Nucleic Acid Binding	2	RXNCLASS combo
Chain Shortening | Dehydrogenation | Oxidation	2	RXNCLASS combo
C-Oxidation | Chain Shortening | Dehydrogenation	2	RXNCLASS combo
Sulfation | Transphosphorylation	2	RXNCLASS combo
Hydrolysis | O-Deglucuronidation | Ring Opening	2	RXNCLASS combo
N-Deacylation | N-Decarboxylation	2	RXNCLASS combo
Aromatization | Glutathionation | Hydrolysis	2	RXNCLASS combo
Dearomatization | N-Acetylcysteination	2	RXNCLASS combo
Cyclization | Dehydration | Lactonization	2	RXNCLASS combo
Cyclization | Epoxidation | Hydration	2	RXNCLASS combo
O-Glucuronidation | Reduction	2	RXNCLASS combo
O-Sulfation | Reduction	2	RXNCLASS combo
Cleavage | Elimination | Ring Opening	2	RXNCLASS combo
Dearomatization | Radical Formation	2	RXNCLASS combo
Decarbonylation | Glutathionation | Ring Opening	2	RXNCLASS combo
Glutathionation | Ring Opening | S-Oxidation	2	RXNCLASS combo
Hydrolysis | Ring Opening | S-Oxidation	2	RXNCLASS combo
Reduction | Se-Dealkylation	2	RXNCLASS combo
Dehydrohalogenation | Hydrolysis	2	RXNCLASS combo
Deamination | Glutathionation | Nitrosation	2	RXNCLASS combo
Aliphatic Hydroxylation | C-Hydroxylation | Deoxygenation	2	RXNCLASS combo
C-Oxidation | N-Acetylcysteination	2	RXNCLASS combo
Dehalogenation | Nitration	2	RXNCLASS combo
Conjugation | Epimerization	2	RXNCLASS combo
Dephosphorylation | Epimerization	2	RXNCLASS combo
Hydrolysis | Inversion | Ring Opening	2	RXNCLASS combo
Denitrogenation | Denitrosation | Hydration | Hydrolysis | Ring Closure	2	RXNCLASS combo
DNA Binding | Rearrangement	2	RXNCLASS combo
Covalent Binding | DNA Binding | O-Alkylation	2	RXNCLASS combo
Aromatic Hydroxylation | C-Hydroxylation | N-Acetylation | N-Acylation	2	RXNCLASS combo
Alkylation | Dehydroxylation | Methylation | Oxidation	2	RXNCLASS combo
Cyclization | O-Dealkylation	2	RXNCLASS combo
C-Oxidation | Oxidative Desulfuration	2	RXNCLASS combo
Aliphatic Hydroxylation | C-Hydroxylation | Glutathionation | Oxidative Desulfuration	2	RXNCLASS combo
Decarboxylation | Hydrolysis | N-Deacylation	2	RXNCLASS combo
N-Carboxylation | Optical Resolution	2	RXNCLASS combo
C-Hydroxylation | N-Carboxylation	2	RXNCLASS combo
Aliphatic Hydroxylation | C-Hydroxylation | N-Carboxylation	2	RXNCLASS combo
C-Dealkylation | C-Demethylation | C-Hydroxylation | Oxidative Dealkylation	2	RXNCLASS combo
Dearomatization | Oxidation | Radical Formation	2	RXNCLASS combo
Hydrolysis | O-Dealkylation | O-Dephosphorylation	2	RXNCLASS combo
Conjugation | Hydrolysis | Transconjugation	2	RXNCLASS combo
C-Oxidation | Oxygenation	2	RXNCLASS combo
Aromatic Hydroxylation | Aromatization | C-Hydroxylation | Dehydrogenation | Dehydrohalogenation	2	RXNCLASS combo
Aromatic Hydroxylation | Aromatization | C-Hydroxylation | Dehydrohalogenation	2	RXNCLASS combo
Aromatic Hydroxylation | C-Hydroxylation | Dehalogenation | Nucleophilic Substitution | Oxidative Dehalogenation	2	RXNCLASS combo
Aromatization | Hydration | Hydrolysis	2	RXNCLASS combo
C-Hydroxylation | Dearomatization | Epoxidation | Hydrogenation | Hydrolysis | Oxidation	2	RXNCLASS combo
Aliphatic Hydroxylation | C-Hydroxylation | Dearomatization | Epoxidation | Hydration | Hydrolysis | Hydroxylation	2	RXNCLASS combo
Cleavage | Oxidative N-Dealkylation	2	RXNCLASS combo
O-Dearylation | Ring Opening	2	RXNCLASS combo
Dehalogenation | Glutathionation | Oxidative Deamination	2	RXNCLASS combo
Nucleophilic Substitution | S-Alkylation | S-Dealkylation	2	RXNCLASS combo
Dehalogenation | Glutathionation | Hydrolysis | Oxidative Deamination	2	RXNCLASS combo
Aromatic Hydroxylation | Aromatization | C-Hydroxylation | Ring Opening	2	RXNCLASS combo
Dehydrogenation | Isomerization | Oxidation	2	RXNCLASS combo
Cleavage | Hydrolysis | Ring Closure	2	RXNCLASS combo
Acetylglutathionation	2	RXNCLASS combo
C-Oxidation | Lactonization | Ring Contraction | Ring Opening	2	RXNCLASS combo
Cleavage | Lactonization | Ring Closure | Ring Contraction | Ring Opening	2	RXNCLASS combo
C-Oxidation | Chain Shortening | Hydrolysis | Oxidation | Oxidative Dealkylation	2	RXNCLASS combo
Lactonization | O-Deglucuronidation | Ring Closure	2	RXNCLASS combo
C-Hydroxylation | Dearomatization | Hydrolysis | Ring Opening	2	RXNCLASS combo
Elimination | Oxidative Deamination | Reduction | Ring Opening	2	RXNCLASS combo
Cleavage | Deformylation | Ring Opening	2	RXNCLASS combo
Elimination | Ring Contraction	2	RXNCLASS combo
Amination | Desulfation	2	RXNCLASS combo
Aromatic Hydroxylation | C-Hydroxylation | N-Hydroxylation	2	RXNCLASS combo
Cysteination | S-Oxidation	2	RXNCLASS combo
C-Deacylation | Chain Shortening	2	RXNCLASS combo
Deglutathionation | Dimerization	2	RXNCLASS combo
Aliphatic Hydroxylation | C-Dearylation | C-Hydroxylation	2	RXNCLASS combo
Sulfonation | Sulfuration	2	RXNCLASS combo
Covalent Binding | DNA Binding | N-Alkylation | N-Methylation | O-Dealkylation | O-Demethylation	2	RXNCLASS combo
DNA Binding | Dehydration | N-Dehydroxylation | N-Reduction	2	RXNCLASS combo
N-Reduction | Ring Closure	2	RXNCLASS combo
DNA Binding | Dehydration | N-Dehydroxylation	2	RXNCLASS combo
Aliphatic Hydroxylation | C-Hydroxylation | Deamination | Hydrolysis	2	RXNCLASS combo
Dearomatization | Rearrangement | S-Dealkylation	2	RXNCLASS combo
Amination | DNA Binding | N-Alkylation	2	RXNCLASS combo
Ring Opening | S-Alkylation | S-Methylation | S-Oxidation	2	RXNCLASS combo
Glutathionation | Rearrangement | Ring Enlargement	2	RXNCLASS combo
Dealkylation | Demethylation | Hydroxylation | Oxidation	2	RXNCLASS combo
Dealkylation | Demethylation | Oxidation	2	RXNCLASS combo
Dephosphorylation | Hydrolysis | Tautomerization	2	RXNCLASS combo
Hydration | Oxidative Deamination	2	RXNCLASS combo
Aliphatic Hydroxylation | C-Hydroxylation | N-Dealkylation | Ring Opening	2	RXNCLASS combo
C-Oxidation | Dehydrogenation | N-Dealkylation | N-Demethylation | Ring Opening	2	RXNCLASS combo
Hydrolysis | N-Decarboxylation | O-Dealkylation	2	RXNCLASS combo
Nucleophilic Addition | Protein Binding	2	RXNCLASS combo
Protein Binding | Rearrangement	2	RXNCLASS combo
Epoxidation | Nucleophilic Addition | Protein Binding | Ring Opening	2	RXNCLASS combo
C-Oxidation | Oxidative Dealkylation | Ring Opening	2	RXNCLASS combo
Aliphatic Hydroxylation | C-Hydroxylation | C-Oxidation | Dearomatization | Ring Opening	2	RXNCLASS combo
Ring Opening | S-Dealkylation	2	RXNCLASS combo
Hydroxylation | S-Reduction	2	RXNCLASS combo
C-Oxidation | Dearomatization | Isomerization	2	RXNCLASS combo
Dehydroxylation | N-Dealkylation	2	RXNCLASS combo
Dehydrogenation | S-Oxidation	2	RXNCLASS combo
Condensation | Dehydration	2	RXNCLASS combo
Cleavage | Lactonization | Ring Contraction	2	RXNCLASS combo
Dehydroxylation | Hydrolysis	2	RXNCLASS combo
N-Dealkylation | N-Demethylation | O-Dealkylation	2	RXNCLASS combo
Lactonization | O-Dealkylation | O-Demethylation | Ring Closure	2	RXNCLASS combo
Dearomatization | Reduction	2	RXNCLASS combo
C-Dealkylation | Chain Shortening | Oxidative Dealkylation	2	RXNCLASS combo
DNA Binding | Deacetylation | Deacylation	2	RXNCLASS combo
Aromatic Dehydroxylation | C-Oxidation	2	RXNCLASS combo
Reduction | Se-Alkylation	2	RXNCLASS combo
O-Acetylation | O-Acylation | O-Sulfation	2	RXNCLASS combo
Hydrolysis | N-Acetylation | N-Deacylation | Optical Resolution	2	RXNCLASS combo
C-Oxidation | Dehydrogenation | Hydrolysis | O-Deacylation	2	RXNCLASS combo
Dehydrohalogenation | Hydrolysis | Ring Opening	2	RXNCLASS combo
C-Oxidation | Dehalogenation | N-Acetylcysteination | Ring Opening	2	RXNCLASS combo
Dehalogenation | N-Acetylcysteination | Ring Opening	2	RXNCLASS combo
Isomerization | Transesterification	2	RXNCLASS combo
N-Alkylation | N-Deacetylation | N-Deacylation	2	RXNCLASS combo
C-Hydroxylation | Covalent Binding | Cyclization | DNA Binding	2	RXNCLASS combo
Reduction | Ring Contraction	2	RXNCLASS combo
Dealkylation | Glycosidation	2	RXNCLASS combo
C-Oxidation | Hydrogenation | O-Alkylation | O-Methylation | Rearrangement | Reduction	2	RXNCLASS combo
Dearomatization | Elimination | S-Dealkylation | Tautomerization	2	RXNCLASS combo
Hydrogenation | Hydrolysis | O-Dealkylation | Reduction | Ring Opening	2	RXNCLASS combo
Dearomatization | Dehydration | Oxidation	2	RXNCLASS combo
Rearrangement | Tautomerization	2	RXNCLASS combo
Oxidative Desulfuration | Ring Opening	2	RXNCLASS combo
Deglutathionation | Reduction	2	RXNCLASS combo
Cysteination | S-Cysteination	2	RXNCLASS combo
Aromatization | Dehydration | S-Dealkylation	2	RXNCLASS combo
C-Oxidation | Chain Shortening | O-Deacetylation | O-Deacylation	2	RXNCLASS combo
Hydrolysis | N-Acetylation | N-Acylation | Reduction	2	RXNCLASS combo
Aromatization | C-Hydroxylation | Dehydrogenation	2	RXNCLASS combo
C-Deacylation | Hydrolysis	2	RXNCLASS combo
DNA Binding | Dehydration | Dehydroxylation | Hydrolysis | Ring Opening	2	RXNCLASS combo
DNA Binding | Dehydration | Hydrolysis | Ring Opening	2	RXNCLASS combo
Dearomatization | Dehalogenation | Glutathionation | Reduction	2	RXNCLASS combo
Glycosidation | O-Glucosidation	2	RXNCLASS combo
Cysteination | Isomerization | Ring Opening	2	RXNCLASS combo
Dehydroxylation | O-Dealkylation | O-Demethylation | Reduction	2	RXNCLASS combo
Decarboxylation | O-Demethylation | Oxidation | Ring Opening	2	RXNCLASS combo
C-Oxidation | Chain Shortening | Hydrolysis	2	RXNCLASS combo
C-Hydroxylation | Rearrangement | Tautomerization	2	RXNCLASS combo
C-Oxidation | Lactonization | O-Dealkylation | O-Demethylation | Ring Closure	2	RXNCLASS combo
Aromatic Dehydroxylation | Dehydroxylation | O-Dealkylation | O-Demethylation | Reduction	2	RXNCLASS combo
Covalent Binding | Desulfuration | Lipid Binding | Protein Binding	2	RXNCLASS combo
Decysteination | Ring Opening	2	RXNCLASS combo
N-Glucuronidation | O-Glucuronidation	2	RXNCLASS combo
Dehalogenation | P-Hydroxylation	2	RXNCLASS combo
N-Deacetylation | N-Deacylation | N-Hydroxylation	2	RXNCLASS combo
Esterification | O-Sulfation	2	RXNCLASS combo
Decarboxylation | Ring Opening	2	RXNCLASS combo
Decarboxylation | Hydrolysis | Ring Opening	2	RXNCLASS combo
O-Dealkylation | O-Demethylation | Reduction | Ring Opening	2	RXNCLASS combo
Dehydroxylation | Hydrolysis | O-Deacylation | Reduction	2	RXNCLASS combo
Aromatic Sulfonation | Sulfonation	2	RXNCLASS combo
C-Deamination | Ring Closure	2	RXNCLASS combo
Inversion | Tautomerization	2	RXNCLASS combo
Deboronation | Peroxidation	2	RXNCLASS combo
Deboronation | Dehydrogenation	2	RXNCLASS combo
Deglucosidation | Deglycosidation | Hydrolysis	2	RXNCLASS combo
Amination | Ring Opening	2	RXNCLASS combo
Dimerization | N-Acylation | N-Deacylation	2	RXNCLASS combo
Dehalogenation | Protein Binding | Ring Closure	2	RXNCLASS combo
Dehalogenation | N-Acetylcysteination | Ring Closure	2	RXNCLASS combo
Cyclization | Hydrolysis | Ring Opening	2	RXNCLASS combo
Dehydration | Hydrolysis | Rearrangement | Ring Closure | Ring Opening	2	RXNCLASS combo
C-Decarboxylation | Oxidation	2	RXNCLASS combo
Deglycosidation | Hydrolysis | Optical Resolution	2	RXNCLASS combo
Glutathionation | S-Alkylation	2	RXNCLASS combo
Dehydrohalogenation | Ring Opening	2	RXNCLASS combo
Dehalogenation | S-Amidation	2	RXNCLASS combo
Hydrolysis | Oxidative Deamination | Ring Opening	2	RXNCLASS combo
Esterification | O-Dephosphorylation	2	RXNCLASS combo
C-Hydroxylation | Dehalogenation | Glutathionation	2	RXNCLASS combo
Decarboxylation | Tautomerization	2	RXNCLASS combo
C-Decarboxylation | C-Oxidation | Chain Shortening | Dehalogenation	2	RXNCLASS combo
O-Dealkylation | Reduction | Ring Contraction | S-Dealkylation	2	RXNCLASS combo
Dehydroxylation | Isomerization | Peroxidation	2	RXNCLASS combo
C-Oxidation | Decyanidation | Hydrolysis | Ring Contraction	2	RXNCLASS combo
Alkylation | Deglycosidation | Methylation	2	RXNCLASS combo
Deglycosidation | Rearrangement	2	RXNCLASS combo
Hydrolysis | Ring Opening | S-Reduction	2	RXNCLASS combo
C-Dearylation | Cleavage	2	RXNCLASS combo
Dehalogenation | Radical Formation | Rearrangement	2	RXNCLASS combo
C-Alkylation | C-Methylation | O-Alkylation | O-Methylation	2	RXNCLASS combo
Deglutathionation | Desulfuration | Reduction	2	RXNCLASS combo
Cyanidation | Deglycosidation	2	RXNCLASS combo
N-Acylation | Ring Closure	2	RXNCLASS combo
Denitration | Isomerization	2	RXNCLASS combo
Hydrolysis | N-Deacetylation | N-Deacylation | O-Deacetylation | O-Deacylation	2	RXNCLASS combo
C-Oxidation | Decarbonylation | Ring Opening	2	RXNCLASS combo
Amination | Cyclization | Ring Opening	2	RXNCLASS combo
C-Oxidation | Dehydrogenation | N-Deacetylation | N-Deacylation	2	RXNCLASS combo
Aromatization | C-Deamination	2	RXNCLASS combo
Desulfation | Desulfuration | Hydrolysis	2	RXNCLASS combo
C-Oxidation | Deamidation	2	RXNCLASS combo
Cleavage | O-Dealkylation	2	RXNCLASS combo
Cleavage | Dehydrogenation | O-Dealkylation | O-Demethylation | Ring Opening	2	RXNCLASS combo
C-Oxidation | Cleavage | Dehydrogenation | Ring Opening	2	RXNCLASS combo
Aromatic Hydroxylation | C-Hydroxylation | Dehalogenation | Glutathionation | Ring Opening	2	RXNCLASS combo
C-Desulfuration | Reduction	2	RXNCLASS combo
C-Oxidation | Carboxylation | Hydration | Oxidation | Oxygenation | Ring Opening	2	RXNCLASS combo
C-Oxidation | Dearomatization | Decarboxylation	2	RXNCLASS combo
Aromatization | Glutathionation | O-Dealkylation | Ring Opening	2	RXNCLASS combo
Dehydrohalogenation | Glutathionation | Ring Opening	2	RXNCLASS combo
C-Hydroxylation | Dehydration	2	RXNCLASS combo
Optical Resolution | S-Alkylation | S-Methylation | S-Oxidation	2	RXNCLASS combo
Hydrolysis | N-Deglucuronidation	2	RXNCLASS combo
C-Oxidation | Decarboxylation | Ring Opening	2	RXNCLASS combo
Ring Closure | Ring Contraction | Ring Opening	2	RXNCLASS combo
Glutathionation | O-Alkylation | O-Methylation	2	RXNCLASS combo
Aliphatic Hydroxylation | Aromatic Hydroxylation | C-Hydroxylation | Hydrogenation	2	RXNCLASS combo
Aromatization | C-Dealkylation | Dehydration | Ring Opening	2	RXNCLASS combo
Dehalogenation | Nucleic Acid Binding	2	RXNCLASS combo
Aromatic Dehydroxylation | C-Oxidation | Decarbonylation | Demethoxylation | Ring Contraction	2	RXNCLASS combo
C-Oxidation | Dealkoxylation | Decarbonylation | Demethoxylation | Ring Contraction	2	RXNCLASS combo
Decyanidation | N-Acetylcysteination	2	RXNCLASS combo
C-Oxidation | Dehydrogenation | N-Dealkylation | Ring Opening	2	RXNCLASS combo
C-Deacylation | C-Dealkylation | Deacetylation	2	RXNCLASS combo
Aliphatic Hydroxylation | C-Hydroxylation | Epoxidation | Oxidative Dehalogenation | Ring Closure	2	RXNCLASS combo
Alkylation | Se-Methylation	2	RXNCLASS combo
Dehydration | Protein Binding	2	RXNCLASS combo
Dearomatization | O-Dealkylation | O-Demethylation | Tautomerization	2	RXNCLASS combo
C-Oxidation | Cleavage | Hydrolysis | Ring Opening	2	RXNCLASS combo
Dehalogenation | Glutathionation | Isomerization | Reduction	2	RXNCLASS combo
C-Dealkylation | Carboxylation | Oxygenation	2	RXNCLASS combo
C-Dealkylation | Oxidation	2	RXNCLASS combo
Cleavage | O-Dealkylation | Ring Opening	2	RXNCLASS combo
Isomerization | S-Dealkylation	2	RXNCLASS combo
Cleavage | Deamidation | Hydrolysis | N-Deacylation	2	RXNCLASS combo
C-Oxidation | Carboxylation | Cleavage | N-Deacylation	2	RXNCLASS combo
Dearomatization | Glutathionation | Hydrolysis | N-Acetylation | Oxidation	2	RXNCLASS combo
C-Methoxylation | Hydrogenation	2	RXNCLASS combo
C-Alkylation | C-Hydroxylation | C-Methylation	2	RXNCLASS combo
Oxidative Cleavage | Ring Opening	2	RXNCLASS combo
Isomerization | Stereoisomerization	2	RXNCLASS combo
N-Oxidation | Optical Resolution	2	RXNCLASS combo
O-Dealkylation | O-Deglucuronidation	2	RXNCLASS combo
Cyclization | N-Reduction | Rearrangement	2	RXNCLASS combo
Dimerization | N-Reduction	2	RXNCLASS combo
C-Oxidation | Oxidative Deamination | Oxidative N-Dealkylation | Ring Opening	2	RXNCLASS combo
C-Hydroxylation | Dehalogenation | Oxidative Dehalogenation	2	RXNCLASS combo
C-Oxidation | Carboxylation | Deamination	2	RXNCLASS combo
Oxidative Deboronation | Ring Opening	2	RXNCLASS combo
Diastereomeric Resolution | Reduction	2	RXNCLASS combo
Hydrolysis | O-Alkylation | O-Methylation | Ring Opening	2	RXNCLASS combo
Protonation	2	RXNCLASS combo
N-Hydroxylation | Tautomerization	2	RXNCLASS combo
Dehydrogenation | Dehydroxylation | Ring Opening	2	RXNCLASS combo
Cysteination | Transacylation	2	RXNCLASS combo
Hydrogenation | N-Acetylcysteination | Ring Opening	2	RXNCLASS combo
Deglucosidation | Ring Closure	2	RXNCLASS combo
Amination | Cyclization	2	RXNCLASS combo
Dehydration | Glycination | Ring Closure	2	RXNCLASS combo
Dehydration | Glutamination | Ring Closure	2	RXNCLASS combo
Dehydration | Ring Closure | Taurination	2	RXNCLASS combo
Cleavage | Dearomatization | Tautomerization	2	RXNCLASS combo
Hydrolysis | O-Deacylation | O-Deglycosidation	2	RXNCLASS combo
C-Hydroxylation | O-Sulfation	2	RXNCLASS combo
Hydroxylation | Ring Closure	2	RXNCLASS combo
C-Hydroxylation | Dehydration | O-Glucuronidation | Ring Opening	2	RXNCLASS combo
Epoxidation | Hydrolysis | Optical Resolution	2	RXNCLASS combo
Chain Shortening | O-Dealkylation	2	RXNCLASS combo
Demethoxylation | O-Alkylation | O-Methylation	2	RXNCLASS combo
O-Deglycosidation | O-Glycosidation | Transglycosylation	2	RXNCLASS combo
Epimerization | Ring Closure	2	RXNCLASS combo
Dearomatization | Glutathionation | Nucleophilic Addition	2	RXNCLASS combo
O-Deglucosidation	2	RXNCLASS combo
Hydrolysis | Lactonization | O-Deglycosidation | Ring Closure	2	RXNCLASS combo
C-Hydroxylation | Dehydroxylation | Hydration | Hydrolysis	2	RXNCLASS combo
Deacetylation | Dehydrohalogenation	1	RXNCLASS combo
Aliphatic Hydroxylation | N-Acetylation | N-Deacylation | Ring Closure	1	RXNCLASS combo
Glucuronidation | Protein Binding	1	RXNCLASS combo
Aromatization | Hydrolysis | Rearrangement | Ring Opening	1	RXNCLASS combo
C-Oxidation | Dearomatization | N-Decarbamoylation | Oxidation	1	RXNCLASS combo
C-Hydroxylation | Hydration | Hydrolysis | Nucleophilic Addition | O-Dealkylation | Ring Opening	1	RXNCLASS combo
C-Hydroxylation | Epoxidation | Hydration | Hydroxylation | Nucleophilic Addition | Reduction	1	RXNCLASS combo
Aliphatic Hydroxylation | C-Hydroxylation | Hydrolysis | Rearrangement | Ring Contraction	1	RXNCLASS combo
Dehydroxylation | Rearrangement | Ring Contraction	1	RXNCLASS combo
Rearrangement | Ring Contraction | Ring Opening	1	RXNCLASS combo
Aromatization | Dehydrogenation | N-Decarboxylation	1	RXNCLASS combo
Aromatization | C-Oxidation | Ring Contraction	1	RXNCLASS combo
Hydrolysis | Ring Contraction	1	RXNCLASS combo
Dehydration | S-Oxidation | Sulfuration	1	RXNCLASS combo
Deacylation | Hydroxylation | Ring Contraction	1	RXNCLASS combo
C-Oxidation | S-Oxidation | Sulfuration | Tautomerization	1	RXNCLASS combo
Aromatization | Dehydration | N-Acetylation | N-Deacylation	1	RXNCLASS combo
Aliphatic Hydroxylation | Aromatic Hydroxylation | C-Hydroxylation | Ring Contraction	1	RXNCLASS combo
Conjugation | N-Dealkylation | Oxidation | S-Dealkylation	1	RXNCLASS combo
Cleavage | Hydrolysis | Reduction | Ring Opening	1	RXNCLASS combo
Hydrolysis | Oxidation | S-Dealkylation	1	RXNCLASS combo
Cleavage | Hydrolysis | N-Dealkylation | Oxidation | Ring Opening | S-Dealkylation	1	RXNCLASS combo
Dehydrogenation | Hydrolysis | S-Dealkylation	1	RXNCLASS combo
Dehalogenation | Dehydration | Dehydroxylation | Reduction	1	RXNCLASS combo
Dehalogenation | Dehydration | Reductive Dehalogenation	1	RXNCLASS combo
Deamination | Oxidation | Oxidative Deamination | Tautomerization	1	RXNCLASS combo
Hydroxylation | N-Dealkylation | Oxidative Deamination | Tautomerization	1	RXNCLASS combo
C-Hydroxylation | Deamination | Hydrogenation | N-Reduction | Oxidative Deamination | Tautomerization	1	RXNCLASS combo
C-Hydroxylation | N-Methylation	1	RXNCLASS combo
Aliphatic Hydroxylation | Aromatic Hydroxylation | Hydrogenation	1	RXNCLASS combo
Aliphatic Hydroxylation | C-Hydroxylation | Dehalogenation | Hydroxylation	1	RXNCLASS combo
Dehalogenation | Hydroxylation | N-Methylation | Oxidation	1	RXNCLASS combo
Decarboxylation | Dehalogenation | N-Oxidation | Oxidation | S-Oxidation	1	RXNCLASS combo
Dehalogenation | N-Methylation | Oxidation	1	RXNCLASS combo
Dehydrogenation | Hydrogenation | Oxidation | Reduction	1	RXNCLASS combo
Dearomatization | Dehydrogenation | Isomerization | N-Oxidation | Oxidation | Quaternization | Tautomerization	1	RXNCLASS combo
Aromatization | Glutathionation | Isomerization | Reduction | Tautomerization	1	RXNCLASS combo
Dearomatization | N-Oxidation | Oxidation	1	RXNCLASS combo
Dehalogenation | Glutathionation | Tautomerization	1	RXNCLASS combo
Aromatization | Glutathionation | Isomerization | Tautomerization	1	RXNCLASS combo
Glutathionation | Isomerization | Tautomerization	1	RXNCLASS combo
Aromatic Hydroxylation | C-Hydroxylation | Dehalogenation | Quaternization	1	RXNCLASS combo
Cleavage | Elimination | N-Dealkylation | Ring Opening	1	RXNCLASS combo
Dearomatization | Hydration | Oxidation	1	RXNCLASS combo
Aromatic Hydroxylation | C-Hydroxylation | Dearomatization | Dehydrogenation	1	RXNCLASS combo
C-Hydroxylation | Dehydrogenation | Oxidation	1	RXNCLASS combo
Dearomatization | Dehydrogenation | N-Dealkylation | N-Demethylation | Oxidation	1	RXNCLASS combo
Heterolysis | N-Dealkylation | N-Demethylation | N-Oxidation	1	RXNCLASS combo
N-Acetylcysteination | N-Oxidation	1	RXNCLASS combo
N-Demethylation | O-Deacetylation | O-Demethylation	1	RXNCLASS combo
O-Deacetylation | O-Demethylation	1	RXNCLASS combo
Deacetylation | Deacylation | Hydrolysis | N-Deacetylation | N-Deacylation | O-Deacetylation | O-Deacylation	1	RXNCLASS combo
Deacetylation | Hydrolysis | N-Demethylation | O-Deacetylation | O-Deacylation	1	RXNCLASS combo
Hydrolysis | N-Demethylation | O-Deacetylation | O-Deacylation | O-Demethylation	1	RXNCLASS combo
Hydrolysis | N-Oxidation | O-Demethylation	1	RXNCLASS combo
N-Demethylation | Oxidative Dealkylation	1	RXNCLASS combo
N-Demethylation | O-Deacetylation	1	RXNCLASS combo
N-Oxidation | O-Deacetylation	1	RXNCLASS combo
O-Conjugation | O-Sulfation	1	RXNCLASS combo
C-Oxidation | Radical Formation	1	RXNCLASS combo
C-Hydroxylation | Cyclization | Hydration | Reduction	1	RXNCLASS combo
Acetylcysteination | Isomerization | N-Acetylcysteination	1	RXNCLASS combo
Dehydrogenation | Oxidation | Reduction	1	RXNCLASS combo
C-Oxidation | Decarboxylation | Deformylation	1	RXNCLASS combo
C-Hydroxylation | C-Oxidation | Hydrogenation | Hydroxylation | Oxidation | Tautomerization	1	RXNCLASS combo
Aliphatic Hydroxylation | C-Dealkylation | C-Demethylation | C-Hydroxylation | C-Oxidation | Chain Shortening | Oxidative Dealkylation	1	RXNCLASS combo
Conjugation | Esterification | Glucuronidation | O-Glucuronidation	1	RXNCLASS combo
C-Demethylation | C-Hydroxylation | C-Oxidation | Decarboxylation | Oxidation | Oxidative Dealkylation	1	RXNCLASS combo
N-Sulfation | Protein Binding	1	RXNCLASS combo
C-Decarboxylation | Decarboxylation | Dehydration	1	RXNCLASS combo
Acetylation | Hydrolysis	1	RXNCLASS combo
Aromatization | Dehydration | Dehydrogenation | Dehydroxylation | N-Oxidation | Oxidation | Quaternization	1	RXNCLASS combo
Aromatization | C-Oxidation | Dehydrogenation | N-Oxidation | Oxidation | Quaternization	1	RXNCLASS combo
Dehydration | Dehydrogenation | Reduction	1	RXNCLASS combo
Aromatic Hydroxylation | C-Hydroxylation | Dearomatization | Hydrogenation | Hydroxylation | Reduction	1	RXNCLASS combo
Aromatization | Dehydrogenation | O-Methylation	1	RXNCLASS combo
Cyclization | Decarboxylation | N-Deacylation | Oxidation | Ring Closure | Ring Contraction | Ring Opening	1	RXNCLASS combo
Aromatization | Dehydration | Ring Contraction	1	RXNCLASS combo
Aromatization | Ring Closure | Ring Contraction | Ring Opening	1	RXNCLASS combo
Denitrogenation | Oxidative Deamination | Peroxidation	1	RXNCLASS combo
Aromatic Hydroxylation | C-Hydroxylation | Cyanidation | N-Dealkylation | N-Demethylation	1	RXNCLASS combo
Dehydrogenation | O-Dealkylation | Oxidation	1	RXNCLASS combo
Conjugation | N-Dealkylation	1	RXNCLASS combo
Cleavage | Deformylation | Hydrolysis | N-Dealkylation | Ring Opening	1	RXNCLASS combo
Oxidation | Ring Contraction	1	RXNCLASS combo
Aromatic Deamination | Deamination	1	RXNCLASS combo
Conjugation | N-Acetylation | N-Acylation	1	RXNCLASS combo
Aliphatic Hydroxylation | C-Hydroxylation | N-Acetylation	1	RXNCLASS combo
Aliphatic Hydroxylation | Hydrolysis | Reduction	1	RXNCLASS combo
Dehalogenation | O-Dealkylation	1	RXNCLASS combo
C-Hydroxylation | Dehydrogenation | Rearrangement	1	RXNCLASS combo
Desulfation | Rearrangement	1	RXNCLASS combo
Aliphatic Hydroxylation | C-Alkylation | C-Dealkylation | C-Demethylation | C-Hydroxylation | C-Methylation | Dehydration | Oxidation | Rearrangement	1	RXNCLASS combo
C-Alkylation | C-Dealkylation | C-Demethylation | C-Methylation	1	RXNCLASS combo
C-Hydroxylation | Epimerization | Reduction	1	RXNCLASS combo
Aliphatic Hydroxylation | C-Alkylation | C-Dealkylation | C-Demethylation | C-Hydroxylation | C-Methylation	1	RXNCLASS combo
Dehydrogenation | O-Sulfation	1	RXNCLASS combo
Deacetylation | Epimerization | Hydrolysis | Inversion	1	RXNCLASS combo
C-Oxidation | Dehydrogenation | Hydrogenation | Isomerization | Reduction | Tautomerization	1	RXNCLASS combo
Isomerization | Oxidation | Reduction	1	RXNCLASS combo
Demethylation | Hydrogenation | Oxidation | Reduction	1	RXNCLASS combo
C-Oxidation | Rearrangement | Ring Enlargement	1	RXNCLASS combo
C-Oxidation | Dealkynylation	1	RXNCLASS combo
C-Deacylation | C-Dealkylation | C-Oxidation | Cleavage | Deacylation | Oxidation	1	RXNCLASS combo
Deacylation | Hydroxylation | Oxidation	1	RXNCLASS combo
Dealkylation | Isomerization | Oxidation	1	RXNCLASS combo
Dealkylation | Hydrogenation | Oxidation | Reduction	1	RXNCLASS combo
Lactonization | Oxidation	1	RXNCLASS combo
S-Hydroxylation	1	RXNCLASS combo
Cyanidation | N-Dealkylation | N-Demethylation | S-Oxidation	1	RXNCLASS combo
Cyanidation | N-Dealkylation | N-Demethylation	1	RXNCLASS combo
N-Alkylation | N-Methylation | Ring Opening	1	RXNCLASS combo
Azo Cleavage | Cleavage | Elimination | Hydrogenation | N-Deamination | N-Reduction | Reduction	1	RXNCLASS combo
Azo Cleavage | N-Acetylation | N-Reduction | Reduction	1	RXNCLASS combo
Azo Cleavage | Cleavage | Hydrogenation | N-Deamination | N-Reduction	1	RXNCLASS combo
Aromatic Hydroxylation | N-Acetylation | Reduction	1	RXNCLASS combo
C-Oxidation | Dearomatization | Dehydrogenation | Oxidation | Rearrangement	1	RXNCLASS combo
Dealkylation | Dearylation | Oxidation	1	RXNCLASS combo
Dealkylation | Decarboxylation | Oxidation	1	RXNCLASS combo
Radical Formation | S-Oxidation	1	RXNCLASS combo
Cleavage | Deamination | Elimination | N-Oxidation	1	RXNCLASS combo
Chain Shortening | Hydrolysis | N-Acetylation | N-Acylation | N-Deacylation | Transconjugation	1	RXNCLASS combo
N-Dealkylation | Oxidation | Ring Contraction	1	RXNCLASS combo
Acyl Migration | Ring Opening	1	RXNCLASS combo
N-Reduction | Ring Closure | Ring Opening	1	RXNCLASS combo
Aromatic Hydroxylation | Hydrolysis | Rearrangement | Ring Opening	1	RXNCLASS combo
Aliphatic Hydroxylation | C-Hydroxylation | C-Oxidation | Hydroxylation | N-Dealkylation | N-Demethylation	1	RXNCLASS combo
Dealkylation | Demethylation | N-Dealkylation | N-Demethylation | Oxidative N-Dealkylation	1	RXNCLASS combo
Aliphatic Hydroxylation | Dehydration | N-Dealkylation	1	RXNCLASS combo
C-Decarboxylation | C-Oxidation | Oxidative Decarboxylation	1	RXNCLASS combo
Hydroxylation | N-Dealkylation | Nucleophilic Substitution	1	RXNCLASS combo
Isomerization | N-Methylation	1	RXNCLASS combo
Aromatic Hydroxylation | Hydrolysis | N-Dealkylation | Oxidation	1	RXNCLASS combo
Isomerization | S-Oxidation	1	RXNCLASS combo
Rearrangement | S-Oxidation	1	RXNCLASS combo
Oxidation | S-Oxidation | Tautomerization	1	RXNCLASS combo
Condensation | Reduction | Ring Opening	1	RXNCLASS combo
Dealkenylation | Hydrolysis | N-Dealkylation	1	RXNCLASS combo
Dimerization | N-Deacylation | Oxidation	1	RXNCLASS combo
N-Dealkylation | N-Glucosidation	1	RXNCLASS combo
Aromatic Hydroxylation | C-Hydroxylation | C-Oxidation | Hydroxylation | Optical Resolution	1	RXNCLASS combo
Aromatization | NIH Shift | Rearrangement	1	RXNCLASS combo
Conjugation | O-Dephosphorylation | Transacylation	1	RXNCLASS combo
Conjugation | Esterification | Transacylation	1	RXNCLASS combo
Amidation | Hydrolysis | Optical Resolution	1	RXNCLASS combo
Conjugation | Esterification | Nucleophilic Substitution	1	RXNCLASS combo
Conjugation | Covalent Binding | Lipid Binding	1	RXNCLASS combo
Dearomatization | N-Deacylation | O-Dealkylation | O-Demethylation | Oxidation	1	RXNCLASS combo
Denitration | Elimination | N-Reduction	1	RXNCLASS combo
Dehydrogenation | N-Dealkylation | O-Dealkylation	1	RXNCLASS combo
Deamination | Decarboxylation | Oxidation	1	RXNCLASS combo
Aliphatic Hydroxylation | O-Demethylation | Oxidation	1	RXNCLASS combo
C-Oxidation | Decarboxylation | Hydrolysis | O-Dealkylation | O-Demethylation | Oxidation	1	RXNCLASS combo
Aliphatic Hydroxylation | Decarboxylation | O-Demethylation | Oxidation	1	RXNCLASS combo
C-Oxidation | N-Reduction | Ring Opening	1	RXNCLASS combo
N-Dealkylation | N-Demethylation | Oxidative Deamination | Oxidative N-Dealkylation	1	RXNCLASS combo
Azo Coupling | N-Dealkylation | N-Demethylation	1	RXNCLASS combo
Dearomatization | O-Sulfation | Rearrangement | Tautomerization	1	RXNCLASS combo
Conjugation | Dearomatization | Hydrogenation | O-Sulfation | Sulfation	1	RXNCLASS combo
Dearomatization | O-Glucuronidation | Tautomerization	1	RXNCLASS combo
Deacetylation | Hydrolysis | O-Deacylation	1	RXNCLASS combo
Glucuronidation | Glycination | Hydrolysis	1	RXNCLASS combo
Dehydrogenation | Hydroxylation | Reduction	1	RXNCLASS combo
Dearomatization | N-Dealkylation | Oxidation	1	RXNCLASS combo
Aromatic Hydroxylation | C-Hydroxylation | Glutathionation | N-Dealkylation	1	RXNCLASS combo
Hydrolysis | N-Acetylation | N-Deacylation | Transacetylation	1	RXNCLASS combo
Covalent Binding | Glucuronidation	1	RXNCLASS combo
N-Dealkylation | Ring Contraction	1	RXNCLASS combo
Oxidation | Rearrangement | Ring Contraction	1	RXNCLASS combo
Aromatization | O-Methylation | Oxidation	1	RXNCLASS combo
Dehydroxylation | Quaternization	1	RXNCLASS combo
N-Acetylation | N-Dealkylation | N-Demethylation	1	RXNCLASS combo
C-Oxidation | Hydrolysis | N-Dealkylation | N-Demethylation | N-Formylation | Oxidation | S-Dealkylation	1	RXNCLASS combo
Decarbonylation | Hydrolysis | N-Dealkylation | N-Deformylation	1	RXNCLASS combo
N-Dealkylation | Nitrosation	1	RXNCLASS combo
Dimerization | N-Dearylation	1	RXNCLASS combo
Aromatization | Deamination | N-Dearylation	1	RXNCLASS combo
C-Decarboxylation | Cyclization	1	RXNCLASS combo
N-Acetylation | Ring Closure	1	RXNCLASS combo
Aliphatic Hydroxylation | N-Acetylation | Ring Closure	1	RXNCLASS combo
Aromatic Hydroxylation | N-Acetylation | Tautomerization	1	RXNCLASS combo
Elimination | N-Dearylation	1	RXNCLASS combo
Aromatic Hydroxylation | C-Oxidation | Deamination | N-Dearylation | Nucleophilic Substitution | Tautomerization	1	RXNCLASS combo
Aromatic Hydroxylation | C-Oxidation | Isomerization	1	RXNCLASS combo
N-Formylation | Ring Closure | Tautomerization	1	RXNCLASS combo
Hydrolysis | N-Reduction | Reduction	1	RXNCLASS combo
Denitration | Denitrogenation | Elimination | Hydrolysis | N-Reduction | Reduction	1	RXNCLASS combo
Denitration | Denitrosation | Elimination | Hydrolysis | N-Reduction | Radical Formation | Reduction	1	RXNCLASS combo
Nitrosylation	1	RXNCLASS combo
Elimination | N-Reduction | Nitrosylation	1	RXNCLASS combo
Nitrosylation | Protein Binding	1	RXNCLASS combo
Aliphatic Hydroxylation | N-Dealkylation | S-Dealkylation	1	RXNCLASS combo
Decarboxylation | N-Dealkylation | O-Dealkylation | Oxidation	1	RXNCLASS combo
C-Hydroxylation | Hydroxylation | Isomerization | Tautomerization	1	RXNCLASS combo
Decarboxylation | N-Dealkylation | Oxidation | Ring Opening	1	RXNCLASS combo
Acyl Migration | Oxidation | Ring Opening	1	RXNCLASS combo
Deamidation | Hydrolysis | Oxidative Deamination	1	RXNCLASS combo
C-Hydroxylation | Hydroxylation | Rearrangement	1	RXNCLASS combo
CoA Binding | Conjugation | Esterification	1	RXNCLASS combo
Conjugation | Transconjugation	1	RXNCLASS combo
Acyl Migration | Isomerization | Transglycosylation	1	RXNCLASS combo
Hydration | S-Dealkylation	1	RXNCLASS combo
Conjugation | Glutathionation | Reduction	1	RXNCLASS combo
Deformylation | N-Deacylation | N-Deformylation	1	RXNCLASS combo
N-Dealkylation | Oxygenation	1	RXNCLASS combo
N-Acylation | Ring Opening	1	RXNCLASS combo
Cyclization | N-Alkylation | Ring Closure	1	RXNCLASS combo
C-Oxidation | Hydrogenation | Isomerization | Oxidation | Rearrangement	1	RXNCLASS combo
O-Demethylation | Oxidative Dealkylation | Oxidative N-Dealkylation	1	RXNCLASS combo
Cyclization | Glutathionation | Hydrolysis | O-Dealkylation | Ring Closure	1	RXNCLASS combo
Nucleophilic Substitution | Ring Closure | S-Alkylation	1	RXNCLASS combo
O-Dealkylation | Sulfuration	1	RXNCLASS combo
Cyclization | Desulfation | Ring Closure	1	RXNCLASS combo
Desulfation | Glutathionation | Ring Closure	1	RXNCLASS combo
C-Oxidation | Dearomatization | Dehydrogenation | N-Oxidation | Oxidation | Rearrangement | Tautomerization	1	RXNCLASS combo
Aromatization | Glutathionation | Hydrogenation | Nucleophilic Addition | O-Alkylation | O-Methylation | Reduction	1	RXNCLASS combo
Elimination | S-Alkylation | S-Dealkylation | S-Methylation	1	RXNCLASS combo
Aromatization | Conjugation | Cysteination | Reduction	1	RXNCLASS combo
Aromatic Cysteination | Cysteination	1	RXNCLASS combo
Aromatization | Thiolation	1	RXNCLASS combo
Acetylcysteination | Aromatization | Conjugation | Hydrogenation | N-Acetylcysteination | Reduction | Tautomerization	1	RXNCLASS combo
Aromatic Cysteination | Conjugation | Cysteination | N-Acetylation | N-Acetylcysteination	1	RXNCLASS combo
Aromatization | Methiolation | Nucleophilic Addition	1	RXNCLASS combo
Aromatic Cysteination | Aromatic Methiolation | Methiolation | S-Dealkylation | S-Methylation	1	RXNCLASS combo
Aromatic Cysteination | S-Dealkylation | S-Methylation | S-Oxidation	1	RXNCLASS combo
Conjugation | N-Acylation | N-Conjugation	1	RXNCLASS combo
Aromatization | Glutathionation | Rearrangement | Reduction	1	RXNCLASS combo
Cysteination | Deamidation | Hydrolysis | N-Deacylation	1	RXNCLASS combo
Aromatization | Cysteination | Rearrangement | Reduction	1	RXNCLASS combo
Conjugation | N-Deacetylation | Nucleophilic Substitution	1	RXNCLASS combo
N-Acetylcysteination | O-Alkylation | O-Methylation	1	RXNCLASS combo
Acetylcysteination | Conjugation | Cysteination | Dehydroxylation | N-Acetylcysteination	1	RXNCLASS combo
Aromatic Selenylation	1	RXNCLASS combo
Aromatization | Covalent Binding | Hydrogenation | Protein Binding | Reduction	1	RXNCLASS combo
Aromatization | Conjugation | Covalent Binding | Hydrogenation | Protein Binding | Tautomerization	1	RXNCLASS combo
Aromatization | Conjugation | Covalent Binding | Protein Binding | Reduction	1	RXNCLASS combo
Conjugation | Protein Binding | Sulfation | Sulfuration	1	RXNCLASS combo
Dearomatization | N-Deacetylation | N-Deacylation	1	RXNCLASS combo
Aromatic Cysteination | N-Deacetylation	1	RXNCLASS combo
Cysteination | N-Acetylcysteination | Protein Binding	1	RXNCLASS combo
N-Acetylation | O-Acylation	1	RXNCLASS combo
Deamidation | Deamination | N-Denitrosation	1	RXNCLASS combo
C-Oxidation | Cleavage | N-Dealkylation | Oxidation	1	RXNCLASS combo
Hydrolysis | Hydroxylation | Ring Opening | Tautomerization	1	RXNCLASS combo
Conjugation | Deamination	1	RXNCLASS combo
Conjugation | Nucleophilic Substitution | Tautomerization	1	RXNCLASS combo
Amination | Aromatic Amidation | Dearomatization | Isomerization | Rearrangement | S-Dealkylation | S-Dearylation | Tautomerization	1	RXNCLASS combo
Dearomatization | Elimination | Hydrolysis | Isomerization | S-Dealkylation | S-Dearylation | Tautomerization	1	RXNCLASS combo
C-Amination | Dearomatization | Glycosidation | N-Glycosidation | Phosphorylation | Rearrangement | S-Dealkylation	1	RXNCLASS combo
Dearomatization | Glycosidation | N-Glycosidation | S-Dealkylation | S-Dearylation | Tautomerization	1	RXNCLASS combo
Amination | Isomerization	1	RXNCLASS combo
C-Hydroxylation | N-Deglycosidation | Oxidative Deamination | Tautomerization	1	RXNCLASS combo
Conjugation | Dimerization | S-Dearylation	1	RXNCLASS combo
Amination | Nucleic Acid Binding	1	RXNCLASS combo
Aromatization | Isomerization | S-Alkylation | S-Methylation | Tautomerization	1	RXNCLASS combo
Aromatization | Isomerization | S-Alkylation | S-Dealkylation | S-Methylation | Transalkylation	1	RXNCLASS combo
Aromatization | Glycosidation | N-Glycosidation | Phosphorylation | S-Alkylation | S-Methylation | Tautomerization	1	RXNCLASS combo
Aromatization | Glycosidation | N-Glycosidation | S-Alkylation | S-Methylation	1	RXNCLASS combo
Amination | DNA Binding	1	RXNCLASS combo
Amination | Glycosidation | S-Alkylation | S-Methylation	1	RXNCLASS combo
Glycosidation | S-Alkylation | S-Methylation	1	RXNCLASS combo
Glycosidation | S-Dealkylation | S-Methylation	1	RXNCLASS combo
Amination | Elimination | Glycosidation | N-Glycosidation | S-Dealkylation | Tautomerization	1	RXNCLASS combo
Amination | C-Amination | Dearomatization | Glycosidation | N-Glycosidation | S-Dealkylation | S-Dearylation	1	RXNCLASS combo
Amination | Dearomatization | N-Glycosidation | S-Dearylation	1	RXNCLASS combo
Hydrolysis | O-Dealkylation | O-Demethylation | Oxidative Dealkylation	1	RXNCLASS combo
N-Deacetylation | N-Deacylation | O-Dealkylation	1	RXNCLASS combo
N-Acetylation | O-Sulfation	1	RXNCLASS combo
Aromatic Cysteination | O-Dealkylation	1	RXNCLASS combo
Aromatic Cysteination | N-Acetylation | O-Dealkylation	1	RXNCLASS combo
N-Deacetylation | Nucleophilic Substitution | O-Dealkylation	1	RXNCLASS combo
Aromatic Cysteination | O-Dealkylation | S-Dealkylation | S-Methylation	1	RXNCLASS combo
Aromatic Hydroxylation | N-Deacetylation	1	RXNCLASS combo
C-Oxidation | O-Dearylation | Oxidative Dealkylation	1	RXNCLASS combo
Aliphatic Hydroxylation | Dehydration | N-Dealkylation | Ring Closure	1	RXNCLASS combo
Isomerization | Ring Closure | Ring Opening	1	RXNCLASS combo
Hydrogenation | O-Demethylation	1	RXNCLASS combo
Aromatic Hydroxylation | Decarboxylation | Oxidation	1	RXNCLASS combo
Aromatic Hydroxylation | Decarboxylation | Hydrolysis | Oxidation	1	RXNCLASS combo
Aliphatic Hydroxylation | O-Acetylation	1	RXNCLASS combo
Epoxidation | N-Demethylation	1	RXNCLASS combo
Conjugation | Esterification | O-Phosphorylation | Phosphorylation	1	RXNCLASS combo
Dephosphorylation | Esterification | O-Alkylation	1	RXNCLASS combo
C-Oxidation | Deamination | Nucleophilic Substitution | Oxidative Deamination | Oxidative N-Dealkylation | Tautomerization	1	RXNCLASS combo
Aromatic Hydroxylation | Deamination | Phosphorylation | Tautomerization	1	RXNCLASS combo
Azo Cleavage | Hydrolysis	1	RXNCLASS combo
Azo Cleavage | Elimination | N-Dealkylation | N-Demethylation	1	RXNCLASS combo
DNA Binding | N-Dealkylation | N-Demethylation | Nucleic Acid Binding	1	RXNCLASS combo
Deamination | N-Deamination | N-Reduction	1	RXNCLASS combo
Isomerization | Nucleophilic Substitution	1	RXNCLASS combo
Hydrolysis | Oxidative Cleavage | Ring Opening | Tautomerization	1	RXNCLASS combo
C-Dealkylation | Oxidative Deamination | Ring Opening	1	RXNCLASS combo
Dehydrogenation | Nucleophilic Substitution | Oxidation	1	RXNCLASS combo
Decarboxylation | O-Dealkylation	1	RXNCLASS combo
Aliphatic Hydroxylation | Aromatization | C-Deamination | C-Hydroxylation | Dehydrogenation | N-Dealkylation	1	RXNCLASS combo
Dehydrogenation | Hydrolysis | O-Methylation	1	RXNCLASS combo
Nucleophilic Substitution | Oxidation | Oxidative Deamination	1	RXNCLASS combo
N-Dealkylation | N-Formylation | O-Dealkylation	1	RXNCLASS combo
C-Deglycosidation | Deglycosidation | Dehydroxylation | Deoxygenation | O-Dealkylation | O-Deglycosidation | Reduction	1	RXNCLASS combo
Deglycosidation | O-Dealkylation | Reduction	1	RXNCLASS combo
C-Deglycosidation | Deglycosidation | Dehydroxylation | Deoxygenation | O-Deglycosidation | Reduction	1	RXNCLASS combo
Hydrogenation | O-Deglycosidation | Reduction	1	RXNCLASS combo
Covalent Binding | RNA Binding | Ring Opening	1	RXNCLASS combo
Aromatization | Dehydrogenation | O-Dealkylation	1	RXNCLASS combo
O-Dearylation | Oxidation	1	RXNCLASS combo
Deamidation | N-Oxidation	1	RXNCLASS combo
Aliphatic Hydroxylation | Deacetylation	1	RXNCLASS combo
C-Oxidation | Dehydration | Dehydrogenation | Hydrolysis | Oxidative N-Dealkylation | Ring Opening	1	RXNCLASS combo
Cleavage | Elimination | Hydrolysis | Ring Opening	1	RXNCLASS combo
C-Oxidation | N-Dealkylation | Oxidation | Oxidative Deamination | Oxidative N-Dealkylation	1	RXNCLASS combo
C-Oxidation | Hydrolysis | Oxidative N-Dealkylation	1	RXNCLASS combo
Denitrosation | Ring Opening	1	RXNCLASS combo
Decarboxylation | Hydrolysis | O-Dealkylation | Oxidation | Rearrangement	1	RXNCLASS combo
Decarboxylation | Hydrolysis | N-Deacylation | N-Dealkylation | O-Dealkylation | Oxidation | Rearrangement	1	RXNCLASS combo
Cyclization | Tautomerization	1	RXNCLASS combo
C-Hydroxylation | C-Methoxylation	1	RXNCLASS combo
Dearomatization | Hydrolysis | Hydroxylation | Reduction	1	RXNCLASS combo
Conjugation | Hydrolysis | Rearrangement	1	RXNCLASS combo
C-Oxidation | Dehalogenation | Denitrogenation	1	RXNCLASS combo
Dehalogenation | Denitrogenation | Sulfuration	1	RXNCLASS combo
C-Alkylation | Radical Formation	1	RXNCLASS combo
C-Methylation | Dehalogenation | Reduction	1	RXNCLASS combo
Cysteination | Hydrolysis | N-Acetylation | Ring Opening	1	RXNCLASS combo
Aromatization | C-Oxidation | Decysteination | Dehydrogenation	1	RXNCLASS combo
Aromatization | Dehydrogenation | Hydrolysis | Nucleophilic Addition | Rearrangement | Ring Opening	1	RXNCLASS combo
Aromatization | Hydrolysis | Nucleophilic Addition	1	RXNCLASS combo
C-Hydroxylation | Dearomatization | Hydration | Methiolation	1	RXNCLASS combo
Conjugation | Hydrolysis | Ring Opening	1	RXNCLASS combo
O-Deacylation | Sulfation	1	RXNCLASS combo
Hydrolysis | O-Dealkylation | Oxidation	1	RXNCLASS combo
O-Deacetylation | O-Glucuronidation	1	RXNCLASS combo
Glucuronidation | N-Demethylation | O-Deacetylation	1	RXNCLASS combo
N-Demethylation | O-Deacetylation | Sulfation	1	RXNCLASS combo
O-Deacylation | Oxidation	1	RXNCLASS combo
Aromatic Hydroxylation | C-Hydroxylation | N-Dealkylation | O-Dealkylation | Ring Opening	1	RXNCLASS combo
Aromatic Hydroxylation | Aromatic Methoxylation | O-Methylation	1	RXNCLASS combo
C-Hydroxylation | Dehydration | Dehydrogenation | Quaternization	1	RXNCLASS combo
Dearomatization | Oxidation | Oxidative Deamination	1	RXNCLASS combo
Aromatization | Hydration	1	RXNCLASS combo
Acetylation | O-Acylation | O-Deacetylation | O-Deacylation	1	RXNCLASS combo
Aliphatic Hydroxylation | C-Hydroxylation | C-Oxidation | Dehalogenation | Hydrolysis	1	RXNCLASS combo
Amidation | Dehalogenation | Oxidation	1	RXNCLASS combo
N-Acetylation | N-Reduction | Reduction	1	RXNCLASS combo
Dearomatization | Dehydrogenation | O-Dealkylation | O-Demethylation | Oxidation	1	RXNCLASS combo
Condensation | Dimerization | Peroxidation	1	RXNCLASS combo
Aliphatic Hydroxylation | C-Hydroxylation | C-Oxidation | Dearomatization | Epoxidation | Hydrolysis | Nucleophilic Addition	1	RXNCLASS combo
Aliphatic Hydroxylation | C-Hydroxylation | Dearomatization | Hydrogenation	1	RXNCLASS combo
C-Oxidation | Dearomatization | Epoxidation | Hydrogenation | Hydrolysis	1	RXNCLASS combo
Aliphatic Hydroxylation | Aromatization | C-Hydroxylation | Ring Opening	1	RXNCLASS combo
C-Hydroxylation | C-Oxidation | Dearomatization | Epoxidation | Hydrogenation | Hydrolysis | Reduction	1	RXNCLASS combo
C-Hydroxylation | Dearomatization | Epoxidation | Hydrogenation | Hydrolysis | Reduction	1	RXNCLASS combo
Aromatic Hydroxylation | C-Hydroxylation | C-Oxidation | Dearomatization | Epoxidation | Hydrogenation | Nucleophilic Addition	1	RXNCLASS combo
Dearomatization | Epoxidation | Nucleophilic Addition | Ring Closure	1	RXNCLASS combo
C-Hydroxylation | Dearomatization | Epoxidation | Hydrogenation | Hydrolysis | Ring Closure	1	RXNCLASS combo
Covalent Binding | Hydrolysis | Protein Binding | Ring Opening	1	RXNCLASS combo
Covalent Binding | DNA Binding | Protein Binding | Ring Opening	1	RXNCLASS combo
C-Hydroxylation | Dearomatization | Epoxidation | Hydration | Hydrogenation | Hydrolysis | Nucleophilic Addition | Ring Closure	1	RXNCLASS combo
C-Hydroxylation | Dearomatization | Dehydrogenation | Epoxidation | Hydration | Hydrolysis | Nucleophilic Addition	1	RXNCLASS combo
Aromatic Hydroxylation | C-Hydroxylation | Dearomatization | Epoxidation | Hydrogenation | Hydrolysis	1	RXNCLASS combo
Aromatic Hydroxylation | C-Hydroxylation | C-Oxidation | Dearomatization | Epoxidation | Hydrolysis | Oxidation | Reduction	1	RXNCLASS combo
C-Hydroxylation | Dearomatization | Epoxidation | Hydrogenation | Hydrolysis | Hydroxylation | Nucleophilic Addition | Oxidation | Ring Closure | Ring Opening	1	RXNCLASS combo
Covalent Binding | DNA Binding | Hydrolysis | Nucleic Acid Binding | Ring Opening	1	RXNCLASS combo
C-Hydroxylation | Epoxidation | Hydration | Hydrolysis | Ring Opening	1	RXNCLASS combo
Covalent Binding | DNA Binding | Nucleic Acid Binding | Protein Binding	1	RXNCLASS combo
DNA Binding | Nucleophilic Addition | Protein Binding | Ring Opening	1	RXNCLASS combo
Aromatic Hydroxylation | C-Hydroxylation | Dearomatization | Epoxidation | Hydrogenation | Hydrolysis | Reduction	1	RXNCLASS combo
Aromatic Hydroxylation | C-Hydroxylation | C-Oxidation | Dearomatization | Epoxidation | Hydrolysis | Nucleophilic Addition	1	RXNCLASS combo
DNA Binding | Epoxidation	1	RXNCLASS combo
C-Oxidation | Dearomatization | Epoxidation | Nucleophilic Addition	1	RXNCLASS combo
DNA Binding | Dearomatization | Epoxidation | Hydrolysis	1	RXNCLASS combo
Dearomatization | Epoxidation | Hydration | Ring Opening	1	RXNCLASS combo
C-Hydroxylation | Dearomatization | Epoxidation | Hydroxylation	1	RXNCLASS combo
Dealkylation | N-Dealkylation | Oxidative N-Dealkylation	1	RXNCLASS combo
Dehalogenation | N-Dealkylation	1	RXNCLASS combo
C-Oxidation | Deamination | N-Dealkylation | Oxidation | Oxidative Dealkylation | Oxidative Deamination	1	RXNCLASS combo
Aliphatic Hydroxylation | C-Hydroxylation | Deamination | N-Dealkylation | Nucleophilic Substitution | Oxidative Deamination	1	RXNCLASS combo
O-Dealkylation | Protein Binding	1	RXNCLASS combo
C-Hydroxylation | C-Oxidation | Deamination | N-Dealkylation | Nucleophilic Substitution | Oxidation | Oxidative Deamination	1	RXNCLASS combo
C-Oxidation | Decarboxylation | Elimination | N-Dealkylation | Oxidation	1	RXNCLASS combo
C-Oxidation | Deamination | Oxidative Dealkylation	1	RXNCLASS combo
N-Dealkylation | O-Methylation | Oxidation	1	RXNCLASS combo
Aliphatic Hydroxylation | Aromatic Hydroxylation | C-Hydroxylation | C-Oxidation | Optical Resolution	1	RXNCLASS combo
Conjugation | Decarboxylation | N-Dealkylation | Oxidation	1	RXNCLASS combo
Aliphatic Hydroxylation | C-Dealkylation | C-Oxidation | Deacylation | Oxidative Dealkylation	1	RXNCLASS combo
Conjugation | Deacylation | Dealkylation | Glycination	1	RXNCLASS combo
Dearomatization | Glutathionation | Hydration	1	RXNCLASS combo
Dehydrogenation | N-Deacylation | N-Demethylation	1	RXNCLASS combo
Dehydrogenation | N-Deacylation	1	RXNCLASS combo
Acetylcysteination | Conjugation | Isomerization	1	RXNCLASS combo
Acetylcysteination | Hydrolysis | N-Acetylation	1	RXNCLASS combo
Glucuronidation | Glutathionation | Isomerization	1	RXNCLASS combo
Glutathionation | Lactonization | Nucleophilic Addition | Ring Opening	1	RXNCLASS combo
Decarboxylation | N-Acetylcysteination	1	RXNCLASS combo
Dehydrogenation | N-Acylation	1	RXNCLASS combo
Aliphatic Hydroxylation | Hydrogenation | O-Dealkylation | O-Methylation | Oxidation	1	RXNCLASS combo
Hydrogenation | O-Dealkylation | Oxidation	1	RXNCLASS combo
Aliphatic Hydroxylation | Hydrogenation | O-Dealkylation | Oxidation	1	RXNCLASS combo
Condensation | Cyclization | N-Dealkylation | N-Demethylation | Ring Closure	1	RXNCLASS combo
Condensation | Cyclization | Dehydration | Dehydrogenation | N-Dealkylation | N-Demethylation | Oxidative N-Dealkylation | Rearrangement | Reduction | Ring Closure	1	RXNCLASS combo
Hydrogenation | N-Dealkylation | N-Demethylation	1	RXNCLASS combo
Hydrogenation | N-Demethylation | Oxidative N-Dealkylation | Ring Closure	1	RXNCLASS combo
Isomerization | N-Demethylation	1	RXNCLASS combo
Condensation | Cyclization | Oxidation	1	RXNCLASS combo
N-Demethylation | N-Formylation	1	RXNCLASS combo
Deglucuronidation | Glutathionation	1	RXNCLASS combo
Esterification | Transacylation	1	RXNCLASS combo
N-Sulfation | S-Amidation | Sulfuration	1	RXNCLASS combo
Cyanidation | Dehydrogenation	1	RXNCLASS combo
S-Dearylation | S-Methylation	1	RXNCLASS combo
Aliphatic Hydroxylation | C-Hydroxylation | S-Dearylation | S-Methylation | S-Oxidation	1	RXNCLASS combo
Aliphatic Hydroxylation | C-Hydroxylation | S-Dearylation | S-Methylation	1	RXNCLASS combo
Deamination | N-Deacetylation | Oxidation	1	RXNCLASS combo
N-Deacetylation | N-Dealkylation | Oxidation | Ring Closure	1	RXNCLASS combo
N-Deacetylation | N-Dealkylation | Oxidation	1	RXNCLASS combo
Aromatization | Dehydrogenation | N-Dealkylation | Oxidation | Oxidative Deamination	1	RXNCLASS combo
Dehydrogenation | Hydrolysis | N-Dealkylation | Oxidation	1	RXNCLASS combo
C-Oxidation | O-Dealkylation | Oxidative Dealkylation	1	RXNCLASS combo
Dehydrogenation | Hydrolysis | Ring Closure	1	RXNCLASS combo
Dehydrogenation | Hydrolysis | O-Dealkylation | Ring Closure	1	RXNCLASS combo
Aromatization | C-Oxidation | Dehydrogenation | O-Dealkylation | Oxygenation	1	RXNCLASS combo
Decarboxylation | Dehydrogenation | Hydrolysis | N-Dealkylation | Oxidation	1	RXNCLASS combo
C-Hydroxylation | Oxidative Deamination	1	RXNCLASS combo
Aromatic Hydroxylation | Aromatic Methoxylation | O-Dealkylation	1	RXNCLASS combo
Aromatic Hydroxylation | Dehydration | O-Dealkylation	1	RXNCLASS combo
Esterification | N-Demethylation | Oxidation	1	RXNCLASS combo
Aromatic Hydroxylation | Aromatic Methoxylation | N-Dealkylation	1	RXNCLASS combo
Aromatic Hydroxylation | Aromatic Methoxylation | Dehydration | O-Dealkylation	1	RXNCLASS combo
Aromatic Methoxylation | O-Dealkylation	1	RXNCLASS combo
Hydroxylation | N-Acetylation | Reduction	1	RXNCLASS combo
Aromatic Hydroxylation | Oxidation | Tautomerization	1	RXNCLASS combo
Conjugation | N-Acetylation | Oxidation	1	RXNCLASS combo
N-Dehydroxylation | N-Demethylation	1	RXNCLASS combo
N-Dearylation | Sulfuration	1	RXNCLASS combo
Aliphatic Hydroxylation | C-Hydroxylation | Dehalogenation | Hydrolysis	1	RXNCLASS combo
C-Oxidation | Dehalogenation | Dehydrohalogenation | Oxidation | Oxidative Dehalogenation	1	RXNCLASS combo
C-Hydroxylation | C-Oxidation | Dehalogenation | Dehydrohalogenation	1	RXNCLASS combo
Aromatic Hydroxylation | Dehalogenation | Oxidation	1	RXNCLASS combo
Aliphatic Hydroxylation | Dehalogenation | Oxidation	1	RXNCLASS combo
Cleavage | Hydrogenation | Reduction | S-Reduction	1	RXNCLASS combo
Protein Binding | S-Conjugation	1	RXNCLASS combo
Aromatization | Glycosidation | N-Glycosidation | Phosphorylation | S-Alkylation | S-Methylation	1	RXNCLASS combo
Glycosidation | N-Conjugation | N-Glycosidation | Tautomerization	1	RXNCLASS combo
Aromatization | Isomerization | Rearrangement | S-Alkylation | S-Methylation | Tautomerization	1	RXNCLASS combo
Amination | S-Dealkylation | S-Demethylation | Tautomerization	1	RXNCLASS combo
C-Hydroxylation | Hydrolysis | O-Dephosphorylation | Tautomerization	1	RXNCLASS combo
Aliphatic Hydroxylation | C-Hydroxylation | C-Oxidation | Tautomerization	1	RXNCLASS combo
Amination | C-Amination | Isomerization | Nucleophilic Substitution | Reduction	1	RXNCLASS combo
Amination | Hydrolysis | O-Dephosphorylation	1	RXNCLASS combo
Amination | Dehydroxylation | Tautomerization	1	RXNCLASS combo
Amination | C-Amination | Tautomerization	1	RXNCLASS combo
Amination | C-Amination | Phosphorylation	1	RXNCLASS combo
Aromatization | Nucleic Acid Binding | Phosphorylation | S-Alkylation | S-Methylation | Tautomerization	1	RXNCLASS combo
Phosphorylation | S-Alkylation | S-Methylation	1	RXNCLASS combo
Amination | Phosphorylation	1	RXNCLASS combo
Amidation | Amination | Glycosidation | N-Glycosidation	1	RXNCLASS combo
N-Glycosidation | Nucleic Acid Binding	1	RXNCLASS combo
Deglycosidation | N-Dealkylation | N-Deglucosidation | N-Deglycosidation	1	RXNCLASS combo
N-Deacylation | N-Decarbamoylation	1	RXNCLASS combo
Aromatic Hydroxylation | C-Hydroxylation | Hydrogenation | N-Oxidation | Quaternization	1	RXNCLASS combo
Aliphatic Hydroxylation | C-Hydroxylation | N-Oxidation | Quaternization	1	RXNCLASS combo
Aromatic Hydroxylation | C-Hydroxylation | N-Oxidation | Quaternization	1	RXNCLASS combo
Aromatic Hydroxylation | C-Alkoxylation | C-Hydroxylation | C-Methoxylation | N-Oxidation | Quaternization	1	RXNCLASS combo
Dehydroxylation | O-Dealkylation | Oxidation	1	RXNCLASS combo
Deformylation | N-Reduction	1	RXNCLASS combo
Isomerization | N-Alkylation | N-Methylation	1	RXNCLASS combo
Aliphatic Hydroxylation | Aromatic Hydroxylation | C-Hydroxylation | C-Oxidation | Dearomatization | Hydroxylation | Oxidation | Tautomerization	1	RXNCLASS combo
C-Hydroxylation | N-Methylation | Tautomerization	1	RXNCLASS combo
Aromatic Hydroxylation | C-Hydroxylation | Hydrolysis | O-Dealkylation	1	RXNCLASS combo
N-Dealkylation | N-Dehydroxylation | N-Demethylation	1	RXNCLASS combo
Alkylation | Dehydrogenation | N-Oxidation	1	RXNCLASS combo
N-Cyanoalkylation	1	RXNCLASS combo
Hydrolysis | Hydroxylation | N-Dealkylation	1	RXNCLASS combo
Aliphatic Hydroxylation | Decarboxylation | Hydrolysis | Ring Closure	1	RXNCLASS combo
Aromatic Dealkylation | Aromatic Hydroxylation	1	RXNCLASS combo
C-Oxidation | Dehydrogenation | Hydrogenation | Oxidation	1	RXNCLASS combo
C-Oxidation | Dehydrogenation | Hydrogenation | Isomerization | Oxidation | Rearrangement	1	RXNCLASS combo
Glucuronidation | O-Conjugation | O-Glucuronidation	1	RXNCLASS combo
C-Oxidation | Deamination | N-Demethylation | Oxidation | Oxidative N-Dealkylation	1	RXNCLASS combo
Aromatic Hydroxylation | Dearomatization | Hydrogenation	1	RXNCLASS combo
C-Oxidation | O-Demethylation | Oxidative Dealkylation	1	RXNCLASS combo
O-Acetylation | O-Demethylation	1	RXNCLASS combo
Dehydrogenation | O-Demethylation | Oxidation	1	RXNCLASS combo
Dehydrogenation | O-Demethylation	1	RXNCLASS combo
C-Dealkylation | C-Oxidation | Dealkylation | Elimination | Oxidation | Oxidative Dealkylation	1	RXNCLASS combo
Aromatic Hydroxylation | C-Hydroxylation | Glucuronidation	1	RXNCLASS combo
Aromatization | Cysteination | Nucleophilic Addition	1	RXNCLASS combo
C-Oxidation | Dearomatization | O-Demethylation	1	RXNCLASS combo
Dearomatization | Oxidation | Tautomerization	1	RXNCLASS combo
Aromatization | Nucleic Acid Binding | Protein Binding	1	RXNCLASS combo
Protein Binding | Reduction | Thiolation	1	RXNCLASS combo
Oxidation | P-Dealkylation | P-Hydroxylation	1	RXNCLASS combo
Decarboxylation | Oxidation | P-Dealkylation | P-Hydroxylation	1	RXNCLASS combo
Aromatic Hydroxylation | C-Hydroxylation | C-Oxidation | Hydroxylation | Tautomerization	1	RXNCLASS combo
C-Hydroxylation | C-Oxidation | Hydroxylation | Oxidation | Tautomerization	1	RXNCLASS combo
C-Oxidation | Hydroxylation | N-Deacylation | N-Dealkylation | Oxidation | Ring Opening | Tautomerization	1	RXNCLASS combo
Aliphatic Hydroxylation | Aromatic Hydroxylation | C-Hydroxylation | C-Oxidation | Dearomatization | Oxidation | Tautomerization	1	RXNCLASS combo
Aliphatic Hydroxylation | C-Hydroxylation | C-Oxidation | Isomerization | N-Dealkylation | N-Demethylation | Oxidative N-Dealkylation | Tautomerization	1	RXNCLASS combo
N-Dealkylation | N-Demethylation | Transconjugation	1	RXNCLASS combo
Aromatic Hydroxylation | C-Hydroxylation | N-Demethylation | Tautomerization	1	RXNCLASS combo
Aliphatic Hydroxylation | Aromatic Hydroxylation | C-Hydroxylation | C-Oxidation | Dearomatization | Oxidation | Oxygenation | Tautomerization	1	RXNCLASS combo
Aromatic Hydroxylation | C-Hydroxylation | N-Dealkylation | N-Demethylation | Tautomerization	1	RXNCLASS combo
C-Hydroxylation | C-Oxidation | Oxidative N-Dealkylation | Ring Opening | Tautomerization	1	RXNCLASS combo
N-Acetylation | N-Acylation | N-Deacylation | Ring Opening	1	RXNCLASS combo
C-Oxidation | N-Acetylation | N-Acylation | Oxidative N-Dealkylation | Ring Opening	1	RXNCLASS combo
Deformylation | Hydrolysis | N-Deacylation | N-Deformylation	1	RXNCLASS combo
Deformylation | N-Acetylation | N-Acylation | Ring Opening	1	RXNCLASS combo
N-Acetylation | N-Acylation | N-Dealkylation | Ring Opening	1	RXNCLASS combo
N-Acetylation | N-Dealkylation | N-Demethylation | Ring Opening	1	RXNCLASS combo
C-Oxidation | N-Acetylation | N-Deacylation | N-Demethylation | Ring Opening	1	RXNCLASS combo
Acetylation | C-Oxidation | Deamination | N-Demethylation | Ring Opening	1	RXNCLASS combo
C-Hydroxylation | N-Acetylation | N-Acylation | Ring Opening | Tautomerization	1	RXNCLASS combo
C-Oxidation | N-Acetylation | Ring Opening	1	RXNCLASS combo
C-Oxidation | N-Acetylation | N-Acylation | N-Dealkylation | N-Demethylation | Ring Opening	1	RXNCLASS combo
C-Oxidation | N-Dealkylation | N-Demethylation | Oxidation | Oxidative Deamination | Oxidative N-Dealkylation	1	RXNCLASS combo
C-Hydroxylation | C-Oxidation | N-Demethylation | Tautomerization	1	RXNCLASS combo
Acetylation | N-Demethylation | Oxidation	1	RXNCLASS combo
N-Acetylation | N-Demethylation | Ring Opening	1	RXNCLASS combo
Aromatic Hydroxylation | C-Hydroxylation | Isomerization | NIH Shift | Nucleophilic Substitution | Rearrangement | Transhalogenation	1	RXNCLASS combo
C-Oxidation | Elimination | Oxidation	1	RXNCLASS combo
Hydrolysis | O-Acetylation | O-Dealkylation	1	RXNCLASS combo
Aromatic Hydroxylation | N-Demethylation | Oxidation	1	RXNCLASS combo
Aliphatic Hydroxylation | C-Hydroxylation | Deamination | N-Dealkylation | Oxidative N-Dealkylation	1	RXNCLASS combo
Aromatic Hydroxylation | N-Dealkylation | N-Dearylation	1	RXNCLASS combo
Aliphatic Hydroxylation | C-Hydroxylation | C-Oxidation | N-Dealkylation	1	RXNCLASS combo
N-Dealkylation | N-Dearylation | Oxidation	1	RXNCLASS combo
C-Oxidation | Deamination | Hydrolysis | Oxidative Deamination | Reduction | Ring Opening	1	RXNCLASS combo
Aliphatic Hydroxylation | N-Deacylation | N-Demethylation | Ring Closure	1	RXNCLASS combo
N-Deacylation | N-Demethylation | Reduction	1	RXNCLASS combo
Aliphatic Hydroxylation | N-Deacylation | N-Demethylation | Reduction	1	RXNCLASS combo
Hydrolysis | N-Deacylation | Ring Closure	1	RXNCLASS combo
Deglycosidation | Hydrolysis | O-Dealkylation | O-Deglycosidation | Reduction	1	RXNCLASS combo
Deglycosidation | Hydrogenation | O-Deglycosidation | Reduction	1	RXNCLASS combo
C-Deglycosidation | Deglycosidation | Dehydroxylation | Hydrolysis | Reduction	1	RXNCLASS combo
Deglycosidation | Dehydroxylation | Reduction	1	RXNCLASS combo
Dearomatization | Hydrogenation | Hydroxylation	1	RXNCLASS combo
Epimerization | Oxidation	1	RXNCLASS combo
Aromatic Hydroxylation | Aromatic Methoxylation | N-Dealkylation | Oxidation	1	RXNCLASS combo
Aliphatic Hydroxylation | Aromatic Hydroxylation | Methoxylation	1	RXNCLASS combo
Aliphatic Hydroxylation | Aromatic Hydroxylation | N-Dealkylation | Oxidation	1	RXNCLASS combo
Glucuronidation | O-Demethylation	1	RXNCLASS combo
Dealkylation | Isomerization | N-Dealkylation | N-Demethylation | Oxidative N-Dealkylation | Tautomerization	1	RXNCLASS combo
Aromatization | N-Dealkylation | N-Demethylation | Tautomerization	1	RXNCLASS combo
Formylation | Reduction	1	RXNCLASS combo
Aliphatic Hydroxylation | C-Oxidation | Oxidation	1	RXNCLASS combo
C-Oxidation | N-Demethylation | Oxidative Deamination | Oxidative N-Dealkylation	1	RXNCLASS combo
Aromatization | Denitrogenation | Elimination	1	RXNCLASS combo
Decarbonylation | Decarboxylation	1	RXNCLASS combo
Hydrogenation | Oxidative Deamination | Tautomerization	1	RXNCLASS combo
C-Hydroxylation | C-Oxidation | Deamination | Oxidative Deamination | Tautomerization	1	RXNCLASS combo
N-Alkylation | N-Glycosidation	1	RXNCLASS combo
C-Oxidation | Hydrogenation | N-Deacylation | N-Dealkylation | Ring Opening	1	RXNCLASS combo
Aromatic Hydroxylation | C-Hydroxylation | C-Oxidation | NIH Shift	1	RXNCLASS combo
C-Hydroxylation | Deamination | Nucleophilic Substitution | Oxidative Deamination	1	RXNCLASS combo
Aliphatic Hydroxylation | C-Hydroxylation | Deamination | N-Dealkylation | Oxidative Deamination	1	RXNCLASS combo
Aromatic Hydroxylation | C-Hydroxylation | C-Oxidation | O-Dealkylation	1	RXNCLASS combo
DNA Binding | O-Conjugation	1	RXNCLASS combo
Covalent Binding | DNA Binding | O-Conjugation | Protein Binding	1	RXNCLASS combo
Aromatization | Covalent Binding | DNA Binding | Rearrangement	1	RXNCLASS combo
Aromatic Hydroxylation | C-Hydroxylation | C-Methoxylation | N-Oxidation	1	RXNCLASS combo
Isomerization | N-Oxidation	1	RXNCLASS combo
Elimination | Hydrolysis | O-Deglycosidation | Rearrangement | Ring Closure | Ring Opening	1	RXNCLASS combo
Cyclization | Dehydration | N-Acylation	1	RXNCLASS combo
C-Oxidation | Cyanidation	1	RXNCLASS combo
Aromatization | Dehydrogenation | O-Alkylation | O-Methylation	1	RXNCLASS combo
Aromatic Cysteination | Decarboxylation | N-Acetylation | Oxidation	1	RXNCLASS combo
C-Oxidation | Deamination | Decarboxylation | O-Methylation | Oxidation	1	RXNCLASS combo
Dehydroxylation | Dephosphorylation	1	RXNCLASS combo
Dehydroxylation | Reduction | Transglycosylation	1	RXNCLASS combo
Hydration | Hydrogenation | Hydrolysis | Reduction | Ring Opening	1	RXNCLASS combo
Deamidation | Decarbamoylation | Hydrolysis | N-Deacylation	1	RXNCLASS combo
Cleavage | Deamidation | Hydrolysis | Ring Opening	1	RXNCLASS combo
Deamidation | Elimination | Hydrogenation | Hydrolysis | N-Deacylation | Reduction | Ring Opening	1	RXNCLASS combo
Condensation | Hydrolysis | Ring Opening	1	RXNCLASS combo
Covalent Binding | Nucleic Acid Binding | RNA Binding	1	RXNCLASS combo
Hydrolysis | Oxygenation	1	RXNCLASS combo
Deacetylation | Oxidation	1	RXNCLASS combo
Methoxylation | O-Dealkylation	1	RXNCLASS combo
Decarboxylation | Hydroxylation | N-Dealkylation | Oxidation	1	RXNCLASS combo
C-Hydroxylation | Reduction | Ring Opening	1	RXNCLASS combo
C-Hydroxylation | Methylation | Ring Closure | Ring Opening	1	RXNCLASS combo
Aliphatic Hydroxylation | Dehydrogenation | Esterification | Hydrolysis	1	RXNCLASS combo
Aliphatic Hydroxylation | N-Acetylation | Rearrangement | Ring Closure	1	RXNCLASS combo
O-Demethylation | Tautomerization	1	RXNCLASS combo
Aromatic Hydroxylation | Aromatic Methoxylation | Oxidation	1	RXNCLASS combo
Glucuronidation | O-Glucuronidation | Optical Resolution	1	RXNCLASS combo
Epimerization | Taurination	1	RXNCLASS combo
Nucleophilic Substitution | Taurination | Transconjugation	1	RXNCLASS combo
N-Acetylation | N-Oxidation	1	RXNCLASS combo
S-Deacylation | S-Methylation	1	RXNCLASS combo
C-Oxidation | Chain Elongation | Hydrolysis	1	RXNCLASS combo
C-Oxidation | Epoxidation | Hydrolysis | Isomerization	1	RXNCLASS combo
Chain Elongation | Dehydrogenation | Hydrolysis | Oxidation	1	RXNCLASS combo
Dimerization | Reduction | S-Oxidation	1	RXNCLASS combo
Arylation | Reduction	1	RXNCLASS combo
O-Demethylation | O-Methylation	1	RXNCLASS combo
Aromatic Hydroxylation | C-Hydroxylation | Cleavage	1	RXNCLASS combo
Cleavage | Reduction	1	RXNCLASS combo
Glucuronidation | N-Reduction	1	RXNCLASS combo
C-Oxidation | Cyclization | Oxidation | Ring Closure	1	RXNCLASS combo
Aromatic Hydroxylation | C-Oxidation | O-Alkylation | O-Methylation	1	RXNCLASS combo
Aromatic Hydroxylation | C-Oxidation | Dehydration | N-Dealkylation | N-Demethylation	1	RXNCLASS combo
Aliphatic Hydroxylation | C-Oxidation | N-Dealkylation | N-Demethylation	1	RXNCLASS combo
Aliphatic Hydroxylation | C-Oxidation | Dehydration	1	RXNCLASS combo
Hydrolysis | O-Deacetylation | O-Deacylation | O-Dearylation | Transesterification	1	RXNCLASS combo
Cleavage | Dehydration | Elimination | Hydrolysis	1	RXNCLASS combo
Esterification | Hydrolysis | N-Demethylation	1	RXNCLASS combo
Hydrolysis | N-Dealkylation | N-Demethylation | O-Dealkylation | O-Demethylation	1	RXNCLASS combo
Oxidative Dealkylation | Oxidative Deamination | Oxidative N-Dealkylation	1	RXNCLASS combo
C-Oxidation | Dimerization | N-Reduction | Ring Opening	1	RXNCLASS combo
C-Carboxylation | Oxidation | Ring Opening	1	RXNCLASS combo
Aliphatic Hydroxylation | Aromatic Hydroxylation | C-Hydroxylation | C-Oxidation | Isomerization | Tautomerization	1	RXNCLASS combo
C-Hydroxylation | N-Hydroxylation	1	RXNCLASS combo
C-Oxidation | Deglycosidation	1	RXNCLASS combo
N-Deacetylation | O-Dealkylation	1	RXNCLASS combo
N-Deacetylation | Oxidation	1	RXNCLASS combo
C-Methylation | Hydroxylation | Oxidation	1	RXNCLASS combo
N-Acetylation | N-Deacylation | S-Deacetylation	1	RXNCLASS combo
N-Deacylation | S-Deacetylation	1	RXNCLASS combo
N-Acetylation | N-Deacylation | S-Deacetylation | S-Methylation | S-Oxidation	1	RXNCLASS combo
S-Deacetylation	1	RXNCLASS combo
N-Deacylation | S-Deacetylation | S-Oxidation	1	RXNCLASS combo
C-Deacylation | C-Oxidation | Chain Shortening | Decarboxylation | Oxidative Dealkylation	1	RXNCLASS combo
C-Demethylation | C-Hydroxylation | C-Oxidation | Chain Shortening | Decarbonylation | Demethylation | Oxidative Dealkylation	1	RXNCLASS combo
Dehydrogenation | Hydrolysis | N-Dealkylation	1	RXNCLASS combo
Decarboxylation | Dehydrogenation | Hydrolysis | N-Dealkylation	1	RXNCLASS combo
Hydrolysis | N-Dealkylation | Reduction	1	RXNCLASS combo
Sulfation | Sulfuration	1	RXNCLASS combo
Glucuronidation | N-Hydroxylation	1	RXNCLASS combo
C-Oxidation | Dearomatization | N-Dealkylation | N-Demethylation	1	RXNCLASS combo
C-Hydroxylation | Hydration | Oxidation | Tautomerization	1	RXNCLASS combo
Aliphatic Hydroxylation | Oxygenation	1	RXNCLASS combo
Hydroxylation | N-Demethylation | Tautomerization	1	RXNCLASS combo
Hydroxylation | N-Acetylation | N-Dealkylation | N-Demethylation | Tautomerization	1	RXNCLASS combo
Aliphatic Hydroxylation | C-Hydroxylation | C-Oxidation | Hydroxylation | Tautomerization	1	RXNCLASS combo
Dearomatization | Hydroxylation | O-Dealkylation | Reduction	1	RXNCLASS combo
Hydrolysis | Se-Methylation	1	RXNCLASS combo
Aromatic Hydroxylation | Aromatic Methoxylation | Ring Opening | Se-Methylation	1	RXNCLASS combo
Aromatic Hydroxylation | Aromatic Methiolation | Ring Opening | Se-Methylation	1	RXNCLASS combo
Aromatic Hydroxylation | Ring Opening | Se-Methylation	1	RXNCLASS combo
Oxidation | Rearrangement | Ring Closure	1	RXNCLASS combo
Aromatic Hydroxylation | Oxidation | Rearrangement | Ring Closure	1	RXNCLASS combo
Hydroxylation | Rearrangement | Reduction	1	RXNCLASS combo
Aliphatic Hydroxylation | O-Acetylation | Rearrangement | Ring Opening	1	RXNCLASS combo
Deoxygenation | O-Dealkylation	1	RXNCLASS combo
O-Acetylation | Rearrangement | Ring Opening	1	RXNCLASS combo
Hydroxylation | O-Acetylation | Rearrangement | Ring Opening	1	RXNCLASS combo
C-Oxidation | Deamination | Lactamization | O-Demethylation	1	RXNCLASS combo
C-Hydroxylation | C-Oxidation | Deamination | Lactamization	1	RXNCLASS combo
C-Oxidation | Deamination | Lactamization | N-Oxidation	1	RXNCLASS combo
Hydration | N-Acetylation | N-Acylation | N-Dealkylation	1	RXNCLASS combo
Dehydration | Isomerization | N-Deacetylation | N-Deacylation | N-Hydroxylation	1	RXNCLASS combo
Aromatization | Hydrolysis | O-Dealkylation | O-Demethylation	1	RXNCLASS combo
Dearomatization | Dehydrogenation | Oxidation | Rearrangement	1	RXNCLASS combo
Isomerization | O-Demethylation | Reduction	1	RXNCLASS combo
C-Hydroxylation | Hydrogenation | Hydroxylation | N-Dealkylation | Ring Opening	1	RXNCLASS combo
C-Hydroxylation | C-Oxidation | Hydrogenation | Hydroxylation | Tautomerization	1	RXNCLASS combo
N-Deacetylation | Reduction	1	RXNCLASS combo
N-Dealkylation | N-Formylation	1	RXNCLASS combo
Nucleophilic Substitution | Oxidation | Oxidative Desulfuration | S-Oxidation	1	RXNCLASS combo
C-Hydroxylation | Hydroxylation | Oxidation | Oxidative Desulfuration	1	RXNCLASS combo
N-Alkylation | Ring Closure | Tautomerization	1	RXNCLASS combo
Cyclization | Dehydration | Ring Closure | Tautomerization	1	RXNCLASS combo
Cyclization | Dehydrogenation | Isomerization | Oxidation | Rearrangement | Ring Closure | Tautomerization	1	RXNCLASS combo
C-Alkylation | C-Dealkylation | C-Demethylation | C-Methylation | Dehydration | Rearrangement	1	RXNCLASS combo
S-Dealkylation | S-Methylation | S-Reduction	1	RXNCLASS combo
O-Demethylation | S-Reduction	1	RXNCLASS combo
N-Acetylation | S-Conjugation | S-Dealkylation | S-Reduction	1	RXNCLASS combo
Deoxygenation | N-Dehydroxylation | N-Reduction | Reduction	1	RXNCLASS combo
Conjugation | Hydrolysis | Oxidation	1	RXNCLASS combo
Hydrolysis | Oxidation | Ring Closure | Ring Opening	1	RXNCLASS combo
Dehydrogenation | Elimination | Oxidation | Quaternization	1	RXNCLASS combo
C-Hydroxylation | C-Oxidation | Oxidative Deamination | Ring Opening | Tautomerization	1	RXNCLASS combo
C-Hydroxylation | C-Oxidation | Ring Opening | Tautomerization	1	RXNCLASS combo
C-Oxidation | N-Oxidation | Oxidation	1	RXNCLASS combo
Chain Shortening | Reduction	1	RXNCLASS combo
C-Oxidation | N-Dealkylation | N-Demethylation | Oxidation	1	RXNCLASS combo
Epimerization | N-Oxidation	1	RXNCLASS combo
Glucuronidation | N-Glucuronidation | N-Oxidation	1	RXNCLASS combo
C-Oxidation | N-Nitrosation | Oxidation | Ring Opening	1	RXNCLASS combo
N-Nitrosation | Ring Opening	1	RXNCLASS combo
Cyclization | Hydroxylation | Reduction	1	RXNCLASS combo
Aliphatic Hydroxylation | C-Hydroxylation | N-Dealkylation | N-Oxidation | O-Demethylation	1	RXNCLASS combo
C-Hydroxylation | N-Dealkylation | N-Hydroxylation | N-Oxidation	1	RXNCLASS combo
Hydrolysis | Isomerization | Rearrangement	1	RXNCLASS combo
Aromatic Hydroxylation | Hydrolysis | Rearrangement	1	RXNCLASS combo
C-Oxidation | Chain Shortening | Cyclization	1	RXNCLASS combo
C-Oxidation | Decarboxylation | Hydrogenation	1	RXNCLASS combo
Decarboxylation | Hydrolysis | O-Demethylation | Oxidation | Reduction	1	RXNCLASS combo
Covalent Binding | Oxidative Desulfuration | Protein Binding	1	RXNCLASS combo
Desulfuration | Hydrogenation | Reduction | S-Reduction	1	RXNCLASS combo
N-Acetylcysteination | Oxidative Desulfuration	1	RXNCLASS combo
Deamidation | Deamination | Elimination	1	RXNCLASS combo
Cleavage | S-Alkylation | S-Methylation | S-Reduction	1	RXNCLASS combo
Desulfuration | Oxidative Desulfuration | S-Methylation | S-Reduction	1	RXNCLASS combo
Cleavage | Oxidative Desulfuration | S-Methylation | S-Oxidation	1	RXNCLASS combo
Hydrolysis | Rearrangement | Reduction	1	RXNCLASS combo
Aliphatic Hydroxylation | C-Hydroxylation | Hydration | Hydrogenation | Isomerization | Nucleophilic Addition	1	RXNCLASS combo
C-Hydroxylation | Dehydroxylation | Epimerization | Inversion	1	RXNCLASS combo
Hydroxylation | Thiolation	1	RXNCLASS combo
Elimination | Nucleophilic Addition | Rearrangement	1	RXNCLASS combo
C-Hydroxylation | Dehydration | Dehydroxylation | Hydration | Isomerization | Rearrangement | Reduction	1	RXNCLASS combo
C-Hydroxylation | Hydroxylation | Isomerization	1	RXNCLASS combo
N-Glucuronidation | N-Oxidation	1	RXNCLASS combo
N-Methylation | Oxidation	1	RXNCLASS combo
C-Oxidation | Sulfation	1	RXNCLASS combo
Amination | N-Dehydroxylation | N-Reduction | Nucleophilic Addition	1	RXNCLASS combo
Aromatic Hydroxylation | N-Sulfation | Sulfation	1	RXNCLASS combo
N-Reduction | O-Dealkylation | Rearrangement	1	RXNCLASS combo
N-Reduction | O-Dealkylation	1	RXNCLASS combo
Aliphatic Hydroxylation | N-Reduction	1	RXNCLASS combo
N-Deacetylation | N-Oxidation	1	RXNCLASS combo
Dehalogenation | Radical Formation | Reduction	1	RXNCLASS combo
Dehydrogenation | Halogenation	1	RXNCLASS combo
C-Oxidation | Dehalogenation | Dehydrohalogenation | Oxidation	1	RXNCLASS combo
Dehalogenation | Lipid Binding	1	RXNCLASS combo
Hydroxylation | N-Methylation | Oxidation	1	RXNCLASS combo
Hydrolysis | Isomerization | Ring Opening	1	RXNCLASS combo
Conjugation | O-Glucosidation	1	RXNCLASS combo
Oxidation | Oxidative Dealkylation	1	RXNCLASS combo
Dehalogenation | Dehydration | Epoxidation	1	RXNCLASS combo
Cyclization | N-Dealkylation	1	RXNCLASS combo
Amidation | Conjugation | Glutathionation | Polyglutamation	1	RXNCLASS combo
C-Hydroxylation | Deamination | N-Dealkylation | N-Demethylation | Nucleophilic Substitution	1	RXNCLASS combo
Aromatic Hydroxylation | Nucleophilic Substitution	1	RXNCLASS combo
C-Alkylation | Cyclization | N-Alkylation	1	RXNCLASS combo
Dealkenylation | Decarboxylation | Oxidation	1	RXNCLASS combo
Decarboxylation | Epimerization | Oxidation | Reduction	1	RXNCLASS combo
Dealkenylation | Decarboxylation | Hydrogenation | Oxidation | Reduction	1	RXNCLASS combo
N-Acetylation | O-Dealkylation	1	RXNCLASS combo
Aromatic Hydroxylation | Sulfuration	1	RXNCLASS combo
Aromatic Hydroxylation | Nucleophilic Substitution | Oxidation	1	RXNCLASS combo
Hydroxylation | Ring Closure | Ring Opening	1	RXNCLASS combo
Dehalogenation | Hydrogenation	1	RXNCLASS combo
Dehydrogenation | Desulfuration | Elimination | Oxidative Desulfuration | S-Dealkylation	1	RXNCLASS combo
Dehydration | Dehydrogenation | Desulfuration | Elimination	1	RXNCLASS combo
Dehydrogenation | Desulfuration | Hydrolysis | Ring Opening	1	RXNCLASS combo
C-Amination	1	RXNCLASS combo
C-Amination | O-Dealkylation | O-Demethylation	1	RXNCLASS combo
C-Oxidation | O-Dealkylation | O-Demethylation | Reduction	1	RXNCLASS combo
N-Deacylation | Oxidation	1	RXNCLASS combo
N-Deacylation | N-Hydroxylation	1	RXNCLASS combo
C-Oxidation | Deamination | O-Dealkylation | Oxidative Deamination	1	RXNCLASS combo
C-Oxidation | Dehydrogenation | Epoxidation | Oxidation	1	RXNCLASS combo
O-Deacylation | Protein Binding | Ring Opening	1	RXNCLASS combo
Covalent Binding | Hydrolysis	1	RXNCLASS combo
C-Oxidation | O-Deacylation	1	RXNCLASS combo
C-Oxidation | Hydrolysis | Isomerization | N-Dealkylation | Oxidative Deamination | Oxidative N-Dealkylation | Ring Opening | Tautomerization	1	RXNCLASS combo
C-Oxidation | Hydrolysis | N-Dealkylation | Ring Opening	1	RXNCLASS combo
C-Oxidation | Hydrolysis | N-Dealkylation | Oxidation | Oxidative Deamination | Ring Opening | Tautomerization	1	RXNCLASS combo
Condensation | Cyclization | Dehalogenation | Oxidation | Ring Closure	1	RXNCLASS combo
Cyclization | Dehalogenation | Dephosphorylation | Hydrolysis | N-Carboxylation	1	RXNCLASS combo
Cleavage | Dephosphorylation	1	RXNCLASS combo
Dealkylation | Dehydration | Hydrolysis | O-Dealkylation	1	RXNCLASS combo
C-Oxidation | Cleavage | Dehydration | Hydrolysis | Oxidation | Oxidative N-Dealkylation | Ring Opening	1	RXNCLASS combo
C-Oxidation | Cleavage | Deamination | Dehydrogenation | Dephosphorylation | N-Dealkylation | Ring Opening	1	RXNCLASS combo
Hydration | Oxidation	1	RXNCLASS combo
Aliphatic Hydroxylation | Cyclization | Dehalogenation | Hydrolysis | N-Carboxylation	1	RXNCLASS combo
Dehalogenation | Dephosphorylation | Protein Binding	1	RXNCLASS combo
Dehalogenation | Ring Enlargement	1	RXNCLASS combo
C-Oxidation | Deamination | Dearomatization | Hydroxylation | Tautomerization	1	RXNCLASS combo
N-Dealkylation | O-Methylation	1	RXNCLASS combo
Hydroxylation | O-Methylation	1	RXNCLASS combo
Deacetylation | O-Demethylation	1	RXNCLASS combo
Deacetylation | Deglycosidation	1	RXNCLASS combo
O-Alkylation | O-Demethylation | O-Methylation	1	RXNCLASS combo
Aromatic Hydroxylation | C-Hydroxylation | C-Oxidation | Chain Shortening	1	RXNCLASS combo
Chain Shortening | Oxidative Dealkylation | Reduction	1	RXNCLASS combo
Aliphatic Deamination | Hydrolysis	1	RXNCLASS combo
Aliphatic Hydroxylation | N-Hydroxylation	1	RXNCLASS combo
Conjugation | Deamination | Decarboxylation | Oxidation	1	RXNCLASS combo
Aromatic Hydroxylation | Aromatic Methoxylation | C-Hydroxylation	1	RXNCLASS combo
Aliphatic Hydroxylation | Aromatic Hydroxylation | Rearrangement	1	RXNCLASS combo
Esterification | Oxidation	1	RXNCLASS combo
Aliphatic Hydroxylation | N-Oxidation	1	RXNCLASS combo
N-Acetylation | O-Acetylation | O-Demethylation	1	RXNCLASS combo
Nucleophilic Substitution | O-Demethylation | Oxidation	1	RXNCLASS combo
Aromatic Hydroxylation | C-Hydroxylation | Dehydrogenation | N-Oxidation | Quaternization	1	RXNCLASS combo
Dehydrogenation | N-Oxidation | Quaternization	1	RXNCLASS combo
Aromatic Hydroxylation | Azo Cleavage | N-Acetylation	1	RXNCLASS combo
Deglucuronidation | N-Reduction	1	RXNCLASS combo
Dehydrogenation | N-Dealkylation | N-Hydroxylation	1	RXNCLASS combo
C-Alkylation | Cyclization | Formylation | N-Alkylation | Ring Closure	1	RXNCLASS combo
N-Decarboxylation | Tautomerization	1	RXNCLASS combo
Condensation | Cyclization | Dehydration | Lactonization | Ring Closure	1	RXNCLASS combo
Epoxidation | O-Deacetylation | Reduction	1	RXNCLASS combo
C-Hydroxylation | O-Deacetylation	1	RXNCLASS combo
N-Dealkylation | N-Oxidation | Oxidation	1	RXNCLASS combo
C-Oxidation | Dehalogenation | Hydrolysis | Oxidation | Oxidative Dehalogenation	1	RXNCLASS combo
Aromatic Hydroxylation | Aromatization | Dehydration | Dehydrogenation | Oxidation	1	RXNCLASS combo
Dehydroxylation | Oxidation | Ring Opening	1	RXNCLASS combo
Aromatic Hydroxylation | Dehydrogenation | O-Demethylation	1	RXNCLASS combo
C-Hydroxylation | Hydrolysis | Hydroxylation | Ring Opening | Tautomerization	1	RXNCLASS combo
Dehydroxylation | N-Dealkylation | N-Demethylation | O-Alkylation | O-Methylation	1	RXNCLASS combo
Aromatic Hydroxylation | C-Oxidation | Tautomerization	1	RXNCLASS combo
C-Oxidation | Dehalogenation | Halogenation | Hydrolysis | Isomerization | NIH Shift | Nucleophilic Substitution | Oxidative Dehalogenation | Rearrangement | Tautomerization | Transhalogenation	1	RXNCLASS combo
C-Oxidation | Isomerization | NIH Shift | Ring Opening	1	RXNCLASS combo
Hydration | Hydrolysis | NIH Shift | Rearrangement | Ring Opening	1	RXNCLASS combo
Aliphatic Hydroxylation | C-Hydroxylation | C-Oxidation | Hydration | Isomerization | NIH Shift | Oxidation | Rearrangement | Transhalogenation	1	RXNCLASS combo
Dehydration | Dehydroxylation | Hydrogenation | Reduction	1	RXNCLASS combo
Hydrolysis | Rearrangement | Reduction | Ring Opening	1	RXNCLASS combo
Aliphatic Hydroxylation | C-Hydroxylation | C-Oxidation | Dehalogenation | Hydration | Isomerization | NIH Shift | Rearrangement | Transhalogenation	1	RXNCLASS combo
C-Oxidation | Hydrolysis | Isomerization | Rearrangement | Ring Opening	1	RXNCLASS combo
C-Hydroxylation | C-Oxidation | Dehalogenation | Halogenation | Hydrolysis | Isomerization | Rearrangement | Transhalogenation	1	RXNCLASS combo
C-Oxidation | Dehalogenation | Epoxidation | Hydration | Hydrolysis | Oxidative Dehalogenation	1	RXNCLASS combo
Dehydrohalogenation | Hydration | Hydrolysis | Tautomerization	1	RXNCLASS combo
Amidation | C-Oxidation | Dehalogenation | Reduction | Ring Opening	1	RXNCLASS combo
Hydration | Oxidative Desulfuration	1	RXNCLASS combo
Dehalogenation | Hydrolysis | Tautomerization	1	RXNCLASS combo
Conjugation | S-Methylation | Tautomerization	1	RXNCLASS combo
Conjugation | Glycosidation | N-Glycosidation | Tautomerization	1	RXNCLASS combo
S-Alkylation | S-Methylation | Tautomerization	1	RXNCLASS combo
Aromatization | DNA Binding | S-Alkylation | S-Methylation	1	RXNCLASS combo
Deamination | Glycosidation | Phosphorylation | S-Alkylation | S-Methylation	1	RXNCLASS combo
Deglycosidation | Epimerization	1	RXNCLASS combo
C-Oxidation | Hydroxylation | Isomerization | Rearrangement	1	RXNCLASS combo
Dehalogenation | Glutathionation | Hydrolysis | Ring Opening | Tautomerization	1	RXNCLASS combo
C-Oxidation | Dehalogenation | Glutathionation | Hydrolysis | Nucleophilic Addition | Oxidation | Ring Opening	1	RXNCLASS combo
C-Oxidation | Condensation | Glutathionation	1	RXNCLASS combo
N-Dealkylation | N-Demethylation | Oxidative Deamination	1	RXNCLASS combo
C-Oxidation | Elimination | N-Dealkylation | N-Demethylation | Oxidation | Oxidative Deamination | Oxidative N-Dealkylation	1	RXNCLASS combo
Aliphatic Hydroxylation | Deformylation | Hydrolysis | Oxidative N-Dealkylation	1	RXNCLASS combo
Aliphatic Hydroxylation | Deformylation | Hydrolysis | Phosphorylation	1	RXNCLASS combo
N-Dealkylation | N-Demethylation | Oxidative Dealkylation | Oxidative N-Dealkylation	1	RXNCLASS combo
Dehydration | N-Dealkylation | N-Demethylation | N-Reduction	1	RXNCLASS combo
Dehydration | Elimination | N-Dealkylation | N-Demethylation | N-Reduction	1	RXNCLASS combo
Denitrosation | N-Demethylation	1	RXNCLASS combo
Conjugation | Covalent Binding | DNA Binding | N-Demethylation	1	RXNCLASS combo
DNA Binding | Oxidative N-Dealkylation	1	RXNCLASS combo
DNA Binding | N-Alkylation | N-Dealkylation | N-Demethylation | N-Methylation	1	RXNCLASS combo
Covalent Binding | DNA Binding | O-Alkylation | O-Methylation	1	RXNCLASS combo
N-Dealkylation | N-Dearylation | N-Demethylation | N-Oxidation	1	RXNCLASS combo
Decarboxylation | Hydrolysis | N-Acetylation	1	RXNCLASS combo
Decarboxylation | Hydrolysis | N-Acetylation | Ring Closure	1	RXNCLASS combo
Aromatic Methoxylation | Methoxylation	1	RXNCLASS combo
Hydrolysis | N-Dealkylation | N-Methylation	1	RXNCLASS combo
CoA Binding | Conjugation | Esterification | Nucleophilic Substitution | Thioesterification | Thiolation	1	RXNCLASS combo
Conjugation | Esterification | Lipid Binding	1	RXNCLASS combo
C-Amination | Deoxygenation	1	RXNCLASS combo
Amination | N-Acetylation | Nucleophilic Addition | Oxidation	1	RXNCLASS combo
Cyclization | Epoxidation | Oxidation | Oxygenation | Ring Closure	1	RXNCLASS combo
Desulfuration | Oxidation | Oxidative Desulfuration | Ring Opening	1	RXNCLASS combo
Desulfuration | Hydrolysis | Nucleophilic Substitution | Oxidative Desulfuration | Oxygenation | P-Desulfuration | P-Oxidation | S-Oxidation	1	RXNCLASS combo
Dephosphorylation | Hydrolysis | O-Deacylation | O-Dephosphorylation	1	RXNCLASS combo
Hydrolysis | N-Deacylation | O-Dephosphorylation	1	RXNCLASS combo
Desulfuration | Hydrolysis | Nucleophilic Substitution | Oxidation | Oxidative Desulfuration | P-Desulfuration | P-Oxidation	1	RXNCLASS combo
Epoxidation | Oxygenation | Ring Opening	1	RXNCLASS combo
Desulfuration | Oxidative Desulfuration	1	RXNCLASS combo
C-Oxidation | Dearomatization | Epoxidation | Ring Closure	1	RXNCLASS combo
C-Carboxylation | C-Oxidation | Cleavage | Dearomatization | Epoxidation | Oxidation | Ring Opening	1	RXNCLASS combo
Aromatic Hydroxylation | C-Hydroxylation | Dearomatization | N-Acetylcysteination	1	RXNCLASS combo
C-Hydroxylation | Dearomatization | Epoxidation | Hydration | Hydrogenation | Nucleophilic Addition | Ring Opening	1	RXNCLASS combo
C-Hydroxylation | Dearomatization | Glutathionation | Oxidation	1	RXNCLASS combo
Aromatization | Dehydrogenation | Hydration | Hydrolysis | Ring Opening	1	RXNCLASS combo
Acetylcysteination | Aromatization | Dehydration | N-Acetylcysteination | Ring Opening	1	RXNCLASS combo
Aromatic Hydroxylation | Aromatization | C-Hydroxylation | Rearrangement | Ring Opening	1	RXNCLASS combo
Acetylcysteination | Aromatic Hydroxylation | C-Oxidation	1	RXNCLASS combo
Aromatization | Dehydration | Hydrolysis | N-Acetylation | N-Acylation	1	RXNCLASS combo
Aromatic Hydroxylation | Conjugation | N-Acetylation	1	RXNCLASS combo
Epoxidation | Hydroxylation | Nucleophilic Addition | Reduction	1	RXNCLASS combo
Hydroxylation | N-Dearylation | Tautomerization	1	RXNCLASS combo
Deamination | Dehalogenation | Hydroxylation	1	RXNCLASS combo
N-Dealkylation | O-Demethylation | Oxidation | Ring Opening	1	RXNCLASS combo
O-Demethylation | Oxidation | Ring Opening	1	RXNCLASS combo
Conjugation | Decyanidation | Oxidation	1	RXNCLASS combo
C-Oxidation | Cleavage | Decarboxylation	1	RXNCLASS combo
Conjugation | Decarboxylation | Oxidation	1	RXNCLASS combo
N-Acetylation | N-Acylation | N-Hydroxylation	1	RXNCLASS combo
Deacylation | N-Deacetylation | N-Deacylation	1	RXNCLASS combo
N-Deacetylation | N-Deacylation | N-Oxidation	1	RXNCLASS combo
N-Dehydroxylation | Nucleic Acid Binding	1	RXNCLASS combo
N-Deacetylation | N-Dehydroxylation | Reduction	1	RXNCLASS combo
Acyl Migration | N-Deacetylation | N-Deacylation | O-Acetylation | O-Acylation | Transacetylation	1	RXNCLASS combo
DNA Binding | N-Deacetylation | N-Dealkylation | N-Dehydroxylation	1	RXNCLASS combo
N-Formylation | N-Methylation	1	RXNCLASS combo
Aliphatic Hydroxylation | N-Methylation	1	RXNCLASS combo
Dehydrogenation | N-Alkylation	1	RXNCLASS combo
Dehydrogenation | N-Methylation	1	RXNCLASS combo
Aromatic Hydroxylation | Reduction | Tautomerization	1	RXNCLASS combo
Hydroxylation | Reduction | Tautomerization	1	RXNCLASS combo
Dehalogenation | Reduction | Ring Closure	1	RXNCLASS combo
Dehalogenation | O-Dealkylation | Reduction	1	RXNCLASS combo
Enantiomerization | Reduction	1	RXNCLASS combo
C-Hydroxylation | O-Alkylation	1	RXNCLASS combo
C-Hydroxylation | O-Methylation	1	RXNCLASS combo
N-Deacylation | Rearrangement | Ring Closure | Ring Contraction | Ring Opening	1	RXNCLASS combo
Lactonization | Ring Contraction	1	RXNCLASS combo
Lactonization | Ring Closure | Ring Opening	1	RXNCLASS combo
C-Hydroxylation | C-Oxidation | Dehydration	1	RXNCLASS combo
Aromatic Methoxylation | C-Alkoxylation | C-Hydroxylation | C-Methoxylation | O-Methylation	1	RXNCLASS combo
C-Methylation | O-Demethylation	1	RXNCLASS combo
N-Dealkylation | N-Demethylation | N-Methylation	1	RXNCLASS combo
Conjugation | Decarboxylation | Oxidation | Reduction	1	RXNCLASS combo
Aliphatic Hydroxylation | Hydrolysis | N-Dealkylation | Ring Opening	1	RXNCLASS combo
Aromatic Hydroxylation | Aromatic Methoxylation | N-Demethylation	1	RXNCLASS combo
C-Hydroxylation | Hydroxylation | Reduction	1	RXNCLASS combo
Dehydroxylation | Ring Contraction	1	RXNCLASS combo
Aromatic Hydroxylation | C-Hydroxylation | Dehydrogenation | Oxidation | Reduction	1	RXNCLASS combo
Cyclization | Dehalogenation | Hydrolysis | N-Carboxylation	1	RXNCLASS combo
Cyclization | Dehalogenation | N-Carboxylation	1	RXNCLASS combo
Cyclization | Dehalogenation | Hydroxylation | N-Carboxylation	1	RXNCLASS combo
Deglycosidation | Hydrolysis | O-Dealkylation	1	RXNCLASS combo
C-Oxidation | Cyclization | Hydration | Hydrogenation | Rearrangement | Ring Closure	1	RXNCLASS combo
Aliphatic Hydroxylation | C-Hydroxylation | Cyclization | Epoxidation | Hydrogenation | Rearrangement | Ring Closure	1	RXNCLASS combo
C-Oxidation | Cyclization | Epoxidation | Hydration | Hydrogenation | O-Alkylation | Rearrangement | Ring Closure	1	RXNCLASS combo
Aliphatic Hydroxylation | C-Hydroxylation | Cyclization | Hydrogenation | O-Alkylation | Rearrangement	1	RXNCLASS combo
Aliphatic Hydroxylation | C-Hydroxylation | Cyclization | Hydrogenation	1	RXNCLASS combo
Hydrogenation | Reduction | Ring Closure	1	RXNCLASS combo
Aliphatic Hydroxylation | C-Hydroxylation | Cyclization | N-Dealkylation | N-Demethylation | Rearrangement	1	RXNCLASS combo
C-Oxidation | Cyclization | Rearrangement	1	RXNCLASS combo
Decarboxylation | Hydrolysis | N-Dealkylation	1	RXNCLASS combo
N-Dealkylation | Oxidation | Rearrangement	1	RXNCLASS combo
Decarboxylation | N-Dealkylation | O-Dealkylation | Tautomerization	1	RXNCLASS combo
Esterification | Nucleic Acid Binding	1	RXNCLASS combo
Cyclization | Dearomatization | Peroxidation	1	RXNCLASS combo
C-Oxidation | Cyclization | Dearomatization | Peroxidation	1	RXNCLASS combo
Aliphatic Hydroxylation | C-Hydroxylation | Inversion	1	RXNCLASS combo
Halogenation | Methoxylation	1	RXNCLASS combo
Cyclization | Peroxidation | Rearrangement | Ring Opening	1	RXNCLASS combo
Cyclization | Decarboxylation | Oxidation | Peroxidation | Ring Opening | Tautomerization	1	RXNCLASS combo
Cyclization | Oxidation | Peroxidation | Rearrangement | Ring Opening	1	RXNCLASS combo
Sulfinylation	1	RXNCLASS combo
Aliphatic Hydroxylation | Hydrolysis | Ring Closure	1	RXNCLASS combo
Dealkylation | Hydroxylation | Oxidation	1	RXNCLASS combo
Dealkylation | O-Demethylation | Oxidation	1	RXNCLASS combo
Hydroxylation | N-Dealkylation | O-Demethylation	1	RXNCLASS combo
C-Hydroxylation | C-Oxidation | Dehydrogenation | Oxidation | Reduction	1	RXNCLASS combo
Aromatization | C-Dealkylation | C-Demethylation | Decarboxylation | Tautomerization	1	RXNCLASS combo
Aromatization | C-Dealkylation | C-Demethylation | Dealkylation | Decarboxylation | Dehydrogenation | Demethylation | Reduction | Tautomerization	1	RXNCLASS combo
Oxidative Dealkylation | S-Demethylation	1	RXNCLASS combo
Aromatization | Hydrolysis | Ring Contraction	1	RXNCLASS combo
N-Acetylation | Oxidation	1	RXNCLASS combo
C-Deacylation | C-Dealkylation | C-Oxidation | Chain Shortening | Deacetylation | Deacylation | Decarbonylation | Dehydrogenation | Elimination | Oxidation | Oxidative Dealkylation	1	RXNCLASS combo
C-Deacylation | C-Oxidation | Deacetylation	1	RXNCLASS combo
C-Deacylation | C-Hydroxylation | C-Oxidation | Deacetylation | Elimination | Hydroxylation | Oxidative Dealkylation	1	RXNCLASS combo
C-Hydroxylation | Elimination | O-Acylation	1	RXNCLASS combo
N-Acylation | N-Alkylation | Ring Closure	1	RXNCLASS combo
C-Oxidation | Dehydrogenation | Oxidation | Reduction | S-Oxidation	1	RXNCLASS combo
C-Hydroxylation | Hydration | Reduction	1	RXNCLASS combo
Esterification | Sulfation	1	RXNCLASS combo
C-Oxidation | Dearomatization | O-Dealkylation | Oxidation	1	RXNCLASS combo
Cyclization | Hydrogenation | Lactonization	1	RXNCLASS combo
C-Oxidation | Hydration | Hydrogenation | Oxidation	1	RXNCLASS combo
N-Reduction | Oxidation	1	RXNCLASS combo
Glycosidation | N-Glycosidation | Rearrangement	1	RXNCLASS combo
Glycosidation | N-Glycosidation | Ring Closure	1	RXNCLASS combo
Cyclization | Dephosphorylation | Hydrolysis | O-Dephosphorylation | Ring Closure	1	RXNCLASS combo
Cyclization | Hydrolysis | N-Carboxylation	1	RXNCLASS combo
N-Deacylation | Oxidation | Ring Opening	1	RXNCLASS combo
Hydrogenation | Hydrolysis | N-Dealkylation | Ring Opening	1	RXNCLASS combo
Esterification | O-Conjugation	1	RXNCLASS combo
Esterification | Nitration	1	RXNCLASS combo
Aromatization | Conjugation | N-Acetylcysteination | Ring Opening	1	RXNCLASS combo
Conjugation | O-Conjugation | O-Glucuronidation | O-Sulfation	1	RXNCLASS combo
Amidation | C-Oxidation | Glycination | Oxidation	1	RXNCLASS combo
C-Dealkylation | Deamidation | Hydrolysis | N-Acetylation | N-Acylation	1	RXNCLASS combo
Conjugation | Cysteination | N-Acetylcysteination	1	RXNCLASS combo
Nucleic Acid Binding | Protein Binding	1	RXNCLASS combo
Hydroxylation | N-Dealkylation | Rearrangement | Ring Closure	1	RXNCLASS combo
Hydroxylation | N-Dealkylation | Oxidation | Ring Closure	1	RXNCLASS combo
Hydrolysis | N-Dealkylation | Ring Closure | Tautomerization	1	RXNCLASS combo
N-Dehydroxylation | Ring Closure	1	RXNCLASS combo
Cyclization | N-Demethylation | O-Dealkylation	1	RXNCLASS combo
Aromatic Hydroxylation | C-Dearylation | Tautomerization	1	RXNCLASS combo
Decarboxylation | Hydrolysis | Tautomerization	1	RXNCLASS combo
Cyclization | Decarboxylation | Hydrolysis | N-Dealkylation | Oxidation	1	RXNCLASS combo
Radical Formation | Tautomerization	1	RXNCLASS combo
Dearomatization | Ring Closure | Ring Opening	1	RXNCLASS combo
Glycosidation | Protein Binding	1	RXNCLASS combo
C-Oxidation | Cyanidation | Dearomatization | Decarboxylation	1	RXNCLASS combo
C-Oxidation | Dearomatization | Dehalogenation | Oxidation	1	RXNCLASS combo
Amide Hydroxylation | Deamidation | Hydrolysis | N-Deacylation	1	RXNCLASS combo
C-Deamination | C-Oxidation	1	RXNCLASS combo
Cyclization | Decarboxylation | Hydrolysis | Hydroxylation | Oxidation	1	RXNCLASS combo
Cyclization | Oxidation	1	RXNCLASS combo
Cyclization | Hydroxylation | N-Dealkylation	1	RXNCLASS combo
Conjugation | Hydrolysis | S-Deacetylation	1	RXNCLASS combo
Hydrolysis | S-Deacetylation | Sulfuration	1	RXNCLASS combo
Dimerization | Hydrolysis | S-Deacetylation	1	RXNCLASS combo
S-Deacetylation | Sulfuration	1	RXNCLASS combo
Conjugation | S-Deacetylation	1	RXNCLASS combo
Conjugation | Protein Binding | S-Oxidation	1	RXNCLASS combo
Conjugation | Cysteination	1	RXNCLASS combo
Aromatic Hydroxylation | O-Alkylation | O-Dealkylation	1	RXNCLASS combo
Aromatic Hydroxylation | Aromatic Methoxylation | O-Alkylation | O-Dealkylation	1	RXNCLASS combo
N-Deacylation | S-Oxidation	1	RXNCLASS combo
C-Oxidation | Dearomatization | N-Dealkylation	1	RXNCLASS combo
Aromatization | C-Dealkylation | Glutathionation	1	RXNCLASS combo
Aromatization | C-Dealkylation | Cysteination	1	RXNCLASS combo
Decarboxylation | Dehydration | Hydrolysis | Oxidation	1	RXNCLASS combo
Decarboxylation | Hydrolysis | Lactonization | Oxidation | Reduction	1	RXNCLASS combo
Hydrogenation | S-Demethylation	1	RXNCLASS combo
Dehydrogenation | S-Dealkylation | S-Oxidation	1	RXNCLASS combo
Aliphatic Hydroxylation | C-Hydroxylation | Oxidative Desulfuration | S-Oxidation	1	RXNCLASS combo
C-Hydroxylation | Dehydrogenation | Desulfuration | S-Oxidation	1	RXNCLASS combo
Dehydrogenation | Desulfuration | S-Dealkylation | S-Oxidation	1	RXNCLASS combo
Desulfuration | S-Oxidation	1	RXNCLASS combo
Aromatization | C-Dealkylation | C-Demethylation | C-Oxidation | Dealkylation | Decarboxylation | Dehydrogenation | Demethylation | Reduction | Tautomerization	1	RXNCLASS combo
Aromatization | C-Deacylation | Deformylation | Dehydrogenation | Elimination | Oxidative Dealkylation | Tautomerization	1	RXNCLASS combo
Aromatization | C-Dealkylation | Decarboxylation	1	RXNCLASS combo
Aromatization | Dehydrogenation | Elimination | Tautomerization	1	RXNCLASS combo
Aromatization | C-Dealkylation | C-Demethylation | C-Oxidation | Decarboxylation | Dehydrogenation | Reduction	1	RXNCLASS combo
Aromatization | C-Dealkylation | C-Demethylation | Dealkylation | Decarboxylation | Dehydrogenation | Demethylation | Elimination | Hydrogenation | Oxidation | Reduction	1	RXNCLASS combo
C-Dearylation | C-Oxidation | Cleavage | Ring Opening	1	RXNCLASS combo
C-Oxidation | Dehydroxylation | Reduction | Ring Opening	1	RXNCLASS combo
Dehydrogenation | O-Alkylation | O-Methylation	1	RXNCLASS combo
Chain Shortening | O-Alkylation | O-Methylation | Oxidative Decarboxylation	1	RXNCLASS combo
Aromatic Dehydroxylation | Dehydrogenation	1	RXNCLASS combo
Aromatic Hydroxylation | C-Demethylation	1	RXNCLASS combo
DNA Binding | N-Alkylation | N-Dehydroxylation | Nucleic Acid Binding	1	RXNCLASS combo
O-Acetylation | O-Acylation | Transacetylation	1	RXNCLASS combo
C-Oxidation | Oxidative Desulfuration | Ring Opening	1	RXNCLASS combo
Hydroxylation | N-Hydroxylation | Rearrangement | S-Dealkylation	1	RXNCLASS combo
Desulfuration | N-Dealkylation | Oxidation | Ring Contraction | Ring Opening	1	RXNCLASS combo
Decarboxylation | Hydration | Ring Opening	1	RXNCLASS combo
C-Hydroxylation | Hydrogenation | Hydrolysis | Ring Opening	1	RXNCLASS combo
C-Oxidation | Decarboxylation | Hydrolysis | Rearrangement | Ring Opening	1	RXNCLASS combo
C-Oxidation | Cleavage | Decarboxylation | Elimination | Hydrolysis | Rearrangement | Ring Opening	1	RXNCLASS combo
Aliphatic Hydroxylation | C-Hydroxylation | Decarboxylation | Hydrogenation | Hydrolysis | Ring Opening	1	RXNCLASS combo
C-Oxidation | Decarboxylation | Hydrogenation | Hydrolysis | Oxidation | Ring Opening	1	RXNCLASS combo
C-Decarboxylation | C-Oxidation | Decarboxylation | Hydrolysis | Oxidation | Ring Opening | Tautomerization	1	RXNCLASS combo
C-Hydroxylation | Lactonization | Ring Closure	1	RXNCLASS combo
C-Carboxylation | C-Oxidation | Carboxylation | Cleavage | N-Dealkylation | Oxidation | Oxidative N-Dealkylation | Ring Opening	1	RXNCLASS combo
Cleavage | N-Dealkylation | Oxidative N-Dealkylation | Ring Opening	1	RXNCLASS combo
Cleavage | Decarbamoylation | Hydrolysis | O-Deacylation	1	RXNCLASS combo
C-Decarboxylation | Ring Closure	1	RXNCLASS combo
C-Dealkylation | Oxidative Dealkylation	1	RXNCLASS combo
N-Acetylation | S-Conjugation | S-Dealkylation	1	RXNCLASS combo
Aromatic Hydroxylation | Aromatic Methoxylation | C-Hydroxylation | C-Methoxylation | O-Alkylation | O-Methylation	1	RXNCLASS combo
N-Acetylation | N-Deacylation | O-Dealkylation	1	RXNCLASS combo
Epoxidation | O-Deacylation	1	RXNCLASS combo
Cyclization | Decarboxylation | Epoxidation | Nucleophilic Addition | Rearrangement	1	RXNCLASS combo
Decarboxylation | N-Demethylation | Rearrangement	1	RXNCLASS combo
Decarboxylation | Epoxidation | Rearrangement	1	RXNCLASS combo
Covalent Binding | Sulfation	1	RXNCLASS combo
Aliphatic Hydroxylation | Aromatic Hydroxylation | C-Hydroxylation | Hydroxylation	1	RXNCLASS combo
C-Hydroxylation | Hydration | Hydrogenation | Reduction	1	RXNCLASS combo
Conjugation | Oxidation | S-Dealkylation	1	RXNCLASS combo
Acetylcysteination | N-Acetylation	1	RXNCLASS combo
N-Dealkylation | S-Alkylation | S-Methylation | S-Oxidation	1	RXNCLASS combo
Aliphatic Hydroxylation | C-Hydroxylation | S-Alkylation | S-Methylation | S-Oxidation	1	RXNCLASS combo
Aromatic Hydroxylation | C-Hydroxylation | S-Alkylation | S-Methylation | S-Oxidation	1	RXNCLASS combo
S-Oxidation | Thiolation	1	RXNCLASS combo
O-Dealkylation | Thiolation	1	RXNCLASS combo
Glutathionation | O-Dealkylation | Ring Opening	1	RXNCLASS combo
C-Decarboxylation | C-Oxidation | Deamination | Decarboxylation | Oxidative Deamination	1	RXNCLASS combo
C-Oxidation | Deamination | Nucleophilic Substitution | Oxidative Deamination	1	RXNCLASS combo
Decarboxylation | O-Methylation | Oxidative Deamination	1	RXNCLASS combo
C-Oxidation | Cyclization | Dearomatization | Oxidation | Ring Closure	1	RXNCLASS combo
Decarboxylation | Oxidation | Ring Closure	1	RXNCLASS combo
Aliphatic Hydroxylation | C-Hydroxylation | Decarboxylation | Oxidative Deamination	1	RXNCLASS combo
Cyclization | Dimerization | Ring Closure	1	RXNCLASS combo
Dearomatization | Oxidation | Ring Closure	1	RXNCLASS combo
C-Oxidation | Hydrolysis | N-Dealkylation | O-Dealkylation | Tautomerization	1	RXNCLASS combo
Aliphatic Hydroxylation | C-Oxidation | Epoxidation | Hydrolysis | Tautomerization	1	RXNCLASS combo
Aliphatic Hydroxylation | Hydrolysis | Reduction | Tautomerization	1	RXNCLASS combo
Aromatic Hydroxylation | Hydrolysis | Oxidation	1	RXNCLASS combo
Aliphatic Hydroxylation | Aromatic Hydroxylation | Hydrolysis | Tautomerization	1	RXNCLASS combo
Aliphatic Hydroxylation | Aromatic Hydroxylation | Hydrolysis | Reduction | Tautomerization	1	RXNCLASS combo
Cleavage | Deamidation	1	RXNCLASS combo
Deamination | O-Dealkylation | O-Methylation	1	RXNCLASS combo
N-Demethylation | O-Dealkylation | O-Methylation	1	RXNCLASS combo
Hydrogenation | Isomerization | S-Oxidation | Tautomerization	1	RXNCLASS combo
Aromatic Cysteination | N-Acetylation | N-Acetylcysteination	1	RXNCLASS combo
Aliphatic Hydroxylation | S-Oxidation	1	RXNCLASS combo
Cleavage | N-Dealkylation | N-Formylation | Ring Opening	1	RXNCLASS combo
Aromatic Hydroxylation | N-Dehalogenation	1	RXNCLASS combo
C-Oxidation | Dearomatization | Hydrolysis | N-Deacylation | Ring Closure	1	RXNCLASS combo
Hydrolysis | O-Alkylation | O-Dealkylation | O-Methylation | Ring Opening	1	RXNCLASS combo
N-Decarboxylation | Reduction	1	RXNCLASS combo
Conjugation | Hydrogenation | N-Acetylation	1	RXNCLASS combo
Dehalogenation | Hydration | Oxidation	1	RXNCLASS combo
N-Dealkylation | O-Dealkylation | Rearrangement	1	RXNCLASS combo
Aliphatic Hydroxylation | Allylic Oxidation | C-Hydroxylation	1	RXNCLASS combo
Oxidation | Oxidative Desulfuration	1	RXNCLASS combo
O-Glucuronidation | Sulfation	1	RXNCLASS combo
Conjugation | O-Methylation	1	RXNCLASS combo
Deglucuronidation | Hydrolysis | O-Deglucuronidation | O-Deglycosidation	1	RXNCLASS combo
Transconjugation | Transglucuronidation	1	RXNCLASS combo
Hydroxylation | O-Alkylation | O-Methylation	1	RXNCLASS combo
Aromatization | N-Dealkylation | Reduction	1	RXNCLASS combo
Aromatization | Deamination | Dehydrogenation	1	RXNCLASS combo
Aromatization | N-Dealkylation | O-Methylation | Reduction	1	RXNCLASS combo
Deglycosidation | N-Dealkylation	1	RXNCLASS combo
Cyclization | Deglycosidation	1	RXNCLASS combo
Hydrolysis | N-Dealkylation | N-Formylation | Oxidative Deamination	1	RXNCLASS combo
Dimerization | N-Dealkylation | N-Oxidation	1	RXNCLASS combo
Dehydration | Dehydrogenation | Hydrolysis | Ring Opening	1	RXNCLASS combo
C-Hydroxylation | C-Oxidation | Epoxidation | Hydrolysis | Oxidation	1	RXNCLASS combo
Decarboxylation | Hydroxylation | Oxidation	1	RXNCLASS combo
Aliphatic Hydroxylation | C-Hydroxylation | C-Oxidation | Epoxidation | Hydrogenation | Nucleophilic Addition	1	RXNCLASS combo
Epoxidation | Hydrolysis | Nucleophilic Addition	1	RXNCLASS combo
Aromatization | Cyclization | Dehydrogenation | Ring Closure	1	RXNCLASS combo
Aliphatic Hydroxylation | C-Hydroxylation | Epoxidation | Hydrogenation | Nucleophilic Addition	1	RXNCLASS combo
Aliphatic Hydroxylation | N-Dealkylation | N-Demethylation	1	RXNCLASS combo
Decomplexation | Denitrosation	1	RXNCLASS combo
Azo Cleavage | Denitrogenation | Elimination | Hydrogenation | N-Reduction | Reduction	1	RXNCLASS combo
Conjugation | Phosphorylation | Protein Binding	1	RXNCLASS combo
C-Oxidation | Deamination | Hydrolysis | Oxidation | Oxidative Deamination	1	RXNCLASS combo
C-Deamination | Deamidation | Hydrolysis | N-Dealkylation | Oxidative Deamination | Oxidative N-Dealkylation | Tautomerization	1	RXNCLASS combo
Cleavage | Deamidation | Hydrolysis | N-Dealkylation | Oxidative Deamination	1	RXNCLASS combo
Denitrosation | Elimination | Hydrolysis | N-Oxidation | Oxidative Dealkylation | Oxidative Deamination | Oxidative N-Dealkylation | Radical Formation	1	RXNCLASS combo
Hydrolysis | N-Acetylation | S-Oxidation	1	RXNCLASS combo
Dehalogenation | S-Oxidation | Thioalkylation	1	RXNCLASS combo
C-Hydroxylation | Dehalogenation | Hydrolysis | S-Oxidation	1	RXNCLASS combo
DNA Binding | Dehalogenation | Hydrolysis	1	RXNCLASS combo
C-Hydroxylation | DNA Binding | Dehalogenation	1	RXNCLASS combo
Hydrolysis | Nucleophilic Substitution | Oxidative Dehalogenation	1	RXNCLASS combo
DNA Binding | Dehalogenation | Dehydroxylation	1	RXNCLASS combo
Aliphatic Hydroxylation | C-Hydroxylation | Dehalogenation | N-Alkylation	1	RXNCLASS combo
C-Hydroxylation | Covalent Binding | DNA Binding | Dehalogenation	1	RXNCLASS combo
Dehalogenation | Hydrolysis | Nucleophilic Substitution | Protein Binding	1	RXNCLASS combo
Dehalogenation | Esterification | Hydrolysis | Protein Binding	1	RXNCLASS combo
Dehalogenation | Hydrolysis | Protein Binding	1	RXNCLASS combo
Aliphatic Hydroxylation | C-Hydroxylation | Dehalogenation | Hydrolysis | Nucleophilic Substitution | Oxidative Dehalogenation	1	RXNCLASS combo
Dehalogenation | Nucleophilic Substitution | Protein Binding	1	RXNCLASS combo
Covalent Binding | Dehalogenation | Hydrolysis | Protein Binding	1	RXNCLASS combo
Aromatic Hydroxylation | O-Methylation | S-Oxidation	1	RXNCLASS combo
Aromatic Hydroxylation | N-Demethylation | O-Methylation	1	RXNCLASS combo
Dearomatization | Oxidative Decarboxylation	1	RXNCLASS combo
Dehydration | Hydrolysis | Oxidation	1	RXNCLASS combo
Aromatization | Dehydrogenation | Glutathionation | Ring Opening	1	RXNCLASS combo
Aromatization | Dehalogenation | Glutathionation | Hydrogenation | Reduction	1	RXNCLASS combo
Aromatization | Decarboxylation | Oxidation	1	RXNCLASS combo
Acyl Migration | Isomerization | Transacetylation | Transglucuronidation	1	RXNCLASS combo
Deglucuronidation | Glutathionation | Transacylation | Transconjugation	1	RXNCLASS combo
CoA Binding | Conjugation | Thioesterification	1	RXNCLASS combo
Aromatic Hydroxylation | C-Hydroxylation | Cysteination | Dehalogenation	1	RXNCLASS combo
Aromatic Hydroxylation | Aromatic Methoxylation | C-Methoxylation | C-Oxidation | Methoxylation | O-Alkylation | O-Methylation	1	RXNCLASS combo
Aromatic Hydroxylation | Aromatic Methoxylation | C-Hydroxylation | Methoxylation	1	RXNCLASS combo
Aromatic Hydroxylation | C-Hydroxylation | C-Oxidation | O-Alkylation | O-Methylation	1	RXNCLASS combo
C-Methylation | Hydrogenation | O-Deacetylation	1	RXNCLASS combo
Hydrogenation | Isomerization | Reduction | Tautomerization	1	RXNCLASS combo
Aromatization | Demethylation	1	RXNCLASS combo
Aliphatic Hydroxylation | Cyclization | Esterification | Hydrolysis | O-Dealkylation	1	RXNCLASS combo
C-Oxidation | Inversion | Reduction	1	RXNCLASS combo
Aliphatic Hydroxylation | C-Hydroxylation | C-Oxidation | Deamination | N-Dealkylation	1	RXNCLASS combo
C-Hydroxylation | C-Oxidation | Deamination | Hydroxylation | Oxidative Deamination	1	RXNCLASS combo
C-Oxidation | Deacetylation | Oxidation | Rearrangement | Tautomerization	1	RXNCLASS combo
C-Oxidation | Dealkylation | Decarboxylation | Oxidative Dealkylation | Tautomerization	1	RXNCLASS combo
C-Dealkylation | C-Hydroxylation | C-Oxidation | Decarboxylation | Oxidative Dealkylation | Tautomerization	1	RXNCLASS combo
Oxidative Dealkylation | Tautomerization	1	RXNCLASS combo
Aliphatic Hydroxylation | C-Hydroxylation | N-Dealkylation | Oxidation | Oxidative Deamination | Oxidative N-Dealkylation	1	RXNCLASS combo
Carboxylation | N-Dealkylation | Oxidative Dealkylation	1	RXNCLASS combo
C-Oxidation | Cyanidation | N-Dearylation	1	RXNCLASS combo
Aromatic Hydroxylation | C-Hydroxylation | C-Oxidation | Cyanidation | N-Dearylation	1	RXNCLASS combo
Aromatic Hydroxylation | C-Hydroxylation | Glutathionation | Oxidative Deamination	1	RXNCLASS combo
C-Oxidation | Dealkylation | N-Dealkylation | Tautomerization	1	RXNCLASS combo
Aromatic Hydroxylation | C-Hydroxylation | Glutathionation | Hydrogenation	1	RXNCLASS combo
Hydroxylation | N-Dealkylation | Sulfation	1	RXNCLASS combo
Glucuronidation | Hydroxylation | N-Dealkylation	1	RXNCLASS combo
Aromatization | Dehydrogenation | Hydrolysis | N-Deacylation	1	RXNCLASS combo
Deglycosidation | Elimination | Reduction	1	RXNCLASS combo
N-Dealkylation | N-Demethylation | N-Oxidation | Oxidative N-Dealkylation	1	RXNCLASS combo
C-Oxidation | Deamination | Dearomatization | Oxidative Deamination | Tautomerization	1	RXNCLASS combo
C-Oxidation | Decarboxylation | N-Deglycosidation | Ring Opening	1	RXNCLASS combo
Amidation | Amination | Dehydroxylation | Deoxygenation | Esterification | Phosphorylation	1	RXNCLASS combo
Amination | Aromatization | Deoxygenation | Reduction	1	RXNCLASS combo
Amidation | Amination | Aromatization | Deoxygenation | O-Phosphorylation | Phosphorylation | Tautomerization	1	RXNCLASS combo
Deglycosidation | Hydrolysis | N-Dealkylation | N-Deglycosidation | Rearrangement | Tautomerization	1	RXNCLASS combo
C-Oxidation | N-Deglycosidation	1	RXNCLASS combo
C-Oxidation | Hydrolysis | N-Deglycosidation	1	RXNCLASS combo
Amidation | Amination | Aromatization | Dehydroxylation | Nucleophilic Substitution | O-Phosphorylation | Phosphorylation | Tautomerization	1	RXNCLASS combo
Aliphatic Hydroxylation | Lactonization | N-Dealkylation	1	RXNCLASS combo
Deglycosidation | Hydrolysis | N-Dealkylation	1	RXNCLASS combo
Electron Uptake	1	RXNCLASS combo
Electron Uptake | Protonation	1	RXNCLASS combo
N-Dealkylation | S-Reduction	1	RXNCLASS combo
C-Oxidation | Dehalogenation | Glutathionation	1	RXNCLASS combo
C-Oxidation | Hydroxylation	1	RXNCLASS combo
Aliphatic Hydroxylation | C-Hydroxylation | Desulfuration	1	RXNCLASS combo
S-Alkylation | S-Deacetylation	1	RXNCLASS combo
Cysteination | S-Deacylation	1	RXNCLASS combo
Hydrolysis | S-Methylation | S-Oxidation	1	RXNCLASS combo
Dimerization | S-Dealkylation	1	RXNCLASS combo
Desulfuration | Hydrolysis | Oxidative Desulfuration | P-Desulfuration	1	RXNCLASS combo
Cyclization | Lactamization	1	RXNCLASS combo
Aromatic Hydroxylation | Dearomatization | N-Oxidation | Tautomerization	1	RXNCLASS combo
Aromatization | Dehydrogenation | Isomerization | Oxidation	1	RXNCLASS combo
Hydrolysis | Protein Binding | Ring Opening	1	RXNCLASS combo
Covalent Binding | Ring Opening	1	RXNCLASS combo
Dehydrogenation | Hydrolysis | Sulfuration	1	RXNCLASS combo
O-Conjugation | Sulfation	1	RXNCLASS combo
Deamidation | Hydrolysis | N-Acetylation | N-Acylation	1	RXNCLASS combo
Dearomatization | Halogenation	1	RXNCLASS combo
C-Oxidation | Dealkylation | Hydration | Oxidation	1	RXNCLASS combo
Aliphatic Hydroxylation | C-Hydroxylation | C-Oxidation | Hydrogenation | Isomerization	1	RXNCLASS combo
Glucuronidation | Isomerization	1	RXNCLASS combo
C-Oxidation | Dehydrogenation | Isomerization | Oxidation | Rearrangement | Reduction	1	RXNCLASS combo
Aromatization | C-Dealkylation | C-Demethylation | C-Oxidation | Decarboxylation | Dehydrogenation | Oxidation | Reduction | Tautomerization	1	RXNCLASS combo
C-Oxidation | Dehydrogenation | Isomerization | Rearrangement | Reduction	1	RXNCLASS combo
Aromatization | C-Dealkylation | C-Demethylation | Decarboxylation | Dehydrogenation | Oxidation | Reduction | Tautomerization	1	RXNCLASS combo
C-Hydroxylation | Cyclization | Dehydration	1	RXNCLASS combo
C-Oxidation | Dehydrogenation | Isomerization | Reduction	1	RXNCLASS combo
Conjugation | Esterification | O-Sulfation | Sulfation	1	RXNCLASS combo
Conjugation | Dehalogenation | Hydroxylation | N-Acetylation	1	RXNCLASS combo
Conjugation | Dehalogenation | Hydroxylation	1	RXNCLASS combo
Aliphatic Hydroxylation | C-Hydroxylation | Covalent Binding | DNA Binding | Dehalogenation | Rearrangement	1	RXNCLASS combo
Enantiomerization | Epimerization | Inversion | Isomerization	1	RXNCLASS combo
CoA Binding | Conjugation | Esterification | Nucleophilic Substitution	1	RXNCLASS combo
Aliphatic Hydroxylation | C-Hydroxylation | Epimerization | Inversion	1	RXNCLASS combo
C-Hydroxylation | Deamination | Nucleophilic Substitution | Oxidation | Oxidative Deamination | Tautomerization	1	RXNCLASS combo
Aliphatic Hydroxylation | C-Hydroxylation | Dearomatization | Dehydrogenation | Oxidation	1	RXNCLASS combo
Isomerization | N-Glucuronidation | Rearrangement | Tautomerization	1	RXNCLASS combo
Glutathionation | N-Hydroxylation	1	RXNCLASS combo
Aromatic Hydroxylation | C-Hydroxylation | Deglutathionation	1	RXNCLASS combo
DNA Binding | Esterification	1	RXNCLASS combo
N-Alkylation | Quaternization | Ring Closure	1	RXNCLASS combo
Hydrogenation | Hydrolysis | Oxidation | Reduction	1	RXNCLASS combo
N-Deacylation | N-Dealkylation | N-Deformylation	1	RXNCLASS combo
C-Oxidation | Decarboxylation | Deformylation | N-Dealkylation | Oxidation | Ring Opening	1	RXNCLASS combo
Aromatic Hydroxylation | C-Dealkylation | C-Hydroxylation | C-Oxidation	1	RXNCLASS combo
Dealkylation | Oxidation | Ring Opening	1	RXNCLASS combo
N-Alkylation | N-Deglycosidation | N-Methylation	1	RXNCLASS combo
Aromatic Hydroxylation | C-Decarboxylation | C-Hydroxylation	1	RXNCLASS combo
Amidation | Decarboxylation | N-Dealkylation | Oxidation	1	RXNCLASS combo
C-Oxidation | Decarboxylation | N-Dealkylation | Oxidation	1	RXNCLASS combo
Aromatic Hydroxylation | Cyclization | Deamination	1	RXNCLASS combo
Aromatic Hydroxylation | Deamination | Decarboxylation | Oxidation	1	RXNCLASS combo
C-Oxidation | Epoxidation | Oxidation | Ring Closure	1	RXNCLASS combo
Epoxidation | Optical Resolution | Ring Closure	1	RXNCLASS combo
Aliphatic Hydroxylation | C-Hydroxylation | Hydration | Hydrolysis | Ring Opening	1	RXNCLASS combo
Conjugation | Nucleophilic Addition | Ring Opening	1	RXNCLASS combo
Glutathionation | Hydrolysis | Nucleophilic Addition | Ring Opening	1	RXNCLASS combo
DNA Binding | Protein Binding | Ring Opening	1	RXNCLASS combo
C-Hydroxylation | Hydrolysis | O-Dealkylation | O-Demethylation	1	RXNCLASS combo
C-Oxidation | Deamination | Denitrogenation | Elimination | Hydrolysis | Oxidative Deamination	1	RXNCLASS combo
Aliphatic Hydroxylation | C-Hydroxylation | Inversion | Isomerization	1	RXNCLASS combo
Aliphatic Hydroxylation | C-Hydroxylation | Hydrogenation | Isomerization | Nucleophilic Addition | Reduction	1	RXNCLASS combo
Aliphatic Hydroxylation | C-Hydroxylation | C-Oxidation | Dehydration | Rearrangement	1	RXNCLASS combo
C-Oxidation | Carboxylation | Demethylation | Inversion | Isomerization	1	RXNCLASS combo
N-Methylation | N-Oxidation	1	RXNCLASS combo
Hydrolysis | O-Demethylation | Oxidation	1	RXNCLASS combo
Aromatic Hydroxylation | Deamination | N-Acetylation | N-Reduction	1	RXNCLASS combo
Aromatic Hydroxylation | C-Hydroxylation | N-Acetylation | N-Reduction	1	RXNCLASS combo
Aliphatic Hydroxylation | Amination | C-Hydroxylation	1	RXNCLASS combo
Isomerization | O-Dephosphorylation	1	RXNCLASS combo
C-Oxidation | Hydrolysis | N-Acetylation | N-Deacylation	1	RXNCLASS combo
Cyclization | Hydrogenation	1	RXNCLASS combo
Deamination | O-Dealkylation | O-Methylation | Oxidation | Oxidative Deamination	1	RXNCLASS combo
O-Methylation | Oxidative Deamination	1	RXNCLASS combo
N-Dealkylation | N-Demethylation | Oxidation | Oxidative N-Dealkylation	1	RXNCLASS combo
Deamidation | Hydrolysis | O-Deacylation	1	RXNCLASS combo
Acetylcysteination | Hydrogenation | N-Acetylcysteination | Reduction	1	RXNCLASS combo
Acetylcysteination | C-Oxidation | N-Acetylcysteination	1	RXNCLASS combo
C-Oxidation | Hydrolysis | Ring Closure	1	RXNCLASS combo
Cleavage | Decarboxylation | Ring Opening	1	RXNCLASS combo
Aromatic Hydroxylation | Dehalogenation | Ring Opening	1	RXNCLASS combo
Amidation | Dehalogenation | Nucleophilic Substitution	1	RXNCLASS combo
Desulfuration | Elimination | Oxidative Deamination	1	RXNCLASS combo
Desulfuration | Elimination | Oxidative Deamination | S-Dealkylation	1	RXNCLASS combo
Hydrolysis | N-Acetylation | N-Deacylation | Transacylation	1	RXNCLASS combo
C-Oxidation | Dearomatization | N-Reduction | Oxidation	1	RXNCLASS combo
C-Hydroxylation | C-Oxidation | Dearomatization | Hydrogenation | N-Reduction | Oxidation | Tautomerization	1	RXNCLASS combo
Hydroxylation | N-Denitrosylation	1	RXNCLASS combo
Aromatic Hydroxylation | O-Dearylation	1	RXNCLASS combo
Aromatic Hydroxylation | C-Hydroxylation | Dearomatization | Epoxidation | Hydrogenation	1	RXNCLASS combo
Aliphatic Hydroxylation | C-Hydroxylation | Epoxidation | Hydrolysis	1	RXNCLASS combo
Aliphatic Hydroxylation | C-Hydroxylation | C-Oxidation | Epoxidation | Hydrogenation | Hydrolysis	1	RXNCLASS combo
Covalent Binding | Nucleophilic Addition | Protein Binding	1	RXNCLASS combo
Acetylcysteination | Hydrolysis | N-Acetylcysteination | Nucleophilic Addition | Ring Opening	1	RXNCLASS combo
N-Acetylcysteination | Nucleophilic Addition | Ring Opening	1	RXNCLASS combo
C-Hydroxylation | Hydrolysis | N-Acetylcysteination	1	RXNCLASS combo
Hydrolysis | N-Acetylcysteination | Nucleophilic Addition | Ring Opening	1	RXNCLASS combo
C-Oxidation | Hydrolysis | Oxidative Dealkylation	1	RXNCLASS combo
C-Hydroxylation | Conjugation | Nucleophilic Addition	1	RXNCLASS combo
C-Hydroxylation | Epoxidation | N-Acetylcysteination	1	RXNCLASS combo
Epoxidation | Glutathionation | Hydrolysis | Isomerization	1	RXNCLASS combo
Aliphatic Hydroxylation | C-Hydroxylation | Epoxidation | Hydration | Hydrolysis | Nucleophilic Addition | Ring Opening	1	RXNCLASS combo
Protein Binding | Ring Closure | Ring Opening	1	RXNCLASS combo
C-Oxidation | Denitrogenation | Elimination | N-Dealkylation | Oxidative Deamination | Oxidative N-Dealkylation	1	RXNCLASS combo
Aliphatic Hydroxylation | C-Oxidation | Deamination | N-Dealkylation | Oxidation | Oxidative Deamination	1	RXNCLASS combo
Aliphatic Hydroxylation | C-Hydroxylation | N-Dealkylation | Oxidative Deamination | Oxidative N-Dealkylation	1	RXNCLASS combo
Deamination | Denitrogenation | Hydrolysis | Nucleophilic Substitution | Oxidative Deamination | Oxidative N-Dealkylation	1	RXNCLASS combo
Isomerization | N-Dealkylation | N-Demethylation | Oxidative N-Dealkylation | Rearrangement | Reduction | Tautomerization	1	RXNCLASS combo
Aliphatic Hydroxylation | C-Hydroxylation | Elimination | Hydrolysis | Oxidative Deamination	1	RXNCLASS combo
C-Hydroxylation | C-Oxidation | Deamination | N-Dealkylation | Oxidation | Oxidative Deamination | Oxidative N-Dealkylation	1	RXNCLASS combo
C-Oxidation | Denitrogenation | N-Dealkylation | Oxidative Deamination | Oxidative N-Dealkylation	1	RXNCLASS combo
Denitrogenation | Hydrolysis | Oxidative Deamination | Oxidative N-Dealkylation	1	RXNCLASS combo
N-Dealkylation | N-Demethylation | Reduction | Tautomerization	1	RXNCLASS combo
N-Dealkylation | N-Demethylation | Oxidative N-Dealkylation | Tautomerization	1	RXNCLASS combo
Hydrolysis | Oxidative N-Dealkylation	1	RXNCLASS combo
Aliphatic Hydroxylation | C-Hydroxylation | Deamination | N-Dealkylation | Oxidative Deamination | Oxidative N-Dealkylation	1	RXNCLASS combo
Elimination | N-Alkylation | N-Methylation	1	RXNCLASS combo
Covalent Binding | DNA Binding | N-Alkylation | N-Dealkylation | N-Demethylation | N-Methylation	1	RXNCLASS combo
Covalent Binding | DNA Binding | N-Dealkylation | N-Demethylation | O-Alkylation | O-Methylation | Oxidative N-Dealkylation	1	RXNCLASS combo
Cyclization | Hydroxylation | N-Dealkylation | Oxidative Deamination | Oxidative N-Dealkylation | Ring Closure	1	RXNCLASS combo
N-Demethylation | Oxidative Deamination	1	RXNCLASS combo
Covalent Binding | DNA Binding | Elimination | Oxidative Deamination | Protein Binding	1	RXNCLASS combo
C-Oxidation | N-Dealkylation | Oxidation	1	RXNCLASS combo
Conjugation | Hydrogenation | S-Oxidation	1	RXNCLASS combo
C-Oxidation | Dehalogenation | Oxidation | Oxidative Dehalogenation	1	RXNCLASS combo
C-Oxidation | Deglutathionation | Dehalogenation | Elimination | Hydrolysis | Oxidation	1	RXNCLASS combo
N-Hydroxylation | RNA Binding	1	RXNCLASS combo
N-Deacetylation | N-Demethylation	1	RXNCLASS combo
Aromatization | Quaternization | Tautomerization	1	RXNCLASS combo
Aromatic Sulfuration | Aromatization | S-Methylation | S-Oxidation	1	RXNCLASS combo
Aromatic Hydroxylation | Aromatic Sulfuration | Aromatization | S-Methylation | S-Oxidation	1	RXNCLASS combo
Aliphatic Hydroxylation | Aromatic Hydroxylation | Aromatization	1	RXNCLASS combo
Amidation | Amination | Carboxylation	1	RXNCLASS combo
Aromatic Hydroxylation | Aromatization	1	RXNCLASS combo
Aromatic Hydroxylation | C-Hydroxylation | Decarboxylation | Oxidation	1	RXNCLASS combo
Cyclization | Hydrolysis | Nucleophilic Addition	1	RXNCLASS combo
C-Hydroxylation | Isomerization | Ring Opening	1	RXNCLASS combo
N-Dealkylation | N-Demethylation | Oxidation | Oxidative Deamination	1	RXNCLASS combo
C-Oxidation | N-Dealkylation | Oxidative Deamination | Oxidative N-Dealkylation	1	RXNCLASS combo
DNA Binding | N-Dealkylation	1	RXNCLASS combo
Covalent Binding | DNA Binding | N-Dealkylation | O-Alkylation	1	RXNCLASS combo
C-Oxidation | Deamination | N-Dealkylation | Oxidation | Oxidative Deamination | Oxidative N-Dealkylation	1	RXNCLASS combo
DNA Binding | N-Alkylation | N-Methylation	1	RXNCLASS combo
Deoxygenation | N-Dealkylation	1	RXNCLASS combo
Covalent Binding | DNA Binding | Deamination | O-Alkylation | O-Methylation	1	RXNCLASS combo
Covalent Binding | DNA Binding | Deamination | N-Alkylation | N-Methylation	1	RXNCLASS combo
DNA Binding | O-Alkylation	1	RXNCLASS combo
DNA Binding | O-Alkylation | O-Methylation	1	RXNCLASS combo
C-Oxidation | N-Dealkylation | Oxidation | Oxidative N-Dealkylation | Ring Opening	1	RXNCLASS combo
Acetylation | N-Reduction	1	RXNCLASS combo
Acetylation | Aromatic Hydroxylation | C-Oxidation | N-Acetylation | N-Reduction | Reduction	1	RXNCLASS combo
Aliphatic Hydroxylation | C-Hydroxylation | C-Oxidation | Dearomatization | Epoxidation | Hydrolysis	1	RXNCLASS combo
C-Hydroxylation | Epoxidation | N-Acetylation | Reduction	1	RXNCLASS combo
C-Oxidation | Denitrogenation | Elimination | Oxidation	1	RXNCLASS combo
Hydroxylation | N-Reduction | Tautomerization	1	RXNCLASS combo
N-Deamination | Oxidation	1	RXNCLASS combo
C-Hydroxylation | Dearomatization | Epoxidation | Hydrogenation | Hydrolysis	1	RXNCLASS combo
Conjugation | Covalent Binding | DNA Binding	1	RXNCLASS combo
C-Deamination | C-Oxidation | Deamination | Hydroxylation | Oxidation | Oxidative Deamination | Tautomerization	1	RXNCLASS combo
Esterification | O-Alkylation | O-Dephosphorylation	1	RXNCLASS combo
Aromatic Hydroxylation | Aromatization | C-Hydroxylation	1	RXNCLASS combo
C-Hydroxylation | Dearomatization | Epoxidation | Hydration | Hydrolysis | Ring Opening	1	RXNCLASS combo
Aromatization | Dehydrogenation | Hydration	1	RXNCLASS combo
Aromatic Hydroxylation | C-Hydroxylation | Dearomatization | Protein Binding | Sulfuration	1	RXNCLASS combo
Acetylglutathionation | Glutathionation | N-Acetylation | Nucleophilic Addition | Ring Opening	1	RXNCLASS combo
Aromatization | Methiolation | Reduction	1	RXNCLASS combo
Aliphatic Hydroxylation | C-Hydroxylation | Dearomatization | Glutathionation	1	RXNCLASS combo
Aromatic Hydroxylation | C-Hydroxylation | Protein Binding | Sulfuration	1	RXNCLASS combo
C-Oxidation | Chain Shortening | Oxidative Deamination	1	RXNCLASS combo
Lactamization | Oxidation	1	RXNCLASS combo
Cleavage | Dealkylation	1	RXNCLASS combo
N-Hydroxylation | Oxidation	1	RXNCLASS combo
C-Oxidation | Hydrolysis | O-Dealkylation | O-Dearylation	1	RXNCLASS combo
Aliphatic Hydroxylation | Aromatic Hydroxylation | C-Hydroxylation | Hydroxylation | Oxidation	1	RXNCLASS combo
Aliphatic Deamination | C-Oxidation | O-Methylation	1	RXNCLASS combo
Aliphatic Deamination | Aliphatic Hydroxylation | Aromatic Dehydroxylation	1	RXNCLASS combo
Aliphatic Hydroxylation | Deamination | Nucleophilic Substitution | Oxidative Deamination	1	RXNCLASS combo
Decysteination | S-Dealkylation | Tautomerization	1	RXNCLASS combo
Deacetylation | N-Deacetylation	1	RXNCLASS combo
C-Oxidation | Transamination	1	RXNCLASS combo
Epoxidation | Isomerization | Ring Closure | Tautomerization	1	RXNCLASS combo
O-Dealkylation | Oxidation | Tautomerization	1	RXNCLASS combo
Decarboxylation | Isomerization | O-Dealkylation | Oxidation	1	RXNCLASS combo
Dehydration | Glutathionation | Ring Closure | Ring Opening	1	RXNCLASS combo
C-Hydroxylation | C-Oxidation | Decyanidation | Hydroxylation | Tautomerization	1	RXNCLASS combo
C-Oxidation | Decyanidation | Elimination | Oxidation	1	RXNCLASS combo
Cyanidation | Hydrolysis | N-Acetylation | N-Deacylation | Reduction	1	RXNCLASS combo
Amidation | Aromatic Hydroxylation | Conjugation	1	RXNCLASS combo
Dehalogenation | Glutathionation | Nucleophilic Addition	1	RXNCLASS combo
Amidation | Aromatic Hydroxylation | Conjugation | Dehalogenation	1	RXNCLASS combo
Aromatic Hydroxylation | Conjugation | Dehalogenation	1	RXNCLASS combo
Conjugation | Covalent Binding | Oxidation | Protein Binding | Sulfuration	1	RXNCLASS combo
Dehydrogenation | Hydrolysis | O-Alkylation | O-Methylation | Ring Opening	1	RXNCLASS combo
Aromatization | Dehydrogenation | Oxidation | Tautomerization	1	RXNCLASS combo
Aromatization | Dehalogenation | Dehydration | Hydrolysis | Reduction	1	RXNCLASS combo
Aromatization | Dehydration | Hydrolysis | Reduction | Ring Opening	1	RXNCLASS combo
Lipid Binding | O-Conjugation	1	RXNCLASS combo
Aromatization | Dehydration | NIH Shift | Rearrangement | Reduction | Ring Opening	1	RXNCLASS combo
Aromatic Hydroxylation | C-Hydroxylation | C-Oxidation | Dehalogenation | Halogenation | Isomerization | NIH Shift | Rearrangement	1	RXNCLASS combo
Esterification | O-Conjugation | Protein Binding	1	RXNCLASS combo
Halogenation | N-Reduction	1	RXNCLASS combo
Aromatic Hydroxylation | N-Acetylation | N-Reduction	1	RXNCLASS combo
Formylation | N-Reduction	1	RXNCLASS combo
Acetylation | Conjugation | Dehalogenation	1	RXNCLASS combo
C-Oxidation | Conjugation | Decyanidation | Epoxidation | Hydrolysis | Oxidation | Sulfuration	1	RXNCLASS combo
Acetylation | Conjugation | Decyanidation | Epoxidation	1	RXNCLASS combo
Decyanidation | Epoxidation	1	RXNCLASS combo
C-Hydroxylation | Epoxidation | Glutathionation	1	RXNCLASS combo
C-Oxidation | Decyanidation | N-Acetylcysteination	1	RXNCLASS combo
Acetylation | Conjugation | Decyanidation | Epoxidation | Oxidation | Sulfuration	1	RXNCLASS combo
Decyanidation | Epoxidation | Oxidation | S-Alkylation | Sulfuration	1	RXNCLASS combo
Acetylation | Acetylcysteination | Hydrogenation | N-Acetylcysteination	1	RXNCLASS combo
Acetylcysteination | Deamidation | Deglutathionation | Hydrolysis | N-Acetylation | N-Acylation | N-Deacylation	1	RXNCLASS combo
Conjugation | Epoxidation	1	RXNCLASS combo
Acetylation | Conjugation | Epoxidation	1	RXNCLASS combo
C-Dealkylation | Elimination | Hydrolysis | Rearrangement	1	RXNCLASS combo
Hydrolysis | N-Acetylation | N-Acetylcysteination | Nucleophilic Addition | Ring Opening	1	RXNCLASS combo
C-Dealkylation | Cleavage | Decyanidation | Elimination	1	RXNCLASS combo
Decyanidation | Epoxidation | Oxidation | S-Alkylation | S-Oxidation | Sulfuration	1	RXNCLASS combo
Cleavage | Elimination | N-Dealkylation | N-Deglycosidation | Oxidative N-Dealkylation	1	RXNCLASS combo
Cleavage | Hydrogenation | Hydrolysis | Reduction | Ring Opening	1	RXNCLASS combo
Aromatic Hydroxylation | C-Hydroxylation | C-Oxidation | Dearomatization | Epoxidation | Hydrolysis | Ring Closure	1	RXNCLASS combo
N-Reduction | Sulfation	1	RXNCLASS combo
Azo Coupling | N-Reduction	1	RXNCLASS combo
Conjugation | N-Acetylation | N-Acetylcysteination	1	RXNCLASS combo
Hydrolysis | N-Acetylation | N-Acylation | S-Oxidation	1	RXNCLASS combo
C-Dealkylation | C-Oxidation | Chain Shortening | Decarboxylation | Oxidation	1	RXNCLASS combo
Dehalogenation | Hydrolysis | Hydroxylation | Oxidative Dehalogenation	1	RXNCLASS combo
C-Deamination | C-Hydroxylation | C-Oxidation | Hydrolysis | Tautomerization	1	RXNCLASS combo
C-Deamination | Deamination	1	RXNCLASS combo
Amination | C-Amination | Nucleophilic Substitution | Reduction	1	RXNCLASS combo
C-Deamination | C-Hydroxylation | C-Oxidation | Tautomerization	1	RXNCLASS combo
Aromatic Hydroxylation | C-Hydroxylation | C-Oxidation | Dearomatization | Hydrogenation | Oxidation | Tautomerization	1	RXNCLASS combo
CoA Binding | Conjugation | Esterification | Thiolation	1	RXNCLASS combo
Conjugation | Esterification | O-Acylation	1	RXNCLASS combo
Conjugation | Esterification | O-Acylation | Protein Binding	1	RXNCLASS combo
Protein Binding | Transacylation	1	RXNCLASS combo
Aromatization | Decarboxylation | Elimination	1	RXNCLASS combo
C-Oxidation | O-Phosphorylation	1	RXNCLASS combo
C-Oxidation | Cleavage | Oxidation	1	RXNCLASS combo
C-Oxidation | Phosphorylation	1	RXNCLASS combo
Chain Elongation | Condensation | Oxidation	1	RXNCLASS combo
Amidation | Condensation | Cysteination	1	RXNCLASS combo
C-Oxidation | Decarboxylation | Oxidative Deamination	1	RXNCLASS combo
Amination | Decarboxylation | Reduction	1	RXNCLASS combo
Aliphatic Hydroxylation | Amination | C-Hydroxylation | Decarboxylation | Reduction	1	RXNCLASS combo
Amidation | N-Dehydroxylation	1	RXNCLASS combo
Chain Shortening | Cleavage | Elimination | Oxidative Deamination	1	RXNCLASS combo
Conjugation | Decarboxylation	1	RXNCLASS combo
Carboxylation | Chain Elongation	1	RXNCLASS combo
C-Decarboxylation | Decarboxylation | Esterification | Sulfuration | Transacetylation	1	RXNCLASS combo
Amination | Nucleophilic Substitution | Reduction	1	RXNCLASS combo
Dehydrogenation | Oxidation | Radical Formation	1	RXNCLASS combo
C-Oxidation | Deamidation | Hydrolysis | N-Acetylation | N-Acylation | N-Deacylation	1	RXNCLASS combo
Conjugation | DNA Binding	1	RXNCLASS combo
Aromatization | Dehydration | Hydrogenation | Hydrolysis | NIH Shift | Reduction | Ring Opening	1	RXNCLASS combo
C-Oxidation | Cyclization | Epoxidation | Oxidation | Ring Closure	1	RXNCLASS combo
Aliphatic Hydroxylation | C-Hydroxylation | C-Oxidation | Epoxidation | Hydrolysis	1	RXNCLASS combo
C-Oxidation | Hydration | Hydrolysis | Nucleophilic Addition | Oxygenation | Ring Opening	1	RXNCLASS combo
Aliphatic Hydroxylation | C-Hydroxylation | C-Oxidation | Hydration | Hydrogenation | Oxidation | Rearrangement	1	RXNCLASS combo
Amination | Dehydrogenation | Nucleophilic Substitution	1	RXNCLASS combo
Aromatic Hydroxylation | Dearomatization | Dehydrogenation	1	RXNCLASS combo
Aromatization | Glutathionation | O-Alkylation | O-Methylation | Reduction	1	RXNCLASS combo
Aromatic Sulfuration | O-Alkylation	1	RXNCLASS combo
C-Hydroxylation | Hydration | N-Glycosidation	1	RXNCLASS combo
Aliphatic Hydroxylation | C-Hydroxylation | C-Oxidation | Hydrogenation | Oxidation | Tautomerization	1	RXNCLASS combo
C-Hydroxylation | Dehydrogenation | Isomerization	1	RXNCLASS combo
Chain Shortening | Hydrogenation | Reduction	1	RXNCLASS combo
Aliphatic Hydroxylation | C-Hydroxylation | C-Oxidation | Chain Shortening | Isomerization | Ring Closure	1	RXNCLASS combo
Aliphatic Hydroxylation | Cyclization | Epoxidation | Isomerization	1	RXNCLASS combo
Aliphatic Hydroxylation | Cyclization | Epoxidation | Hydrogenation | Isomerization	1	RXNCLASS combo
C-Oxidation | Decarboxylation | Hydrogenation | O-Dealkylation | O-Demethylation	1	RXNCLASS combo
C-Oxidation | Decarboxylation | Hydrogenation | Oxidation	1	RXNCLASS combo
C-Oxidation | Deglutathionation | Dehalogenation | Oxidation	1	RXNCLASS combo
C-Oxidation | Dehalogenation | Hydrolysis | Oxidative Dehalogenation | Oxygenation	1	RXNCLASS combo
Amidation | Reduction	1	RXNCLASS combo
C-Deacylation | C-Oxidation | Cleavage | Decarboxylation	1	RXNCLASS combo
N-Acetylation | Nucleic Acid Binding	1	RXNCLASS combo
Dimerization | N-Oxidation	1	RXNCLASS combo
N-Dealkylation | Oxidation | S-Alkylation	1	RXNCLASS combo
C-Deacylation | C-Hydroxylation | Reduction	1	RXNCLASS combo
C-Oxidation | Dealkynylation | Ring Opening	1	RXNCLASS combo
C-Oxidation | Deamination | Dearomatization	1	RXNCLASS combo
Aliphatic Hydroxylation | C-Hydroxylation | Dearomatization | Reduction	1	RXNCLASS combo
Aliphatic Hydroxylation | C-Hydroxylation | Covalent Binding | DNA Binding | N-Reduction	1	RXNCLASS combo
Aliphatic Hydroxylation | C-Hydroxylation | Covalent Binding | DNA Binding | Dearomatization	1	RXNCLASS combo
Aliphatic Hydroxylation | C-Hydroxylation | Covalent Binding | DNA Binding | Dearomatization | N-Reduction	1	RXNCLASS combo
Acetylcysteination | Aromatic Hydroxylation | Dehalogenation	1	RXNCLASS combo
Thioacetylation	1	RXNCLASS combo
C-Hydroxylation | C-Oxidation | Dehalogenation | S-Methylation	1	RXNCLASS combo
C-Hydroxylation | C-Oxidation | Dehalogenation | Sulfuration	1	RXNCLASS combo
C-Hydroxylation | Ring Closure | Tautomerization	1	RXNCLASS combo
C-Hydroxylation | C-Oxidation | Ring Closure	1	RXNCLASS combo
C-Hydroxylation | C-Oxidation | Cyclization | Epoxidation | Ring Closure	1	RXNCLASS combo
C-Dealkylation | Esterification	1	RXNCLASS combo
Aromatization | C-Hydroxylation | Dehydroxylation	1	RXNCLASS combo
C-Hydroxylation | Isomerization | Tautomerization	1	RXNCLASS combo
Aliphatic Hydroxylation | C-Hydroxylation | Dehydroxylation | Hydrolysis | Isomerization | Oxidation | Rearrangement | Reduction	1	RXNCLASS combo
Epoxidation | Reduction	1	RXNCLASS combo
Dehydroxylation | Deoxygenation | Hydrolysis | Reduction	1	RXNCLASS combo
Aliphatic Hydroxylation | C-Hydroxylation | Isomerization | Ring Opening	1	RXNCLASS combo
Dehydroxylation | Glutathionation | Isomerization	1	RXNCLASS combo
Aliphatic Hydroxylation | C-Hydroxylation | Glutathionation | Isomerization	1	RXNCLASS combo
C-Hydroxylation | Epoxidation | Isomerization	1	RXNCLASS combo
C-Hydroxylation | Hydrogenation | Lactonization	1	RXNCLASS combo
Aliphatic Hydroxylation | C-Hydroxylation | C-Oxidation | Chain Shortening | Hydrogenation | Isomerization | Oxidative Dealkylation | Rearrangement	1	RXNCLASS combo
Aliphatic Hydroxylation | C-Hydroxylation | C-Oxidation | Cyclization | Isomerization | Oxidation | Reduction | Ring Closure	1	RXNCLASS combo
Aliphatic Peroxidation | C-Oxidation | Cyclization | Epoxidation | Isomerization | Peroxidation | Rearrangement | Ring Closure	1	RXNCLASS combo
Deoxygenation | Hydrolysis | Reduction	1	RXNCLASS combo
Aliphatic Hydroxylation | Aliphatic Peroxidation | Allylic Oxidation | C-Hydroxylation | C-Oxidation | Cyclization | Epoxidation | Hydrolysis | Isomerization | Oxidation | Peroxidation | Rearrangement | Ring Closure	1	RXNCLASS combo
Hydrogenation | Hydrolysis | Rearrangement | Reduction | Ring Opening	1	RXNCLASS combo
Aliphatic Hydroxylation | C-Hydroxylation | Isomerization | Rearrangement | Tautomerization	1	RXNCLASS combo
Aliphatic Hydroxylation | C-Hydroxylation | C-Oxidation | Cyclization | Epoxidation | Hydrolysis | Isomerization | Ring Closure	1	RXNCLASS combo
C-Oxidation | Hydrolysis | Isomerization | Ring Opening | Tautomerization	1	RXNCLASS combo
C-Hydroxylation | C-Oxidation | Hydration | Hydrogenation | Hydrolysis | Rearrangement | Reduction | Ring Opening | Tautomerization	1	RXNCLASS combo
C-Hydroxylation | C-Oxidation | Hydrogenation | Tautomerization	1	RXNCLASS combo
Condensation | Lactonization | Ring Closure	1	RXNCLASS combo
C-Hydroxylation | C-Oxidation | Hydrogenation | Isomerization | Ring Closure	1	RXNCLASS combo
Dehydroxylation | Epoxidation | Reduction	1	RXNCLASS combo
Dehydroxylation | Deoxygenation | Reduction	1	RXNCLASS combo
C-Oxidation | Isomerization | Peroxidation	1	RXNCLASS combo
C-Hydroxylation | Epoxidation	1	RXNCLASS combo
C-Oxidation | Decarboxylation | Rearrangement | Ring Opening	1	RXNCLASS combo
C-Oxidation | Cyclization | Rearrangement | Ring Opening	1	RXNCLASS combo
Aliphatic Hydroxylation | C-Hydroxylation | C-Oxidation | Cyclization | Epoxidation | Isomerization | Rearrangement | Ring Closure	1	RXNCLASS combo
C-Dealkylation | C-Oxidation | Cleavage | Dehydration | Oxidative Dealkylation | Ring Opening	1	RXNCLASS combo
Oxidative Dealkylation | Reduction | Ring Opening	1	RXNCLASS combo
Hydration | Hydrolysis | Ring Contraction | Ring Opening	1	RXNCLASS combo
C-Oxidation | Hydration | Hydrolysis | Rearrangement | Ring Closure | Ring Enlargement | Ring Opening	1	RXNCLASS combo
Aliphatic Hydroxylation | C-Hydroxylation | C-Oxidation | Cyclization | Epoxidation | Hydrolysis | Isomerization | Oxidation | Rearrangement | Ring Closure	1	RXNCLASS combo
C-Dealkylation | Reduction | Ring Opening	1	RXNCLASS combo
Covalent Binding | Cyclization | Protein Binding	1	RXNCLASS combo
Aliphatic Hydroxylation | C-Hydroxylation | C-Oxidation | Chain Shortening | Hydrogenation | Isomerization | Oxidative Dealkylation	1	RXNCLASS combo
Aliphatic Hydroxylation | C-Hydroxylation | Conjugation | Rearrangement	1	RXNCLASS combo
Aliphatic Hydroxylation | C-Dealkylation | C-Hydroxylation | C-Oxidation | Chain Shortening | Hydrogenation | Isomerization | Oxidative Dealkylation | Rearrangement	1	RXNCLASS combo
C-Oxidation | Peroxidation | Rearrangement	1	RXNCLASS combo
C-Oxidation | Peroxidation	1	RXNCLASS combo
Aliphatic Hydroxylation | C-Hydroxylation | Cyclization | Epoxidation | Rearrangement | Ring Closure	1	RXNCLASS combo
Amidation | Lipid Binding	1	RXNCLASS combo
Aliphatic Hydroxylation | C-Oxidation | Cyclization | Isomerization	1	RXNCLASS combo
C-Hydroxylation | C-Oxidation | Peroxidation | Ring Closure	1	RXNCLASS combo
C-Hydroxylation | Chain Shortening | Elimination | Hydration | Isomerization	1	RXNCLASS combo
Aliphatic Hydroxylation | C-Hydroxylation | Cyclization | Rearrangement	1	RXNCLASS combo
Aliphatic Peroxidation | Peroxidation	1	RXNCLASS combo
Aliphatic Peroxidation | Isomerization	1	RXNCLASS combo
C-Hydroxylation | C-Oxidation | Rearrangement | Ring Closure	1	RXNCLASS combo
C-Demethylation | S-Oxidation	1	RXNCLASS combo
Hydroxylation | Ring Contraction	1	RXNCLASS combo
Cyclization | Hydrolysis | Hydroxylation | Ring Contraction	1	RXNCLASS combo
N-Alkylation | N-Deacylation | N-Deformylation | N-Methylation | Reduction	1	RXNCLASS combo
N-Deformylation | N-Formylation	1	RXNCLASS combo
C-Hydroxylation | Dearomatization | Epoxidation | Hydrogenation | Nucleophilic Addition	1	RXNCLASS combo
C-Hydroxylation | Dearomatization | Hydrolysis	1	RXNCLASS combo
Aromatization | Cysteination | Ring Opening	1	RXNCLASS combo
Aromatization | Dehydrogenation | S-Alkylation | S-Methylation	1	RXNCLASS combo
Carboxylation | Hydrolysis | Oxidation | Reduction	1	RXNCLASS combo
Alkylation | Amination | Reduction	1	RXNCLASS combo
Carbamoylation | Reduction	1	RXNCLASS combo
Carboxylation | Decarboxylation | Elimination | Hydrolysis | Oxidation | Transamination	1	RXNCLASS combo
C-Hydroxylation | Deamidation | Deamination | Hydrolysis | Oxidative Deamination	1	RXNCLASS combo
C-Dealkylation | Elimination | Hydrolysis | Oxidation	1	RXNCLASS combo
Hydrolysis | Lactonization | Reduction | Ring Closure	1	RXNCLASS combo
Deamidation | Deamination | Hydrolysis | N-Deacylation	1	RXNCLASS combo
Transcarbamoylation	1	RXNCLASS combo
Amidation | Hydrolysis | Reduction	1	RXNCLASS combo
C-Hydroxylation | Deglycosidation	1	RXNCLASS combo
C-Oxidation | Esterification | O-Phosphorylation	1	RXNCLASS combo
Cleavage | N-Dealkylation | N-Demethylation	1	RXNCLASS combo
Conjugation | N-Acetylation | S-Oxidation	1	RXNCLASS combo
Conjugation | N-Acetylation | Reduction | S-Oxidation	1	RXNCLASS combo
N-Demethylation | N-Oxidation | Oxidative N-Dealkylation	1	RXNCLASS combo
Cleavage | Dealkenylation | Elimination | Hydrolysis | O-Dealkylation | O-Demethylation | Ring Opening	1	RXNCLASS combo
Cleavage | O-Dealkylation | O-Demethylation | Ring Opening	1	RXNCLASS combo
N-Demethylation | O-Dealkylation | Ring Opening	1	RXNCLASS combo
Hydrolysis | O-Alkylation | O-Dealkylation | O-Demethylation | O-Methylation | Ring Opening	1	RXNCLASS combo
C-Hydroxylation | O-Dealkylation	1	RXNCLASS combo
C-Hydroxylation | N-Demethylation | O-Dealkylation	1	RXNCLASS combo
Aliphatic Halogenation | Hydroxylation | O-Demethylation | Ring Closure	1	RXNCLASS combo
N-Deacylation | O-Demethylation	1	RXNCLASS combo
Hydrolysis | O-Methylation | S-Oxidation	1	RXNCLASS combo
Amidation | Cyclization | Hydrolysis	1	RXNCLASS combo
Aromatic Hydroxylation | Dearomatization | Epoxidation | Glutathionation | Hydrolysis | Oxidative Deamination | Ring Opening	1	RXNCLASS combo
Aromatic Hydroxylation | Dearomatization | Epoxidation | Glutathionation | Hydrolysis | N-Acetylation | Ring Opening	1	RXNCLASS combo
C-Hydroxylation | C-Oxidation | Dearomatization | Epoxidation | Hydration | Hydrogenation | Hydrolysis	1	RXNCLASS combo
Dearomatization | Epoxidation | Nucleophilic Addition | Ring Opening	1	RXNCLASS combo
Epoxidation | Glutathionation | Hydrolysis | Ring Opening	1	RXNCLASS combo
C-Hydroxylation | Dearomatization | Dehydroxylation | Epoxidation | Nitration	1	RXNCLASS combo
Aromatization | Rearrangement | Reduction | Ring Opening	1	RXNCLASS combo
Dearomatization | Epoxidation | Glutathionation | Hydrolysis | Oxidative Deamination | Ring Opening	1	RXNCLASS combo
Dehydroxylation | Nitration	1	RXNCLASS combo
C-Oxidation | Chain Shortening | Elimination | Oxidation | Reduction	1	RXNCLASS combo
C-Dealkylation | Hydrogenation | Oxidation	1	RXNCLASS combo
C-Dealkylation | C-Decarboxylation | C-Oxidation | Decarboxylation | Elimination | Oxidation	1	RXNCLASS combo
Amination | C-Oxidation	1	RXNCLASS combo
C-Dealkylation | C-Oxidation | Rearrangement	1	RXNCLASS combo
C-Alkylation | O-Alkylation	1	RXNCLASS combo
Cyclization | O-Phosphorylation | Phosphorylation | Ring Closure	1	RXNCLASS combo
C-Dealkylation | C-Hydroxylation | C-Oxidation | Elimination	1	RXNCLASS combo
Amidation | Amination | C-Oxidation	1	RXNCLASS combo
C-Oxidation | Decarboxylation | Deoxygenation	1	RXNCLASS combo
Cyclization | O-Phosphorylation	1	RXNCLASS combo
Carboxylation | Dehydration | Oxidation	1	RXNCLASS combo
C-Oxidation | Deamination | Oxidative Deamination | Transamination	1	RXNCLASS combo
Amination | C-Oxidation | Chain Shortening	1	RXNCLASS combo
Amination | C-Oxidation | Decarboxylation	1	RXNCLASS combo
Dephosphorylation | Hydrolysis | Phosphorylation	1	RXNCLASS combo
C-Oxidation | Oxidation | Oxygenation	1	RXNCLASS combo
Glucuronidation | N-Glucuronidation | Tautomerization	1	RXNCLASS combo
N-Dehydroxylation | Protein Binding	1	RXNCLASS combo
C-Hydroxylation | Epoxidation | Hydration | Nucleophilic Addition	1	RXNCLASS combo
Aromatic Hydroxylation | C-Hydroxylation | Decarboxylation	1	RXNCLASS combo
Glycination | N-Acylation	1	RXNCLASS combo
C-Oxidation | Conjugation | O-Dealkylation	1	RXNCLASS combo
O-Dealkylation | O-Demethylation | Rearrangement | Ring Closure | Ring Contraction | Ring Opening	1	RXNCLASS combo
Cyclization | O-Dealkylation | O-Demethylation | Rearrangement	1	RXNCLASS combo
Aliphatic Hydroxylation | C-Oxidation | Epoxidation | O-Deallylation | O-Demethylation	1	RXNCLASS combo
Demethylation | O-Dealkylation | O-Demethylation	1	RXNCLASS combo
C-Hydroxylation | Hydroxylation | Rearrangement | Ring Contraction	1	RXNCLASS combo
C-Hydroxylation | Demethylation | Hydroxylation | O-Demethylation	1	RXNCLASS combo
O-Dealkylation | O-Demethylation | Rearrangement	1	RXNCLASS combo
Demethylation | O-Demethylation	1	RXNCLASS combo
C-Oxidation | O-Demethylation | Ring Closure	1	RXNCLASS combo
Enantiomerization | Epimerization | Inversion | Isomerization | Optical Resolution	1	RXNCLASS combo
Aromatic Hydroxylation | C-Demethylation | C-Hydroxylation | C-Oxidation	1	RXNCLASS combo
Aromatic Hydroxylation | C-Hydroxylation | C-Oxidation | O-Methylation | Rearrangement	1	RXNCLASS combo
C-Hydroxylation | Dephosphorylation	1	RXNCLASS combo
C-Oxidation | Deamination | Dehydroxylation | Oxidative Deamination	1	RXNCLASS combo
C-Oxidation | Hydrolysis | N-Dealkylation	1	RXNCLASS combo
Condensation | Cyclization | Decarboxylation | Ring Closure	1	RXNCLASS combo
Decarboxylation | Dehydrogenation | Isomerization | Ring Closure	1	RXNCLASS combo
Condensation | Cyclization | Dehydration | Deoxygenation	1	RXNCLASS combo
Condensation | Cyclization | Dehydration | Dehydrogenation | Dimerization | Ring Closure	1	RXNCLASS combo
Deamination | Decarboxylation | Ring Closure	1	RXNCLASS combo
Deoxygenation | Transamination	1	RXNCLASS combo
C-Decarboxylation | C-Oxidation | Esterification | Sulfuration	1	RXNCLASS combo
Aliphatic Hydroxylation | C-Decarboxylation | C-Hydroxylation | C-Oxidation | Decarboxylation	1	RXNCLASS combo
Amination | C-Amination | Deoxygenation | Hydrogenation | Reduction | Reductive Amination | Transamination	1	RXNCLASS combo
Aromatic Hydroxylation | C-Hydroxylation | C-Oxidation | Sulfation	1	RXNCLASS combo
Esterification | Hydrolysis | Phosphorylation	1	RXNCLASS combo
Condensation | Sulfation	1	RXNCLASS combo
Oxidation | Phosphorylation	1	RXNCLASS combo
Enantiomerization | O-Sulfation	1	RXNCLASS combo
Conjugation | Dehalogenation | Nucleophilic Substitution | Ring Closure	1	RXNCLASS combo
Dehalogenation | Glutathionation | Nucleophilic Substitution | Ring Closure	1	RXNCLASS combo
Decomplexation | Nucleophilic Substitution	1	RXNCLASS combo
C-Oxidation | Isomerization | Oxidation	1	RXNCLASS combo
Deoxygenation | N-Reduction	1	RXNCLASS combo
C-Hydroxylation | Sulfation	1	RXNCLASS combo
Sulfation | Sulfonation	1	RXNCLASS combo
N-Deacylation | Ring Opening	1	RXNCLASS combo
Dehydrogenation | Isomerization | Oxidation | Rearrangement | Tautomerization	1	RXNCLASS combo
Aliphatic Hydroxylation | C-Hydroxylation | Isomerization | Tautomerization	1	RXNCLASS combo
Aliphatic Hydroxylation | C-Hydroxylation | C-Oxidation | Epoxidation | Hydrolysis | Oxidation	1	RXNCLASS combo
C-Hydroxylation | C-Oxidation | Hydration | Isomerization | Rearrangement	1	RXNCLASS combo
Glutathionation | Isomerization | Rearrangement | Reduction	1	RXNCLASS combo
Dehydration | Thiolation	1	RXNCLASS combo
Isomerization | Protein Binding	1	RXNCLASS combo
Oxidation | Oxidative Dealkylation | Ring Opening	1	RXNCLASS combo
C-Dealkylation | Deoxygenation | Reduction	1	RXNCLASS combo
C-Oxidation | Deoxygenation | Rearrangement	1	RXNCLASS combo
Hydration | N-Reduction	1	RXNCLASS combo
Hydrolysis | N-Deacylation | N-Debenzylation	1	RXNCLASS combo
Deglucosidation | Deglucuronidation | Deglycosidation | Hydrolysis | O-Deglucuronidation | O-Deglycosidation	1	RXNCLASS combo
Dearomatization | Dehalogenation | Oxidation | Rearrangement | Ring Closure	1	RXNCLASS combo
Cyclization | Dearomatization	1	RXNCLASS combo
C-Oxidation | Dehydrogenation | Hydrogenation | Hydrolysis | Reduction	1	RXNCLASS combo
C-Oxidation | Isomerization | Oxidation | Reduction	1	RXNCLASS combo
Dehydration | Hydrogenation | Isomerization	1	RXNCLASS combo
C-Hydroxylation | C-Oxidation | Dehalogenation | Hydrogenation | Hydrolysis | Reduction	1	RXNCLASS combo
C-Oxidation | Decarboxylation | Hydrogenation | N-Dealkylation | Oxidation	1	RXNCLASS combo
Deglycosidation | Hydrolysis | N-Deglycosidation | Tautomerization	1	RXNCLASS combo
Amination | Aromatization | Phosphorylation | Reduction | Tautomerization	1	RXNCLASS combo
Dearomatization | N-Deglycosidation | Tautomerization	1	RXNCLASS combo
Conjugation | Nucleophilic Substitution	1	RXNCLASS combo
Deglycosidation | Phosphorylation	1	RXNCLASS combo
Deamination | Elimination | Hydrolysis | N-Deacylation | N-Oxidation	1	RXNCLASS combo
Amidation | N-Reduction	1	RXNCLASS combo
Deamination | Heterolysis	1	RXNCLASS combo
Aliphatic Deamination | C-Hydroxylation | Deamination | Nucleophilic Substitution | Oxidative N-Dealkylation	1	RXNCLASS combo
Cyclization | Dehalogenation | Dehydrohalogenation | N-Alkylation | Ring Closure	1	RXNCLASS combo
Aliphatic Deamination | C-Oxidation | N-Deacylation | N-Dealkylation | Ring Opening	1	RXNCLASS combo
C-Oxidation | Cyclization | Dehalogenation | N-Denitrosylation	1	RXNCLASS combo
Hydrolysis | N-Deacylation | Tautomerization	1	RXNCLASS combo
C-Oxidation | N-Dealkylation | Sulfuration	1	RXNCLASS combo
N-Deacylation | N-Dealkylation | N-Demethylation	1	RXNCLASS combo
Deacetylation | Oxidation | Rearrangement	1	RXNCLASS combo
Aromatic Methoxylation | C-Methoxylation | O-Dealkylation | O-Demethylation	1	RXNCLASS combo
C-Hydroxylation | O-Deacylation	1	RXNCLASS combo
Acyl Migration | Isomerization | Rearrangement	1	RXNCLASS combo
C-Oxidation | Isomerization | Rearrangement | Ring Closure	1	RXNCLASS combo
Amination | Ring Closure	1	RXNCLASS combo
Aromatization | C-Hydroxylation | Dealkylation	1	RXNCLASS combo
Aromatization | Dehydration | Isomerization	1	RXNCLASS combo
Aliphatic Hydroxylation | C-Hydroxylation | Dehydration | Dehydrogenation	1	RXNCLASS combo
C-Hydroxylation | C-Oxidation | Condensation | Oxidation | Ring Closure	1	RXNCLASS combo
Aromatization | C-Oxidation | Dealkenylation | Dehydration	1	RXNCLASS combo
Hydrolysis | N-Acetylation | N-Acylation | N-Deacetylation | N-Deacylation	1	RXNCLASS combo
Dehalogenation | Glucuronidation | Reduction | Sulfuration	1	RXNCLASS combo
Dehalogenation | Glucuronidation | Sulfuration	1	RXNCLASS combo
Dehalogenation | Glutathionation | S-Dealkylation | S-Reduction	1	RXNCLASS combo
Aromatic Hydroxylation | C-Hydroxylation | C-Oxidation | Dehalogenation | Hydrolysis | Nucleophilic Substitution	1	RXNCLASS combo
Conjugation | Dehalogenation | N-Acetylation | N-Acetylcysteination	1	RXNCLASS combo
Dehalogenation | S-Dealkylation | S-Methylation | Sulfuration	1	RXNCLASS combo
Dehydroxylation | N-Reduction	1	RXNCLASS combo
N-Deacetylation | N-Deacylation | O-Acetylation | O-Acylation | Transacetylation	1	RXNCLASS combo
DNA Binding | Dehydroxylation | N-Deacetylation | N-Deacylation | N-Dehydroxylation	1	RXNCLASS combo
Acyl Migration | Hydrolysis | Isomerization | Transesterification	1	RXNCLASS combo
C-Oxidation | Dehydration | Isomerization	1	RXNCLASS combo
Deconjugation | Deglucuronidation | Hydrolysis | O-Deglucuronidation	1	RXNCLASS combo
Dearomatization | Elimination | Ring Opening	1	RXNCLASS combo
Denitrogenation | N-Alkylation | Ring Opening	1	RXNCLASS combo
Alkylation | Deglutathionation | Methylation | Se-Alkylation | Se-Methylation	1	RXNCLASS combo
Alkylation | Glycosidation	1	RXNCLASS combo
Deglutathionation | Se-Methylation	1	RXNCLASS combo
Alkylation | Methylation | Se-Methylation	1	RXNCLASS combo
Methylation | Se-Methylation	1	RXNCLASS combo
Nucleophilic Substitution | Reduction	1	RXNCLASS combo
Glycosidation | Reduction	1	RXNCLASS combo
C-Deglycosidation | O-Dealkylation	1	RXNCLASS combo
C-Hydroxylation | C-Oxidation | S-Dealkylation	1	RXNCLASS combo
Aliphatic Hydroxylation | C-Hydroxylation | C-Oxidation | Desulfuration | S-Dealkylation	1	RXNCLASS combo
Aliphatic Hydroxylation | C-Hydroxylation | Oxidative Dealkylation	1	RXNCLASS combo
Aliphatic Hydroxylation | C-Oxidation | Dealkylation | Dehalogenation	1	RXNCLASS combo
Aromatization | Deacetylation | Elimination	1	RXNCLASS combo
Aromatic Dealkylation | C-Demethylation	1	RXNCLASS combo
Esterification | O-Sulfation | Sulfation	1	RXNCLASS combo
Aromatization | Hydrogenation | N-Reduction | Rearrangement | Reduction	1	RXNCLASS combo
C-Hydroxylation | C-Oxidation | Hydration	1	RXNCLASS combo
Acetylcysteination | Hydrolysis	1	RXNCLASS combo
Deamination | Dehydrogenation | Elimination | Oxidative Deamination	1	RXNCLASS combo
Glycosidation | S-Alkylation	1	RXNCLASS combo
S-Alkylation | S-Demethylation	1	RXNCLASS combo
C-Oxidation | Elimination | S-Dealkylation | S-Demethylation	1	RXNCLASS combo
Dehalogenation | S-Demethylation	1	RXNCLASS combo
C-Hydroxylation | Deamination | N-Deacetylation	1	RXNCLASS combo
Dehalogenation | S-Cysteination | S-Oxidation | Thioalkylation	1	RXNCLASS combo
Acetylcysteination | N-Acetylation | S-Demethylation	1	RXNCLASS combo
Acetylcysteination | Dehalogenation | N-Acetylation	1	RXNCLASS combo
Conjugation | Dehalogenation | Desulfuration	1	RXNCLASS combo
Dehalogenation | Glucuronidation	1	RXNCLASS combo
Dehalogenation | S-Methylation | Sulfation | Sulfuration	1	RXNCLASS combo
Cleavage | Hydrolysis | O-Dealkylation | Ring Opening	1	RXNCLASS combo
C-Hydroxylation | C-Oxidation | Condensation | Formylation	1	RXNCLASS combo
Protein Binding | S-Dealkylation | S-Demethylation | S-Reduction	1	RXNCLASS combo
Dearomatization | Dehydration	1	RXNCLASS combo
Formylation | N-Dealkylation | Reduction	1	RXNCLASS combo
Dehydrohalogenation | Phosphorylation	1	RXNCLASS combo
Dephosphorylation | Transesterification	1	RXNCLASS combo
Decarboxylation | N-Decarboxylation	1	RXNCLASS combo
Decarboxylation | Hydrolysis | N-Deacylation | N-Decarboxylation	1	RXNCLASS combo
C-Oxidation | Deamination | N-Dealkylation | Rearrangement	1	RXNCLASS combo
Aromatic Hydroxylation | C-Hydroxylation | C-Oxidation | Deamination | N-Dealkylation | Rearrangement	1	RXNCLASS combo
Deglucosidation | Deglycosidation | Hydrolysis | O-Deglycosidation | O-Dephosphorylation	1	RXNCLASS combo
C-Oxidation | Dehydrogenation | Lactonization | Oxidation	1	RXNCLASS combo
C-Oxidation | S-Dealkylation	1	RXNCLASS combo
C-Hydroxylation | O-Dealkylation | Ring Closure	1	RXNCLASS combo
Epimerization | Hydrolysis | Inversion | O-Dealkylation | O-Demethylation	1	RXNCLASS combo
C-Oxidation | Dealkylation | Deamination	1	RXNCLASS combo
Conjugation | Dehalogenation | Oxidation	1	RXNCLASS combo
Cyclization | Deamination | Lactonization | Oxidation	1	RXNCLASS combo
Acetylcysteination | Transconjugation	1	RXNCLASS combo
Hydrogenation | Sulfonation	1	RXNCLASS combo
C-Oxidation | Hydrogenation | Sulfuration	1	RXNCLASS combo
Hydrogenation | Sulfonation | Sulfuration	1	RXNCLASS combo
Reduction | S-Dealkylation	1	RXNCLASS combo
O-Methylation | S-Dealkylation | S-Oxidation	1	RXNCLASS combo
Deacetylation | Elimination	1	RXNCLASS combo
Oligomerization	1	RXNCLASS combo
Condensation | Dehydration | Phosphorylation	1	RXNCLASS combo
Cyclization | Hydrolysis | Oxidative Dealkylation | Rearrangement | Ring Closure	1	RXNCLASS combo
Hydrogenation | Isomerization | Oxidative Dealkylation	1	RXNCLASS combo
C-Demethylation | Ring Closure	1	RXNCLASS combo
Condensation | Cyclization | Reduction	1	RXNCLASS combo
Chain Elongation | Condensation | Cyclization | Reduction	1	RXNCLASS combo
N-Deacetylation | N-Hydroxylation	1	RXNCLASS combo
C-Oxidation | Deamination | Oxidation | Oxidative Deamination	1	RXNCLASS combo
Glutathionation | N-Acetylation | N-Acylation | Ring Opening	1	RXNCLASS combo
Dearomatization | Glutathionation | Oxidation	1	RXNCLASS combo
Amination | Chain Elongation | Dehydroxylation	1	RXNCLASS combo
Cyclization | Cysteination | Ring Closure	1	RXNCLASS combo
Hydrolysis | O-Dephosphorylation | O-Phosphorylation | O-Sulfation | Transphosphorylation	1	RXNCLASS combo
C-Deacylation | C-Oxidation | Cleavage | Deacetylation | Deacylation | Decarbonylation | Dehydrogenation | Elimination | Oxidation	1	RXNCLASS combo
C-Oxidation | Cleavage | Hydrolysis | Oxidative Deamination | Ring Opening	1	RXNCLASS combo
Decarbamoylation	1	RXNCLASS combo
Desulfation | Hydrolysis | O-Deacylation	1	RXNCLASS combo
C-Oxidation | Hydrolysis | Isomerization	1	RXNCLASS combo
Deglucuronidation | Deglycosidation | Hydrolysis | O-Deglucuronidation | O-Deglycosidation	1	RXNCLASS combo
N-Acylation | N-Alkylation	1	RXNCLASS combo
Desulfation | Hydrolysis | Reduction	1	RXNCLASS combo
Desulfuration | Hydrogenation | Reduction	1	RXNCLASS combo
Condensation | Lactonization	1	RXNCLASS combo
C-Oxidation | Cleavage | Isomerization | Rearrangement | Ring Opening	1	RXNCLASS combo
C-Dealkylation | C-Oxidation | Cleavage | Dealkylation | Reduction | Ring Opening	1	RXNCLASS combo
Isomerization | Rearrangement | Ring Contraction | Ring Enlargement	1	RXNCLASS combo
Cyclization | Epoxidation | Hydrolysis | Rearrangement | Ring Closure | Ring Opening	1	RXNCLASS combo
C-Oxidation | Hydration | Hydrolysis | Ring Opening | Tautomerization	1	RXNCLASS combo
C-Oxidation | Cleavage | Rearrangement | Ring Opening	1	RXNCLASS combo
C-Hydroxylation | Rearrangement | Ring Closure | Ring Enlargement | Ring Opening	1	RXNCLASS combo
C-Decarboxylation | C-Oxidation | Esterification	1	RXNCLASS combo
Glucuronidation | S-Dealkylation	1	RXNCLASS combo
DNA Binding | Dearomatization	1	RXNCLASS combo
C-Oxidation | Dearomatization | N-Reduction | Ring Opening	1	RXNCLASS combo
Dehydration | Demethoxylation | Hydrolysis | O-Dealkylation | O-Demethylation | Reduction | Ring Opening	1	RXNCLASS combo
Aromatization | Dehydration | Hydrolysis | Rearrangement | Reduction	1	RXNCLASS combo
Decarbamoylation | Hydrolysis	1	RXNCLASS combo
Dehydration | Demethoxylation	1	RXNCLASS combo
C-Oxidation | Cleavage | Dehydrogenation | Isomerization	1	RXNCLASS combo
C-Dealkylation | C-Oxidation | Chain Shortening | Cleavage | Decarboxylation | Oxidation | Oxidative Dealkylation	1	RXNCLASS combo
Hydrogenation | Oxidative Dealkylation | Reduction	1	RXNCLASS combo
C-Hydroxylation | C-Oxidation | Chain Shortening | Epimerization | Hydrogenation	1	RXNCLASS combo
C-Hydroxylation | C-Oxidation | Epimerization | Hydrogenation	1	RXNCLASS combo
Aliphatic Hydroxylation | C-Hydroxylation | C-Oxidation | Cleavage | Isomerization	1	RXNCLASS combo
C-Demethylation | Sulfuration	1	RXNCLASS combo
C-Deacylation | C-Dealkylation | Chain Shortening | Cleavage	1	RXNCLASS combo
Chain Shortening | Cleavage | Oxidation | Oxidative Dealkylation	1	RXNCLASS combo
Aliphatic Hydroxylation | C-Hydroxylation | Chain Shortening | Elimination	1	RXNCLASS combo
C-Oxidation | Cyclization | Lactonization	1	RXNCLASS combo
Cyclization | Elimination | Hydrolysis | N-Dealkylation | N-Reduction | Rearrangement | Reduction | Ring Closure	1	RXNCLASS combo
Aromatic Hydroxylation | C-Hydroxylation | C-Oxidation | Cyclization | Dehydration	1	RXNCLASS combo
Aromatization | Dehydration | Ring Closure | Tautomerization	1	RXNCLASS combo
C-Oxidation | Decarboxylation | Decyanidation | Hydrolysis | O-Deacylation | Oxidative Dealkylation	1	RXNCLASS combo
C-Oxidation | Decyanidation | Elimination | Hydrolysis	1	RXNCLASS combo
C-Oxidation | Glycination | Nucleophilic Addition	1	RXNCLASS combo
C-Oxidation | Decarboxylation | Dehydration | Reduction	1	RXNCLASS combo
Aliphatic Hydroxylation | Aromatic Hydroxylation | C-Oxidation	1	RXNCLASS combo
Transformylation	1	RXNCLASS combo
N-Methylation | Ring Closure	1	RXNCLASS combo
Deformylation | Ring Opening | S-Oxidation	1	RXNCLASS combo
C-Hydroxylation | C-Oxidation | Dearomatization | Hydrolysis | O-Deacetylation | O-Deacylation | Tautomerization	1	RXNCLASS combo
C-Oxidation | O-Deacetylation	1	RXNCLASS combo
Aromatic Hydroxylation | C-Oxidation | Dearomatization | Tautomerization	1	RXNCLASS combo
Deamination | Oxidation | Tautomerization	1	RXNCLASS combo
Dearomatization | O-Alkylation | O-Methylation | Oxidation	1	RXNCLASS combo
C-Oxidation | Decarboxylation | Tautomerization	1	RXNCLASS combo
C-Alkylation | C-Oxidation | Decarboxylation | Reduction	1	RXNCLASS combo
C-Alkylation | Hydrogenation | N-Alkylation | Nucleophilic Addition | Reduction	1	RXNCLASS combo
Decarboxylation | O-Phosphorylation | Phosphorylation | Tautomerization	1	RXNCLASS combo
Aromatic Hydroxylation | C-Oxidation | N-Dealkylation	1	RXNCLASS combo
Aromatic Hydroxylation | C-Oxidation | N-Oxidation	1	RXNCLASS combo
Dehydration | Deoxygenation | Hydrogenation | Reduction	1	RXNCLASS combo
Cleavage | Hydrogenation | Reduction | Ring Opening	1	RXNCLASS combo
Cleavage | Hydrogenation | O-Dealkylation | Reduction | Ring Opening	1	RXNCLASS combo
C-Deamination | C-Oxidation | Deamination | Oxidation | Oxidative Deamination	1	RXNCLASS combo
C-Oxidation | Nucleophilic Substitution | Oxidative Deamination	1	RXNCLASS combo
C-Dealkylation | C-Oxidation | Chain Shortening | Oxidation | Oxidative Cleavage | Oxygenation	1	RXNCLASS combo
C-Oxidation | Chain Shortening | Isomerization	1	RXNCLASS combo
Aliphatic Hydroxylation | C-Oxidation | Chain Shortening | Isomerization	1	RXNCLASS combo
C-Dealkylation | C-Oxidation | Carboxylation | Cleavage | Oxidation | Oxidative Dealkylation	1	RXNCLASS combo
S-Alkylation | S-Methylation | S-Reduction	1	RXNCLASS combo
Cleavage | Dimerization | Elimination | S-Reduction	1	RXNCLASS combo
Dehalogenation | Hydrolysis | Transhalogenation	1	RXNCLASS combo
Oxidative Dehalogenation | Rearrangement	1	RXNCLASS combo
Dehalogenation | Nucleophilic Substitution | Oxidation	1	RXNCLASS combo
Cyclization | Deamidation	1	RXNCLASS combo
Aromatic Hydroxylation | C-Oxidation | Hydrolysis	1	RXNCLASS combo
Aliphatic Hydroxylation | C-Hydroxylation | C-Oxidation | Hydroxylation | Isomerization | Oxidation	1	RXNCLASS combo
C-Oxidation | Dehydrogenation | Isomerization | Oxidation | Rearrangement	1	RXNCLASS combo
C-Deacylation | C-Dealkylation | C-Oxidation | Cleavage | Deacetylation | Deacylation | Dehydrogenation | Elimination | Oxidation | Oxidative Dealkylation	1	RXNCLASS combo
C-Deacylation | C-Dealkylation | C-Oxidation | Deacetylation | Deacylation | Elimination	1	RXNCLASS combo
C-Dealkylation | C-Oxidation | Deacetylation | Deacylation | Dehydrogenation | Oxidative Dealkylation	1	RXNCLASS combo
C-Deacylation | C-Oxidation | Deacetylation | Epimerization | Hydrogenation	1	RXNCLASS combo
C-Deacylation | C-Oxidation | Deacetylation | Hydrogenation | Reduction	1	RXNCLASS combo
C-Deacylation | C-Hydroxylation | C-Oxidation | Isomerization | Rearrangement	1	RXNCLASS combo
C-Deacylation | Deacetylation | Decarbonylation | Dehydrogenation | Elimination	1	RXNCLASS combo
C-Oxidation | Isomerization | Rearrangement	1	RXNCLASS combo
Decarbonylation | Dehydrogenation | Elimination	1	RXNCLASS combo
C-Deacylation | Deacetylation | Epimerization | Hydrogenation	1	RXNCLASS combo
C-Deacylation | C-Hydroxylation | Deacetylation | Hydrogenation | Reduction	1	RXNCLASS combo
Aliphatic Hydroxylation | C-Hydroxylation | Deacetylation	1	RXNCLASS combo
Aromatization | C-Deacylation | C-Hydroxylation | Elimination	1	RXNCLASS combo
C-Deacylation | C-Dealkylation | C-Oxidation | Deacetylation | Deacylation | Dealkylation | Dehydrogenation | Oxidative Cleavage	1	RXNCLASS combo
C-Deacylation | C-Oxidation | Cleavage | Oxidative Dealkylation	1	RXNCLASS combo
C-Hydroxylation | C-Oxidation | Deamination | Ring Closure	1	RXNCLASS combo
S-Dearylation | S-Reduction	1	RXNCLASS combo
Cysteination | N-Reduction	1	RXNCLASS combo
Acyl Migration | Transesterification	1	RXNCLASS combo
C-Hydroxylation | Inversion	1	RXNCLASS combo
C-Oxidation | Decarboxylation | Dehydroxylation | Rearrangement	1	RXNCLASS combo
N-Acetylation | N-Acylation | N-Reduction | S-Alkylation | S-Dealkylation | S-Methylation | S-Oxidation	1	RXNCLASS combo
Cleavage | Deglutathionation | Hydrogenation | Reduction | S-Oxidation | S-Reduction	1	RXNCLASS combo
DNA Binding | N-Denitrosation	1	RXNCLASS combo
C-Oxidation | Oxidative N-Dealkylation | Rearrangement | Ring Opening | Tautomerization	1	RXNCLASS combo
C-Oxidation | Elimination | Oxidative Deamination | Ring Opening	1	RXNCLASS combo
Oxidative Deamination | Ring Closure | Ring Opening	1	RXNCLASS combo
Covalent Binding | DNA Binding | Oxidative Deamination | Protein Binding	1	RXNCLASS combo
Covalent Binding | DNA Binding | Deamination	1	RXNCLASS combo
C-Oxidation | Denitrosation | N-Denitrosation	1	RXNCLASS combo
Oxidative Desulfuration | S-Methylation | S-Oxidation	1	RXNCLASS combo
Oxidative Desulfuration | S-Alkylation | S-Methylation | S-Oxidation	1	RXNCLASS combo
Oxidative Desulfuration | S-Alkylation | S-Methylation	1	RXNCLASS combo
Protein Binding | S-Dealkylation | S-Demethylation	1	RXNCLASS combo
Deamination | Oxidative Deamination	1	RXNCLASS combo
Desulfuration | N-Dealkylation | Oxidation	1	RXNCLASS combo
C-Oxidation | Deacetylation	1	RXNCLASS combo
Covalent Binding | DNA Binding | N-Demethylation	1	RXNCLASS combo
Glutathionation | N-Deacylation	1	RXNCLASS combo
Deglutathionation | Protein Binding	1	RXNCLASS combo
Dehydrogenation | N-Dealkylation | N-Demethylation | Oxidation | Oxidative N-Dealkylation	1	RXNCLASS combo
N-Acetylcysteination | N-Dealkylation	1	RXNCLASS combo
Covalent Binding | N-Dealkylation | N-Demethylation | Protein Binding	1	RXNCLASS combo
CoA Binding | Esterification | Thioesterification	1	RXNCLASS combo
C-Decarboxylation | C-Oxidation | Cleavage | Decarboxylation | Elimination	1	RXNCLASS combo
Chain Shortening | Hydration | Hydrogenation | Oxidation	1	RXNCLASS combo
N-Deacylation | O-Deacylation | Ring Opening	1	RXNCLASS combo
Decarbonylation | Decarboxylation | Hydrolysis | N-Deacylation | N-Decarboxylation | O-Deacylation | Ring Opening	1	RXNCLASS combo
C-Hydroxylation | C-Oxidation | O-Dearylation	1	RXNCLASS combo
Aromatic Deamination | C-Deamination | C-Hydroxylation | C-Oxidation | Dearomatization | Rearrangement	1	RXNCLASS combo
Aromatic Deamination | C-Oxidation | Dearomatization	1	RXNCLASS combo
Sulfation | Tautomerization	1	RXNCLASS combo
C-Oxidation | Decomplexation | Ring Opening	1	RXNCLASS combo
C-Oxidation | Cleavage | Decomplexation | Elimination | Rearrangement | Ring Opening	1	RXNCLASS combo
Transamidation	1	RXNCLASS combo
Deacylation | Hydrolysis | N-Deacylation | N-Dealkylation	1	RXNCLASS combo
Amination | Hydrolysis | Reduction	1	RXNCLASS combo
Dephosphorylation | Hydrolysis | O-Dephosphorylation | Ring Opening	1	RXNCLASS combo
O-Dephosphorylation | Ring Opening	1	RXNCLASS combo
C-Carboxylation | Chain Elongation	1	RXNCLASS combo
Decarboxylation | O-Phosphorylation	1	RXNCLASS combo
Hydrogenation | Reduction | S-Reduction	1	RXNCLASS combo
Acetylcysteination | C-Desulfuration | N-Acetylcysteination	1	RXNCLASS combo
Aromatic Hydroxylation | C-Alkylation | C-Hydroxylation | C-Methylation	1	RXNCLASS combo
Dearomatization | O-Dealkylation | O-Dearylation | O-Demethylation | Oxidation	1	RXNCLASS combo
C-Oxidation | Deamination | O-Dearylation	1	RXNCLASS combo
Aliphatic Hydroxylation | C-Hydroxylation | C-Oxidation | O-Demethylation	1	RXNCLASS combo
Aliphatic Hydroxylation | C-Hydroxylation | C-Oxidation | Deamination	1	RXNCLASS combo
C-Hydroxylation | C-Oxidation | O-Demethylation	1	RXNCLASS combo
Aliphatic Hydroxylation | C-Hydroxylation | O-Demethylation | O-Methylation	1	RXNCLASS combo
C-Hydroxylation | N-Hydroxylation | O-Demethylation	1	RXNCLASS combo
Aliphatic Hydroxylation | C-Hydroxylation | N-Hydroxylation | O-Demethylation	1	RXNCLASS combo
C-Oxidation | N-Acetylcysteination | Reduction	1	RXNCLASS combo
Conjugation | Glutathionation | Hydrogenation | Nucleophilic Addition | Reduction	1	RXNCLASS combo
C-Oxidation | Glutathionation | Hydrogenation	1	RXNCLASS combo
Nucleophilic Addition | Protein Binding | Reduction	1	RXNCLASS combo
Nucleophilic Addition | Ring Closure	1	RXNCLASS combo
Cyclization | Glutathionation | Hydrogenation | Lactonization | Reduction | Ring Closure	1	RXNCLASS combo
Cyclization | Hydrolysis | N-Acetylation	1	RXNCLASS combo
C-Oxidation | Chain Shortening | Decarboxylation | Oxidation	1	RXNCLASS combo
Cysteination | Hydrolysis | Ring Closure	1	RXNCLASS combo
Aliphatic Hydroxylation | C-Hydroxylation | Deamination | Nucleophilic Substitution | Oxidative Deamination	1	RXNCLASS combo
S-Demethylation | S-Oxidation	1	RXNCLASS combo
C-Oxidation | Oxidative Desulfuration | S-Dealkylation	1	RXNCLASS combo
C-Hydroxylation | Dearomatization | Hydration	1	RXNCLASS combo
Aromatic Hydroxylation | C-Hydroxylation | Decarbonylation	1	RXNCLASS combo
C-Hydroxylation | C-Oxidation | Dealkylation	1	RXNCLASS combo
C-Hydroxylation | Deamination | Hydroxylation | Tautomerization	1	RXNCLASS combo
C-Hydroxylation | Hydration | Hydrolysis	1	RXNCLASS combo
Dehalogenation | Dehydrogenation | Elimination | Hydrolysis	1	RXNCLASS combo
C-Oxidation | Elimination | N-Dealkylation	1	RXNCLASS combo
Deacylation | Dehalogenation | Dehydrogenation | Elimination | Hydrolysis	1	RXNCLASS combo
O-Demethylation | Sulfuration	1	RXNCLASS combo
Dearomatization | Hydration | N-Acetylcysteination	1	RXNCLASS combo
Aromatization | Nucleophilic Addition | Ring Opening	1	RXNCLASS combo
Dearomatization | Hydration | O-Sulfation	1	RXNCLASS combo
Aromatization | Conjugation | Nucleophilic Addition	1	RXNCLASS combo
Oxidative Dealkylation | S-Dealkylation	1	RXNCLASS combo
Cleavage | Dehalogenation | Nucleophilic Substitution	1	RXNCLASS combo
Cleavage | Isomerization | Nucleophilic Substitution	1	RXNCLASS combo
Cleavage | Dehalogenation | Elimination | S-Dealkylation	1	RXNCLASS combo
Covalent Binding | Protein Binding | Reduction	1	RXNCLASS combo
Cleavage | Isomerization | Reduction | S-Dealkylation	1	RXNCLASS combo
N-Acetylation | N-Acylation | S-Oxidation	1	RXNCLASS combo
Covalent Binding | Dehalogenation | Glutathionation | Protein Binding	1	RXNCLASS combo
C-Deamination | C-Desulfuration | C-Oxidation | Deamination | Desulfuration | Oxidative Deamination | S-Dealkylation	1	RXNCLASS combo
C-Oxidation | Dehydrogenation | Hydrogenation | Rearrangement	1	RXNCLASS combo
Cyclization | Hydrolysis | Nucleophilic Addition | Rearrangement | Ring Closure | Ring Enlargement | Ring Opening	1	RXNCLASS combo
Aromatization | Conjugation | Dehalogenation	1	RXNCLASS combo
Oxidation | Oxidative Desulfuration | P-Desulfuration | P-Oxidation	1	RXNCLASS combo
Dehalogenation | Hydrolysis | Reduction	1	RXNCLASS combo
Dithiodecarboxylation	1	RXNCLASS combo
Dehydration | Reduction | Ring Opening	1	RXNCLASS combo
Dehalogenation | Halogenation | Isomerization	1	RXNCLASS combo
Dehalogenation | Dehydrohalogenation | Elimination	1	RXNCLASS combo
Methiolation | S-Oxidation	1	RXNCLASS combo
Epoxidation | Hydrolysis | Isomerization	1	RXNCLASS combo
C-Hydroxylation | Dehydration | Epoxidation | Hydrolysis | Isomerization	1	RXNCLASS combo
C-Oxidation | Dehydrohalogenation | Elimination	1	RXNCLASS combo
C-Dealkylation | Elimination | Reduction	1	RXNCLASS combo
Glycosidation | O-Dephosphorylation	1	RXNCLASS combo
Epimerization | Hydrogenation | Reduction | Ring Opening	1	RXNCLASS combo
Cyclization | Deglutathionation | Desulfuration	1	RXNCLASS combo
Carboxylation | Dehalogenation	1	RXNCLASS combo
Deglutathionation | Dehalogenation | Elimination	1	RXNCLASS combo
Denitrogenation | Elimination | Halogenation	1	RXNCLASS combo
N-Acylation | Oxidative Dealkylation	1	RXNCLASS combo
Enantiomerization | N-Dealkylation | N-Demethylation | Optical Resolution	1	RXNCLASS combo
Cysteination | Rearrangement | Reduction	1	RXNCLASS combo
Chain Shortening | Dehydration | Oxidation	1	RXNCLASS combo
Glutathionation | Hydrogenation | Isomerization	1	RXNCLASS combo
C-Hydroxylation | Rearrangement | Reduction	1	RXNCLASS combo
Dimerization | Oxidation | Peroxidation	1	RXNCLASS combo
Aromatic Hydroxylation | C-Hydroxylation | Dehalogenation | N-Demethylation	1	RXNCLASS combo
Acetylation | Aromatic Hydroxylation | C-Hydroxylation | N-Demethylation	1	RXNCLASS combo
Acetylation | Aromatic Hydroxylation | C-Hydroxylation | Dehalogenation	1	RXNCLASS combo
Aromatic Hydroxylation | C-Hydroxylation | Dehalogenation | N-Demethylation | Sulfation	1	RXNCLASS combo
Aromatic Hydroxylation | C-Hydroxylation | Dehalogenation | Sulfation	1	RXNCLASS combo
Acetylation | Aromatic Hydroxylation | C-Hydroxylation | Dehalogenation | N-Demethylation	1	RXNCLASS combo
Aromatic Hydroxylation | C-Hydroxylation | Glucuronidation | N-Demethylation	1	RXNCLASS combo
Aromatic Hydroxylation | C-Hydroxylation | Dehalogenation | Glucuronidation	1	RXNCLASS combo
Aromatic Hydroxylation | C-Hydroxylation | Dehalogenation | Glucuronidation | N-Demethylation	1	RXNCLASS combo
Aromatic Hydroxylation | C-Hydroxylation | Conjugation | N-Demethylation	1	RXNCLASS combo
Glycination | Oxidation	1	RXNCLASS combo
Hydrolysis | N-Acetylation | Reduction	1	RXNCLASS combo
Dehydration | Transglucosylation	1	RXNCLASS combo
Deamidation | Hydrolysis | N-Dealkylation	1	RXNCLASS combo
Dehalogenation | Oxidative Dehalogenation	1	RXNCLASS combo
C-Decarboxylation | N-Carboxylation	1	RXNCLASS combo
Dealkynylation | N-Dealkylation | Oxidative N-Dealkylation	1	RXNCLASS combo
Dearomatization | Hydrogenation | N-Reduction | Reduction	1	RXNCLASS combo
Deoxygenation | N-Demethylation | Rearrangement	1	RXNCLASS combo
Hydrolysis | Rearrangement | Tautomerization	1	RXNCLASS combo
O-Phosphorylation | Oxidative Deamination | Phosphorylation	1	RXNCLASS combo
C-Methylation | Deamination	1	RXNCLASS combo
Desulfuration | N-Dealkylation | P-Oxidation	1	RXNCLASS combo
Alkylation | Protein Binding	1	RXNCLASS combo
N-Dearylation | N-Oxidation	1	RXNCLASS combo
C-Hydroxylation | N-Acetylation | N-Reduction	1	RXNCLASS combo
Dealkylation | Dehalogenation | Demethylation | Reduction	1	RXNCLASS combo
Dealkylation | Dehalogenation | Demethylation	1	RXNCLASS combo
Dehalogenation | Selenation	1	RXNCLASS combo
C-Oxidation | Covalent Binding | DNA Binding | Dehalogenation	1	RXNCLASS combo
DNA Binding | Dehalogenation | Reduction	1	RXNCLASS combo
Cyclization | DNA Binding | Dehalogenation | Ring Opening	1	RXNCLASS combo
Lysination | Protein Binding	1	RXNCLASS combo
C-Oxidation | Cleavage | Dehydrogenation | Isomerization | Oxidation | Oxidative Dealkylation | Rearrangement	1	RXNCLASS combo
C-Deacylation | C-Hydroxylation	1	RXNCLASS combo
Aliphatic Hydroxylation | C-Dealkylation | C-Hydroxylation | Isomerization	1	RXNCLASS combo
Decarbamoylation | Reduction	1	RXNCLASS combo
Cyclization | Dephosphorylation | Epimerization	1	RXNCLASS combo
C-Alkylation | Chain Elongation | Isomerization	1	RXNCLASS combo
Condensation | Dephosphorylation | Dimerization | Hydrolysis | Reduction	1	RXNCLASS combo
Dehydrogenation | Dephosphorylation | Isomerization	1	RXNCLASS combo
C-Alkylation | Dehydration | Phosphorylation | Reduction	1	RXNCLASS combo
Alkylation | Dehydroxylation	1	RXNCLASS combo
Dehydroxylation | Sulfation	1	RXNCLASS combo
Dealkylation | Demethylation | Sulfation	1	RXNCLASS combo
Cyanidation | Dealkylation | Demethylation	1	RXNCLASS combo
Alkylation | Dealkylation | Demethylation	1	RXNCLASS combo
C-Hydroxylation | Dephosphorylation | Elimination	1	RXNCLASS combo
Hydration | Optical Resolution	1	RXNCLASS combo
S-Alkylation | S-Dealkylation | S-Oxidation	1	RXNCLASS combo
S-Alkylation | S-Dealkylation	1	RXNCLASS combo
Denitrosation | Elimination | Hydrolysis | N-Oxidation | Ring Opening	1	RXNCLASS combo
Aliphatic Hydroxylation | C-Hydroxylation | O-Alkylation	1	RXNCLASS combo
Cyclization | Hydrogenation | Ring Closure	1	RXNCLASS combo
C-Hydroxylation | Inversion | Lactonization	1	RXNCLASS combo
Cyclization | Deglucuronidation | Lactonization | O-Deglucuronidation | Ring Closure	1	RXNCLASS combo
C-Oxidation | Inversion | Lactonization	1	RXNCLASS combo
C-Oxidation | Chain Shortening | Dehydroxylation | Epoxidation	1	RXNCLASS combo
C-Hydroxylation | Isomerization | Rearrangement	1	RXNCLASS combo
Aromatization | C-Dealkylation | C-Demethylation | Dehydrogenation	1	RXNCLASS combo
Aromatization | Hydrogenation | Protein Binding | Sulfuration	1	RXNCLASS combo
C-Hydroxylation | Deamination | Oxidative Deamination	1	RXNCLASS combo
Covalent Binding | Oxidation | Protein Binding	1	RXNCLASS combo
Dehydroxylation | N-Dehydroxylation | N-Reduction | Reduction	1	RXNCLASS combo
Aromatization | Radical Formation	1	RXNCLASS combo
C-Oxidation | Dehydroxylation | Hydrogenation | Sulfation	1	RXNCLASS combo
C-Oxidation | Deglutathionation | Sulfation	1	RXNCLASS combo
Alkylation | Demethoxylation	1	RXNCLASS combo
C-Oxidation | Chain Shortening | Hydrogenation | Oxidation | Reduction	1	RXNCLASS combo
C-Dealkylation | C-Oxidation | Dehydroxylation | Hydrogenation	1	RXNCLASS combo
Dehydration | Hydrolysis | Isomerization | O-Deacylation | O-Dealkylation | Ring Opening	1	RXNCLASS combo
Aliphatic Hydroxylation | C-Hydroxylation | Dehydration | O-Deacylation | O-Dealkylation | Ring Opening	1	RXNCLASS combo
Dehydrogenation | Reduction | Tautomerization	1	RXNCLASS combo
C-Oxidation | Dehydrogenation | N-Oxidation	1	RXNCLASS combo
C-Hydroxylation | Isomerization | Lactonization	1	RXNCLASS combo
C-Oxidation | Dehydration | Reduction	1	RXNCLASS combo
C-Oxidation | DNA Binding | Ring Opening	1	RXNCLASS combo
Aromatic Hydroxylation | C-Hydroxylation | Dehalogenation | N-Acetylation | N-Acylation	1	RXNCLASS combo
Aromatic Hydroxylation | C-Hydroxylation | N-Acetylation | N-Acetylcysteination | N-Acylation	1	RXNCLASS combo
Aromatic Hydroxylation | C-Hydroxylation | Cysteination | N-Acetylation | N-Acylation	1	RXNCLASS combo
Aliphatic Hydroxylation | Aromatization | C-Hydroxylation | Dehydration | Hydrogenation | Ring Opening	1	RXNCLASS combo
Aromatization | Dehydroxylation | Hydroxylation | Ring Opening	1	RXNCLASS combo
Aromatization | Dehydroxylation | Halogenation | Ring Opening	1	RXNCLASS combo
Aromatization | DNA Binding | Dehydroxylation | N-Alkylation | Rearrangement | Reduction | Ring Opening	1	RXNCLASS combo
Aromatization | Dehydration | Halogenation | Hydrogenation | Ring Opening	1	RXNCLASS combo
Aromatization | Deglutathionation | Dehydration | Halogenation | Ring Opening	1	RXNCLASS combo
C-Hydroxylation | Deacylation | Deamination	1	RXNCLASS combo
Elimination | N-Dealkylation | N-Reduction	1	RXNCLASS combo
Deconjugation | Desulfuration | N-Oxidation	1	RXNCLASS combo
Desulfuration | N-Dealkylation | Ring Opening	1	RXNCLASS combo
N-Dealkylation | Oxidative Desulfuration | Ring Opening	1	RXNCLASS combo
C-Oxidation | Deamination | O-Dealkylation	1	RXNCLASS combo
C-Oxidation | Deamination | Reduction | Ring Opening	1	RXNCLASS combo
Conjugation | Esterification | Thiolation | Transesterification	1	RXNCLASS combo
Dearomatization | O-Demethylation	1	RXNCLASS combo
Aromatization | Glutathionation | O-Dealkylation | O-Demethylation	1	RXNCLASS combo
Carboxylation | Chain Shortening	1	RXNCLASS combo
Aliphatic Hydroxylation | C-Hydroxylation | Carboxylation | Chain Shortening | Oxidation	1	RXNCLASS combo
C-Oxidation | Chain Shortening | Dehydrogenation | Hydration | Oxidation	1	RXNCLASS combo
C-Alkylation | C-Decarboxylation | Chain Elongation | Dehydrogenation	1	RXNCLASS combo
Cyanidation | Ring Opening	1	RXNCLASS combo
Dimerization | O-Glucuronidation	1	RXNCLASS combo
Aromatic Hydroxylation | C-Oxidation | Deamination | Decarboxylation	1	RXNCLASS combo
C-Oxidation | Decyanidation | Hydrolysis | Oxidation | Oxidative Dealkylation	1	RXNCLASS combo
Chain Shortening | Elimination	1	RXNCLASS combo
Aromatization | Dearomatization | Reduction	1	RXNCLASS combo
Aromatization | Hydrogenation | Radical Formation | Reduction	1	RXNCLASS combo
C-Hydroxylation | Isomerization | Ring Closure	1	RXNCLASS combo
O-Dealkylation | O-Demethylation | O-Glucuronidation	1	RXNCLASS combo
Decarboxylation | Hydration	1	RXNCLASS combo
Decarboxylation | Dehydrogenation | Dimerization	1	RXNCLASS combo
C-Alkoxylation | C-Methoxylation | O-Alkylation | O-Methylation	1	RXNCLASS combo
Aromatic Hydroxylation | C-Hydroxylation | Lactonization	1	RXNCLASS combo
Cleavage | S-Reduction	1	RXNCLASS combo
Alkylation | S-Alkylation | S-Methylation	1	RXNCLASS combo
Alkylation | Dimerization	1	RXNCLASS combo
Desulfuration | S-Alkylation | S-Methylation	1	RXNCLASS combo
Cleavage | Desulfuration | Reduction | S-Reduction	1	RXNCLASS combo
Cysteination | N-Acetylcysteination	1	RXNCLASS combo
C-Desulfuration | C-Oxidation | Oxidative Deamination | Ring Opening	1	RXNCLASS combo
C-Oxidation | Dehalogenation | N-Alkylation	1	RXNCLASS combo
C-Oxidation | Dehalogenation | Ring Closure	1	RXNCLASS combo
Hydrolysis | O-Dealkylation | Tautomerization	1	RXNCLASS combo
Deglycosidation | Tautomerization	1	RXNCLASS combo
Dehalogenation | Glutathionation | Hydrolysis | Ring Opening	1	RXNCLASS combo
Condensation | Dehydration | Ring Closure	1	RXNCLASS combo
Carbonylation | Decarbonylation | Rearrangement	1	RXNCLASS combo
C-Oxidation | Decarboxylation | N-Deformylation	1	RXNCLASS combo
Decarbonylation | N-Reduction	1	RXNCLASS combo
N-Demethylation | Ring Opening	1	RXNCLASS combo
Cleavage | Isomerization | Oxidation	1	RXNCLASS combo
C-Oxidation | Deacylation | Isomerization	1	RXNCLASS combo
Aliphatic Hydroxylation | C-Dealkylation | C-Hydroxylation | Oxidative Cleavage	1	RXNCLASS combo
C-Oxidation | Chain Shortening | Cleavage | Dealkylation	1	RXNCLASS combo
Dehalogenation | Epoxidation | Hydrolysis	1	RXNCLASS combo
C-Acylation | C-Alkylation | C-Methylation	1	RXNCLASS combo
C-Oxidation | Desulfuration | Elimination	1	RXNCLASS combo
Lactonization | O-Dealkylation	1	RXNCLASS combo
Aromatic Hydroxylation | C-Hydroxylation | Hydrolysis | N-Demethylation	1	RXNCLASS combo
N-Demethylation | O-Deacylation	1	RXNCLASS combo
Aliphatic Hydroxylation | C-Hydroxylation | Hydrolysis | O-Deacylation	1	RXNCLASS combo
Aliphatic Hydroxylation | C-Hydroxylation | Deamination | Hydrolysis | O-Deacylation	1	RXNCLASS combo
Acyl Migration | N-Acylation | O-Deacylation	1	RXNCLASS combo
Aromatic Hydroxylation | Aromatization | C-Hydroxylation | Decarboxylation | N-Dealkylation	1	RXNCLASS combo
Aromatic Hydroxylation | Aromatization | C-Hydroxylation | Decarboxylation	1	RXNCLASS combo
Hydrolysis | N-Acylation | N-Dealkylation | O-Deacylation	1	RXNCLASS combo
Deacylation | Dehydroxylation	1	RXNCLASS combo
C-Oxidation | Dehalogenation | Hydrolysis | Isomerization | Rearrangement	1	RXNCLASS combo
C-Oxidation | Dehalogenation | Hydrolysis | Rearrangement | Ring Opening	1	RXNCLASS combo
Dehalogenation | Hydration | NIH Shift | Ring Opening	1	RXNCLASS combo
Aliphatic Hydroxylation | C-Hydroxylation | C-Oxidation | Dehalogenation | Rearrangement	1	RXNCLASS combo
Dehalogenation | Desulfuration | Hydrolysis | Isomerization	1	RXNCLASS combo
Lipid Binding | Rearrangement	1	RXNCLASS combo
C-Oxidation | Covalent Binding | Desulfuration | Protein Binding	1	RXNCLASS combo
Desulfuration | Oxidative Deamination	1	RXNCLASS combo
C-Hydroxylation | Dehydrogenation | Ring Opening	1	RXNCLASS combo
Aliphatic Hydroxylation | C-Hydroxylation | Dehalogenation | Dehydroxylation | Isomerization	1	RXNCLASS combo
Aromatization | N-Reduction | Reduction	1	RXNCLASS combo
O-Acylation | O-Conjugation	1	RXNCLASS combo
Dearomatization | Dehydration | Glutathionation | Rearrangement	1	RXNCLASS combo
Hydroxylation | N-Reduction	1	RXNCLASS combo
C-Oxidation | Conjugation | Deamination | Phosphorylation | Tautomerization	1	RXNCLASS combo
N-Alkylation | N-Methylation | N-Oxidation | Quaternization	1	RXNCLASS combo
Amidation | N-Oxidation	1	RXNCLASS combo
N-Dealkylation | N-Deglycosidation	1	RXNCLASS combo
Chain Elongation | Decarboxylation | Reduction	1	RXNCLASS combo
Deoxygenation | S-Reduction	1	RXNCLASS combo
Covalent Binding | Protein Binding | Sulfuration	1	RXNCLASS combo
DNA Binding | Oxidation	1	RXNCLASS combo
C-Dealkylation | C-Oxidation | Chain Shortening | Decarboxylation | Oxidation | Oxidative Dealkylation	1	RXNCLASS combo
Aromatic Hydroxylation | Dehalogenation | Nucleophilic Substitution	1	RXNCLASS combo
N-Acetylation | N-Acylation | Nucleophilic Substitution	1	RXNCLASS combo
N-Acetylation | O-Glucuronidation	1	RXNCLASS combo
Amidation | Conjugation | Glutamination	1	RXNCLASS combo
N-Deglucuronidation	1	RXNCLASS combo
Acetylation | C-Hydroxylation | Tautomerization	1	RXNCLASS combo
Conjugation | Thioesterification	1	RXNCLASS combo
C-Oxidation | Ring Expansion | Ring Opening	1	RXNCLASS combo
Cleavage | Rearrangement	1	RXNCLASS combo
Decarboxylation | Hydrolysis | O-Deacylation	1	RXNCLASS combo
Acyl Migration | Esterification | Hydrolysis | Rearrangement | Transacylation | Transesterification	1	RXNCLASS combo
Aromatic Hydroxylation | C-Hydroxylation | N-Dealkylation | O-Alkylation | O-Methylation | Reduction	1	RXNCLASS combo
CoA Binding | Conjugation | Covalent Binding | Esterification	1	RXNCLASS combo
Glutathionation | Hydrolysis | O-Glucuronidation | Transacetylation	1	RXNCLASS combo
C-Hydroxylation | Dealkylation	1	RXNCLASS combo
Amidation | C-Demethylation	1	RXNCLASS combo
Dehydroxylation | N-Oxidation	1	RXNCLASS combo
C-Oxidation | Hydrolysis | N-Deacetylation | N-Deacylation	1	RXNCLASS combo
Condensation | N-Dealkylation | Ring Closure | Ring Opening	1	RXNCLASS combo
C-Oxidation | Condensation | N-Dealkylation | Ring Closure | Ring Opening	1	RXNCLASS combo
N-Dealkylation | N-Demethylation | N-Methylation | Ring Opening	1	RXNCLASS combo
Cysteination | Hydrolysis | N-Acetylcysteination | Ring Opening	1	RXNCLASS combo
Glycination | N-Acetylation	1	RXNCLASS combo
C-Hydroxylation | Dehydrohalogenation	1	RXNCLASS combo
C-Methylation | Phosphorylation	1	RXNCLASS combo
C-Alkylation | C-Methylation | Hydrolysis | O-Dephosphorylation	1	RXNCLASS combo
Epimerization | Phosphorylation	1	RXNCLASS combo
Dimerization | Protein Binding	1	RXNCLASS combo
Cyclization | Hydrolysis | N-Deacylation | Ring Closure	1	RXNCLASS combo
Hydrolysis | Protein Binding | Sulfuration	1	RXNCLASS combo
Hydrolysis | Nucleophilic Substitution | Oxidative Desulfuration | P-Desulfuration | P-Oxidation	1	RXNCLASS combo
Desulfuration | Hydrolysis | Nucleophilic Substitution | Oxidative Desulfuration | Oxygenation | P-Desulfuration | P-Oxidation	1	RXNCLASS combo
Epoxidation | Oxygenation | P-Oxidation | Ring Closure | S-Oxidation	1	RXNCLASS combo
Desulfuration | Oxidative Desulfuration | Ring Opening	1	RXNCLASS combo
C-Oxidation | Deamination | Optical Resolution | Tautomerization	1	RXNCLASS combo
Deglycosidation | N-Deglucosidation | N-Deglycosidation	1	RXNCLASS combo
Hydrolysis | O-Demethylation | Ring Opening	1	RXNCLASS combo
Dehalogenation | Dehydroxylation	1	RXNCLASS combo
O-Alkylation | Ring Closure | Ring Opening	1	RXNCLASS combo
C-Oxidation | Chain Shortening | Conjugation	1	RXNCLASS combo
Oxidative Deamination | Protein Binding	1	RXNCLASS combo
C-Hydroxylation | C-Oxidation | Epimerization	1	RXNCLASS combo
Aliphatic Hydroxylation | C-Hydroxylation | C-Oxidation | N-Oxidation	1	RXNCLASS combo
Chain Shortening | N-Oxidation | Oxidative Dealkylation	1	RXNCLASS combo
Aliphatic Hydroxylation | C-Hydroxylation | Hydrogenation | Ring Opening	1	RXNCLASS combo
Aromatic Hydroxylation | C-Hydroxylation | O-Demethylation	1	RXNCLASS combo
Condensation | Elimination	1	RXNCLASS combo
Condensation | Dehydration | Dimerization | Elimination	1	RXNCLASS combo
Aromatization | Condensation | Cyclization | Dimerization | Ring Closure	1	RXNCLASS combo
Condensation | N-Alkylation	1	RXNCLASS combo
Dimerization | Sulfuration	1	RXNCLASS combo
C-Hydroxylation | C-Oxidation | Dearomatization | Dehalogenation | Nucleophilic Substitution | Tautomerization	1	RXNCLASS combo
Aromatization | Dehydrogenation | Hydrolysis | Lactamization | N-Reduction	1	RXNCLASS combo
C-Hydroxylation | Cyclization | Esterification | Hydrolysis	1	RXNCLASS combo
C-Deamination | C-Hydroxylation | Deamination | Oxidation	1	RXNCLASS combo
C-Decarboxylation | C-Oxidation | Decarboxylation | Oxidative Dealkylation	1	RXNCLASS combo
N-Reduction | Reduction | Ring Opening | Tautomerization	1	RXNCLASS combo
Isomerization | N-Reduction | Reduction | Ring Opening	1	RXNCLASS combo
Aromatic Hydroxylation | C-Hydroxylation | Denitrogenation | Elimination	1	RXNCLASS combo
C-Alkylation | C-Dealkylation | C-Demethylation | C-Methylation | Dehydrogenation | Desulfation | Rearrangement	1	RXNCLASS combo
Desulfation | Epimerization | Inversion	1	RXNCLASS combo
Cleavage | Hydrogenation | Hydrolysis | Reduction | S-Reduction	1	RXNCLASS combo
Decarboxylation | Elimination | Hydrolysis | N-Dealkylation | N-Reduction | Reduction	1	RXNCLASS combo
Covalent Binding | DNA Binding | N-Conjugation	1	RXNCLASS combo
Covalent Binding | Protein Binding | Sulfinylation	1	RXNCLASS combo
Azo Coupling | Covalent Binding | Dearomatization | Dehydrogenation | Protein Binding	1	RXNCLASS combo
Amidation | Hydrolysis | N-Dealkylation | Protein Binding	1	RXNCLASS combo
Amidation | Deglutathionation | Hydrolysis | N-Deacylation | Protein Binding	1	RXNCLASS combo
Amidation | C-Alkylation | Deglutathionation | N-Acylation | Protein Binding	1	RXNCLASS combo
Amidation | Covalent Binding | Hydrolysis | N-Dealkylation | Protein Binding	1	RXNCLASS combo
Covalent Binding | N-Acetylation | N-Acylation | Protein Binding	1	RXNCLASS combo
Dehydrogenation | Elimination | N-Dealkylation	1	RXNCLASS combo
Aromatization | C-Hydroxylation | Dehydration | Hydrolysis | Nucleophilic Addition	1	RXNCLASS combo
Aromatization | C-Hydroxylation | Methiolation | Nucleophilic Addition | Nucleophilic Substitution | Ring Opening | S-Oxidation | Sulfonation | Thiolation	1	RXNCLASS combo
Aromatic Hydroxylation | C-Hydroxylation | Transhalogenation	1	RXNCLASS combo
Cyclization | Protein Binding	1	RXNCLASS combo
Aromatic Hydroxylation | C-Hydroxylation | Dehalogenation | Methoxylation | Ring Enlargement	1	RXNCLASS combo
Aromatization | NIH Shift | Reduction | Ring Opening	1	RXNCLASS combo
Aromatization | DNA Binding | Dehalogenation | Ring Opening	1	RXNCLASS combo
Cleavage | N-Deacylation | N-Dealkylation | Ring Opening | S-Dealkylation	1	RXNCLASS combo
N-Acetylcysteination | Nucleophilic Substitution	1	RXNCLASS combo
C-Dealkylation | Elimination | S-Oxidation	1	RXNCLASS combo
Deoxygenation | N-Dealkylation | O-Sulfation	1	RXNCLASS combo
Dehydration | O-Sulfation	1	RXNCLASS combo
Dearomatization | Isomerization | O-Dealkylation | O-Demethylation | Tautomerization	1	RXNCLASS combo
Dearomatization | O-Dealkylation | O-Demethylation | O-Phosphorylation | Tautomerization	1	RXNCLASS combo
C-Oxidation | Cyclization | Dehydrogenation | Ring Closure	1	RXNCLASS combo
Dimerization | Hydrolysis | Ring Closure | Ring Opening	1	RXNCLASS combo
Deconjugation | Desulfuration | Hydrogenation | Hydrolysis | Reduction	1	RXNCLASS combo
Deconjugation | Hydrolysis | Lactonization | Reduction | Reductive Desulfuration | Ring Closure | S-Reduction	1	RXNCLASS combo
Chain Shortening | Oxidative Dealkylation | Rearrangement | Tautomerization	1	RXNCLASS combo
Chain Shortening | Tautomerization	1	RXNCLASS combo
Dephosphorylation | Hydrolysis | N-Dealkylation	1	RXNCLASS combo
Dearomatization | Dimerization | Sulfuration	1	RXNCLASS combo
C-Oxidation | Deamination | Dearomatization | Isomerization | Oxidative Deamination | Tautomerization	1	RXNCLASS combo
Aromatic Hydroxylation | C-Hydroxylation | C-Oxidation | Oxidation | Tautomerization	1	RXNCLASS combo
C-Alkylation | C-Decarboxylation | Chain Elongation | Condensation | Dehydroxylation	1	RXNCLASS combo
Dehydrogenation | O-Deglucuronidation | Reduction	1	RXNCLASS combo
S-Acylation	1	RXNCLASS combo
Dehydrogenation | Dimerization | Oxidation | Peroxidation | S-Oxidation | Sulfuration	1	RXNCLASS combo
Condensation | Protein Binding | Ring Closure	1	RXNCLASS combo
Aliphatic Hydroxylation | C-Hydroxylation | Hydration | Reduction	1	RXNCLASS combo
Dehydration | Dehydrogenation | Ring Closure	1	RXNCLASS combo
C-Oxidation | Reduction | Ring Enlargement | Ring Opening	1	RXNCLASS combo
C-Oxidation | Hydration | Hydrolysis | Isomerization | Ring Opening | Tautomerization	1	RXNCLASS combo
C-Oxidation | Chain Shortening | Hydrogenation | Oxidative Dealkylation	1	RXNCLASS combo
Aromatization | Reduction | Tautomerization	1	RXNCLASS combo
Dearomatization | Epoxidation | Oxidation | Tautomerization	1	RXNCLASS combo
Cyclization | Oxidation | Rearrangement	1	RXNCLASS combo
Demethylation | Isomerization	1	RXNCLASS combo
Cyclization | Oxidative Desulfuration	1	RXNCLASS combo
Peroxidation | Tautomerization	1	RXNCLASS combo
Optical Resolution | Quaternization	1	RXNCLASS combo
Aliphatic Hydroxylation | C-Hydroxylation | Chain Shortening | Hydrolysis	1	RXNCLASS combo
Hydrolysis | O-Alkylation | Transesterification	1	RXNCLASS combo
Denitrosation | Desulfuration | Elimination | N-Reduction | Reduction	1	RXNCLASS combo
Condensation | Hydrolysis | Nucleophilic Addition	1	RXNCLASS combo
Hydrolysis | N-Acetylation | N-Acylation | Oxidative Deamination	1	RXNCLASS combo
Desulfuration | Tautomerization	1	RXNCLASS combo
Aromatic Hydroxylation | Deamination | Tautomerization	1	RXNCLASS combo
Alkylation | C-Oxidation | Methylation | Oxidation	1	RXNCLASS combo
Alkylation | Methylation | Oxidation | Sulfuration	1	RXNCLASS combo
Alkylation | Dehydrogenation | Dehydroxylation | Methylation	1	RXNCLASS combo
Nucleophilic Substitution | Sulfuration	1	RXNCLASS combo
Dehydroxylation | Methylation | Oxidation	1	RXNCLASS combo
Alkylation | Deglutathionation | Methylation | Oxidation	1	RXNCLASS combo
Alkylation | Dehydroxylation | Glutathionation | Methylation	1	RXNCLASS combo
N-Alkylation | N-Methylation | S-Dealkylation | S-Demethylation	1	RXNCLASS combo
N-Deglycosidation | Nucleophilic Substitution	1	RXNCLASS combo
Aliphatic Hydroxylation | C-Hydroxylation | Decarboxylation | Hydrogenation	1	RXNCLASS combo
C-Decarboxylation | C-Hydroxylation | Tautomerization	1	RXNCLASS combo
Aromatic Hydroxylation | C-Hydroxylation | Decarboxylation | Oxidation | Rearrangement	1	RXNCLASS combo
Dearomatization | Lactonization | Oxidation | Ring Opening	1	RXNCLASS combo
Aliphatic Hydroxylation | C-Hydroxylation | Cyclization | Hydration | Isomerization | Ring Closure	1	RXNCLASS combo
Aliphatic Hydroxylation | C-Hydroxylation | C-Oxidation | Cyclization | Hydration | Isomerization | Ring Closure	1	RXNCLASS combo
C-Oxidation | Hydration | Isomerization | Ring Closure	1	RXNCLASS combo
Aliphatic Hydroxylation | C-Hydroxylation | Cyclization | Isomerization	1	RXNCLASS combo
Glycosidation | O-Sulfation	1	RXNCLASS combo
Glycosidation | N-Sulfation	1	RXNCLASS combo
Cysteination | Desulfation	1	RXNCLASS combo
Reduction | Ring Opening | S-Reduction	1	RXNCLASS combo
Dehydrogenation | Ring Opening | S-Alkylation | S-Methylation	1	RXNCLASS combo
C-Oxidation | S-Alkylation | S-Methylation	1	RXNCLASS combo
Alkoxylation | C-Oxidation | Methoxylation | O-Alkylation | O-Methylation	1	RXNCLASS combo
C-Hydroxylation | Deamidation	1	RXNCLASS combo
Hydrolysis | O-Deacylation | Reduction	1	RXNCLASS combo
Hydrogenation | S-Reduction	1	RXNCLASS combo
Aliphatic Deamination | C-Decarboxylation | C-Oxidation	1	RXNCLASS combo
Aromatization | Cysteination | Dehydration	1	RXNCLASS combo
Aromatic Hydroxylation | C-Hydroxylation | S-Alkylation | S-Methylation	1	RXNCLASS combo
Aliphatic Hydroxylation | C-Hydroxylation | Hydrolysis | O-Deacetylation | O-Deacylation	1	RXNCLASS combo
Hydrolysis | O-Deacetylation | O-Deacylation | Reduction	1	RXNCLASS combo
Dehydrogenation | Hydrolysis | O-Deacylation	1	RXNCLASS combo
Dehydration | Isomerization | Quaternization | Rearrangement	1	RXNCLASS combo
DNA Binding | Isomerization | Nucleic Acid Binding | Protein Binding	1	RXNCLASS combo
Elimination | Lactonization	1	RXNCLASS combo
Deglutathionation | Methiolation	1	RXNCLASS combo
Decysteination | Methiolation	1	RXNCLASS combo
Aromatic Hydroxylation | Dehalogenation | N-Acetylation	1	RXNCLASS combo
Aromatic Methoxylation | C-Methoxylation | N-Acetylation	1	RXNCLASS combo
Hydration | N-Hydroxylation	1	RXNCLASS combo
Dehydrogenation | Glutathionation | Hydrolysis	1	RXNCLASS combo
Amination | Ring Contraction	1	RXNCLASS combo
Epoxidation | N-Oxidation	1	RXNCLASS combo
Conjugation | Esterification | Nucleophilic Substitution | Thiolation	1	RXNCLASS combo
Hydrogenation | Hydrolysis	1	RXNCLASS combo
Dearomatization | Dehydrohalogenation | Oxidation	1	RXNCLASS combo
Aromatization | Dehydrohalogenation | Hydration	1	RXNCLASS combo
Aromatization | Dehydrohalogenation | Glutathionation | Hydration	1	RXNCLASS combo
Aromatic Hydroxylation | Dearomatization | Tautomerization	1	RXNCLASS combo
C-Oxidation | Cleavage | Oxidative Cleavage | Ring Opening	1	RXNCLASS combo
C-Oxidation | Hydrolysis | Isomerization | Oxidation | Ring Opening	1	RXNCLASS combo
Condensation | Cysteination	1	RXNCLASS combo
Amination | Glutathionation | Protein Binding | Ring Closure	1	RXNCLASS combo
Conjugation | Cyclization | N-Acetylcysteination	1	RXNCLASS combo
Dehydration | Glutathionation | Isomerization | Ring Closure | Ring Opening	1	RXNCLASS combo
Dehydration | Glutathionation | Isomerization | Ring Closure	1	RXNCLASS combo
Cyclization | Glutathionation | Isomerization | Ring Closure	1	RXNCLASS combo
Cyclization | Glutamination | Glutathionation	1	RXNCLASS combo
Hydrolysis | Ring Opening | S-Dealkylation | S-Methylation	1	RXNCLASS combo
Cyclization | Glutathionation | Glycination	1	RXNCLASS combo
Glutathionation | Hydrolysis | Isomerization | Ring Closure	1	RXNCLASS combo
Amination | C-Oxidation | Dehydroxylation	1	RXNCLASS combo
Esterification | Hydrolysis | O-Acylation | S-Deacylation | Transacylation | Transesterification	1	RXNCLASS combo
C-Dearylation | C-Oxidation	1	RXNCLASS combo
C-Deacylation | Elimination	1	RXNCLASS combo
Aromatic Dehydroxylation | Reduction | Ring Opening	1	RXNCLASS combo
Glycination | Transconjugation	1	RXNCLASS combo
Deacylation | Hydrolysis | S-Deacetylation | S-Deacylation	1	RXNCLASS combo
Cleavage | Decysteination | S-Reduction	1	RXNCLASS combo
Oxidative Desulfuration | Protein Binding	1	RXNCLASS combo
Amination | Dephosphorylation	1	RXNCLASS combo
C-Oxidation | Dehalogenation | Isomerization | N-Acetylcysteination	1	RXNCLASS combo
C-Oxidation | Dehalogenation | N-Acetylcysteination	1	RXNCLASS combo
Dehalogenation | Glutathionation | Isomerization	1	RXNCLASS combo
Cysteination | Dehydrohalogenation | Hydrolysis | N-Acetylation | N-Deacylation	1	RXNCLASS combo
Epoxidation | N-Dehydroxylation	1	RXNCLASS combo
Dehalogenation | Dehydrogenation | Hydrolysis	1	RXNCLASS combo
Dehydrogenation | Isomerization | Rearrangement | Ring Opening	1	RXNCLASS combo
Isomerization | Rearrangement | Ring Opening | Tautomerization	1	RXNCLASS combo
Deamination | Oxidative Deamination | Ring Opening	1	RXNCLASS combo
C-Oxidation | Elimination | Ring Contraction	1	RXNCLASS combo
Dephosphorylation | Transglucuronidation	1	RXNCLASS combo
Glycosidation | N-Conjugation | N-Glucosidation	1	RXNCLASS combo
C-Oxidation | Dearomatization | Hydrolysis | Oxidative Deamination | Ring Opening	1	RXNCLASS combo
Denitrosation | Elimination | N-Reduction	1	RXNCLASS combo
O-Acetylation | O-Acylation | S-Deacetylation | Transacetylation | Transesterification	1	RXNCLASS combo
Deacetylation | Deacylation | S-Deacetylation | S-Deacylation	1	RXNCLASS combo
C-Carboxylation | Carboxylation | Chain Elongation	1	RXNCLASS combo
Condensation | Hydrolysis | S-Deacylation	1	RXNCLASS combo
Dephosphorylation | N-Dealkylation	1	RXNCLASS combo
Azo Coupling | N-Oxidation	1	RXNCLASS combo
Isomerization | Tautomerization	1	RXNCLASS combo
Dealkoxylation | Decarboxylation | Reduction	1	RXNCLASS combo
Deacylation | Hydrolysis | Ring Opening	1	RXNCLASS combo
Aromatic Thiolation | S-Alkylation | Thiolation	1	RXNCLASS combo
Aliphatic Deamination | C-Oxidation	1	RXNCLASS combo
Cysteination | Oxidative Dehalogenation	1	RXNCLASS combo
Deacetylation | Deacylation | Protein Binding	1	RXNCLASS combo
Deacetylation | Deacylation	1	RXNCLASS combo
Heterolysis | N-Oxidation	1	RXNCLASS combo
Conjugation | Covalent Binding | Dimerization | Protein Binding	1	RXNCLASS combo
C-Alkylation | Covalent Binding | Protein Binding	1	RXNCLASS combo
N-Deacetylation | N-Deacylation | O-Alkylation | O-Methylation	1	RXNCLASS combo
Nucleophilic Substitution | O-Alkylation | O-Methylation	1	RXNCLASS combo
Glutathionation | Inversion	1	RXNCLASS combo
C-Oxidation | Decarbonylation | Dehydrogenation | Elimination	1	RXNCLASS combo
Hydrogenation | Optical Resolution	1	RXNCLASS combo
C-Oxidation | Dehydrogenation | Oxidation | Reduction	1	RXNCLASS combo
Covalent Binding | Deglutathionation | Denitrosation | Protein Binding	1	RXNCLASS combo
Cleavage | Denitrosation | Desulfuration | Radical Formation	1	RXNCLASS combo
Covalent Binding | Denitrosation | Desulfuration | Protein Binding	1	RXNCLASS combo
Denitrosation | Desulfuration | N-Oxidation	1	RXNCLASS combo
Oxidative Deamination | Ring Opening | S-Oxidation	1	RXNCLASS combo
Hydration | S-Oxidation	1	RXNCLASS combo
Hydrogenation | Reduction | Ring Opening | S-Alkylation | S-Methylation	1	RXNCLASS combo
C-Carboxylation | Deamination	1	RXNCLASS combo
Hydrogenation | S-Alkylation | S-Methylation	1	RXNCLASS combo
Decarbamoylation | Decarboxylation | Hydrolysis | O-Deacylation	1	RXNCLASS combo
Cyclization | Dehydrohalogenation | Epoxidation	1	RXNCLASS combo
Aliphatic Hydroxylation | C-Hydroxylation | Dehalogenation | Hydrolysis | O-Deacylation	1	RXNCLASS combo
Aliphatic Hydroxylation | C-Hydroxylation | Dehalogenation | Dehydrohalogenation | Epoxidation	1	RXNCLASS combo
Cyclization | Dehydrohalogenation	1	RXNCLASS combo
N-Dealkylation | N-Demethylation | O-Demethylation | Oxidative N-Dealkylation	1	RXNCLASS combo
Deamination | Oxidative Dealkylation	1	RXNCLASS combo
Decarboxylation | Demethylation | Oxidative Deamination	1	RXNCLASS combo
Acetylation | Decarboxylation	1	RXNCLASS combo
Dephosphorylation | O-Acylation	1	RXNCLASS combo
Dearomatization | Oxidative Dehalogenation | Tautomerization	1	RXNCLASS combo
C-Oxidation | Cleavage | Oxidative Deamination	1	RXNCLASS combo
Deacetylation | Deacylation | Hydrolysis | S-Deacetylation | S-Deacylation | S-Dealkylation	1	RXNCLASS combo
C-Oxidation | Deglutathionation | Dehalogenation | Dehydrohalogenation | Desulfuration | Hydrolysis | Oxidative Desulfuration | S-Dealkylation	1	RXNCLASS combo
Deamidation | Hydrolysis | N-Acetylation | N-Acylation | N-Dealkylation | Transacylation	1	RXNCLASS combo
Dehalogenation | Elimination | Hydrolysis	1	RXNCLASS combo
C-Oxidation | Deglutathionation | Dehalogenation | Desulfuration	1	RXNCLASS combo
C-Oxidation | Deglutathionation | Dehalogenation | Desulfuration | Hydrolysis | Oxidative Desulfuration | S-Dealkylation | Tautomerization	1	RXNCLASS combo
Cysteination | Nucleophilic Substitution	1	RXNCLASS combo
C-Oxidation | Decysteination | Dehalogenation | Elimination | Hydrolysis	1	RXNCLASS combo
Deamidation | N-Acetylation | N-Acylation | N-Deacylation	1	RXNCLASS combo
Dearomatization | O-Dealkylation | O-Demethylation | Oxidation	1	RXNCLASS combo
Aliphatic Hydroxylation | C-Hydroxylation | Hydration | Isomerization	1	RXNCLASS combo
S-Alkylation | S-Dearylation | S-Methylation	1	RXNCLASS combo
Aromatic Hydroxylation | C-Hydroxylation | C-Oxidation | Nucleophilic Substitution	1	RXNCLASS combo
C-Oxidation | Deamination | N-Dealkylation | Oxidative Deamination	1	RXNCLASS combo
Decarbonylation | Dehydration | Hydrolysis | N-Dealkylation | O-Dearylation | Ring Opening	1	RXNCLASS combo
Glycination | N-Acetylation | N-Acylation | N-Hydroxylation	1	RXNCLASS combo
Hydrolysis | N-Acetylation | Ring Opening	1	RXNCLASS combo
Cysteination | Dehalogenation | N-Acetylcysteination | Reduction	1	RXNCLASS combo
C-Hydroxylation | Dehalogenation | Glutathionation | Hydrolysis	1	RXNCLASS combo
C-Oxidation | Dehalogenation | Hydroxylation | Sulfuration | Thiolation	1	RXNCLASS combo
C-Oxidation | Dehalogenation | Hydrolysis | Thiolation	1	RXNCLASS combo
Deglutathionation | Methylation | Oxidation	1	RXNCLASS combo
Aliphatic Hydroxylation | C-Hydroxylation | Deamination | Nucleophilic Substitution	1	RXNCLASS combo
Denitrosation | Hydrolysis | Oxidative Deamination	1	RXNCLASS combo
Hydrolysis | Ring Opening | Tautomerization	1	RXNCLASS combo
Decarboxylation | Dehydration | Phosphorylation | Ring Opening	1	RXNCLASS combo
Condensation | Decarboxylation | Dehydration | Dimerization | Phosphorylation | Ring Opening	1	RXNCLASS combo
Condensation | Phosphorylation | Ring Opening	1	RXNCLASS combo
C-Oxidation | Dephosphorylation | Hydrolysis	1	RXNCLASS combo
Condensation | Decarboxylation | Dehydration | Hydrolysis	1	RXNCLASS combo
Demethylation | Hydrogenation | Isomerization | Oxidative Dealkylation	1	RXNCLASS combo
Condensation | Cyclization | Decarboxylation | Hydrolysis | Ring Opening	1	RXNCLASS combo
Condensation | Cyclization | Ring Opening	1	RXNCLASS combo
C-Alkylation | C-Decarboxylation | Dehydration | Rearrangement | Ring Closure	1	RXNCLASS combo
Condensation | Decarboxylation | Dehydration | Hydrolysis | Ring Closure	1	RXNCLASS combo
Dehydrogenation | Epoxidation	1	RXNCLASS combo
C-Oxidation | Dearomatization | O-Dephosphorylation	1	RXNCLASS combo
Decarboxylation | Elimination	1	RXNCLASS combo
Aliphatic Sulfuration | Protein Binding	1	RXNCLASS combo
C-Desulfuration | Desulfuration	1	RXNCLASS combo
Dehalogenation | Hydration | Hydroxylation	1	RXNCLASS combo
Dehydration | Hydroxylation	1	RXNCLASS combo
DNA Binding | Decomplexation | Dehalogenation	1	RXNCLASS combo
Cyclization | Decarboxylation	1	RXNCLASS combo
C-Oxidation | Dehalogenation | Elimination	1	RXNCLASS combo
Dehydroxylation | Methylation	1	RXNCLASS combo
Demethylation | N-Dealkylation | N-Demethylation	1	RXNCLASS combo
Dehydroxylation | Glutathionation | Reduction	1	RXNCLASS combo
Aliphatic Hydroxylation | C-Hydroxylation | C-Oxidation | Dearomatization | Dehydrogenation	1	RXNCLASS combo
C-Hydroxylation | N-Glucuronidation	1	RXNCLASS combo
Deformylation | Hydrolysis | Isomerization	1	RXNCLASS combo
Covalent Binding | DNA Binding | Deamination | O-Alkylation	1	RXNCLASS combo
Dehydration | N-Dealkylation	1	RXNCLASS combo
Dephosphorylation | O-Dephosphorylation	1	RXNCLASS combo
N-Oxidation | Protein Binding	1	RXNCLASS combo
Covalent Binding | DNA Binding | Nitration | Oxidation	1	RXNCLASS combo
C-Oxidation | Dehydrogenation | Epimerization	1	RXNCLASS combo
Aromatization | Deacylation | Elimination	1	RXNCLASS combo
C-Oxidation | Deacylation | Elimination	1	RXNCLASS combo
Conjugation | Esterification | O-Alkylation	1	RXNCLASS combo
C-Oxidation | Cleavage | Dealkylation | Demethylation	1	RXNCLASS combo
Cleavage | Dealkylation | Demethylation	1	RXNCLASS combo
Glycination | O-Glucuronidation	1	RXNCLASS combo
C-Oxidation | Dearomatization | Glutathionation | N-Oxidation	1	RXNCLASS combo
C-Oxidation | Cysteination | Dearomatization | N-Oxidation | Thioalkylation	1	RXNCLASS combo
C-Hydroxylation | C-Oxidation | Dearomatization | N-Oxidation	1	RXNCLASS combo
Azo Coupling | Covalent Binding | Protein Binding	1	RXNCLASS combo
Aromatization | Glutathionation | Tautomerization	1	RXNCLASS combo
Aromatization | Cysteination | Thioalkylation	1	RXNCLASS combo
Aromatization | Deformylation | Elimination	1	RXNCLASS combo
Deformylation | Elimination	1	RXNCLASS combo
Enantiomerization | Inversion	1	RXNCLASS combo
Dearomatization | Dehydrogenation | Isomerization | Oxidation	1	RXNCLASS combo
Dealkylation | O-Dealkylation | Ring Opening	1	RXNCLASS combo
C-Decarboxylation | Dehydration | O-Dearylation	1	RXNCLASS combo
Dephosphorylation | S-Methylation | S-Oxidation	1	RXNCLASS combo
P-Oxidation | Tautomerization	1	RXNCLASS combo
Desulfuration | Oxygenation | P-Oxidation	1	RXNCLASS combo
Oxidative Desulfuration | S-Dealkylation	1	RXNCLASS combo
Nucleophilic Substitution | Oxidative Desulfuration | P-Desulfuration | P-Oxidation	1	RXNCLASS combo
P-Desulfuration | P-Oxidation	1	RXNCLASS combo
P-Desulfuration | P-Hydroxylation	1	RXNCLASS combo
Aromatization | Oxidative Deamination | Ring Closure	1	RXNCLASS combo
Aromatization | Condensation | Cyclization | Deamination | Dehydrogenation | Isomerization | Oxidative Deamination | Reduction | Ring Closure | Tautomerization	1	RXNCLASS combo
Cyclization | Dehydration | Rearrangement	1	RXNCLASS combo
Dehalogenation | Ring Closure | Ring Opening	1	RXNCLASS combo
DNA Binding | Dehydrohalogenation | Nucleophilic Substitution | Ring Enlargement	1	RXNCLASS combo
C-Oxidation | Deamination | N-Dealkylation | N-Demethylation | Oxidative Dealkylation | Oxidative N-Dealkylation	1	RXNCLASS combo
Hydrolysis | N-Deacylation | N-Decarboxylation | O-Deacetylation	1	RXNCLASS combo
N-Reduction | Protein Binding	1	RXNCLASS combo
Dearomatization | Dehydrogenation | Elimination	1	RXNCLASS combo
Dearomatization | Dehydrogenation | Isomerization | Oxidation | Tautomerization	1	RXNCLASS combo
C-Oxidation | Hydration | Hydrolysis | Oxidation | Ring Opening	1	RXNCLASS combo
C-Oxidation | Isomerization | Oxidation | Oxidative S-Dealkylation | Ring Opening	1	RXNCLASS combo
C-Oxidation | Isomerization | Rearrangement | Tautomerization	1	RXNCLASS combo
C-Oxidation | Hydrolysis | Oxidative Cleavage | Oxidative Desulfuration | Ring Opening	1	RXNCLASS combo
C-Oxidation | O-Sulfation	1	RXNCLASS combo
Deamination | Dehydration | Elimination	1	RXNCLASS combo
Condensation | N-Reduction	1	RXNCLASS combo
Deglucuronidation | Lactonization | O-Deglucuronidation	1	RXNCLASS combo
Chain Shortening | Dehydroxylation	1	RXNCLASS combo
Chain Shortening | Dehydration	1	RXNCLASS combo
Deamination | Dehalogenation | Glutathionation	1	RXNCLASS combo
C-Hydroxylation | Dearomatization | Dehalogenation | Glutathionation | Hydrogenation	1	RXNCLASS combo
C-Dealkylation | C-Hydroxylation | C-Oxidation	1	RXNCLASS combo
Dehydrogenation | O-Glucuronidation	1	RXNCLASS combo
Hydrolysis | Transacylation	1	RXNCLASS combo
Amination | Epimerization	1	RXNCLASS combo
Dearomatization | O-Phosphorylation | Oxidative Deamination	1	RXNCLASS combo
C-Oxidation | Deamination | Dearomatization | O-Phosphorylation | Oxidative Deamination	1	RXNCLASS combo
C-Hydroxylation | C-Oxidation | Dehydrogenation | Epoxidation | Hydration | Hydrogenation | Hydrolysis | Oxidation | Tautomerization	1	RXNCLASS combo
Hydrolysis | S-Deacylation | S-Dealkylation	1	RXNCLASS combo
N-Deacylation | O-Dealkylation	1	RXNCLASS combo
Conjugation | Tautomerization	1	RXNCLASS combo
Aliphatic Hydroxylation | C-Hydroxylation | Nucleophilic Addition | Ring Opening	1	RXNCLASS combo
C-Oxidation | Dehydration | Dehydrogenation	1	RXNCLASS combo
Aliphatic Hydroxylation | C-Hydroxylation | Hydration | Nucleophilic Addition | Ring Opening	1	RXNCLASS combo
Aliphatic Hydroxylation | C-Hydroxylation | C-Oxidation | Ring Closure	1	RXNCLASS combo
C-Hydroxylation | Epimerization | Hydrogenation	1	RXNCLASS combo
C-Oxidation | Hydrogenation | Isomerization | Reduction	1	RXNCLASS combo
Dealkoxylation | Glutathionation	1	RXNCLASS combo
C-Oxidation | Dearomatization | Decarbonylation | Hydration | Hydrolysis | Oxidation | Rearrangement | Ring Opening	1	RXNCLASS combo
Deamination | Hydrolysis | Ring Opening	1	RXNCLASS combo
C-Oxidation | Dearomatization | Oxidation | Ring Opening	1	RXNCLASS combo
Cyclization | Hydrolysis | N-Dealkylation	1	RXNCLASS combo
N-Acetylation | N-Acylation | N-Decarboxylation	1	RXNCLASS combo
Cyclization | Deoxygenation	1	RXNCLASS combo
Deconjugation | S-Reduction	1	RXNCLASS combo
Cleavage | N-Reduction	1	RXNCLASS combo
Denitration | Hydrolysis | N-Reduction | Radical Formation	1	RXNCLASS combo
Denitration | Glutathionation | Nucleophilic Substitution	1	RXNCLASS combo
Deglutathionation | Nucleophilic Substitution	1	RXNCLASS combo
Protein Binding | S-Oxidation	1	RXNCLASS combo
C-Oxidation | O-Dealkylation | O-Demethylation | Oxidative Dealkylation	1	RXNCLASS combo
C-Oxidation | Demethoxylation | O-Dealkylation | O-Demethylation | Oxidative Dealkylation	1	RXNCLASS combo
Desulfuration | Oxidative Desulfuration | P-Desulfuration | P-Oxidation	1	RXNCLASS combo
Cleavage | Decarbonylation | Deformylation | Hydrolysis | N-Decarboxylation | Ring Opening	1	RXNCLASS combo
Azo Cleavage | Cleavage | Denitrogenation | N-Reduction	1	RXNCLASS combo
Denitrogenation | N-Deacylation | Ring Opening	1	RXNCLASS combo
C-Oxidation | Cleavage | Oxidative Deamination | Ring Opening	1	RXNCLASS combo
Decarbonylation | Ring Opening | Tautomerization	1	RXNCLASS combo
Hydrolysis | O-Dealkylation | S-Deacetylation | S-Deacylation	1	RXNCLASS combo
Denitrogenation | Epoxidation	1	RXNCLASS combo
Dehydration | Hydrolysis | NIH Shift	1	RXNCLASS combo
Desulfuration | N-Oxidation	1	RXNCLASS combo
N-Acetylation | N-Acylation | N-Dealkylation	1	RXNCLASS combo
Denitrosation | Hydrolysis | Nitrosation	1	RXNCLASS combo
Lactonization | O-Glucuronidation	1	RXNCLASS combo
Conjugation | Covalent Binding | Lipid Binding | O-Conjugation	1	RXNCLASS combo
Dehydrogenation | Oxidation | Ring Closure	1	RXNCLASS combo
C-Oxidation | Decarboxylation | Isomerization	1	RXNCLASS combo
Esterification | Hydrolysis | Transacylation	1	RXNCLASS combo
Desulfuration | N-Reduction	1	RXNCLASS combo
Deconjugation | Desulfuration | N-Reduction	1	RXNCLASS combo
C-Oxidation | Desulfuration | Nucleophilic Substitution | Oxidative Deamination | S-Dealkylation	1	RXNCLASS combo
Denitrosation | Nitration	1	RXNCLASS combo
Esterification | Sulfuration	1	RXNCLASS combo
N-Dealkylation | Oxidative Deamination | Ring Opening	1	RXNCLASS combo
Amination | Cysteination | N-Acetylcysteination | Ring Closure	1	RXNCLASS combo
Hydrolysis | O-Deacylation | O-Demethylation	1	RXNCLASS combo
Peroxidation | Ring Closure	1	RXNCLASS combo
Chain Shortening | Desulfuration | Hydrolysis | Oxidative Dealkylation	1	RXNCLASS combo
Dehydration | Hydrolysis | Radical Formation	1	RXNCLASS combo
C-Hydroxylation | C-Oxidation | Hydrolysis	1	RXNCLASS combo
Dephosphorylation | Transphosphorylation	1	RXNCLASS combo
Aromatization | Deamination | Ring Closure	1	RXNCLASS combo
Aliphatic Hydroxylation | C-Hydroxylation | Enantiomerization	1	RXNCLASS combo
Enantiomerization | Hydration	1	RXNCLASS combo
C-Oxidation | Inversion	1	RXNCLASS combo
C-Oxidation | Dearomatization | N-Hydroxylation	1	RXNCLASS combo
C-Oxidation | Dearomatization | Reduction	1	RXNCLASS combo
Hydration | Hydrogenation	1	RXNCLASS combo
Deglutathionation | Dehalogenation	1	RXNCLASS combo
Deamination | Dehydroxylation | Elimination	1	RXNCLASS combo
Desulfuration | Hydrolysis | Oxidative Desulfuration | S-Dealkylation	1	RXNCLASS combo
Dehydration | N-Reduction | Ring Closure	1	RXNCLASS combo
Aromatization | Dehydrohalogenation | Hydrolysis	1	RXNCLASS combo
S-Alkylation | S-Methylation | Transalkylation	1	RXNCLASS combo
C-Oxidation | Denitrogenation | Ring Closure | Ring Opening	1	RXNCLASS combo
C-Hydroxylation | C-Oxidation | Ring Closure | Ring Opening	1	RXNCLASS combo
Deamination | S-Reduction	1	RXNCLASS combo
S-Reduction | Tautomerization	1	RXNCLASS combo
O-Dearylation | Transamination	1	RXNCLASS combo
Demethylation | Oxidative Dealkylation	1	RXNCLASS combo
Epoxidation | Ring Closure | S-Oxidation	1	RXNCLASS combo
Glutathionation | Oxidative Desulfuration	1	RXNCLASS combo
Dimerization | Ring Closure | Ring Opening	1	RXNCLASS combo
N-Hydroxylation | Sulfation	1	RXNCLASS combo
Cleavage | Deamination | N-Deamination	1	RXNCLASS combo
Cleavage | N-Deamination | N-Denitrosation | Radical Formation	1	RXNCLASS combo
Deglucuronidation | Hydrolysis | O-Deglycosidation	1	RXNCLASS combo
Cleavage | N-Deamination | N-Denitrosation | O-Dealkylation	1	RXNCLASS combo
Dealkylation | Demethylation | Hydroxylation | Reduction	1	RXNCLASS combo
Alkylation | Methylation | Quaternization | Reduction	1	RXNCLASS combo
O-Dephosphorylation | Reduction	1	RXNCLASS combo
N-Deacylation | O-Dealkylation | Ring Opening	1	RXNCLASS combo
C-Oxidation | Chain Shortening | Decarboxylation | Dehydration	1	RXNCLASS combo
Epimerization | Oxidative Deamination	1	RXNCLASS combo
Aromatic Hydroxylation | C-Hydroxylation | Oxidative Desulfuration	1	RXNCLASS combo
C-Dealkylation | C-Oxidation | Cleavage	1	RXNCLASS combo
C-Hydroxylation | Hydrogenation | Reduction | Ring Opening	1	RXNCLASS combo
Esterification | Nucleic Acid Binding | O-Phosphorylation | Phosphorylation	1	RXNCLASS combo
Aromatic Hydroxylation | C-Hydroxylation | Cyclization	1	RXNCLASS combo
O-Dealkylation | O-Phosphorylation	1	RXNCLASS combo
Hydrolysis | O-Phosphorylation	1	RXNCLASS combo
Cyclization | Dehydration | Dehydrogenation | Isomerization | N-Dealkylation | N-Demethylation | Oxidation | Oxidative N-Dealkylation | Reduction | Ring Closure	1	RXNCLASS combo
Hydrolysis | N-Dealkylation | N-Demethylation | Reduction | Ring Closure	1	RXNCLASS combo
Covalent Binding | DNA Binding | Hydrolysis | Nucleophilic Substitution | Protein Binding | Ring Opening	1	RXNCLASS combo
Aliphatic Hydroxylation | C-Hydroxylation | Oxidative Desulfuration | Ring Opening	1	RXNCLASS combo
Conjugation | Epimerization | Hydrolysis	1	RXNCLASS combo
Hydrolysis | O-Deacylation | O-Dealkylation | O-Dearylation	1	RXNCLASS combo
Cleavage | Deamination | Hydrolysis | N-Deacylation | Oxidative Deamination | Ring Opening	1	RXNCLASS combo
Dearomatization | N-Oxidation	1	RXNCLASS combo
Dehalogenation | Nucleophilic Substitution | Thiolation	1	RXNCLASS combo
Heterolysis | Ring Opening	1	RXNCLASS combo
Heterolysis | Isomerization | Ring Opening	1	RXNCLASS combo
Cyclization | Cysteination | Oxidative Deamination	1	RXNCLASS combo
Aromatic Hydroxylation | Aromatization | C-Hydroxylation | Dehalogenation | Dehydrogenation	1	RXNCLASS combo
Aromatization | Dehalogenation | Dehydrogenation | Dehydrohalogenation	1	RXNCLASS combo
C-Oxidation | Desulfuration | Hydrolysis	1	RXNCLASS combo
Aromatic Hydroxylation | C-Hydroxylation | Dehalogenation | NIH Shift	1	RXNCLASS combo
Aromatization | Dehydration | O-Dearylation | Reduction	1	RXNCLASS combo
Aromatization | Hydration | Hydrolysis | NIH Shift | Rearrangement | Ring Opening	1	RXNCLASS combo
Dehydroxylation | Elimination | Reduction	1	RXNCLASS combo
C-Oxidation | Dearylation	1	RXNCLASS combo
Epoxidation | Hydration | Hydrolysis	1	RXNCLASS combo
C-Oxidation | Halogenation	1	RXNCLASS combo
Dehalogenation | Dehydrohalogenation | Dehydroxylation | P-Oxidation | Rearrangement | Transesterification | Transphosphorylation	1	RXNCLASS combo
Aliphatic Hydroxylation | C-Hydroxylation | Denitrogenation	1	RXNCLASS combo
Elimination | Rearrangement	1	RXNCLASS combo
N-Deacylation | Tautomerization	1	RXNCLASS combo
Dehydration | Elimination | N-Dealkylation | N-Reduction	1	RXNCLASS combo
C-Hydroxylation | Dearomatization | Epoxidation | Hydrolysis | Ring Closure	1	RXNCLASS combo
Desulfuration | S-Reduction	1	RXNCLASS combo
Aromatization | Elimination | Hydration | Reduction	1	RXNCLASS combo
S-Methylation | Transalkylation	1	RXNCLASS combo
Dehydroxylation | O-Deglycosidation	1	RXNCLASS combo
C-Oxidation | Lactonization | Ring Opening	1	RXNCLASS combo
Desulfation | Isomerization | Nucleophilic Addition	1	RXNCLASS combo
Dehydrogenation | Oxidative Deamination | Ring Opening	1	RXNCLASS combo
N-Reduction | Radical Formation | Reduction	1	RXNCLASS combo
Dealkylation | Glutathionation	1	RXNCLASS combo
Cysteination | Dealkylation	1	RXNCLASS combo
Deconjugation | Deglucuronidation | Lactonization | O-Deglucuronidation | Ring Closure	1	RXNCLASS combo
Dehydration | Oxidative Dealkylation	1	RXNCLASS combo
Aromatization | C-Oxidation | Dehydration	1	RXNCLASS combo
Formylation | Ring Closure	1	RXNCLASS combo
Aromatic Hydroxylation | C-Hydroxylation | Dehalogenation | Hydrolysis | Oxidative Dehalogenation	1	RXNCLASS combo
Covalent Binding | DNA Binding | Phosphorylation	1	RXNCLASS combo
Elimination | Sulfuration	1	RXNCLASS combo
C-Oxidation | Desulfuration | Ring Closure | Ring Contraction | Ring Opening	1	RXNCLASS combo
Desulfuration | Ring Contraction	1	RXNCLASS combo
C-Oxidation | Oxidation | Ring Closure	1	RXNCLASS combo
Cyclization | Dehydrogenation | Hydrolysis | O-Deacetylation | O-Deacylation | Oxidation | Ring Closure	1	RXNCLASS combo
Dearomatization | O-Deacetylation | O-Deacylation | Oxidation	1	RXNCLASS combo
Aliphatic Hydroxylation | C-Hydroxylation | Epoxidation | Hydrolysis | Isomerization	1	RXNCLASS combo
Esterification | Lactonization	1	RXNCLASS combo
Amination | N-Dealkylation	1	RXNCLASS combo
Decysteination | S-Alkylation | S-Methylation	1	RXNCLASS combo
Aromatization | C-Dealkylation | Dehydrogenation	1	RXNCLASS combo
Amination | C-Dealkylation	1	RXNCLASS combo
Azo Cleavage | Cleavage | Hydrogenation | N-Reduction | Reduction	1	RXNCLASS combo
Condensation | Cyclization | N-Dealkylation | N-Demethylation | Reduction | Ring Closure	1	RXNCLASS combo
Condensation | N-Dealkylation | N-Demethylation | Ring Closure	1	RXNCLASS combo
Covalent Binding | Cyclization | DNA Binding	1	RXNCLASS combo
Dehalogenation | Oxidation | Ring Closure	1	RXNCLASS combo
Deamination | Glutathionation	1	RXNCLASS combo
Aliphatic Hydroxylation | C-Dearylation | C-Hydroxylation | DNA Binding | N-Dehydroxylation	1	RXNCLASS combo
C-Dearylation | DNA Binding | N-Dehydroxylation	1	RXNCLASS combo
Dearomatization | Hydration	1	RXNCLASS combo
C-Oxidation | Chain Shortening | Rearrangement	1	RXNCLASS combo
C-Oxidation | Decarboxylation | Rearrangement	1	RXNCLASS combo
C-Oxidation | Denitrosation | Oxidative Deamination | Ring Opening	1	RXNCLASS combo
C-Hydroxylation | Denitrogenation	1	RXNCLASS combo
Deamination | Ring Opening	1	RXNCLASS combo
Aromatization | DNA Binding | N-Alkylation | Rearrangement | Reduction | Ring Opening	1	RXNCLASS combo
Aromatization | Dehydration | Nucleophilic Addition | Rearrangement | Ring Opening	1	RXNCLASS combo
C-Oxidation | Chain Shortening | Hydrolysis | Oxidation	1	RXNCLASS combo
C-Oxidation | Chain Shortening | Dehydration	1	RXNCLASS combo
C-Dealkylation | Hydrogenation | Ring Closure	1	RXNCLASS combo
C-Dealkylation | Ring Closure	1	RXNCLASS combo
Lactonization | Tautomerization	1	RXNCLASS combo
Condensation | Dehydrogenation	1	RXNCLASS combo
Amination | Reduction | Reductive Amination	1	RXNCLASS combo
C-Deglycosidation | Deglycosidation | O-Deglycosidation | Reduction	1	RXNCLASS combo
C-Deglycosidation | Deglycosidation | Reduction	1	RXNCLASS combo
C-Hydroxylation | Hydrolysis | Ring Opening | Tautomerization	1	RXNCLASS combo
Dealkenylation | N-Dealkylation | Oxidative N-Dealkylation	1	RXNCLASS combo
Epoxidation | O-Dealkylation | O-Demethylation	1	RXNCLASS combo
Deamination | Hydrolysis | Reduction	1	RXNCLASS combo
Azo Cleavage | N-Deamination | N-Reduction	1	RXNCLASS combo
Aliphatic Hydroxylation | C-Hydroxylation | Cleavage	1	RXNCLASS combo
Cysteination | N-Sulfation | Rearrangement	1	RXNCLASS combo
Aromatization | Elimination | Glutathionation	1	RXNCLASS combo
C-Dearylation | Dearylation | Ring Closure	1	RXNCLASS combo
Amination | Aromatic Hydroxylation | C-Hydroxylation | Desulfation	1	RXNCLASS combo
Deamination | Oxidative Desulfuration	1	RXNCLASS combo
Dimerization | Hydrolysis | S-Deacylation	1	RXNCLASS combo
Cysteination | S-Conjugation | S-Cysteination	1	RXNCLASS combo
Deoxygenation | Halogenation	1	RXNCLASS combo
Conjugation | Nucleophilic Addition | Reduction | Sulfonation	1	RXNCLASS combo
N-Dealkylation | N-Demethylation | Rearrangement	1	RXNCLASS combo
Decysteination | Glutathionation	1	RXNCLASS combo
N-Denitrosation | N-Oxidation	1	RXNCLASS combo
Isomerization | N-Dealkylation | Oxidative N-Dealkylation	1	RXNCLASS combo
Cysteination | Transcomplexation	1	RXNCLASS combo
Halogenation | Nucleophilic Substitution | Reduction | Ring Opening | Transcomplexation	1	RXNCLASS combo
Conjugation | Dehalogenation | Ring Closure	1	RXNCLASS combo
Dealkylation | Decomplexation | Ring Opening	1	RXNCLASS combo
Decarboxylation | Halogenation	1	RXNCLASS combo
Dearomatization | Hydroxylation	1	RXNCLASS combo
N-Dearylation | Ring Opening | Tautomerization	1	RXNCLASS combo
Hydroxylation | Nucleophilic Substitution	1	RXNCLASS combo
Decyanidation | Glutathionation	1	RXNCLASS combo
Hydrolysis | Transesterification	1	RXNCLASS combo
C-Hydroxylation | O-Dealkylation | O-Demethylation | Reduction	1	RXNCLASS combo
C-Methoxylation | O-Dealkylation | O-Demethylation | Reduction	1	RXNCLASS combo
Elimination | N-Nitrosation	1	RXNCLASS combo
Deglutathionation | Hydrolysis | Hydroxylation	1	RXNCLASS combo
Alkylation | Elimination | Methylation	1	RXNCLASS combo
C-Dealkylation | Glutathionation	1	RXNCLASS combo
Aromatic Hydroxylation | C-Dearylation | C-Hydroxylation	1	RXNCLASS combo
C-Dearylation | Glutathionation	1	RXNCLASS combo
Amination | Covalent Binding | Dehydroxylation | RNA Binding	1	RXNCLASS combo
Amination | Covalent Binding | DNA Binding | Dehydroxylation	1	RXNCLASS combo
Condensation | Covalent Binding | Protein Binding	1	RXNCLASS combo
Hydrolysis | N-Acetylation | N-Acylation | Ring Opening	1	RXNCLASS combo
Cleavage | N-Acetylation | N-Acylation	1	RXNCLASS combo
Dehydrogenation | Dimerization | Oxidation	1	RXNCLASS combo
Aliphatic Hydroxylation | C-Hydroxylation | Dearomatization | N-Dehydroxylation | N-Reduction	1	RXNCLASS combo
N-Alkylation | N-Dealkylation | N-Methylation | O-Demethylation	1	RXNCLASS combo
Cleavage | Protein Binding	1	RXNCLASS combo
Glutathionation | Hydrolysis | O-Dealkylation | O-Demethylation	1	RXNCLASS combo
Condensation | Cyclization | Dehydroxylation | Lactamization | N-Reduction | Reduction | Ring Closure	1	RXNCLASS combo
Heterolysis | N-Reduction | Reduction | Ring Closure	1	RXNCLASS combo
Lactamization | N-Reduction	1	RXNCLASS combo
Condensation | DNA Binding	1	RXNCLASS combo
Cyclization | Dehydration | Lactamization | N-Reduction | Reduction | Ring Closure	1	RXNCLASS combo
Covalent Binding | DNA Binding | N-Reduction | Ring Closure	1	RXNCLASS combo
Cyclization | Lactamization | Reduction	1	RXNCLASS combo
Cyclization | DNA Binding | Demethoxylation | Reduction	1	RXNCLASS combo
Heterolysis | N-Reduction | Ring Closure	1	RXNCLASS combo
Condensation | Cyclization | Lactamization | N-Reduction | Ring Closure	1	RXNCLASS combo
Cyclization | Lactamization | N-Reduction | Reduction | Ring Closure	1	RXNCLASS combo
Cyclization | DNA Binding | N-Reduction	1	RXNCLASS combo
Condensation | Dehydration | Dimerization	1	RXNCLASS combo
Methoxylation | N-Carboxylation	1	RXNCLASS combo
O-Dealkylation | O-Demethylation | O-Methylation	1	RXNCLASS combo
Conjugation | O-Acetylation | O-Acylation	1	RXNCLASS combo
Covalent Binding | DNA Binding | Dephosphorylation	1	RXNCLASS combo
Cyclization | Deamidation | Lactonization | Ring Closure	1	RXNCLASS combo
Desulfation | Elimination	1	RXNCLASS combo
Aliphatic Hydroxylation | C-Hydroxylation | Ring Opening | S-Alkylation | S-Methylation	1	RXNCLASS combo
Dealkenylation | Hydrolysis	1	RXNCLASS combo
C-Oxidation | Oxidation | Rearrangement | Ring Enlargement	1	RXNCLASS combo
Dearomatization | Dehalogenation | Oxidation | Oxidative Dehalogenation	1	RXNCLASS combo
Glutathionation | Nucleophilic Addition | O-Sulfation	1	RXNCLASS combo
Covalent Binding | N-Dealkylation | Protein Binding	1	RXNCLASS combo
Aliphatic Hydroxylation | Aromatization | C-Hydroxylation | Dehydration | Dehydroxylation | Isomerization | Reduction | Ring Opening	1	RXNCLASS combo
Epoxidation | N-Alkylation	1	RXNCLASS combo
Hydration | Hydrolysis | Ring Closure	1	RXNCLASS combo
N-Deacylation | N-Dealkylation | Tautomerization	1	RXNCLASS combo
S-Denitrosylation | S-Reduction	1	RXNCLASS combo
Oxygenation | Peroxidation	1	RXNCLASS combo
Denitrogenation | Ring Closure	1	RXNCLASS combo
Hydrolysis | Oxidation | Oxidative Dealkylation | Ring Opening	1	RXNCLASS combo
Denitrosation | Ring Closure | Ring Opening	1	RXNCLASS combo
C-Oxidation | N-Denitrosation	1	RXNCLASS combo
O-Acetylation | O-Acylation | O-Dealkylation | O-Demethylation	1	RXNCLASS combo
Covalent Binding | Denitrogenation | Protein Binding	1	RXNCLASS combo
Dealkylation | Dearylation | Dehalogenation	1	RXNCLASS combo
Dealkylation | Dearylation	1	RXNCLASS combo
Dealkylation | Dearylation | Reduction	1	RXNCLASS combo
C-Oxidation | Oxidation | Phosphorylation	1	RXNCLASS combo
Aromatization | Condensation | Ring Closure	1	RXNCLASS combo
Conjugation | Covalent Binding | Cyclization | DNA Binding	1	RXNCLASS combo
C-Oxidation | Decomplexation | Isomerization | Oxidation | Ring Opening	1	RXNCLASS combo
C-Oxidation | Decomplexation | Elimination | Isomerization | Oxidation | Rearrangement | Reduction | Ring Opening | Tautomerization	1	RXNCLASS combo
Hydrogenation | O-Dealkylation | Ring Opening	1	RXNCLASS combo
C-Dealkylation | N-Dealkylation | Ring Opening	1	RXNCLASS combo
Hydrolysis | O-Acetylation | O-Acylation	1	RXNCLASS combo
Aromatization | N-Acetylation | N-Acylation | Reduction	1	RXNCLASS combo
C-Hydroxylation | N-Dealkylation | Ring Opening	1	RXNCLASS combo
N-Glucuronidation | Ring Opening	1	RXNCLASS combo
C-Oxidation | Dehalogenation | Dehydrogenation | Glutathionation	1	RXNCLASS combo
Elimination | Reduction | Ring Opening	1	RXNCLASS combo
Rearrangement | Reduction	1	RXNCLASS combo
Heterolysis | Reduction	1	RXNCLASS combo
Cysteination | Elimination | Rearrangement	1	RXNCLASS combo
Dehydration | Dimerization | Hydrolysis	1	RXNCLASS combo
Cysteination | Elimination | Rearrangement | Reduction	1	RXNCLASS combo
C-Hydroxylation | C-Oxidation | Oxidative Deamination | Ring Opening	1	RXNCLASS combo
C-Oxidation | N-Nitrosation | Ring Opening | Tautomerization	1	RXNCLASS combo
C-Dealkylation | C-Oxidation | Oxidative Deamination | Ring Opening	1	RXNCLASS combo
Aromatization | Phosphorylation | Reductive Amination	1	RXNCLASS combo
Desulfuration | Ring Opening	1	RXNCLASS combo
C-Oxidation | Decarbonylation | Hydrogenation	1	RXNCLASS combo
Deamination | Isomerization	1	RXNCLASS combo
Halogenation | O-Dealkylation | O-Demethylation	1	RXNCLASS combo
O-Alkylation | O-Methylation | Reduction	1	RXNCLASS combo
Alkylation | Hydrolysis | Hydroxylation | Methylation | Oxidation	1	RXNCLASS combo
Quaternization | Ring Closure	1	RXNCLASS combo
Dehalogenation | Taurination	1	RXNCLASS combo
Dearomatization | Epoxidation | Oxidation | Ring Opening	1	RXNCLASS combo
C-Oxidation | Dearomatization | Hydrolysis | Oxidation | Ring Opening	1	RXNCLASS combo
C-Oxidation | Decysteination | Dehalogenation	1	RXNCLASS combo
Amination | Deoxygenation | Reduction	1	RXNCLASS combo
Aromatic Hydroxylation | C-Hydroxylation | Dehydrogenation | Quaternization	1	RXNCLASS combo
C-Oxidation | Isomerization | Ring Opening | S-Alkylation | S-Methylation	1	RXNCLASS combo
Condensation | S-Oxidation	1	RXNCLASS combo
C-Hydroxylation | N-Reduction	1	RXNCLASS combo
Glutathionation | Isomerization | Rearrangement	1	RXNCLASS combo
Glutathionation | Hydrogenation | S-Oxidation	1	RXNCLASS combo
Aromatic Hydroxylation | C-Hydroxylation | Epoxidation	1	RXNCLASS combo
Aromatization | Dearomatization | Epoxidation | N-Oxidation	1	RXNCLASS combo
Dearylation | Radical Formation	1	RXNCLASS combo
Dehalogenation | Dimerization | Nucleophilic Substitution	1	RXNCLASS combo
C-Dealkylation | C-Hydroxylation | Oxidative Dealkylation	1	RXNCLASS combo
C-Deamination | C-Oxidation | Deamidation | Deglycosidation | Hydrogenation | N-Deglycosidation | Oxidation | Oxidative Deamination | Tautomerization	1	RXNCLASS combo
Cleavage | Hydrolysis | N-Deacylation | N-Decarboxylation	1	RXNCLASS combo
C-Deamination | C-Oxidation | Deamination | Oxidative Deamination | Tautomerization	1	RXNCLASS combo
Deamidation | Decarbamoylation | Hydrolysis | N-Deacetylation | N-Deacylation | N-Decarbamoylation | N-Deformylation	1	RXNCLASS combo
Cleavage | Decarbamoylation | Hydrogenation | Hydrolysis | N-Decarbamoylation | Reduction | Ring Opening	1	RXNCLASS combo
C-Oxidation | Deamination | Deglycosidation	1	RXNCLASS combo
Aromatic Hydroxylation | C-Hydroxylation | Dehalogenation | N-Dehydroxylation | Rearrangement	1	RXNCLASS combo
C-Oxidation | Dehydrogenation | Isomerization | Oxidative Dealkylation	1	RXNCLASS combo
DNA Binding | O-Acetylation | O-Acylation	1	RXNCLASS combo
Cleavage | Lactonization | Ring Opening	1	RXNCLASS combo
C-Oxidation | Cleavage | Ring Closure	1	RXNCLASS combo
C-Oxidation | Cleavage | Rearrangement | Ring Contraction	1	RXNCLASS combo
C-Hydroxylation | Hydrolysis | O-Dealkylation | O-Demethylation | Ring Closure	1	RXNCLASS combo
Amidation | Glycination | Transacylation	1	RXNCLASS combo
Deglucosidation | Deglycosidation | Hydrolysis | O-Deglucosidation | O-Deglycosidation	1	RXNCLASS combo
C-Decarboxylation | C-Hydroxylation | C-Oxidation | Decarboxylation | Oxidation | Tautomerization	1	RXNCLASS combo
C-Oxidation | Decyanidation | Hydrolysis | O-Deacylation | Oxidative Dealkylation	1	RXNCLASS combo
N-Acetylcysteination | O-Glucuronidation	1	RXNCLASS combo
C-Oxidation | Denitrogenation | Oxidative Deamination	1	RXNCLASS combo
Aromatization | N-Deacetylation | N-Deacylation	1	RXNCLASS combo
Elimination | Ring Closure	1	RXNCLASS combo
Hydrolysis | Inversion | O-Deglycosidation	1	RXNCLASS combo
Dehydration | Dehydroxylation | Oxidation	1	RXNCLASS combo
C-Decarboxylation | C-Oxidation | Decarboxylation | Dehydrogenation | Oxidation | Reduction	1	RXNCLASS combo
Dealkylation | Decyanidation	1	RXNCLASS combo
Covalent Binding | Nucleophilic Substitution | Ring Closure	1	RXNCLASS combo
C-Carboxylation | C-Oxidation | Carboxylation | Chain Elongation | Hydrolysis | O-Dephosphorylation | Rearrangement | Tautomerization	1	RXNCLASS combo
Azo Cleavage | Cleavage | Deamination | Elimination | N-Deamination | N-Reduction	1	RXNCLASS combo
C-Hydroxylation | C-Oxidation | Dehydration | Dehydrogenation | Isomerization | Oxidation	1	RXNCLASS combo
Aliphatic Hydroxylation | C-Hydroxylation | Hydration | Ring Opening	1	RXNCLASS combo
Esterification | Nucleophilic Substitution	1	RXNCLASS combo
C-Alkylation | Chain Elongation | Reduction	1	RXNCLASS combo
Cleavage | Deselenation | Oxidative Deamination	1	RXNCLASS combo
Cleavage | Dealkylation | Se-Dealkylation	1	RXNCLASS combo
Dealkylation | Demethylation | Glutathionation	1	RXNCLASS combo
Dealkylation | Demethylation | Glucosidation | Glutathionation	1	RXNCLASS combo
Denitrogenation | Elimination | N-Reduction	1	RXNCLASS combo
Cyclization | Elimination | Hydrolysis | Ring Closure | Ring Opening	1	RXNCLASS combo
C-Dearylation | Cleavage | Reduction	1	RXNCLASS combo
C-Oxidation | Cleavage | Lactonization	1	RXNCLASS combo
Aromatization | Dehydrogenation | Desulfuration	1	RXNCLASS combo
Cleavage | Dehalogenation | Elimination	1	RXNCLASS combo
C-Dealkylation | C-Oxidation | Nucleophilic Addition	1	RXNCLASS combo
Deglucosidation | Deglucuronidation | Hydrolysis | O-Deglycosidation	1	RXNCLASS combo
C-Oxidation | Elimination | Hydrogenation	1	RXNCLASS combo
Dehalogenation | Dimerization | Sulfuration	1	RXNCLASS combo
Aromatic Cysteination | Aromatization | Cysteination	1	RXNCLASS combo
Cleavage | Hydrolysis | N-Deacetylation | N-Deacylation	1	RXNCLASS combo
Dehydrogenation | Dehydrohalogenation	1	RXNCLASS combo
O-Acetylation | O-Acylation | O-Glucuronidation	1	RXNCLASS combo
Hydrolysis | O-Deglucuronidation | O-Glucuronidation	1	RXNCLASS combo
C-Decarboxylation | C-Oxidation | Chain Shortening | Deamination | Decarboxylation | Oxidative Deamination	1	RXNCLASS combo
Aromatic Hydroxylation | Aromatization | C-Hydroxylation | Dehydration | Hydrolysis | Ring Opening	1	RXNCLASS combo
Epimerization | Hydrolysis | Inversion | O-Deacetylation | O-Deacylation	1	RXNCLASS combo
N-Deformylation | N-Methylation	1	RXNCLASS combo
Dehalogenation | Glutathionation | Hydration | Ring Opening	1	RXNCLASS combo
Dehalogenation | Glutathionation | Isomerization | Rearrangement | Ring Opening	1	RXNCLASS combo
Dehalogenation | Glutathionation | Rearrangement | Ring Opening	1	RXNCLASS combo
Deamination | Oxidative Deamination | Tautomerization	1	RXNCLASS combo
Oxidation | S-Oxidation | Sulfuration	1	RXNCLASS combo
Oxidation | S-Oxidation | S-Sulfation | Sulfation	1	RXNCLASS combo
Deconjugation | S-Deacylation	1	RXNCLASS combo
Hydrolysis | P-Desulfuration | P-Hydroxylation	1	RXNCLASS combo
Aromatization | Dehydration | Dehydroxylation	1	RXNCLASS combo
Acyl Migration | Isomerization | Transesterification	1	RXNCLASS combo
Aromatization | Hydrogenation | Reduction | Sulfuration	1	RXNCLASS combo
Hydrolysis | N-Dealkylation | Oxidative Deamination | Tautomerization	1	RXNCLASS combo
Dehydration | O-Dealkylation | O-Demethylation | Oxidation	1	RXNCLASS combo
N-Oxidation | Oxidative Deamination	1	RXNCLASS combo
Aromatization | O-Dealkylation | Ring Opening	1	RXNCLASS combo
Dearomatization | O-Dealkylation | Ring Opening	1	RXNCLASS combo
Dealkylation | Decysteination | Demethylation	1	RXNCLASS combo
Decarbonylation | Hydrogenation | Ring Opening	1	RXNCLASS combo
Decarbonylation | Ring Closure | Ring Opening	1	RXNCLASS combo
Decarbonylation | Hydrogenation | Reduction | Ring Opening	1	RXNCLASS combo
Aromatic Hydroxylation | C-Hydroxylation | N-Deglucuronidation	1	RXNCLASS combo
Deglutathionation | Ring Opening	1	RXNCLASS combo
Oxidative Deamination | S-Dealkylation	1	RXNCLASS combo
Aromatization | Dehydration | Reduction	1	RXNCLASS combo
Deglycosidation | Hydrolysis | O-Dephosphorylation	1	RXNCLASS combo
Deglycosidation | Oxidation	1	RXNCLASS combo
C-Hydroxylation | Isomerization | Rearrangement | Ring Contraction	1	RXNCLASS combo
Dehydration | Desulfuration	1	RXNCLASS combo
C-Oxidation | Hydrolysis | Reduction	1	RXNCLASS combo
Se-Alkylation | Se-Dealkylation | Se-Methylation	1	RXNCLASS combo
Se-Alkylation | Se-Dealkylation	1	RXNCLASS combo
Dealkylation | Se-Dealkylation	1	RXNCLASS combo
Glycosidation | Se-Dealkylation	1	RXNCLASS combo
Transselenation	1	RXNCLASS combo
Cleavage | Dealkylation | Demethylation | Se-Dealkylation	1	RXNCLASS combo
Dehalogenation | Hydrogenation | Hydrolysis | Reduction	1	RXNCLASS combo
O-Alkylation | O-Demethylation	1	RXNCLASS combo
C-Hydroxylation | Rearrangement | Ring Enlargement	1	RXNCLASS combo
Aliphatic Hydroxylation | C-Hydroxylation | Rearrangement | Ring Contraction	1	RXNCLASS combo
Hydrolysis | Oxidative Deamination | Oxidative N-Dealkylation	1	RXNCLASS combo
C-Oxidation | Hydrolysis | Isomerization | Lactonization | O-Deacetylation | O-Deacylation | Rearrangement | Tautomerization	1	RXNCLASS combo
C-Oxidation | Hydration | Hydrolysis | Isomerization | Rearrangement | Ring Opening	1	RXNCLASS combo
Nucleophilic Substitution | Oxidative Desulfuration | Tautomerization	1	RXNCLASS combo
C-Oxidation | Hydration | Hydrolysis | Oxidation | Oxidative Desulfuration | Ring Opening	1	RXNCLASS combo
C-Oxidation | Hydrolysis | Isomerization | O-Deacetylation | O-Deacylation | Ring Opening	1	RXNCLASS combo
C-Dealkylation | Transacylation	1	RXNCLASS combo
Dearomatization | Dimerization | Oxidation	1	RXNCLASS combo
Aromatization | Denitrogenation | Ring Opening	1	RXNCLASS combo
Aromatization | Denitrogenation | Glutathionation | Nucleophilic Addition | Ring Opening	1	RXNCLASS combo
Aromatization | Glutathionation | Hydrolysis | S-Oxidation	1	RXNCLASS combo
Aromatization | Dehydrogenation | Hydrolysis | NIH Shift	1	RXNCLASS combo
Aromatic Hydroxylation | C-Hydroxylation | Dehalogenation | NIH Shift | Transhalogenation	1	RXNCLASS combo
Oxidative Desulfuration | P-Desulfuration | P-Hydroxylation	1	RXNCLASS combo
O-Dealkylation | O-Demethylation | Oxidative Deamination	1	RXNCLASS combo
Cleavage | Oxidative Deamination	1	RXNCLASS combo
Decarboxylation | Hydrolysis | N-Deacylation | O-Deglucuronidation	1	RXNCLASS combo
Glycosidation | Se-Alkylation | Se-Methylation	1	RXNCLASS combo
C-Oxidation | Decarboxylation | Hydrolysis	1	RXNCLASS combo
C-Dealkylation | C-Oxidation | Dehydroxylation	1	RXNCLASS combo
Hydrolysis | O-Alkylation | O-Deacylation | O-Methylation	1	RXNCLASS combo
Lactonization | O-Deglucuronidation	1	RXNCLASS combo
C-Oxidation | Chain Shortening | Dehydroxylation | Oxidation	1	RXNCLASS combo
O-Alkylation | O-Deglycosidation | O-Methylation	1	RXNCLASS combo
O-Deglycosidation | O-Glucuronidation	1	RXNCLASS combo
C-Oxidation | Cleavage | Hydration | Ring Opening	1	RXNCLASS combo
C-Oxidation | Cleavage | O-Alkylation | O-Methylation	1	RXNCLASS combo
C-Oxidation | Dehydroxylation | O-Alkylation | O-Methylation	1	RXNCLASS combo
S-Hydroxylation | S-Oxidation	1	RXNCLASS combo
Cleavage | Reduction | Ring Opening | S-Reduction	1	RXNCLASS combo
C-Oxidation | O-Phosphorylation | Phosphorylation	1	RXNCLASS combo
Denitrogenation | Denitrosation | Hydration | Ring Contraction	1	RXNCLASS combo
C-Oxidation | Dehydrogenation | Lactamization	1	RXNCLASS combo
Hydrolysis | O-Deglucuronidation | O-Deglycosidation	1	RXNCLASS combo
Demethoxylation | Ring Opening	1	RXNCLASS combo
Aromatization | Reduction | Sulfuration	1	RXNCLASS combo
C-Deglycosidation | Deglucosidation | Deglycosidation | Hydrolysis	1	RXNCLASS combo
Carbonylation | Ring Closure | Tautomerization	1	RXNCLASS combo
Deglucuronidation | Deglycosidation | Hydrolysis | O-Deglucuronidation	1	RXNCLASS combo
Desulfuration | Glutathionation | Hydration | Ring Opening | S-Oxidation	1	RXNCLASS combo
Glutathionation | Ring Opening | S-Reduction	1	RXNCLASS combo
C-Desulfuration | Hydration | Hydrolysis | Ring Opening	1	RXNCLASS combo
C-Oxidation | Hydrolysis | Oxidative Cleavage | Ring Opening	1	RXNCLASS combo
C-Oxidation | Hydration | Oxidation | Ring Opening | S-Oxidation	1	RXNCLASS combo
Cysteination | Dehydration | S-Cysteination	1	RXNCLASS combo
Dehydration | N-Acetylcysteination	1	RXNCLASS combo
Deglutathionation | Isomerization	1	RXNCLASS combo
Demethylation | Oxidation	1	RXNCLASS combo
Aliphatic Hydroxylation | C-Hydroxylation | Hydrolysis | Oxidation	1	RXNCLASS combo
Aliphatic Hydroxylation | Demethylation | Hydroxylation | Oxidation	1	RXNCLASS combo
Demethylation | Hydrolysis | Oxidation	1	RXNCLASS combo
Aromatization | C-Dealkylation | C-Demethylation | C-Oxidation | Dehydrogenation	1	RXNCLASS combo
Dearomatization | N-Reduction	1	RXNCLASS combo
Covalent Binding | DNA Binding | N-Reduction	1	RXNCLASS combo
N-Acetoxylation | N-Acetylation | N-Acylation | N-Reduction	1	RXNCLASS combo
N-Acetylcysteination | N-Dehydroxylation	1	RXNCLASS combo
C-Decarboxylation | C-Oxidation | O-Dealkylation | O-Demethylation | Tautomerization	1	RXNCLASS combo
Cyclization | Ring Contraction | Ring Opening	1	RXNCLASS combo
C-Oxidation | Rearrangement | S-Dealkylation | S-Demethylation	1	RXNCLASS combo
C-Oxidation | Rearrangement | S-Dealkylation | S-Demethylation | S-Reduction	1	RXNCLASS combo
C-Dealkylation | Dehydrogenation	1	RXNCLASS combo
N-Demethoxylation | N-Reduction | O-Dealkylation | O-Demethylation	1	RXNCLASS combo
Oxygenation | Ring Closure	1	RXNCLASS combo
Aromatization | Hydrolysis | N-Deacylation | Ring Opening	1	RXNCLASS combo
Dehydration | Glutathionation | Rearrangement	1	RXNCLASS combo
Rearrangement | Reduction | Ring Closure | Ring Opening	1	RXNCLASS combo
Deglycosidation | Desulfuration | Hydrolysis | Rearrangement	1	RXNCLASS combo
Inversion | Oxidation	1	RXNCLASS combo
Deoxygenation | N-Dehydroxylation | N-Reduction	1	RXNCLASS combo
N-Acetylation | N-Acylation | Reduction	1	RXNCLASS combo
Deglucosidation | Deglycosidation | Desulfation | Hydrolysis | Isomerization | Rearrangement	1	RXNCLASS combo
Cyclization | Hydrolysis | Lactonization | Ring Opening	1	RXNCLASS combo
Aromatic Dehydroxylation | Cleavage | Decarboxylation | Dehydroxylation | Hydrolysis | Ring Opening	1	RXNCLASS combo
Aromatic Dehydroxylation | Decarboxylation | Dehydroxylation | Hydrolysis	1	RXNCLASS combo
Deglycosidation | Hydrolysis | Rearrangement	1	RXNCLASS combo
N-Alkylation | Ring Closure | Sulfuration	1	RXNCLASS combo
Dealkylation | Ring Opening	1	RXNCLASS combo
Dehydroxylation | Hydrolysis | Ring Opening	1	RXNCLASS combo
Dealkenylation | N-Dealkylation	1	RXNCLASS combo
Hydrolysis | O-Dearylation | Tautomerization	1	RXNCLASS combo
Hydrolysis | Oxidative Desulfuration | Ring Opening	1	RXNCLASS combo
C-Oxidation | Hydrolysis | Oxidative Deamination | Ring Opening	1	RXNCLASS combo
Hydrolysis | N-Dealkylation | O-Dealkylation | Oxidation | Ring Opening	1	RXNCLASS combo
Dehydration | Hydration	1	RXNCLASS combo
Dehydration | Dehydroxylation | Hydrogenation | Isomerization	1	RXNCLASS combo
Deglycosidation | N-Deglucosidation	1	RXNCLASS combo
Dehalogenation | O-Dealkylation | O-Demethylation | Protein Binding	1	RXNCLASS combo
Hydrolysis | O-Alkylation | O-Methylation	1	RXNCLASS combo
Hydrolysis | Reductive Dehalogenation	1	RXNCLASS combo
Cleavage | N-Dealkylation | N-Dearylation	1	RXNCLASS combo
Aromatization | Thioalkylation	1	RXNCLASS combo
Cleavage | Dehydration | Dehydrogenation | Dehydroxylation | Deoxygenation | Hydrolysis | Reduction | Ring Opening	1	RXNCLASS combo
Cleavage | S-Alkylation | S-Methylation	1	RXNCLASS combo
Aromatic Dehydroxylation | Decarboxylation | Dehydroxylation	1	RXNCLASS combo
Aromatic Dehydroxylation | C-Decarboxylation | Cleavage | Decarboxylation | Dehydroxylation | Ring Opening	1	RXNCLASS combo
S-Conjugation	1	RXNCLASS combo
Hydrolysis | O-Deglycosidation | Oxidative Dealkylation	1	RXNCLASS combo
Dealkylation | O-Deglycosidation	1	RXNCLASS combo
C-Oxidation | Hydrolysis | O-Deglycosidation | Oxidative Dealkylation	1	RXNCLASS combo
Dehydrogenation | N-Deacetylation | Oxidation	1	RXNCLASS combo
C-Oxidation | Cysteination | Dehalogenation	1	RXNCLASS combo
Aromatic Hydroxylation | C-Alkoxylation | C-Hydroxylation | C-Methoxylation | O-Alkylation | O-Methylation	1	RXNCLASS combo
Aliphatic Hydroxylation | C-Hydroxylation | C-Oxidation | Hydrogenation	1	RXNCLASS combo
Hydrogenation | O-Dealkylation | O-Demethylation | Reduction | Ring Opening	1	RXNCLASS combo
Dearomatization | O-Demethylation | Oxidation | Ring Opening	1	RXNCLASS combo
Hydrolysis | Lactonization | Ring Closure | Ring Opening	1	RXNCLASS combo
Desulfuration | Ring Closure | Ring Opening	1	RXNCLASS combo
Desulfuration | Rearrangement | Ring Closure | S-Alkylation | S-Methylation	1	RXNCLASS combo
C-Dealkylation | Hydrolysis | O-Dealkylation | Reduction	1	RXNCLASS combo
C-Dealkylation | Dehydroxylation | Hydrolysis | O-Dealkylation | Reduction	1	RXNCLASS combo
Hydrogenation | Hydrolysis | Reduction	1	RXNCLASS combo
Aromatization | Deoxygenation	1	RXNCLASS combo
C-Oxidation | Ring Opening | S-Oxidation	1	RXNCLASS combo
Deamination | Hydrolysis | S-Oxidation	1	RXNCLASS combo
C-Deacylation | C-Deformylation | Dehydrogenation	1	RXNCLASS combo
Aliphatic Hydroxylation | C-Deacylation | C-Deformylation | C-Hydroxylation	1	RXNCLASS combo
C-Hydroxylation | Cleavage | Desulfuration | Ring Opening	1	RXNCLASS combo
Deformylation | Ring Opening | S-Alkylation | S-Methylation	1	RXNCLASS combo
Cleavage | Ring Opening | S-Oxidation	1	RXNCLASS combo
Deglutathionation | Dehydration	1	RXNCLASS combo
Hydrolysis | O-Deacylation | O-Dearylation	1	RXNCLASS combo
Cleavage | Deamidation | Hydrolysis | N-Deacylation | N-Decarboxylation	1	RXNCLASS combo
Cysteination | Oxidation | Ring Opening	1	RXNCLASS combo
C-Oxidation | Deboronation | Oxidative Deboronation	1	RXNCLASS combo
Deboronation | N-Oxidation	1	RXNCLASS combo
Aromatization | Dehydrogenation | Quaternization	1	RXNCLASS combo
Aliphatic Hydroxylation | C-Hydroxylation | Chain Shortening	1	RXNCLASS combo
Aromatization | Formylation | Ring Closure	1	RXNCLASS combo
Dehydration | Hydrogenation | Reduction | Ring Contraction	1	RXNCLASS combo
Dehydration | Ring Contraction	1	RXNCLASS combo
Cleavage | O-Glucuronidation | Ring Opening	1	RXNCLASS combo
Cysteination | Dealkoxylation | Demethoxylation	1	RXNCLASS combo
Dehydrogenation | O-Glucuronidation | Ring Closure	1	RXNCLASS combo
Dealkylation | Deglutathionation | Demethylation | Oxidation	1	RXNCLASS combo
Aromatic Dehydroxylation | C-Oxidation | Dehydroxylation | Lactonization | O-Dealkylation | O-Demethylation | Ring Closure	1	RXNCLASS combo
C-Oxidation | Rearrangement | Ring Closure | Ring Opening	1	RXNCLASS combo
Aromatic Dehydroxylation | Dehydroxylation | O-Dealkylation | O-Demethylation | Ring Opening	1	RXNCLASS combo
Isomerization | N-Deacylation | S-Alkylation | S-Methylation	1	RXNCLASS combo
N-Acylation | N-Deacylation | S-Alkylation | S-Deacylation | S-Methylation	1	RXNCLASS combo
C-Oxidation | N-Reduction | Oxidative Dealkylation | Ring Opening	1	RXNCLASS combo
C-Oxidation | Dealkylation | Ring Opening	1	RXNCLASS combo
N-Dealkylation | O-Dealkylation | Oxidative N-Dealkylation | Ring Opening	1	RXNCLASS combo
Deformylation | Hydrolysis | N-Deformylation	1	RXNCLASS combo
Dearomatization | Oxidative Dehalogenation | Ring Opening	1	RXNCLASS combo
Lactamization | O-Dealkylation | O-Demethylation	1	RXNCLASS combo
C-Oxidation | Desulfuration | Oxidation | Ring Opening	1	RXNCLASS combo
Dehalogenation | N-Acetylcysteination | Nucleophilic Substitution	1	RXNCLASS combo
Hydrolysis | Transamination	1	RXNCLASS combo
Dehalogenation | Demethoxylation	1	RXNCLASS combo
Cleavage | Cyclization | Hydrolysis | Lactonization | Ring Opening	1	RXNCLASS combo
Aromatic Dehydroxylation | Cleavage | Decarboxylation | Dehydroxylation | Ring Opening	1	RXNCLASS combo
Aliphatic Hydroxylation | C-Hydroxylation | O-Dealkylation	1	RXNCLASS combo
Deglucosidation | Desulfation | Hydrolysis | Rearrangement	1	RXNCLASS combo
Aromatization | C-Dealkylation | Cleavage | Dehydrogenation | Ring Opening	1	RXNCLASS combo
Cleavage | Hydrolysis | Oxidation | Ring Opening	1	RXNCLASS combo
Aromatization | Cleavage | Dealkylation | Dehydrogenation | Desulfuration	1	RXNCLASS combo
Dehydration | Dehydrogenation | Dehydroxylation | Quaternization	1	RXNCLASS combo
Cyclization | Hydrolysis | N-Dealkylation | N-Demethylation | Ring Closure	1	RXNCLASS combo
Dearomatization | Hydrolysis | Oxidation | Ring Opening	1	RXNCLASS combo
Aromatization | Rearrangement | Reduction | Ring Closure	1	RXNCLASS combo
Cleavage | Oxidation | Ring Opening	1	RXNCLASS combo
Amination | Aromatization | Nucleophilic Addition | Ring Opening	1	RXNCLASS combo
Amination | Aromatization | Cyclization | Ring Closure	1	RXNCLASS combo
Dehydration | Dehydroxylation | Oxidative Dealkylation | Ring Opening	1	RXNCLASS combo
Dearomatization | Dehalogenation	1	RXNCLASS combo
Ring Closure | Ring Contraction	1	RXNCLASS combo
Aliphatic Hydroxylation | C-Hydroxylation | Quaternization | Ring Opening	1	RXNCLASS combo
Cleavage | Decysteination	1	RXNCLASS combo
C-Hydroxylation | Dehalogenation | NIH Shift	1	RXNCLASS combo
Condensation | Cyclization | Decarboxylation	1	RXNCLASS combo
Aliphatic Hydroxylation | C-Hydroxylation | Elimination | Ring Opening	1	RXNCLASS combo
Alkylation | Hydroxylation | Methylation	1	RXNCLASS combo
Dehydration | Dehydrohalogenation | Hydrolysis | Ring Opening	1	RXNCLASS combo
Esterification | O-Dealkylation	1	RXNCLASS combo
Deamidation | S-Oxidation	1	RXNCLASS combo
C-Oxidation | Dehalogenation | Desulfation	1	RXNCLASS combo
Dehalogenation | S-Oxidation	1	RXNCLASS combo
Isomerization | Rearrangement | Ring Expansion	1	RXNCLASS combo
Hydrolysis | O-Deacylation | O-Dephosphorylation	1	RXNCLASS combo
Isomerization | N-Deacylation	1	RXNCLASS combo
N-Alkylation | N-Methylation | O-Alkylation | O-Methylation	1	RXNCLASS combo
C-Oxidation | Ring Opening | S-Hydroxylation	1	RXNCLASS combo
Dehydroxylation | S-Reduction	1	RXNCLASS combo
Desulfuration | Protein Binding | Tautomerization	1	RXNCLASS combo
Desulfuration | Hydrolysis | Protein Binding	1	RXNCLASS combo
DNA Binding | O-Dephosphorylation	1	RXNCLASS combo
O-Dephosphorylation | RNA Binding	1	RXNCLASS combo
Dearomatization | N-Dealkylation | N-Demethylation | Oxidation	1	RXNCLASS combo
Alkylation | Dehydrogenation | Methylation	1	RXNCLASS combo
Dealkylation | Hydroxylation | Oxidative Dealkylation	1	RXNCLASS combo
Aromatization | Dehalogenation | Glutathionation | Ring Closure	1	RXNCLASS combo
Dehalogenation | Glutathionation | Nucleophilic Substitution	1	RXNCLASS combo
Chain Shortening | Decarboxylation	1	RXNCLASS combo
C-Dealkylation | C-Demethylation | C-Oxidation | Chain Shortening	1	RXNCLASS combo
C-Oxidation | Chain Shortening | Dehalogenation | Oxidative Dealkylation	1	RXNCLASS combo
C-Decarboxylation | C-Oxidation | Chain Shortening | Decarboxylation	1	RXNCLASS combo
C-Dealkylation | C-Oxidation | Chain Shortening | Dehalogenation	1	RXNCLASS combo
Chain Shortening | Oxidative Dehalogenation	1	RXNCLASS combo
Dehalogenation | Dehydrohalogenation | Glutathionation | Reduction	1	RXNCLASS combo
Decarboxylation | Dehalogenation	1	RXNCLASS combo
Deamination | Transacylation	1	RXNCLASS combo
N-Hydroxylation | Ring Closure | Ring Opening	1	RXNCLASS combo
C-Oxidation | Hydration | Oxidative N-Dealkylation | Ring Opening	1	RXNCLASS combo
C-Oxidation | O-Glucuronidation	1	RXNCLASS combo
C-Dealkylation | C-Demethylation | Ring Opening	1	RXNCLASS combo
Deamination | Denitrogenation	1	RXNCLASS combo
N-Reduction | O-Alkylation | O-Methylation	1	RXNCLASS combo
Protein Binding | S-Dealkylation | S-Reduction	1	RXNCLASS combo
C-Oxidation | Glutathionation | O-Dealkylation	1	RXNCLASS combo
Deamidation | Hydrolysis | N-Deacylation | Reduction	1	RXNCLASS combo
C-Oxidation | Dehydration | Dehydrogenation | Oxidation	1	RXNCLASS combo
Aromatic Hydroxylation | C-Hydroxylation | N-Deacetylation | N-Deacylation | N-Reduction	1	RXNCLASS combo
Deamidation | Hydrolysis | N-Deacetylation | N-Deacylation	1	RXNCLASS combo
Dehydrogenation | Denitrosation	1	RXNCLASS combo
Covalent Binding | Cysteination | Protein Binding	1	RXNCLASS combo
N-Acetylation | O-Acetylation	1	RXNCLASS combo
Aliphatic Hydroxylation | Aromatic Hydroxylation | C-Hydroxylation | N-Reduction	1	RXNCLASS combo
Trimerization	1	RXNCLASS combo
C-Hydroxylation | Isomerization | Rearrangement | Ring Opening	1	RXNCLASS combo
Aromatic Dehydroxylation | O-Dealkylation | O-Deglycosidation | O-Demethylation	1	RXNCLASS combo
Hydrogenation | O-Glucuronidation	1	RXNCLASS combo
C-Hydroxylation | Hydrogenation | O-Glucuronidation | O-Methylation	1	RXNCLASS combo
Dehydration | Dehydrogenation | Hydroxylation | Isomerization | Oxidation	1	RXNCLASS combo
Dehydration | Hydrolysis | Isomerization	1	RXNCLASS combo
Aliphatic Hydroxylation | C-Hydroxylation | Ring Closure | Ring Opening	1	RXNCLASS combo
Aromatic Hydroxylation | C-Hydroxylation | Hydration | Ring Closure | Ring Opening	1	RXNCLASS combo
Aromatic Hydroxylation | C-Hydroxylation | Transesterification	1	RXNCLASS combo
N-Oxidation | Ring Closure | Ring Opening	1	RXNCLASS combo
C-Hydroxylation | Dearomatization | Glutathionation | Hydrogenation | O-Deacetylation | O-Deacylation	1	RXNCLASS combo
Aromatic Hydroxylation | C-Hydroxylation | Dehydrogenation | Hydrolysis	1	RXNCLASS combo
Cyclization | Dearomatization | Dehalogenation | Ring Closure	1	RXNCLASS combo
Aromatization | Halogenation | Rearrangement | Ring Expansion	1	RXNCLASS combo
S-Glucuronidation | Tautomerization	1	RXNCLASS combo
Cleavage | Decomplexation	1	RXNCLASS combo
Hydration | Hydrolysis | Isomerization | Ring Opening	1	RXNCLASS combo
Dearomatization | Hydrolysis | Isomerization | N-Deacylation | Ring Opening	1	RXNCLASS combo
Cyclization | Ring Closure | S-Oxidation	1	RXNCLASS combo
C-Oxidation | Decarbonylation	1	RXNCLASS combo
C-Oxidation | Cleavage | Dehydration	1	RXNCLASS combo
Cyclization | N-Acetylcysteination	1	RXNCLASS combo
Cyclization | Glycination	1	RXNCLASS combo
Dehydrogenation | Oxidative N-Dealkylation | Ring Opening	1	RXNCLASS combo
C-Dealkylation | Ring Opening	1	RXNCLASS combo
C-Hydroxylation | N-Dealkylation | N-Hydroxylation	1	RXNCLASS combo
Dehydroxylation | O-Dealkylation | O-Deglycosidation | O-Demethylation	1	RXNCLASS combo
Aromatic Hydroxylation | C-Hydroxylation | S-Oxidation	1	RXNCLASS combo
N-Glucosidation | Tautomerization	1	RXNCLASS combo
Cysteination | Deconjugation	1	RXNCLASS combo
Deconjugation | Taurination	1	RXNCLASS combo
Cleavage | Hydration	1	RXNCLASS combo
Dimerization | S-Alkylation	1	RXNCLASS combo
C-Oxidation | Dehalogenation | Thiolation	1	RXNCLASS combo
C-Oxidation | Chain Shortening | Cleavage | Isomerization	1	RXNCLASS combo
Decarboxylation | Rearrangement | Ring Opening	1	RXNCLASS combo
Amination | Transamination	1	RXNCLASS combo
Dehalogenation | Desulfation | N-Decarbamoylation | Radical Formation	1	RXNCLASS combo
Alkylation | Dehydroxylation | Methylation | Tautomerization	1	RXNCLASS combo
Hydrolysis | Nucleophilic Substitution | Oxidative Desulfuration	1	RXNCLASS combo
N-Reduction | S-Dealkylation	1	RXNCLASS combo
Dehydrogenation | Elimination | Glutathionation	1	RXNCLASS combo
Aromatization | Dehydrohalogenation | NIH Shift | Ring Opening	1	RXNCLASS combo
Desulfuration | Oxidative Deamination | Ring Opening	1	RXNCLASS combo
Demethoxylation | Isomerization	1	RXNCLASS combo
Aliphatic Hydroxylation | C-Hydroxylation | Deglycosidation | Dehydrogenation | O-Dealkylation | O-Demethylation	1	RXNCLASS combo
Deglucosidation | O-Dealkylation | O-Demethylation	1	RXNCLASS combo
Dehalogenation | Halogenation | Hydrolysis	1	RXNCLASS combo
Cyclization | Dehalogenation | Hydrolysis | N-Dehydroxylation	1	RXNCLASS combo
Cyclization | N-Dehydroxylation	1	RXNCLASS combo
Hydrogenation | N-Oxidation	1	RXNCLASS combo
Cyanidation | Decomplexation	1	RXNCLASS combo
Aromatic Hydroxylation | C-Hydroxylation | Oxidative Deamination | Ring Opening	1	RXNCLASS combo
Aromatic Hydroxylation | C-Hydroxylation | Glutathionation | O-Dealkylation | O-Demethylation	1	RXNCLASS combo
Covalent Binding | Protein Binding | S-Reduction	1	RXNCLASS combo
Aromatization | Glutathionation | Ring Closure	1	RXNCLASS combo
C-Oxidation | Dearomatization | O-Dealkylation	1	RXNCLASS combo
Aromatization | Hydrogenation | Hydrolysis | Rearrangement | Ring Opening	1	RXNCLASS combo
Aromatization | Dehalogenation | Hydrogenation | Hydrolysis | Ring Opening	1	RXNCLASS combo
Covalent Binding | Cysteination | Dehalogenation | Protein Binding	1	RXNCLASS combo
C-Oxidation | Cleavage | O-Glucuronidation	1	RXNCLASS combo
Dehydrogenation | Deoxygenation	1	RXNCLASS combo
Transhalogenation	1	RXNCLASS combo
C-Oxidation | Desulfation | Hydrolysis | Oxidative Dehalogenation	1	RXNCLASS combo
Cyanidation | Desulfuration	1	RXNCLASS combo
Isomerization | N-Reduction	1	RXNCLASS combo
C-Oxidation | Hydrolysis | N-Dealkylation | N-Demethylation | Ring Opening	1	RXNCLASS combo
N-Dealkylation | N-Demethylation | N-Denitrosation	1	RXNCLASS combo
C-Hydroxylation | Isomerization | Rearrangement | Ring Enlargement	1	RXNCLASS combo
Aromatization | N-Alkylation	1	RXNCLASS combo
C-Oxidation | Desulfation | Rearrangement | Ring Contraction	1	RXNCLASS combo
C-Oxidation | Dearomatization | Radical Formation	1	RXNCLASS combo
C-Oxidation | Hydrolysis | Lactamization	1	RXNCLASS combo
Decarbonylation | Oxidation | Ring Closure | Ring Opening	1	RXNCLASS combo
Decarbonylation | Lactonization | Oxidation | Ring Closure | Ring Opening	1	RXNCLASS combo
O-Glucosidation | O-Glycosidation | O-Sulfation	1	RXNCLASS combo
O-Glucosidation | O-Sulfation	1	RXNCLASS combo
C-Deglycosidation | Deglucosidation | Deglycosidation	1	RXNCLASS combo
Dimerization | Hydration	1	RXNCLASS combo
Aromatization | C-Hydroxylation	1	RXNCLASS combo
C-Dealkylation | Dehydroxylation	1	RXNCLASS combo
Desulfuration | Dimerization	1	RXNCLASS combo
Aromatization | C-Oxidation | N-Dealkylation	1	RXNCLASS combo
C-Hydroxylation | Dealkylation | Demethylation	1	RXNCLASS combo
C-Dearylation | C-Oxidation | Rearrangement | Ring Closure | Ring Opening | Tautomerization	1	RXNCLASS combo
C-Dealkylation | C-Hydroxylation | Ring Closure | Ring Opening	1	RXNCLASS combo
N-Deacylation | Oxidative Deamination	1	RXNCLASS combo
Dehydrogenation | Hydrolysis | Inversion	1	RXNCLASS combo
Hydrolysis | Lactonization | Ring Contraction | Ring Opening	1	RXNCLASS combo
Decarboxylation | Hydrolysis | Lactonization	1	RXNCLASS combo
Hydrolysis | S-Dealkylation | Tautomerization	1	RXNCLASS combo
Deamination | Oxidative N-Dealkylation	1	RXNCLASS combo
C-Oxidation | Decarboxylation | N-Carboxylation | Transacylation	1	RXNCLASS combo
Glutathionation | Hydrolysis | O-Deacetylation | O-Deacylation	1	RXNCLASS combo
N-Oxidation | Nucleophilic Addition	1	RXNCLASS combo
Cysteination | Glycination	1	RXNCLASS combo
C-Hydroxylation | Cysteination | Glycination | Ring Opening	1	RXNCLASS combo
C-Hydroxylation | Glutathionation | Ring Opening	1	RXNCLASS combo
C-Hydroxylation | C-Oxidation | Glutathionation | Ring Opening	1	RXNCLASS combo
C-Hydroxylation | Cysteination | Ring Opening	1	RXNCLASS combo
Aromatization | C-Oxidation | Deamination | Decarboxylation | Hydrolysis | Oxidation	1	RXNCLASS combo
Aliphatic Hydroxylation | Aromatization | C-Hydroxylation | Deamination	1	RXNCLASS combo
Amidation | Amination	1	RXNCLASS combo
Aliphatic Hydroxylation | Aromatization | C-Hydroxylation | Hydrolysis	1	RXNCLASS combo
Aromatization | C-Oxidation | Deamination | Decarboxylation | Isomerization	1	RXNCLASS combo
Dearomatization | Ring Closure	1	RXNCLASS combo
Dehalogenation | Glutathionation | N-Acetylation | N-Acylation	1	RXNCLASS combo
Glycosidation | Tautomerization	1	RXNCLASS combo
Aromatization | Cleavage	1	RXNCLASS combo
Aromatization | C-Hydroxylation | Tautomerization	1	RXNCLASS combo
Aliphatic Hydroxylation | C-Hydroxylation | N-Acetylation | N-Acylation	1	RXNCLASS combo
Conjugation | Cyclization | Ring Closure | Ring Opening	1	RXNCLASS combo
Conjugation | Cyclization | Desulfuration | Ring Opening	1	RXNCLASS combo
N-Dealkylation | Oxidative Dealkylation | Ring Closure | Ring Opening	1	RXNCLASS combo
O-Deacetylation | O-Dealkylation	1	RXNCLASS combo
C-Oxidation | Ring Enlargement	1	RXNCLASS combo
C-Methoxylation | O-Alkylation | O-Methylation	1	RXNCLASS combo
C-Deformylation | Dehydrogenation	1	RXNCLASS combo
C-Deformylation | C-Hydroxylation	1	RXNCLASS combo
Cleavage | O-Dearylation | Tautomerization	1	RXNCLASS combo
C-Oxidation | Hydrolysis | O-Dealkylation | Oxidation | Oxidative Dealkylation	1	RXNCLASS combo
Dehydration | O-Dealkylation	1	RXNCLASS combo
C-Oxidation | Dearomatization | Dehydrogenation | Hydrolysis	1	RXNCLASS combo
Aliphatic Hydroxylation | C-Hydroxylation | O-Deglycosidation	1	RXNCLASS combo
Desulfuration | Hydrolysis | N-Reduction	1	RXNCLASS combo
Dehalogenation | Oxidation | Ring Opening	1	RXNCLASS combo
Dehalogenation | Glutathionation | Oxidation | Ring Opening	1	RXNCLASS combo
C-Oxidation | Dehalogenation | Glutathionation | Ring Opening	1	RXNCLASS combo
Aliphatic Hydroxylation | C-Deamination | C-Desulfuration | C-Hydroxylation	1	RXNCLASS combo
C-Deamination | C-Desulfuration | C-Oxidation	1	RXNCLASS combo
C-Carboxylation | C-Deamination | C-Desulfuration | C-Oxidation	1	RXNCLASS combo
Aliphatic Hydroxylation | C-Deamination | C-Hydroxylation	1	RXNCLASS combo
Cyclization | Isomerization | Ring Closure	1	RXNCLASS combo
Deamination | Oxidative Deamination | Oxygenation	1	RXNCLASS combo
C-Oxidation | Chain Shortening | O-Dealkylation | O-Demethylation	1	RXNCLASS combo
Glycination | Reduction	1	RXNCLASS combo
Elimination | S-Reduction	1	RXNCLASS combo
C-Oxidation | Dealkenylation	1	RXNCLASS combo
Dehydroxylation | Hydrolysis | O-Dealkylation | Ring Opening	1	RXNCLASS combo
Aliphatic Hydroxylation | C-Hydroxylation | Decyanidation	1	RXNCLASS combo
N-Deacetylation | N-Deacylation | Protein Binding	1	RXNCLASS combo
Dehalogenation | N-Oxidation | Nitration	1	RXNCLASS combo
Dehalogenation | Sulfonation	1	RXNCLASS combo
Inversion | Nucleophilic Substitution | Oxidative Deamination	1	RXNCLASS combo
Deglucuronidation | O-Dealkylation | O-Demethylation | Reduction	1	RXNCLASS combo
Desulfation | O-Dealkylation | O-Demethylation | Reduction	1	RXNCLASS combo
C-Oxidation | Isomerization | Oxidative N-Dealkylation | Ring Opening	1	RXNCLASS combo
Amination | Reductive Amination	1	RXNCLASS combo
C-Hydroxylation | Cyclization | Rearrangement | Ring Closure | Ring Opening | Tautomerization	1	RXNCLASS combo
N-Carboxylation | O-Glucuronidation	1	RXNCLASS combo
Hydrolysis | Isomerization | O-Dealkylation | Ring Opening	1	RXNCLASS combo
Decarbonylation | Hydration | O-Dealkylation | Ring Opening	1	RXNCLASS combo
Esterification | Glutathionation | Ring Opening	1	RXNCLASS combo
C-Dealkylation | C-Demethylation | C-Oxidation | Ring Opening	1	RXNCLASS combo
Cleavage | Hydrogenation | Ring Opening	1	RXNCLASS combo
Aromatic Hydroxylation | C-Hydroxylation | C-Oxidation | Hydrogenation	1	RXNCLASS combo
C-Oxidation | Dearomatization | Hydration	1	RXNCLASS combo
Glutathionation | Hydrogenation | Oxidation	1	RXNCLASS combo
Aromatic Hydroxylation | Glutathionation	1	RXNCLASS combo
Chain Elongation | Glutathionation	1	RXNCLASS combo
Chain Elongation | Tautomerization	1	RXNCLASS combo
Decyanidation | Se-Oxidation	1	RXNCLASS combo
Dehalogenation | Rearrangement | Ring Opening	1	RXNCLASS combo
O-Alkylation | O-Dealkylation | O-Methylation | Ring Opening	1	RXNCLASS combo
Dehydration | O-Dealkylation | O-Demethylation | Ring Opening	1	RXNCLASS combo
Rearrangement | Reduction | Ring Opening	1	RXNCLASS combo
C-Oxidation | Decarboxylation | N-Reduction	1	RXNCLASS combo
Aromatization | N-Dealkylation | N-Demethylation	1	RXNCLASS combo
C-Oxidation | Cleavage | N-Reduction	1	RXNCLASS combo
Hydration | Hydrogenation | Reduction	1	RXNCLASS combo
O-Dealkylation | O-Deglycosidation | O-Demethylation	1	RXNCLASS combo
Decarbonylation | Ring Opening | S-Alkylation | S-Methylation	1	RXNCLASS combo
Hydrolysis | O-Deacetylation | O-Deacylation | Ring Opening	1	RXNCLASS combo
Hydrolysis | O-Demethylation | Tautomerization	1	RXNCLASS combo
Dearomatization | O-Dealkylation | O-Demethylation | O-Phosphorylation	1	RXNCLASS combo
Aromatization | Hydrolysis | Tautomerization	1	RXNCLASS combo
Cyanidation | Ring Closure	1	RXNCLASS combo
C-Hydroxylation | Hydrogenation | Hydrolysis | O-Deglycosidation	1	RXNCLASS combo
Carbonylation | Hydrolysis | O-Deglycosidation	1	RXNCLASS combo
C-Hydroxylation | Dehydrogenation | Hydrolysis | Ring Closure	1	RXNCLASS combo
C-Oxidation | Decyanidation | Dehalogenation	1	RXNCLASS combo
C-Hydroxylation | Hydrolysis | Ring Closure	1	RXNCLASS combo
C-Dealkylation | C-Demethylation | Sulfonation	1	RXNCLASS combo
Dehydrogenation | Desulfuration	1	RXNCLASS combo
Dimerization | Glutathionation	1	RXNCLASS combo
Desulfation | Isomerization	1	RXNCLASS combo
Aliphatic Hydroxylation | C-Hydroxylation | Cyclization | Oxidation	1	RXNCLASS combo
C-Oxidation | Conjugation | Ring Opening	1	RXNCLASS combo
Deacetylation | Deacylation | Hydrolysis | Ring Opening	1	RXNCLASS combo
C-Oxidation | Cleavage | Deacetylation | Deacylation | Ring Closure | Ring Opening	1	RXNCLASS combo
Dearomatization | Hydrogenation	1	RXNCLASS combo
C-Oxidation | Chain Shortening | Thioesterification	1	RXNCLASS combo
Aliphatic Hydroxylation | C-Hydroxylation | Isomerization | Ring Closure	1	RXNCLASS combo
Hydration | Ring Closure	1	RXNCLASS combo
C-Alkoxylation | C-Methoxylation | Cyclization | Hydrogenation	1	RXNCLASS combo
Aliphatic Hydroxylation | C-Hydroxylation | Cyclization | Isomerization | Ring Closure	1	RXNCLASS combo
Esterification | Isomerization | O-Acylation | Ring Closure	1	RXNCLASS combo
Esterification | Isomerization | Ring Closure	1	RXNCLASS combo
Aliphatic Hydroxylation | C-Hydroxylation | Hydration | Isomerization | Ring Closure	1	RXNCLASS combo
Aliphatic Hydroxylation | C-Hydroxylation | Cyclization | Hydration	1	RXNCLASS combo
C-Oxidation | Esterification | Ring Opening	1	RXNCLASS combo
Dehydrogenation | Esterification | Ring Opening	1	RXNCLASS combo
Esterification | Hydrogenation	1	RXNCLASS combo
Esterification | Ring Opening	1	RXNCLASS combo
Aliphatic Hydroxylation | C-Alkoxylation | C-Hydroxylation | C-Methoxylation | Isomerization | Ring Closure	1	RXNCLASS combo
Aliphatic Hydroxylation | C-Hydroxylation | Hydration | Isomerization | O-Alkylation | O-Methylation | Ring Closure	1	RXNCLASS combo
C-Oxidation | Dimerization	1	RXNCLASS combo
C-Alkoxylation | C-Methoxylation | Cyclization | Hydration | Isomerization | Ring Closure	1	RXNCLASS combo
C-Alkoxylation | C-Methoxylation | C-Oxidation | Cyclization | Isomerization	1	RXNCLASS combo
Cleavage | Deamidation | N-Deacylation | Reduction	1	RXNCLASS combo
Cleavage | N-Deacylation	1	RXNCLASS combo
Aromatic Hydroxylation | C-Hydroxylation | Cleavage | Hydrolysis | N-Deacylation	1	RXNCLASS combo
C-Oxidation | Carboxylation | Cleavage | Hydrolysis | N-Deacylation	1	RXNCLASS combo
Aliphatic Hydroxylation | Aromatic Hydroxylation | C-Hydroxylation | N-Dealkylation	1	RXNCLASS combo
N-Deacetylation | N-Deacylation | O-Dealkylation | O-Demethylation	1	RXNCLASS combo
Elimination | Hydrolysis | N-Reduction	1	RXNCLASS combo
Dehalogenation | Desulfation | Radical Formation	1	RXNCLASS combo
C-Hydroxylation | C-Methoxylation | Dearomatization | Hydration | Hydrogenation	1	RXNCLASS combo
Dehydrogenation | Hydrogenation	1	RXNCLASS combo
Aromatic Dehydroxylation | Oxidative Cleavage | Ring Opening	1	RXNCLASS combo
Deamination | Dearomatization | Dehydrogenation | Oxidation | Oxygenation	1	RXNCLASS combo
Dearomatization | Dehydrogenation | N-Dealkylation | O-Dealkylation | Ring Opening	1	RXNCLASS combo
Deamination | Dearomatization | Dehydrogenation | Oxidation	1	RXNCLASS combo
Deamination | Dearomatization | Dehydrogenation | Oxygenation	1	RXNCLASS combo
Desulfation | Epoxidation | Hydrolysis | Ring Closure	1	RXNCLASS combo
C-Carboxylation | C-Oxidation	1	RXNCLASS combo
Cysteination | Denitration	1	RXNCLASS combo
Dearomatization | Dehalogenation | Hydrolysis | Oxidative Dehalogenation	1	RXNCLASS combo
O-Dealkylation | Oxidative Dealkylation | Tautomerization	1	RXNCLASS combo
C-Oxidation | N-Carboxylation	1	RXNCLASS combo
Deamination | Dehydrogenation | Oxidation	1	RXNCLASS combo
Deamidation | Decarbamoylation | Dehydrogenation	1	RXNCLASS combo
Deamidation | Deamination | Decarbamoylation | Ring Opening	1	RXNCLASS combo
Aromatic Hydroxylation | C-Hydroxylation | O-Sulfation	1	RXNCLASS combo
O-Demethylation | O-Glucuronidation	1	RXNCLASS combo
O-Dealkylation | O-Demethylation | O-Sulfation	1	RXNCLASS combo
C-Alkylation | C-Methylation | C-Oxidation	1	RXNCLASS combo
Hydrolysis | O-Dealkylation | O-Dearylation | O-Dephosphorylation	1	RXNCLASS combo
Aromatic Dehydroxylation | O-Dealkylation | O-Demethylation | Rearrangement	1	RXNCLASS combo
Hydrolysis | P-Desulfuration	1	RXNCLASS combo
C-Deamination | C-Oxidation | Oxidative Deamination | Tautomerization	1	RXNCLASS combo
Aromatization | Oxidative Deamination | Rearrangement | Ring Opening	1	RXNCLASS combo
O-Alkylation | O-Dealkylation | O-Demethylation	1	RXNCLASS combo
C-Hydroxylation | Oxidation | Oxygenation	1	RXNCLASS combo
Decarbamoylation | Ring Opening | S-Alkylation | S-Methylation | S-Oxidation	1	RXNCLASS combo
Dearomatization | N-Glucuronidation | Tautomerization	1	RXNCLASS combo
Aromatic Hydroxylation | C-Hydroxylation | Cleavage | N-Hydroxylation	1	RXNCLASS combo
Hydrolysis | N-Deamination	1	RXNCLASS combo
Dearomatization | O-Dealkylation | O-Demethylation	1	RXNCLASS combo
Cyclization | Hydrolysis | Lactonization	1	RXNCLASS combo
Oxidative Deamination | Oxidative N-Dealkylation | Ring Opening	1	RXNCLASS combo
Cleavage | S-Oxidation	1	RXNCLASS combo
S-Dealkylation | S-Demethylation | S-Oxidation	1	RXNCLASS combo
Arylation | Nucleophilic Substitution	1	RXNCLASS combo
Aliphatic Hydroxylation | Alkylation | Aromatic Hydroxylation | C-Hydroxylation	1	RXNCLASS combo
Alkylation | Hydration | O-Dealkylation	1	RXNCLASS combo
Aromatic Hydroxylation | C-Alkylation | C-Hydroxylation | Chain Elongation | Hydrogenation	1	RXNCLASS combo
Aromatic Hydroxylation | C-Alkylation | C-Hydroxylation | Dealkoxylation	1	RXNCLASS combo
C-Alkylation | O-Dealkylation	1	RXNCLASS combo
C-Alkoxylation | O-Dealkylation | O-Methylation	1	RXNCLASS combo
Epoxidation | Hydrolysis | Ring Opening	1	RXNCLASS combo
Alkylation | Aromatic Hydroxylation | C-Hydroxylation | Dealkoxylation | Hydration	1	RXNCLASS combo
Epoxidation | Hydrolysis | O-Dealkylation	1	RXNCLASS combo
Aliphatic Hydroxylation | C-Alkylation | C-Hydroxylation | O-Dealkylation	1	RXNCLASS combo
Deoxygenation | Reduction | Ring Opening	1	RXNCLASS combo
Cleavage | Hydrolysis | O-Deglycosidation	1	RXNCLASS combo
Dehalogenation | Glutathionation | Oxidation	1	RXNCLASS combo
Demethylation | Se-Alkylation | Se-Dealkylation	1	RXNCLASS combo
Deamination | O-Dealkylation | O-Phosphorylation	1	RXNCLASS combo
Cyclization | Dehydrogenation | N-Dealkylation | N-Demethylation | Oxidative N-Dealkylation	1	RXNCLASS combo
Deamidation | Hydrolysis | O-Dealkylation | O-Demethylation	1	RXNCLASS combo
C-Hydroxylation | C-Oxidation | Carboxylation	1	RXNCLASS combo
C-Dearylation | C-Oxidation | Dearomatization | Oxidative Dealkylation	1	RXNCLASS combo
C-Dealkylation | C-Demethylation | C-Methoxylation | Methoxylation	1	RXNCLASS combo
Dehydroxylation | O-Dealkylation	1	RXNCLASS combo
C-Alkoxylation | Dehydroxylation	1	RXNCLASS combo
C-Dealkylation | C-Demethylation | Methoxylation	1	RXNCLASS combo
O-Alkylation | O-Methylation | Ring Closure | Ring Opening	1	RXNCLASS combo
C-Deamination | C-Oxidation | Ring Opening	1	RXNCLASS combo
Aliphatic Hydroxylation | C-Alkoxylation | C-Hydroxylation | C-Methoxylation	1	RXNCLASS combo
Desulfuration | Oxidative N-Dealkylation	1	RXNCLASS combo
Hydrolysis | Oxidative N-Dealkylation | Ring Opening	1	RXNCLASS combo
Decysteination	1	RXNCLASS combo
Deglycosidation | Hydrolysis | O-Alkylation | O-Methylation	1	RXNCLASS combo
Azo Cleavage | C-Oxidation | N-Reduction	1	RXNCLASS combo
C-Hydroxylation | Glutathionation | Oxidation	1	RXNCLASS combo
C-Oxidation | Dearomatization | O-Dealkylation | Ring Opening	1	RXNCLASS combo
Aromatization | Dehydrogenation | N-Oxidation	1	RXNCLASS combo
Acetylation | C-Acylation	1	RXNCLASS combo
Dehydrogenation | Desulfuration | Reduction	1	RXNCLASS combo
C-Hydroxylation | N-Dealkylation | O-Dealkylation	1	RXNCLASS combo
C-Hydroxylation | Dehydrogenation | N-Oxidation	1	RXNCLASS combo
Cyanidation | N-Reduction | Rearrangement	1	RXNCLASS combo
Decarbonylation | Reduction | Ring Opening	1	RXNCLASS combo
C-Oxidation | Cleavage | Hydrolysis	1	RXNCLASS combo
C-Hydroxylation | NIH Shift	1	RXNCLASS combo
Desulfuration | Methoxylation	1	RXNCLASS combo
Oxidative Desulfuration | Tautomerization	1	RXNCLASS combo
Aromatization | Ring Closure | Ring Opening	1	RXNCLASS combo
Deglucosidation | Hydrolysis | Rearrangement | Ring Closure | Ring Opening	1	RXNCLASS combo
C-Oxidation | Deglucuronidation | Ring Closure | Ring Opening	1	RXNCLASS combo
C-Hydroxylation | Ring Closure | Ring Opening	1	RXNCLASS combo
Aromatization | Dehydration | Rearrangement | Ring Opening	1	RXNCLASS combo
Aromatic Dealkylation | C-Dealkylation | C-Oxidation	1	RXNCLASS combo
Deamination | Ring Contraction	1	RXNCLASS combo
Dearomatization | Hydrolysis | O-Dealkylation | Ring Opening	1	RXNCLASS combo
C-Oxidation | Desulfation	1	RXNCLASS combo
Condensation | Dehydration | Protein Binding	1	RXNCLASS combo
Dehydration | Nucleophilic Addition | Ring Closure	1	RXNCLASS combo
Hydrolysis | Isomerization | Tautomerization	1	RXNCLASS combo
Hydrolysis | Oxidative Cleavage | Ring Opening	1	RXNCLASS combo
Dealkylation | Demethylation | Hydrogenation	1	RXNCLASS combo
Decarbonylation | Decarboxylation | O-Deacylation | Ring Closure	1	RXNCLASS combo
Dearomatization | Glutathionation | Ring Opening	1	RXNCLASS combo
Dearomatization | Oxidative Cleavage | Ring Opening	1	RXNCLASS combo
Hydrolysis | O-Deglycosidation | Ring Closure | Ring Opening	1	RXNCLASS combo
Dehydration | Glutathionation | Ring Closure	1	RXNCLASS combo
Aromatic Hydroxylation | C-Hydroxylation | Dehydration	1	RXNCLASS combo
C-Alkoxylation | C-Methoxylation | Dehydration	1	RXNCLASS combo
Desulfation | Reduction	1	RXNCLASS combo
Epimerization | Hydrolysis | O-Deglycosidation	1	RXNCLASS combo
Cyclization | Isomerization | Reduction | Ring Closure	1	RXNCLASS combo
Cyclization | Isomerization | Reduction	1	RXNCLASS combo
Epoxidation | Rearrangement | Ring Closure	1	RXNCLASS combo
Deacylation | Hydrolysis | N-Dealkylation	1	RXNCLASS combo
Hydration | Hydrolysis | Reduction | Ring Opening	1	RXNCLASS combo
Deamidation | N-Acetylation | N-Acylation	1	RXNCLASS combo
Aliphatic Hydroxylation | C-Hydroxylation | C-Oxidation | Carboxylation | Ring Opening	1	RXNCLASS combo
N-Deglycosidation | Phosphorylation	1	RXNCLASS combo
C-Hydroxylation | Conjugation	1	RXNCLASS combo
Oxidative Deamination | Reduction	1	RXNCLASS combo
C-Hydroxylation | C-Oxidation | Dearomatization | Isomerization	1	RXNCLASS combo
N-Acylation | N-Glucuronidation	1	RXNCLASS combo
Hydrolysis | Reduction | Ring Closure	1	RXNCLASS combo
Cysteination | Hydrogenation | Reduction	1	RXNCLASS combo
C-Alkylation | C-Methylation | Hydrogenation | Reduction	1	RXNCLASS combo
Hydrogenation | N-Acetylcysteination | Reduction	1	RXNCLASS combo
Cysteination | Reduction	1	RXNCLASS combo
Cysteination | Hydrolysis | Ring Opening	1	RXNCLASS combo
N-Decarboxylation | Ring Opening	1	RXNCLASS combo
Hydrolysis | N-Deacylation | O-Deglycosidation	1	RXNCLASS combo
C-Alkylation | Decyanidation | Dehalogenation | Dimerization | N-Reduction	1	RXNCLASS combo
Decyanidation | N-Reduction | Ring Closure	1	RXNCLASS combo
Deglucosidation | Hydrolysis | O-Deglucosidation | O-Deglycosidation	1	RXNCLASS combo
Hydrolysis | Isomerization | O-Deacylation	1	RXNCLASS combo
C-Oxidation | Cyclization | Dearomatization | Dehalogenation	1	RXNCLASS combo
C-Hydroxylation | O-Glucuronidation	1	RXNCLASS combo
C-Dealkylation | C-Oxidation | Carboxylation | Chain Shortening	1	RXNCLASS combo
C-Hydroxylation | Deoxygenation | O-Sulfation	1	RXNCLASS combo
C-Hydroxylation | Dehydration | O-Sulfation | Ring Opening	1	RXNCLASS combo
Denitration | Sulfuration	1	RXNCLASS combo
Desulfation | Sulfuration	1	RXNCLASS combo
Adduct Formation | Cysteination | Ring Closure	1	RXNCLASS combo
C-Hydroxylation | Dearomatization | Rearrangement	1	RXNCLASS combo
C-Dealkylation | C-Oxidation | N-Dealkylation | Rearrangement | Ring Opening	1	RXNCLASS combo
Deoxygenation | Rearrangement | Ring Contraction	1	RXNCLASS combo
Deacetylation | Deacylation | Hydrolysis	1	RXNCLASS combo
Deformylation | Ring Contraction	1	RXNCLASS combo
C-Dearylation | Oxidative Cleavage	1	RXNCLASS combo
Aromatic Dehydroxylation | Hydrogenation | Reduction	1	RXNCLASS combo
Deglycosidation | O-Deglucosidation	1	RXNCLASS combo
Dehydration | Ring Closure | Ring Opening	1	RXNCLASS combo
Cysteination | Dehydroxylation	1	RXNCLASS combo
C-Alkylation | Hydrolysis	1	RXNCLASS combo
Dehydrogenation | Hydrolysis | O-Deglycosidation	1	RXNCLASS combo
Hydrolysis | O-Alkylation | O-Deglycosidation | O-Methylation	1	RXNCLASS combo
Dehydration | O-Deglycosidation	1	RXNCLASS combo
Hydrolysis | O-Deacetylation | O-Deacylation | O-Deglycosidation	1	RXNCLASS combo
Aliphatic Hydroxylation | C-Hydroxylation | O-Alkylation | O-Methylation	1	RXNCLASS combo
C-Deamination | Hydrolysis | Oxidative Deamination	1	RXNCLASS combo
Aromatization | C-Decarboxylation	1	RXNCLASS combo
Aromatic Dehydroxylation | Ring Opening	1	RXNCLASS combo
Cyclization | Deglycosidation | Transglycosylation	1	RXNCLASS combo
Hydroxylation | Methoxylation | Methylation	1	RXNCLASS combo
Deglycosidation | Hydrogenation | Hydrolysis	1	RXNCLASS combo
Deglycosidation | Hydrogenation	1	RXNCLASS combo
Glycination | O-Acylation	1	RXNCLASS combo
C-Oxidation | Dearomatization | Isomerization | Ring Opening	1	RXNCLASS combo
C-Oxidation | Carboxylation | Dehydrogenation	1	RXNCLASS combo
Deglucosidation | Dehydroxylation	1	RXNCLASS combo
C-Dealkylation | Rearrangement	1	RXNCLASS combo
C-Oxidation | N-Hydroxylation	1	RXNCLASS combo
C-Hydroxylation | Hydrolysis | Oxidation	1	RXNCLASS combo
Hydrogenation | Hydrolysis | O-Deglycosidation	1	RXNCLASS combo
Alkylation | Dehalogenation | Methylation | Oxidation	1	RXNCLASS combo
Hydrolysis | O-Deacetylation | O-Deacylation | Tautomerization	1	RXNCLASS combo
Alkylation | C-Oxidation | Cleavage | Dehydroxylation	1	RXNCLASS combo
Dehydroxylation | N-Demethylation	1	RXNCLASS combo
C-Oxidation | Desulfuration | Oxidative N-Dealkylation | Ring Opening	1	RXNCLASS combo
Dearomatization | Hydrolysis | Tautomerization	1	RXNCLASS combo
Dearylation | Ring Opening	1	RXNCLASS combo
Aromatic Hydroxylation | C-Hydroxylation | Hydrogenation | Reduction	1	RXNCLASS combo
Aromatic Hydroxylation | C-Dealkylation | C-Hydroxylation | Cleavage | Hydrogenation	1	RXNCLASS combo
Dealkoxylation | Dearomatization | Demethoxylation | Elimination | Hydrogenation	1	RXNCLASS combo
Cleavage | Dealkoxylation | Dearomatization | Demethoxylation | Hydrogenation | Ring Contraction	1	RXNCLASS combo
Cysteination | O-Sulfation	1	RXNCLASS combo
N-Alkylation | N-Methylation | Rearrangement | Reduction	1	RXNCLASS combo
Dehydrogenation | N-Alkylation | N-Methylation | O-Dealkylation | O-Demethylation	1	RXNCLASS combo
N-Acetylcysteination | O-Acetylation | O-Acylation	1	RXNCLASS combo
Dealkoxylation | Dehydroxylation | Demethoxylation	1	RXNCLASS combo
Demethoxylation | Elimination	1	RXNCLASS combo
Aliphatic Hydroxylation | Aromatic Hydroxylation | C-Hydroxylation | Cleavage | Hydrogenation | Ring Opening	1	RXNCLASS combo
C-Hydroxylation | Cleavage | Hydrogenation | N-Hydroxylation | Ring Opening	1	RXNCLASS combo
C-Hydroxylation | Cleavage | Dearomatization | Ring Opening	1	RXNCLASS combo
Cleavage | O-Dealkylation | O-Demethylation | Rearrangement | Ring Opening	1	RXNCLASS combo
C-Alkylation | C-Hydroxylation	1	RXNCLASS combo
C-Dealkylation | C-Demethylation | Dehydroxylation	1	RXNCLASS combo
C-Alkylation | C-Hydroxylation | C-Methylation | Dehydroxylation	1	RXNCLASS combo
C-Dealkylation | C-Demethylation | C-Hydroxylation | Dehydroxylation	1	RXNCLASS combo
C-Alkylation | C-Hydroxylation | Dehydroxylation	1	RXNCLASS combo
C-Hydroxylation | Dehydroxylation | Hydration | Hydrolysis | Ring Opening	1	RXNCLASS combo
