term	count	field
Rat	75053	SPECIES
Human	66247	SPECIES
in vitro (Human Liver Microsomes)	27414	SPECIES
in vitro (Rat Liver Microsomes)	23981	SPECIES
Mouse	18039	SPECIES
Dog	12393	SPECIES
(null)	6242	SPECIES
in vitro (Rat Hepatocytes)	5951	SPECIES
in vitro (Mouse Liver Microsomes)	5723	SPECIES
in vitro (Human Hepatocytes)	4880	SPECIES
Monkey	4540	SPECIES
Rat (Bile Duct Cannulated)	4247	SPECIES
Rabbit	3878	SPECIES
Rat (Male)	3021	SPECIES
in vitro (Rat Liver Cytosol)	2779	SPECIES
in vitro (Dog Liver Microsomes)	2690	SPECIES
Human (Cancer Patients)	2649	SPECIES
Rat (Female)	2578	SPECIES
in vitro (Rat Liver Perfusion)	1910	SPECIES
in vitro (Rabbit Liver Microsomes)	1863	SPECIES
in vitro (Rat Liver Homogenate)	1849	SPECIES
in vitro (Rat Liver S9 Fraction)	1826	SPECIES
in vitro (Human Plasma)	1818	SPECIES
in vitro (Human Liver S9 Fraction)	1799	SPECIES
Human (Female, Pregnant)	1764	SPECIES
Guinea Pig	1751	SPECIES
in vitro (Monkey Liver Microsomes)	1727	SPECIES
Pig	1640	SPECIES
in vitro (Human Liver Cytosol)	1635	SPECIES
in vitro (Rat Plasma)	1320	SPECIES
Horse	1253	SPECIES
in vitro (Pig Liver Microsomes)	1212	SPECIES
in vitro (Rat Liver Slices)	1202	SPECIES
Chicken	1144	SPECIES
Rat (Female, Pregnant)	1053	SPECIES
Fish	1046	SPECIES
Human (Children)	987	SPECIES
in vitro (Dog Hepatocytes)	898	SPECIES
Hamster	890	SPECIES
in vitro (Human Intestine Microsomes)	868	SPECIES
in vitro (Guinea Pig Liver Microsomes)	859	SPECIES
in vitro (Rat Liver Supernatant)	839	SPECIES
Human (Female)	835	SPECIES
in vitro (Rat Lung Microsomes)	827	SPECIES
in vitro (Rat Kidney Microsomes)	790	SPECIES
Human (Male)	788	SPECIES
in vitro (Hamster Liver Microsomes)	765	SPECIES
Cynomolgus Monkey	743	SPECIES
in vitro (Mouse Hepatocytes)	705	SPECIES
in vitro (Human Liver Slices)	699	SPECIES
in vitro (Rat Liver Mitochondria)	677	SPECIES
in vitro (Mouse Lung Microsomes)	674	SPECIES
in vitro (Mouse Liver Cytosol)	661	SPECIES
in vitro (Human Serum)	631	SPECIES
in vitro (Rat Liver)	627	SPECIES
Sheep	622	SPECIES
in vitro (Rat Liver Microsomes, Male)	588	SPECIES
Dog (Bile Duct Cannulated)	582	SPECIES
in vitro (Rat Liver Microsomes, Female)	568	SPECIES
in vitro (Monkey Hepatocytes)	562	SPECIES
Cat	526	SPECIES
in vitro (Human Blood)	516	SPECIES
in vitro (Rat Brain Homogenate)	514	SPECIES
Human (Smoker)	513	SPECIES
Mouse (Male)	471	SPECIES
in vitro (Mouse Liver Homogenate)	449	SPECIES
in vitro (Fish Liver Microsomes)	442	SPECIES
Human (Extensive Metabolizer)	441	SPECIES
Rhesus Monkey	438	SPECIES
in vitro (Human Placenta Microsomes)	433	SPECIES
in vitro (Rat Kidney Homogenate)	429	SPECIES
in vitro (Human Kidney Microsomes)	425	SPECIES
Goat	421	SPECIES
in vitro (Rat Blood)	417	SPECIES
in vitro (Rat Intestine Microsomes)	416	SPECIES
Mouse (Female)	412	SPECIES
Human (Poor Metabolizer)	384	SPECIES
in vitro (Human Hepatoma Hep G2 Cells)	376	SPECIES
Human (Renal Transplant Patients)	375	SPECIES
Mouse (Female, Pregnant)	375	SPECIES
in vitro (Human Hepatocytes, Cryopreserved)	374	SPECIES
Human (Non-Smoker)	366	SPECIES
in vitro (Horse Liver Microsomes)	359	SPECIES
Rat (Male, Bile Duct Cannulated)	358	SPECIES
in vitro (Human Lung Microsomes)	351	SPECIES
Cattle	349	SPECIES
Human (Female, Lactating)	347	SPECIES
Rat (Female, Bile Duct Cannulated)	347	SPECIES
Sheep (Female, Pregnant)	346	SPECIES
Dog (Male)	345	SPECIES
in vitro (Mouse Plasma)	333	SPECIES
in vitro (Human Liver Homogenate)	328	SPECIES
Goat (Female, Lactating)	327	SPECIES
Calf	314	SPECIES
in vitro (Mouse Liver S9 Fraction)	311	SPECIES
Human (Overdosed)	308	SPECIES
in vitro (Rabbit Hepatocytes)	307	SPECIES
Cow	304	SPECIES
in vitro (Rat Kidney Cytosol)	303	SPECIES
Dog (Female)	296	SPECIES
in vitro (Human Erythrocytes)	293	SPECIES
in vitro (Dog Liver S9 Fraction)	290	SPECIES
in vitro (Dog Plasma)	277	SPECIES
in vitro (Rat Serum)	276	SPECIES
in vitro (Cynomolgus Monkey Liver Microsomes)	270	SPECIES
Hen	269	SPECIES
in vitro (Rat Brain Microsomes)	263	SPECIES
in vitro (Minipig Liver Microsomes)	263	SPECIES
in vitro (Human Hepatoma Cells, Hep G2)	262	SPECIES
in vitro (Human Breast Cancer Cells, MCF-7)	259	SPECIES
in vitro (Hep G2 Cells)	258	SPECIES
in vitro (Rat Testis Microsomes)	258	SPECIES
Mouse (Tumor Bearing)	258	SPECIES
in vitro (Rat Liver Post-Mitochondrial Fraction)	248	SPECIES
in vitro (Caco-2 Cells)	244	SPECIES
in vitro (Rat Kidney Perfusion)	240	SPECIES
in vitro (Mouse Kidney Microsomes)	239	SPECIES
in vitro (Human Peripheral Blood Mononuclear Cells)	235	SPECIES
in vitro (Human Intestine Cells, Caco-2)	234	SPECIES
in vitro (Rat Hepatocytes, Cultured)	234	SPECIES
in vitro (Rabbit Liver Homogenate)	226	SPECIES
in vitro (Rat Intestine Perfusion)	224	SPECIES
in vitro (Human Hepatoblastoma Hep G2 Cells)	223	SPECIES
in vitro (Human Skin)	219	SPECIES
Human (Epilepsy Patients)	218	SPECIES
in vitro (Rat Kidney Supernatant)	215	SPECIES
Rat (Diabetic)	211	SPECIES
in vitro (Rat Small Intestine Microsomes)	211	SPECIES
in vitro (Monkey Liver S9 Fraction)	211	SPECIES
in vitro (Pig Hepatocytes)	208	SPECIES
in vitro (Bovine Liver Microsomes)	207	SPECIES
in vitro (Mouse Liver Supernatant)	206	SPECIES
Rainbow Trout	205	SPECIES
in vitro (Chicken Liver Microsomes)	203	SPECIES
Human (Female, Postmenopausal)	203	SPECIES
Human (Kidney Transplanted Patients)	203	SPECIES
in vitro (Dog Liver Cytosol)	202	SPECIES
Mouse (Chimeric, Humanized Liver)	198	SPECIES
Human (HIV Infected Patients)	197	SPECIES
in vitro (Human Leukemia Cells, HL-60)	196	SPECIES
in vitro (Human Small Intestine Microsomes)	194	SPECIES
in vitro (Rat Lung Cytosol)	190	SPECIES
in vitro (Rabbit Liver Cytosol)	184	SPECIES
Rat (Germ-free)	184	SPECIES
Hen (Laying)	183	SPECIES
in vitro (Mouse Brain Homogenate)	183	SPECIES
in vitro (Human Colon Adenocarcinoma Cells, Caco-2)	183	SPECIES
in vitro (Rhesus Monkey Liver Microsomes)	180	SPECIES
Human (Renal Impairment Patients)	178	SPECIES
Rabbit (Female, Pregnant)	177	SPECIES
in vitro (Sheep Liver Microsomes)	177	SPECIES
in vitro (Mouse Liver Slices)	176	SPECIES
in vitro (Human Skin Fibroblasts)	175	SPECIES
Mouse (Wild-Type)	173	SPECIES
in vitro (Human Liver Supernatant)	172	SPECIES
in vitro (Rat Heart Microsomes)	167	SPECIES
in vitro (Mouse Liver Microsomes, Female)	165	SPECIES
in vitro (Cat Liver Microsomes)	164	SPECIES
in vitro (Mouse Liver)	163	SPECIES
in vitro (Human Keratinocytes)	162	SPECIES
in vitro (Horse Liver S9 Fraction)	160	SPECIES
in vitro (Rat Heart Homogenate)	159	SPECIES
in vitro (Human Platelets)	159	SPECIES
in vitro (Mouse Skin)	159	SPECIES
Human (Drug Abuser)	158	SPECIES
in vitro (Rat Lung Homogenate)	157	SPECIES
in vitro (Rat Cecum Contents)	154	SPECIES
Human (Hepatic Impairment Patients)	153	SPECIES
Monkey (Female)	153	SPECIES
Human (Leukemia Patients)	151	SPECIES
in vitro (Mouse Hepatoma Cells, Hepa 1c1c7)	149	SPECIES
in vitro (Fish Liver Supernatant)	149	SPECIES
in vitro (Mouse Liver Microsomes, Male)	148	SPECIES
in vitro (Rat Erythrocytes)	147	SPECIES
in vitro (Human Urine)	147	SPECIES
Human (Bile Exteriorized)	147	SPECIES
in vitro (Rat Intestine Homogenate)	146	SPECIES
in vitro (Rat Liver Cytosol and Microsomes)	146	SPECIES
Human (Neonatal)	145	SPECIES
in vitro (Human Breast Cancer MCF-7 Cells)	145	SPECIES
in vitro (Rat Intestine Contents)	144	SPECIES
in vitro (Human Lung Adenocarcinoma Cells, A549)	144	SPECIES
Human (Drug Addict)	143	SPECIES
in vitro (Human Liver)	142	SPECIES
in vitro (Human Feces)	142	SPECIES
in vitro (Rainbow Trout Liver Microsomes)	142	SPECIES
in vitro (Dog Liver Homogenate)	140	SPECIES
in vitro (Rat Feces)	140	SPECIES
in vitro (Mouse Serum)	138	SPECIES
in vitro (Human Colon Carcinoma Cells, HT-29)	135	SPECIES
in vitro (Rat Kidney)	134	SPECIES
Snake (Ball Python)	134	SPECIES
in vitro (Human B-Lymphoblastoid Cell Microsomes Expressing Human CYP Iso+	128	SPECIES
in vitro (Human Fibroblasts)	127	SPECIES
in vitro (Human Prostate Cancer Cells, LNCaP)	127	SPECIES
in vitro (Rat Hepatocytes, Cryopreserved)	126	SPECIES
in vitro (Rat)	125	SPECIES
in vitro (Human Kidney 293 Cells, Transfected)	125	SPECIES
Mouse (Bile Duct Cannulated)	125	SPECIES
in vitro (Human Neutrophils)	124	SPECIES
in vitro (Guinea Pig Liver Homogenate)	124	SPECIES
in vitro (Human Placenta Cytosol)	124	SPECIES
in vitro (Human Liver Cytosol and Microsomes)	124	SPECIES
in vitro (Human Breast Cancer Cells, T-47D)	124	SPECIES
in vitro (Human Breast Epithelium Cells, MCF-10A)	124	SPECIES
Rat (Female, Lactating)	124	SPECIES
Cynomolgus Monkey (Bile Duct Cannulated)	124	SPECIES
in vitro (Dog Liver Slices)	123	SPECIES
in vitro (Cattle Liver Microsomes)	122	SPECIES
in vitro (Human Liver Mitochondria)	122	SPECIES
in vitro (Human Keratinocytes, HaCaT)	121	SPECIES
in vitro (Human Red Blood Cells)	121	SPECIES
in vitro (Guinea Pig Liver Cytosol)	120	SPECIES
Human (Infant)	119	SPECIES
in vitro (Human Hepatoma Cells, HepaRG)	118	SPECIES
in vitro (Fish Hepatocytes)	118	SPECIES
in vitro (Rat Brain Supernatant)	117	SPECIES
in vitro (Rat Small Intestine Homogenate)	117	SPECIES
in vitro (Human Hep G2 Cells)	117	SPECIES
Mouse (uPA-SCID, Chimeric, Humanized Liver)	116	SPECIES
in vitro (Rat Brain Mitochondria)	115	SPECIES
in vitro (Human Kidney Cytosol)	115	SPECIES
in vitro (Mouse Liver Mitochondria)	115	SPECIES
Human (Psychiatric Patients)	113	SPECIES
in vitro (Mouse Kidney Cytosol)	111	SPECIES
in vitro (HepaRG Cells)	111	SPECIES
in vitro (Rat Red Blood Cells)	111	SPECIES
Pony	111	SPECIES
in vitro (Human Leukemia Cells)	109	SPECIES
in vitro (Human Polymorphonuclear Leukocytes)	108	SPECIES
Human (Children, Cancer Patients)	108	SPECIES
in vitro (Rat Heart Perfusion)	108	SPECIES
Human (Schizophrenia Patients)	106	SPECIES
in vitro (Human Kidney 293 Cells, Embryonic)	105	SPECIES
in vitro (Human B-Lymphoblastoid Cell Microsomes Expressing Human CYP3A4)	105	SPECIES
in vitro (Human Colon Carcinoma Cells, Caco-2)	105	SPECIES
in vitro (Rat Brain)	105	SPECIES
in vitro (Rat Lung Supernatant)	104	SPECIES
in vitro (Rabbit Lung Microsomes)	104	SPECIES
in vitro (Fish Liver Cytosol)	104	SPECIES
Mouse (Human Tumor Xenograft Bearing)	104	SPECIES
Monkey (Male)	104	SPECIES
Minipig	104	SPECIES
in vitro (Mouse Kidney Homogenate)	103	SPECIES
in vitro (Monkey Liver Cytosol)	102	SPECIES
in vitro (Human Hepatoma Cells)	102	SPECIES
Human (Female, Breast Cancer Patients)	102	SPECIES
in vitro (Human Colon Carcinoma Cells)	102	SPECIES
Baboon	101	SPECIES
Human (Elderly)	101	SPECIES
in vitro (Human Mammary Carcinoma MCF-7 Cells)	101	SPECIES
in vitro (Rat Brain Cytosol)	101	SPECIES
in vitro (Rat Hepatocytes, Sandwich-Cultured)	100	SPECIES
in vitro (Human Kidney 293 Cells Expressing Human UGT1A8)	100	SPECIES
in vitro (Rabbit Liver Supernatant)	100	SPECIES
in vitro (Rat Lung Perfusion)	100	SPECIES
in vitro (Rainbow Trout Hepatocytes)	100	SPECIES
in vitro (Human Hepatocytes, Cultured)	99	SPECIES
in vitro (Bovine Eye Retina)	99	SPECIES
in vitro (Mouse Intestine Microsomes)	98	SPECIES
Human (Female, Cancer Patients)	98	SPECIES
in vitro (Rat Kidney Slices)	98	SPECIES
in vitro (Human Umbilical Vein Endothelial Cells)	98	SPECIES
Mouse (uPA-SCID)	98	SPECIES
in vitro (Human Jejunum Microsomes)	96	SPECIES
in vitro (Human Lymphocytes)	96	SPECIES
in vitro (Rat Liver Cells)	95	SPECIES
Bull	95	SPECIES
in vitro (Mouse Lung Cytosol)	95	SPECIES
in vitro (Human CEM Cells)	95	SPECIES
Mouse (Human Tumor Bearing)	95	SPECIES
Human (Children, Leukemia Patients)	94	SPECIES
in vitro (HEK 293 Cells, Transfected)	94	SPECIES
in vitro (Rat Liver Hepatocytes)	94	SPECIES
in vitro (Mouse Leukemia Cells, L1210)	94	SPECIES
Mink	94	SPECIES
in vitro (Human Leukocytes)	93	SPECIES
in vitro (Human Skin Homogenate)	93	SPECIES
in vitro (Human Lung Cytosol)	93	SPECIES
in vitro (Rat Ileum Perfusion)	93	SPECIES
in vitro (Marmoset Liver Microsomes)	92	SPECIES
in vitro (Pig Kidney Microsomes)	92	SPECIES
Human (Cirrhosis Patients)	92	SPECIES
in vitro (Rat Small Intestine S9 Fraction)	92	SPECIES
in vitro (Human Breast Adenocarcinoma Cells, MCF-7)	92	SPECIES
in vitro (Rat Liver Peroxisomes)	91	SPECIES
Possum	90	SPECIES
in vitro (Rabbit Plasma)	90	SPECIES
in vitro (Human Breast Carcinoma Cells, MCF-7)	90	SPECIES
in vitro (Rat Mammary Gland Microsomes)	89	SPECIES
in vitro (Rat Small Intestine Perfusion)	89	SPECIES
in vitro (Cynomolgus Monkey Hepatocytes)	89	SPECIES
in vitro (Rabbit Liver)	88	SPECIES
in vitro (Mouse Blood)	88	SPECIES
in vitro (Human Kidney 293 Cells)	88	SPECIES
in vitro (Mouse Lung)	88	SPECIES
in vitro (Rat Microsomes)	87	SPECIES
Mouse (Neonatal)	87	SPECIES
in vitro (Human Intestine Cytosol)	87	SPECIES
in vitro (Human Lung Carcinoma Cells, A549)	87	SPECIES
Mouse (Transgenic, Trp53(+/+))	87	SPECIES
Mouse (Transgenic, Trp53(-/-))	87	SPECIES
in vitro (Human Cells, HepaRG)	86	SPECIES
in vitro (Rat Liver UDP-Glucuronosyltransferase)	86	SPECIES
in vitro (Pig Lung Microsomes)	86	SPECIES
in vitro (Rat Heart Cytosol)	86	SPECIES
in vitro (Monkey Plasma)	86	SPECIES
in vitro (Rat Colon Microsomes)	86	SPECIES
in vitro (Rat Intestine Cytosol)	86	SPECIES
in vitro (Rat Jejunum Perfusion)	86	SPECIES
in vitro (Rat Lung)	85	SPECIES
in vitro (Human Liver Microsomes, Fetal)	85	SPECIES
in vitro (Human Microsomes)	85	SPECIES
in vitro (Rabbit Liver S9 Fraction)	84	SPECIES
in vitro (Human Hepatoma Cells, Huh-7)	84	SPECIES
in vitro (Rat Kidney Post-Mitochondrial Fraction)	84	SPECIES
Fish (Carp)	84	SPECIES
Mouse (As3mt Knockout)	83	SPECIES
in vitro (Pig Liver Perfusion)	82	SPECIES
in vitro (Rat Intestine S9 Fraction)	81	SPECIES
in vitro (Human Kidney 293 Cell Homogenate Expressing UGT1.4)	81	SPECIES
in vitro (Monkey Liver Slices)	81	SPECIES
Rat (Female, Ovariectomized)	81	SPECIES
Monkey (Bile Duct Cannulated)	81	SPECIES
Human (Depression Patients)	80	SPECIES
in vitro (Human Neuroblastoma Cells, SH-SY5Y)	80	SPECIES
Sheep (Neonatal)	79	SPECIES
in vitro (Rat Lung Slices)	79	SPECIES
in vitro (Rat Nasal Mucosa Microsomes)	79	SPECIES
in vitro (Fish Brain Supernatant)	79	SPECIES
in vitro (Rat Spermatids)	79	SPECIES
in vitro (Gerbil Liver Microsomes)	78	SPECIES
in vitro (Rat Testis Homogenate)	77	SPECIES
in vitro (Rat Skin)	77	SPECIES
in vitro (Human Monocytes, THP-1)	77	SPECIES
in vitro (Human Kidney 293 Cells Expressing Human UGT1A10)	76	SPECIES
in vitro (Human Liver Microsomes, Female)	76	SPECIES
in vitro (Mouse Liver Perfusion)	76	SPECIES
Rat (Tumor Bearing)	76	SPECIES
in vitro (Hamster Liver Cytosol)	75	SPECIES
in vitro (Rabbit Kidney Microsomes)	75	SPECIES
Human (Inflammatory Bowel Disease Patients)	75	SPECIES
in vitro (Hamster Liver Slices)	75	SPECIES
Mouse (Transgenic, Trp53(+/-))	75	SPECIES
in vitro (Human Hepatocytes, Sandwich-Cultured)	74	SPECIES
in vitro (Rat Testis Supernatant)	74	SPECIES
in vitro (Human Keratinocytes, HPK1A-ras)	74	SPECIES
in vitro (Rat Heart Supernatant)	73	SPECIES
in vitro (Hep G2 Cells Expressing Human CYP3A4)	73	SPECIES
Human (Ileostomy Patients)	73	SPECIES
Rabbit (Female)	72	SPECIES
in vitro (Rat Heart Mitochondria)	72	SPECIES
Human (Liver Transplanted Patients)	72	SPECIES
in vitro (Fish Intestine Perfusion)	72	SPECIES
in vitro (Rat Testis Cytosol)	72	SPECIES
in vitro (Pig Liver Cytosol)	71	SPECIES
in vitro (Human Saliva)	71	SPECIES
in vitro (Rabbit Serum)	71	SPECIES
in vitro (Human B-Lymphoblastoid Cell Microsomes, Transfected)	70	SPECIES
in vitro (Mouse Spleen Homogenate)	70	SPECIES
in vitro (Rat Spermatocytes)	70	SPECIES
in vitro (Human B-Lymphoblastoid Cell Microsomes Expressing Human CYP1A2)	69	SPECIES
Human (Rheumatoid Arthritis Patients)	69	SPECIES
Marmoset	69	SPECIES
in vitro (Mouse Macrophage Cells, RAW 264.7)	69	SPECIES
Human (Liver Disease Patients)	68	SPECIES
in vitro (Rat Osteosarcoma Cells, UMR-106)	68	SPECIES
in vitro (Hamster V79 Cells)	67	SPECIES
in vitro (Hamster Fibroblast Cell Homogenate)	67	SPECIES
in vitro (Mouse Skin Homogenate)	67	SPECIES
Rabbit (Tumor Bearing)	67	SPECIES
in vitro (Human Prostate Cancer Cells, PC-3)	67	SPECIES
Rat (UGT-Deficient)	67	SPECIES
Human (Diabetic Patients)	66	SPECIES
in vitro (Rat Urine)	66	SPECIES
in vitro (Human Lung S9 Fraction)	66	SPECIES
in vitro (Fish Liver Homogenate)	66	SPECIES
in vitro (Dog Kidney Cells, MDCK)	66	SPECIES
Mouse (Cytochrome P450 Reductase-Null)	66	SPECIES
Mouse (Cyp1a2(-/-))	66	SPECIES
in vitro (Human Prostate Cancer Cells, DU-145)	66	SPECIES
in vitro (Mouse Peritoneal Macrophages)	66	SPECIES
in vitro (Dog Intestine Microsomes)	65	SPECIES
in vitro (Mouse Small Intestine Microsomes)	65	SPECIES
in vitro (Mouse Liver Post-Mitochondrial Fraction)	65	SPECIES
in vitro (Human Lymphoblasts)	65	SPECIES
in vitro (Rat Hepatoma Cells, H-4-II-E)	65	SPECIES
Human (CYP2D6 Poor Metabolizer)	65	SPECIES
in vitro (Monkey Blood)	65	SPECIES
in vitro (Human Feces, Anaerobic Conditions)	65	SPECIES
Seal	65	SPECIES
in vitro (Human Fibroblast Lysosomes)	65	SPECIES
in vitro (Dog Kidney Microsomes)	64	SPECIES
in vitro (Rabbit)	64	SPECIES
in vitro (Goat Liver Microsomes)	64	SPECIES
in vitro (Guinea Pig Hepatocytes)	64	SPECIES
in vitro (Human Hepatoblastoma Cells, Hep G2)	64	SPECIES
in vitro (Mouse Liver Microsomes, Wild-Type)	64	SPECIES
in vitro (Human Feces Suspension)	64	SPECIES
in vitro (Fish Liver S9 Fraction)	63	SPECIES
in vitro (Rat Cardiomyocytes)	63	SPECIES
in vitro (Human Colon Carcinoma Cells, HCT 116)	63	SPECIES
in vitro (Human Leukemia Cells, K-562)	63	SPECIES
Human (Adult)	63	SPECIES
in vitro (Human Breast Cancer Cells, MDA-MB-231)	63	SPECIES
in vitro (Rabbit Liver Perfusion)	62	SPECIES
Guinea Pig (Male)	62	SPECIES
in vitro (Rat Ovary Microsomes)	62	SPECIES
Human (CYP2D6 Extensive Metabolizer)	62	SPECIES
in vitro (Monkey Intestine Microsomes)	61	SPECIES
in vitro (Mouse Microsomes)	61	SPECIES
in vitro (Rat Small Intestine Cytosol)	61	SPECIES
in vitro (Human Epidermis Keratinocytes)	61	SPECIES
in vitro (Rat Liver Nuclei)	61	SPECIES
in vitro (Human Colon Cancer Cells, HCT 116)	61	SPECIES
in vitro (Hamster Kidney Slices)	61	SPECIES
Rabbit (Male)	60	SPECIES
in vitro (Human Liver Microsomes, Male)	60	SPECIES
in vitro (Dog Blood)	60	SPECIES
in vitro (Rat Spleen Homogenate)	60	SPECIES
in vitro (Cow Liver Microsomes)	60	SPECIES
in vitro (Monkey Liver Supernatant)	60	SPECIES
in vitro (Fish Liver)	60	SPECIES
in vitro (Human Breast)	60	SPECIES
Human (Female, Pregnant, Diabetic Patients)	59	SPECIES
in vitro (Rat Skin Homogenate)	59	SPECIES
in vitro (Fish Gill Supernatant)	59	SPECIES
in vitro (Human Kidney 293 Cells Expressing Human UGT)	58	SPECIES
in vitro (Human B-Lymphoblastoid Cells Expressing Human CYP3A4)	58	SPECIES
Human (Heroin Abuser)	58	SPECIES
in vitro (Human Intestine Mucosa Microsomes)	58	SPECIES
in vitro (Mouse Intestine Homogenate)	58	SPECIES
in vitro (Human Colon Cancer Cells, Caco-2)	58	SPECIES
Bird (Glaucous Gull)	58	SPECIES
Chicken (Female)	58	SPECIES
in vitro (Human Erythrocyte Lysate)	57	SPECIES
Turkey	57	SPECIES
Mouse (Cyp2e1-Null)	57	SPECIES
in vitro (Human Colon Cancer Cells, HT-29)	57	SPECIES
in vitro (Human Adenocarcinoma HT-29 Cells)	57	SPECIES
Bowhead Whale	57	SPECIES
Bird (Quail)	57	SPECIES
in vitro (Human B-Lymphoblastoid Cell Microsomes Expressing Human CYP2D6)	56	SPECIES
in vitro (V79 Cells, Transfected)	56	SPECIES
in vitro (Human Jejunum S9 Fraction)	56	SPECIES
in vitro (Rat Mammary Gland Cytosol)	56	SPECIES
in vitro (Rat Hepatoma Cells)	56	SPECIES
in vitro (Rabbit Lung Perfusion)	56	SPECIES
in vitro (Human Breast Cancer Cells)	56	SPECIES
in vitro (Human Lung Slices)	56	SPECIES
in vitro (Rat Kidney S9 Fraction)	56	SPECIES
in vitro (Rat Platelets)	56	SPECIES
Pig (Ileum Cannulated)	56	SPECIES
Mouse (Mouse C-26 Tumor Bearing)	56	SPECIES
in vitro (Human Intestine S9 Fraction)	55	SPECIES
in vitro (Horse Liver Homogenate)	55	SPECIES
in vitro (Human Small Intestine Cytosol)	55	SPECIES
in vitro (Mouse Keratinocytes)	55	SPECIES
Human (Renal Failure Patients)	55	SPECIES
in vitro (Human Blood Cells)	55	SPECIES
in vitro (Fish Muscle Supernatant)	55	SPECIES
in vitro (Mouse Keratinocytes, PAM212)	55	SPECIES
Human (CYP2C19 Poor Metabolizer)	54	SPECIES
in vitro (Rat Aorta)	54	SPECIES
in vitro (Human Kidney S9 Fraction)	54	SPECIES
in vitro (Mouse Lung Homogenate)	54	SPECIES
in vitro (COS-1 Cells, Transfected)	54	SPECIES
in vitro (Human Liver Hepatocytes)	54	SPECIES
in vitro (Rat Skin Microsomes)	54	SPECIES
in vitro (Chicken Liver Microsomes, Embryonic)	54	SPECIES
in vitro (Mouse Macrophage Cells, J774)	53	SPECIES
Human (Newborn)	53	SPECIES
in vitro (Rat Intestine Mucosa)	53	SPECIES
in vitro (Rat Small Intestine)	53	SPECIES
Chicken (Male)	53	SPECIES
in vitro (Human Placenta Perfusion)	52	SPECIES
Human (Children, Epilepsy Patients)	52	SPECIES
in vitro (Rat Colon Cytosol)	52	SPECIES
in vitro (Dog Liver Supernatant)	52	SPECIES
in vitro (Hamster Hepatocytes)	52	SPECIES
in vitro (Rat Heart)	52	SPECIES
in vitro (Rat Liver Microsomes, Female, Pregnant)	52	SPECIES
Mouse (Cyp2a5-Null)	52	SPECIES
in vitro (Human Hepatocellular Carcinoma Cells, Hep G2)	52	SPECIES
in vitro (Hep G2 Cell Membranes, Transfected)	52	SPECIES
in vitro (Cultured Cells)	51	SPECIES
Human (Hepatitis Patients)	51	SPECIES
in vitro (Pig Olfactory Mucosa Microsomes)	51	SPECIES
in vitro (Dog Hepatocytes, Cryopreserved)	51	SPECIES
in vitro (Pig Ear Skin)	51	SPECIES
in vitro (Hamster Lung Microsomes)	51	SPECIES
in vitro (Hamster Liver Homogenate)	51	SPECIES
in vitro (Rat Pheochromocytoma Cells, PC-12)	51	SPECIES
in vitro (Rat Liver Perfusion, Mrp2-Deficient)	51	SPECIES
in vitro (Rat Bile)	50	SPECIES
in vitro (Human B-Lymphoblastoid Cell Microsomes Expressing Human CYP2C9)	50	SPECIES
in vitro (Mouse Brain)	50	SPECIES
in vitro (Human Placenta Homogenate)	50	SPECIES
in vitro (Rat Olfactory Mucosa Microsomes)	50	SPECIES
in vitro (Human Intestine Cell Microsomes, Caco-2)	50	SPECIES
Bird	50	SPECIES
in vitro (Dog Intestine Homogenate)	50	SPECIES
Rat (Wistar)	50	SPECIES
in vitro (COS-7 Cells Expressing Human UGT2B7)	50	SPECIES
in vitro (COS-7 Cells Expressing Human UGT2B11)	50	SPECIES
Frog (Embryo)	50	SPECIES
Beluga Whale	50	SPECIES
in vitro (Rat Leydig Cells)	49	SPECIES
in vitro (HEK 293 Cells Expressing Human UGT2B7)	49	SPECIES
Human (Malaria Patients)	49	SPECIES
in vitro (Human B-Lymphoblastoid Cells Expressing Human CYP Isoenzymes)	49	SPECIES
in vitro (Human Cervix Carcinoma Cells, HeLa)	49	SPECIES
in vitro (Human Lung Cancer Cells, A549)	49	SPECIES
in vitro (Dog Liver Microsomes, Female)	49	SPECIES
in vitro (Rabbit Eye Iris-Ciliary Body Homogenate)	49	SPECIES
in vitro (Mouse Colon Perfusion)	49	SPECIES
Miniature Pig	49	SPECIES
Human (Chinese)	48	SPECIES
Human (Alzheimer's Disease Patients)	48	SPECIES
in vitro (Human Colon Cytosol)	48	SPECIES
in vitro (HEK 293 Cells)	48	SPECIES
in vitro (Human Intestine Epithelium Cells, Caco-2)	48	SPECIES
Human (Parkinson's Disease Patients)	48	SPECIES
in vitro (Mouse Kidney Mitochondria)	48	SPECIES
in vitro (Human Cells, Caco-2)	48	SPECIES
Fish (Arctic Charr)	48	SPECIES
Gerbil	47	SPECIES
in vitro (HEK 293 Cells Expressing Human UGT Isoenzymes)	47	SPECIES
in vitro (Human Lymphoblastoid Cell Microsomes, Transfected)	47	SPECIES
in vitro (COS-1 Cells Expressing Human UGT1A7)	47	SPECIES
in vitro (Human B-Lymphoblastoid Cell Microsomes)	47	SPECIES
in vitro (Rat Hepatocytes, Male)	47	SPECIES
Mouse (Liver Cytochrome P450 Reductase-Null)	47	SPECIES
Human (Alcohol Abuser)	47	SPECIES
in vitro (Human Feces Homogenate)	47	SPECIES
in vitro (Dog Liver Microsomes, Male)	47	SPECIES
in vitro (Mouse Small Intestine Perfusion)	47	SPECIES
in vitro (Rabbit Platelets)	47	SPECIES
Rat (Hyperlipidemic)	47	SPECIES
in vitro (Human Lymphoblast Cell Microsomes Expressing Human CYP3A4)	46	SPECIES
in vitro (Human Lymphoblast Cell Microsomes Expressing Human CYP1A2)	46	SPECIES
Human (CYP2C19 Extensive Metabolizer)	46	SPECIES
in vitro (Human Duodenum Microsomes)	46	SPECIES
in vitro (Monkey Liver Homogenate)	46	SPECIES
in vitro (Human Breast Epithelium Cells, MCF-10F)	46	SPECIES
Human (Caucasian)	46	SPECIES
in vitro (COS-1 Cells Expressing Human UGT1A10)	46	SPECIES
in vitro (Human Kidney 293 Cells Expressing Human UGT2B7)	46	SPECIES
in vitro (Human Lymphoblastoid Cell Microsomes Expressing Human CYP3A4)	46	SPECIES
in vitro (Human Leukemia Cells, CCRF-CEM)	46	SPECIES
in vitro (Hamster Ovary Cells)	46	SPECIES
in vitro (Human Endometrial Cancer Cells, Ishikawa)	46	SPECIES
in vitro (V79 Cells Expressing Rat UGT1A6)	46	SPECIES
in vitro (Human Lung Epithelium Cells, A549)	46	SPECIES
in vitro (Guinea Pig Small Intestine Homogenate)	46	SPECIES
in vitro (Hamster Kidney Microsomes)	45	SPECIES
Rat (TR- Strain)	45	SPECIES
in vitro (Baboon Liver Microsomes)	45	SPECIES
in vitro (Rat Hippocampus Homogenate)	45	SPECIES
in vitro (3T3-L1 Adipocytes)	45	SPECIES
in vitro (Human Monocytes)	45	SPECIES
in vitro (Rat Brain Membranes)	45	SPECIES
in vitro (Rat Liver S9 Fraction, Male)	45	SPECIES
in vitro (Rat Liver S9 Fraction, Female)	45	SPECIES
in vitro (Human Promyelocytic Leukemia Cells, HL-60)	45	SPECIES
in vitro (Guinea Pig Adrenal Microsomes)	45	SPECIES
in vitro (Guinea Pig Liver Perfusion)	45	SPECIES
Rat (Vitamin D-Deficient)	45	SPECIES
in vitro (V79 Cells Expressing Rat UGT2B1)	45	SPECIES
in vitro (Human Osteosarcoma Cells, MG-63)	45	SPECIES
in vitro (Rat Liver Homogenate, Diabetic)	44	SPECIES
Rat (Dietary Protein-Deficient)	44	SPECIES
in vitro (Bovine Liver Slices)	44	SPECIES
in vitro (Pig Testis Microsomes)	44	SPECIES
in vitro (Dog Kidney Cells, MDCK-II)	44	SPECIES
in vitro (Pig Liver Mitochondria)	44	SPECIES
Fish (Rainbow Trout)	44	SPECIES
in vitro (Ram Seminal Vesicle Microsomes)	44	SPECIES
Mouse (Bcrp1(-/-))	44	SPECIES
in vitro (Human Liver Microsomes and S9 Fraction)	44	SPECIES
in vitro (Rat Jejunum)	43	SPECIES
in vitro (HeLa Cells)	43	SPECIES
in vitro (Rat Skin Cytosol)	43	SPECIES
in vitro (Rat Adrenal Gland Cytosol)	43	SPECIES
in vitro (Pig Skin)	43	SPECIES
in vitro (Human Hepatocarcinoma Cells, Hep G2)	43	SPECIES
in vitro (Human Intestine Homogenate)	43	SPECIES
in vitro (Human Kidney HEK 293 Cells, Transfected)	43	SPECIES
in vitro (Rat Kidney Mitochondria)	43	SPECIES
in vitro (Rabbit Liver Cytochrome P450)	43	SPECIES
in vitro (Rat Muscle Homogenate)	43	SPECIES
in vitro (Caco-2 Cell Homogenate)	43	SPECIES
in vitro (Guinea Pig Kidney Homogenate)	43	SPECIES
in vitro (Rat Intestine)	42	SPECIES
in vitro (Human Lymphoblast Cells Expressing Human CYP2D6)	42	SPECIES
in vitro (Human Kidney 293 Cell Microsomes Expressing Human UGT1A1)	42	SPECIES
in vitro (COS-7 Cells, Transfected)	42	SPECIES
in vitro (Human Lymphoblast Cells, Transfected)	42	SPECIES
in vitro (Human Skin Microsomes)	42	SPECIES
in vitro (Mouse Liver Cytosol and Microsomes)	42	SPECIES
Channel Catfish	42	SPECIES
Fish (Larva)	42	SPECIES
in vitro (Rat Small Intestine Mucosa)	42	SPECIES
Chicken (Embryo)	42	SPECIES
Monkey (Female, Pregnant)	42	SPECIES
Mouse (Xpc Knockout)	42	SPECIES
in vitro (Hamster V79 Cells Expressing Human CYP1A1)	42	SPECIES
in vitro (Mouse Erythrocytes)	42	SPECIES
Lizard	42	SPECIES
in vitro (Human B-Lymphoblastoid Cells, Transfected)	41	SPECIES
in vitro (Human Kidney 293 Cells Expressing Monkey UGT2B9)	41	SPECIES
in vitro (Rat Brain Perfusion)	41	SPECIES
in vitro (Deer Liver Microsomes)	41	SPECIES
in vitro (Fish Gill Microsomes)	41	SPECIES
in vitro (Human Serum Albumin)	41	SPECIES
in vitro (Human Placenta)	41	SPECIES
in vitro (Rat Pancreas Homogenate)	41	SPECIES
in vitro (Escherichia coli)	41	SPECIES
in vitro (Human Leukemia Cells, U937)	41	SPECIES
in vitro (Mouse Kidney)	41	SPECIES
in vitro (HL-60 Cells)	41	SPECIES
in vitro (Mouse Skin Microsomes)	41	SPECIES
in vitro (Rat Lymphocytes)	41	SPECIES
in vitro (Rat Liver Microsomes, Phenobarbital Treated)	41	SPECIES
Rat (Neonatal)	41	SPECIES
in vitro (Rat Feces Supernatant)	41	SPECIES
in vitro (Human Adrenocortical Carcinoma Cells, H295R)	41	SPECIES
in vitro (Human Hepatocytes and Liver Stromal Cells, Cocultured)	41	SPECIES
in vitro (Rat Striatum Homogenate)	41	SPECIES
Porpoise	41	SPECIES
Polar Bear	41	SPECIES
in vitro (Mouse Heart Microsomes)	40	SPECIES
Human (Healthy)	40	SPECIES
in vitro (Pig Small Intestine Microsomes)	40	SPECIES
in vitro (Rat Stomach Homogenate)	40	SPECIES
Mouse (Mrp3(-/-))	40	SPECIES
in vitro (Guinea Pig Liver Slices)	40	SPECIES
in vitro (Human Testis Microsomes)	40	SPECIES
Baboon (Female, Pregnant)	40	SPECIES
Chicken (Vitamin D-Deficient)	40	SPECIES
in vitro (Human Pancreas Cancer Cells, Capan-2)	40	SPECIES
in vitro (Human Colorectal Adenocarcinoma Cells, Caco-2)	40	SPECIES
in vitro (Rabbit Blood)	39	SPECIES
in vitro (Dog)	39	SPECIES
in vitro (Human)	39	SPECIES
Camel	39	SPECIES
in vitro (COS-1 Cells Expressing Human UGT1A8)	39	SPECIES
Human (Tuberculosis Patients)	39	SPECIES
in vitro (Human Kidney 293 Cells Expressing Human UGT Isoenzymes)	39	SPECIES
in vitro (Caco-2 Cells, Monolayer)	39	SPECIES
Human (Heart Transplanted Patients)	39	SPECIES
in vitro (Human Lung)	39	SPECIES
in vitro (Guinea Pig Plasma)	39	SPECIES
in vitro (Hamster Cells, Embryonic)	39	SPECIES
in vitro (Rat Esophagus)	39	SPECIES
in vitro (Yeast, Transfected)	39	SPECIES
Mouse (Malaria Infected)	39	SPECIES
in vitro (Human Kidney 293 Cell Microsomes Expressing Rhesus Monkey UGT2B+	38	SPECIES
in vitro (Human Kidney Slices)	38	SPECIES
in vitro (Rat Liver Slices, Male)	38	SPECIES
in vitro (Rat Hepatocytes, Freshly Isolated)	38	SPECIES
in vitro (Human Liver Microsomes, Children)	38	SPECIES
in vitro (Human Skin Cytosol)	38	SPECIES
in vitro (Human B-Lymphoblastoid Cell Microsomes Expressing Human CYP2B6)	38	SPECIES
in vitro (Human Hepatocytes, 3D Cultured)	38	SPECIES
in vitro (Rat Esophagus Microsomes)	38	SPECIES
in vitro (Human Bronchial Epithelium Cells)	38	SPECIES
in vitro (Human Skin Keratinocytes)	38	SPECIES
Fish (Tilapia)	38	SPECIES
in vitro (Human Lymphoblast Cell Line CEM)	38	SPECIES
in vitro (Fish Kidney Supernatant)	38	SPECIES
in vitro (Guinea Pig Serum)	38	SPECIES
in vitro (Rat Liver Microsomes, Female, Ovariectomized)	37	SPECIES
in vitro (Rat Kidney Microsomes, Female)	37	SPECIES
in vitro (Cattle Hepatocytes)	37	SPECIES
in vitro (Rabbit Lung Homogenate)	37	SPECIES
in vitro (Sheep Hepatocytes)	37	SPECIES
in vitro (Rat Liver Microsomes, Diabetic)	37	SPECIES
in vitro (Rat Kidney Proximal Tubule Cells)	37	SPECIES
in vitro (COS-1 Cells Expressing Human UGT1A3)	37	SPECIES
in vitro (Human Lymphoblastoid Cell Microsomes Expressing Human CYP Isoen+	37	SPECIES
in vitro (Chicken Hepatocytes, Embryonic)	37	SPECIES
in vitro (Mouse Skin Post-Mitochondrial Fraction)	37	SPECIES
Human (Surgery Patients)	37	SPECIES
in vitro (Mouse Olfactory Mucosa Microsomes)	37	SPECIES
in vitro (Rat Adrenal Microsomes)	37	SPECIES
in vitro (Human Bronchoalveolar Cells, H358)	37	SPECIES
in vitro (Monkey Testis Microsomes)	37	SPECIES
in vitro (Mouse Kidney Supernatant)	37	SPECIES
in vitro (Mouse Brain Mitochondria)	37	SPECIES
in vitro (Hamster V79 Cells Expressing Human UGT)	36	SPECIES
Human (Young)	36	SPECIES
in vitro (Human Epidermis)	36	SPECIES
in vitro (Bovine Serum)	36	SPECIES
in vitro (Human Esophagus Microsomes)	36	SPECIES
in vitro (Fish Liver Post-Mitochondrial Fraction)	36	SPECIES
in vitro (Catfish Intestine Microsomes)	36	SPECIES
Mouse (Cyp1a1(-/-))	36	SPECIES
in vitro (Hamster V79 Cells Expressing Human CYP1B1)	36	SPECIES
in vitro (Rabbit Eye Cornea Homogenate)	36	SPECIES
in vitro (Dog Kidney Cells, MDCK-I)	36	SPECIES
in vitro (Human AHH-1 TK+/- Lymphoblastoid Cell Microsomes Expressing Hum+	36	SPECIES
in vitro (Rat Duodenum)	36	SPECIES
in vitro (COS-7 Cell Lysate Expressing Human CYP1A1)	36	SPECIES
in vitro (COS-7 Cell Lysate Expressing Human CYP1A2)	36	SPECIES
in vitro (COS-7 Cell Lysate Expressing Human CYP3A4)	36	SPECIES
in vitro (COS-7 Cell Lysate Expressing Human CYP3A5)	36	SPECIES
in vitro (Hamster Lung Slices)	36	SPECIES
Mouse (HT1080 Xenograft Bearing)	36	SPECIES
in vitro (Human Lymphoblast Cell Microsomes Expressing Human CYP2D6)	35	SPECIES
in vitro (Human B-Lymphoblastoid Cells Expressing Human CYP2C9)	35	SPECIES
in vitro (Dog Lung Microsomes)	35	SPECIES
in vitro (Human Breast Cancer Cells, ZR-75-1)	35	SPECIES
in vitro (Rat Hepatocytes, Monolayer)	35	SPECIES
in vitro (Cynomolgus Monkey Small Intestine Microsomes)	35	SPECIES
in vitro (Cynomolgus Monkey Hepatocytes, Cryopreserved)	35	SPECIES
Hamster (Male)	35	SPECIES
in vitro (Rat Intestine Mucosa Microsomes)	35	SPECIES
in vitro (Human Small Intestine S9 Fraction)	35	SPECIES
in vitro (Human Ileum Microsomes)	35	SPECIES
in vitro (Pig Lung Epithelium Cells)	35	SPECIES
Rat (Bile Duct Ligated)	35	SPECIES
in vitro (Rat Jejunum Microsomes)	35	SPECIES
in vitro (Mouse Tumor Cells)	35	SPECIES
in vitro (Human Myocardium)	35	SPECIES
in vitro (Rat Liver Cytosol, Female)	35	SPECIES
in vitro (Human Intestine Mucosa Cytosol)	35	SPECIES
in vitro (Pig Testis Leydig Cells)	35	SPECIES
in vitro (Rat Cortex Homogenate)	35	SPECIES
in vitro (Mouse Brain Supernatant)	35	SPECIES
in vitro (Rat Kidney Microsomes, Male)	34	SPECIES
in vitro (Human Lymphoblast Cell Microsomes Expressing Human CYP Isoenzym+	34	SPECIES
in vitro (Dog Liver)	34	SPECIES
in vitro (Human B-Lymphoblastoid Cell Microsomes Expressing Human CYP2C19+	34	SPECIES
Sheep (Fetal)	34	SPECIES
in vitro (Rat Tissue Homogenate)	34	SPECIES
Human (Adolescent)	34	SPECIES
in vitro (Rat Small Intestine Contents)	34	SPECIES
in vitro (Mouse)	34	SPECIES
in vitro (Rat Duodenum Homogenate)	34	SPECIES
in vitro (Rat Cecum Homogenate)	34	SPECIES
in vitro (Rat Colon Homogenate)	34	SPECIES
in vitro (Human Colon Microsomes)	34	SPECIES
Rat (Young)	34	SPECIES
in vitro (Rat Small Intestine Slices)	34	SPECIES
in vitro (Mouse Liver Microsomes, Cyp1a2(-/-))	34	SPECIES
in vitro (Rabbit Small Intestine Microsomes)	34	SPECIES
in vitro (Rat Colon Perfusion)	34	SPECIES
Pony (Female, Pregnant)	34	SPECIES
Cynomolgus Monkey (Female, Ovariectomized)	34	SPECIES
in vitro (Rat Pancreas)	34	SPECIES
in vitro (Rat Kidney Membranes)	34	SPECIES
in vitro (Rat Spleen)	33	SPECIES
in vitro (Hep G2 Cells Expressing Human CYP1A2)	33	SPECIES
in vitro (Human Lymphoblast Cells Expressing Human CYP3A4)	33	SPECIES
in vitro (Human Cytochrome P450)	33	SPECIES
in vitro (Human Kidney 293 Cells Expressing Human or Rat UDP-Glucuronosyl+	33	SPECIES
Frog	33	SPECIES
in vitro (Human Platelet Homogenate)	33	SPECIES
Rabbit (Bile Duct Cannulated)	33	SPECIES
in vitro (Rat Liver Cells, Clone 9)	33	SPECIES
Rat (Mrp2-Deficient)	33	SPECIES
in vitro (Human Liver Post-Mitochondrial Fraction)	33	SPECIES
Rat (TR- Strain, Bile Duct Cannulated)	33	SPECIES
in vitro (Mouse Cells, L1210)	33	SPECIES
in vitro (Rat Hepatocyte Microsomes)	33	SPECIES
in vitro (Human T-Lymphoblastoid Cells)	33	SPECIES
in vitro (Rat Lung S9 Fraction)	33	SPECIES
in vitro (Bovine Adrenal Cortex Homogenate)	33	SPECIES
in vitro (Suncus Murinus Kidney Microsomes)	33	SPECIES
in vitro (Human Platelet Cytosol)	33	SPECIES
in vitro (Rat Spleen Cytosol)	33	SPECIES
in vitro (HEK 293 Cell Microsomes Expressing Human UGT Isoenzymes)	33	SPECIES
in vitro (Rat Cytochrome P450)	33	SPECIES
in vitro (Rat Brain Astrocytes)	33	SPECIES
in vitro (Rabbit Liver Slices)	33	SPECIES
in vitro (Chicken Hepatocytes)	33	SPECIES
in vitro (Mouse Fibroblast Cells, NIH3T3)	33	SPECIES
in vitro (Chinese Hamster V79 Cells)	32	SPECIES
in vitro (Human Bilirubin UDP-Glucuronosyltransferase)	32	SPECIES
in vitro (Mouflon Liver Microsomes)	32	SPECIES
in vitro (Dog Small Intestine Microsomes)	32	SPECIES
Hamster (Female)	32	SPECIES
in vitro (Rat Liver Microsomes, Anaerobic Conditions)	32	SPECIES
in vitro (Rainbow Trout Liver Slices)	32	SPECIES
in vitro (Guinea Pig Lung Microsomes)	32	SPECIES
in vitro (Rat Feces Suspension)	32	SPECIES
in vitro (Dog Kidney Slices)	32	SPECIES
Pilot Whale	32	SPECIES
in vitro (Rat Intestine Mucosa Cytosol)	32	SPECIES
Fish (Female)	32	SPECIES
in vitro (Human Brain Microsomes)	31	SPECIES
in vitro (Human Neutrophil Blood Cells)	31	SPECIES
in vitro (Human B-Lymphoblastoid Cell Microsomes Expressing Human CYP2E1)	31	SPECIES
Rat (Hypertensive)	31	SPECIES
in vitro (Human Erythrocyte Membranes)	31	SPECIES
in vitro (Rat Aorta Homogenate)	31	SPECIES
in vitro (Fish Muscle Homogenate)	31	SPECIES
in vitro (Rat Liver Supernatant, Male)	31	SPECIES
in vitro (Rat Liver Perfusion, TR- Strain)	31	SPECIES
Horse (Female)	31	SPECIES
in vitro (Rat Everted Small Intestine Sac)	31	SPECIES
in vitro (Human Bronchial Epithelium Cells, BEAS-2B)	31	SPECIES
in vitro (Rat Hepatocytes, Female)	31	SPECIES
in vitro (Catfish Liver Microsomes)	31	SPECIES
in vitro (Human Hepatocellular Carcinoma Cells, Hep G2/C3A)	31	SPECIES
in vitro (Human Macrophages)	31	SPECIES
in vitro (Mouse Skin Cytosol)	31	SPECIES
Mouse (Transgenic, Expressing Human SULT1A1/2)	31	SPECIES
in vitro (Rat Testis Mitochondria)	31	SPECIES
in vitro (Dog Intestine Mucosa Microsomes)	31	SPECIES
in vitro (Dog Intestine Mucosa Cytosol)	31	SPECIES
in vitro (Mouse Myeloma Cells)	31	SPECIES
in vitro (Human Erythrocyte Ghosts)	31	SPECIES
in vitro (Human Fibroblasts, Virus Transformed)	31	SPECIES
Koala	31	SPECIES
Mouse (Human HCT 116 Tumor Bearing)	31	SPECIES
Human (Child, Overdosed)	30	SPECIES
in vitro (Calf Liver Microsomes)	30	SPECIES
in vitro (Human B-Lymphoblastoid Cells Expressing Human CYP2D6)	30	SPECIES
in vitro (Human B-Lymphoblastoid Cells Expressing Human CYP1A2)	30	SPECIES
in vitro (Rat Prostate Homogenate)	30	SPECIES
in vitro (Rat Liver Cytochrome P450)	30	SPECIES
in vitro (Human B-Lymphoblastoid Cell Microsomes Expressing Human CYP1A1)	30	SPECIES
in vitro (Guinea Pig Liver S9 Fraction)	30	SPECIES
in vitro (Human Hair)	30	SPECIES
in vitro (Human B-Lymphoblastoid Cell Microsomes Expressing Human CYP2A6)	30	SPECIES
Human (Hemodialysis Patients)	30	SPECIES
in vitro (Human Lung Parenchymal Cells)	30	SPECIES
in vitro (Ferret Liver Microsomes)	30	SPECIES
in vitro (Rat Leukocytes)	30	SPECIES
in vitro (Human Lymphoblast Cell Microsomes, Transfected)	30	SPECIES
in vitro (Rat Colon Slices)	30	SPECIES
in vitro (Seal Liver Microsomes)	30	SPECIES
in vitro (V79 Cells Expressing Human CYP1A1)	30	SPECIES
in vitro (Rat Liver Cytosol, Male)	30	SPECIES
in vitro (Mouse Lung S9 Fraction)	30	SPECIES
in vitro (Fish Brain Homogenate)	30	SPECIES
in vitro (Monkey Liver Microsomes, Female)	30	SPECIES
in vitro (Human Hepatoma Cells, HA22T/VGH)	30	SPECIES
in vitro (Pig Liver Cytosol and Microsomes)	30	SPECIES
in vitro (Human Intestine Cell Cytosol, Caco-2)	30	SPECIES
in vitro (Rat Pancreas Islets)	30	SPECIES
Bluegill Sunfish	30	SPECIES
Mouse (Abcb1ab(-/-))	30	SPECIES
in vitro (Mouse Small Intestine S9 Fraction)	30	SPECIES
in vitro (Chinese Hamster Lung Fibroblast V79-4 Cells Expressing Human CY+	30	SPECIES
in vitro (Human Blood Neutrophils)	29	SPECIES
in vitro (Guinea Pig Liver Supernatant)	29	SPECIES
in vitro (Mouse Liver Microsomes, Chimeric, Humanized Liver)	29	SPECIES
in vitro (Human Hepatocytes, Freshly Isolated)	29	SPECIES
Human (Hypertensive)	29	SPECIES
in vitro (Human Intestine Cell Homogenate, Caco-2)	29	SPECIES
in vitro (Human Colon Cancer Cells)	29	SPECIES
in vitro (Human Melanoma Cells)	29	SPECIES
in vitro (Monkey Hepatocytes, Cryopreserved)	29	SPECIES
in vitro (Mouse Testis Homogenate)	29	SPECIES
Mouse (AhR Knockout)	29	SPECIES
in vitro (V79 Cells Expressing Human CYP1A2)	29	SPECIES
in vitro (Human Hepatocyte Suspension)	29	SPECIES
Mouse (Abcc2(-/-))	29	SPECIES
in vitro (Rat Spleen Supernatant)	29	SPECIES
Goldfish	29	SPECIES
in vitro (Human Colon Adenocarcinoma Cells, HT-29)	29	SPECIES
in vitro (Monkey Liver Microsomes, Male)	29	SPECIES
in vitro (Rabbit Liver Mitochondria)	29	SPECIES
in vitro (Rat Cecum)	29	SPECIES
in vitro (Frog Embryo, Xenopus Laevis)	29	SPECIES
Mouse (Human Tumor Cells Implanted)	29	SPECIES
Rat (Bile Duct Exteriorized)	29	SPECIES
in vitro (Rat Intestine Slices)	28	SPECIES
Rat (Sprague-Dawley)	28	SPECIES
Mouse (Transgenic, Human CYP2D6)	28	SPECIES
Human (Sclerosis Patients)	28	SPECIES
in vitro (Pig Heart Microsomes)	28	SPECIES
in vitro (Human B-Lymphoblastoid Cells Expressing Human CYP2C19)	28	SPECIES
in vitro (Rat Lung Microsomes, Female)	28	SPECIES
in vitro (Turkey Liver Microsomes)	28	SPECIES
in vitro (HEK 293 Cells Expressing Human UGT1A9)	28	SPECIES
in vitro (Mouse Small Intestine Homogenate)	28	SPECIES
Human (Asthma Patients)	28	SPECIES
in vitro (Human Peripheral Blood Lymphocytes)	28	SPECIES
in vitro (Human Lymphoblast Cells Expressing Human CYP Isoenzymes)	28	SPECIES
in vitro (Dog Hepatocytes and Nonparenchimal Stromal Cells, Cocultured)	28	SPECIES
in vitro (Mouse Liver Microsomes, Female, Pregnant)	28	SPECIES
in vitro (Rat Small Intestine Mucosa Homogenate)	28	SPECIES
Fish (Embryo)	28	SPECIES
in vitro (Beluga Whale Liver Microsomes)	28	SPECIES
in vitro (Bird Liver Microsomes)	28	SPECIES
in vitro (Human Erythroleukemia Cells, K-562)	28	SPECIES
in vitro (Human Kidney Mitochondria)	28	SPECIES
in vitro (Human Colorectal Cancer Cells, HCT 116)	28	SPECIES
in vitro (Fish Kidney Microsomes)	28	SPECIES
Rat (Fasted)	28	SPECIES
in vitro (Rat Large Intestine Contents)	28	SPECIES
in vitro (Rat Liver Post-Nuclear Fraction)	28	SPECIES
in vitro (Rat Liver Fractions)	28	SPECIES
in vitro (Rat Cecum Flora)	28	SPECIES
in vitro (Mouse Fibroblast Cells, Embryonic, C3H10T1/2)	28	SPECIES
Rat (Acute Blood Stasis)	28	SPECIES
in vitro (Human B-Lymphoblastoid Cells Expressing Human CYP1A1)	27	SPECIES
in vitro (Hep G2 Cells Expressing Human CYP2C9)	27	SPECIES
in vitro (V79 Cell Homogenate Expressing Dog UGT1A6)	27	SPECIES
in vitro (V79 Cell Homogenate Expressing Human UGT1A6)	27	SPECIES
in vitro (Chimpanzee Liver Microsomes)	27	SPECIES
in vitro (Human Kidney 293 Cells Expressing Human UGT2B7Y)	27	SPECIES
in vitro (Human Kidney 293 Cells Expressing Human UGT2B7H)	27	SPECIES
in vitro (Human Jejunum Cytosol)	27	SPECIES
in vitro (Hep G2 Cells, Transfected)	27	SPECIES
in vitro (Horse Lung S9 Fraction)	27	SPECIES
in vitro (Liver Microsomes)	27	SPECIES
in vitro (Rat Liver Microsomes, beta-Naphthoflavone Treated)	27	SPECIES
Ferret	27	SPECIES
in vitro (Mouse Thymus Homogenate)	27	SPECIES
in vitro (Human Liver Carcinoma Cells, Hep G2)	27	SPECIES
in vitro (Rat Liver Microsomes, Female, Immature)	27	SPECIES
in vitro (Rat Lung Cells)	27	SPECIES
Rat (Female, Immature)	27	SPECIES
in vitro (Mouse Nasal Mucosa Cytosol)	27	SPECIES
in vitro (Pig Kidney Mitochondria)	27	SPECIES
in vitro (Chinese Hamster Lung Fibroblast Cells, V79)	27	SPECIES
in vitro (Goat Lung Microsomes)	27	SPECIES
Human (Cholecystectomized)	27	SPECIES
in vitro (Human Ileum Carcinoma HCT-8 Cells)	27	SPECIES
in vitro (Rhesus Monkey Hepatocytes)	27	SPECIES
Rat (Mature)	27	SPECIES
in vitro (Bovine Hepatocytes)	26	SPECIES
in vitro (Human B-Lymphoblastoid Cells Expressing Human CYP2B6)	26	SPECIES
in vitro (Hep G2 Cells Expressing Human CYP3A5)	26	SPECIES
Human (Cystic Fibrosis Patients)	26	SPECIES
Human (Children, Malaria Patients)	26	SPECIES
Mouse (Hepatic Reductase-Null)	26	SPECIES
in vitro (Rat Liver Microsomes, Wistar)	26	SPECIES
in vitro (Rat Liver Extract)	26	SPECIES
in vitro (Hep G2 Cell Cytosol)	26	SPECIES
in vitro (Human Lymphoblastoid Cell Microsomes Expressing Human CYP2C19)	26	SPECIES
Rat (Eisai Hyperbilirubinemic Mutant)	26	SPECIES
in vitro (Mouse Heart Homogenate)	26	SPECIES
in vitro (Rat Testes)	26	SPECIES
in vitro (Human Liver Microsomes, Diabetic Patients)	26	SPECIES
Human (Smoker, Passive)	26	SPECIES
in vitro (Cunninghamella elegans)	26	SPECIES
in vitro (Mouse Bone Marrow Homogenate)	26	SPECIES
in vitro (Human Bone Marrow)	26	SPECIES
in vitro (Human Hepatoma Cells, Hep 3B)	26	SPECIES
in vitro (Cynomolgus Monkey Liver Slices)	26	SPECIES
in vitro (Bovine Olfactory Mucosa Microsomes)	26	SPECIES
in vitro (Human Liver Microsomes, Adult)	26	SPECIES
Mouse (Cyp1a2 Knockout)	26	SPECIES
Squirrel Monkey	26	SPECIES
in vitro (Human Endometrial Cancer Cells, HEC-1-A)	26	SPECIES
in vitro (Human Mammary Epithelium Cells, MCF-10A)	26	SPECIES
Human (Hematopoietic Cell Transplanted Patients)	26	SPECIES
in vitro (Human Erythrocyte Hemolysate)	26	SPECIES
in vitro (Guinea Pig Blood)	26	SPECIES
Human (Fasted)	26	SPECIES
Mouse (Transgenic, Mouse Cyp1a2(-/-), Human CYP1A2(+/+))	26	SPECIES
Human (Huntington's Disease Patients)	26	SPECIES
in vitro (Rat Large Intestine Homogenate)	26	SPECIES
in vitro (Human Lymphoma Cells, U937)	26	SPECIES
in vitro (Mouse Kidney Post-Mitochondrial Fraction)	26	SPECIES
in vitro (Rat Uterus Stromal Cells)	26	SPECIES
in vitro (Rat Large Intestine TNB Colitis Homogenate)	26	SPECIES
in vitro (Human Duodenum Juice)	26	SPECIES
Rat (Male, Sham-Operated)	26	SPECIES
Rat (Female, Sham-Operated)	26	SPECIES
in vitro (Human Liver Fractions)	26	SPECIES
Patas Monkey	26	SPECIES
in vitro (Human B-Lymphoblastoid Cells Expressing Human CYP2A6)	25	SPECIES
Sheep (Female)	25	SPECIES
in vitro (Mouse Liver Microsomes, Cytb5(-/-))	25	SPECIES
in vitro (Mouse Liver Microsomes, Cytochrome P450 Reductase-Null)	25	SPECIES
in vitro (Hep G2 Cells Expressing Human CYP Isoenzymes)	25	SPECIES
in vitro (Rat Hepatocytes, Immobilized)	25	SPECIES
in vitro (Human Hepatocytes, Immobilized)	25	SPECIES
in vitro (COS-1 Cell Homogenate, Transfected)	25	SPECIES
Human (Moderate Hepatic Impairment Patients)	25	SPECIES
in vitro (Koala Liver Microsomes)	25	SPECIES
in vitro (Mouse Kidney Microsomes, Male)	25	SPECIES
in vitro (Mouse Kidney Microsomes, Female)	25	SPECIES
in vitro (Human Duodenum Cytosol)	25	SPECIES
in vitro (Mouse Mammary Carcinoma Cells, EMT6)	25	SPECIES
in vitro (Human Cells)	25	SPECIES
in vitro (Human Colorectal Carcinoma Cells, HCT 116)	25	SPECIES
in vitro (Human Prostate)	25	SPECIES
Human (Intermediate Metabolizer)	25	SPECIES
in vitro (Mouse Hepatocytes, Cryopreserved)	25	SPECIES
in vitro (Rat Duodenum Perfusion)	25	SPECIES
in vitro (Rhesus Monkey Plasma)	25	SPECIES
in vitro (Rat Brain, Fetal)	25	SPECIES
Human (Colorectal Cancer Patients)	25	SPECIES
Rhesus Monkey (Female, Pregnant)	25	SPECIES
in vitro (Guinea Pig Brain Homogenate)	25	SPECIES
in vitro (Human Breast Cancer MDA-MB-231 Cells)	25	SPECIES
in vitro (Human Breast Cancer Cells, BT-20)	25	SPECIES
in vitro (Rat Nasal Microsomes)	25	SPECIES
in vitro (Wallaby Testes, Young)	25	SPECIES
in vitro (Human Prostate Cancer Cells)	25	SPECIES
in vitro (Pig Plasma)	25	SPECIES
in vitro (Rat Ileum and Jejunum Perfusion)	25	SPECIES
in vitro (Rat Jejunum S9 Fraction)	25	SPECIES
in vitro (Human Lung Cancer Cells, H1299)	25	SPECIES
in vitro (Mouse Melanoma Cells, B16)	25	SPECIES
in vitro (Human Monocyte Cells, U937)	25	SPECIES
in vitro (Human Cells, U937)	25	SPECIES
in vitro (Bovine Aorta Endothelial Cells)	25	SPECIES
in vitro (Rat Feces Homogenate)	25	SPECIES
in vitro (Rat Brain Neurons)	25	SPECIES
in vitro (Human AHH TK-1 +/- Cell Microsomes Expressing Human CYP1A1)	25	SPECIES
Mouse (Transgenic, Cyp1a1/1a2(-/-), Human CYP1A1/1A2)	25	SPECIES
Mouse (Cyp1a1/1a2(-/-))	25	SPECIES
Mouse (Oatp1a1-Null)	25	SPECIES
in vitro (Human T4-Lymphoblastoid Cells, CEM-SS)	25	SPECIES
Rat (Chronic Kidney Disease-Induced)	25	SPECIES
in vitro (Human Lymphoblast Cell Microsomes Expressing Human CYP2C9)	24	SPECIES
in vitro (Human B-Lymphoblastoid Cells Expressing Human CYP2E1)	24	SPECIES
in vitro (Human Hepatocarcinoma Cells, HepaRG)	24	SPECIES
in vitro (Mouse Brain Cytosol)	24	SPECIES
Human (Multiple Myeloma Patients)	24	SPECIES
in vitro (Rat Ileum)	24	SPECIES
in vitro (Human Kidney 293 Cell Microsomes Expressing Monkey UGT1A01)	24	SPECIES
Human (Kidney Transplanted Patients, Diabetic)	24	SPECIES
in vitro (Rat Liver Slices, Female)	24	SPECIES
in vitro (Rat Hepatocytes, Suspension)	24	SPECIES
in vitro (Monkey Hepatocyte Homogenate)	24	SPECIES
in vitro (Mouse Brain Microsomes)	24	SPECIES
Chimpanzee	24	SPECIES
in vitro (Cunninghamella echinulata)	24	SPECIES
in vitro (Human Gastric Juice)	24	SPECIES
in vitro (Rat Jejunum Homogenate)	24	SPECIES
in vitro (Guinea Pig Liver)	24	SPECIES
in vitro (Marmoset Monkey Liver Microsomes)	24	SPECIES
in vitro (Vero Cells)	24	SPECIES
in vitro (Human Monocytes, Hepatic Differentiated)	24	SPECIES
in vitro (Rat Liver Supernatant, Female)	24	SPECIES
in vitro (Rat Liver Slices, Cryopreserved)	24	SPECIES
in vitro (Human Kidney Adenocarcinoma Cells, ACHN)	24	SPECIES
Human (Psoriasis Patients)	24	SPECIES
in vitro (Rat Liver Microsomes, Neonatal)	24	SPECIES
in vitro (Human Colon Mucosa)	24	SPECIES
in vitro (Mouse Macrophage Cells, J774A.1)	24	SPECIES
in vitro (Mouse Liver and Kidney Mitochondria)	24	SPECIES
in vitro (Rat Aorta Smooth Muscle Cells)	24	SPECIES
in vitro (Human Bronchiole Epithelium Cells)	24	SPECIES
in vitro (Rat Glioma Cells, C6)	24	SPECIES
in vitro (Human Breast Cancer MCF-7 Cells Expressing Human Aromatase)	24	SPECIES
Horse (Male, Castrated)	24	SPECIES
in vitro (Rat Cerebellum Homogenate)	24	SPECIES
in vitro (HEKK Cells, Transfected)	24	SPECIES
in vitro (HEKK Cells)	24	SPECIES
in vitro (Fish Gill Homogenate)	24	SPECIES
Mouse (Mammary Adenocarcinoma Implanted)	24	SPECIES
Guinea Pig (Bile Duct Cannulated)	24	SPECIES
in vitro (Rabbit Eye Lens Homogenate)	24	SPECIES
in vitro (Cattle Adrenal Gland Chromaffin Cells)	24	SPECIES
Rat (Hepatic Encephalopathy-Induced)	24	SPECIES
Fish (Salmon)	24	SPECIES
Mouse (Human A549 Xenograft Bearing)	24	SPECIES
in vitro (Hamster Kidney Cytosol)	23	SPECIES
in vitro (Hamster V79 Cells Expressing Human UGT2B7)	23	SPECIES
in vitro (Human Hepatoma Cell Microsomes, Hep G2)	23	SPECIES
in vitro (Rat Liver Microsomes, Fetal)	23	SPECIES
in vitro (Mouse Liver Microsomes, Cytochrome b5-Null)	23	SPECIES
in vitro (Human Kidney Cortex Microsomes)	23	SPECIES
in vitro (Human B-Lymphoblastoid Cell Microsomes Expressing Human CYP2D6-+	23	SPECIES
Human (Premature Neonatal)	23	SPECIES
in vitro (Rat Lung Microsomes, Male)	23	SPECIES
in vitro (Fish Liver Microsomes, Male)	23	SPECIES
in vitro (Fish Liver Microsomes, Female)	23	SPECIES
in vitro (Possum Liver Microsomes)	23	SPECIES
Human (HCV Infected Patients)	23	SPECIES
in vitro (Pig Kidney Epithelium Cells, LLC-PK1)	23	SPECIES
in vitro (Rat Jejunum Mucosa)	23	SPECIES
in vitro (Sheep Seminal Vesicle Microsomes)	23	SPECIES
in vitro (Dog Kidney S9 Fraction)	23	SPECIES
in vitro (Mouse Hepatoma Cells)	23	SPECIES
in vitro (Mouse Hepatoma Cells, Hepa-1)	23	SPECIES
Human (Female, Non-Smoker)	23	SPECIES
in vitro (Human Small Intestine Homogenate)	23	SPECIES
in vitro (Rat Everted Intestine Sac)	23	SPECIES
in vitro (Hamster V79 Cells Expressing Human UGT1A9)	23	SPECIES
in vitro (Hamster V79 Cells Expressing Human UGT1A6)	23	SPECIES
in vitro (Human Kidney 293 Cell Microsomes Expressing Human UGT Isoenzyme+	23	SPECIES
in vitro (Human Mammary Epithelium Cells)	23	SPECIES
Mouse (Cyp2e1(-/-))	23	SPECIES
in vitro (Mouse Liver Microsomes, Neonatal)	23	SPECIES
in vitro (Pig Liver Supernatant)	23	SPECIES
in vitro (Human AHH-1 TK+/- Cell Microsomes Expressing Human CYP3A4)	23	SPECIES
in vitro (Human Testis Homogenate)	23	SPECIES
in vitro (Rat Hippocampus)	23	SPECIES
in vitro (Rat Cerebellum)	23	SPECIES
in vitro (Hamster Liver Perfusion)	23	SPECIES
in vitro (Rat Adrenal Pheochromocytoma Cells, PC-12)	23	SPECIES
Mouse (Hairless)	23	SPECIES
in vitro (Hamster Lung)	23	SPECIES
in vitro (Mouse Lung Airways)	23	SPECIES
in vitro (Human Polymorphonuclear Leukocyte Homogenate)	23	SPECIES
in vitro (Rat Kidney Cortex Microsomes)	23	SPECIES
Cynomolgus Monkey (Male)	23	SPECIES
in vitro (Human Cervix Cancer Cells, HeLa)	23	SPECIES
in vitro (Pig Kidney Microvillar Membranes)	23	SPECIES
in vitro (Guinea Pig Kidney Microsomes)	22	SPECIES
in vitro (Rat Testis Leydig Cells)	22	SPECIES
in vitro (Horseradish Peroxidase)	22	SPECIES
in vitro (Monkey Kidney Microsomes)	22	SPECIES
in vitro (Rat Intestine Supernatant)	22	SPECIES
in vitro (Hep G2 Cells Expressing Human CYP2C8)	22	SPECIES
in vitro (Hep G2 Cells Expressing Human CYP2E1)	22	SPECIES
in vitro (Hamster V79 Cells Expressing Dog UGT2B31)	22	SPECIES
in vitro (Mouse Small Intestine Cytosol)	22	SPECIES
in vitro (Human Ileum S9 Fraction)	22	SPECIES
in vitro (Human B-Lymphoblastoid Cells Expressing Human CYP2C8)	22	SPECIES
in vitro (Hep G2 Cells Expressing Human CYP2B6)	22	SPECIES
in vitro (Mouse Liver Microsomes, Carnitine-Deficient)	22	SPECIES
Mouse (Chimeric, Rat Liver)	22	SPECIES
in vitro (Guinea Pig)	22	SPECIES
in vitro (Human Hemolysate)	22	SPECIES
Marmoset Monkey	22	SPECIES
in vitro (Human Intestine Cells, Caco-2, Monolayer)	22	SPECIES
Human (Lung Transplanted Patients)	22	SPECIES
in vitro (Rat Duodenum Microsomes)	22	SPECIES
in vitro (Human Small Intestine Slices)	22	SPECIES
in vitro (Rat Pancreas Cells)	22	SPECIES
in vitro (Rat Liver Membranes)	22	SPECIES
in vitro (Mouse Mammary Epithelium Cells)	22	SPECIES
in vitro (Rat Liver Epithelium Cells, F258)	22	SPECIES
in vitro (Rat Pancreas Microsomes)	22	SPECIES
in vitro (Human Bladder Carcinoma Cells, T24)	22	SPECIES
in vitro (Human Placenta Mitochondria)	22	SPECIES
in vitro (Human Breast Carcinoma Cells)	22	SPECIES
Human (Female, Pregnant, Smoker)	22	SPECIES
in vitro (Pig Intestine Microsomes)	22	SPECIES
in vitro (Chinese Hamster Ovary Cells)	22	SPECIES
in vitro (Human Keratinocytes, Neonatal)	22	SPECIES
in vitro (Cow Rumen Fluid)	22	SPECIES
in vitro (Rat Brain Synaptosome Membranes)	22	SPECIES
in vitro (Rat Hepatoma Cells, AS-30D)	22	SPECIES
Human (Fed)	22	SPECIES
in vitro (Human Liver S9 Fraction, Female)	22	SPECIES
in vitro (Mouse Intestine S9 Fraction)	22	SPECIES
Human (Cannabis Abuser)	22	SPECIES
in vitro (Human Lung Cells)	22	SPECIES
in vitro (Rat Colon)	22	SPECIES
in vitro (Rat Mouth Cells)	22	SPECIES
in vitro (Syrian Hamster Liver Microsomes)	22	SPECIES
in vitro (Pig Hepatocytes, Newborn)	22	SPECIES
Pig (Male)	22	SPECIES
Pig (Female)	22	SPECIES
in vitro (Rat Small Intestine Mucosa Cytosol and Microsomes)	22	SPECIES
in vitro (Chicken Intestine Contents)	22	SPECIES
in vitro (Pig Intestine Contents)	22	SPECIES
in vitro (Rabbit Kidney Homogenate)	21	SPECIES
in vitro (Marmoset Kidney Microsomes)	21	SPECIES
in vitro (Rat Stomach Cytosol)	21	SPECIES
in vitro (Rat Uterus)	21	SPECIES
in vitro (Human Liver Microsomes, Caucasian)	21	SPECIES
in vitro (Human Liver Microsomes, Japanese)	21	SPECIES
in vitro (Frog Liver Microsomes)	21	SPECIES
in vitro (Sheep Liver Cytosol)	21	SPECIES
in vitro (Human Colon Adenocarcinoma Cells)	21	SPECIES
in vitro (Human Endothelial Cells, EA.hy926)	21	SPECIES
in vitro (Pig Intestine Perfusion)	21	SPECIES
Human (Child, Survived)	21	SPECIES
Human (Child, Deceased)	21	SPECIES
in vitro (Hamster V79 Cells, Transfected)	21	SPECIES
in vitro (Human Leukemia NB4 Cells)	21	SPECIES
in vitro (Human Heart Cytosol)	21	SPECIES
in vitro (Human Prostate Carcinoma Cells, PC-3)	21	SPECIES
in vitro (Human Lymphoblast Cells Expressing Human CYP2A6)	21	SPECIES
in vitro (Rat Liver Parenchymal Cells)	21	SPECIES
in vitro (Mouse Fibroblasts, Embryonic)	21	SPECIES
in vitro (Mouse Bone Marrow Cells)	21	SPECIES
Mouse (Adult)	21	SPECIES
in vitro (Human Lymphoblast Cells Expressing CYP3A4)	21	SPECIES
in vitro (Human Brain Homogenate)	21	SPECIES
in vitro (Fish Gills)	21	SPECIES
in vitro (Dog Serum)	21	SPECIES
in vitro (Rat Hippocampus Slices)	21	SPECIES
in vitro (Human MCF-7 Cells)	21	SPECIES
in vitro (Human Breast Epithelium Cells, MCF-10A, KEAP1 Knockdown)	21	SPECIES
Mouse (Human Prostate PC-3 Tumor Bearing)	21	SPECIES
in vitro (Human Pancreas Homogenate)	21	SPECIES
in vitro (COS-7 Cell Microsomes Expressing Human UGT1A3)	21	SPECIES
in vitro (Human Prostate Homogenate)	21	SPECIES
in vitro (Human Neuroblastoma Cells)	21	SPECIES
Rat (Gastrointestinal Tract Cannulated)	21	SPECIES
in vitro (Mouse Microglia Cells, BV2)	21	SPECIES
Dog (Beagle)	21	SPECIES
in vitro (Human Cells, MT-4)	21	SPECIES
in vitro (Human T-Lymphocyte CEM Cells)	21	SPECIES
in vitro (Rat Brain Schwann Cells)	21	SPECIES
in vitro (Rat Adrenal Mitochondria)	21	SPECIES
in vitro (Rat Hepatocytes, 3D Cultured)	21	SPECIES
in vitro (Monkey Liver Mitochondria)	21	SPECIES
in vitro (Human T-Lymphoblastoid CEM Cells)	21	SPECIES
in vitro (Rat Testis Sertoli Cells)	21	SPECIES
in vitro (Human Granulocytes)	21	SPECIES
Rat (Female, Ovariectomized and Adrenalectomized)	21	SPECIES
in vitro (Mouse Cecum Contents)	21	SPECIES
Fish (Atlantic Cod)	21	SPECIES
in vitro (Rat Brain Synaptosomal (P2) Membranes)	21	SPECIES
in vitro (Human Colon Adenocarcinoma Cells, BE, Transfected)	21	SPECIES
in vitro (Rabbit Tissue Homogenate)	20	SPECIES
in vitro (Rat Small Intestine Supernatant)	20	SPECIES
in vitro (Human Liver Epithelium Cells, Transfected)	20	SPECIES
in vitro (Monkey Lung Microsomes)	20	SPECIES
in vitro (Rat Liver Lysosomes)	20	SPECIES
in vitro (Rat Brain Slices)	20	SPECIES
Mouse (TK-NOG, Chimeric, Humanized Liver)	20	SPECIES
in vitro (Rat Colon Contents)	20	SPECIES
in vitro (Squirrel Monkey Hepatocytes)	20	SPECIES
in vitro (Pig Respiratory Mucosa Microsomes)	20	SPECIES
Human (Arthritis Patients)	20	SPECIES
in vitro (Bird Liver Microsomes, Pheasant)	20	SPECIES
in vitro (Mouse Liver Microsomes, C57BL/6)	20	SPECIES
in vitro (Human B-Lymphoblastoid Cells)	20	SPECIES
in vitro (Human Placenta Supernatant)	20	SPECIES
in vitro (Human Kidney Homogenate)	20	SPECIES
in vitro (Caco-2 Cells, Clone TC7)	20	SPECIES
in vitro (Human Lymphoblastoid Cell Microsomes Expressing Human CYP2D6)	20	SPECIES
Mouse (Transgenic)	20	SPECIES
in vitro (Hen Liver Microsomes)	20	SPECIES
in vitro (Rat Liver Microsomes, Gunn)	20	SPECIES
in vitro (Rat Aorta Microsomes)	20	SPECIES
in vitro (Rabbit Intestine Microsomes)	20	SPECIES
in vitro (Fish Intestine Microsomes)	20	SPECIES
in vitro (Human Hepatocytes, Female)	20	SPECIES
in vitro (Rat Prostate Microsomes)	20	SPECIES
in vitro (Rat Uterus Microsomes)	20	SPECIES
in vitro (Rat Lung Mitochondria)	20	SPECIES
in vitro (Rat Large Intestine Microsomes)	20	SPECIES
in vitro (Human Colon Carcinoma Cells, SW-620)	20	SPECIES
in vitro (Mouse Colon Epithelium Cells)	20	SPECIES
in vitro (Rat Peritoneal Macrophages)	20	SPECIES
in vitro (Mouse Intestine)	20	SPECIES
in vitro (Rat Kidney Distal Tubule Cells)	20	SPECIES
Rat (Jugular Vein Cannulated)	20	SPECIES
Duck	20	SPECIES
in vitro (Mouse Lung Perfusion)	20	SPECIES
in vitro (Rat Small Intestine Mucosa Microsomes)	20	SPECIES
in vitro (Hamster Liver Microsomes, Male)	20	SPECIES
in vitro (Human Choriocarcinoma Cells, JEG-3)	20	SPECIES
in vitro (Calf Thymus DNA)	20	SPECIES
in vitro (Ad293 Cells Expressing Human CYP3A4)	20	SPECIES
in vitro (Ad293 Cells Expressing Human CYP Isoenzymes)	20	SPECIES
Mouse (Transgenic, Human SULT1A1/2)	20	SPECIES
in vitro (Rat Hippocampus Supernatant)	20	SPECIES
in vitro (Chicken Liver Cytosol)	20	SPECIES
in vitro (Fish Muscle)	20	SPECIES
in vitro (Human Leukemia Tmolt4 Cells)	20	SPECIES
in vitro (Fish Heart Microsomes)	20	SPECIES
in vitro (Rabbit Aorta Homogenate)	20	SPECIES
in vitro (Mouse Fibroblasts)	20	SPECIES
in vitro (Mouse RIF-1 Tumor Cells, Cultured)	20	SPECIES
in vitro (Opossum Kidney Cells)	20	SPECIES
in vitro (Human Keratinocytes, HPK1A)	20	SPECIES
in vitro (Pig Hepatocytes, Male)	20	SPECIES
in vitro (Monkey Kidney S9 Fraction)	20	SPECIES
in vitro (Human AHH-1 TK+/- Cell Microsomes Expressing Human CYP Isoenzym+	20	SPECIES
in vitro (Guinea Pig Ileum Membranes)	20	SPECIES
in vitro (Fish Cells)	20	SPECIES
in vitro (Dog Liver Hepatocytes)	20	SPECIES
Mouse (Neu)	20	SPECIES
in vitro	19	SPECIES
in vitro (Rabbit Intestine Homogenate)	19	SPECIES
in vitro (Human Lymphoblast Cell Microsomes Expressing Human CYP1A1)	19	SPECIES
in vitro (Goat Hepatocytes)	19	SPECIES
in vitro (Mouse Colon Cytosol)	19	SPECIES
in vitro (Rat Vagina)	19	SPECIES
Human (Female, Pregnant, Malaria Patients)	19	SPECIES
in vitro (Monkey Jejunum Microsomes)	19	SPECIES
in vitro (Human Hepatocyte Microsomes)	19	SPECIES
in vitro (Rat Stomach)	19	SPECIES
in vitro (Sheep Plasma)	19	SPECIES
in vitro (Human Kidney HK293 Cell Microsomes, Embryonic, Transfected)	19	SPECIES
in vitro (Human Duodenum Mucosa)	19	SPECIES
Human (Japanese)	19	SPECIES
in vitro (Rat Hepatocyte Cytosol)	19	SPECIES
in vitro (Human Colorectal Carcinoma Cells)	19	SPECIES
in vitro (Human Hepatocytes, iPSC-Derived)	19	SPECIES
Mouse (Nrf2-Null)	19	SPECIES
in vitro (Human AHH-1 TK+/- Cell Microsomes Expressing Human CYP2D6)	19	SPECIES
in vitro (Mouse Adrenal Homogenate)	19	SPECIES
in vitro (Human Leukemia CEM Cells)	19	SPECIES
in vitro (Human Acute Lymphoblastic Leukemia Cells, CCRF-CEM)	19	SPECIES
in vitro (HT-29 Cells)	19	SPECIES
in vitro (Hamster Lung Fibroblast Cells, V79, Transfected)	19	SPECIES
in vitro (Hamster Pancreas Cells)	19	SPECIES
in vitro (Guinea Pig Skin)	19	SPECIES
in vitro (Human Adenocarcinoma Cells)	19	SPECIES
in vitro (Mouse Fibroblast Cells, C3H10T1/2)	19	SPECIES
in vitro (Human Colon Cells, Caco-2)	19	SPECIES
in vitro (Mouse Ovary Microsomes)	19	SPECIES
in vitro (Hamster Liver S9 Fraction)	19	SPECIES
in vitro (Human Bronchoalveolar H358 Cells)	19	SPECIES
in vitro (Rat Intestine Epithelium Cells)	19	SPECIES
in vitro (Rat Cerebellum Supernatant)	19	SPECIES
in vitro (Human Kidney Proximal Tubule Epithelium Cells)	19	SPECIES
Pig (Female, Pregnant)	19	SPECIES
Mouse (IE-Cpr-Null)	19	SPECIES
in vitro (Human Kidney 293 Cell Microsomes Expressing Human UGT1A3)	19	SPECIES
in vitro (Human Breast Cancer Cells, MDA-MB-468)	19	SPECIES
in vitro (Rat Hypothalamus Homogenate)	19	SPECIES
in vitro (Human Endometrial Adenocarcinoma Cells, Ishikawa)	19	SPECIES
in vitro (Ad293 Cells)	19	SPECIES
Mouse (Esterase-Deficient)	19	SPECIES
in vitro (Pig Liver S9 Fraction)	19	SPECIES
in vitro (Mouse Adrenal Cells, Y-1)	19	SPECIES
in vitro (Rabbit Kidney Slices)	19	SPECIES
in vitro (Human Kidney 293 Cell Microsomes Expressing Human UGT1A9)	19	SPECIES
in vitro (Human Retinoblastoma Y79 Cells)	19	SPECIES
in vitro (Mouse Neuroblastoma N18TG2 Cells)	19	SPECIES
in vitro (Human Cardiomyocytes, RL-14)	19	SPECIES
in vitro (Hamster V79 Cells Expressing Rat CYP1A2)	19	SPECIES
in vitro (Rabbit Liver Dihydrodiol Dehydrogenase)	19	SPECIES
in vitro (Human Colon Carcinoma DLD-1 Cells)	19	SPECIES
Mouse (Human Daudi Burkitt Lymphoma Xenograft Bearing)	19	SPECIES
in vitro (Rat Stomach Supernatant)	18	SPECIES
in vitro (Human Pancreas Cytosol)	18	SPECIES
Rat (Arthritic)	18	SPECIES
in vitro (Cynomolgus Monkey Intestine Microsomes)	18	SPECIES
in vitro (Rat Liver Homogenate, Male)	18	SPECIES
Mouse (Cyp3a-Null)	18	SPECIES
Mouse (Keap1 Knockdown)	18	SPECIES
in vitro (Mouse Spleen)	18	SPECIES
in vitro (Human Lung Cancer Cells)	18	SPECIES
in vitro (Human Myocardium Cytosol)	18	SPECIES
in vitro (Rat Liver, Male, Castrated)	18	SPECIES
in vitro (Rhesus Monkey Liver Slices)	18	SPECIES
in vitro (Mouse Lung Slices)	18	SPECIES
in vitro (Rat Liver Microsomes, Female, Mature)	18	SPECIES
in vitro (H-4-II-E Cells)	18	SPECIES
in vitro (Bird Liver Microsomes, Quail)	18	SPECIES
Human (End-Stage Renal Disease Patients)	18	SPECIES
in vitro (Rat Olfactory Microsomes)	18	SPECIES
Guinea Pig (Female, Pregnant)	18	SPECIES
in vitro (Trout Liver Microsomes)	18	SPECIES
Human (Gilbert's Syndrome Patients)	18	SPECIES
in vitro (Human Lymphoblast Cells Expressing CYP2D6)	18	SPECIES
in vitro (Human Kidney 293 Cell Microsomes Expressing Human UGT1A8)	18	SPECIES
in vitro (Rat Vascular Smooth Muscle Cells)	18	SPECIES
in vitro (HeLa Cells, Transfected)	18	SPECIES
Mouse (Mdr1a/1b(-/-))	18	SPECIES
in vitro (Pig Hepatocytes, Sandwich-Cultured)	18	SPECIES
in vitro (Human Breast Carcinoma Cells, MDA-MB-231)	18	SPECIES
in vitro (Frog Ovary Follicles)	18	SPECIES
in vitro (Human Bladder Carcinoma Cells)	18	SPECIES
in vitro (H9 Cells, Cultured)	18	SPECIES
in vitro (Human Pancreas Cancer Cells, ASPC-1)	18	SPECIES
in vitro (Rat Blood Cells)	18	SPECIES
in vitro (Human Prostate Cancer Cells, VCaP)	18	SPECIES
in vitro (Hamster Lung Fibroblasts)	18	SPECIES
in vitro (Rat Ileum S9 Fraction)	18	SPECIES
Mouse (SH-SY5Y Xenograft Bearing)	18	SPECIES
Hamster (Female, Pregnant)	18	SPECIES
in vitro (Human Lymphocyte CEM Cells)	18	SPECIES
Human (Female, Pregnant, HIV Infected Patients)	18	SPECIES
in vitro (HEK 293 Cell Homogenate Expressing Human UGT Isoenzymes)	18	SPECIES
in vitro (Rat Cerebral Cortex Homogenate)	18	SPECIES
in vitro (Rat Cardiomyocytes, H9c2)	18	SPECIES
in vitro (Pony Placenta)	18	SPECIES
in vitro (Pony Endometrium, Female, Pregnant)	18	SPECIES
in vitro (Pony Liver, Fetal)	18	SPECIES
in vitro (Pony Liver, Female, Pregnant)	18	SPECIES
Mouse (Transgenic, Expressing Human Ornithine Decarboxylase Gene)	18	SPECIES
in vitro (Moose Liver Microsomes)	18	SPECIES
in vitro (PC-12 Cells, Cultured)	18	SPECIES
in vitro (Mouse Hepatoma Hepa 1c1c7 Cells, Transfected)	18	SPECIES
Rat (SERT Knockout)	18	SPECIES
in vitro (Rat Liver Microsome S9 Fraction)	18	SPECIES
in vitro (Mouse Fibroblasts, 3T3)	18	SPECIES
Mouse (S180 Tumor Bearing)	18	SPECIES
Mouse (Human Prostate DU-145 Tumor Bearing)	18	SPECIES
in vitro (Rabbit Kidney Cytosol)	17	SPECIES
in vitro (Human Lymphoblast Cell Microsomes Expressing Human CYP2C19)	17	SPECIES
in vitro (Human B-Lymphoblastoid Cell Microsomes Expressing Human CYP2C8)	17	SPECIES
in vitro (Human Colon Adenocarcinoma Cell Homogenate, Caco-2)	17	SPECIES
in vitro (Mouse Liver Microsomes, Transgenic)	17	SPECIES
in vitro (Rat Kidney Tubule Cells)	17	SPECIES
in vitro (Cattle Liver Slices)	17	SPECIES
in vitro (Rat Everted Jejunum Sac)	17	SPECIES
in vitro (Human Lymphoblast Cells Expressing CYP1A2)	17	SPECIES
in vitro (Pig)	17	SPECIES
in vitro (Rat Hepatocyte Lysate)	17	SPECIES
in vitro (Rat Colon Mucosa Cytosol)	17	SPECIES
Mouse (Transgenic, Expressing Human CYP3A4 and Human PXR)	17	SPECIES
in vitro (Mouse Liver Perfusion, C57BL/6)	17	SPECIES
in vitro (Mouse Liver Perfusion, C57BL/6, Mrp2-Deficient)	17	SPECIES
in vitro (Mouse Liver Perfusion, C57BL/6, Bcrp-Deficient)	17	SPECIES
in vitro (Mouse Liver Perfusion, C57BL/6, FVB)	17	SPECIES
in vitro (Mouse Liver Perfusion, C57BL/6, FVB, P-Glycoprotein-Deficient)	17	SPECIES
in vitro (Rabbit Kidney Medulla Microsomes)	17	SPECIES
in vitro (Rabbit Ear Perfusion)	17	SPECIES
in vitro (Hamster Liver)	17	SPECIES
in vitro (Human Stomach Cytosol)	17	SPECIES
in vitro (Human Kidney)	17	SPECIES
in vitro (Rat Mammary Gland Supernatant)	17	SPECIES
in vitro (Pig Ovary Microsomes)	17	SPECIES
in vitro (Rat Lung Epithelium Cells)	17	SPECIES
in vitro (Rat Lung Epithelium Cells, RLE-6TN)	17	SPECIES
English Sole	17	SPECIES
in vitro (Pig Liver S10 Fraction)	17	SPECIES
in vitro (Mouse Leukemia Cells, P388)	17	SPECIES
in vitro (Human Breast Carcinoma Cells, MCF-7, Mycoplasma Infected)	17	SPECIES
in vitro (Rat Stomach Contents)	17	SPECIES
in vitro (Human Kidney 293 Cells Expressing Human UGT2B15)	17	SPECIES
in vitro (Human Liver Cells, L-02)	17	SPECIES
in vitro (COS-7 Cell Microsomes, Transfected)	17	SPECIES
Mouse (Abcc3(-/-))	17	SPECIES
in vitro (Human Endometrial Glandular Cells, EM1)	17	SPECIES
Mouse (Abcg2(-/-))	17	SPECIES
in vitro (Hamster Plasma)	17	SPECIES
in vitro (Mouse Lung Microsomes, Male)	17	SPECIES
in vitro (Mouse Lung Microsomes, Female)	17	SPECIES
in vitro (Human Liver, Hepatitis Patients)	17	SPECIES
in vitro (Human Liver, Cirrhosis Patients)	17	SPECIES
in vitro (Human Liver, Cancer Patients)	17	SPECIES
in vitro (Human Prostate Epithelium Cells)	17	SPECIES
in vitro (Rat Sertoli Cells)	17	SPECIES
in vitro (Human Breast Tumor)	17	SPECIES
in vitro (Rat Brain Cortex Homogenate)	17	SPECIES
in vitro (Human Placenta Trophoblasts)	17	SPECIES
in vitro (Rat Colon Mucosa)	17	SPECIES
in vitro (Rat Small Intestine Epithelium Cells, IEC-6)	17	SPECIES
in vitro (Frog Liver)	17	SPECIES
in vitro (Mouse Lung Cancer Cells, CL-13)	17	SPECIES
in vitro (Mouse Melanoma Cells, B16-F10)	17	SPECIES
in vitro (Human Head and Neck Squamous Cell Carcinoma Cell Line)	17	SPECIES
in vitro (Rabbit Liver Microsomes, Female)	17	SPECIES
in vitro (Human Cells, MOLT-4)	17	SPECIES
in vitro (Rat Intestine Microflora)	17	SPECIES
Mouse (Chimeric, Cyp3a Knockout, Humanized Liver)	17	SPECIES
Clawed Toad (Embryo)	17	SPECIES
in vitro (Rat Striatum)	17	SPECIES
in vitro (Hepa 1c1c7 Cells)	17	SPECIES
in vitro (Rhesus Monkey Trachea)	17	SPECIES
in vitro (Rhesus Monkey Proximal Airways)	17	SPECIES
in vitro (Rhesus Monkey Midlevel Airways)	17	SPECIES
in vitro (Rhesus Monkey Distal Airways)	17	SPECIES
in vitro (Rhesus Monkey Parenchyma)	17	SPECIES
in vitro (Rat Skin S9 Fraction)	17	SPECIES
in vitro (Human Lymphoma T-Cells, CEM)	17	SPECIES
in vitro (Rabbit Kidney Tubules)	17	SPECIES
Insect (Larva, Tobacco Budworm)	17	SPECIES
in vitro (Threonine Synthase)	17	SPECIES
in vitro (Human Bronchial Epithelium Cells, HBEC-KT)	17	SPECIES
in vitro (V79 Cells Expressing Human CYP24A1)	17	SPECIES
in vitro (Pig Hepatocytes, Male, Castrated)	17	SPECIES
in vitro (Rat Feces, Germ-free)	17	SPECIES
in vitro (Protein Kinase)	17	SPECIES
in vitro (Ferret Intestine Perfusion)	17	SPECIES
Rat (Deoxycorticosterone Acetate Salt Treated)	17	SPECIES
in vitro (Human Lymphoblast Cell Line PPRPS)	17	SPECIES
in vitro (Human Lymphoblast Cell Line PNP)	17	SPECIES
in vitro (Human Lymphoblast Cell Line ADA1)	17	SPECIES
Bird (Macaw)	17	SPECIES
in vitro (Rabbit Eye Supernatant)	17	SPECIES
in vitro (Human Tumor Cells, SiHa)	17	SPECIES
in vitro (Human Colon Carcinoma Cell Cytosol, HT-29)	17	SPECIES
in vitro (Huh-7 Cells, Clone A)	17	SPECIES
in vitro (Baboon Placenta Microsomes)	16	SPECIES
in vitro (Mink Liver Microsomes)	16	SPECIES
in vitro (Rabbit Lung Cytosol)	16	SPECIES
Rat (Tumor Implanted)	16	SPECIES
Human (Systemic Lupus Erythematosus Patients)	16	SPECIES
in vitro (Mouse Liver Microsomes, db/db)	16	SPECIES
in vitro (Mouse Hepatocytes, Cultured)	16	SPECIES
in vitro (Hep G2 Hepatoma Cells)	16	SPECIES
in vitro (Rabbit Brain Microsomes)	16	SPECIES
in vitro (Rat Liver Microsomes, Wistar, Male)	16	SPECIES
in vitro (Rat Liver Microsomes, Wistar, Female)	16	SPECIES
in vitro (Rat Liver Microsomes, Sham-Operated)	16	SPECIES
in vitro (Rat Liver Microsomes, Bile Duct Cannulated)	16	SPECIES
in vitro (Rat Intestine Microsomes, Male)	16	SPECIES
Rat (Sham-Operated)	16	SPECIES
Rat (Dark Agouti)	16	SPECIES
in vitro (Human Stomach Microsomes)	16	SPECIES
in vitro (Human Colorectal Carcinoma Cells, HT-29)	16	SPECIES
in vitro (Human Heart Microsomes)	16	SPECIES
Human (Female, Postpartum)	16	SPECIES
in vitro (Mouse Liver Microsomes, Cyp2a5-Null)	16	SPECIES
in vitro (Human Leukemia Jurkat T Cells)	16	SPECIES
Mouse (GST P-Null)	16	SPECIES
Human (Children, Inflammatory Bowel Disease Patients)	16	SPECIES
in vitro (Human Myeloma Cells, MM.1S)	16	SPECIES
in vitro (Mouse Leukemia Cells)	16	SPECIES
in vitro (Human Tumor Cells)	16	SPECIES
in vitro (Human Chronic Myelogenous Leukemia Cells, K-562)	16	SPECIES
in vitro (Human Hepatoma Hep G2 Cell Cytosol)	16	SPECIES
in vitro (Rabbit Hepatocytes, Cryopreserved)	16	SPECIES
in vitro (Syrian Hamster Cells, Embryonic)	16	SPECIES
in vitro (Mouse Lung Supernatant)	16	SPECIES
in vitro (Fish Liver Microsomes, Rainbow Trout)	16	SPECIES
in vitro (Human Lung Alveole Macrophages)	16	SPECIES
in vitro (V79 Cells Expressing Rat CYP1A1)	16	SPECIES
in vitro (V79 Cells Expressing Rat CYP1A2)	16	SPECIES
in vitro (Human Bronchoepithelium Cells)	16	SPECIES
in vitro (Sheep Liver Perfusion, Neonatal)	16	SPECIES
Rat (Portal Vein Cannulated)	16	SPECIES
Mouse (Cyp2c Knockout)	16	SPECIES
Human (Hypercholesterolemia Patients)	16	SPECIES
Dog (2 Days)	16	SPECIES
Dog (1 Week)	16	SPECIES
in vitro (Rat Stomach Microsomes)	16	SPECIES
in vitro (Mouse Colon)	16	SPECIES
Human (Cocaine Smoker)	16	SPECIES
Mouse (uPA-SCID, Chimeric, Humanized Liver, Bile Duct Cannulated)	16	SPECIES
Mouse (Oatp1a/1b Knockout)	16	SPECIES
in vitro (Human Blood Mononuclear Cells)	16	SPECIES
in vitro (Rat Prostate)	16	SPECIES
Rat (Renal Failure)	16	SPECIES
in vitro (Human Mammary Carcinoma Cells, MCF-7)	16	SPECIES
in vitro (Bird Kidney Microsomes, Quail)	16	SPECIES
in vitro (Rat Kidney IMCD Cells)	16	SPECIES
in vitro (Rat Testis Post-Mitochondrial Fraction)	16	SPECIES
in vitro (Mouse Cerebellum)	16	SPECIES
in vitro (Human Synoviocytes, Female, Postmenopausal)	16	SPECIES
in vitro (Guinea Pig Skin Homogenate)	16	SPECIES
in vitro (Chicken Neurons, Embryonic)	16	SPECIES
in vitro (Human Kidney Carcinoma Cells)	16	SPECIES
in vitro (Human Adrenal Cortex Tumor Cells, NCI-H295R)	16	SPECIES
in vitro (Human Adrenal Cortex Tumor Cells, NCI-H295A)	16	SPECIES
in vitro (Rat Adrenal Homogenate)	16	SPECIES
in vitro (Rat Small Intestine Mucosa Cytosol)	16	SPECIES
Rat (Gunn)	16	SPECIES
in vitro (HEK 293 Cell Homogenate Expressing Human UGT1A10)	16	SPECIES
in vitro (Fish Kidney Homogenate)	16	SPECIES
in vitro (Rat Hepatoma Cell Homogenate)	16	SPECIES
in vitro (Rat Lung Post-Mitochondrial Fraction)	16	SPECIES
in vitro (Cynomolgus Monkey Lung Cells, Cultured)	16	SPECIES
in vitro (Patas Monkey Lung Cells, Cultured)	16	SPECIES
in vitro (Rat Lung Cells, Cultured)	16	SPECIES
Human (beta-Thalassemia Patients)	16	SPECIES
in vitro (Rat Intestine Epithelium Cells Expressing Rat COX-2)	16	SPECIES
in vitro (Mouse Intestine Perfusion)	16	SPECIES
in vitro (Human Adenocarcinoma Cell Homogenate, Caco-2)	16	SPECIES
in vitro (Human Cells, Huh-7)	16	SPECIES
in vitro (Human Colon)	16	SPECIES
in vitro (Guinea Pig Erythrocytes)	16	SPECIES
Mouse (Cyp24a1(+/-))	16	SPECIES
in vitro (Keratinocyte HPK1A-ras Cells)	16	SPECIES
in vitro (Fallow Buck Hepatocytes)	16	SPECIES
in vitro (Red Deer Stag Hepatocytes)	16	SPECIES
in vitro (Roe Buck Hepatocytes)	16	SPECIES
in vitro (Fallow Buck Liver Microsomes)	16	SPECIES
in vitro (Red Deer Stag Liver Microsomes)	16	SPECIES
in vitro (Roe Buck Liver Microsomes)	16	SPECIES
in vitro (Fallow Buck Liver Cytosol)	16	SPECIES
in vitro (Red Deer Stag Liver Cytosol)	16	SPECIES
in vitro (Roe Buck Liver Cytosol)	16	SPECIES
Mouse (Ent1(+/+))	16	SPECIES
Mouse (Ent1(-/-))	16	SPECIES
in vitro (Human Lymphoblast Cell Line HGPRT1)	16	SPECIES
in vitro (Rat Osteoblast Cells, UMR-106)	16	SPECIES
Fish (Rudd)	16	SPECIES
in vitro (NRK Cells)	16	SPECIES
in vitro (Human Breast Epithelium MCF-10F Cells Expressing Human NQO1)	16	SPECIES
in vitro (Human Breast Epithelium MCF-10F Cells Expressing Human NQO1-135+	16	SPECIES
in vitro (Human Breast Epithelium MCF-10F Cells Expressing Human NQO1-Arg+	16	SPECIES
in vitro (Human Breast Epithelium MCF-10F Cells Expressing Human NQO1-Pro+	16	SPECIES
Mouse (Male, Esterase-Deficient)	16	SPECIES
Mouse (Female, Esterase-Deficient)	16	SPECIES
Vervet Monkey	16	SPECIES
Guinea Pig (Female)	16	SPECIES
in vitro (Rat Kidney and Liver Slices)	16	SPECIES
in vitro (Human Kidney Proximal Tubule Cells)	15	SPECIES
in vitro (Guinea Pig Liver Mitochondria)	15	SPECIES
in vitro (Chinese Hamster V79 Cells Expressing Human CYP2D6)	15	SPECIES
in vitro (Human Lymphoblast Cell Microsomes Expressing Human CYP2E1)	15	SPECIES
in vitro (Rat Liver Microsomes, Male, Castrated)	15	SPECIES
in vitro (Rat Pancreas Cytosol)	15	SPECIES
in vitro (Chinese Hamster Lung Fibroblast Cells, V79, Transfected)	15	SPECIES
in vitro (Human Hepatocytes and Plasma)	15	SPECIES
in vitro (Human Kidney Medulla Microsomes)	15	SPECIES
in vitro (HEK 293 Cell Homogenate Expressing Human UGT1A4)	15	SPECIES
in vitro (Human Lymphoblastoid Cell Microsomes Expressing Human CYP2C9)	15	SPECIES
in vitro (Rat Intestine Microsomes, Female)	15	SPECIES
in vitro (Mouse Liver Microsomes, DBA/2)	15	SPECIES
in vitro (Minipig Plasma)	15	SPECIES
in vitro (Rat Adrenal Gland Homogenate)	15	SPECIES
Human (Children, Renal Transplant Patients)	15	SPECIES
in vitro (Rat Liver Microsomes, Hypophysectomized)	15	SPECIES
in vitro (Human Intestine)	15	SPECIES
in vitro (Pig Hepatocytes, Cultured)	15	SPECIES
in vitro (Human Lymphocytes, Leukemia Patients)	15	SPECIES
in vitro (Human Preadipocytes)	15	SPECIES
in vitro (Rat Spleen Supernatant, Male)	15	SPECIES
in vitro (Rat Spleen Supernatant, Female)	15	SPECIES
in vitro (Rat Liver Supernatant, Male, Intrasplenic Fetal Liver Tissue Tr+	15	SPECIES
in vitro (Rat Liver Supernatant, Female, Intrasplenic Fetal Liver Tissue +	15	SPECIES
in vitro (Rat Spleen Supernatant, Male, Intrasplenic Fetal Liver Tissue T+	15	SPECIES
in vitro (Rat Spleen Supernatant, Female, Intrasplenic Fetal Liver Tissue+	15	SPECIES
in vitro (Rat Olfactory Epithelium Microsomes)	15	SPECIES
in vitro (Fish Gill Epithelium Cells)	15	SPECIES
in vitro (Human Liver Parenchymal Cells)	15	SPECIES
in vitro (Human Liver Parenchymal Cells, Cryopreserved)	15	SPECIES
in vitro (Rat Liver Parenchymal Cells, Cryopreserved)	15	SPECIES
in vitro (Mouse Liver Parenchymal Cells)	15	SPECIES
in vitro (Mouse Liver Parenchymal Cells, Cryopreserved)	15	SPECIES
in vitro (Human Lymphoblast Cells Expressing Human CYP1A2)	15	SPECIES
in vitro (Rat Pancreas Supernatant)	15	SPECIES
Human (Extensive Hydroxylator)	15	SPECIES
Human (Limited Hydroxylator)	15	SPECIES
Mouse (Cyp1b1 Knockout)	15	SPECIES
in vitro (Rainbow Trout Microsomes, beta-Naphthoflavone Treated)	15	SPECIES
in vitro (Mouse Liver Microsomes, Transgenic, Trp53(+/+))	15	SPECIES
in vitro (Mouse Liver Microsomes, Transgenic, Trp53(+/-))	15	SPECIES
in vitro (Mouse Liver Microsomes, Transgenic, Trp53(-/-))	15	SPECIES
in vitro (V79MZ Cells Expressing Human CYP1A1)	15	SPECIES
in vitro (V79MZ Cells Expressing Rat CYP1A1)	15	SPECIES
in vitro (Mouse Testis Microsomes)	15	SPECIES
in vitro (Guinea Pig Adrenal Gland Microsomes)	15	SPECIES
in vitro (Sheep Liver Perfusion, Fetal)	15	SPECIES
in vitro (Rat Everted Gut Sac)	15	SPECIES
in vitro (Hamster V79 Cells Expressing Human CYP3A4)	15	SPECIES
in vitro (Bovine Adrenal Cortex Mitochondria)	15	SPECIES
Human (Biliary Cirrhosis Patients)	15	SPECIES
in vitro (Human Liver Microsomes, Neonatal)	15	SPECIES
Dog (5 Weeks)	15	SPECIES
in vitro (Goat Hepatocytes, Male)	15	SPECIES
in vitro (Goat Hepatocytes, Female)	15	SPECIES
in vitro (Mouse Hepatocytes, Transgenic, Adult)	15	SPECIES
in vitro (Mouse Hepatoma Cells, Transgenic, Adult)	15	SPECIES
in vitro (Mouse Hepatocytes, Transgenic, Neuborn)	15	SPECIES
in vitro (Rat Spleen Microsomes)	15	SPECIES
in vitro (Human Kidney 293 Cell Microsomes Expressing Monkey UGT2B20, Emb+	15	SPECIES
in vitro (HEK 293T Cells, Transfected)	15	SPECIES
in vitro (Pig Liver Post-Mitochondrial Fraction)	15	SPECIES
Mouse (Liver-Cpr-Null)	15	SPECIES
in vitro (Hamster Kidney Cells)	15	SPECIES
in vitro (Cattle Liver Mitochondria)	15	SPECIES
in vitro (Minipig Skin Microsomes)	15	SPECIES
in vitro (Minipig Liver Cytosol)	15	SPECIES
in vitro (Minipig Skin Cytosol)	15	SPECIES
Human (Blood Stem Cell Transplanted Patients)	15	SPECIES
in vitro (Human Intestine Cell Lysate, Caco-2)	15	SPECIES
in vitro (Human Cells, HL-60)	15	SPECIES
in vitro (AHH-1 TK+/- Cell Microsomes Expressing Human CYP3A4)	15	SPECIES
in vitro (Sheep Adrenal Microsomes)	15	SPECIES
in vitro (CHO-K1 Cells, Transfected)	15	SPECIES
in vitro (Mouse Colon Tumor Cytosol)	15	SPECIES
in vitro (Chicken Small Intestine)	15	SPECIES
in vitro (Human Breast Cancer Cells, SK-BR-3)	15	SPECIES
in vitro (Mouse Hippocampus)	15	SPECIES
in vitro (Rat Liver Carcinoma Cells, H-4-II-E)	15	SPECIES
in vitro (Rat Colon Carcinoma Cells, DHD/K12/TRb)	15	SPECIES
in vitro (Human Intestinal Bacteria)	15	SPECIES
in vitro (Rabbit Liver Microsomes, Male)	15	SPECIES
in vitro (Malayan Pit Viper Venom)	15	SPECIES
in vitro (Mouse Thymus)	15	SPECIES
in vitro (COS-7 Cells)	15	SPECIES
in vitro (Rat Striatum Supernatant)	15	SPECIES
in vitro (Human Lung Cells, Alveolar Type II Cells Enriched)	15	SPECIES
in vitro (Human Lung Cells, Alveolar Macrophages Enriched)	15	SPECIES
in vitro (Fish Embryo Supernatant)	15	SPECIES
in vitro (Rat Kidney Homogenate, Diabetic)	15	SPECIES
in vitro (Rat Liver Microsome Cytochrome P450)	15	SPECIES
in vitro (V79 Cells Expressing Human CYP2E1)	15	SPECIES
in vitro (Squirrel Monkey Kidney Slices)	15	SPECIES
in vitro (Cynomolgus Monkey Kidney Slices)	15	SPECIES
in vitro (Human Oral Cavity OKP7 Cells)	15	SPECIES
in vitro (Microsomes Containing Human CYP1A1)	15	SPECIES
in vitro (Microsomes Containing Human CYP1A2)	15	SPECIES
in vitro (Microsomes Containing Human CYP3A4)	15	SPECIES
in vitro (Microsomes Containing Human CYP2E1)	15	SPECIES
in vitro (Microsomes Containing Human CYP2D6)	15	SPECIES
in vitro (Pig Coronary Artery Endothelial Cells)	15	SPECIES
in vitro (Rat Hepatoma Cells, H-35)	15	SPECIES
Mouse (Sult1d1(-/-))	15	SPECIES
Mouse (Sult1a1(-/-))	15	SPECIES
Mouse (Transgenic, Sult1a1/1d1(-/-), Human SULT1A1/1A2(+/+))	15	SPECIES
in vitro (Rabbit Kidney Proximal Tubules)	15	SPECIES
in vitro (Catfish Intestine Perfusion)	15	SPECIES
in vitro (Human Kidney 293 Cell Microsomes Expressing Rat UGT1A1)	15	SPECIES
in vitro (Human Kidney 293 Cell Microsomes Expressing Rat UGT1A7)	15	SPECIES
in vitro (Human Kidney 293 Cell Microsomes Expressing Rat UGT1A6)	15	SPECIES
in vitro (Human Kidney 293 Cell Microsomes Expressing Rat UGT1A5)	15	SPECIES
in vitro (Human Lymphoid MT-2 Cells)	15	SPECIES
in vitro (Huh-7 Cells)	15	SPECIES
in vitro (Human Breast Carcinoma Cell Cytosol, JIMT-1)	15	SPECIES
in vitro (Rat Intestine Post-Mitochondrial Fraction)	15	SPECIES
in vitro (Sheep Rumen Fluid)	15	SPECIES
in vitro (Monkey Testis Mitochondria)	15	SPECIES
in vitro (Monkey Testis Cytosol)	15	SPECIES
in vitro (Monocyte Cell Microsomes, U937)	15	SPECIES
in vitro (Dog Kidney Homogenate)	15	SPECIES
in vitro (Rabbit Corneal Homogenate)	15	SPECIES
in vitro (Rabbit Eye Aqueous Humor)	15	SPECIES
Human (Children, Kidney Transplanted Patients)	15	SPECIES
in vitro (Human Lymphoblast Cell Line HGPRT2)	15	SPECIES
in vitro (Rat Colon Mitochondria)	15	SPECIES
in vitro (Hamster V79 Cells Expressing Rat CYP1A1)	15	SPECIES
Fish (Arctic Charr, Immature)	15	SPECIES
in vitro (Mouse Cerebrum Microvessel Smooth Muscle Cells)	15	SPECIES
Hamster (Bile Duct Cannulated)	15	SPECIES
Rat (UGT1A1-Deficient)	15	SPECIES
Mouse (Human Pancreas Cancer Xenograft Bearing)	15	SPECIES
in vitro (Rat Liver Microsomes, Hyperlipidemic)	14	SPECIES
in vitro (Pig Liver)	14	SPECIES
in vitro (Rat Liver Microsomes, Dietary Protein-Deficient)	14	SPECIES
in vitro (Rat Liver Microsomes, Post-Traumatic)	14	SPECIES
in vitro (Human Lymphoblastoid Cells Expressing Human CYP3A4)	14	SPECIES
Mouse (B6C3F1)	14	SPECIES
Goat (Male)	14	SPECIES
in vitro (Monkey)	14	SPECIES
in vitro (Rhesus Monkey Kidney Microsomes)	14	SPECIES
in vitro (Rat Liver Mitoplasts)	14	SPECIES
in vitro (Pig Duodenum Microsomes)	14	SPECIES
in vitro (Mouse Lung Microsomes, Cytb5(-/-))	14	SPECIES
in vitro (Mouse Kidney Microsomes, Cytb5(-/-))	14	SPECIES
in vitro (Mouse Small Intestine Microsomes, Cytb5(-/-))	14	SPECIES
Mouse (Cytochrome b5-Null)	14	SPECIES
in vitro (HEK 293 Cell Lysate, Transfected)	14	SPECIES
Mouse (Cyp2d Knockout)	14	SPECIES
in vitro (Human Skin Explants, Cultured)	14	SPECIES
in vitro (Human Liver Microsomes, CYP1A2 1117 T/T Genotype)	14	SPECIES
in vitro (Rat Liver, Hypophysectomized)	14	SPECIES
in vitro (Rat Liver Homogenate, Female)	14	SPECIES
in vitro (Human AHH TK+/- Lymphoblastoid Cells Expressing Human CYP1A2)	14	SPECIES
in vitro (COS-1 Cells Expressing Rabbit UDP-Glucuronosyltransferase Isoen+	14	SPECIES
in vitro (Mouse Intestine Cytosol)	14	SPECIES
in vitro (Rat Ileum Homogenate)	14	SPECIES
in vitro (Turkey Liver Cytosol)	14	SPECIES
in vitro (Human Breast Cancer Cell Cytosol)	14	SPECIES
Human (Peritoneal Dialysis Patients)	14	SPECIES
in vitro (Human Kidney 293 Cells Expressing Rat UGT1A7)	14	SPECIES
in vitro (Human Kidney 293 Cells Expressing Rat UGT1A8)	14	SPECIES
in vitro (Human Intestine Mucosa)	14	SPECIES
Human (Crohn's Disease Patients)	14	SPECIES
in vitro (Human Leukemia Blasts)	14	SPECIES
in vitro (Human Lung Homogenate)	14	SPECIES
Rat (Pseudo Germ-free)	14	SPECIES
in vitro (Dog Kidney Cells)	14	SPECIES
in vitro (Rat Conceptus Cytosol)	14	SPECIES
in vitro (Rat Olfactory Mucosa)	14	SPECIES
in vitro (Human Lung Cancer Cells, SW-1573)	14	SPECIES
in vitro (Human T-Lymphoblastoid CCRF-CEM Cells)	14	SPECIES
in vitro (Human Hepatocytes, Steatosis Patients)	14	SPECIES
in vitro (Rat Liver Microsomes, Fasted)	14	SPECIES
in vitro (Cat Liver Supernatant)	14	SPECIES
Muscovy Duck	14	SPECIES
in vitro (Human Ovary Microsomes)	14	SPECIES
in vitro (Rat Placenta Microsomes)	14	SPECIES
Mouse (Cyp3a(-/-))	14	SPECIES
in vitro (Mouse Small Intestine)	14	SPECIES
in vitro (Human Lymphoblastoid Cells Expressing Human CYP Isoenzymes)	14	SPECIES
in vitro (Various Fungi)	14	SPECIES
in vitro (Hamster Cells, V79MZ)	14	SPECIES
in vitro (Mouse Lung Microsomes, Wild-Type)	14	SPECIES
in vitro (Human Liver Nuclei)	14	SPECIES
Human (Female, Postmenopausal, Cancer Patients)	14	SPECIES
in vitro (Dog Small Intestine Homogenate)	14	SPECIES
Mouse (SCID, Bile Duct Cannulated)	14	SPECIES
in vitro (Mouse Testis Supernatant)	14	SPECIES
in vitro (Human Breast Epidermis Keratinocytes)	14	SPECIES
in vitro (Human Endometrial Adenocarcinoma Cells)	14	SPECIES
in vitro (Rat Brain Cortex Microsomes)	14	SPECIES
in vitro (Rat Hepatocyte Microsomes, Cultured)	14	SPECIES
in vitro (Mouse Skin Supernatant)	14	SPECIES
in vitro (Mouse Erythrocyte Hemolysate)	14	SPECIES
Mouse (CD-1)	14	SPECIES
in vitro (Rat Serosa Cytosol)	14	SPECIES
in vitro (Rat Liver Epithelium Cells)	14	SPECIES
Mouse (P-Glycoprotein-Deficient)	14	SPECIES
in vitro (Human Jejunum Slices)	14	SPECIES
in vitro (Hamster Liver Microsomes, Female)	14	SPECIES
in vitro (Human Prostate Carcinoma Cells, LNCaP)	14	SPECIES
in vitro (Rat Kidney Microsomes, Male, Neonatal)	14	SPECIES
in vitro (Rat Kidney Microsomes, Female, Neonatal)	14	SPECIES
in vitro (Rat Kidney Microsomes, Male, 7 Days)	14	SPECIES
in vitro (Rat Kidney Microsomes, Female, 7 Days)	14	SPECIES
in vitro (Rat Kidney Microsomes, Male, 15 Days)	14	SPECIES
in vitro (Rat Kidney Microsomes, Female, 15 Days)	14	SPECIES
in vitro (Rat Kidney Microsomes, Male, 30 Days)	14	SPECIES
in vitro (Rat Kidney Microsomes, Female, 30 Days)	14	SPECIES
in vitro (Rat Kidney Microsomes, Male, 60 Days)	14	SPECIES
in vitro (Rat Kidney Microsomes, Female, 60 Days)	14	SPECIES
in vitro (Rat Kidney Microsomes, Male, 365 Days)	14	SPECIES
in vitro (Rat Kidney Microsomes, Female, 365 Days)	14	SPECIES
in vitro (Ehrlich Ascites Tumor Cells)	14	SPECIES
in vitro (Human Breast Carcinoma MCF-7 Cells)	14	SPECIES
in vitro (Rat Gastric Mucosa Cytosol)	14	SPECIES
in vitro (Rainbow Trout Gill Microsomes)	14	SPECIES
Human (Cancer and Renal Failure Patients)	14	SPECIES
in vitro (Human Blood Monocytes, Dendritic)	14	SPECIES
in vitro (Rat Neutrophils)	14	SPECIES
in vitro (Pig Jejunum Enterocytes)	14	SPECIES
in vitro (Rat Intestine Mucosa Homogenate)	14	SPECIES
in vitro (Hamster Lung Clara Cells)	14	SPECIES
in vitro (Hamster Lung Alveole Macrophages)	14	SPECIES
in vitro (Dog Kidney MDCK Cells Overexpressing hCNT1)	14	SPECIES
in vitro (Rat AHH-1 Cells Expressing UDP-Glucuronosyltransferase)	14	SPECIES
in vitro (Rat AHH-1 Cells)	14	SPECIES
in vitro (Hep G2 Cells Derivative 2.2.15 Subclone P5A)	14	SPECIES
in vitro (Human Blood Eosinophils)	14	SPECIES
in vitro (HeLa S3 Cells)	14	SPECIES
in vitro (Rat Small Intestine Enterocytes)	14	SPECIES
in vitro (Rat Colonocytes)	14	SPECIES
in vitro (Rat Osteoblasts)	14	SPECIES
in vitro (Cattle Serum)	14	SPECIES
in vitro (CEM-SS Cells)	14	SPECIES
in vitro (Dog Kidney Mitochondria)	14	SPECIES
in vitro (Rat Hepatoma Cells, Morris 7288C)	14	SPECIES
in vitro (Rat Hypothalamus Membranes)	14	SPECIES
Mouse (Lrat(-/-))	14	SPECIES
in vitro (Mouse Colon Epithelium Cells, Apc(+/+))	14	SPECIES
in vitro (Cattle Rumen Fluid)	14	SPECIES
in vitro (Human Blood Macrophages and Monocytes)	14	SPECIES
in vitro (Human Hepatocellular Carcinoma Cells, BEL-7402)	14	SPECIES
in vitro (HEK 293 Cell Microsomes Expressing Human UGT1A and UGT2B7)	14	SPECIES
Human (Pneumonia Patients)	14	SPECIES
in vitro (Human T-Lymphocytes, CEM)	14	SPECIES
in vitro (Human Lymphoblast Cell Microsomes Expressing Human CYP2B6)	13	SPECIES
in vitro (Mouse Intestine Slices)	13	SPECIES
Human (Children, Liver Disease Patients)	13	SPECIES
in vitro (Human Liver Epithelium Cells, THLE, Transfected)	13	SPECIES
in vitro (Human Lymphoblast Cells Expressing Human CYP2B6)	13	SPECIES
in vitro (Human Liver Microsomes, Extensive Metabolizer)	13	SPECIES
No Animal Indicated	13	SPECIES
in vitro (Human Microsomes Expressing Human CYP3A4)	13	SPECIES
in vitro (Monkey Kidney COS-1 Cells)	13	SPECIES
in vitro (Monkey Liver)	13	SPECIES
in vitro (Camel Liver Microsomes)	13	SPECIES
in vitro (Human B-Lymphoblastoid Cells Expressing CYP3A4)	13	SPECIES
in vitro (Monkey Duodenum Microsomes)	13	SPECIES
in vitro (Monkey Ileum Microsomes)	13	SPECIES
in vitro (Rat Hepatocyte Homogenate)	13	SPECIES
in vitro (Hep G2 Cells Expressing Human CYP Isoenzyme)	13	SPECIES
in vitro (Hamster Bladder Cytosol)	13	SPECIES
in vitro (Hamster Lung Cytosol)	13	SPECIES
in vitro (Hamster Cell Culture)	13	SPECIES
Human (Opiate Addict)	13	SPECIES
in vitro (Human Lymphoblast Cell Microsomes)	13	SPECIES
in vitro (Rat Tissue Cytosol)	13	SPECIES
in vitro (Rat Cerebellum Microsomes)	13	SPECIES
in vitro (Rat Liver Perfusion, Wistar)	13	SPECIES
in vitro (COS-1 Cells Expressing Human UGT Isoenzymes)	13	SPECIES
Rat (Bile Duct Cannulated, Donor)	13	SPECIES
in vitro (Pig Liver Homogenate)	13	SPECIES
in vitro (Mouse Liver Microsomes, Transgenic, Human PXR)	13	SPECIES
in vitro (Pig Intestine Mucosa)	13	SPECIES
in vitro (B-Lymphoblastoid Cell Microsomes Expressing Human CYP Isoenzyme+	13	SPECIES
in vitro (Mouse Heart Cytosol)	13	SPECIES
in vitro (Human Liver Microsomes, Steatosis Patients)	13	SPECIES
in vitro (Hamster Transfected V79 Cells)	13	SPECIES
in vitro (Cytochrome P450)	13	SPECIES
in vitro (Human Brain Cytosol)	13	SPECIES
in vitro (Human Semen)	13	SPECIES
in vitro (Mouse Pancreas Homogenate)	13	SPECIES
in vitro (Rainbow Trout Microsomes, Isosafrole Treated)	13	SPECIES
in vitro (Fish Liver Microsomes, Flounder)	13	SPECIES
in vitro (Salamander Liver Microsomes)	13	SPECIES
in vitro (Human Skin Model, EpiDerm)	13	SPECIES
in vitro (Rat Trachea)	13	SPECIES
Mouse (Nrf2-Deficient)	13	SPECIES
in vitro (Pig Bladder Epithelium Cells)	13	SPECIES
in vitro (Rat Liver Microsomes, Female, Lactating)	13	SPECIES
in vitro (Human T-Lymphoblastoid Cells, CCRF-CEM)	13	SPECIES
in vitro (Human B Lymphocytes, Cultured)	13	SPECIES
in vitro (Human Stomach Mucosa Microsomes)	13	SPECIES
in vitro (Human Liver Tumor Homogenate)	13	SPECIES
in vitro (Fish Hepatopancreas Microsomes)	13	SPECIES
in vitro (Human Kidney 293 Cell Microsomes Expressing Human UGT2B7)	13	SPECIES
in vitro (Human Adenocarcinoma MCF-7 Cells)	13	SPECIES
in vitro (Chinese Hamster Ovary Cells, Transfected)	13	SPECIES
in vitro (Rat Ileum Microsomes)	13	SPECIES
Bitterling	13	SPECIES
Bream	13	SPECIES
Gudgeon	13	SPECIES
Minnow	13	SPECIES
Perch	13	SPECIES
Roach	13	SPECIES
Rudd	13	SPECIES
Stickleback	13	SPECIES
Tench	13	SPECIES
in vitro (Rat Astrocytes)	13	SPECIES
in vitro (Horse Serum)	13	SPECIES
in vitro (Rat Kidney Cells)	13	SPECIES
Mouse (Female, Lactating)	13	SPECIES
in vitro (Human Skin Epidermis, Reconstructed)	13	SPECIES
in vitro (HEK 293 Cell Homogenate Expressing Human UGT1A8)	13	SPECIES
in vitro (Rat Serosa Microsomes)	13	SPECIES
in vitro (Mouse Tumor Homogenate)	13	SPECIES
in vitro (Rat Liver Microsomes, Male, Adult)	13	SPECIES
in vitro (Frog Ovary Follicle Cytosol)	13	SPECIES
in vitro (Frog Ovary Follicle Mitochondria)	13	SPECIES
in vitro (Frog Ovary Follicle Microsomes)	13	SPECIES
in vitro (Frog Eggs, Ovulated)	13	SPECIES
in vitro (Frog Embryonic Cells)	13	SPECIES
in vitro (Frog Oocyte Membranes)	13	SPECIES
in vitro (Human Kidney Microsomes, Female, Postmenopausal)	13	SPECIES
Pony (Female, Nonpregnant)	13	SPECIES
in vitro (HEK 293 Cells Expressing Human 11beta-HSD1)	13	SPECIES
in vitro (Human Adrenal Cortex Tumor Cells, H295R)	13	SPECIES
in vitro (Lung Cancer Cells, N-417)	13	SPECIES
in vitro (U937 Cell Culture)	13	SPECIES
in vitro (Guinea Pig Skin Cytosol)	13	SPECIES
in vitro (Rabbit Pancreas Homogenate)	13	SPECIES
Rat (Galactosamine Treated)	13	SPECIES
in vitro (Rat Cardiomyoblasts, H9c2)	13	SPECIES
in vitro (PBMC Cells)	13	SPECIES
in vitro (Rat Cerebellum Cytosol)	13	SPECIES
in vitro (Human Serum, Children)	13	SPECIES
in vitro (Human Prostate Cancer PC-3 Cells, Transfected)	13	SPECIES
in vitro (Mouse Muscle)	13	SPECIES
in vitro (Human Synovial Cells, Rheumatoid)	13	SPECIES
in vitro (Pig Skin Homogenate)	13	SPECIES
in vitro (Saccharomyces carlsbergensis)	13	SPECIES
in vitro (Fish Gill Post-Mitochondrial Fraction)	13	SPECIES
in vitro (Fish Hepatoma Cells, PLHC-1)	13	SPECIES
in vitro (Human Cervix Carcinoma Cells, SiHa)	13	SPECIES
in vitro (Mouse Colon S9 Fraction)	13	SPECIES
in vitro (Mouse Lung Parenchyma)	13	SPECIES
in vitro (Chicken Liver Mitochondria, Embryonic)	13	SPECIES
in vitro (Human Skin Fibroblasts, Peroxisome-Deficient)	13	SPECIES
Chinook Salmon	13	SPECIES
in vitro (V79 Cells Expressing Human CYP1B1)	13	SPECIES
in vitro (Rat Liver S1 Fraction)	13	SPECIES
in vitro (Pig Trachea Epithelium Cells)	13	SPECIES
in vitro (Rainbow Trout Liver Supernatant)	13	SPECIES
in vitro (Hamster V79 Cells Expressing Human CYP1A2)	13	SPECIES
in vitro (Bird Plasma)	13	SPECIES
in vitro (Human Ovary Carcinoma Cells, A2780)	13	SPECIES
in vitro (Human Endometrial Carcinoma Cells, Ishikawa)	13	SPECIES
in vitro (Mouse Peritoneal Cells)	13	SPECIES
in vitro (Rainbow Trout Olfactory Microsomes)	13	SPECIES
in vitro (Pig Prostate Microsomes)	13	SPECIES
in vitro (Human Colon Cancer Cells, SW-480)	13	SPECIES
Human (End-Stage Renal Disease, Hemodialysis Patients)	13	SPECIES
in vitro (Mouse Mammary Tumor FM3A Cells)	13	SPECIES
Human (Bile Duct Cannulated)	13	SPECIES
in vitro (Mouse Cerebellum Neurons)	13	SPECIES
in vitro (Rat Neuroblastoma Cells)	13	SPECIES
Dog (Male, Bile Duct Cannulated)	13	SPECIES
Dog (Female, Bile Duct Cannulated)	13	SPECIES
Mouse (Mouse 4T1 Tumor Bearing)	13	SPECIES
Rat (Bile Duct Cannulated, Slow Metabolizer)	13	SPECIES
Rat (Overdosed)	12	SPECIES
in vitro (Human Liver Epithelium Cells)	12	SPECIES
in vitro (Human Lymphoblast Cell Microsomes Expressing Human CYP2A6)	12	SPECIES
in vitro (Human Liver Microsomes, Poor Metabolizer)	12	SPECIES
Human (Female, Extensive Metabolizer)	12	SPECIES
in vitro (Microsomes Expressing Human CYP2E1)	12	SPECIES
in vitro (Rat Macrophages)	12	SPECIES
in vitro (Guinea Pig Liver Extract)	12	SPECIES
in vitro (Mouse Prostate Cytosol)	12	SPECIES
in vitro (Monkey Kidney COS-1 Cells Expressing Human NAT-1)	12	SPECIES
in vitro (Monkey Kidney COS-1 Cells Expressing Human NAT-2)	12	SPECIES
in vitro (Human Ileum Cytosol)	12	SPECIES
in vitro (Mouse Liver Microsomes, db/m)	12	SPECIES
in vitro (Mouse Liver Microsomes, Cyp2c/2d/3a Knockout)	12	SPECIES
in vitro (Human AHH-1 TK+/- Cell Microsomes Expressing Human CYP2C9)	12	SPECIES
in vitro (Mouse Liver Microsomes, Transgenic, Human CYP3A4)	12	SPECIES
in vitro (Human Kidney Supernatant)	12	SPECIES
in vitro (Microminipig Liver Microsomes)	12	SPECIES
in vitro (Mouse Ehrlich Ascites Tumor Cells)	12	SPECIES
in vitro (Human Kidney HK 293 Cells Expressing Rat UGT1.1)	12	SPECIES
in vitro (Human Kidney HK 293 Cells Expressing Rat UGT2B1)	12	SPECIES
in vitro (Bovine Intestine Microsomes)	12	SPECIES
in vitro (Sheep Duodenum Microsomes)	12	SPECIES
in vitro (Sheep Jejunum Microsomes)	12	SPECIES
in vitro (Sheep Ileum Microsomes)	12	SPECIES
in vitro (Rat Spleen Lymphocytes)	12	SPECIES
in vitro (Mouse Small Intestine Microsomes, IE-Cpr-Null)	12	SPECIES
in vitro (Mouse Liver Microsomes, IE-Cpr-Null)	12	SPECIES
in vitro (Mouse Liver Microsomes, Ugt1(+/-))	12	SPECIES
in vitro (Mouse Liver Microsomes, Ugt1(-/-))	12	SPECIES
in vitro (HEK 293 Cells Expressing Human UGT1A8)	12	SPECIES
in vitro (Artificial Gastric Juice)	12	SPECIES
in vitro (Rat Liver Glutathione Transferase)	12	SPECIES
in vitro (Human Liver Microsomes, Infant)	12	SPECIES
Mouse (Axenic)	12	SPECIES
in vitro (Human Duodenum Homogenate)	12	SPECIES
in vitro (Horse Plasma)	12	SPECIES
in vitro (Human Osteoblasts)	12	SPECIES
in vitro (Human Hepatoma Cells, Hep G2, 3D Cultured)	12	SPECIES
in vitro (Micropig Liver Microsomes)	12	SPECIES
in vitro (Rat Liver, Female)	12	SPECIES
Cow (Female, Lactating)	12	SPECIES
in vitro (Human Colon Carcinoma Cells, HCT-8)	12	SPECIES
in vitro (Human Bone Marrow Cells)	12	SPECIES
in vitro (Raji Cells)	12	SPECIES
in vitro (Mouse Heart)	12	SPECIES
Rat (Receiver)	12	SPECIES
in vitro (Rabbit Kidney)	12	SPECIES
in vitro (Human Lymphoblast Cells Expressing Human CYP2C8)	12	SPECIES
in vitro (Bird Liver Slices, Quail)	12	SPECIES
in vitro (Human Hepatoma Cells, Mz-Hep-1)	12	SPECIES
in vitro (Mouse Cells, Hepa 1c1c7)	12	SPECIES
in vitro (Human Lung Epithelium Cells, BEP2D)	12	SPECIES
in vitro (Human Lung Adenocarcinoma Cells, NCI-H2009)	12	SPECIES
in vitro (Human Hepatoblastoma Cells)	12	SPECIES
Human (Female, Smoker)	12	SPECIES
in vitro (Mouse Skin Microsomes, Newborn)	12	SPECIES
in vitro (Mouse Dermis Microsomes, Newborn)	12	SPECIES
in vitro (Mouse Epidermis Microsomes, Newborn)	12	SPECIES
in vitro (Human Bronchus)	12	SPECIES
in vitro (Rat Brain S9 Fraction)	12	SPECIES
Mouse (Cyp3a Knockout)	12	SPECIES
in vitro (Mouse Liver Microsomes, Lean)	12	SPECIES
in vitro (Human Lymphoblastoid Cells)	12	SPECIES
in vitro (Rat Intestine Loop)	12	SPECIES
in vitro (Human Cultured Hepatocytes)	12	SPECIES
Rat (Hypophysectomized)	12	SPECIES
in vitro (Hamster Lung Fibroblast Cells, V79)	12	SPECIES
in vitro (Green Monkey COS-1 Cells, Transfected)	12	SPECIES
in vitro (Mouse Liver Microsomes, FVB)	12	SPECIES
in vitro (Mouse Liver Microsomes, FVB/mrp1-/-)	12	SPECIES
in vitro (Monkey Intestine S9 Fraction)	12	SPECIES
Human (Colon Cancer Patients)	12	SPECIES
in vitro (Human Peripheral Blood Mononuclear Cell Cytosol)	12	SPECIES
in vitro (Rat Plasma, Male)	12	SPECIES
Mouse (Cyp2d Knockout, Human CYP2D6)	12	SPECIES
Rat (Albino)	12	SPECIES
in vitro (HEK 293 Cell Microsomes Expressing Human UGT1A3)	12	SPECIES
in vitro (Human Kidney 293 Cell Microsomes Expressing Human UGT2B7(H268),+	12	SPECIES
in vitro (Human Breast Cancer Cells, MDA-MB-435s)	12	SPECIES
in vitro (Human Breast Epithelium Carcinoma Cells, MCF-7)	12	SPECIES
in vitro (Human Choriocarcinoma JEG-3 Cells)	12	SPECIES
in vitro (Guinea Pig Uterus Cells, Fetal)	12	SPECIES
in vitro (Guinea Pig Vaginal Cells, Fetal)	12	SPECIES
in vitro (Rabbit Nasal Mucosa Microsomes)	12	SPECIES
Mouse (Mrp4(-/-))	12	SPECIES
in vitro (Mouse Liver Microsomes, AhR(-/-))	12	SPECIES
in vitro (Rat 9L Gliosarcoma Cells)	12	SPECIES
in vitro (Human Stomach Juice)	12	SPECIES
Mouse (PPARalpha(-/-))	12	SPECIES
in vitro (Rat Liver Perfusion, Wild-Type)	12	SPECIES
in vitro (Sheep Seminal Microsomes)	12	SPECIES
Human (Stem Cell Transplanted Patients)	12	SPECIES
in vitro (Rat Hepatocytes, Cultured, Freshly Prepared)	12	SPECIES
in vitro (Rat Hepatocytes, Cultured, Cryopreserved)	12	SPECIES
in vitro (CHO-K1 Cells)	12	SPECIES
in vitro (Human Periosteum Fibroblasts)	12	SPECIES
in vitro (Rat Thymus)	12	SPECIES
in vitro (Horse Placenta Allantochorion Microsomes)	12	SPECIES
in vitro (Mouse Leydig Tumor Cells)	12	SPECIES
in vitro (Rat Epididymis Homogenate)	12	SPECIES
in vitro (Human Liver Epithelium Cells Expressing Human CYP3A4)	12	SPECIES
in vitro (Mouse Leydig Cell Microsomes, MA-10)	12	SPECIES
in vitro (Mouse Brain Membranes)	12	SPECIES
in vitro (Human Fibrosarcoma Cells, HT1080)	12	SPECIES
in vitro (Human Ovary Cancer Cells, A2780)	12	SPECIES
in vitro (Rat Ovary Cytosol)	12	SPECIES
Tree Shrew	12	SPECIES
in vitro (Rat Jejunum Mucosa Homogenate)	12	SPECIES
in vitro (Human Lung Adenocarcinoma A549 Cells Expressing CYP2A6)	12	SPECIES
in vitro (Human Lung Carcinoma H1437 Cells Expressing CYP2A6)	12	SPECIES
in vitro (Human Lung Adenocarcinoma A549 Cells Expressing CYP2A13)	12	SPECIES
in vitro (Human Lung Carcinoma H1437 Cells Expressing CYP2A13)	12	SPECIES
in vitro (Rat Small Intestine Epithelium Cell Microsomes)	12	SPECIES
Mouse (Female, Pregnant, Malaria Infected)	12	SPECIES
in vitro (PC-12 Cells)	12	SPECIES
in vitro (Rat Brain Cell Cultures, Fetal)	12	SPECIES
in vitro (Monkey Blood Cells)	12	SPECIES
in vitro (Human Lymphoblast Cells, Raji)	12	SPECIES
in vitro (Human Lymphocyte CEM/TK- Cells)	12	SPECIES
in vitro (U937 Cells)	12	SPECIES
in vitro (Human Prostate Adenocarcinoma Cells, LNCaP)	12	SPECIES
Rat (Transgenic, Expressing Rat AKR7A1)	12	SPECIES
in vitro (Mouse Stomach Cytosol)	12	SPECIES
in vitro (Rat Colon Mucosa Homogenate)	12	SPECIES
in vitro (Mouse Liver Microsomes, Cyp1a1(-/-))	12	SPECIES
in vitro (Mouse Lung Microsomes, Cyp1a1(-/-))	12	SPECIES
in vitro (Human Lung Cancer Cells, NCI-H460)	12	SPECIES
in vitro (Mouse Astrocytes)	12	SPECIES
in vitro (Bovine Liver Mitochondria)	12	SPECIES
in vitro (Monkey Kidney Cells, Vero)	12	SPECIES
in vitro (Rat FRTL-5 Thyrocytes)	12	SPECIES
in vitro (Rainbow Trout Macrophage Lysate Supernatant)	12	SPECIES
in vitro (Human Head and Neck Squamous Cell Carcinoma Supernatant)	12	SPECIES
in vitro (Rabbit Aorta Homogenate and Leukocyte 12-Lipoxygenase)	12	SPECIES
in vitro (Rabbit Aorta Microsomes and Leukocyte 12-Lipoxygenase)	12	SPECIES
in vitro (Human Colon Mucosa Microsomes)	12	SPECIES
Grey Seal	12	SPECIES
Pelican	12	SPECIES
in vitro (V79 Cells Expressing Mouse CYP1A1)	12	SPECIES
in vitro (V79 Cells Expressing Mouse CYP1A2)	12	SPECIES
in vitro (V79 Cells Expressing Mouse CYP2E1)	12	SPECIES
in vitro (V79 Cells Expressing Mouse CYP1B1)	12	SPECIES
Salamander	12	SPECIES
in vitro (Human Liver Cytosol, Embryonic)	12	SPECIES
in vitro (Bovine Adrenocortical Mitochondria)	12	SPECIES
in vitro (Mouse Mammary Tumor Cells, EMT6)	12	SPECIES
Mouse (Vitamin D Receptor Lacking)	12	SPECIES
in vitro (Hepatocytes, BRL 3A)	12	SPECIES
in vitro (Rat Cecum, Germ-free)	12	SPECIES
in vitro (Horse and Calf Serum Enzymes)	12	SPECIES
in vitro (Bovine Plasma)	12	SPECIES
Raccoon	12	SPECIES
in vitro (Saccharomycopsis alpha-Amylase, Native Enzyme)	12	SPECIES
Frog (Larva)	12	SPECIES
Rat (Bile Duct, Jugular Vein and Intestine Cannulated)	12	SPECIES
in vitro (Mouse Stomach Perfusion)	12	SPECIES
in vitro (WI-38 Cell Culture)	12	SPECIES
in vitro (Rat Everted Colon Sac)	12	SPECIES
in vitro (Rabbit Eye Vitreous Body Homogenate)	12	SPECIES
in vitro (Rabbit Eye Retina Homogenate)	12	SPECIES
in vitro (Rat Gastric Mucosa Microsomes)	12	SPECIES
in vitro (Chinese Hamster AA8 Cells)	12	SPECIES
in vitro (Rat Kidney Cells, Proximal Tubule)	12	SPECIES
Mouse (Fatty Acid Amide Hydrolase Knockout)	12	SPECIES
Mouse (Transgenic, Sult1a1 Knockout, Human SULT1A1/2)	12	SPECIES
in vitro (Dog Microsomes)	12	SPECIES
in vitro (Human T4 Lymphocyte CEM Cells)	12	SPECIES
Mouse (FRG, Chimeric, Humanized Liver)	12	SPECIES
Mouse (FRG, Chimeric, Murinized Liver)	12	SPECIES
in vitro (Guinea Pig Brain Membranes)	12	SPECIES
in vitro (Hamster V79 Cells Expressing Human CYP Isoenzymes)	12	SPECIES
in vitro (Hamster V79 Cells Expressing Fish CYP1A1)	12	SPECIES
Winter Flounder	12	SPECIES
in vitro (Human T Lymphoblast Cells, CCRF-CEM)	12	SPECIES
in vitro (Human Leukemia Cell Supernatant, HL-60)	12	SPECIES
in vitro (Human Small Intestine Cells, Caco-2)	12	SPECIES
in vitro (Human Hepatocytes, Male)	12	SPECIES
Rat (Non-Fasted)	12	SPECIES
Mouse (Male, Tumor Bearing, Esterase-Deficient)	12	SPECIES
Mouse (Female, Tumor Bearing, Esterase-Deficient)	12	SPECIES
Rat (Germ-free, Lignan-Converting Bacteria Colonized)	12	SPECIES
Mouse (Ces1c(-/-))	12	SPECIES
in vitro (Human AHH-1 TK+/- Cells Expressing Human CYP2D6)	11	SPECIES
in vitro (Human Lymphoblast Cell Microsomes Expressing Human CYP2C8)	11	SPECIES
in vitro (Human Liver Epithelium THLE Cells Expressing Human CYP3A4)	11	SPECIES
in vitro (HEK 293 Cells Expressing Human UGT1A1)	11	SPECIES
in vitro (Rat Liver Homogenate, Wistar)	11	SPECIES
in vitro (Rat Liver Homogenate, Heterozygote)	11	SPECIES
in vitro (Rat Liver Homogenate, Gunn)	11	SPECIES
in vitro (Mouse Liver Microsomes, Transgenic, Human CYP2D6)	11	SPECIES
in vitro (Human Hepatocytes, Primary)	11	SPECIES
in vitro (Human Hepatocytes, Upcyte)	11	SPECIES
in vitro (Rat Liver Microsomes, Adult)	11	SPECIES
in vitro (Microsomes Expressing Human CYP2D6)	11	SPECIES
Mouse (B6C3F1, Male)	11	SPECIES
Mouse (B6C3F1, Female)	11	SPECIES
Mouse (Swiss-Webster, Male)	11	SPECIES
Mouse (Swiss-Webster, Female)	11	SPECIES
Rhesus Monkey (Female)	11	SPECIES
in vitro (Human Hepatocyte Supernatant)	11	SPECIES
in vitro (Rat Prostate Cytosol)	11	SPECIES
in vitro (Dog Intestine Flora)	11	SPECIES
in vitro (Monkey Kidney Cells, CV-1)	11	SPECIES
in vitro (Mouse Liver Microsomes, Chimeric)	11	SPECIES
in vitro (Cat)	11	SPECIES
in vitro (Mouse Hepatocytes, Chimeric, Humanized Liver)	11	SPECIES
in vitro (Human Colon S9 Fraction)	11	SPECIES
in vitro (Mouse Liver Microsomes, C57BL/6J)	11	SPECIES
Mouse (Mdr1a(-/-))	11	SPECIES
in vitro (Human beta-Lymphoblastoid Cells Expressing Human CYP3A4)	11	SPECIES
in vitro (B-Lymphoblastoid Cell Microsomes Expressing Human CYP3A4)	11	SPECIES
in vitro (Cynomolgus Monkey Liver Cytosol)	11	SPECIES
in vitro (Human Lymphoblastoid Cells, Transfected)	11	SPECIES
in vitro (Human AHH-1 TK+/- B-Lymphoblastoid Cells Expressing Human CYP1A+	11	SPECIES
in vitro (Rat Liver Microsomes, Diabetic, Streptozotocin-Induced)	11	SPECIES
in vitro (Human Intestine Cells, Caco-2, Clone TC7)	11	SPECIES
in vitro (Rat Colon S9 Fraction)	11	SPECIES
in vitro (Human Kidney 293 Cells Expressing Human UGT1A9)	11	SPECIES
in vitro (Mouse Skin Perfusion)	11	SPECIES
Human (Angina Patients)	11	SPECIES
in vitro (Mouse Macrophage Cell Supernatant, RAW 264.7)	11	SPECIES
in vitro (Human Hepatocytes, Embryonic Stem Cell-Derived)	11	SPECIES
in vitro (Mouse Hepatocytes, Male)	11	SPECIES
in vitro (Human AHH-1 TK+/- Cell Microsomes, Transfected)	11	SPECIES
in vitro (Mouse Liver Microsomes, Male, NMRI)	11	SPECIES
in vitro (Mouse Liver Microsomes, Female, NMRI)	11	SPECIES
in vitro (Mouse Liver Microsomes, Male, CBA)	11	SPECIES
in vitro (Mouse Liver Microsomes, Female, CBA)	11	SPECIES
in vitro (Mouse Liver Microsomes, Male, C57BL/6)	11	SPECIES
in vitro (Mouse Liver Microsomes, Female, C57BL/6)	11	SPECIES
in vitro (Mouse Liver Microsomes, Male, 129/SvJ)	11	SPECIES
in vitro (Mouse Liver Microsomes, Female, 129/SvJ)	11	SPECIES
in vitro (Mouse Liver Microsomes, Male, CD-1)	11	SPECIES
in vitro (Mouse Liver Microsomes, Female, CD-1)	11	SPECIES
in vitro (Human Cervix Carcinoma Cells, HeLa S3)	11	SPECIES
in vitro (Human Cervix Carcinoma Cells, HeLa S3, Transfected)	11	SPECIES
in vitro (Mouse Melanoma Cells)	11	SPECIES
in vitro (Rat Liver Slices Homogenate, Neonatal)	11	SPECIES
in vitro (Human Liver Hep G2 Cells)	11	SPECIES
in vitro (Mouse Liver Microsomes, AhR(+/+))	11	SPECIES
in vitro (Bull Liver Microsomes)	11	SPECIES
in vitro (Cat Liver Homogenate)	11	SPECIES
in vitro (Mouse Liver Microsomes, PXR-Null)	11	SPECIES
in vitro (Human Membranes, Fetal)	11	SPECIES
in vitro (Rabbit Kidney Supernatant)	11	SPECIES
in vitro (Mouse Fibroblast Cells, 10T 1/2, Embryonic)	11	SPECIES
in vitro (Mouse Fibroblast Cells, Embryonic, Wild-Type)	11	SPECIES
in vitro (Mouse Fibroblast Cells, Embryonic, Epoxide Hydrolase-Null)	11	SPECIES
in vitro (Human Bladder)	11	SPECIES
in vitro (Human Esophagus)	11	SPECIES
in vitro (Human Ovary Nuclei)	11	SPECIES
in vitro (Human Ovary Cytosol)	11	SPECIES
in vitro (Human Ovary Mitochondria)	11	SPECIES
in vitro (Human Epithelium Keratinocytes)	11	SPECIES
in vitro (Fish Intestine Mucosa Microsomes)	11	SPECIES
in vitro (Mouse Epidermis Microsomes)	11	SPECIES
in vitro (Human Lung Epithelium Cells)	11	SPECIES
in vitro (Mouse Erythroleukemia Cells)	11	SPECIES
in vitro (Dog Kidney Cytosol)	11	SPECIES
in vitro (Rabbit Hepatocytes, Inflammatory)	11	SPECIES
in vitro (HEK 293 Cell Homogenate Expressing Human UGT1A9)	11	SPECIES
in vitro (Pig Ovary Follicle Cells)	11	SPECIES
in vitro (Human Hepatoma Hep G2 Cell Homogenate)	11	SPECIES
in vitro (Human Colon Mucosa Cytosol)	11	SPECIES
in vitro (Human Cecum Microsomes)	11	SPECIES
in vitro (Human Colon Carcinoma Cells, Transfected)	11	SPECIES
in vitro (Human Endometrium)	11	SPECIES
in vitro (Human Lymphoblast Cells, TK6)	11	SPECIES
in vitro (Rat Muscle Supernatant)	11	SPECIES
Mouse (Human Colon Carcinoma Implanted)	11	SPECIES
Mouse (Human Hypopharynx Carcinoma Implanted)	11	SPECIES
in vitro (Human Peripheral Blood Mononuclear Cell Extract)	11	SPECIES
in vitro (Rat Diaphragm Homogenate)	11	SPECIES
in vitro (Human Brain Membranes)	11	SPECIES
in vitro (Mouse Liver Cytosol, Female)	11	SPECIES
in vitro (Rat Liver Microsomes, Male, Adrenalectomized)	11	SPECIES
in vitro (Rainbow Trout Liver Cytosol)	11	SPECIES
in vitro (Human Gastric Mucosa Homogenate)	11	SPECIES
in vitro (HEK 293 Cells Expressing Human UGT2B15)	11	SPECIES
in vitro (Mouse Jejunum Perfusion)	11	SPECIES
in vitro (Rabbit Lung Cells)	11	SPECIES
in vitro (Hamster Fibroblast Cells, Transfected)	11	SPECIES
in vitro (Human Cervix Carcinoma Cells, Transfected)	11	SPECIES
in vitro (Mouse Liver Microsomes, C3H/OuJ)	11	SPECIES
in vitro (Mouse Liver Microsomes, C3H/HeJ)	11	SPECIES
in vitro (Rat Liver Microsomes, Infant)	11	SPECIES
in vitro (COS Cell Microsomes)	11	SPECIES
in vitro (Human Uterus Cervix Carcinoma Cells, HeLa)	11	SPECIES
in vitro (Human Gingiva Fibroblasts)	11	SPECIES
in vitro (Bovine Mammary Gland)	11	SPECIES
in vitro (Human Prostate Microsomes)	11	SPECIES
in vitro (Rat Ovary Homogenate)	11	SPECIES
in vitro (Horse Chorion Villi Slurry)	11	SPECIES
in vitro (Horse Placenta Allantochorion Homogenate)	11	SPECIES
in vitro (Horse Placenta Allantochorion Post-Mitochondrial Fraction)	11	SPECIES
in vitro (Rat Pituitary, 60 Days)	11	SPECIES
in vitro (Rat Pituitary, 30 Days)	11	SPECIES
in vitro (HEK 293 Cells Expressing Human 11beta-HSD2)	11	SPECIES
in vitro (Mouse Diaphragm Homogenate)	11	SPECIES
in vitro (Rat Fibroblasts)	11	SPECIES
in vitro (K-562 Cell Culture)	11	SPECIES
in vitro (Human Pancreas Cancer Cells, PANC-1)	11	SPECIES
in vitro (Human Placenta Choriocarcinoma Cells, JEG-3)	11	SPECIES
in vitro (Rat Granulosa Cells)	11	SPECIES
in vitro (Human Hepatocarcinoma Cells)	11	SPECIES
in vitro (Human Liver S9 Fraction, Male)	11	SPECIES
Human (Cancer and Hepatic Impairment Patients)	11	SPECIES
in vitro (Mouse Plasma, Tumor Bearing)	11	SPECIES
in vitro (Human Liver Cytochrome P450)	11	SPECIES
Mouse (S-COMT(-/-))	11	SPECIES
Mouse (COMT(-/-))	11	SPECIES
Human (Female, HIV Infected Patients)	11	SPECIES
in vitro (Human Sperm)	11	SPECIES
in vitro (Rat Cortex)	11	SPECIES
in vitro (Salmonella typhimurium)	11	SPECIES
Mouse (Bile Duct Cannulated, Mrp2(-/-))	11	SPECIES
Mouse (Bile Duct Cannulated, Bcrp1(-/-))	11	SPECIES
Mouse (Bile Duct Cannulated, Mrp2/Bcrp1(-/-))	11	SPECIES
Mouse (TK-NOG, Chimeric, Humanized Liver, Bile Duct Cannulated)	11	SPECIES
in vitro (Chicken Oviduct)	11	SPECIES
in vitro (Cat Kidney Crandell Cells)	11	SPECIES
in vitro (Sheep Choroid Plexus Cells)	11	SPECIES
in vitro (Mouse Fibroblast Cells, C3H/3T3, Embryonic)	11	SPECIES
in vitro (Mouse Cerebellum Neurons, EtC)	11	SPECIES
in vitro (Human Kidney HEK 293 Cells, Embryonic)	11	SPECIES
in vitro (Rat Brain Nuclei)	11	SPECIES
in vitro (Human Liver Epithelium Cells Expressing Human CYP1A2)	11	SPECIES
in vitro (Rat Thyroid Homogenate)	11	SPECIES
in vitro (Rat Colon Post-Mitochondrial Fraction)	11	SPECIES
in vitro (Fish Intestine Supernatant)	11	SPECIES
in vitro (Rat Cerebral Cortex)	11	SPECIES
in vitro (Fish Kidney)	11	SPECIES
in vitro (Rat Kidney Cells, NRK-52E)	11	SPECIES
in vitro (Mouse Lung Microsomes, Cyp1a2(-/-))	11	SPECIES
in vitro (Human Lung Carcinoma Cells, H1437)	11	SPECIES
in vitro (Mouse Jejunum Perfusion, Female)	11	SPECIES
in vitro (Mouse Jejunum Perfusion, Male)	11	SPECIES
in vitro (Hamster Jejunum Perfusion, Female)	11	SPECIES
in vitro (Hamster Liver Microsomes, Fetal)	11	SPECIES
in vitro (Mouse Bronchioles)	11	SPECIES
in vitro (Mouse Liver Perfusion, B6C3F1)	11	SPECIES
in vitro (Pigeon Liver Microsomes)	11	SPECIES
in vitro (Human Oral Cavity OKF4 Cells)	11	SPECIES
in vitro (Human Skin N4EP Cells)	11	SPECIES
in vitro (Human Carcinoma SCC40 Cells)	11	SPECIES
in vitro (Human Carcinoma SCC71 Cells)	11	SPECIES
in vitro (Human Carcinoma Cells, SCC-25)	11	SPECIES
in vitro (Human Carcinoma SCC12 Cells)	11	SPECIES
in vitro (Human Carcinoma SCC13 Cells)	11	SPECIES
in vitro (Human Cerebrospinal Fluid)	11	SPECIES
in vitro (Human Glial Cells)	11	SPECIES
in vitro (Mouse Blood Cells)	11	SPECIES
in vitro (Human Colorectal Carcinoma Cells, Caco-2)	11	SPECIES
in vitro (Bovine Alveolar Macrophages)	11	SPECIES
in vitro (Rat Mesangial Cells)	11	SPECIES
in vitro (Fish Liver Cells, RTL-W1)	11	SPECIES
in vitro (Rat Distal Lung Microsomes)	11	SPECIES
in vitro (Rat Intrapulmonary Airway Microsomes)	11	SPECIES
in vitro (Hen Serum)	11	SPECIES
in vitro (Rat Blood Hemolysate)	11	SPECIES
in vitro (Human Breast Carcinoma T-47D Cells)	11	SPECIES
in vitro (Mouse Cecum Homogenate)	11	SPECIES
in vitro (Rat Leukemia RWLeu-4 Cells)	11	SPECIES
in vitro (293T Cell Lysate Expressing Human Carboxylesterase 1)	11	SPECIES
in vitro (293T Cell Lysate Expressing Human Carboxylesterase 2)	11	SPECIES
in vitro (Human Astrocytoma Cells, D-384)	11	SPECIES
in vitro (Human Hepatoma Hep G2 Cell Lysate)	11	SPECIES
in vitro (Rat Liver Stellate Cells)	11	SPECIES
in vitro (Rhesus Monkey Liver Microsomes, Male)	11	SPECIES
in vitro (Rhesus Monkey Liver Microsomes, Female)	11	SPECIES
in vitro (Rat Liver Ito Cells)	11	SPECIES
in vitro (Salvia Officinalis Cyclase)	11	SPECIES
in vitro (Human Breast Skin)	11	SPECIES
in vitro (Human Lung Fibroblasts, MRC-5)	11	SPECIES
in vitro (Human Lymphoblast Cell Extract, MOLT-4)	11	SPECIES
in vitro (Rat Lung Membranes)	11	SPECIES
in vitro (Rat Liver Golgi Membranes)	11	SPECIES
Mouse (Ornidyl Treated)	11	SPECIES
in vitro (Human Mammary Cells, HMC-1)	11	SPECIES
Mouse (Sult1a1 Knockout)	11	SPECIES
in vitro (Hamster V79 Cells Expressing Rat CYP Isoenzymes)	11	SPECIES
in vitro (Human Vagina)	11	SPECIES
Mouse (Female, Ovariectomized)	11	SPECIES
in vitro (Chicken Red Blood Cell Hemolysate)	11	SPECIES
in vitro (Guinea Pig Kidney Cytosol)	10	SPECIES
in vitro (HEK 293 Cells Expressing Human UGT1A4)	10	SPECIES
in vitro (Human Lymphoblast Cells Expressing Human CYP2C9)	10	SPECIES
in vitro (Human Kidney HEK 293 Cell Microsomes, Embryonic, Transfected)	10	SPECIES
in vitro (Monkey Placenta Microsomes)	10	SPECIES
in vitro (Human Liver Microsomes, Embryonic)	10	SPECIES
in vitro (Rat Mammary Epithelium Cells)	10	SPECIES
in vitro (Mouse Uterus Cytosol)	10	SPECIES
in vitro (Mouse Liver Microsomes, Transgenic, CAR and PXR Humanized)	10	SPECIES
in vitro (Mouse Liver Microsomes, Cytochrome P450 Reductase-Null, Cytochr+	10	SPECIES
in vitro (Human Liver Microsomes and Rat Liver Cytosol)	10	SPECIES
Dog (Male, Neonatal)	10	SPECIES
Dog (Female, Neonatal)	10	SPECIES
Dog (Male, Adult)	10	SPECIES
Dog (Female, Adult)	10	SPECIES
in vitro (Rat Tissue Microsomes)	10	SPECIES
in vitro (Hamster Intestine Cytosol)	10	SPECIES
in vitro (Hep G2 Cells Expressing Human CYP2D6)	10	SPECIES
in vitro (Beauveria Fungus Cells)	10	SPECIES
in vitro (Rabbit Liver Aldehyde Oxidase)	10	SPECIES
Human (Severe Hepatic Impairment Patients)	10	SPECIES
in vitro (Rat Liver Microsomes, Tumor Bearing)	10	SPECIES
in vitro (Rat Liver Microsomes, Hepatic Dysfunction-Induced)	10	SPECIES
in vitro (Duck Liver Microsomes)	10	SPECIES
Rat (Partially Hepatectomized)	10	SPECIES
in vitro (Mouse Myeloma Cells, P3O)	10	SPECIES
in vitro (COS-1 Cell Cytosol Expressing Rat SULT1C1)	10	SPECIES
in vitro (Human Intestine Caco-2 Cells Expressing CYP3A4)	10	SPECIES
in vitro (Rat Liver Microsomes, High Alcohol Sensitive)	10	SPECIES
in vitro (Rat Liver Microsomes, Low Alcohol Sensitive)	10	SPECIES
Human (Female, Drug Abuser)	10	SPECIES
Mouse (Fmo1(-/-))	10	SPECIES
in vitro (Rabbit Lung)	10	SPECIES
Llama	10	SPECIES
in vitro (Rabbit Microsomes)	10	SPECIES
in vitro (Human Kidney HEK 293T Cells Expressing Fish UGT Isoenzymes)	10	SPECIES
Donkey	10	SPECIES
Human (Male, Elderly)	10	SPECIES
in vitro (Rat Alveolar Epithelium Cells)	10	SPECIES
in vitro (Human Liver, Fetal)	10	SPECIES
Human (Hepatocellular Carcinoma Patients)	10	SPECIES
in vitro (Mouse Liver Perfusion, Mrp3(-/-))	10	SPECIES
in vitro (Rat Liver Microsomes, Regenerated)	10	SPECIES
in vitro (Rat Liver, Male)	10	SPECIES
in vitro (Human Liver Perfusion)	10	SPECIES
Human (Liver Cancer Patients)	10	SPECIES
in vitro (Human B-Lymphoblast Cell Microsomes, Transfected)	10	SPECIES
in vitro (Rabbit Skin Homogenate)	10	SPECIES
in vitro (Human Multiple Myeloma Cells, MM.1S)	10	SPECIES
in vitro (Human Pancreas Carcinoma Cells, PANC-1)	10	SPECIES
in vitro (Rabbit Heart Cytosol)	10	SPECIES
in vitro (Human Myeloid Leukemia Cells, K-562)	10	SPECIES
Human (AIDS Patients)	10	SPECIES
in vitro (Mouse Mammary Gland Cells, HC11)	10	SPECIES
in vitro (Human Proximal Jejunum Slices)	10	SPECIES
in vitro (Human Ovary Tumor Cells)	10	SPECIES
in vitro (Fish Gill Filaments)	10	SPECIES
in vitro (Human Lymphoblast Cells Expressing Human CYP2E1)	10	SPECIES
in vitro (Marmoset Monkey Liver Homogenate)	10	SPECIES
in vitro (Mouse Liver Nuclei)	10	SPECIES
Rat (Hairless)	10	SPECIES
in vitro (COS-7 Cell Microsomes Expressing Guinea Pig UGT2B21)	10	SPECIES
in vitro (COS-7 Cell Microsomes Expressing Guinea Pig UGT2B22)	10	SPECIES
in vitro (Rabbit Kidney Perfusion)	10	SPECIES
in vitro (Guinea Pig Adrenal Cortex Microsomes)	10	SPECIES
in vitro (Fish Liver Microsomes and Human Epoxide Hydrolase)	10	SPECIES
in vitro (Fish Liver Microsomes, Red Mullet)	10	SPECIES
in vitro (Channel Catfish Liver Microsomes, beta-Naphthoflavone Treated)	10	SPECIES
in vitro (Channel Catfish Intestine Microsomes, beta-Naphthoflavone Treat+	10	SPECIES
in vitro (Rat Placenta Microsomes, Labyrinth Zone)	10	SPECIES
in vitro (Human Skin Model, EpiDerm-FT)	10	SPECIES
in vitro (Rat Liver Microsomes, 3-MC Treated)	10	SPECIES
in vitro (Rat Liver Microsomes, 3-Methylcholanthrene-Induced)	10	SPECIES
in vitro (Rat Brain Cells)	10	SPECIES
in vitro (Human Skin Epidermis)	10	SPECIES
in vitro (Human Colon Carcinoma Cells, Caco-2, Transfected)	10	SPECIES
in vitro (Human Lymphoblastoma Microsomes)	10	SPECIES
in vitro (Human Red Blood Cell Lysate)	10	SPECIES
in vitro (Rat Red Blood Cell Lysate)	10	SPECIES
in vitro (Dog Jejunum Microsomes)	10	SPECIES
in vitro (Rat Jejunum Cytosol)	10	SPECIES
in vitro (Rat Cerebellum Membranes)	10	SPECIES
in vitro (Dog Liver Microsomes, Beagle)	10	SPECIES
Human (Cancer Patients, Smoker)	10	SPECIES
in vitro (Hamster Lung Fibroblast V79 Cells Expressing Horse CYP2B6)	10	SPECIES
in vitro (Rat Liver Cytosol, ACI)	10	SPECIES
in vitro (Rat Liver Cytosol, Spague-Dawley)	10	SPECIES
in vitro (Mouse Liver Cytosol, Obese)	10	SPECIES
in vitro (Rat Nasal Mucosa)	10	SPECIES
in vitro (Sheep Intestine Microsomes)	10	SPECIES
in vitro (Human Liver Endoplasmic Reticulum)	10	SPECIES
in vitro (Sheep Lung Microsomes)	10	SPECIES
in vitro (Mouse Liver Microsomes, Liver-Cpr-Null)	10	SPECIES
Human (Smokeless Tobacco User)	10	SPECIES
in vitro (Rat Liver Cytochrome P4502B1)	10	SPECIES
in vitro (Elk Liver Microsomes)	10	SPECIES
in vitro (Human Kidney 293 Cell Microsomes Expressing Human UGTs, Embryon+	10	SPECIES
in vitro (HEK 293 Cell Homogenate Expressing Human UGT1A1)	10	SPECIES
in vitro (HEK 293 Cell Microsomes Expressing Human UGT1A8)	10	SPECIES
in vitro (COS-1 Cells Expressing Human UGT1A1)	10	SPECIES
in vitro (Human Breast Epithelium Cells)	10	SPECIES
in vitro (Guinea Pig Uterus)	10	SPECIES
in vitro (Guinea Pig Chorion)	10	SPECIES
in vitro (Rat Spinal Cord Homogenate)	10	SPECIES
in vitro (Human Leukemia Cells, THP-1)	10	SPECIES
in vitro (Bovine Colon Epithelium Cells, Cultured)	10	SPECIES
in vitro (Rat Skin Supernatant)	10	SPECIES
in vitro (Human Lymphoblastoid Cell Microsomes Expressing Human CYP1A1)	10	SPECIES
in vitro (Rat Liver Nonparenchymal Cells)	10	SPECIES
in vitro (Human Adipose Homogenate)	10	SPECIES
in vitro (Human Pancreas Microsomes)	10	SPECIES
in vitro (Rat Conceptus Supernatant)	10	SPECIES
in vitro (Hamster Intestine Microsomes)	10	SPECIES
in vitro (Human Sebaceous Gland)	10	SPECIES
in vitro (COS Cells, Transfected)	10	SPECIES
in vitro (Human Liver Microsomes, CYP27 Gene Mutation)	10	SPECIES
in vitro (Mouse Liver Microsomes, Female, Cyp27(-/-))	10	SPECIES
in vitro (Cynomolgus Monkey Liver Microsomes, Male)	10	SPECIES
in vitro (Cynomolgus Monkey Liver Microsomes, Female)	10	SPECIES
in vitro (Guinea Pig Chorion and Uterus)	10	SPECIES
in vitro (Mouse Lung, Fetal)	10	SPECIES
in vitro (Mouse Lung, Neonatal)	10	SPECIES
in vitro (Monkey Kidney COS-1 Cells, Transfected)	10	SPECIES
in vitro (Bovine Adrenal Microsomes)	10	SPECIES
in vitro (Rat Placenta Homogenate)	10	SPECIES
in vitro (Monkey Adrenal Microsomes)	10	SPECIES
in vitro (Mouse Muscle Homogenate)	10	SPECIES
in vitro (Rat Stomach Mucosa)	10	SPECIES
in vitro (Rabbit Testis Homogenate)	10	SPECIES
in vitro (Rabbit Heart Homogenate)	10	SPECIES
in vitro (Monkey Kidney Cells)	10	SPECIES
in vitro (Fish Brain)	10	SPECIES
in vitro (Human Colon Adenocarcinoma Cells, HCT-8)	10	SPECIES
in vitro (Fish Ovary)	10	SPECIES
in vitro (Human Prostate Carcinoma Cells)	10	SPECIES
in vitro (Rat Small Intestine Serosa)	10	SPECIES
in vitro (Pig Cecum Contents)	10	SPECIES
in vitro (Mouse Hepatoma Cells, Hepa 1c1c4)	10	SPECIES
in vitro (Mouse Hepatoma Cells, Hepa 1c1c12)	10	SPECIES
in vitro (Mongolian Gerbil Liver Microsomes)	10	SPECIES
in vitro (A549 Cells)	10	SPECIES
in vitro (Ad293 Cells Expressing Human CYP3A5)	10	SPECIES
in vitro (Ad293 Cells Expressing Human CYP1A1)	10	SPECIES
in vitro (Ad293 Cells Expressing Human CYP3A7)	10	SPECIES
in vitro (Human AHH-1 TK+/- Cell Microsomes Expressing Human CYP1A2)	10	SPECIES
in vitro (Mouse Striatum Homogenate)	10	SPECIES
Human (Emphysema Patients)	10	SPECIES
in vitro (Human Blood Monocytes, Langerhans)	10	SPECIES
in vitro (Mouse Red Blood Cells)	10	SPECIES
in vitro (Rat Colon Supernatant)	10	SPECIES
in vitro (Rat Bladder)	10	SPECIES
in vitro (Rat Alveolar Macrophages)	10	SPECIES
in vitro (Human White Blood Cells)	10	SPECIES
in vitro (Human Liver Epithelium Cells Expressing Human CYP2C9)	10	SPECIES
Mouse (TK-NOG, Bile Duct Cannulated)	10	SPECIES
Mouse (SCID)	10	SPECIES
in vitro (H9 Cell Cytosol Thymidine Kinase)	10	SPECIES
in vitro (HEK 293S Cells, Transfected)	10	SPECIES
in vitro (HEK 293S Cells)	10	SPECIES
in vitro (Sheep Liver Homogenate)	10	SPECIES
Mouse (BALB/c)	10	SPECIES
in vitro (Caco-2 Cell Microsomes)	10	SPECIES
Rat (Adult)	10	SPECIES
in vitro (Human Kidney HEK 293 Cells)	10	SPECIES
in vitro (Fish Liver S10 Fraction)	10	SPECIES
in vitro (Rat Epididymis)	10	SPECIES
in vitro (Mouse Skin Papilloma Cell Lysate)	10	SPECIES
in vitro (Fish Plasma)	10	SPECIES
in vitro (Hamster Liver Microsomes, Female, Pregnant)	10	SPECIES
in vitro (Hamster Lung Microsomes, Female, Pregnant)	10	SPECIES
in vitro (Hamster Lung Microsomes, Fetal)	10	SPECIES
in vitro (Mouse Lung Microsomes, Cyp2a5-Null)	10	SPECIES
in vitro (Human Blood Hemolysate)	10	SPECIES
in vitro (Monkey Brain Mitochondria)	10	SPECIES
in vitro (Fish Intestine Perfusion, Catfish)	10	SPECIES
Human (Non-Hodgkin's Lymphoma Patients)	10	SPECIES
in vitro (Rabbit Brain Supernatant)	10	SPECIES
in vitro (Rat Kidney Tubules)	10	SPECIES
in vitro (Guinea Pig Blood Cells)	10	SPECIES
in vitro (Hamster Fibroblasts, Embryonic)	10	SPECIES
in vitro (Rat Pineal Gland Homogenate)	10	SPECIES
Rat (Food Restricted)	10	SPECIES
in vitro (Rat Basophilic Leukemia Cells)	10	SPECIES
in vitro (COS-1 Cell Microsomes Expressing CYP2C2)	10	SPECIES
in vitro (Rat Tumor Homogenate)	10	SPECIES
in vitro (HEK 293 Cells Expressing Mouse Leukocyte (12S)-Lypoxygenase)	10	SPECIES
in vitro (HEK 293 Cells Expressing Mouse Platelet (12S)-Lypoxygenase)	10	SPECIES
in vitro (HEK 293 Cells Expressing Mouse Skin (12S)-Lypoxygenase)	10	SPECIES
in vitro (Rabbit Cornea Epithelium)	10	SPECIES
Human (Chronic Hepatitis C Patients)	10	SPECIES
in vitro (Chicken Serum)	10	SPECIES
in vitro (Rat Kidney Brush Border Membranes)	10	SPECIES
Rhesus Monkey (Extensive Metabolizer)	10	SPECIES
Rhesus Monkey (Poor Metabolizer)	10	SPECIES
in vitro (Human Polymorphonuclear Cells)	10	SPECIES
in vitro (Mouse Hepatoma Cell Lysate, Hepa 1c1c7)	10	SPECIES
in vitro (Mouse Kidney S9 Fraction)	10	SPECIES
in vitro (Rat Liver Light Mitochondria)	10	SPECIES
in vitro (Monkey Serum)	10	SPECIES
in vitro (Human Breast Tumor HTB-132 Cells)	10	SPECIES
in vitro (Minipig Blood)	10	SPECIES
in vitro (Pig Heart Cytosol)	10	SPECIES
in vitro (Rat Heart Lysosomes)	10	SPECIES
in vitro (Mouse Peritoneal Macrophage Lysate)	10	SPECIES
Mouse (Cyp24a1(-/-))	10	SPECIES
in vitro (Human Colon Adenocarcinoma Cells, Caco-2, Monolayer, Apical Sid+	10	SPECIES
in vitro (Human Colon Adenocarcinoma Cells, Caco-2, Monolayer, Basolatera+	10	SPECIES
in vitro (Rat Small Intestine Epithelium Cells, IEC-18, Monolayer, Apical+	10	SPECIES
in vitro (Rat Small Intestine Epithelium Cells, IEC-18, Monolayer, Basola+	10	SPECIES
in vitro (Human EHEB Cells, B-Cell Chronic Lymphocytic Leukemia Patients)	10	SPECIES
in vitro (Mouse Brain Membrane Homogenate)	10	SPECIES
in vitro (Human HeLa Cells)	10	SPECIES
Rat (Bile Duct and Bladder Catheterized)	10	SPECIES
Mouse (Arsenic (+3 Oxidation State) Methyltransferase Knockout)	10	SPECIES
in vitro (Dog Hepatocytes, Beagle)	10	SPECIES
in vitro (Rat Liver Microsome Membranes)	10	SPECIES
in vitro (Hamster Fecal Culture)	10	SPECIES
Mouse (Irradiated)	10	SPECIES
Human (Children, Liver Transplanted Patients)	10	SPECIES
in vitro (Rabbit Kidney Cortex Tubules)	10	SPECIES
in vitro (Human Lymphoblast Cell Line APRT1)	10	SPECIES
in vitro (Human Lymphoblast Cell Line APRT2)	10	SPECIES
in vitro (Human Lymphoblast Cell Line ADA2)	10	SPECIES
in vitro (Dog Muscle Mitochondria)	10	SPECIES
Cynomolgus Monkey (Female)	10	SPECIES
in vitro (Human Liver Epithelium Cells, THLE)	10	SPECIES
Dog (Female, Lactating)	10	SPECIES
in vitro (Rat Thymocytes)	10	SPECIES
in vitro (Rat Duodenum, Germ-free)	10	SPECIES
in vitro (Rat Liver Cytosol, Anaerobic Conditions)	10	SPECIES
in vitro (Human Liver Microsomes, Anaerobic Conditions)	10	SPECIES
in vitro (Human Liver Cytosol, Anaerobic Conditions)	10	SPECIES
in vitro (Human Breast Cancer MDA 468 Cells)	10	SPECIES
Rhesus Monkey (Adult)	10	SPECIES
in vitro (Hamster Cells, V79MZ, Transfected)	10	SPECIES
in vitro (Chinese Hamster V79 Cells Expressing Human CYP3A4)	10	SPECIES
in vitro (Chinese Hamster V79 Cells Expressing Human CYP1A2)	10	SPECIES
Mouse (Human Ovary Cancer OVCAR-3 Cells Implanted)	10	SPECIES
in vitro (Rat Small Intestine Post-Mitochondrial Fraction)	10	SPECIES
Mouse (Tumor Cells Implanted)	10	SPECIES
Mouse (Osteomyelitic)	10	SPECIES
Mouse (4T1 Xenograft Bearing, Bacteria Intratumorally Injected)	10	SPECIES
in vitro (Calf Liver Supernatant)	9	SPECIES
in vitro (Calf Liver Cytosol)	9	SPECIES
in vitro (Rabbit Brain Homogenate)	9	SPECIES
in vitro (Microsomes Expressing Human CYP3A4)	9	SPECIES
in vitro (Mouse Prostate Cytosol Expressing Human NAT2)	9	SPECIES
in vitro (Mouse Bladder Cytosol)	9	SPECIES
in vitro (Monkey Intestine Cytosol)	9	SPECIES
in vitro (Dog Intestine Cytosol)	9	SPECIES
in vitro (Rhesus Monkey Liver Cytosol)	9	SPECIES
in vitro (Human Liver Cells, HepaRG)	9	SPECIES
in vitro (Mouse Liver Microsomes, DBA/2J)	9	SPECIES
in vitro (Mouse Everted Small Intestine Sac)	9	SPECIES
in vitro (Human Lymphoblast Cell Microsomes Expressing CYP2C9)	9	SPECIES
in vitro (Hep G2 Cells Expressing Human CYP2C19)	9	SPECIES
in vitro (Human Hepatoblastoma Hep G2 Cells, Transfected)	9	SPECIES
in vitro (Rat Liver Microsomes, Dark Agouti)	9	SPECIES
in vitro (Hep G2 Cells Expressing Human CYP1A1)	9	SPECIES
Human (Lung Cancer Patients)	9	SPECIES
in vitro (Hep G2 Cell Microsomes, Transfected)	9	SPECIES
in vitro (Guinea Pig Small Intestine Microsomes)	9	SPECIES
Human (Female, Poor Metabolizer)	9	SPECIES
in vitro (Chicken Liver Supernatant)	9	SPECIES
in vitro (Bird Kidney Microsomes, Pheasant)	9	SPECIES
in vitro (Rat Liver Microsomes, Diabetic, Alloxan-Induced)	9	SPECIES
in vitro (Mouse Liver Microsomes, Cyp3a-Null)	9	SPECIES
in vitro (Human Kidney 293 Cells Expressing Human UGT1A3)	9	SPECIES
in vitro (Human Kidney 293 Cells Expressing Human UGT1A7)	9	SPECIES
in vitro (HEK 293 Cells Expressing Human UGT1A10)	9	SPECIES
in vitro (HEK 293 Cells Expressing Human UGT1A7)	9	SPECIES
Alpaca	9	SPECIES
in vitro (Human Kidney HEK 293T Cells Expressing Fish UGT1A1)	9	SPECIES
in vitro (Human Kidney HEK 293T Cells Expressing Fish UGT5A5)	9	SPECIES
Human (Bone Marrow Transplanted Patients)	9	SPECIES
in vitro (Human Hepatocytes, Immortalized, Fa2N-4)	9	SPECIES
Cow (Lactating)	9	SPECIES
Human (Thalassemia Patients)	9	SPECIES
in vitro (Mouse Lateral Nasal Gland Microsomes)	9	SPECIES
in vitro (Cynomolgus Monkey Duodenum Microsomes)	9	SPECIES
in vitro (Cynomolgus Monkey Jejunum Microsomes)	9	SPECIES
in vitro (Cynomolgus Monkey Ileum Microsomes)	9	SPECIES
in vitro (Human Lymphoblastoid Cell Microsomes)	9	SPECIES
in vitro (Human Lymphoblastoid Cell Microsomes Expressing Human CYP1A2)	9	SPECIES
in vitro (Rainbow Trout Liver)	9	SPECIES
in vitro (Hen Egg, Yolk)	9	SPECIES
in vitro (Rat Everted Jejunum Perfusion)	9	SPECIES
in vitro (Human Bone Marrow Leukemia Blasts)	9	SPECIES
in vitro (Human Colon Carcinoma Cell Lysate)	9	SPECIES
in vitro (Human Lung Cancer Cells, H460)	9	SPECIES
in vitro (Rabbit Heart Microsomes)	9	SPECIES
in vitro (Human Myocardium Membranes)	9	SPECIES
in vitro (Bovine Serum, Fetal)	9	SPECIES
in vitro (Human Breast Cancer MCF-7/ADR Cells)	9	SPECIES
in vitro (Human Breast Cancer)	9	SPECIES
in vitro (Bovine Olfactory Epithelium Microsomes)	9	SPECIES
Fish (Atlantic Salmon)	9	SPECIES
in vitro (Marmoset Small Intestine Microsomes)	9	SPECIES
in vitro (Catfish Intestine Cytosol)	9	SPECIES
in vitro (Mouse Placenta Microsomes)	9	SPECIES
in vitro (Mouse Heart Supernatant)	9	SPECIES
in vitro (Hamster Trachea Epithelium Cells)	9	SPECIES
in vitro (Human Keratinocytes, Cultured)	9	SPECIES
in vitro (Rainbow Trout Liver Fractions)	9	SPECIES
in vitro (Hamster Testis Microsomes)	9	SPECIES
in vitro (Bull Testis Microsomes)	9	SPECIES
in vitro (Ram Liver Microsomes)	9	SPECIES
in vitro (Ram Testis Microsomes)	9	SPECIES
in vitro (Fish Liver S9 Fraction, Male)	9	SPECIES
in vitro (Human Kidney 293 Cells Expressing Human 11beta-HSD1)	9	SPECIES
in vitro (Rat Enterocytes)	9	SPECIES
in vitro (Human Hep G2 Cells, Transfected)	9	SPECIES
in vitro (Human Colon Adenocarcinoma Cells, LS180)	9	SPECIES
in vitro (Human Small Intestine Mucosa)	9	SPECIES
Rat (Bile Exteriorized)	9	SPECIES
Human (Children, HIV Infected Patients)	9	SPECIES
in vitro (Bovine Adrenal Cortex Microsomes)	9	SPECIES
in vitro (Human Kidney Proximal Tubule Cells, HK-2)	9	SPECIES
in vitro (Human Endothelial Cells)	9	SPECIES
in vitro (Rat Intestine Segment)	9	SPECIES
Mouse (Mrp2(-/-))	9	SPECIES
in vitro (Human Melanoma Cells, A375)	9	SPECIES
Mouse (Abcc2(-/-)/Abcc3(-/-))	9	SPECIES
Human (Cancer Patients, Non-Smoker)	9	SPECIES
in vitro (Hamster V79 Cells Expressing Human Phenol Sulfotransferase)	9	SPECIES
in vitro (Mouse Liver Microsomes, Cyp2e1-Null)	9	SPECIES
in vitro (Rat Colon Mucosa Microsomes)	9	SPECIES
in vitro (Mouse Liver Microsomes, Cyp2e1 Knockout)	9	SPECIES
in vitro (Rat Liver, Female, Pregnant)	9	SPECIES
in vitro (Mouse Liver Microsomes, ob/ob)	9	SPECIES
Mouse (Uridine Phosphorylase(-/-))	9	SPECIES
in vitro (Rat Liver Catechol O-Methyltransferase)	9	SPECIES
in vitro (Rat Liver Microsomes, Warfarin Resistant)	9	SPECIES
in vitro (Rat Liver Microsomes, Warfarin Sensitive)	9	SPECIES
in vitro (Rat Liver Microsomes, Sprague-Dawley, Male)	9	SPECIES
in vitro (Rat Liver Microsomes, Sprague-Dawley, Female)	9	SPECIES
in vitro (Minipig Hepatocytes)	9	SPECIES
in vitro (Human Adenocarcinoma Cells, Caco-2)	9	SPECIES
in vitro (HEK 293 Cell Microsomes Expressing Human UGT1A1)	9	SPECIES
in vitro (Rabbit Olfactory Cytochrome P450)	9	SPECIES
in vitro (Mouse Liver Cytosol, Male)	9	SPECIES
in vitro (Human Leukemia Cell Cytosol, HL-60)	9	SPECIES
in vitro (Rabbit Liver Microsomes, Washed)	9	SPECIES
in vitro (Rat Jejunum Mucosa S9 Fraction)	9	SPECIES
in vitro (HEK 293 Cell Homogenate Expressing Human UGT2B17)	9	SPECIES
in vitro (HEK 293 Cells Overexpressing Human UGT2A1*1)	9	SPECIES
in vitro (HEK 293 Cells Overexpressing Human UGT2A1*2)	9	SPECIES
in vitro (HEK 293 Cells Overexpressing Human UGT2A1*3)	9	SPECIES
Mouse (Abcg2(-/-)/Abcc2(-/-))	9	SPECIES
in vitro (Hamster Lung Fibroblast V79 Cell Membranes Expressing Human UGT+	9	SPECIES
in vitro (Human T5 Cells, Transfected)	9	SPECIES
in vitro (Lymphoblast Cell Microsomes Expressing Human CYP2E1)	9	SPECIES
in vitro (Fish Liver Microsomes, Salmon)	9	SPECIES
in vitro (Fish Hepatocytes, Rainbow Trout)	9	SPECIES
in vitro (Human Planta Skin Epithelium, Keratinized)	9	SPECIES
in vitro (Hamster V79 Cells Expressing Human UGT Isoenzymes)	9	SPECIES
in vitro (Rat Hepatocyte-Like Cells, Progenitor-Derived, B-13/H)	9	SPECIES
in vitro (Human Polymorphonuclear Neutrophils)	9	SPECIES
in vitro (Human Liver Homogenate, Embryonic)	9	SPECIES
in vitro (Sheep Kidney Microsomes)	9	SPECIES
in vitro (Rat Hepatocytes, P9)	9	SPECIES
in vitro (Rat Thymus Microsomes)	9	SPECIES
in vitro (Human Colorectal Cancer Cells, LoVo)	9	SPECIES
in vitro (Rat Brain Oligodendrocytes)	9	SPECIES
in vitro (Human Brain)	9	SPECIES
in vitro (Pig Liver Stem Cells, PICM-19H)	9	SPECIES
in vitro (Human Colorectal Adenocarcinoma Cell Microsomes, Caco-2)	9	SPECIES
in vitro (Human Hepatocellular Carcinoma Cell Microsomes, Hep G2)	9	SPECIES
in vitro (Mouse Tumor, Human LNCaP Tumor Bearing)	9	SPECIES
in vitro (Mouse Tumor, Human LNCaP Tumor Bearing, Castrated)	9	SPECIES
in vitro (Rat Spinal Cord)	9	SPECIES
in vitro (Human Glioblastoma Cells)	9	SPECIES
in vitro (Human T4 Lymphocyte Cell Line CEM)	9	SPECIES
in vitro (Human Granulosa Cells)	9	SPECIES
in vitro (Human Ovary Epithelium Carcinoma Cells, SKOV-3)	9	SPECIES
in vitro (Human Breast Adipose Stromal Cells)	9	SPECIES
in vitro (Human Prostate Cancer Cells, LNCaP, Transfected)	9	SPECIES
in vitro (Human Hepatocytes, THLE-2)	9	SPECIES
in vitro (Mouse Olfactory Microsomes)	9	SPECIES
in vitro (Rabbit Brain Mitochondria)	9	SPECIES
in vitro (Monkey Microsomes)	9	SPECIES
in vitro (Ad293 Cells Expressing Human CYP2C8)	9	SPECIES
in vitro (Human AHH1-TK+/- Cell Microsomes Expressing Human CYP1A2)	9	SPECIES
in vitro (Human Epidermis Melanocytes)	9	SPECIES
in vitro (Rat Adipocytes)	9	SPECIES
in vitro (Pig Aorta Endothelial Cells)	9	SPECIES
in vitro (Rat Muscle)	9	SPECIES
in vitro (Human Kidney Cells, 293T, Transfected)	9	SPECIES
in vitro (Mouse Hippocampus Cells, BHc)	9	SPECIES
in vitro (Sheep Kidney Homogenate)	9	SPECIES
in vitro (Mouse Adrenal Gland Y-1 Cells)	9	SPECIES
in vitro (Mouse Liver Microsomes, Transgenic, Mouse Cyp1a2(-/-), Human CY+	9	SPECIES
in vitro (Toad Tissue Supernatant)	9	SPECIES
in vitro (Mouse Bladder Post-Mitochondrial Fraction)	9	SPECIES
in vitro (Human Lung Carcinoma Cells, H460)	9	SPECIES
in vitro (Mouse Epidermis Homogenate)	9	SPECIES
in vitro (Rat Epididymis Sperm)	9	SPECIES
in vitro (Rat Kidney Supernatant, Diabetic)	9	SPECIES
in vitro (Rat Brain Cortex)	9	SPECIES
in vitro (Rat Hepatoma Cells, Fa32)	9	SPECIES
in vitro (Rat Hepatocytes, Aroclor 1254 Treated)	9	SPECIES
in vitro (Rat Nasal Epithelium Microsomes)	9	SPECIES
in vitro (Hamster Brain Homogenate)	9	SPECIES
in vitro (HEK 293 Cell Homogenate Expressing Human UGT1A7)	9	SPECIES
in vitro (Human Skin Fibroblasts, Cultured)	9	SPECIES
in vitro (Human Myeloid Leukemia Cells)	9	SPECIES
in vitro (Human Mammary Carcinoma Cells, T-47D)	9	SPECIES
Rat (Fed)	9	SPECIES
in vitro (Human Buccal Epithelium Cells)	9	SPECIES
in vitro (Human Astrocytes)	9	SPECIES
in vitro (Rat Colon Mucosa and Tumor)	9	SPECIES
in vitro (Rat Brain Microvessels)	9	SPECIES
in vitro (Human Platelet Microsomes)	9	SPECIES
in vitro (Human Colon Tumor Microsomes)	9	SPECIES
in vitro (Cormorant Liver Microsomes)	9	SPECIES
in vitro (Heron Liver Microsomes)	9	SPECIES
in vitro (Rat Glioma Cells)	9	SPECIES
in vitro (Chinese Hamster Lung Fibroblast V79 Cells Expressing Human CYP2+	9	SPECIES
in vitro (Chinese Hamster Lung Fibroblast V79 Cells Expressing Human CYP3+	9	SPECIES
in vitro (Rat Jejunum Serosa)	9	SPECIES
in vitro (Human Glioblastoma Cells, U421)	9	SPECIES
in vitro (Human T-Lymphoid Cells)	9	SPECIES
in vitro (Human Kidney 293T Cells, Embryonic, Transfected)	9	SPECIES
in vitro (HEK 293 Cell Microsomes, Transfected)	9	SPECIES
Human (Children, Psychiatric Patients)	9	SPECIES
in vitro (Human B-Lymphoblastoid Cells Expressing Rat CYP2E1)	9	SPECIES
in vitro (Hen Liver)	9	SPECIES
in vitro (Hen Brain)	9	SPECIES
in vitro (HPK1A-ras Cells)	9	SPECIES
in vitro (Guinea Pig Red Blood Cells)	9	SPECIES
in vitro (Caco-2 Cell S9 Fraction)	9	SPECIES
in vitro (AHH-1 TK+/- Cell Microsomes Expressing Human CYP2E1)	9	SPECIES
in vitro (AHH-1 TK+/- Cell Microsomes Expressing Human CYP2D6)	9	SPECIES
in vitro (AHH-1 TK+/- Cell Microsomes Expressing Human CYP2C19)	9	SPECIES
in vitro (Fish Intestine Homogenate)	9	SPECIES
Rat (Immature)	9	SPECIES
in vitro (Human Liver Mitochondria, Japanese)	9	SPECIES
in vitro (Monkey Brain Homogenate)	9	SPECIES
in vitro (Frog Brain)	9	SPECIES
in vitro (COS-1 Cells Expressing Angora Goat CYP17 ACS+ and 3beta-Hydroxy+	9	SPECIES
in vitro (Fish Ovary Follicles, Rainbow Trout)	9	SPECIES
in vitro (Human Ileostomy Fluid)	9	SPECIES
in vitro (Human Neutrophil Microsomes)	9	SPECIES
in vitro (Human Aorta Endothelial Cells)	9	SPECIES
in vitro (Human Polymorphonuclear Leukocyte Microsomes)	9	SPECIES
in vitro (Mouse Liver Cytosol, Cyp1a1(-/-))	9	SPECIES
in vitro (Mouse Liver Cytosol, Cyp1a2(-/-))	9	SPECIES
in vitro (Mouse Liver Cytosol, Cyp1a1/1a2(-/-))	9	SPECIES
in vitro (Mouse Liver Cytosol, Transgenic, Cyp1a1/1a2(-/-), Human CYP1A1/+	9	SPECIES
in vitro (Human Lymphoma Cells, RL)	9	SPECIES
in vitro (Rat Pancreas Fluid)	9	SPECIES
in vitro (Human Serum, Cancer Patients)	9	SPECIES
Dog (Lymph Duct Cannulated)	9	SPECIES
in vitro (Dog Brain Homogenate)	9	SPECIES
in vitro (Human Lung Cells, Embryonic)	9	SPECIES
in vitro (Human Lung Cells, Embryonic, Human Cytomegalovirus Infected)	9	SPECIES
in vitro (Mouse Mammary Carcinoma Cells)	9	SPECIES
in vitro (Human Intestine Cells, HT-29-MTX)	9	SPECIES
in vitro (Human T-Lymphocytes)	9	SPECIES
in vitro (Human Leukemia Cells, Jurkat)	9	SPECIES
in vitro (Chinese Hamster Lung Fibroblast V79 Cells Expressing Human SULT+	9	SPECIES
in vitro (Hamster Lung Cells)	9	SPECIES
in vitro (Bovine Blood)	9	SPECIES
in vitro (Dog Intestine S9 Fraction)	9	SPECIES
Rat (Ornidyl Treated)	9	SPECIES
in vitro (Rhesus Monkey Hepatocytes, Cryopreserved)	9	SPECIES
in vitro (Hamster Ovary Cells, AA8, Transfected)	9	SPECIES
Dog (Extensive Metabolizer)	9	SPECIES
Dog (Poor Metabolizer)	9	SPECIES
in vitro (Human Cancer Cells, A549)	9	SPECIES
in vitro (Human Skin Fibroblasts Expressing Human CYP2E1)	9	SPECIES
Mouse (Athymic)	9	SPECIES
in vitro (Human Umbilical Artery Homogenate)	9	SPECIES
in vitro (Monkey Lung S9 Fraction)	9	SPECIES
in vitro (Human Leukemia Cells, Jurkat A3)	9	SPECIES
Mouse (Colon 26 Bearing)	9	SPECIES
in vitro (Rat Liver Microsomes, Aroclor 1254 Treated)	9	SPECIES
Rat (Bile Duct Cannulated, Fast Metabolizer)	9	SPECIES
in vitro (Human Platelet Membranes)	8	SPECIES
in vitro (Human Liver Microsomes, Smoker)	8	SPECIES
Human (Alcohol Abuser, Overdosed)	8	SPECIES
Salmo Salar	8	SPECIES
in vitro (Mouse Spleen Cytosol)	8	SPECIES
in vitro (Rat Liver Enzymes)	8	SPECIES
in vitro (Rat Liver Microsomes, Renal Failure)	8	SPECIES
in vitro (Dog Hepatocyte Homogenate)	8	SPECIES
in vitro (Rabbit Tissue Microsomes)	8	SPECIES
in vitro (Hep G2 Cells Expressing Human CYP2A6)	8	SPECIES
in vitro (Human Hepatocytes, UGT1A9 siRNA Transfected)	8	SPECIES
in vitro (Human Hepatocytes, UGT2B7 siRNA Transfected)	8	SPECIES
Fish (Zebrafish)	8	SPECIES
in vitro (Human Lymphoblast Microsomes)	8	SPECIES
in vitro (Human AHH-1 Cells)	8	SPECIES
in vitro (Human Brain Mitochondria)	8	SPECIES
in vitro (COS-1 Cell Cytosol Expressing Rat SULT1A1)	8	SPECIES
in vitro (COS-1 Cell Cytosol Expressing Rat SULT1A3)	8	SPECIES
in vitro (Human HEK 293-6E Cell Microsomes Expressing Cynomolgus Monkey C+	8	SPECIES
in vitro (Human B-Lymphoblastoid Cell Microsomes Expressing Human CYP3A4 +	8	SPECIES
Rat (Portal Vein Ligated)	8	SPECIES
in vitro (Human Liver Supernatant, Embryonic)	8	SPECIES
in vitro (Human Kidney Cells, HEK 293T, Transfected)	8	SPECIES
in vitro (Human Kidney 293 Cells Expressing Human UGT1A1)	8	SPECIES
in vitro (Human Kidney 293 Cells Expressing Human UGT1A6)	8	SPECIES
in vitro (Rat Vascular Intestine and Liver Perfusion)	8	SPECIES
Rat (Female, Adult)	8	SPECIES
in vitro (Rat Hepatocytes and Liver Epithelium Cells)	8	SPECIES
in vitro (Human Colon Cells, LS180)	8	SPECIES
in vitro (Human Kidney HEK 293T Cells Expressing Fish UGT1A3)	8	SPECIES
in vitro (Human Kidney HEK 293T Cells Expressing Fish UGT1B1)	8	SPECIES
Human (Lupus Nephritis Patients)	8	SPECIES
in vitro (Human Jejunum Perfusion)	8	SPECIES
in vitro (Hep G2 Cells, DPX-2)	8	SPECIES
Human (Cardiac Surgery Patients)	8	SPECIES
in vitro (Mouse Liver Extract)	8	SPECIES
in vitro (Rat Cytosol, Embryonic)	8	SPECIES
in vitro (Human AHH1-TK+/- Cell Microsomes Expressing Human CYP2D6)	8	SPECIES
in vitro (Human Lymphoblastoid Cell Microsomes Expressing Human CYP2A6)	8	SPECIES
in vitro (Rat Intestine Loop Perfusion)	8	SPECIES
in vitro (Hen Egg, White)	8	SPECIES
in vitro (Human Lymphoblast Cells, MOLT-4)	8	SPECIES
in vitro (Sheep Intestine Cytosol)	8	SPECIES
in vitro (Human Lymphoblast Microsomes, Transfected)	8	SPECIES
in vitro (Human AHH-1 TK+/- B-Lymphoblastoid Cell Microsomes Expressing H+	8	SPECIES
in vitro (Fish Liver Microsomes, Trematomus Bernacchii)	8	SPECIES
in vitro (Hen Hepatocytes)	8	SPECIES
in vitro (Channel Catfish Liver Slices)	8	SPECIES
in vitro (Rat Liver Microsomes, Aorta Ligated)	8	SPECIES
in vitro (Rat Gut Homogenate)	8	SPECIES
in vitro (Human Breast Cancer MCF-7 Cells, Transfected)	8	SPECIES
in vitro (COS-7 Cell Microsomes Expressing Guinea Pig UGT2B21 and UGT2B22+	8	SPECIES
in vitro (COS-1 Cells Expressing Guinea Pig UGT2B21)	8	SPECIES
in vitro (COS-1 Cells Expressing Guinea Pig UGT2B22)	8	SPECIES
in vitro (Human Mammary Epithelium Microsomes)	8	SPECIES
in vitro (Dog Ethmoid Turbinate)	8	SPECIES
in vitro (Goat Ovary Microsomes)	8	SPECIES
in vitro (Sheep Ovary Microsomes)	8	SPECIES
in vitro (Cow Ovary Microsomes)	8	SPECIES
in vitro (Sablefish Hepatocytes)	8	SPECIES
in vitro (Hamster Alveole Macrophages)	8	SPECIES
in vitro (Rat Lung Epithelium Cells, RLE-6TN, CYP1B1 Knockdown)	8	SPECIES
in vitro (Pig Ear Skin Microsomes)	8	SPECIES
in vitro (Human Ear Skin Microsomes)	8	SPECIES
in vitro (Intestine Cells, Caco-2)	8	SPECIES
in vitro (English Sole Hepatocytes)	8	SPECIES
in vitro (COS-1 Cells Expressing Human CYP1A1)	8	SPECIES
in vitro (COS-1 Cells Expressing Human CYP1A1, Mutant)	8	SPECIES
Mouse (Xpa(-/-)p53(+/-))	8	SPECIES
in vitro (Human Bronchoalveolar Adenocarcinoma Cells)	8	SPECIES
Human (Eczema Patients)	8	SPECIES
in vitro (Mouse Liver Microsomes, NADPH-Cytochrome P450 Reductase-Null)	8	SPECIES
in vitro (Caco-2 Cells, Transfected)	8	SPECIES
in vitro (Fish Liver S9 Fraction, Female)	8	SPECIES
in vitro (Human Colon Contents)	8	SPECIES
in vitro (Rat Liver Microsomes, 3-Methylcholanthrene Treated)	8	SPECIES
in vitro (Mouse Liver Microsomes, Cyp3a Knockout)	8	SPECIES
Mouse (Transgenic, Cyp3a(-/-), Human CYP3A4)	8	SPECIES
Human (Ulcer Patients)	8	SPECIES
in vitro (Jurkat Cells)	8	SPECIES
in vitro (Bovine Adrenal Cortex Cytosol)	8	SPECIES
in vitro (Human Kidney 293/4.3 Cells, Embryonic)	8	SPECIES
in vitro (Human Kidney 293/5I Cells, Embryonic)	8	SPECIES
in vitro (Monkey Kidney Cytosol)	8	SPECIES
in vitro (Dog Lung Cytosol)	8	SPECIES
in vitro (Rat Small Intestine Epithelium Cell Homogenate)	8	SPECIES
in vitro (Rabbit Hepatocyte Microsomes)	8	SPECIES
Rat (Malaria Infected)	8	SPECIES
Rat (Endotoxin Treated)	8	SPECIES
in vitro (Rat Liver Microsomes, Wild-Type)	8	SPECIES
in vitro (Human Lymphoblast Cell Microsomes Expressing CYP3A4)	8	SPECIES
Human (Children, Cystic Fibrosis Patients)	8	SPECIES
in vitro (Rat Liver Microsomes, Hypothalamic Paraventricular Nuclei Lesio+	8	SPECIES
in vitro (Rat Liver Microsomes, Hypothalamic Arcuate Nuclei Lesioned)	8	SPECIES
in vitro (Rat Liver Microsomes, Hypothalamus Paraventricular Nucleus-Lesi+	8	SPECIES
in vitro (Rat Liver Microsomes, Hypothalamus Arcuate Nucleus-Lesioned)	8	SPECIES
Goat (Female)	8	SPECIES
in vitro (Human Liver Cytosol, Adult)	8	SPECIES
in vitro (Mouse Lung Microsomes, Cyp2e1-Null)	8	SPECIES
in vitro (Mouse Nasal Mucosa Microsomes)	8	SPECIES
Mouse (ICR)	8	SPECIES
Human (Heart Failure Patients)	8	SPECIES
in vitro (Human AHH-1 Cells, Transfected)	8	SPECIES
Human (Cocaine Abuser)	8	SPECIES
in vitro (Cattle Lung Microsomes)	8	SPECIES
in vitro (Cattle Small Intestine Microsomes)	8	SPECIES
in vitro (Human Feces Supernatant)	8	SPECIES
in vitro (Rat Liver Microsomes, Wistar TR- Strain, Male)	8	SPECIES
in vitro (Rat Liver Microsomes, Wistar TR- Strain, Female)	8	SPECIES
in vitro (Rat Liver Microsomes, Sprague-Dawley, EHBR, Male)	8	SPECIES
in vitro (Rat Liver Microsomes, Sprague-Dawley, EHBR, Female)	8	SPECIES
in vitro (Rat Adipose Microsomes)	8	SPECIES
in vitro (Human beta-Lymphoblastoid Cytosol)	8	SPECIES
in vitro (COS-1 Cells)	8	SPECIES
in vitro (Human Ovary Epithelium Adenocarcinoma Cell Microsomes, OV-90)	8	SPECIES
in vitro (Human Ovary Epithelium Adenocarcinoma Cell Cytosol, OV-90)	8	SPECIES
in vitro (Human Colorectal Cancer Cells, DLD-1)	8	SPECIES
in vitro (Rat Hippocampus Cells, Embryonic)	8	SPECIES
in vitro (Rat Breast Microsomes)	8	SPECIES
in vitro (Hamster Prostate Cytosol)	8	SPECIES
in vitro (Bovine Colon Epithelium Cells, Freshly Isolated)	8	SPECIES
in vitro (Frog Liver Cytosol)	8	SPECIES
in vitro (Hamster Skin Cytosol)	8	SPECIES
Mouse (Bcrp(-/-))	8	SPECIES
in vitro (Rat Liver Microsomes, Washed)	8	SPECIES
in vitro (Guinea Pig Liver Microsomes, Washed)	8	SPECIES
in vitro (Rat Ileum Mucosa S9 Fraction)	8	SPECIES
in vitro (Human Adrenal Gland Cytosol)	8	SPECIES
in vitro (Rat Liver Perfusion, Parenteral Nutrition)	8	SPECIES
in vitro (Rat Liver Perfusion, Light Exposed Parenteral Nutrition)	8	SPECIES
in vitro (Mouse Liver and Lung Microsomes)	8	SPECIES
Dog (Fasted)	8	SPECIES
in vitro (Chicken Liver Homogenate)	8	SPECIES
in vitro (Purified Cytochrome P450IIE1)	8	SPECIES
in vitro (PC-12 Cell Mitochondria)	8	SPECIES
in vitro (Saccharomyces cerevisiae)	8	SPECIES
in vitro (Human Intestine Epithelium Cells, INT 407, Embryonic)	8	SPECIES
in vitro (Human Kidney 293 Cells Expressing Human UGT2B17)	8	SPECIES
in vitro (AHH-1 Cells Expressing Rat UGT1A7)	8	SPECIES
in vitro (Human Ovary Carcinoma Cells, SKOV-3)	8	SPECIES
in vitro (Mouse Lung Microsomes, Cyp2a(4/5)bgs-Null)	8	SPECIES
in vitro (Mouse Olfactory Mucosa Microsomes, Cyp2a(4/5)bgs-Null)	8	SPECIES
in vitro (Mouse Brain Microsomes, Cyp2a(4/5)bgs-Null)	8	SPECIES
in vitro (Turtle Liver Microsomes)	8	SPECIES
in vitro (Rat Hepatocytes, LQC)	8	SPECIES
in vitro (Human Liver Slices, Cryopreserved)	8	SPECIES
in vitro (Rat Peribuberal Sertoli Cells)	8	SPECIES
in vitro (Horse Placenta Allantochorion Cytosol)	8	SPECIES
in vitro (Horse Placenta Allantochorion Cytosol and Microsomes)	8	SPECIES
in vitro (Human Hepatoblastoma Cells, Hep G2/C3A)	8	SPECIES
in vitro (Fallow Deer Liver Microsomes)	8	SPECIES
in vitro (Human AHH1-TK+/- Cell Microsomes Expressing Human CYP3A4)	8	SPECIES
in vitro (Rat Hypothalamus)	8	SPECIES
in vitro (Rock Hyrax Leukocytes, Female, Pregnant)	8	SPECIES
in vitro (Rock Hyrax Erythrocytes, Female, Pregnant)	8	SPECIES
in vitro (Rat Brain Frontal Cortex)	8	SPECIES
in vitro (Human Testis Microsomes, Fetal)	8	SPECIES
in vitro (Human Ovary Cancer Cells)	8	SPECIES
in vitro (Bovine Adrenal Mitochondria)	8	SPECIES
in vitro (Bovine Adrenocortical Cells)	8	SPECIES
in vitro (Mouse Breast Cancer Cells, FM3A/0)	8	SPECIES
in vitro (Mouse Breast Cancer Cells, FM3A/TK-)	8	SPECIES
in vitro (Opossum Kidney Cells, Cultured)	8	SPECIES
in vitro (Human Breast Carcinoma Cells, MCF-7, Transfected)	8	SPECIES
in vitro (Mouse Microglia)	8	SPECIES
in vitro (Human Osteosarcoma Cells)	8	SPECIES
in vitro (Human Prostate Carcinoma Cells, DU-145)	8	SPECIES
in vitro (Rat Intestine Perfusion, Mrp2-Deficient)	8	SPECIES
in vitro (Human Adenocarcinoma Cells, Caco-2, Cultured)	8	SPECIES
in vitro (Calf Liver Slices)	8	SPECIES
in vitro (Ad293 Cells Expressing Human CYP1A2)	8	SPECIES
in vitro (Bovine Adrenal Medulla Cells)	8	SPECIES
in vitro (Anaerobic Intestinal Microorganism)	8	SPECIES
in vitro (Rabbit Liver Microsomes, Phenobarbitone Treated)	8	SPECIES
Buffalo	8	SPECIES
Human (Male, HIV Infected Patients)	8	SPECIES
in vitro (Human T-Lymphoid Cell Extract, CEM)	8	SPECIES
in vitro (Human Prostate Adenocarcinoma Cells, PC-3)	8	SPECIES
in vitro (Human Kidney 293 Cells Expressing Hamster 3beta-Hydroxysteroid +	8	SPECIES
in vitro (Human AHH-1 TK+/- Cell Microsomes Expressing Human CYP2C19)	8	SPECIES
in vitro (Human Blood, Female, Pregnant)	8	SPECIES
in vitro (Hamster Lung V79 Cells)	8	SPECIES
in vitro (Rabbit Chondrocytes)	8	SPECIES
in vitro (Rat Kidney Nuclei)	8	SPECIES
in vitro (Sheep Brain Homogenate)	8	SPECIES
in vitro (Sheep Brain Mitochondria)	8	SPECIES
in vitro (Sheep Brain Microsomes)	8	SPECIES
in vitro (Sheep Brain Supernatant)	8	SPECIES
in vitro (Sheep Adrenal Homogenate)	8	SPECIES
in vitro (Human Mammary Gland Cytosol)	8	SPECIES
in vitro (Mouse Adrenocortical Cells, Y-1)	8	SPECIES
in vitro (Chicken Kidney)	8	SPECIES
in vitro (Rat Seminiferous Tubule Mitochondria)	8	SPECIES
in vitro (Chinese Hamster Lung Fibroblast V79-4 Cells Expressing Human AK+	8	SPECIES
in vitro (Chinese Hamster Lung Fibroblast Cells, V79-4)	8	SPECIES
in vitro (Rat Epididymis Supernatant)	8	SPECIES
in vitro (Chinese Hamster Ovary Cells, AA8)	8	SPECIES
in vitro (Rat Brain Post-Mitochondrial Fraction)	8	SPECIES
in vitro (Mouse Lung Mitochondria)	8	SPECIES
in vitro (Frog Heart)	8	SPECIES
in vitro (Frog Kidney)	8	SPECIES
in vitro (Frog Lung)	8	SPECIES
in vitro (Fish Hepatocellular Carcinoma Cells, PLHC-1)	8	SPECIES
in vitro (Rat Cardiomyocytes, Neonatal)	8	SPECIES
in vitro (MCF-7 Cells)	8	SPECIES
in vitro (Rat Erythrocyte Membranes)	8	SPECIES
in vitro (Fish Embryo Microsomes)	8	SPECIES
in vitro (Rat Liver Cell Lysate)	8	SPECIES
in vitro (Rat Skin Post-Mitochondrial Fraction)	8	SPECIES
in vitro (Rat Jejunum Perfusion, SD, Female)	8	SPECIES
in vitro (Rat Ileum Perfusion, SD, Female)	8	SPECIES
in vitro (Rat Jejunum Perfusion, SD, Male)	8	SPECIES
in vitro (Rat Jejunum Perfusion, F344, Male)	8	SPECIES
in vitro (Human Lymphoblastoid Cells Expressing Human CYP2D6-Val)	8	SPECIES
in vitro (Human Lymphoblastoid Cells Expressing Human CYP2D6-Met)	8	SPECIES
in vitro (Rat Lung Clara Cells)	8	SPECIES
in vitro (Rat Distal Trachea)	8	SPECIES
in vitro (Rat Bronchioles)	8	SPECIES
in vitro (Rat Lung Parenchyma)	8	SPECIES
in vitro (Mouse Distal Trachea)	8	SPECIES
in vitro (Hamster Distal Trachea)	8	SPECIES
in vitro (Hamster Bronchioles)	8	SPECIES
in vitro (Hamster Lung Parenchyma)	8	SPECIES
in vitro (Rat Lung Microsomes and Mouse Liver Glutathione Transferase)	8	SPECIES
in vitro (Rat Liver Microsomes and Mouse Liver Glutathione Transferase)	8	SPECIES
in vitro (Rat Kidney Microsomes and Mouse Liver Glutathione Transferase)	8	SPECIES
in vitro (Mouse Lung Microsomes and Mouse Liver Glutathione Transferase)	8	SPECIES
in vitro (Mouse Liver Microsomes and Mouse Liver Glutathione Transferase)	8	SPECIES
in vitro (Mouse Kidney Microsomes and Mouse Liver Glutathione Transferase+	8	SPECIES
in vitro (Hamster Lung Microsomes and Mouse Liver Glutathione Transferase+	8	SPECIES
in vitro (Hamster Liver Microsomes and Mouse Liver Glutathione Transferas+	8	SPECIES
in vitro (Hamster Kidney Microsomes and Mouse Liver Glutathione Transfera+	8	SPECIES
in vitro (HEK 293 Cell Homogenate Expressing Human UGT1A3)	8	SPECIES
Rat (Vitamin A-Deficient)	8	SPECIES
in vitro (Mouse Leukemia Cell Homogenate, P388)	8	SPECIES
in vitro (Rat Prostate Adenocarcinoma Cells)	8	SPECIES
in vitro (Human Kidney 293 Cell Microsomes Expressing Human UGT2B7(Y268),+	8	SPECIES
in vitro (Hamster Kidney Homogenate)	8	SPECIES
in vitro (Mouse Neuroblastoma Cells, SN56.B5.G4)	8	SPECIES
in vitro (Human Larynx Microsomes)	8	SPECIES
in vitro (Human Kidney 293 Cell Microsomes Expressing Human UGT2B4)	8	SPECIES
in vitro (Human Neuroblastoma Cells, LA-N-1)	8	SPECIES
in vitro (Human B-Lymphoblastoid AHH-1 Cells Expressing Human CYP2D6)	8	SPECIES
in vitro (Human Neutrophil Homogenate)	8	SPECIES
in vitro (Human Polymorphonuclear Leukocyte Supernatant)	8	SPECIES
in vitro (Mouse Osteoblast Cells, MC3T3-E1)	8	SPECIES
in vitro (Chicken Liver Homogenate, Embryonic)	8	SPECIES
in vitro (Rat Kidney Medulla Microsomes)	8	SPECIES
in vitro (Human AHH-1 TK+/- Cell Microsomes Expressing Human CYP2E1)	8	SPECIES
in vitro (Mouse Myoblasts, C2C12)	8	SPECIES
in vitro (Human Chondrocytes, Cultured)	8	SPECIES
Rat (Salicylic Acid Treated)	8	SPECIES
in vitro (Rabbit Eye Aqueous Humor Homogenate)	8	SPECIES
in vitro (Mouse Plasma, Ces1c(+/-))	8	SPECIES
in vitro (Mouse Plasma, Ces1c(-/-))	8	SPECIES
in vitro (Human Lymphoblasts Expressing Human CYP Isoenzymes)	8	SPECIES
in vitro (Human Neuroblastoma Cells, IMR-32)	8	SPECIES
in vitro (Guinea Pig Brain Supernatant)	8	SPECIES
in vitro (Rat Brain Synaptosomes)	8	SPECIES
in vitro (Human Skin Cells, HaCaT)	8	SPECIES
in vitro (Shrew Liver Microsomes)	8	SPECIES
in vitro (Rat Liver Microsomes, Cryopreserved)	8	SPECIES
in vitro (COS Cell S9 Fraction Expressing Rat Ces1e)	8	SPECIES
in vitro (COS Cell S9 Fraction Expressing Rat Ces1f)	8	SPECIES
in vitro (COS Cell S9 Fraction Expressing Rat Ces1d)	8	SPECIES
in vitro (COS Cell S9 Fraction Expressing Rat Ces2a)	8	SPECIES
in vitro (COS Cell S9 Fraction Expressing Rat Ces2c)	8	SPECIES
in vitro (Human B-Lymphoblastoid Cells Expressing Rat CYP2A1)	8	SPECIES
in vitro (Human Nasal Epithelium Cells)	8	SPECIES
in vitro (Duck Hepatocytes)	8	SPECIES
in vitro (Mouse Blood Hemolysate)	8	SPECIES
in vitro (Bovine Red Blood Cells)	8	SPECIES
in vitro (Human Umbilical Artery Microsomes)	8	SPECIES
in vitro (Bear Liver Cytosol)	8	SPECIES
in vitro (Human Osteosarcoma Cells, Saos-2)	8	SPECIES
in vitro (Rat Intestine Mucosa Brush Border Membranes)	8	SPECIES
in vitro (Human A3.01 Cells)	8	SPECIES
in vitro (Rat Intrinsic Brush Border Retinyl Ester Hydrolase)	8	SPECIES
in vitro (Human Gastric Cancer Cells, MKN-45)	8	SPECIES
in vitro (Rat Osteosarcoma Cell Microsomes, UMR-106)	8	SPECIES
in vitro (Hamster Lung V79-4 Cells Expressing Human CYP24A1)	8	SPECIES
in vitro (Human Umbilical Vein Endothelial Cells, Primary Culture)	8	SPECIES
in vitro (Human Microglia Cells, CHME-3)	8	SPECIES
in vitro (COS-1 Cells Expressing Angora Goat CYP17 ACS- and 3beta-Hydroxy+	8	SPECIES
in vitro (Pony Adrenal Glands, Female, Pregnant)	8	SPECIES
in vitro (Pony Adrenal Glands, Fetal)	8	SPECIES
in vitro (Rat Myocytes)	8	SPECIES
Bat	8	SPECIES
in vitro (Rat Ileum Mucosa)	8	SPECIES
in vitro (AHH-1 TK+/- Cell Microsomes Expressing Human CYP1A1)	8	SPECIES
in vitro (AHH-1 TK+/- Cell Microsomes Expressing Human CYP1A2)	8	SPECIES
in vitro (AHH-1 TK+/- Cell Microsomes Expressing Human CYP2B6)	8	SPECIES
in vitro (AHH-1 TK+/- Cell Microsomes Expressing Human CYP2C8)	8	SPECIES
in vitro (AHH-1 TK+/- Cell Microsomes Expressing Human CYP2C9)	8	SPECIES
in vitro (AHH-1 TK+/- Cell Microsomes Expressing Human CYP2A6)	8	SPECIES
in vitro (Rat Liver GSH Transferase HTPII)	8	SPECIES
in vitro (Human Lung Fibroblasts, Cultured)	8	SPECIES
in vitro (Human Fibroblasts, Methylcobalamin-Deficient)	8	SPECIES
in vitro (Goat Liver Homogenate)	8	SPECIES
in vitro (Mouse Liver Lysate)	8	SPECIES
in vitro (Rat Olfactory Mucosa Homogenate)	8	SPECIES
in vitro (Human Intestinal Fluid)	8	SPECIES
in vitro (Mouse Kidney Membranes)	8	SPECIES
in vitro (Sheep Nasal Homogenate)	8	SPECIES
in vitro (Cattle Chromaffin Cell Plasma Membranes)	8	SPECIES
in vitro (Mouse Fibroblasts, Ogg1(-/-))	8	SPECIES
in vitro (Mouse Pancreas Islets)	8	SPECIES
in vitro (Rat Intestinal Fluid)	8	SPECIES
Rat (Protein-Calorie Malnutrition)	8	SPECIES
Human (Autoimmune Disease Patients)	8	SPECIES
in vitro (Mouse Liver S9 Fraction, Bcrp1(-/-))	8	SPECIES
in vitro (Rat Proximal Kidney Cells)	8	SPECIES
Human (Children, Hypertensive)	8	SPECIES
in vitro (Rabbit Vagina Homogenate)	8	SPECIES
in vitro (Rat Liver S9 Fraction and Microsomes)	8	SPECIES
Human (Acute Coronary Syndrome Patients)	8	SPECIES
in vitro (Human Myeloma Cells)	8	SPECIES
in vitro (Guinea Pig Striatum Membranes)	8	SPECIES
in vitro (Guinea Pig Small Intestine Supernatant)	8	SPECIES
in vitro (Guinea Pig Kidney Supernatant)	8	SPECIES
in vitro (Murine Sarcoma 180 Cells)	8	SPECIES
in vitro (Human Pancreas Carcinoma BxPC-3 Cells)	8	SPECIES
Stump-tailed Macaque	8	SPECIES
in vitro (Human Lymphoblastoid Cells Expressing Human UGT Isoenzymes)	8	SPECIES
Mouse (Male, Transgenic, Human SULT1A1/2)	8	SPECIES
Mouse (Female, Transgenic, Human SULT1A1/2)	8	SPECIES
in vitro (Small Intestine Perfusion)	8	SPECIES
Rat (Associated with Good Equol Producing Human Flora)	8	SPECIES
Rat (Associated with Poor Equol Producing Human Flora)	8	SPECIES
in vitro (Human Lymphoma Cells, DHL-4)	8	SPECIES
in vitro (Human Nasal Epithelium)	8	SPECIES
in vitro (Human Hepatocellular Carcinoma Cells, Hep 3B)	8	SPECIES
in vitro (Human Leukemia Cells, Nalm-6)	8	SPECIES
in vitro (Mouse Cortical Neurons)	8	SPECIES
in vitro (Guinea Pig Gastric Epithelium Cells, Monolayer)	8	SPECIES
Human (Children, Attention-Deficit Hyperactivity Disorder Patients)	8	SPECIES
in vitro (Rat Hepatocytes and Serum)	8	SPECIES
in vitro (Human Intestine Epithelium Cells, Caco-2, Monolayer)	8	SPECIES
in vitro (Dog Lung S9 Fraction)	8	SPECIES
in vitro (Rat Liver Microsomes, Immobilized)	8	SPECIES
Mouse (Human Lung Tumor Bearing)	8	SPECIES
in vitro (Human Hepatoma Cells, HBI10A)	8	SPECIES
in vitro (Pig Ileum Contents)	8	SPECIES
in vitro (Pig Colon Contents)	8	SPECIES
Mouse (CWR22v Xenograft Bearing)	8	SPECIES
in vitro (Chinese Hamster V79 Cells Expressing Human GST P1-1)	8	SPECIES
in vitro (Human Kidney 293 Cells Overexpressing Human Liver Carboxylester+	8	SPECIES
in vitro (Human Kidney 293 Cells Overexpressing Human Intestine Carboxyle+	8	SPECIES
Mouse (Human HT-29 Tumor Bearing)	8	SPECIES
Mouse (NOG)	8	SPECIES
in vitro (Human Platelets and Human Tumor Cells)	8	SPECIES
in vitro (Calf Liver S9 Fraction)	7	SPECIES
in vitro (Bovine Kidney S9 Fraction)	7	SPECIES
in vitro (Bovine Kidney Microsomes)	7	SPECIES
in vitro (Bovine Kidney Cytosol)	7	SPECIES
in vitro (Human Tissue Homogenate)	7	SPECIES
in vitro (Human Liver Microsomes, Alcohol Abuser)	7	SPECIES
in vitro (Purified Cytochrome P450)	7	SPECIES
in vitro (Human Microsomes Expressing Human CYP2D6)	7	SPECIES
in vitro (Human Adenocarcinoma Cell Cytosol, Caco-2)	7	SPECIES
in vitro (HK 293 Cell Microsomes, Transfected)	7	SPECIES
in vitro (Mouse Liver Cytosol, Chimeric, Humanized Liver)	7	SPECIES
in vitro (Human Hepatocytes, Fetal)	7	SPECIES
Human (Female, Malaria Patients)	7	SPECIES
in vitro (Human Hepatocytes, PPARalpha Gene Suppressed)	7	SPECIES
in vitro (Human Hepatocytes, PPARalpha Gene Activated)	7	SPECIES
in vitro (Dog Hepatocytes, Immobilized)	7	SPECIES
in vitro (Monkey Hepatocytes, Immobilized)	7	SPECIES
in vitro (Human Adenocarcinoma Cell Microsomes, Caco-2)	7	SPECIES
in vitro (Human Keratinocyte Microsomes, HaCaT, KeratinoSens)	7	SPECIES
in vitro (Human Keratinocyte Microsomes, HaCaT, LuSens)	7	SPECIES
in vitro (Human Leukemia Cell Microsomes, U937)	7	SPECIES
in vitro (Human Leukemia Cell Microsomes, THP-1)	7	SPECIES
in vitro (Rat Liver Microsomes, Sprague-Dawley)	7	SPECIES
in vitro (Minipig Hepatocytes, Cryopreserved)	7	SPECIES
in vitro (Rat Duodenum Mucosa Homogenate)	7	SPECIES
in vitro (Human Kidney 293 Cells Expressing Human UGT1A4)	7	SPECIES
in vitro (Mouse Jejunum Microsomes)	7	SPECIES
Human (Ultrarapid Metabolizer)	7	SPECIES
in vitro (Rat Liver Microsomes, Female, Wistar)	7	SPECIES
in vitro (Human Carcinoma Cells, HEp-2)	7	SPECIES
in vitro (Rabbit Jejunum Microsomes)	7	SPECIES
in vitro (Human Kidney 293 Cells Expressing Human UGT1A3, Embryonic)	7	SPECIES
Human (Osteoarthritis Patients)	7	SPECIES
in vitro (Lymphoblast Cell Microsomes, Transfected)	7	SPECIES
in vitro (Rat Tissue)	7	SPECIES
in vitro (Pigeon Liver Supernatant, Male)	7	SPECIES
in vitro (Rat Liver Microsomes, Embryonic)	7	SPECIES
in vitro (Human HEK 293-6E Cell Microsomes Expressing Human CYP3A4)	7	SPECIES
in vitro (Human Kidney HK 293 Cells Expressing Human UDP-Glucuronosyltran+	7	SPECIES
in vitro (Rat Aorta Cytosol)	7	SPECIES
in vitro (Pig Kidney Cells, LLC-PK1)	7	SPECIES
in vitro (LLC-PK1 Cells)	7	SPECIES
Rat (Dark Agouti, Female)	7	SPECIES
Human (Extensive Metabolizer, Heterozygous)	7	SPECIES
Human (Extensive Metabolizer, Homozygous)	7	SPECIES
in vitro (Mouse Stomach Homogenate)	7	SPECIES
in vitro (Human Kidney Cells, Embryonic)	7	SPECIES
in vitro (Rat Liver Microsomes, TR- Strain)	7	SPECIES
in vitro (Mouse Colon Microsomes)	7	SPECIES
in vitro (Rat Large Intestine Supernatant)	7	SPECIES
in vitro (Human Coronary Artery Endothelial Cells)	7	SPECIES
Human (Arrhythmia Patients)	7	SPECIES
Unspecified	7	SPECIES
in vitro (Bacterial Enzymes)	7	SPECIES
Human (Children, Asthma Patients)	7	SPECIES
Mouse (Txnrd1(DeltaLiv))	7	SPECIES
Rat (Kidney Ligated)	7	SPECIES
in vitro (Human Umbilical Vein Endothelial Cells and Mouse Hepatocytes)	7	SPECIES
in vitro (Mouse Olfactory Mucosa Microsomes, Cyp2a5-Null)	7	SPECIES
in vitro (Rat Cytochrome P4501A1)	7	SPECIES
in vitro (Human Enterocyte-like Cells, iPSC-Derived, Differentiated)	7	SPECIES
in vitro (Human Hepatoma Cells, Hep G2, Transfected)	7	SPECIES
in vitro (Human Hepatocyte Cells, Fa2N-4)	7	SPECIES
in vitro (Human Lymphoblastoid Cell Microsomes Expressing Human CYP2B6)	7	SPECIES
in vitro (B-Lymphoblastoid Cell Microsomes Expressing Human CYP2C9)	7	SPECIES
in vitro (Human CD34+ Stem Cells)	7	SPECIES
in vitro (AHH-1 TK+/- B-Lymphoblastoid Cell Microsomes Expressing Human C+	7	SPECIES
in vitro (NS-1 Cells)	7	SPECIES
in vitro (Rat Duodenum Slices)	7	SPECIES
in vitro (Human Bladder Microsomes)	7	SPECIES
in vitro (Chinese Hamster Liver Microsomes)	7	SPECIES
in vitro (Human Fibroblast Cells, GM0637, Transfected)	7	SPECIES
in vitro (Human B-Lymphoblastoid Cell Microsomes Expressing CYP Isoenzyme+	7	SPECIES
in vitro (Safi Fish Liver Microsomes)	7	SPECIES
in vitro (Calf Liver Microsomes, Newborn)	7	SPECIES
Rat (Aorta Ligated)	7	SPECIES
in vitro (Human Skin Carcinoma Cells, SCC-13)	7	SPECIES
in vitro (Mouse Hepatoma Microsomes)	7	SPECIES
Mouse (Female, Pregnant, Cpr(lox/lox))	7	SPECIES
Mouse (Female, Pregnant, Brain-Cpr-Null)	7	SPECIES
in vitro (Fish Head Kidney Microsomes)	7	SPECIES
in vitro (Fish Spleen Microsomes)	7	SPECIES
Mouse (Cytochrome P450 Reductase-Null, Female, Pregnant)	7	SPECIES
in vitro (Human B-Lymphoblastoid Cells Coexpressing Microsomal Epoxide Hy+	7	SPECIES
in vitro (Human Keratinocytes, DK7)	7	SPECIES
in vitro (Crayfish Hepatopancreas Microsomes)	7	SPECIES
in vitro (Crayfish Green Gland Microsomes)	7	SPECIES
in vitro (Human Oral Squamous Cell Carcinoma Cells, SCC-9)	7	SPECIES
in vitro (Hamster Lung Fibroblast Cells, V79MZ)	7	SPECIES
in vitro (Hamster Lung Fibroblast V79MZ Cells Expressing Human CYP1A1)	7	SPECIES
in vitro (Hamster Lung Fibroblast V79MZ Cells Expressing Human CYP1A1 and+	7	SPECIES
in vitro (Dog Bronchiole Mucosa)	7	SPECIES
in vitro (Mouse Liver Microsomes, Liver Cytochrome P450 Reductase-Null)	7	SPECIES
Mouse (Fed)	7	SPECIES
Mouse (Fasted)	7	SPECIES
in vitro (Human Alveole Macrophages)	7	SPECIES
in vitro (Rabbit Placenta Microsomes)	7	SPECIES
in vitro (Human Stomach Contents)	7	SPECIES
in vitro (Liver Homogenate)	7	SPECIES
in vitro (Lymphoblast Cell Microsomes Expressing Human CYP2B6)	7	SPECIES
in vitro (Rat Hepatocytes, Diabetic)	7	SPECIES
Human (Korean)	7	SPECIES
in vitro (Human Cells, Immortalized, Transfected)	7	SPECIES
in vitro (Bovine Adrenal Cortex Cytosol and Mitochondria)	7	SPECIES
in vitro (Human Leukemia Cell Lysate, Jurkat)	7	SPECIES
in vitro (Human Leukemia CCRF-CEM Cell Cytosol)	7	SPECIES
in vitro (Human Leukemia CCRF-CEM Cell Cytosol Expressing Human Thiopurin+	7	SPECIES
in vitro (Rat Novikoff Hepatoma Cells)	7	SPECIES
in vitro (Human beta-Lymphoblastoid Cell Microsomes)	7	SPECIES
in vitro (Rat Cytochrome P4501A2)	7	SPECIES
in vitro (Rat Cytochrome P4502B1)	7	SPECIES
in vitro (Rat Brain Microglia)	7	SPECIES
in vitro (Dog Duodenum Microsomes)	7	SPECIES
in vitro (Dog Ileum Microsomes)	7	SPECIES
Human (Latino)	7	SPECIES
in vitro (Human Kidney 293 Cells Expressing Human UGT2B4)	7	SPECIES
in vitro (Rat Liver Microsomes, Mutant)	7	SPECIES
in vitro (Human B-Lymphoblastoid Cell Microsomes Expressing CYP2D6)	7	SPECIES
in vitro (Mouse Liver Homogenate, Female)	7	SPECIES
Human (Congestive Heart Failure Patients)	7	SPECIES
in vitro (Human Jejunum Mucosa)	7	SPECIES
in vitro (Mouse Lung Microsomes, Cyp2f2-Null)	7	SPECIES
in vitro (Mouse Liver Microsomes, Cyp2f2-Null)	7	SPECIES
in vitro (Mouse Liver Microsomes, Cyp2e1(-/-))	7	SPECIES
in vitro (Rat Liver, Fetal)	7	SPECIES
Mouse (Human Tumor Cells WiDr Implanted)	7	SPECIES
Mouse (Human Tumor Cells Transduced with Bacterial DNA)	7	SPECIES
in vitro (Colon Tumor Cells)	7	SPECIES
in vitro (Human Colon Tumor Supernatant)	7	SPECIES
in vitro (Rat Plasma, Female)	7	SPECIES
in vitro (Human Hepatoma Cell Cytosol)	7	SPECIES
in vitro (Perfused Kidney)	7	SPECIES
in vitro (Rat Liver Microsomes, Dexamethasone Treated)	7	SPECIES
in vitro (Marmoset Monkey Kidney Homogenate)	7	SPECIES
in vitro (Marmoset Monkey Lung Homogenate)	7	SPECIES
in vitro (HEK 293 Cell Microsomes Expressing Human UGT2B7)	7	SPECIES
in vitro (Mouse Colon Epithelium Cells, Apc(Min) Mutant)	7	SPECIES
in vitro (COS-1 Cells Expressing Human UGT1A7-S432G)	7	SPECIES
in vitro (COS-1 Cells Expressing Human UGT1A10-S432G)	7	SPECIES
in vitro (Human Kidney 293 Cell Microsomes Expressing Human UGT1A3, Embry+	7	SPECIES
in vitro (Human Ciliary Epithelium Cells)	7	SPECIES
in vitro (Human Glaucoma Ciliary Epithelium Cells)	7	SPECIES
in vitro (Pig Kidney Epithelium Cells, LLC-PK1, Transfected)	7	SPECIES
in vitro (Pig Kidney Homogenate)	7	SPECIES
in vitro (Human Lymphoblast Cell Microsomes Expressing Human CYP1B1)	7	SPECIES
in vitro (Fish Ovary Microsomes)	7	SPECIES
in vitro (Fish Liver Mitochondria)	7	SPECIES
in vitro (Human Breast Cancer ZR-75-1 Cells)	7	SPECIES
in vitro (Rat Liver Microsomes, Hypertensive)	7	SPECIES
in vitro (Human Keratinocyte Cytosol)	7	SPECIES
in vitro (Rabbit Erythrocytes)	7	SPECIES
in vitro (Fish Liver Perfusion)	7	SPECIES
in vitro (B-Lymphoblastoid Cells Expressing Human CYP2C19)	7	SPECIES
in vitro (Rat Duodenum Mucosa S9 Fraction)	7	SPECIES
in vitro (Rat Cecum Mucosa S9 Fraction)	7	SPECIES
in vitro (Rat Colon Mucosa S9 Fraction)	7	SPECIES
in vitro (Rat Ovary Cells)	7	SPECIES
in vitro (Bovine Lung Microsomes)	7	SPECIES
Horse (Foal)	7	SPECIES
Human (Vasculitis Patients)	7	SPECIES
in vitro (Human Adipocyte Membranes)	7	SPECIES
in vitro (Rat Periportal Hepatocytes)	7	SPECIES
in vitro (Rat Pericentral Hepatocytes)	7	SPECIES
in vitro (Rat Blood Lymphocytes)	7	SPECIES
in vitro (PC-12 Cell Post-Mitochondrial Fraction)	7	SPECIES
in vitro (Bluegill Liver Microsomes)	7	SPECIES
in vitro (Mouse Liver Microsomes, Stat1(+/+))	7	SPECIES
in vitro (Mouse Liver Microsomes, Stat1(-/-))	7	SPECIES
Mouse (Tumor Necrosis Factor-alpha Receptor Knockout)	7	SPECIES
in vitro (Rat Striatum Membranes)	7	SPECIES
Toad	7	SPECIES
in vitro (Mouse Placenta Explants, Cultured)	7	SPECIES
in vitro (Mouse Placenta, Freshly Isolated)	7	SPECIES
in vitro (Human Placenta S9 Fraction)	7	SPECIES
in vitro (Hamster V79 Cells Expressing Rat UGT1A6)	7	SPECIES
in vitro (Human Placenta Supernatant, Non-Smoker)	7	SPECIES
in vitro (Human Placenta Supernatant, Smoker)	7	SPECIES
in vitro (Rat Peritoneal Serosa Microsomes)	7	SPECIES
in vitro (Rat Peritoneal Serosa Cytosol)	7	SPECIES
in vitro (Human Hepatocytes and Rat Liver Epithelium Cells)	7	SPECIES
in vitro (Mouse Kidney Microsomes, Male, Castrated)	7	SPECIES
in vitro (Mouse Intestine Microsomes, Male, Castrated)	7	SPECIES
in vitro (Mouse Lung Microsomes, Male, Castrated)	7	SPECIES
in vitro (Mouse Kidney Microsomes, Mrp(-/-))	7	SPECIES
in vitro (Mouse Kidney Microsomes, Mrp(-/-), Male, Castrated)	7	SPECIES
in vitro (Mouse Intestine Microsomes, Mrp(-/-))	7	SPECIES
in vitro (Mouse Intestine Microsomes, Mrp(-/-), Male, Castrated)	7	SPECIES
in vitro (Mouse Lung Microsomes, Mrp(-/-))	7	SPECIES
in vitro (Mouse Lung Microsomes, Mrp(-/-), Male, Castrated)	7	SPECIES
in vitro (Mouse Hepatocytes, Fetal)	7	SPECIES
in vitro (Mouse Liver Cells, Embryonic Stem Cell-Derived)	7	SPECIES
in vitro (Human Sebocytes)	7	SPECIES
in vitro (Human Genital Melanocytes)	7	SPECIES
in vitro (Human Benigh Hyperplastic Prostate Cells)	7	SPECIES
in vitro (Rat Hypothalamus Supernatant)	7	SPECIES
in vitro (Hamster Ovary Cells, Transfected)	7	SPECIES
in vitro (Monkey Liver Homogenate, Fetal)	7	SPECIES
in vitro (Horse Placenta Homogenate)	7	SPECIES
in vitro (Human B-Lymphoblastoid Cell Microsomes Expressing CYP3A4)	7	SPECIES
in vitro (Rat Brain Microsomes, Female)	7	SPECIES
in vitro (Human Endometrium Cells)	7	SPECIES
in vitro (Human Adrenocortical Carcinoma Cell Mitochondria, H295R)	7	SPECIES
in vitro (HEK 293 Cells Expressing Human 17beta-HSD5)	7	SPECIES
in vitro (Human Colon Cancer Cells, SW-620)	7	SPECIES
in vitro (Human Aorta Smooth Muscle Cells)	7	SPECIES
in vitro (Chinese Hamster V79MZ Cells)	7	SPECIES
in vitro (Human Erythrocytes, Heart Transplanted Patients)	7	SPECIES
in vitro (Rat Liver Cytosol, Partially Hepatectomized)	7	SPECIES
in vitro (Human Liver Cytosol, Prenatal)	7	SPECIES
in vitro (Hamster Testis Homogenate)	7	SPECIES
in vitro (Placenta Microsomes)	7	SPECIES
in vitro (Fish Testes)	7	SPECIES
in vitro (Human Cancer Cells)	7	SPECIES
Mouse (Oatp1b2 Knockout)	7	SPECIES
in vitro (Mouse Small Intestine Extract)	7	SPECIES
in vitro (Human Liver Bile Canalicular Membrane)	7	SPECIES
in vitro (Calf Hepatocytes)	7	SPECIES
in vitro (HEK 293 Cells Expressing Human UGT2B17)	7	SPECIES
in vitro (Rat Colon Tumor Microsomes)	7	SPECIES
in vitro (Mouse Cerebellum Homogenate)	7	SPECIES
in vitro (Rat Pituitary GH3 Cells)	7	SPECIES
in vitro (Bovine Brain Endothelial Cells)	7	SPECIES
in vitro (Bovine Erythrocytes)	7	SPECIES
in vitro (Rat Pheochromocytoma Cell Mitochondria, PC-12)	7	SPECIES
in vitro (Human Colon Cancer Cells, HCT 116, Transfected)	7	SPECIES
in vitro (Human Head and Neck Squamous Cell Carcinoma)	7	SPECIES
in vitro (Human Keratinocyte Microsomes)	7	SPECIES
in vitro (Human Cervix Carcinoma HeLa Cells, Transfected)	7	SPECIES
in vitro (Hamster Lung V79-4 Cells, Transfected)	7	SPECIES
in vitro (Human Larynx Cytosol)	7	SPECIES
in vitro (COS-1 Cell Cytosol, Transfected)	7	SPECIES
Mouse (C57BL/6)	7	SPECIES
in vitro (Chicken Liver)	7	SPECIES
in vitro (HEK 293 Cell Lysate Expressing Human 11beta-HSD1)	7	SPECIES
in vitro (HEK 293 Cells Expressing Rat 11beta-HSD1)	7	SPECIES
Mouse (Cyp1a2-Null)	7	SPECIES
in vitro (Chinese Hamster Ovary Cells Expressing Human CYP2A13-Val117)	7	SPECIES
in vitro (Chinese Hamster Ovary Cells Expressing Human CYP2A13)	7	SPECIES
in vitro (Chinese Hamster Ovary Cells Expressing Human CYP2A6)	7	SPECIES
in vitro (Chinese Hamster Ovary Cells Expressing Human CYP2A13-Arg372)	7	SPECIES
in vitro (LLC-PK1 Cell Lysate)	7	SPECIES
in vitro (LLC-PK1 Cells Expressing Rat Mitochondrial Aspartate Aminotrans+	7	SPECIES
in vitro (Rat Cells, PC-12)	7	SPECIES
in vitro (Mouse Small Intestine Cytosol, Obese)	7	SPECIES
in vitro (Leukemia Cells)	7	SPECIES
in vitro (Fish Gill Cytosol)	7	SPECIES
in vitro (Chinese Hamster Ovary Cells, AS52)	7	SPECIES
in vitro (Fish Blood)	7	SPECIES
in vitro (Human Neuroblastoma Cells, SK-N-SH)	7	SPECIES
in vitro (Mouse Striatum)	7	SPECIES
in vitro (Mouse Cerebral Cortex)	7	SPECIES
in vitro (Fish Microsomes)	7	SPECIES
in vitro (Chinese Hamster Ovary Cells, CHO-K1)	7	SPECIES
in vitro (Rat Cecum Supernatant)	7	SPECIES
in vitro (Rat Midbrain)	7	SPECIES
in vitro (Mouse Lung Post-Mitochondrial Fraction)	7	SPECIES
in vitro (Rat Kidney Proximal Tubule Cell Mitochondria)	7	SPECIES
in vitro (Rat Kidney Distal Tubule Cell Mitochondria)	7	SPECIES
Mouse (Cyp1b1(-/-))	7	SPECIES
in vitro (Rat Esophagus Cells)	7	SPECIES
in vitro (Rabbit Skin Cytosol)	7	SPECIES
in vitro (Rabbit Lung S9 Fraction)	7	SPECIES
in vitro (Rat Lung Macrophages)	7	SPECIES
in vitro (Chicken Kidney Microsomes)	7	SPECIES
in vitro (Rabbit Adrenal Gland Cytosol)	7	SPECIES
in vitro (Baboon Liver Mitochondria)	7	SPECIES
in vitro (Human Hepatoblastoma Hep G2 Cell Extract)	7	SPECIES
in vitro (Rat Erythrocyte Cytosol)	7	SPECIES
in vitro (Rat Homogenate, Embryonic)	7	SPECIES
in vitro (Rabbit Testis Supernatant)	7	SPECIES
in vitro (Human Breast Carcinoma MCF-7 Cells Expressing Rat Dihydrodiol D+	7	SPECIES
in vitro (Pig Kidney Cytosol)	7	SPECIES
in vitro (Human Neuroblastoma Cells, LA-N-2)	7	SPECIES
in vitro (Human Carcinoma Cells, MOLT-4)	7	SPECIES
in vitro (Guinea Pig Heart Homogenate)	7	SPECIES
in vitro (Pig Leukocyte Homogenate)	7	SPECIES
in vitro (Lymphoblast Cell Microsomes Expressing Human CYP1A2)	7	SPECIES
in vitro (Human B-Lymphoblastoid AHH-1 Cells Expressing Human CYP2C9)	7	SPECIES
in vitro (Rat Leukemia Cells, RBL-2H3)	7	SPECIES
in vitro (Chicken Liver Nonparenchymal Cells, Embryonic)	7	SPECIES
in vitro (Human Decidua)	7	SPECIES
in vitro (Human Myometrium)	7	SPECIES
in vitro (Human Foreskin Fibroblasts Expressing Human Cyclooxygenase-2)	7	SPECIES
in vitro (Human THP Monocytes Expressing Human Cyclooxygenase-1)	7	SPECIES
in vitro (Rabbit Kidney Medulla Cytosol)	7	SPECIES
in vitro (Bovine Seminal Vesicle Microsomes)	7	SPECIES
in vitro (Ram Seminal Gland Microsomes)	7	SPECIES
in vitro (Human Fallopian Tube Microsomes)	7	SPECIES
in vitro (Human Fallopian Tubes)	7	SPECIES
in vitro (Human Fallopian Tube Lumen Epithelium)	7	SPECIES
in vitro (Human Fallopian Tube Smooth Muscle)	7	SPECIES
in vitro (Mouse Macrophage RAW 264.7 Cells Expressing Human 15-LOX-1)	7	SPECIES
in vitro (Chicken Heart Homogenate, Embryonic)	7	SPECIES
in vitro (Rat Pancreas Cells, BRIN-BD11)	7	SPECIES
in vitro (Mouse Thymus Bone Cells)	7	SPECIES
in vitro (Soil)	7	SPECIES
in vitro (Rat Liver Mitochondria, Mammary Carcinoma)	7	SPECIES
in vitro (Rat Kidney Mitochondria, Mammary Carcinoma)	7	SPECIES
in vitro (Bovine Brain Mitochondria)	7	SPECIES
in vitro (Pig Muscle Cytosol)	7	SPECIES
in vitro (Pig Muscle Microsomes)	7	SPECIES
in vitro (Rat Brain 3-Kinase)	7	SPECIES
in vitro (Bovine Trachea Smooth Muscle Homogenate)	7	SPECIES
in vitro (Ferret Liver Homogenate)	7	SPECIES
in vitro (Rat Striatum Slices)	7	SPECIES
in vitro (Monkey Small Intestine Microsomes)	7	SPECIES
in vitro (Cynomolgus Monkey Plasma)	7	SPECIES
in vitro (Rat Conceptus Microsomes)	7	SPECIES
in vitro (Rat Lung Cytosol and Microsomes)	7	SPECIES
in vitro (Rabbit Cornea Supernatant)	7	SPECIES
in vitro (Bovine Endothelial Cell Supernatant)	7	SPECIES
in vitro (Rat Uterus, Female, Ovariectomized)	7	SPECIES
in vitro (Rat Vagina, Female, Ovariectomized)	7	SPECIES
in vitro (Human Uterus, Female, Postmenopausal)	7	SPECIES
in vitro (Human Vagina, Female, Postmenopausal)	7	SPECIES
in vitro (Human B-Lymphoblastoid Cells, MCL-5)	7	SPECIES
in vitro (Rat Hepatocyte Mitochondria)	7	SPECIES
in vitro (Human Mammary Cancer Cells, MCF-7)	7	SPECIES
in vitro (Porpoise Liver Microsomes)	7	SPECIES
in vitro (Rat Muscle Microsomes)	7	SPECIES
in vitro (Mouse Macrophage Cells, RAW 264)	7	SPECIES
in vitro (Rat Skeletal Muscle Homogenate)	7	SPECIES
in vitro (Human T-Lymphoblastoma Cytosol)	7	SPECIES
in vitro (Human Lymphoblast Cells Expressing Human CYP1A1)	7	SPECIES
in vitro (Pig Erythrocyte Ghosts)	7	SPECIES
in vitro (Human Muscle Homogenate)	7	SPECIES
in vitro (Cow Serum)	7	SPECIES
in vitro (Rat Skeletal Muscle Supernatant)	7	SPECIES
in vitro (Rat Diaphragm)	7	SPECIES
in vitro (Rat Muscle Cytosol)	7	SPECIES
in vitro (Human Liver Epithelium Cells Expressing Human CYP2C19)	7	SPECIES
in vitro (Human Liver Epithelium Cells Expressing Human CYP2C8)	7	SPECIES
in vitro (Rat Hepatoma Cells, McA-RH7777)	7	SPECIES
in vitro (AHH-1 TK+/- Cell Microsomes Expressing Human CYP Isoenzymes)	7	SPECIES
in vitro (Mouse Testis Mitochondria)	7	SPECIES
in vitro (Human Lung Fibroblasts, MRC-5, Embryonic)	7	SPECIES
in vitro (Human Breast Epithelium Cells, HBL-100)	7	SPECIES
in vitro (Rat Cerebrospinal Fluid)	7	SPECIES
in vitro (Mouse Leydig Tumor Cell Mitochondria, MA-10)	7	SPECIES
in vitro (Hamster Lung V79-4 Cells Expressing Human CYP24A1-L148A)	7	SPECIES
in vitro (Human Lung Fibroblasts, Embryonic)	7	SPECIES
in vitro (AHH-1 Cell Microsomes Expressing Human CYP Isoenzymes)	7	SPECIES
in vitro (Human Colon Cells, HCEC, Monolayer, Apical Side)	7	SPECIES
in vitro (Human Colon Cells, HCEC, Monolayer, Basolateral Side)	7	SPECIES
in vitro (Human Skin Fibroblast Homogenate)	7	SPECIES
in vitro (Human Adrenocortical Carcinoma Cell Microsomes, H295R)	7	SPECIES
in vitro (COS-1 Cells Expressing Goat CYP17 and 3beta-HSD)	7	SPECIES
in vitro (Frog Pituitary Glands)	7	SPECIES
in vitro (Human Lung Adenocarcinoma Cell Lysate, A549)	7	SPECIES
in vitro (Rabbit Bladder Microsomes)	7	SPECIES
in vitro (Mouse Thymocytes)	7	SPECIES
in vitro (Mouse Colon Epithelium Cells, Apc(Min/+))	7	SPECIES
in vitro (Monkey Kidney COS-1 Cells Expressing Human CYP27)	7	SPECIES
in vitro (Human AHH1-TK+/- Cell Microsomes Expressing Human CYP1A1)	7	SPECIES
in vitro (Human AHH1-TK+/- Cell Microsomes Expressing Human CYP2B6)	7	SPECIES
in vitro (Human AHH1-TK+/- Cell Microsomes Expressing Human CYP2C9)	7	SPECIES
in vitro (Human AHH1-TK+/- Cell Microsomes Expressing Human CYP2E1)	7	SPECIES
in vitro (Human AHH1-TK+/- Cell Microsomes)	7	SPECIES
in vitro (Mouse Liver Post-Mitochondrial Fraction, Male)	7	SPECIES
in vitro (Mouse Liver Post-Mitochondrial Fraction, Female)	7	SPECIES
in vitro (Rat Liver Microsome Flavin-Containing Monooxygenase)	7	SPECIES
in vitro (Human Colon Carcinoma Cells, H630)	7	SPECIES
in vitro (Human Colon Carcinoma Cells, WiDr)	7	SPECIES
in vitro (Mouse Liver S2 Fraction)	7	SPECIES
in vitro (Hen Liver Homogenate)	7	SPECIES
in vitro (Human Liver THLE-5 Cells Expressing Human CYP1A2)	7	SPECIES
in vitro (Human Liver THLE-5 Cells)	7	SPECIES
in vitro (Human MRC-5 Cells)	7	SPECIES
in vitro (Human Lung Fibroblasts)	7	SPECIES
in vitro (Rat Aorta Smooth Muscle Cells, Proliferating)	7	SPECIES
in vitro (Rat Aorta Smooth Muscle Cells, Quiescent)	7	SPECIES
in vitro (Monkey Intestine Homogenate)	7	SPECIES
in vitro (Human Breast Adenocarcinoma MCF-7 Cell Cytosol)	7	SPECIES
in vitro (Human Breast Adenocarcinoma MCF-7 Cell Nuclei)	7	SPECIES
in vitro (Rat Cortex Neurons)	7	SPECIES
in vitro (Sheep Nasal Secretions)	7	SPECIES
Rat (Bile Duct Cannulated, Hypertensive)	7	SPECIES
Rat (Bile Duct Cannulated, Deoxycorticosterone Acetate Salt Treated)	7	SPECIES
in vitro (Human Cells, HeLa, R1-11-PCFT4)	7	SPECIES
in vitro (Pig Kidney Proximal Tubule Cells)	7	SPECIES
in vitro (Human Bladder Cells)	7	SPECIES
in vitro (Human Bladder Epithelium Cells, Transfected)	7	SPECIES
Mouse (A/J Strain)	7	SPECIES
in vitro (Mouse Intestine Perfusion, Bcrp1(-/-))	7	SPECIES
in vitro (Mouse Liver Microsomes, Sult1a1 Knockout)	7	SPECIES
in vitro (Mouse Liver Microsomes, Transgenic, Human SULT1A1/2)	7	SPECIES
in vitro (Mouse Liver Microsomes, Transgenic, Sult1a1 Knockout, Human SUL+	7	SPECIES
in vitro (Cow Heart Mitochondria)	7	SPECIES
in vitro (Human Colon Cancer HT-29 Xenograft)	7	SPECIES
in vitro (Mouse Leukemia ED2 Cells, Adenosine Kinase-Deficient)	7	SPECIES
in vitro (Monkey Lung Homogenate)	7	SPECIES
in vitro (Rabbit Eye Cornea Perfusion)	7	SPECIES
in vitro (Rabbit Eye Conjunctiva Perfusion)	7	SPECIES
in vitro (Rabbit Eye Iris-Ciliary Body Perfusion)	7	SPECIES
Rat (Genetically Epilepsy-Prone)	7	SPECIES
in vitro (Guinea Pig Liver Microsomes, Male)	7	SPECIES
in vitro (Rat Stomach Juice)	7	SPECIES
in vitro (Human Lung Mesothelioma Cells, NCI-H2052)	7	SPECIES
Human (Diabetic Patients, Kidney Transplanted)	7	SPECIES
in vitro (Human Lymphoblastoid Cell Microsomes Expressing Human CYP1B1)	7	SPECIES
in vitro (Human Lymphoblastoid Cells Expressing Human UGT1A4)	7	SPECIES
in vitro (Rabbit Ear Skin)	7	SPECIES
in vitro (Human Cell Lysate, HL-60)	7	SPECIES
in vitro (Human Myocardium Cytosol, Iron Loaded)	7	SPECIES
in vitro (Human Astrocytoma Cells, ADF)	7	SPECIES
in vitro (Human CEM-SS Cells)	7	SPECIES
in vitro (Human Colon Cancer Cells, HCT-15)	7	SPECIES
in vitro (Human Leukemia Cells, KG-1)	7	SPECIES
Rat (Coronary Artery Ligated)	7	SPECIES
in vitro (Pig Large Intestine Contents)	7	SPECIES
in vitro (Ad293 Cells, Transfected)	7	SPECIES
in vitro (Pig Leukocytes)	7	SPECIES
in vitro (Rabbit Reticulocytes)	7	SPECIES
in vitro (Monkey Hepatocytes, HepatoPac Cocultures)	7	SPECIES
in vitro (Human Hepatocytes, HepatoPac Cocultures)	7	SPECIES
in vitro (Rat Hepatocytes, HepatoPac Cocultures)	7	SPECIES
in vitro (Dog Hepatocytes, HepatoPac Cocultures)	7	SPECIES
in vitro (Minipig Liver S9 Fraction)	7	SPECIES
in vitro (Human Cancer Cells, SW-480)	7	SPECIES
in vitro (Human Cancer Cells, AGS)	7	SPECIES
in vitro (Human Cancer Cells, Hep G2)	7	SPECIES
in vitro (Human Cancer Cells, MCF-7)	7	SPECIES
in vitro (Human Cancer Cells, MIA PaCa-2)	7	SPECIES
in vitro (Human Cancer Cells, PANC-1)	7	SPECIES
in vitro (Rat Hepatocytes and Mouse Fibroblasts, Cocultured)	7	SPECIES
in vitro (Rabbit Intestine Perfusion)	6	SPECIES
in vitro (HEK 293 Cells Expressing Human UGT2B10)	6	SPECIES
in vitro (COS-7 Cells Expressing Human UGT1A4)	6	SPECIES
in vitro (COS-7 Cells Expressing Human UGT1A4-L48V)	6	SPECIES
Rabbit (Female, Lactating)	6	SPECIES
Human (Bladder Cancer Patients)	6	SPECIES
in vitro (Human Hepatocarcinoma Cells, Hep G2, Transfected)	6	SPECIES
in vitro (Guinea Pig Skin Extract)	6	SPECIES
in vitro (Microsomes Expressing Human CYP1A2)	6	SPECIES
in vitro (Microsomes Expressing Human CYP2C19)	6	SPECIES
in vitro (Human Kidney 293 Cell Membranes Expressing Human UGT2B15)	6	SPECIES
in vitro (HeLa Cell Cytosol)	6	SPECIES
in vitro (COS-1 Cells Expressing Mouse NAT1)	6	SPECIES
in vitro (COS-1 Cells Expressing Mouse NAT2)	6	SPECIES
in vitro (COS-1 Cells Expressing Mouse NAT3)	6	SPECIES
in vitro (Human Ileum)	6	SPECIES
in vitro (Human Breast Carcinoma)	6	SPECIES
in vitro (Mouse Uterus Peroxidase)	6	SPECIES
in vitro (Rat Breast Microsomes, Female)	6	SPECIES
in vitro (HepaRG Cells, Transfected)	6	SPECIES
in vitro (Human Liver Microsomes, Children, Liver Disease Patients)	6	SPECIES
in vitro (Human Liver Microsomes, Elderly)	6	SPECIES
in vitro (Human Jejunum Mucosa Microsomes)	6	SPECIES
in vitro (Xanthine Oxidase)	6	SPECIES
in vitro (Human Mononuclear Leukocytes)	6	SPECIES
in vitro (Pig Small Intestine Enterocytes)	6	SPECIES
in vitro (Rat Liver Microsomes, Female, Dark Agouti)	6	SPECIES
in vitro (Rat Liver Microsomes, Male, Wistar)	6	SPECIES
in vitro (Guinea Pig Liver Nuclei)	6	SPECIES
in vitro (Mouse Liver Microsomes, Transfected)	6	SPECIES
in vitro (Hamster)	6	SPECIES
in vitro (Rat Intestine Peroxidase)	6	SPECIES
in vitro (Wallaby Liver Microsomes)	6	SPECIES
in vitro (Pigeon Liver Supernatant, Female)	6	SPECIES
in vitro (COS-1 Cell Cytosol Expressing Rat SULT1B1)	6	SPECIES
Human (Children, Autoimmune Disease Patients)	6	SPECIES
in vitro (Rat Intestine Microsomes, Diabetic)	6	SPECIES
in vitro (Bovine Coronary Artery)	6	SPECIES
in vitro (Rabbit Cecum Contents)	6	SPECIES
Rat (Male, Adult)	6	SPECIES
Rat (Male, 3 Weeks)	6	SPECIES
Rat (Female, 3 Weeks)	6	SPECIES
in vitro (Human Liver Cytosol, Fetal)	6	SPECIES
in vitro (Pig Intestine Cytosol)	6	SPECIES
in vitro (Rat Lens)	6	SPECIES
in vitro (Rat Liver Cytosol, Neonatal)	6	SPECIES
in vitro (Human Kidney Microsomes, Diabetic Patients)	6	SPECIES
in vitro (COS-7 Cells Expressing Human UGT1A9)	6	SPECIES
in vitro (Human Kidney HEK 293 Cells, Embryonic, Transfected)	6	SPECIES
in vitro (Human Kidney HEK 293 Cell Microsomes Expressing Human UGT1A10, +	6	SPECIES
in vitro (Human Kidney HEK 293 Cell Microsomes Expressing Human UGT1A10-I+	6	SPECIES
in vitro (Rat Hepatocytes, Preserved)	6	SPECIES
in vitro (Rat Liver Epithelium Cells and Hepatocytes, Freshly Isolated)	6	SPECIES
in vitro (Rat Liver Epithelium Cells and Hepatocytes, Preserved)	6	SPECIES
in vitro (Human Heart Artery Endothelial Cells)	6	SPECIES
Human (Male, Young)	6	SPECIES
in vitro (Human Cancer Cell Cytosol)	6	SPECIES
Horse (Bladder and Jugular Vein Catheterized)	6	SPECIES
in vitro (Mouse Liver Perfusion, Wild-Type)	6	SPECIES
in vitro (Rat Hepatocytes, Cultured, Collagen Gel Sandwich)	6	SPECIES
in vitro (Rat Skin Slices)	6	SPECIES
Mouse (Male, Castrated)	6	SPECIES
Mouse (Male, Sham-Operated)	6	SPECIES
in vitro (Mouse Lateral Nasal Gland Microsomes, Cyp2a5-Null)	6	SPECIES
in vitro (Human Liver Membranes)	6	SPECIES
in vitro (Mouse Everted Intestine Sac)	6	SPECIES
Mouse (Diabetic)	6	SPECIES
Human (Chronic Hepatitis B Patients)	6	SPECIES
in vitro (Dog Liver Microsomes, CYP1A2 1117 C/C Genotype)	6	SPECIES
in vitro (Dog Liver Microsomes, CYP1A2 1117 C/T Genotype)	6	SPECIES
in vitro (Dog Liver Microsomes, CYP1A2 1117 T/T Genotype)	6	SPECIES
in vitro (Human Colon Carcinoma Cells, NCI-H630)	6	SPECIES
in vitro (Human Leukemia Cells, CEM/dCK-)	6	SPECIES
in vitro (Mouse Marrow Stromal SR-4987 Cell Microsomes)	6	SPECIES
in vitro (Mouse Hepatocyte Microsomes)	6	SPECIES
in vitro (Human Breast Carcinoma Cell Microsomes, MCF-7)	6	SPECIES
in vitro (Human Colon Slices)	6	SPECIES
in vitro (Human Lung Tumor Cells)	6	SPECIES
in vitro (Rat Liver Cytosol and Microsomes, Aorta Ligated)	6	SPECIES
Human (Children, Female)	6	SPECIES
in vitro (HK 293 Cell Membranes, Transfected)	6	SPECIES
in vitro (Rat Adipose)	6	SPECIES
in vitro (Rat Ovary Tissue)	6	SPECIES
in vitro (Rat Liver Microsomes, Female, Sham-Operated)	6	SPECIES
in vitro (Mouse Cells, Fetal)	6	SPECIES
in vitro (Dog Olfactory Mucosa)	6	SPECIES
in vitro (Dog Nasal Mucosa)	6	SPECIES
in vitro (Human Lymphoblast Cell Microsomes Expressing CYP1B1)	6	SPECIES
in vitro (Mouse Vascular Smooth Muscle Cells)	6	SPECIES
in vitro (Guinea Pig Adrenal Cortex Microsomes, Fasciculata and Glomerulo+	6	SPECIES
in vitro (Guinea Pig Microsomes)	6	SPECIES
Human (Cardiac Arrhythmia Patients)	6	SPECIES
in vitro (Rabbit Intestine Epithelium Cells)	6	SPECIES
in vitro (Cunninghamella bainieri)	6	SPECIES
in vitro (Mouse Liver Microsomes, 11beta-HSD1-Deficient)	6	SPECIES
in vitro (Rat Everted Gut Sac Serosal Fluid)	6	SPECIES
in vitro (Rat Everted Gut Sac Mucosal Fluid)	6	SPECIES
in vitro (Rat Everted Gut Sac Mucosa)	6	SPECIES
in vitro (Mouse Liver Microsomes, Transgenic, Human CYP3A4/CYP3A7, Human +	6	SPECIES
in vitro (Rat Liver Microsomes, DA, Male)	6	SPECIES
in vitro (Rat Liver Microsomes, DA, Female)	6	SPECIES
in vitro (Rat Intestine Epithelium Cell Microsomes)	6	SPECIES
in vitro (Dog Kidney Cells, MDCK-II, Transfected)	6	SPECIES
in vitro (Human B-Lymphoblastoid Cell Microsomes Expressing CYP2B6)	6	SPECIES
in vitro (Human T-Lymphocyte Cells, Jurkat)	6	SPECIES
in vitro (Human B-Lymphoblastoid WI-L2 Cells)	6	SPECIES
in vitro (Human Leukemia TBJ Cells)	6	SPECIES
in vitro (Rat Large Intestine Cytosol)	6	SPECIES
in vitro (Bovine Liver Cytosol)	6	SPECIES
Human (Cancer and Renal Impairment Patients)	6	SPECIES
in vitro (HK 293 Cell Microsomes Expressing Human UGT Isoenzymes)	6	SPECIES
in vitro (Human Brain Supernatant)	6	SPECIES
in vitro (Guinea Pig Liver Cells)	6	SPECIES
in vitro (Rat Liver Microsomes, Gunn, Heterozygous)	6	SPECIES
in vitro (Mouse Liver Homogenate, Female, Pregnant)	6	SPECIES
Human (Children, Growth Hormone-Deficient)	6	SPECIES
in vitro (Human Lymphoblast Cells Expressing CYP2B6)	6	SPECIES
in vitro (Human Kidney Perfusion)	6	SPECIES
in vitro (Rat Cerebrum Microsomes)	6	SPECIES
in vitro (Mouse Lung Microsomes, Cyp2e1 Knockout)	6	SPECIES
in vitro (Human Kidney HEK 293T Cells Expressing Fish UGT5E1)	6	SPECIES
in vitro (Rat Intestine Extract)	6	SPECIES
in vitro (Rat Uterus Cytosol)	6	SPECIES
in vitro (Rat Jejunum Segment)	6	SPECIES
in vitro (Human Colorectum Supernatant)	6	SPECIES
in vitro (Human Colorectum Tumor Supernatant)	6	SPECIES
in vitro (Cytotoxicity Test)	6	SPECIES
in vitro (Bovine Nasal Mucosa)	6	SPECIES
in vitro (Cow Plasma)	6	SPECIES
in vitro (Hamster Cell S9 Fraction, Transfected)	6	SPECIES
in vitro (Owl)	6	SPECIES
in vitro (Ground Squirrel)	6	SPECIES
in vitro (Mouse Adipocytes)	6	SPECIES
Human (Steroid Abuser)	6	SPECIES
Human (Female, Postpartum, Smoker)	6	SPECIES
Human (White)	6	SPECIES
in vitro (Rat Hemolysate)	6	SPECIES
in vitro (Mongoose Liver Microsomes)	6	SPECIES
in vitro (Fox Liver Microsomes)	6	SPECIES
in vitro (Rat Liver Microsomes, Female, Neonatal)	6	SPECIES
in vitro (Human Colorectal Cancer Cells, HCT-8)	6	SPECIES
in vitro (Human Choriocarcinoma JAR Cells)	6	SPECIES
in vitro (Mouse Olfactory Epithelium Microsomes)	6	SPECIES
in vitro (Human Hep G2 Cell Microsomes)	6	SPECIES
in vitro (Human Colon Carcinoma Cell Cytosol, Caco-2)	6	SPECIES
in vitro (Human Adrenal Gland Microsomes, Fetal)	6	SPECIES
in vitro (Rat Liver Microsomes, Ischemic)	6	SPECIES
in vitro (Frog Blood)	6	SPECIES
in vitro (Hamster Liver Cytosol N-Acetyltransferase Isoenzyme)	6	SPECIES
in vitro (B-Lymphoblastoid Cells Expressing Human CYP2B6)	6	SPECIES
Guppy	6	SPECIES
in vitro (Human Kidney 293 Cells Expressing Human UGT2A2)	6	SPECIES
in vitro (Human Kidney 293 Cells Expressing Human UGT2A3)	6	SPECIES
in vitro (Human Kidney 293 Cells Expressing Human UGT2A2 Delta exon3)	6	SPECIES
in vitro (Rat Peritoneal Macrophage Microsomes)	6	SPECIES
in vitro (Human Cell Homogenate, Caco-2)	6	SPECIES
Mouse (Abcc2/Abcg2(-/-))	6	SPECIES
Mouse (Abcc3/Abcg2(-/-))	6	SPECIES
Mouse (Abcc2/Abcc3/Abcg2(-/-))	6	SPECIES
Rat (Bile Duct and Bladder Cannulated)	6	SPECIES
in vitro (Rat 9L Gliosarcoma Cells Expressing Rat CYP2B1)	6	SPECIES
in vitro (Rat 9L Gliosarcoma Cells Expressing Rat CYP2B6)	6	SPECIES
in vitro (Chinese Hamster Ovary Tumor Cells Expressing Human CYP3A4)	6	SPECIES
in vitro (Chinese Hamster Ovary Tumor Cells)	6	SPECIES
in vitro (Human Lymphoblastoid Cell Microsomes Expressing Human CYP2C8)	6	SPECIES
in vitro (Human Kidney Cells)	6	SPECIES
Mouse (PPARalpha Humanized)	6	SPECIES
in vitro (Fusarium oxysporum)	6	SPECIES
in vitro (Rat Liver Mitochondrial Membranes)	6	SPECIES
in vitro (Rat Small Intestine Enterocyte Microsomes)	6	SPECIES
in vitro (Human Placenta Explants, Cultured)	6	SPECIES
in vitro (Human Placenta, Freshly Isolated)	6	SPECIES
in vitro (HEK 293 Cell Microsomes Expressing Human UGT1A9)	6	SPECIES
in vitro (Human Airway Epithelium Cells)	6	SPECIES
in vitro (Rat Progenitor Cells, B-13)	6	SPECIES
in vitro (Pseudomonas putida)	6	SPECIES
in vitro (Rat Seminal Vesicle Microsomes)	6	SPECIES
in vitro (Guinea Pig Bronchoalveolar Lavage Fluid)	6	SPECIES
in vitro (Human Plasma Ultrafiltrate)	6	SPECIES
Human (Neurological and Psychiatric Patients)	6	SPECIES
in vitro (Rainbow Trout Liver Microsomes, Hypersaline Acclimated)	6	SPECIES
in vitro (Gray Seal Liver Microsomes)	6	SPECIES
in vitro (Mouse Alveolar Epithelium Cells, A/J)	6	SPECIES
in vitro (Mouse Lung Epithelium Cells)	6	SPECIES
in vitro (Rat Hepatocyte Suspension, Permeabilized)	6	SPECIES
in vitro (Human Benigh Hyperplastic Prostate Slices)	6	SPECIES
in vitro (Human Prostate Cancer Cell Line HPC-36M)	6	SPECIES
in vitro (Human Prostate Cancer Cell Line PC-3/MA2)	6	SPECIES
in vitro (Monkey Kidney Homogenate, Fetal)	6	SPECIES
in vitro (Human Kidney Cytosol, Female, Postmenopausal)	6	SPECIES
in vitro (Human Benign Prostate Hyperplasia Tissue Homogenate)	6	SPECIES
in vitro (Rat Testis Interstitial Cells, Immature)	6	SPECIES
in vitro (Mouse Liver Microsomes, Mrp2(-/-))	6	SPECIES
in vitro (Chinese Hamster V79 Cells, Transfected)	6	SPECIES
in vitro (COS-1 Cells Expressing Rat CYP3A18)	6	SPECIES
in vitro (Green Monkey COS-7 Cell Microsomes Expressing Hamster CYP2A9)	6	SPECIES
in vitro (Green Monkey COS-7 Cell Microsomes)	6	SPECIES
in vitro (Human Blood, Carbamazepine Treated)	6	SPECIES
Guppy (Poecilia reticulata)	6	SPECIES
in vitro (COS-1 Cells Expressing Angora Goat CYP17 ACS+)	6	SPECIES
in vitro (COS-1 Cells Expressing Angora Goat CYP17 ACS-)	6	SPECIES
in vitro (COS-1 Cells Expressing Angora Goat CYP17 ACS+ L41P)	6	SPECIES
in vitro (COS-1 Cells Expressing Angora Goat CYP17 ACS- P41L)	6	SPECIES
in vitro (COS-1 Cells Expressing Angora Goat CYP17 ACS+ and Cytochrome b5+	6	SPECIES
in vitro (COS-1 Cells Expressing Angora Goat CYP17 ACS- and Cytochrome b5+	6	SPECIES
in vitro (COS-1 Cells Expressing Angora Goat CYP17 ACS+ L41P and Cytochro+	6	SPECIES
in vitro (COS-1 Cells Expressing Angora Goat CYP17 ACS- P41L and Cytochro+	6	SPECIES
in vitro (Rat Hypothalamus, Prepubertal)	6	SPECIES
in vitro (Rat Hypothalamus, Adult)	6	SPECIES
in vitro (Rat Hypothalamus, Adrenalectomized)	6	SPECIES
in vitro (Guinea Pig Amnion)	6	SPECIES
in vitro (Frog Testes)	6	SPECIES
in vitro (Rock Hyrax Corpus Luteum, Female, Pregnant)	6	SPECIES
in vitro (Rat Anterior Pituitary Gland Homogenate)	6	SPECIES
in vitro (Chicken Ovary Theca Cells)	6	SPECIES
in vitro (Rat Testis Cytosol, Stressed)	6	SPECIES
in vitro (Bovine Aorta Endothelial Cells, Transfected)	6	SPECIES
in vitro (Human Hepatocytes and Kupffer Cells, Cocultured)	6	SPECIES
in vitro (Human Adrenal Gland Homogenate)	6	SPECIES
in vitro (Chicken Lower Intestine)	6	SPECIES
in vitro (Hamster Ovary Cells, K1)	6	SPECIES
in vitro (Rat Uterus Homogenate)	6	SPECIES
in vitro (Rat Liver Homogenate, Female, Pregnant)	6	SPECIES
in vitro (Rat Rectum Homogenate)	6	SPECIES
in vitro (Pig Blood)	6	SPECIES
in vitro (COS-1 Cell Homogenate Expressing Human UDPGTh-3)	6	SPECIES
in vitro (Human Kidney Cells, HK-2)	6	SPECIES
in vitro (JEG-3 Cells)	6	SPECIES
in vitro (Human Breast Carcinoma Cells, SK-BR-3)	6	SPECIES
in vitro (Human Adenocarcinoma Cells, MDA-MB-231)	6	SPECIES
in vitro (Human Endometrial Adenocarcinoma)	6	SPECIES
in vitro (Human Endometrium Cells, HIEEC)	6	SPECIES
in vitro (Human Endometrial Adenocarcinoma Cells, HEC-1-A)	6	SPECIES
Mouse (Human Prostate Cancer Xenograft Bearing)	6	SPECIES
in vitro (Human Pancreas Carcinoma Cells, MIA PaCa-2)	6	SPECIES
in vitro (Human Uroepithelium Cell Cytosol)	6	SPECIES
in vitro (Human Mammary Epithelium Cytosol)	6	SPECIES
in vitro (Human Uroepithelium Cells)	6	SPECIES
in vitro (Mouse Lung Microsomes, 4ebp1(-/-)/4ebp2(-/-))	6	SPECIES
in vitro (Human Liver Epithelium Cells Expressing Human CYP2A6)	6	SPECIES
Mouse (Human PC-6 Xenograft Bearing)	6	SPECIES
Human (Cancer Patients, Caucasian)	6	SPECIES
in vitro (Mouse Liver Homogenate, Tumor Bearing)	6	SPECIES
in vitro (Mouse Tumor Homogenate, Tumor Bearing)	6	SPECIES
in vitro (Ad293 Cells Expressing Human CYP2C9)	6	SPECIES
in vitro (Hep G2 Cells Expressing Human P450)	6	SPECIES
in vitro (Hep G2 Cell Microsomes)	6	SPECIES
Catfish	6	SPECIES
Ram	6	SPECIES
in vitro (Human Neuroblastoma Cells, NGP)	6	SPECIES
in vitro (Human Neuroblastoma Cells, SH-EP)	6	SPECIES
in vitro (Human Neuroblastoma Cells, GIMEN)	6	SPECIES
in vitro (Rat Brain Prefrontal Cortex)	6	SPECIES
in vitro (Mouse Macrophage Cell Lysate, RAW 264.7)	6	SPECIES
in vitro (Rat Hippocampus Cytosol)	6	SPECIES
in vitro (Rat Hippocampus Membranes)	6	SPECIES
in vitro (Human Lung Cells, A549)	6	SPECIES
in vitro (Mouse Hippocampus Homogenate)	6	SPECIES
in vitro (Mouse RAW 264.7 Cells)	6	SPECIES
Mouse (TK-NOG)	6	SPECIES
Mouse (Mrp3-Null)	6	SPECIES
in vitro (Monkey Kidney Fibroblast Cells, COS-1)	6	SPECIES
Human (Female, Elderly)	6	SPECIES
in vitro (Human Peripheral Blood Mononuclear Cells, HIV-1 Infected)	6	SPECIES
in vitro (Human Head and Neck Squamous Cell Carcinoma, Transfected)	6	SPECIES
in vitro (Mouse Chondrocytes)	6	SPECIES
in vitro (Mouse Chondrocytes, Cultured)	6	SPECIES
in vitro (Human Lymphoblast Microsomes Expressing Human CYP Isoenzymes)	6	SPECIES
in vitro (Bird Brain Supernatant)	6	SPECIES
in vitro (Bird Brain Homogenate)	6	SPECIES
Monkey (Female, Ovariectomized)	6	SPECIES
in vitro (Mouse Testis Cytosol)	6	SPECIES
in vitro (HEK 293 Cell Lysate Expressing Rat 11beta-HSD1)	6	SPECIES
in vitro (HEK 293 Cell Lysate Expressing Hamster 11beta-HSD1)	6	SPECIES
in vitro (HEK 293 Cells Expressing Hamster 11beta-HSD1)	6	SPECIES
in vitro (Rat Brain Frontal Cortex Supernatant)	6	SPECIES
in vitro (Human Liver Microsomes and Mouse Liver Cytosol)	6	SPECIES
in vitro (Rabbit Liver Cytosol and Microsomes)	6	SPECIES
in vitro (Rat Liver Microsomes, Hypoxic)	6	SPECIES
in vitro (Rat Eye Lens Homogenate)	6	SPECIES
in vitro (Rat Hippocampus Post-Mitochondrial Fraction)	6	SPECIES
in vitro (Fish Serum)	6	SPECIES
in vitro (Human Keratinocytes, NCTC 2544)	6	SPECIES
in vitro (Rat Liver Post-Mitochondrial Fraction, Diabetic)	6	SPECIES
in vitro (Rat Mammary Gland S9 Fraction)	6	SPECIES
in vitro (Hamster Buccal Pouch S9 Fraction)	6	SPECIES
in vitro (Mouse Liver Cytosol, Wild-Type)	6	SPECIES
in vitro (Mouse Kidney Cytosol, Wild-Type)	6	SPECIES
in vitro (Rat Brain Supernatant, Ischemic)	6	SPECIES
in vitro (Rat Brain, Female, Pregnant)	6	SPECIES
in vitro (Rat Duodenum Supernatant)	6	SPECIES
in vitro (Rat Bladder Supernatant)	6	SPECIES
in vitro (Human Acute Lymphoblastic Leukemia Cells, HSB-2)	6	SPECIES
in vitro (Human Breast Cancer S30 Cells)	6	SPECIES
in vitro (Mouse Forestomach Cytosol)	6	SPECIES
in vitro (Human Liver Cells)	6	SPECIES
in vitro (Rat Adrenal Cytosol)	6	SPECIES
in vitro (V79 Cell Cytosol, Transfected)	6	SPECIES
in vitro (Mouse Liver Microsomes, Cyp1b1(-/-))	6	SPECIES
in vitro (Mouse Lung Microsomes, Cyp1b1(-/-))	6	SPECIES
Fish (Eel)	6	SPECIES
Mouse (4ebp1(-/-)/4ebp2(-/-))	6	SPECIES
Human (Glioblastoma Patients)	6	SPECIES
in vitro (Mouse Bronchus and Trachea)	6	SPECIES
in vitro (Mouse Bronchus and Trachea, mEH-Null)	6	SPECIES
in vitro (Mouse Lung, mEH-Null)	6	SPECIES
in vitro (Human 2215 Cells, Transfected)	6	SPECIES
in vitro (Rat Liver Homogenate, Dietary Zinc-Deficient)	6	SPECIES
in vitro (Rat Testis Homogenate, Dietary Zinc-Deficient)	6	SPECIES
in vitro (Soluble Chicken Kidney Mitochondria Protein)	6	SPECIES
Human (Female, Pregnant, Non-Smoker)	6	SPECIES
in vitro (HEK 293 Cell Homogenate Expressing Human UGT2B7)	6	SPECIES
in vitro (Rat Conceptus Homogenate)	6	SPECIES
in vitro (L1210 Cell Homogenate)	6	SPECIES
in vitro (Human Ovarian Surface Epithelium Cells)	6	SPECIES
in vitro (Rat Pancreas Islet Homogenate)	6	SPECIES
in vitro (V79 Cells)	6	SPECIES
in vitro (Human Bronchoalveolar Cells)	6	SPECIES
in vitro (Human Lung Cells, H358)	6	SPECIES
in vitro (Pig Kidney Proximal Tubule Cells, LLC-PK1)	6	SPECIES
Mouse (Phenylketonuric)	6	SPECIES
in vitro (Human B-Lymphoblastoid AHH-1 Cells Expressing Human CYP2A6)	6	SPECIES
Soybean	6	SPECIES
in vitro (Human Erythroleukemia Cells)	6	SPECIES
in vitro (Mouse Leydig Tumor Cells, MA-10)	6	SPECIES
in vitro (Human Lymphoma Cells)	6	SPECIES
in vitro (Mouse Macrophages)	6	SPECIES
in vitro (Mouse Intestine Polyp Microsomes)	6	SPECIES
in vitro (Rabbit Uterus Microsomes)	6	SPECIES
in vitro (Rabbit Corpus Luteum Microsomes)	6	SPECIES
in vitro (Lung Cancer Cells, A549)	6	SPECIES
in vitro (Rabbit Intestine Mucosa Microsomes)	6	SPECIES
in vitro (Rabbit Aorta Microsomes and 15-Lipoxygenase)	6	SPECIES
in vitro (Rabbit Liver Microsomes and 15-Lipoxygenase)	6	SPECIES
in vitro (Rabbit Liver Flavin-Containing Monooxygenase)	6	SPECIES
in vitro (Rat Nasal Tissue Homogenate)	6	SPECIES
in vitro (Mouse Epidermis Supernatant)	6	SPECIES
Rat (Cirrhotic)	6	SPECIES
Rat (Cirrhotic, Diabetic)	6	SPECIES
in vitro (Rat Bone Marrow Homogenate)	6	SPECIES
in vitro (Human Breast Skin Epidermal Membrane Diffusion System)	6	SPECIES
in vitro (Rat Skeletal Muscles)	6	SPECIES
in vitro (Bovine Brain 5-Phosphatase)	6	SPECIES
in vitro (Human Hair Follicles)	6	SPECIES
in vitro (Human Carcinoma Cells)	6	SPECIES
in vitro (Rat Striatum Mitochondria)	6	SPECIES
in vitro (Mouse 3T3-L1 Adipocytes)	6	SPECIES
Human (Female, Pregnant, Solid Organ Transplant Patients)	6	SPECIES
in vitro (Rat Bone Marrow Supernatant)	6	SPECIES
in vitro (COS-1 Cell Microsomes, Transfected)	6	SPECIES
in vitro (Human Chondrocytes)	6	SPECIES
in vitro (Rabbit Cornea Epithelium Cells, SIRC)	6	SPECIES
in vitro (Pig Duodenum Microvillar Membranes)	6	SPECIES
in vitro (Pig Kidney Cortex Microvillar Membranes)	6	SPECIES
Rat (Mdr1a-Deficient)	6	SPECIES
Mouse (Mdr1a-Deficient)	6	SPECIES
in vitro (Fish Brain Membranes)	6	SPECIES
in vitro (Rat Uterus Homogenate, Female, Ovariectomized)	6	SPECIES
in vitro (Human Lymphocyte Lysate)	6	SPECIES
in vitro (Mouse Small Intestine Microsomes, Cyp2c/2d/3a Knockout)	6	SPECIES
in vitro (Rat Hepatoma Cells, H-4-II-E, Transfected)	6	SPECIES
in vitro (Rat Heart Microsomes, Female)	6	SPECIES
in vitro (Fish Liver Microsomes, Channel Catfish)	6	SPECIES
in vitro (Human Lymphoblastoid AHH-1 Cell Microsomes Expressing Human CYP+	6	SPECIES
in vitro (Alligator Liver Microsomes)	6	SPECIES
in vitro (Rat Adrenal Gland Microsomes)	6	SPECIES
in vitro (Mouse Liver S9 Fraction, Chimeric, Humanized Liver)	6	SPECIES
in vitro (Lymphoblast Microsomes Expressing Human CYP2D6)	6	SPECIES
in vitro (Human Colorectal Adenocarcinoma Cells, LS174T)	6	SPECIES
in vitro (Rat Thyroid Microsomes)	6	SPECIES
in vitro (Chicken Brain)	6	SPECIES
in vitro (COS Cell S9 Fraction Expressing Rat Carboxylesterase Isoform pI+	6	SPECIES
in vitro (COS Cell S9 Fraction Expressing Human CES1)	6	SPECIES
in vitro (COS Cell S9 Fraction Expressing Human CES2)	6	SPECIES
in vitro (Guinea Pig Skin Microsomes)	6	SPECIES
Mouse (Lewis Lung Carcinoma Bearing)	6	SPECIES
in vitro (Human Colon Cancer Cells, Colo-205)	6	SPECIES
in vitro (Hen Liver Supernatant)	6	SPECIES
in vitro (Rat Liver Mitochondria and Microsomes)	6	SPECIES
in vitro (Rat Osteosarcoma Cells, ROS 17/2.8)	6	SPECIES
in vitro (Sheep Serum)	6	SPECIES
in vitro (Guinea Pig Brain)	6	SPECIES
in vitro (Fish Head Homogenate)	6	SPECIES
in vitro (Human Liver Epithelium Cells Expressing Human CYP2E1)	6	SPECIES
in vitro (Human Plasma, Female)	6	SPECIES
in vitro (Human Lymphoid Cells, IM-9)	6	SPECIES
in vitro (Fish Brain Extract)	6	SPECIES
in vitro (Rat Heart Membranes)	6	SPECIES
in vitro (Polar Bear Liver Cytosol)	6	SPECIES
in vitro (Rat Intestine Brush Border Membranes)	6	SPECIES
in vitro (Rabbit Seminal Plasma)	6	SPECIES
in vitro (Human Lung Carcinoma Cells)	6	SPECIES
in vitro (Rat Hepatoma Cell Microsomes, RH7777, Transfected)	6	SPECIES
in vitro (Hamster Lung V79-4 Cells Expressing Human CYP24A1-W134F)	6	SPECIES
in vitro (Mouse Clara Cells)	6	SPECIES
in vitro (AHH-1 Cell Microsomes Expressing Human CYP1A2)	6	SPECIES
in vitro (AHH-1 Cell Microsomes Expressing Human CYP2C9)	6	SPECIES
in vitro (Rat Intestine Perfusion, Bile Duct Cannulated)	6	SPECIES
in vitro (Duodenum Microsomes)	6	SPECIES
in vitro (Jejunum Microsomes)	6	SPECIES
in vitro (Ileum Microsomes)	6	SPECIES
in vitro (Colon Microsomes)	6	SPECIES
in vitro (COS-1 Cells Expressing Angora Goat CYP17 ACS-, 3beta-Hydroxyste+	6	SPECIES
in vitro (Rat Erythrocyte Lysate)	6	SPECIES
in vitro (Chinese Hamster Ovary Cells, UV5)	6	SPECIES
in vitro (Rat Plasma Lipoprotein Lipase)	6	SPECIES
in vitro (Rat Liver Microsomes and Supernatant)	6	SPECIES
in vitro (Mouse Brain S9 Fraction)	6	SPECIES
in vitro (Human Retina Pigment Epithelium Cells)	6	SPECIES
in vitro (Monkey COS-M6 Cells, Transfected)	6	SPECIES
in vitro (Human Liver Post-Mitochondrial Fraction, Male)	6	SPECIES
in vitro (Human Liver Post-Mitochondrial Fraction, Female)	6	SPECIES
in vitro (Rat Cecum Mucosa)	6	SPECIES
in vitro (Sheep Liver Microsomes, Fetal)	6	SPECIES
in vitro (Saccharomycopsis alpha-Amylase, Mutants Y83W, Y83N)	6	SPECIES
Rat (Bile Duct Ligated and Bladder Catheterized)	6	SPECIES
in vitro (Phage M13mp10 SV40 Nuclosomal DNA)	6	SPECIES
in vitro (Salvia Officinalis Cyclase II)	6	SPECIES
in vitro (HEK 293 Cell Homogenate Expressing Human UGT2A1 Delta exon3)	6	SPECIES
in vitro (Rat Liver Slice Extract, Female)	6	SPECIES
in vitro (Rat Liver Slice Extract, Male)	6	SPECIES
in vitro (Green Monkey Kidney Cells, Vero)	6	SPECIES
in vitro (Green Monkey Kidney Cells, Vero, HSV-1 Infected)	6	SPECIES
in vitro (Mouse Mammary Carcinoma Cells, Cytomegalovirus Infected, Wild-T+	6	SPECIES
in vitro (Mouse Mammary Carcinoma Cells, Cytomegalovirus Infected, Drug R+	6	SPECIES
Mouse (Female, Pregnant, Lrat(-)/Rpb(-))	6	SPECIES
in vitro (Ferret Lung Post-Nuclear Fraction)	6	SPECIES
in vitro (Human Breast Cancer Cells, MCF-7/hc)	6	SPECIES
in vitro (Microsomes Expressing Human CYP2C9)	6	SPECIES
in vitro (Human Colorectal Cancer Cells)	6	SPECIES
Rat (Wistar, Bile Duct Cannulated)	6	SPECIES
in vitro (Human AHH-1 TK+/- Cell Microsomes Expressing Human CYP2A6)	6	SPECIES
in vitro (Mouse Colon Carcinoma Cells)	6	SPECIES
in vitro (Rabbit Tears)	6	SPECIES
in vitro (Rat Kidney Homogenate, Male)	6	SPECIES
in vitro (Cattle Liver Post-Mitochondrial Fraction)	6	SPECIES
in vitro (Human Respiratory Mucosa Microsomes)	6	SPECIES
in vitro (Chicken Liver Post-Mitochondrial Fraction)	6	SPECIES
in vitro (Pig Femoral Artery)	6	SPECIES
Mouse (C57BL/6 Strain)	6	SPECIES
Rat (Germ-free, Male)	6	SPECIES
Human (Mild Hepatic Impairment Patients)	6	SPECIES
in vitro (Minipig Liver Homogenate)	6	SPECIES
in vitro (Rabbit Spleen Homogenate)	6	SPECIES
in vitro (Human Colon Cancer Cells, WiDr)	6	SPECIES
in vitro (SKM-1 Cells)	6	SPECIES
in vitro (Bovine Coronary Aorta Smooth Muscle Cells)	6	SPECIES
in vitro (Rabbit Cornea)	6	SPECIES
in vitro (Mouse Keratinocyte C50 Cells)	6	SPECIES
in vitro (Rat Small Intestine Perfusion, Male)	6	SPECIES
in vitro (Rat Small Intestine Perfusion, Female)	6	SPECIES
in vitro (Rat Epidermis Homogenate)	6	SPECIES
Human (HIV Infected Hepatic Impairment Patients)	6	SPECIES
in vitro (Human B-Lymphoblastoid Cell Microsomes Expressing Human CYP3A5)	6	SPECIES
in vitro (Baboon Plasma)	6	SPECIES
in vitro (Lymphoblast Cell Microsomes Expressing Human CYP1A1)	6	SPECIES
in vitro (Lymphoblast Cell Microsomes Expressing Human CYP2C9)	6	SPECIES
in vitro (Lymphoblast Cell Microsomes Expressing Human CYP2C19)	6	SPECIES
in vitro (Lymphoblast Cell Microsomes Expressing Human CYP2D6)	6	SPECIES
in vitro (Lymphoblast Cell Microsomes Expressing Human CYP3A4)	6	SPECIES
in vitro (Human B-Lymphoblastoid Cell Microsomes Expressing CYP1A2)	6	SPECIES
in vitro (Human B-Lymphoblastoid Cell Microsomes Expressing CYP2C9)	6	SPECIES
in vitro (Human B-Lymphoblastoid Cell Microsomes Expressing CYP2C19)	6	SPECIES
in vitro (Human Lung Adenocarcinoma Cells)	6	SPECIES
Mouse (Abcc4(-/-))	6	SPECIES
in vitro (Human Liver Post-Nuclear Fraction)	6	SPECIES
in vitro (Hamster V79 Cells Expressing Mouse CYP1A1)	6	SPECIES
in vitro (Human Colon Adenocarcinoma Cells, Colo-205)	6	SPECIES
in vitro (Human Lymphoblast CEM/0 Cells)	6	SPECIES
in vitro (Human Lymphoblast CEM/dCK- Cells)	6	SPECIES
Rat (Bile Duct Cannulated, Wild-Type)	6	SPECIES
Rat (Bile Duct Cannulated, Mutant)	6	SPECIES
Pig (Bile Duct Ligated)	6	SPECIES
in vitro (Rat Intestine S9 Fraction, Female)	6	SPECIES
in vitro (Rat Intestine S9 Fraction, Male)	6	SPECIES
in vitro (Rat Liver Perfusion, Eisai Hyperbilirubinemic)	6	SPECIES
Mouse (Breast Cancer Brain Metastasis Model)	6	SPECIES
in vitro (Rat Skeletal Myoblasts, L6)	6	SPECIES
in vitro (Mouse Cortex Cells, Fetal)	6	SPECIES
in vitro (Human Lung Cancer Cell Lysate, H1299)	6	SPECIES
in vitro (Rat Nasal Cavity Perfusion)	6	SPECIES
in vitro (Mouse Kidney Tumor Cells, As4.1)	6	SPECIES
in vitro (Human Neuroblastoma Cells, UKF-NB-3)	6	SPECIES
in vitro (Human Neuroblastoma Cells, UKF-NB-4)	6	SPECIES
in vitro (Human Neuroblastoma Cell S9 Fraction, IMR-32)	6	SPECIES
in vitro (Human Neuroblastoma Cell S9 Fraction, UKF-NB-3)	6	SPECIES
in vitro (Human Neuroblastoma Cell S9 Fraction, UKF-NB-4)	6	SPECIES
in vitro (Human Lung Squamous Carcinoma Cells, CH27)	6	SPECIES
in vitro (Chinese Hamster Lung Fibroblast V79 Cells Expressing Human NAT1+	6	SPECIES
in vitro (Chinese Hamster Lung Fibroblast V79 Cells Expressing Human NAT2+	6	SPECIES
in vitro (Rat Gastric Fluid)	6	SPECIES
in vitro (Rat Uterus Perfusion, Pregnant)	6	SPECIES
Rat (Jejunum Ligated)	6	SPECIES
Rat (Ileum Ligated)	6	SPECIES
in vitro (Dog Jejunum S9 Fraction)	6	SPECIES
in vitro (Monkey Jejunum S9 Fraction)	6	SPECIES
Mouse (Human Prostate Cancer Cells Implanted)	6	SPECIES
in vitro (Human Breast Carcinoma T-47D Cells, Transfected)	6	SPECIES
in vitro (Human Pancreas Cancer Cell Cytosol, Capan-2)	6	SPECIES
in vitro (Human Colon Cancer Cell Cytosol, Caco-2)	6	SPECIES
in vitro (Human Vagina Epithelium Cells)	6	SPECIES
in vitro (Human Ectocervical Epithelium Cells)	6	SPECIES
in vitro (Human Endocervical Epithelium Cells)	6	SPECIES
in vitro (Human Eye S9 Fraction)	6	SPECIES
in vitro (Human Liver Cells, HBI10A)	6	SPECIES
in vitro (Huh-7/HB1 Cells)	6	SPECIES
in vitro (Human Lymphoblast Cells Expressing CYP Isoenzymes)	6	SPECIES
in vitro (Rat Intestine Mucosa Post-Mitochondrial Fraction)	6	SPECIES
in vitro (Human Skin Membranes)	6	SPECIES
in vitro (Human Tumor Cells, Hep G2)	6	SPECIES
in vitro (Human Tumor Cells, HT-29)	6	SPECIES
in vitro (Human Tumor Cells, A549)	6	SPECIES
in vitro (Pig Kidney Supernatant)	6	SPECIES
in vitro (Rat Liver Perfusion, Sham-Operated)	6	SPECIES
in vitro (Rat Liver Perfusion, Liver Ischemia-Reperfusion Injury)	6	SPECIES
in vitro (Mouse T-Lymphosarcoma Cells, S49, Wild-Type)	6	SPECIES
in vitro (Mouse T-Lymphosarcoma Cells, S49, dCMP Deaminase-Deficient)	6	SPECIES
in vitro (Human B-Lymphoblastoid AHH-1 Cells Expressing Human CYP Isoenzy+	6	SPECIES
in vitro (Human Leukemia Cells, RPMI-8226)	6	SPECIES
Toad (Tadpole)	6	SPECIES
Mouse (B16-F1 Melanoma Bearing)	6	SPECIES
Mouse (Human MDA-MB-231 Tumor Bearing)	6	SPECIES
in vitro (Human Hepatocytes and Mouse Fibroblasts, Cocultured)	6	SPECIES
in vitro (Minipig Skin)	6	SPECIES
in vitro (Fish Liver Microsomes, Loach)	6	SPECIES
Rat (C6 Tumor Bearing)	6	SPECIES
in vitro (Lymphoblast Cells Expressing Human CYP1A2)	5	SPECIES
in vitro (HEK 293 Cells Expressing Human UGT1A3)	5	SPECIES
Human (Gastroenterological Patients)	5	SPECIES
in vitro (Rabbit UDP-Gluuronosyltransferase, Immobilized)	5	SPECIES
in vitro (Monkey UDP-Gluconosyltransferase, Immobilized)	5	SPECIES
in vitro (Human UDP-Gluconosyltransferase, Immobilized)	5	SPECIES
Rat (Male, Castrated)	5	SPECIES
in vitro (Rat Esophagus Cytosol)	5	SPECIES
in vitro (Rat Bladder Cytosol)	5	SPECIES
in vitro (Chinese Hamster Ovary Cells Expressing Rhesus Monkey NAT2*1)	5	SPECIES
in vitro (Chinese Hamster Ovary Cells Expressing Rhesus Monkey NAT2*2)	5	SPECIES
in vitro (COS-1 Cells Expressing Human NAT2)	5	SPECIES
in vitro (Monkey Kidney COS-1 Cell Cytosol Expressing Human NAT2)	5	SPECIES
in vitro (Monkey Kidney COS-1 Cell Cytosol Expressing Human NAT1)	5	SPECIES
in vitro (Human Serum, Female)	5	SPECIES
in vitro (Breast Cancer Cells, T-47D)	5	SPECIES
in vitro (Mouse Small Intestine Microsomes, Transgenic)	5	SPECIES
in vitro (Mouse Vascular Small Intestine Perfusion)	5	SPECIES
in vitro (Rat Breast Mitochondria, Female)	5	SPECIES
in vitro (Rat Breast Nuclei, Female)	5	SPECIES
in vitro (Rat Uterus Supernatant, Female)	5	SPECIES
in vitro (Human Hepatocytes and Serum)	5	SPECIES
Mouse (Cyp2c/2d/3a Knockout)	5	SPECIES
in vitro (Human Hepatoma Cells, HepaRG, Differentiated)	5	SPECIES
in vitro (Pig Liver Microsomes, Male)	5	SPECIES
in vitro (Pig Liver Microsomes, Female)	5	SPECIES
in vitro (Green Monkey Liver Microsomes)	5	SPECIES
in vitro (Human AHH-1 TK+/- Lymphoblastoid Cell Microsomes Expressing CYP+	5	SPECIES
in vitro (Human Bronchoalveolar Epithelium Cell Extract, A549)	5	SPECIES
in vitro (Human Bronchoalveolar Epithelium Cell Extract, 16HBE)	5	SPECIES
in vitro (Mouse Epithelium Cell Extract, mtCC1-2 Clara)	5	SPECIES
in vitro (Rat Liver Microsomes, Growth Hormone-Deficient)	5	SPECIES
in vitro (Hep G2 Cells Expressing Human CYP2C18)	5	SPECIES
in vitro (Hep G2 Cell Microsomes Expressing Human CYP2E1)	5	SPECIES
in vitro (Human Kidney 293 Cell Lysate Expressing Human UGT Isoenzymes, E+	5	SPECIES
in vitro (Mouse Liver Microsomes, Cyp2d Knockout)	5	SPECIES
in vitro (Rat Liver Microsomes, Nephrectomized)	5	SPECIES
in vitro (Japanese Monkey Liver Microsomes)	5	SPECIES
in vitro (Human Hep G2 Cells Expressing Human CYP3A4)	5	SPECIES
in vitro (Human Small Intestine Mucosa Supernatant)	5	SPECIES
in vitro (V79 Cells Expressing Human UGT2B4)	5	SPECIES
Human (Myocardial Infarction Patients)	5	SPECIES
in vitro (Rat Liver Cytosol, Hepatic Dysfunction-Induced)	5	SPECIES
in vitro (Duck Kidney Microsomes)	5	SPECIES
in vitro (Rat Liver Microsomes, Mirex Treated)	5	SPECIES
in vitro (Rat Liver Microsomes, Photoheptachlor Treated)	5	SPECIES
in vitro (Human Skin Supernatant)	5	SPECIES
in vitro (Mouse Liver Microsomes, Extrahepatic NADPH-Cytochrome P450 Redu+	5	SPECIES
Human (Chronic Pain Patients)	5	SPECIES
in vitro (Human Liver Supernatant, Fetal)	5	SPECIES
in vitro (Human Liver Supernatant, Adult)	5	SPECIES
in vitro (Rhesus Monkey Liver Microsomes, Fetal)	5	SPECIES
in vitro (Mouse Heart Mitochondria)	5	SPECIES
in vitro (Human Glioma Cells)	5	SPECIES
in vitro (Human Adrenal Gland Cytosol, Fetal)	5	SPECIES
in vitro (Rat Liver Cytosol, Aorta Ligated)	5	SPECIES
in vitro (COS-1 Cells Expressing Human UGT1A9)	5	SPECIES
in vitro (Human Jejunum Homogenate)	5	SPECIES
in vitro (Human Colon Homogenate)	5	SPECIES
in vitro (Mouse Small Intestine Supernatant)	5	SPECIES
Human (Sickle Cell Disease Patients)	5	SPECIES
in vitro (Mouse Liver S9 Fraction, Female, Pregnant)	5	SPECIES
in vitro (Mouse Kidney Cortex Slices)	5	SPECIES
in vitro (Human Hepatoma Cells, SK-Hep-1)	5	SPECIES
in vitro (Rat Adrenal Microsomes DB-7 Expressing Human CYP2E1)	5	SPECIES
in vitro (Streptococcus faecalis)	5	SPECIES
Human (Children, Autoimmune Hepatitis Patients)	5	SPECIES
in vitro (Human Hepatocytes and Kupffer Cells)	5	SPECIES
in vitro (Mouse Liver Microsomes, beta-Naphthoflavone-Treated)	5	SPECIES
in vitro (B-Lymphoblastoid Cell Microsomes Expressing Human CYP1A2)	5	SPECIES
Human (Cancer and Hemodialysis Patients)	5	SPECIES
in vitro (Human Kidney 293T Cells, Transfected)	5	SPECIES
in vitro (Rat Heart Cell Extract, Embryonic, H9c2)	5	SPECIES
in vitro (Human Breast Carcinoma Cell Cytosol, MCF-7)	5	SPECIES
in vitro (HEK 293 Cells Expressing Human UGT1A6)	5	SPECIES
in vitro (Human Hep G2 Cells Expressing Human CYP2E1)	5	SPECIES
in vitro (Mouse Liver Microsomes, Nrf2 Knockout)	5	SPECIES
in vitro (Human Tongue Carcinoma Cells)	5	SPECIES
in vitro (Human Breast Tumor Cells)	5	SPECIES
in vitro (Fish Liver Slices)	5	SPECIES
in vitro (Human Intestine Slices)	5	SPECIES
in vitro (Rat Liver, Orthotopical Transplanted)	5	SPECIES
in vitro (Rat Liver Perfusion, Ischemic)	5	SPECIES
in vitro (Rainbow Trout Liver Hepatocytes)	5	SPECIES
in vitro (Rat Hepatocytes, Fetal)	5	SPECIES
in vitro (Dog Respiratory Tissue)	5	SPECIES
in vitro (Rabbit Bone Marrow Microsomes)	5	SPECIES
in vitro (P450 Reductase)	5	SPECIES
in vitro (Redoxin)	5	SPECIES
in vitro (Marmoset Lung Microsomes)	5	SPECIES
in vitro (Mouse Adipose Tissue Homogenate)	5	SPECIES
in vitro (Human Endometrial Cancer Cells)	5	SPECIES
in vitro (Pig Lung Cytosol)	5	SPECIES
in vitro (Human Lymphocyte Microsomes Expressing Human CYP1A1)	5	SPECIES
in vitro (Pig Ovary Mitochondria)	5	SPECIES
in vitro (Human Umbilical Artery Endothelial Cells)	5	SPECIES
in vitro (Human Kidney 293 Cells Expressing Mouse CYP1A1)	5	SPECIES
in vitro (Human Kidney 293 Cells Expressing Mouse CYP1B1)	5	SPECIES
in vitro (Human Kidney 293 Cells Expressing Mouse CYP1A2)	5	SPECIES
in vitro (Hep G2 Cells Expressing Mouse CYP1A1)	5	SPECIES
in vitro (Hep G2 Cells Expressing Mouse CYP1B1)	5	SPECIES
in vitro (Hep G2 Cells Expressing Mouse CYP1A2)	5	SPECIES
in vitro (Caco-2 Cells and Hep G2 Cells)	5	SPECIES
in vitro (Human Placenta Microsomes, Female, Smoker)	5	SPECIES
in vitro (Human Placenta Microsomes, Female, Non-Smoker)	5	SPECIES
in vitro (Human Lung Epithelium Cells, BEAS-2B)	5	SPECIES
in vitro (Chub Mackerel Hepatocytes)	5	SPECIES
in vitro (Human Choriocarcinoma Cells, BeWo)	5	SPECIES
in vitro (Dog Kidney Cells, MDCK-MDR1)	5	SPECIES
in vitro (Dog Kidney Cells, MDCK-II-MRP2))	5	SPECIES
in vitro (Human Lung Cancer Cell S9 Fraction, CL5)	5	SPECIES
in vitro (Pike Kidney Homogenate)	5	SPECIES
in vitro (Pike Kidney Microsomes)	5	SPECIES
in vitro (Rat Hepatocytes, Hyperlipidemic)	5	SPECIES
in vitro (Rat Liver Slices, Sprague-Dawley)	5	SPECIES
in vitro (Rat Liver Slices, Male, Dark Agouti)	5	SPECIES
in vitro (Rat Liver Slices, Female, Dark Agouti)	5	SPECIES
in vitro (Human Skin Melanocytes)	5	SPECIES
Baboon (Female, Postpartum)	5	SPECIES
in vitro (Mouse Liver Microsomes, Transgenic, Human CYP3A4/CYP3A7)	5	SPECIES
in vitro (Mouse Liver Microsomes, Cyp3a(-/-))	5	SPECIES
in vitro (Hamster V79MZ Cells Expressing Human CYP Isoenzymes)	5	SPECIES
in vitro (Human Hepatocytes, HepatoPac Coculture)	5	SPECIES
in vitro (MDCK-II Cells)	5	SPECIES
Human (Nephritis Patients)	5	SPECIES
in vitro (Human Lymphoblast Microsomes Expressing Human CYP2C9)	5	SPECIES
in vitro (Rat Kidney Cortex Cytosol)	5	SPECIES
in vitro (Human Leukemia Cells, MOLT-4)	5	SPECIES
in vitro (Human T-Lymphoblastoid Cells, MOLT)	5	SPECIES
in vitro (Rabbit Liver Perfusion, Adult)	5	SPECIES
in vitro (Rabbit Liver Perfusion, Neonatal)	5	SPECIES
in vitro (Dog Colon Microsomes)	5	SPECIES
in vitro (Rat Liver Microsomes, Gunn, Homozygous)	5	SPECIES
Human (Hepatitis C Patients)	5	SPECIES
Human (Children, Obstructive Sleep Apnea Patients)	5	SPECIES
Mouse (Abcb1a/1b(-/-))	5	SPECIES
in vitro (Rat Proximal Small Intestine Microsomes)	5	SPECIES
in vitro (Rat Distal Small Intestine Microsomes)	5	SPECIES
Human (Growth Hormone-Deficient)	5	SPECIES
Housefly	5	SPECIES
in vitro (Housefly Microsomes)	5	SPECIES
in vitro (Horse Lung Microsomes)	5	SPECIES
in vitro (Human Liver Cytosol, Steatosis Patients)	5	SPECIES
in vitro (Human Liver Cytosol, Cirrhosis Patients)	5	SPECIES
in vitro (Human Bladder Cytosol)	5	SPECIES
in vitro (Rabbit Liver Microsomes, Diabetic)	5	SPECIES
in vitro (Rabbit Kidney Microsomes, Diabetic)	5	SPECIES
in vitro (Rabbit Lung Microsomes, Diabetic)	5	SPECIES
in vitro (Mouse Lung Microsomes, CD-1)	5	SPECIES
in vitro (Rat Hepatocyte Lysate, Cultured)	5	SPECIES
in vitro (Human Kidney HEK 293T Cells Expressing Fish UGT5B2)	5	SPECIES
in vitro (Fish Liver S12 Fraction)	5	SPECIES
in vitro (Rat Liver, Neonatal)	5	SPECIES
in vitro (Duck Liver Cytosol)	5	SPECIES
in vitro (Rainbow Trout Kidney Microsomes)	5	SPECIES
in vitro (Rabbit Liver UDP-Glucuronosyltransferase)	5	SPECIES
in vitro (Mouse Liver UDP-Glucuronosyltransferase)	5	SPECIES
in vitro (Rat C6 Glioma Cells, Transfected)	5	SPECIES
in vitro (Human Endometrium Cells, Cultured)	5	SPECIES
in vitro (Human Lymphoblast Cells Expressing CYP2C19)	5	SPECIES
in vitro (Mouse Liver, Uridine Phosphorylase(-/-))	5	SPECIES
in vitro (Human Stomach Carcinoma Cells, NUGC-3)	5	SPECIES
in vitro (Rat Hepatoma Cells, AH 130)	5	SPECIES
in vitro (Bovine Liver Homogenate)	5	SPECIES
in vitro (Rat Hepatoma Cell Culture, H-4-II-E)	5	SPECIES
Human (Gout Patients)	5	SPECIES
in vitro (Equine Placenta Microsomes)	5	SPECIES
in vitro (Pig Hepatocytes, Cryopreserved)	5	SPECIES
Mouse (Octn1(-/-))	5	SPECIES
in vitro (Mouse Cells)	5	SPECIES
in vitro (Human Skin Keratinocytes, HaCaT)	5	SPECIES
in vitro (HEK 293 Cell Microsomes Expressing Human UGT2B4)	5	SPECIES
in vitro (Human Placenta Lysate)	5	SPECIES
in vitro (Human Kidney 293 Cells Expressing 17beta-Hydroxysteroid Dehydro+	5	SPECIES
in vitro (Human MCF-7 Cell Microsomes)	5	SPECIES
in vitro (Human Hepatic Carcinoma Cells)	5	SPECIES
Rat (3 Month)	5	SPECIES
Rat (25 Month)	5	SPECIES
Rat (12 Month)	5	SPECIES
in vitro (Mouse Ileum)	5	SPECIES
in vitro (Mouse Nasal Microsomes)	5	SPECIES
in vitro (Horse Heart Microperoxidase 8)	5	SPECIES
in vitro (CHO Cells, Transfected)	5	SPECIES
in vitro (Mouse Myeloid Leukemia M1 Cells)	5	SPECIES
in vitro (Mouse Myeloid Leukemia M1HQ Cells)	5	SPECIES
in vitro (Brook Trout Liver Microsomes)	5	SPECIES
in vitro (Rat Duodenum Cytosol)	5	SPECIES
in vitro (Rat Cecum Cytosol)	5	SPECIES
in vitro (Mouse Adrenal Gland Microsomes)	5	SPECIES
in vitro (Human Erythroblastoid Cells, K-562)	5	SPECIES
in vitro (Human Breast Cancer Cells, Insulin Treated)	5	SPECIES
Mouse (Transgenic, Human OATP1B1)	5	SPECIES
Mouse (Transgenic, Human OATP1B3)	5	SPECIES
Rat (WKA/Sea Strain)	5	SPECIES
Rat (Sea:SD Strain)	5	SPECIES
in vitro (Cat Plasma)	5	SPECIES
in vitro (Rabbit Lung Supernatant)	5	SPECIES
Nonhuman Animal	5	SPECIES
Mouse (Rat 9L Tumor Bearing)	5	SPECIES
Dog (Fed)	5	SPECIES
in vitro (Human Kidney 293 Cell Membranes Expressing Human UGT2B7)	5	SPECIES
in vitro (Rat Epididymis Microsomes)	5	SPECIES
in vitro (Calf Liver)	5	SPECIES
in vitro (Rat Peripheral Blood Lymphocytes)	5	SPECIES
in vitro (Mouse Macrophage Cells, J774.2)	5	SPECIES
in vitro (Rat Brain Microsomes, Neonatal)	5	SPECIES
in vitro (Dog Eye Microsomes)	5	SPECIES
in vitro (Human Eye Microsomes)	5	SPECIES
in vitro (Mouse Stem Cells, Embryonic)	5	SPECIES
in vitro (Human B-Lymphoblastoid Cell Microsomes Expressing Human CYP2F1)	5	SPECIES
Tortoise	5	SPECIES
in vitro (HEK 293 Cell Microsomes Expressing Human UGT1A9-Thr33)	5	SPECIES
in vitro (HEK 293 Cell Microsomes Expressing Human UGT1A9-Ala167)	5	SPECIES
in vitro (HEK 293 Cell Microsomes Expressing Human UGT1A9-Gly183)	5	SPECIES
in vitro (HEK 293 Cells Expressing Human Chimeric UGT Isoenzymes)	5	SPECIES
in vitro (Mouse Colon Homogenate)	5	SPECIES
in vitro (Rat Jejunum Perfusion, Eisai Hyperbilirubinemic)	5	SPECIES
in vitro (Human Ovary Carcinoma Cells, SKOV-3, Transfected)	5	SPECIES
in vitro (Hamster Cytochrome P450HPB-1)	5	SPECIES
in vitro (Human Colon Mucosa Slices)	5	SPECIES
in vitro (Rat Liver Microsomes, Juvenile)	5	SPECIES
in vitro (Zebrafish Hepatocytes)	5	SPECIES
in vitro (Mouse Lung Microsomes, A/J)	5	SPECIES
in vitro (B-Lymphoblastoid Cell Microsomes Expressing Rat CYP2A1)	5	SPECIES
in vitro (Mouse Neuroblastoma Cells, Tetraploid)	5	SPECIES
in vitro (Rat Submandibular Gland Carcinoma RSS18 Cells)	5	SPECIES
in vitro (Rat Testis Microsomes, 45 Days)	5	SPECIES
in vitro (Rat Leydig Tumor H540 Cells)	5	SPECIES
in vitro (CHO Cells Expressing Monkey Steroid 5alpha-Reductase Type 1)	5	SPECIES
in vitro (CHO Cells Expressing Monkey Steroid 5alpha-Reductase Type 2)	5	SPECIES
in vitro (CHO Cells Expressing Human Steroid 5alpha-Reductase Type 1)	5	SPECIES
in vitro (CHO Cells Expressing Human Steroid 5alpha-Reductase Type 2)	5	SPECIES
in vitro (Rat Epididymis Membranes)	5	SPECIES
in vitro (Human Endometrial Carcinoma Ishikawa Cells and Human Tumor Stro+	5	SPECIES
in vitro (Human Endometrial Carcinoma RL95-2 Cells and Human Tumor Stroma+	5	SPECIES
in vitro (Human Granulosa-Luteal Cells)	5	SPECIES
in vitro (Human Breast Adipose Stromal Cells, Female)	5	SPECIES
in vitro (Human Breast Homogenate)	5	SPECIES
in vitro (Mouse Hippocampus Microsomes)	5	SPECIES
in vitro (Mouse Liver Microsomes, spgp Knockout)	5	SPECIES
in vitro (Microsomes Expressing CYP3A4)	5	SPECIES
in vitro (Hamster Ovary Cells Expressing Human CYP3A4)	5	SPECIES
in vitro (Rat Adipose Tissue Homogenate)	5	SPECIES
in vitro (Hamster V79 Cells Expressing Human Hydroxysteroid Sulfotransfer+	5	SPECIES
in vitro (HEK 293 Cell Homogenate Expressing Human UGT2A1)	5	SPECIES
in vitro (Mouse Lung Epithelium Cells, Cultured, Fetal)	5	SPECIES
in vitro (COS-1 Cells Expressing Human CYP17)	5	SPECIES
in vitro (Human Testis Tumor)	5	SPECIES
in vitro (HEK 293 Cells Expressing Mouse 11beta-HSD2)	5	SPECIES
in vitro (Human Adipose-Derived Mesenchymal Stem Cells)	5	SPECIES
in vitro (Human Ovary Cells)	5	SPECIES
in vitro (Human Cervix Microsomes)	5	SPECIES
in vitro (Monkey Adrenal Gland Homogenate)	5	SPECIES
in vitro (Mouse Semitend Homogenate)	5	SPECIES
in vitro (Mouse Brown Fat Homogenate)	5	SPECIES
in vitro (Mouse Adipose Homogenate)	5	SPECIES
in vitro (Human Stomach Carcinoma Cell Cytosol, NUGC-3)	5	SPECIES
Deer Mouse (Alcohol Dehydrogenase-Deficient)	5	SPECIES
in vitro (Dog Testis Homogenate)	5	SPECIES
in vitro (Rat C6 Glioma Cells)	5	SPECIES
in vitro (Human Bronchial Epithelium Cells, WI26)	5	SPECIES
in vitro (Pig Cortex Microsomes)	5	SPECIES
in vitro (Rat Adrenal Glands)	5	SPECIES
in vitro (Rat Retina)	5	SPECIES
in vitro (Rat Medulla)	5	SPECIES
in vitro (Human Prostate Stromal Cells, 6S)	5	SPECIES
in vitro (Human Prostate Cancer Stromal Cells, 6S)	5	SPECIES
in vitro (Mouse Testes)	5	SPECIES
in vitro (V79 Cells Expressing Rat UDP-Glucuronosyltransferase)	5	SPECIES
in vitro (V79 Cells Expressing Human UDP-Glucuronosyltransferase)	5	SPECIES
in vitro (Human Bladder Carcinoma Cells, RT4)	5	SPECIES
in vitro (Mouse Liver Microsomes and Rat Liver Cytosol)	5	SPECIES
in vitro (Mouse Liver Microsomes and Human Liver Cytosol)	5	SPECIES
in vitro (Chicken Kidney Perfusion)	5	SPECIES
in vitro (Absidia blackesleeana)	5	SPECIES
in vitro (Human Plasma, Cancer Patients)	5	SPECIES
in vitro (Rat Striatum Cytosol)	5	SPECIES
in vitro (Human Melanoma Cells, M14)	5	SPECIES
in vitro (COS-7 Cells Expressing Mouse Sulfotransferase SULT1B1)	5	SPECIES
Rainbow Trout (Male)	5	SPECIES
Rainbow Trout (Female)	5	SPECIES
Cynomolgus Monkey (Female, Pregnant)	5	SPECIES
Human (Cannabis Smoker, Passive)	5	SPECIES
Human (Athlete)	5	SPECIES
in vitro (Guinea Pig Lung Perfusion)	5	SPECIES
in vitro (Human CEM Lymphoblasts)	5	SPECIES
in vitro (Rat Gastric Mucosa Homogenate)	5	SPECIES
in vitro (Bovine Pulmonary Artery Endothelial Cells)	5	SPECIES
in vitro (Mouse Cerebellum Supernatant)	5	SPECIES
in vitro (Human Serum, Children, Attention-Deficit Hyperactivity Disorder+	5	SPECIES
Human (Subarachnoid Hemorrhage Patients)	5	SPECIES
in vitro (Monkey Kidney COS-1 Cells Expressing Human AKR1C2)	5	SPECIES
in vitro (Mouse Mammary Carcinoma Cells, SC-115, Clone 107)	5	SPECIES
in vitro (Mouse Mammary Carcinoma Cells, SC-115, Clone S1A2)	5	SPECIES
in vitro (Mouse Mammary Carcinoma Cells, SC-115, Clone 415)	5	SPECIES
in vitro (Mouse Liver Microsomes, ICR)	5	SPECIES
in vitro (Bovine Brain Cortex)	5	SPECIES
in vitro (Human Adenoma Cells, HT-29)	5	SPECIES
in vitro (Human Liver Sinusoidal Endothelial Cells)	5	SPECIES
in vitro (Frog, Tadpole, Rana Sylvatica)	5	SPECIES
in vitro (Frog, Tadpole, Rana Pipiens)	5	SPECIES
in vitro (Frog, Tadpole, Rana Clamitans)	5	SPECIES
in vitro (Human Small Intestine Cell Microsomes)	5	SPECIES
in vitro (HeLa Cells Expressing Human CYP26C1)	5	SPECIES
in vitro (COS-1 Cells Expressing Human CYP26C1)	5	SPECIES
in vitro (Human Lymphoblast Microsomes Expressing Human CYP3A4)	5	SPECIES
in vitro (Rat Adrenal Gland Supernatant)	5	SPECIES
in vitro (Mouse Ventral Skin)	5	SPECIES
in vitro (Mouse Cecum)	5	SPECIES
in vitro (Human Adrenal Cortex Homogenate)	5	SPECIES
in vitro (Rat Tumor MA-10 Cells, Transfected)	5	SPECIES
in vitro (Rat Placenta Perfusion)	5	SPECIES
in vitro (Chicken Brain Homogenate)	5	SPECIES
in vitro (Rat Cultured Hepatocytes)	5	SPECIES
in vitro (Goat Rumen Fluid, Female, Lactating)	5	SPECIES
Mouse (Cyp1a2-Null, Transgenic)	5	SPECIES
in vitro (Mouse Splenocytes)	5	SPECIES
Mouse (Gsta3(-/-))	5	SPECIES
Mouse (Gsta3(-/-)/Keap1(-/-))	5	SPECIES
in vitro (Rat Liver Microsomes, Parenchymal)	5	SPECIES
in vitro (Rat Liver Microsomes, Nonparenchymal)	5	SPECIES
in vitro (Rat Nonparenchymal Cells, Cultured)	5	SPECIES
in vitro (Mouse Tissue Cytosol)	5	SPECIES
Mouse (Transgenic, Human CYP3A4)	5	SPECIES
in vitro (Rat Serum Albumin)	5	SPECIES
in vitro (Hamster V79 Cells Expressing Mouse AKR7A5)	5	SPECIES
in vitro (Dog Blood Homogenate)	5	SPECIES
in vitro (Rat Striatum Synaptosomes)	5	SPECIES
in vitro (Rat Brain Cortex Cytosol)	5	SPECIES
in vitro (Frog Supernatant, Tadpole)	5	SPECIES
in vitro (Rat Heart Homogenate, Diabetic)	5	SPECIES
in vitro (Fish Post-Mitochondrial Fraction)	5	SPECIES
in vitro (Fish Liver Supernatant, Carp)	5	SPECIES
in vitro (Mouse Brain Prefrontal Cortex)	5	SPECIES
in vitro (Rat Kidney Cytosol, Female)	5	SPECIES
in vitro (Rat Hippocampus Supernatant, Male)	5	SPECIES
in vitro (Rat Hippocampus Supernatant, Female)	5	SPECIES
in vitro (Rat Cerebral Cortex Supernatant, Male)	5	SPECIES
in vitro (Rat Cerebral Cortex Supernatant, Female)	5	SPECIES
in vitro (Pig Duodenum Homogenate)	5	SPECIES
in vitro (Rat Liver Cytosol, Transgenic, Expressing Rat AKR7A1)	5	SPECIES
in vitro (Fish Liver Microsomes, Carp)	5	SPECIES
in vitro (Mouse Brain Cortex)	5	SPECIES
in vitro (Mouse Hepatoma Cells, Hepa 1c1c7, AhR-Deficient)	5	SPECIES
in vitro (Rat Pneumocytes)	5	SPECIES
in vitro (Mouse Epidermis)	5	SPECIES
in vitro (Human Nasal Epithelium Microsomes)	5	SPECIES
in vitro (Rat Olfactory Epithelium Cytosol)	5	SPECIES
in vitro (Rat Kidney Epithelium Cells)	5	SPECIES
in vitro (Human Bladder Epithelium Cells)	5	SPECIES
in vitro (Rat Proximal Tubule Cells)	5	SPECIES
in vitro (Rat Heart Fibroblasts)	5	SPECIES
in vitro (Rat Tissue Microsomes, Fetal)	5	SPECIES
in vitro (Rat Tissue Microsomes, Maternal)	5	SPECIES
in vitro (Chinese Hamster Lung Fibroblast V79 Cell Homogenate, Transfecte+	5	SPECIES
in vitro (Mouse Tissue Microsomes)	5	SPECIES
Mouse (Mpg(+/+))	5	SPECIES
Mouse (Mpg(-/-))	5	SPECIES
Mouse (Xpa(+/+))	5	SPECIES
Mouse (Xpa(-/-))	5	SPECIES
Mouse (Transgenic, Cyp2abfgs-Null, Human CYP2A13)	5	SPECIES
Mouse (Cyp2abfgs-Null)	5	SPECIES
in vitro (Human Nasal Mucosa Microsomes, Fetal)	5	SPECIES
in vitro (Human Erythrocytes, Lysed)	5	SPECIES
in vitro (Mouse Liver Slices, beta-Naphthoflavone-Treated)	5	SPECIES
in vitro (Human Leukemia Cells, EHEB)	5	SPECIES
in vitro (Human Pancreas Adenocarcinoma Cell Cytosol, PK9)	5	SPECIES
in vitro (Human Pancreas Adenocarcinoma Cell Cytosol, RPK9)	5	SPECIES
in vitro (Human Ovary Cancer Cells, SKOV-3)	5	SPECIES
in vitro (Human Colon Carcinoma Cell Cytosol)	5	SPECIES
in vitro (Mouse Pulmonary Artery)	5	SPECIES
in vitro (Mouse Pulmonary Vein)	5	SPECIES
in vitro (Mouse Distal Trachea Post-Mitochondrial Fraction)	5	SPECIES
in vitro (Mouse Bronchiole Post-Mitochondrial Fraction)	5	SPECIES
in vitro (Mouse Lung Parenchyma Post-Mitochondrial Fraction)	5	SPECIES
in vitro (Rat Distal Trachea Post-Mitochondrial Fraction)	5	SPECIES
in vitro (Rat Bronchiole Post-Mitochondrial Fraction)	5	SPECIES
in vitro (Rat Lung Parenchyma Post-Mitochondrial Fraction)	5	SPECIES
in vitro (Hamster Distal Trachea Post-Mitochondrial Fraction)	5	SPECIES
in vitro (Hamster Bronchiole Post-Mitochondrial Fraction)	5	SPECIES
in vitro (Hamster Lung Parenchyma Post-Mitochondrial Fraction)	5	SPECIES
in vitro (Guinea Pig Vas Deferens)	5	SPECIES
in vitro (Cow Liver Mitochondria)	5	SPECIES
in vitro (Dog Liver Mitochondria)	5	SPECIES
in vitro (Rat Kidney Cortex Cells)	5	SPECIES
Gerbil (Male)	5	SPECIES
in vitro (Rat Mesencephalon Cells, N27)	5	SPECIES
in vitro (Rat Uterus Supernatant)	5	SPECIES
in vitro (Human Keratinocyte Cytosol, Differentiated)	5	SPECIES
in vitro (Human Keratinocyte Cytosol, Non-Differentiated)	5	SPECIES
in vitro (Human Breast Cancer MDA-MB-468 Cells)	5	SPECIES
in vitro (HEKK Cell Membrane Homogenate, Transfected)	5	SPECIES
in vitro (HEKK Cell Membrane Homogenate)	5	SPECIES
in vitro (Rabbit Liver Stellate Cells)	5	SPECIES
in vitro (Human Ovary Epithelium Cancer Cells, PEO1)	5	SPECIES
in vitro (Guinea Pig Membranes, Fetal)	5	SPECIES
in vitro (Hamster Liver and Kidney Microsomes)	5	SPECIES
in vitro (Monkey Kidney COS-7 Cells, Transfected)	5	SPECIES
in vitro (Chinese Hamster Ovary K1 Cells Expressing Human 11-cis-Retinol +	5	SPECIES
in vitro (Green Monkey COS-7 Cell Cytosol)	5	SPECIES
in vitro (Rat Cerebellum Granule Neurons)	5	SPECIES
in vitro (Rat Bone Marrow Cells)	5	SPECIES
in vitro (Rat Respiratory Epithelium Microsomes)	5	SPECIES
in vitro (Mouse Thymus Gland Slices)	5	SPECIES
in vitro (Human Coronary Artery Smooth Muscle Cells, CC-2576)	5	SPECIES
in vitro (Mouse Keratinocytes, Cultured)	5	SPECIES
in vitro (Human Lymphoblastoid Cell Microsomes Expressing Human UGT Isoen+	5	SPECIES
in vitro (Human B-Lymphoblastoid AHH-1 Cells Expressing Human CYP2B6)	5	SPECIES
in vitro (Human B-Lymphoblastoid AHH-1 Cells Expressing Human CYP3A4)	5	SPECIES
in vitro (Sheep Pulmonary Vein Smooth Muscle Cells, Newborn)	5	SPECIES
in vitro (Sheep Pulmonary Artery Smooth Muscle Cells, Newborn)	5	SPECIES
in vitro (Rabbit Leukocytes)	5	SPECIES
in vitro (Rat Kidney Perfusion, Diabetic)	5	SPECIES
in vitro (Human Colon Adenocarcinoma Cells, HCA-7)	5	SPECIES
in vitro (Bovine Coronary Artery Endothelial Cells)	5	SPECIES
in vitro (Mouse Fibroblasts, C3H/M2)	5	SPECIES
in vitro (Mouse Fibroblasts, 3T6)	5	SPECIES
in vitro (Human Fibroblast Prostaglandin G/H Synthase 2)	5	SPECIES
in vitro (Rat Uterus Decidua Microsomes)	5	SPECIES
in vitro (Rat Uterus Myometrium Microsomes)	5	SPECIES
Rat (Dehydrated)	5	SPECIES
Human (Diabetic Patients, Obese)	5	SPECIES
in vitro (Guinea Pig Kidney Cortex Tubules)	5	SPECIES
in vitro (Mouse Alveolar Macrophages)	5	SPECIES
in vitro (Mouse Liver, Diabetic)	5	SPECIES
in vitro (Dog Adrenal Gland Cytosol)	5	SPECIES
in vitro (Japanese Monkey Adrenal Gland Cytosol)	5	SPECIES
in vitro (Mouse Cerebrum Slices)	5	SPECIES
in vitro (Mouse Cerebrum, Embryonic)	5	SPECIES
in vitro (Bovine Adrenal Gland Chromaffin Cells)	5	SPECIES
in vitro (Pig Intestine Enterocytes)	5	SPECIES
in vitro (Pig Duodenum Mucosa)	5	SPECIES
Human (Female, Breast Implanted)	5	SPECIES
in vitro (Mouse Spleen Supernatant)	5	SPECIES
in vitro (Mouse Lung Cytosol and Microsomes)	5	SPECIES
in vitro (Human Lymphoblastoid Cell Microsomes Expressing CYP1A2)	5	SPECIES
in vitro (Cattle Cerebrospinal Fluid)	5	SPECIES
in vitro (Rabbit Cornea Homogenate)	5	SPECIES
in vitro (Fish Gonad Supernatant)	5	SPECIES
in vitro (Bovine Endothelial Cell Extract)	5	SPECIES
in vitro (Mouse Leukemia Cell Supernatant, L1210)	5	SPECIES
in vitro (Hamster Ovary Cell Microsomes Expressing Human CYP3A)	5	SPECIES
in vitro (Mouse Liver Microsomes, Fetal)	5	SPECIES
in vitro (Rat Hepatoma Cells, MH1C1)	5	SPECIES
in vitro (Human Bladder Cells, HTB-1)	5	SPECIES
in vitro (Hamster Cell Line V79)	5	SPECIES
in vitro (Rat Proximal Small Intestine Contents)	5	SPECIES
in vitro (Rat Distal Small Intestine Contents)	5	SPECIES
Rat (Liver Ischemia-Reperfusion Injury)	5	SPECIES
in vitro (Mouse Peritoneal Macrophage Membranes)	5	SPECIES
in vitro (Pig Erythrocytes)	5	SPECIES
in vitro (Pig Brain Homogenate)	5	SPECIES
in vitro (Monkey Erythrocytes)	5	SPECIES
in vitro (Fish Head Supernatant)	5	SPECIES
in vitro (Human Red Blood Cell Membranes)	5	SPECIES
in vitro (Frog Serum)	5	SPECIES
in vitro (Trout Serum)	5	SPECIES
in vitro (Mouse Liver Microsomes, Apolipoprotein E-Deficient)	5	SPECIES
in vitro (Human Serum, Hypercholesterolemia Patients)	5	SPECIES
in vitro (Human Serum, Pesticides Chronic Exposed)	5	SPECIES
in vitro (purT Glycinamide Ribonucleotide Transformylase)	5	SPECIES
in vitro (Human Brain Meninges)	5	SPECIES
in vitro (Rabbit Small Intestine Slices)	5	SPECIES
in vitro (Pig Kidney Proximal Tubule Membranes)	5	SPECIES
in vitro (Mouse Preosteoblast Cells, MC3T3-E1)	5	SPECIES
in vitro (Epithelium HeLa-CD4 Cells)	5	SPECIES
in vitro (Bovine Kidney N-Acetylglucosamine-6-sulfate Sulfatase)	5	SPECIES
in vitro (Mouse Lung Lysosomes)	5	SPECIES
in vitro (Mouse Intestinal Fluid)	5	SPECIES
in vitro (Mouse Large Intestine Homogenate)	5	SPECIES
in vitro (Mouse Nasal Mucosa Microsomes, Cyp2a5-Null)	5	SPECIES
in vitro (Mouse Nasal Mucosa Microsomes, Fetal)	5	SPECIES
in vitro (Human Leukocyte Homogenate)	5	SPECIES
in vitro (Pig Adrenal Microsomes)	5	SPECIES
in vitro (Mouse Liver Microsomes, Dexamethasone Treated)	5	SPECIES
in vitro (Hamster Lung V79-4 Cells Expressing Human CYP24A1-I131A)	5	SPECIES
in vitro (Hamster Lung V79-4 Cells Expressing Human CYP24A1-I131F)	5	SPECIES
in vitro (Hamster Lung V79-4 Cells Expressing Human CYP24A1-L148F)	5	SPECIES
in vitro (Hamster Lung V79-4 Cells Expressing Human CYP24A1-G499V)	5	SPECIES
in vitro (Hamster Lung V79-4 Cells Expressing Human CYP24A1-M246L)	5	SPECIES
in vitro (AHH-1 Cell Microsomes Expressing Human CYP2C19)	5	SPECIES
in vitro (AHH-1 Cell Microsomes Expressing Human CYP2D6)	5	SPECIES
in vitro (Mouse Liver Microsomes, C57BL/6xBALB/c)	5	SPECIES
in vitro (Mouse Liver Microsomes, BALB/cxC57BL/6)	5	SPECIES
in vitro (Mouse Liver Microsomes, BALB/c)	5	SPECIES
in vitro (COS-1 Cells Expressing Angora Goat CYP17 ACS+, 3beta-Hydroxyste+	5	SPECIES
in vitro (Rat Adrenal Glomerulosa Cells)	5	SPECIES
in vitro (Rat Adrenal Fasciculata Cells)	5	SPECIES
in vitro (Rat Anterior Pituitary Gland Supernatant)	5	SPECIES
in vitro (Rat Myoblasts)	5	SPECIES
in vitro (Mouse Kidney Cytosol, Cyp1a1(-/-))	5	SPECIES
in vitro (Mouse Kidney Cytosol, Cyp1a2(-/-))	5	SPECIES
in vitro (Mouse Kidney Cytosol, Cyp1a1/1a2(-/-))	5	SPECIES
in vitro (Mouse Kidney Cytosol, Transgenic, Cyp1a1/1a2(-/-), Human CYP1A1+	5	SPECIES
in vitro (Human Leukemia Cell Lysate, HL-60)	5	SPECIES
in vitro (Human CNS Lymphoma Cell Lysate)	5	SPECIES
in vitro (Human Bronchiole and Trachea Epithelium Cells)	5	SPECIES
Turkey (Poult, Bile Duct Cannulated)	5	SPECIES
in vitro (Rat Cecum Mucosa Homogenate)	5	SPECIES
in vitro (Rabbit Kidney Cortex Tubules, Freshly Isolated)	5	SPECIES
in vitro (Rabbit Kidney Cortex Tubules, Cultured)	5	SPECIES
Rat (Bile Duct Catheterized and Ureter Ligated)	5	SPECIES
Mouse (gamma-Glutamyl Transpeptidase-Deficient)	5	SPECIES
in vitro (Rat Liver S9 Homogenate)	5	SPECIES
in vitro (Mouse Liver S9 Homogenate)	5	SPECIES
in vitro (Human Liver S9 Homogenate)	5	SPECIES
Human (Neurofibromatosis Patients)	5	SPECIES
in vitro (Human Microsomes Expressing Human FMO3)	5	SPECIES
in vitro (Antibody 20B11)	5	SPECIES
in vitro (Human Colon Cells, SV40 Transformed)	5	SPECIES
in vitro (Human Small Intestine Carcinoma Cells)	5	SPECIES
in vitro (Human Lung Cells, SV40 Transformed)	5	SPECIES
in vitro (Human Liver Epithelium Cells Expressing Human CYP2D6)	5	SPECIES
in vitro (Human Colon Carcinoma Cells, Colo-320)	5	SPECIES
in vitro (Mouse Plasma, CES1(-/-))	5	SPECIES
in vitro (Hen Peripheral Nerve Homogenate)	5	SPECIES
in vitro (NCTC 2544 Cells)	5	SPECIES
in vitro (Human Lymphoblast Microsomes Expressing Human CYP2D6)	5	SPECIES
in vitro (Cynomolgus Monkey Blood)	5	SPECIES
in vitro (Hamster Ovary Cell Membranes)	5	SPECIES
in vitro (Human Adenoma Cell Microsomes, HT-29)	5	SPECIES
in vitro (Rat Testis Cell Lysate)	5	SPECIES
in vitro (Rat Duodenum Homogenate, Male)	5	SPECIES
in vitro (Monkey COS-7 Cell Membranes Expressing FAAH-1)	5	SPECIES
in vitro (Monkey COS-7 Cell Membranes Expressing FAAH-2)	5	SPECIES
in vitro (Monkey COS-7 Cell Membranes)	5	SPECIES
Rat (Wild-Type)	5	SPECIES
in vitro (Fish Liver Microsomes, Common Carp)	5	SPECIES
in vitro (Fish Liver Microsomes, Grass Carp)	5	SPECIES
in vitro (Fish Liver Cytosol, Grass Carp)	5	SPECIES
in vitro (Fish Liver Cytosol, Common Carp)	5	SPECIES
in vitro (Rat Serum Homogenate)	5	SPECIES
in vitro (Mouse Liver S9 Fraction, Chimeric, Rat Liver)	5	SPECIES
in vitro (Bovine Brain Capillary Membranes)	5	SPECIES
in vitro (Rat Kidney Cortex Homogenate)	5	SPECIES
in vitro (Human Lung S1 Fraction)	5	SPECIES
Mouse (Transgenic, Big Blue)	5	SPECIES
in vitro (Rabbit Rectum Homogenate)	5	SPECIES
in vitro (Dog Liver Fractions)	5	SPECIES
in vitro (Human B-Cell Cytosol, EBV Transformed)	5	SPECIES
in vitro (Human B-Cell S9 Fraction, EBV Transformed)	5	SPECIES
in vitro (Human B-Lymphoblastoid Cell Microsomes Expressing CYP2E1)	5	SPECIES
in vitro (Mouse Skin Slices)	5	SPECIES
in vitro (HK 293 Cell Microsomes Expressing Human UGT2B7H)	5	SPECIES
in vitro (HK 293 Cell Microsomes Expressing Human UGT2B7Y)	5	SPECIES
in vitro (HK 293 Cell Microsomes Expressing Monkey UGT Isoenzymes)	5	SPECIES
in vitro (Rat Prostate Supernatant)	5	SPECIES
in vitro (Mouse Brain Membranes, KIAA1363(-/-))	5	SPECIES
in vitro (Human AHH-1 TK+/- Cell Microsomes Expressing Human CYP2B6)	5	SPECIES
in vitro (Human Myeloma Cells, 8226/S)	5	SPECIES
in vitro (Human Lung Perfusion)	5	SPECIES
in vitro (Human Blood Neutrophils, Phorbol Myristate Acetate Treated)	5	SPECIES
in vitro (Horse Thyroid Supernatant)	5	SPECIES
in vitro (Horse Thyroid Membranes)	5	SPECIES
in vitro (Human Colon Cancer BE Xenograft)	5	SPECIES
in vitro (Mouse Colon Adenocarcinoma, MAC 26)	5	SPECIES
in vitro (Mouse Colon Adenocarcinoma, MAC 16)	5	SPECIES
in vitro (Rabbit Spleen Microsomes)	5	SPECIES
in vitro (Rabbit Testis Microsomes)	5	SPECIES
in vitro (HeLa Cell Lysate)	5	SPECIES
in vitro (Rat Mesencephalon Neurons)	5	SPECIES
in vitro (Human Stomach Cancer Cells, AGS)	5	SPECIES
in vitro (Human Colon Adenocarcinoma Cell Supernatant, HT-29)	5	SPECIES
in vitro (Rabbit Conjunctiva)	5	SPECIES
in vitro (Rabbit Sclera)	5	SPECIES
in vitro (Cattle Eye Aqueous Humor)	5	SPECIES
in vitro (Cattle Eye Cornea Extract)	5	SPECIES
Green Monkey	5	SPECIES
in vitro (Human Colon Carcinoma DLD-1 Cell Extract)	5	SPECIES
in vitro (Human Leukemia CCRF-CEM Cell Extract)	5	SPECIES
Mouse (Human A375 Tumor Bearing)	5	SPECIES
Human (Pest Control Operators)	5	SPECIES
in vitro (Mouse Blood, Tumor Bearing)	5	SPECIES
in vitro (Mouse Tumor, Tumor Bearing)	5	SPECIES
in vitro (Mouse Liver, Tumor Bearing)	5	SPECIES
Mouse (Human Breast Cancer Implanted)	5	SPECIES
in vitro (Sheep Liver Post-Mitochondrial Fraction)	5	SPECIES
in vitro (Mouse Liver Microsomes, Transgenic, Cyp1a1/1a2(-/-), Human CYP1+	5	SPECIES
in vitro (Mouse Kidney Microsomes, Transgenic, Cyp1a1/1a2(-/-), Human CYP+	5	SPECIES
in vitro (Mouse Lung Microsomes, Transgenic, Cyp1a1/1a2(-/-), Human CYP1A+	5	SPECIES
in vitro (Mouse Liver Microsomes, Cyp1a1/1a2(-/-))	5	SPECIES
in vitro (Mouse Kidney Microsomes, Liver Cytochrome P450 Reductase-Null)	5	SPECIES
Cow (Female, Pregnant)	5	SPECIES
in vitro (Human B-Lymphoblastoid AHH-1 Cell Microsomes Expressing Human C+	5	SPECIES
in vitro (Monkey Small Intestine S9 Fraction)	5	SPECIES
Mouse (Sult1d1 Knockout)	5	SPECIES
in vitro (Human Glioblastoma Cells, U251)	5	SPECIES
Mouse (Uridine Phosphorylase(-/-), Tumor Bearing)	5	SPECIES
in vitro (Rat Kidney Proximal Tubule Cell Supernatant, SKPT-0193)	5	SPECIES
in vitro (V79 Cells Expressing Human GST A1-1)	5	SPECIES
in vitro (V79 Cells Expressing Human GST M1-1)	5	SPECIES
in vitro (V79 Cells Expressing Human GST P1-1)	5	SPECIES
in vitro (Human Pharynx Carcinoma Cells, Detroit 562)	5	SPECIES
in vitro (Rabbit Eye Homogenate)	5	SPECIES
in vitro (Rat Intestine Perfusion, Wistar)	5	SPECIES
in vitro (Human Lung Tumor Supernatant)	5	SPECIES
Human (Carboxypeptidase G2-Ab Treated)	5	SPECIES
in vitro (Rat Lung Lysate)	5	SPECIES
in vitro (Rat Artificial Gastric Juice)	5	SPECIES
in vitro (Rat Ileum Mucosa Homogenate)	5	SPECIES
in vitro (Human Leukemia Cells, MOLT-3)	5	SPECIES
Mouse (Human Ovary Carcinoma Implanted)	5	SPECIES
in vitro (Cow Intestine Microsomes)	5	SPECIES
in vitro (Goat Intestine Microsomes)	5	SPECIES
in vitro (Human Peripheral Blood Mononyclear Cells)	5	SPECIES
in vitro (Rat Duodenum Juice)	5	SPECIES
Rat (Duodenum Cannulated)	5	SPECIES
in vitro (Human Lung Microvascular Endothelial Cells)	5	SPECIES
in vitro (Human Bronchoalveolar H358 Cells Expressing Human AKR1A1)	5	SPECIES
in vitro (Human Lymphoblast Cell Lysate)	5	SPECIES
in vitro (Human Lymphoblast Cell Supernatant)	5	SPECIES
in vitro (Mouse Liver S9 Fraction, Cyp3a-Null)	5	SPECIES
in vitro (Dog Lung Slices)	5	SPECIES
in vitro (Human Tumor Cells, HCT-8Sa)	5	SPECIES
in vitro (Human Tumor Cells, PANC-1)	5	SPECIES
in vitro (Human Tumor Cells, H522)	5	SPECIES
in vitro (Human Tumor Cells, H1299)	5	SPECIES
in vitro (Human Tumor Cells, Hep 3B)	5	SPECIES
in vitro (Human Tumor Cells, DU-145)	5	SPECIES
in vitro (Human Tumor Cells, FaDu)	5	SPECIES
in vitro (Human Tumor Cells, H460)	5	SPECIES
in vitro (Human Tumor Cells, A431)	5	SPECIES
in vitro (Human Tumor Cells, SKOV-3)	5	SPECIES
in vitro (Human Tumor Cells, H69)	5	SPECIES
in vitro (Human Tumor Cells, 22Rv1)	5	SPECIES
in vitro (Human Tumor Cells, C33A)	5	SPECIES
in vitro (Human Tumor Cells, PC-3)	5	SPECIES
in vitro (Human Tumor Cells, A2780)	5	SPECIES
in vitro (Human Tumor Cells, H82)	5	SPECIES
in vitro (Mouse Liver Homogenate, PPARalpha(-/-))	5	SPECIES
Mouse (Bcrp1(-/-)/Mdr1a/1b(-/-))	5	SPECIES
Mouse (BT-474 Tumor Bearing)	5	SPECIES
in vitro (Monkey Liver Hepatocytes)	5	SPECIES
in vitro (Mouse Cancer Cells, RIF-1)	5	SPECIES
Rat (Chronic Obstructive Pulmonary Disease-Induced)	5	SPECIES
in vitro (Human Foreskin Keratinocytes)	5	SPECIES
in vitro (Human Lung Mesothelioma Cells, H2452)	5	SPECIES
in vitro (DU-145 Cells)	5	SPECIES
in vitro (Rat Liver Microsomes, Male, Hypophysectomized)	4	SPECIES
in vitro (Bovine Brain Synaptic Plasma Membrane)	4	SPECIES
in vitro (Horse Urine)	4	SPECIES
in vitro (Rabbit Liver Microsomes, Rifampicin Treated)	4	SPECIES
in vitro (Human Bile)	4	SPECIES
in vitro (Human Bone Marrow Myeloid Cells)	4	SPECIES
in vitro (Human B-Lymphoblastoid Cell Microsomes Expressing Human CYP3A)	4	SPECIES
in vitro (Human Liver Epithelium THLE Cells Expressing Human CYP1A2)	4	SPECIES
in vitro (Human Liver Epithelium THLE Cells Expressing Human CYP2D6)	4	SPECIES
Rat (Wistar-Kyoto)	4	SPECIES
in vitro (Equine Testicular Cytochrome P450)	4	SPECIES
in vitro (Monkey Tissue Homogenate)	4	SPECIES
in vitro (Musk Shrew Liver Microsomes)	4	SPECIES
in vitro (Human Lymphoblastoid Cells Expressing Human CYP2D6)	4	SPECIES
in vitro (Human Kidney 293 Cell Membranes Expressing Human UGT Isoenzymes+	4	SPECIES
Miniature Swine	4	SPECIES
Mouse (Nat3(-/-))	4	SPECIES
Mouse (NAT3 Knockout)	4	SPECIES
Mouse (NAT1/NAT2 Knockout)	4	SPECIES
in vitro (Bovine Liver)	4	SPECIES
in vitro (Chinese Hamster Transfected Cells)	4	SPECIES
in vitro (Escherichia coli Cytosol)	4	SPECIES
Bandicoot	4	SPECIES
Human (Brain Disease Patients)	4	SPECIES
in vitro (V79 Cells Expressing Human UGT1A1)	4	SPECIES
in vitro (Human Lung Epithelium Cells, H441)	4	SPECIES
in vitro (Rat Renal Cortex Homogenate)	4	SPECIES
in vitro (Human Adipose)	4	SPECIES
in vitro (Human Placental Lobule Perfusion)	4	SPECIES
in vitro (Rat Ileum Contents)	4	SPECIES
in vitro (Calf)	4	SPECIES
in vitro (Dog Liver Slices, Male)	4	SPECIES
in vitro (Dog Liver Slices, Female)	4	SPECIES
Rat (Hemorrhagic Shock-Induced)	4	SPECIES
in vitro (Mouse Liver Microsomes, Cyp2c Knockout)	4	SPECIES
in vitro (COS-7 Cell S9 Fraction, Transfected)	4	SPECIES
in vitro (Minipig Jejunum Mucosa Microsomes)	4	SPECIES
in vitro (Cynomolgus Monkey Jejunum Mucosa Microsomes)	4	SPECIES
in vitro (Human Lymphoblast Cell Microsomes Expressing CYP2C19)	4	SPECIES
in vitro (Human Lymphoblast Cell Microsomes Expressing CYP2D6)	4	SPECIES
in vitro (Human Lymphoblast Cell Microsomes Expressing CYP2E1)	4	SPECIES
in vitro (Suncus Murinus Liver Cytosol)	4	SPECIES
in vitro (Dog Kidney)	4	SPECIES
in vitro (Hep G2 Cells Coexpressing Human CYP3A4 and CYP2C19)	4	SPECIES
in vitro (Rat Liver Microsomes, Brown Norway)	4	SPECIES
Tree Shrew (Stressed)	4	SPECIES
Tree Shrew (Non-Stressed)	4	SPECIES
in vitro (Hep G2 Cell Microsomes Expressing Human CYP1A2)	4	SPECIES
in vitro (Hep G2 Cell Microsomes Expressing Human CYP2B6)	4	SPECIES
in vitro (Hep G2 Cell Microsomes Expressing Human CYP2C)	4	SPECIES
in vitro (Hep G2 Cell Microsomes Expressing Human CYP3A)	4	SPECIES
in vitro (Human Hepatoma Cells Expressing CYP3A5)	4	SPECIES
in vitro (Human Hepatoma Cells Expressing CYP3A4)	4	SPECIES
in vitro (Human Hepatoma Cells Expressing CYP2C19)	4	SPECIES
in vitro (Mouse Jejunum Microsomes, Transgenic, Human CYP2D6.2)	4	SPECIES
in vitro (Mouse Jejunum Microsomes, Cyp2d Knockout)	4	SPECIES
Human (Cuban)	4	SPECIES
in vitro (Guinea Pig Liver Cytoplasm)	4	SPECIES
in vitro (Rabbit Duodenum Microsomes)	4	SPECIES
in vitro (Rabbit Ileum Microsomes)	4	SPECIES
in vitro (HEK 293 Cell Homogenate Coexpressing Human UGT2A1 and UGT2B17)	4	SPECIES
in vitro (Human Kidney 293 Cells Expressing Human UGT1A4, Embryonic)	4	SPECIES
in vitro (Human Colon Adenocarcinoma Cells, Caco-2, Monolayer)	4	SPECIES
in vitro (V79 Cells Expressing Human UGT1*6)	4	SPECIES
in vitro (V79 Cells Expressing Human UGT2B1)	4	SPECIES
in vitro (Rat Liver, Ovariectomized)	4	SPECIES
in vitro (Human Cortex Microsomes)	4	SPECIES
in vitro (Rat Liver Supernatant, Neonatal)	4	SPECIES
in vitro (Mouse Ileum Homogenate)	4	SPECIES
in vitro (Rat Hepatocytes, Sprague-Dawley)	4	SPECIES
in vitro (Human Colon Adenocarcinoma Cells, LS174T)	4	SPECIES
in vitro (LLC-PK1 Cells, Transfected)	4	SPECIES
in vitro (Human Intestine Caco-2 Cells Expressing CYP3A4 and Human Oxidor+	4	SPECIES
in vitro (HEK 293T Cells Expressing Mouse CES1E)	4	SPECIES
in vitro (HEK 293T Cells Expressing Mouse CES1D)	4	SPECIES
in vitro (HEK 293T Cells Expressing Mouse CES1G)	4	SPECIES
in vitro (HEK 293T Cells Expressing Mouse CES2E)	4	SPECIES
in vitro (HEK 293T Cells Expressing Mouse CES2A)	4	SPECIES
in vitro (HEK 293T Cells Expressing Mouse CES2C)	4	SPECIES
in vitro (Mouse Liver S9 Fraction, Adult)	4	SPECIES
in vitro (Mouse Liver S9 Fraction, Neonatal)	4	SPECIES
in vitro (Human Kidney 293T Cells Expressing Human Carboxylesterase 1, Em+	4	SPECIES
in vitro (Human Plasma, Pneumonia Patients)	4	SPECIES
in vitro (Rat Thalamus Membranes)	4	SPECIES
in vitro (Human Kidney 293 Cells Expressing Human UDP-Glucuronosyltransfe+	4	SPECIES
in vitro (Human Lymphoblast Cell Microsomes Expressing Human UDP-Glucuron+	4	SPECIES
in vitro (Mouse Pancreas Cytosol)	4	SPECIES
in vitro (Mouse Liver Cytosol, NAT2 Knockout)	4	SPECIES
in vitro (Mouse Intestine Cytosol, NAT2 Knockout)	4	SPECIES
in vitro (Mouse Pancreas Cytosol, NAT2 Knockout)	4	SPECIES
Human (HIV Infected Tuberculosis Patients)	4	SPECIES
in vitro (Rat Colon Microsomes, Diabetic)	4	SPECIES
in vitro (Mouse Liver Microsomes, Trangenic, Expressing Human UGT1)	4	SPECIES
in vitro (Human Lymphoblast Cells Expressing CYP2C9)	4	SPECIES
Sheep (Female, Lactating)	4	SPECIES
Human (Hepatitis B Virus Carriers)	4	SPECIES
in vitro (Rabbit Aorta Tissue, Male)	4	SPECIES
in vitro (Rabbit Aorta)	4	SPECIES
in vitro (Human Saphenous Vein)	4	SPECIES
in vitro (Rat Fecal Flora, Anaerobic Conditions)	4	SPECIES
Human (Infant and Neonatal)	4	SPECIES
Bird (Parrot)	4	SPECIES
in vitro (Rat Mammary Epithelium Supernatant, Transgenic, Big Blue)	4	SPECIES
in vitro (Rat Mammary Fibroblast Supernatant, Transgenic, Big Blue)	4	SPECIES
in vitro (Human Melanoma IGR-39 Cells)	4	SPECIES
in vitro (Rat Liver Cytosol, Fetal)	4	SPECIES
in vitro (Rat Hippocampus Microsomes)	4	SPECIES
in vitro (Rat Striatum Microsomes)	4	SPECIES
in vitro (Rat Thalamus Microsomes)	4	SPECIES
in vitro (Mouse Duodenum Microsomes)	4	SPECIES
in vitro (COS-7 Cells Expressing Human UGT1A9-D256N)	4	SPECIES
in vitro (COS-7 Cells Expressing Human UGT1A9-Y483D)	4	SPECIES
Human (Nephropathy Patients)	4	SPECIES
in vitro (Mouse Duodenum Loop Microsomes)	4	SPECIES
in vitro (Human Colorectal Adenocarcinoma Cells, HT-29)	4	SPECIES
Human (Nepalese)	4	SPECIES
in vitro (Human Heart)	4	SPECIES
in vitro (Human Lung Supernatant)	4	SPECIES
Human (Renal Disease Patients)	4	SPECIES
Human (Liver Resection Patients)	4	SPECIES
Rat (Anhepatic)	4	SPECIES
in vitro (Mouse Kidney Cortex Homogenate)	4	SPECIES
in vitro (Rat Visceral Yolk Sac Cytosol)	4	SPECIES
in vitro (COS-7 Cell Homogenate Expressing Human UGT Isoenzymes)	4	SPECIES
in vitro (Human Colon Epithelium Cells)	4	SPECIES
in vitro (Hamster Liver Supernatant)	4	SPECIES
in vitro (Mouse Liver Cytosol, Gstt1-Null)	4	SPECIES
in vitro (Mouse Kidney Cytosol, Gstt1-Null)	4	SPECIES
in vitro (Human Hepatoma Cells, HepRG)	4	SPECIES
in vitro (Human Liver Cells, Huh-7)	4	SPECIES
in vitro (Green Monkey Kidney Cell Homogenate, COS-7, Transfected)	4	SPECIES
in vitro (Human Myeloid Leukemia Cells, THP-1)	4	SPECIES
in vitro (Human Myeloid Leukemia Cells, HL-60)	4	SPECIES
in vitro (Human Myeloid Leukemia Cells, U937)	4	SPECIES
in vitro (Human Follicular Lymphoma Cells, RL-7)	4	SPECIES
in vitro (Human Follicular Lymphoma Cells, RL-G)	4	SPECIES
in vitro (Human Kidney 293T Cells)	4	SPECIES
in vitro (Mouse Marrow Stromal SR-4987 Cell Cytosol)	4	SPECIES
in vitro (Mouse Hepatocyte Cytosol)	4	SPECIES
in vitro (Human Uterus Sarcoma Cells, MES-SA/Dx5)	4	SPECIES
in vitro (Mouse Breast Carcinoma Cells, EMT6)	4	SPECIES
in vitro (Bacteria)	4	SPECIES
in vitro (Rat 9L Gliosarcoma Cells, Transfected)	4	SPECIES
in vitro (Mouse Liver Microsome Ghosts)	4	SPECIES
in vitro (Mouse Kidney Microsomes, C57BL/6J)	4	SPECIES
in vitro (Frog Nasal Mucosa Microsomes)	4	SPECIES
in vitro (Turkey Liver Homogenate, Embryonic)	4	SPECIES
in vitro (Human Esophagus Mucosa)	4	SPECIES
in vitro (Human Brain Tumor Cells)	4	SPECIES
in vitro (Human Colon Tumor Cells)	4	SPECIES
in vitro (Human Prostate Tumor Cells)	4	SPECIES
in vitro (Human Kidney Tumor Cells)	4	SPECIES
in vitro (Bird Nasal Mucosa Microsomes, Pheasant)	4	SPECIES
in vitro (Rat Liver, Partly Hepatectomized)	4	SPECIES
in vitro (Rat Liver Microsomes, Fed)	4	SPECIES
in vitro (Human Carcinoma JEG-3 Cells)	4	SPECIES
in vitro (Dog Prostate Microsomes)	4	SPECIES
in vitro (Human Hepatoma Hep G2 Cells, Transfected)	4	SPECIES
in vitro (Rainbow Trout Liver Perfusion)	4	SPECIES
in vitro (Human Meconium)	4	SPECIES
in vitro (Guinea Pig Kidney)	4	SPECIES
in vitro (Rabbit Intestine Mucosa Supernatant)	4	SPECIES
in vitro (Human Mammary Epithelium Cells, T-47D)	4	SPECIES
in vitro (Human Mammary Epithelium Cells, MDA-MB-231)	4	SPECIES
in vitro (Human Mammary Fibroblast Microsomes)	4	SPECIES
in vitro (Human Mammary Epithelium Cell Microsomes)	4	SPECIES
in vitro (Human Lymphocyte Microsomes Expressing Human CYP1B1)	4	SPECIES
in vitro (Mouse Thymus Microsomes)	4	SPECIES
in vitro (Human Mammary Carcinoma MCF-7 Cell Microsomes)	4	SPECIES
Rat (Transgenic)	4	SPECIES
in vitro (Black Rockfish Hepatocytes)	4	SPECIES
in vitro (Rat Skin Fibroblasts)	4	SPECIES
in vitro (Rat Skin Fibroblast Homogenate)	4	SPECIES
in vitro (Hamster Trachea)	4	SPECIES
in vitro (Human Breast Cancer Cells, MCF-10CA1h)	4	SPECIES
Mouse (Infant)	4	SPECIES
in vitro (English Sole Liver)	4	SPECIES
in vitro (Human Mammary Carcinoma Cell Microsomes, MCF-7)	4	SPECIES
in vitro (Rat Lung Cells, AEII)	4	SPECIES
in vitro (Rabbit Eye Lens Microsomes)	4	SPECIES
in vitro (Rabbit Eye Cornea Microsomes)	4	SPECIES
in vitro (Rabbit Eye Retina Microsomes)	4	SPECIES
in vitro (Rabbit Eye Iris Microsomes)	4	SPECIES
in vitro (Rabbit Eye Choroid Microsomes)	4	SPECIES
in vitro (Rat Tongue Microsomes)	4	SPECIES
Fish (Plaice)	4	SPECIES
in vitro (Guinea Pig Adrenocortical Microsomes)	4	SPECIES
in vitro (Human Lung Microsomes, Non-Smoker)	4	SPECIES
in vitro (Human Lung Microsomes, Smoker)	4	SPECIES
in vitro (Rat Hepatocyte Nuclear Envelopes)	4	SPECIES
in vitro (Hamster Alveole Macrophages and Trachea Epithelium Cells)	4	SPECIES
in vitro (Human Hep G2 Cells Expressing Human CYP2C9)	4	SPECIES
in vitro (Human Hep G2 Cells Expressing Human CYP2D6)	4	SPECIES
in vitro (Human Skin Dermis)	4	SPECIES
in vitro (Pig Enterocytes)	4	SPECIES
in vitro (Human Hepatocytes, Monolayer)	4	SPECIES
in vitro (Mouse Intestine Microsomes, Transgenic, Human CYP3A4/CYP3A7)	4	SPECIES
in vitro (Mouse Intestine Microsomes, Transgenic, Human CYP3A4/CYP3A7, Hu+	4	SPECIES
in vitro (Mouse Intestine Microsomes, Cyp3a(-/-))	4	SPECIES
in vitro (Mouse Intestine Microsomes, Transgenic)	4	SPECIES
in vitro (LLC-PK1 Cell Microsomes, Transfected)	4	SPECIES
in vitro (Hamster V79 Cells Coexpressing Human CYP3A4 and Human Cytochrom+	4	SPECIES
in vitro (Monkey COS-1 Cells, Transfected)	4	SPECIES
in vitro (Monkey COS-1 Cells)	4	SPECIES
in vitro (Mouse Liver Microsomes, Transgenic, Human CYP3A4/CYP3A7/CYP2D6/+	4	SPECIES
in vitro (Dog Kidney Cells, MDCK-MDR1, Transfected)	4	SPECIES
in vitro (MDCK-II Cells Expressing Human OATP1B1)	4	SPECIES
in vitro (MDCK-II Cells Expressing Human MRP2 and OATP1B1)	4	SPECIES
in vitro (MDCK-II Cells Expressing Human CYP3A4, MRP2, and OATP1B1)	4	SPECIES
in vitro (MDCK-II Cells Expressing Human MRP2, OATP1B1, and UGT1A1)	4	SPECIES
in vitro (MDCK-II Cells Expressing Human CYP3A4, OATP1B1, and UGT1A1)	4	SPECIES
in vitro (MDCK-II Cells Expressing Human CYP3A4, MRP2, OATP1B1, and UGT1A+	4	SPECIES
in vitro (Rat Heart Microsomes, Ischemic)	4	SPECIES
in vitro (Mouse Liver Microsomes, Obese)	4	SPECIES
in vitro (Mouse Liver Microsomes, Abcc2(-/-))	4	SPECIES
in vitro (Human Hepatoma Cell Microsomes, Huh-7, 4-Week Confluent)	4	SPECIES
in vitro (Human Hepatoma Cell Microsomes, Huh-7, 0-Week Confluent)	4	SPECIES
Macaque Monkey (Female)	4	SPECIES
in vitro (Human Cells, Caco-2, Transfected)	4	SPECIES
Human (Female, Pregnant, Opioid Addict)	4	SPECIES
in vitro (Mouse Kidney Slices)	4	SPECIES
in vitro (Human Lymphoblast Microsomes Expressing Human CYP2C8)	4	SPECIES
in vitro (COS-1 Cells Expressing Cat Thiopurine S-Methyltransferase-Thr8/+	4	SPECIES
in vitro (Human Leukemia CCRF-CEM Cells Expressing Human Thiopurine Methy+	4	SPECIES
in vitro (Human Liver Metastasis Homogenate)	4	SPECIES
in vitro (Monkey Lung Cytosol)	4	SPECIES
in vitro (Dog Small Intestine Cytosol)	4	SPECIES
in vitro (Rabbit Brain Cytosol)	4	SPECIES
Mouse (Transgenic, Cyp1a2(-/-), Human CYP1A1(+/+), Human CYP1A2(+/+))	4	SPECIES
in vitro (Human Skin Diffusion System)	4	SPECIES
Human (Terminally Ill Patients)	4	SPECIES
in vitro (Monkey Liver Microsomes, Chimpanzee)	4	SPECIES
in vitro (Dog Brain Microsomes)	4	SPECIES
in vitro (Hep G2 Cell Lysate Expressing Rat UGT Isoenzymes)	4	SPECIES
in vitro (Rat Liver Golgi Complex)	4	SPECIES
Human (CYP2D6 Intermediate Metabolizer)	4	SPECIES
in vitro (Human AHH-1 TK+/- Cell Microsomes)	4	SPECIES
in vitro (V79 Cells Expressing Human UGT1A9)	4	SPECIES
in vitro (Mouse Cytochrome P450IA2)	4	SPECIES
in vitro (Human 293 Cells Expressing Human CYP3A4)	4	SPECIES
in vitro (Human 293 Cells Expressing Human CYP Isoenzymes)	4	SPECIES
Calf (Male)	4	SPECIES
Human (Ketamine Abuser)	4	SPECIES
in vitro (Pony Plasma)	4	SPECIES
in vitro (Human Neutrophil Blood Cells, Phorbol 12-Myristate-13-acetate T+	4	SPECIES
in vitro (Human Hepatocarcinoma Cells, Huh-7)	4	SPECIES
in vitro (Human Liver Cytosol, Diabetic Patients)	4	SPECIES
in vitro (Mouse Placenta Cytosol)	4	SPECIES
in vitro (Human Breast Epithelium Cell Cytosol)	4	SPECIES
in vitro (Human Hepatoblastoma Cells Expressing Human Alcohol Dehydrogena+	4	SPECIES
in vitro (Mouse Epididymis Microsomes)	4	SPECIES
in vitro (Rat Liver Microsomes, Lipopolysaccharide Treated)	4	SPECIES
in vitro (Rat Liver Microsomes, Polyinosinic Acid and Polycytidylic Acid +	4	SPECIES
in vitro (HEK 293 Cell Homogenate, Transfected)	4	SPECIES
in vitro (Rat Liver, Female, Lactating)	4	SPECIES
in vitro (Polecat Liver Microsomes)	4	SPECIES
in vitro (Rat Small Intestine Epithelium Cell Microsomes, Ca-Aggregated)	4	SPECIES
in vitro (Rat Small Intestine Epithelium Cell Microsomes, Ultracentrifuga+	4	SPECIES
in vitro (Rat Small Intestine Microsomes, Ca-Aggregated)	4	SPECIES
in vitro (Rat Small Intestine Microsomes, Ultracentrifugated)	4	SPECIES
in vitro (Rat Liver Microsomes, Ca-Aggregated)	4	SPECIES
in vitro (Rat Liver Microsomes, Ultracentrifugated)	4	SPECIES
in vitro (Pig Skin Perfusion)	4	SPECIES
in vitro (Rat Liver Microsomes, Food Restricted)	4	SPECIES
in vitro (Human Glioblastoma Cells, Transfected)	4	SPECIES
in vitro (Human Tumor Cells WiDr)	4	SPECIES
in vitro (Lacterbacillus brevi)	4	SPECIES
in vitro (Dog Cerebrospinal Fluid)	4	SPECIES
in vitro (Mouse Lymphoma Cells, L5178Vtk(+/-))	4	SPECIES
in vitro (Human Lymphoblast Cells, WTK-1)	4	SPECIES
in vitro (Mouse Small Intestine, Uridine Phosphorylase(-/-))	4	SPECIES
in vitro (Mouse Colon, Uridine Phosphorylase(-/-))	4	SPECIES
in vitro (Human Colon Carcinoma)	4	SPECIES
in vitro (Human Kidney HEK 293T Cells)	4	SPECIES
in vitro (Human Stomach Supernatant, Tumor Region)	4	SPECIES
in vitro (Human Stomach Supernatant, Nontumor Region)	4	SPECIES
in vitro (Human Lymphocyte Cytosol)	4	SPECIES
in vitro (Rat Hepatoma Cell Culture 2sFou)	4	SPECIES
in vitro (Rat Hepatoma Cell Culture FGC-5)	4	SPECIES
in vitro (Rat Hepatoma Cell Culture H5)	4	SPECIES
in vitro (Human Blood Cell Membranes)	4	SPECIES
in vitro (Rat Cortex Cells, Fetal)	4	SPECIES
in vitro (Fish Homogenate)	4	SPECIES
in vitro (HEK 293T Cell Membranes Expressing Human PON3)	4	SPECIES
in vitro (HEK 293T Cell Membranes Expressing Human PON1)	4	SPECIES
in vitro (HEK 293T Cell Membranes Expressing Human PON2)	4	SPECIES
in vitro (Mouse Tissue Homogenate)	4	SPECIES
in vitro (Gut Microflora)	4	SPECIES
Lobster	4	SPECIES
in vitro (Human Liver Microsomes Expressing CYP2D6)	4	SPECIES
in vitro (Guinea Pig Heart Microsomes)	4	SPECIES
in vitro (Human Hepatoma Hep G2 Cells Expressing Human Arylacetamide Deac+	4	SPECIES
in vitro (Pig Adipose Microsomes)	4	SPECIES
in vitro (Pig Brain Microsomes)	4	SPECIES
in vitro (Rat Intestine Mitochondria)	4	SPECIES
in vitro (Human beta-Lymphoblastoid Cells)	4	SPECIES
Mouse (Female, Nonpregnant)	4	SPECIES
in vitro (Rat Lung Microvascular Endothelial Cells)	4	SPECIES
in vitro (Dog Hemolysate)	4	SPECIES
in vitro (Mouse Hemolysate)	4	SPECIES
in vitro (Human Breast Homogenate, Female)	4	SPECIES
in vitro (Human Endometrium Lysate)	4	SPECIES
in vitro (Fish Embryo, Rainbow Trout)	4	SPECIES
in vitro (Human Kidney 293 Cells Expressing Human 17beta-HSD2)	4	SPECIES
in vitro (Human Lung Cancer Cell Microsomes, CL5)	4	SPECIES
in vitro (Human Brain Nuclei)	4	SPECIES
in vitro (Human Ovary Epithelium Mucinous Cystadenoma Microsomes)	4	SPECIES
in vitro (Human Ovary Epithelium Mucinous Cystadenoma Cytosol)	4	SPECIES
in vitro (Human Ovary Epithelium Endometroid Adenocarcinoma Microsomes)	4	SPECIES
in vitro (Human Ovary Epithelium Endometroid Adenocarcinoma Cytosol)	4	SPECIES
in vitro (Human Ovary Epithelium Serous Adenocarcinoma Microsomes)	4	SPECIES
in vitro (Human Ovary Epithelium Serous Adenocarcinoma Cytosol)	4	SPECIES
in vitro (Human Ovary Epithelium Serous Cystadenoma Microsomes)	4	SPECIES
in vitro (Human Ovary Epithelium Serous Cystadenoma Cytosol)	4	SPECIES
in vitro (Human Breast Cancer Cell Homogenate, ZR-75-1)	4	SPECIES
in vitro (Human Breast Cancer Cell Homogenate, T-47D)	4	SPECIES
in vitro (Human Kidney 293 Cells Expressing Human 17beta-HSD2, Embryonic)	4	SPECIES
in vitro (Human Kidney 293 Cells Expressing Human 17beta-HSD1, Embryonic)	4	SPECIES
in vitro (Human Kidney 293 Cells Expressing Human 17beta-HSD3, Embryonic)	4	SPECIES
in vitro (Human Breast Cancer Cell Microsomes, MCF-7)	4	SPECIES
in vitro (Human Kidney Adenocarcinoma ACHN Cells)	4	SPECIES
in vitro (Rabbit Lung Microsomes, Unilaterally Pneumonectomized)	4	SPECIES
Rabbit (Rapid Acetylator)	4	SPECIES
Rabbit (Slow Acetylator)	4	SPECIES
in vitro (Human Skin S9 Fraction)	4	SPECIES
in vitro (Mouse Embryo Homogenate)	4	SPECIES
in vitro (Human Bladder Tumor Cells)	4	SPECIES
in vitro (Hamster Colon Cytosol)	4	SPECIES
in vitro (B-Lymphoblastoid Cells Expressing Human CYP2A6)	4	SPECIES
in vitro (B-Lymphoblastoid Cells Expressing Human CYP2E1)	4	SPECIES
in vitro (B-Lymphoblastoid Cells Expressing Human CYP1A2)	4	SPECIES
in vitro (Cattle Liver Homogenate)	4	SPECIES
in vitro (Rat Cecum Microsomes)	4	SPECIES
in vitro (Pig Ovary Cytosol)	4	SPECIES
in vitro (Guinea Pig Colon Mucosa)	4	SPECIES
in vitro (Guinea Pig Jejunum Mucosa)	4	SPECIES
in vitro (Hamster V79 Cell Membranes Expressing Rat UGT1A6)	4	SPECIES
in vitro (Hamster V79 Cell Membranes Expressing Rat UGT2B1)	4	SPECIES
Mouse (Abcc2/Abcc3(-/-))	4	SPECIES
in vitro (Rat Liver Cytosol, Jcl:SD)	4	SPECIES
in vitro (Rat Liver Cytosol, Crj:SD)	4	SPECIES
in vitro (Rat Liver Cytosol, WKA/Sea Strain)	4	SPECIES
in vitro (Rat Liver Cytosol, Sea:SD)	4	SPECIES
in vitro (Rat Embryo)	4	SPECIES
in vitro (Guinea Pig Adrenal Cytosol)	4	SPECIES
in vitro (Human Liver Perfusion, Cirrhosis Patients)	4	SPECIES
Mouse (Rat 9L Xenograft Bearing)	4	SPECIES
Mouse (Rat 9L Xenograft Bearing, CYP2B11 Transfected)	4	SPECIES
in vitro (Lipoxygenase)	4	SPECIES
Tiger	4	SPECIES
Leopard	4	SPECIES
Human (CYP2C9*3/*1 Genotype)	4	SPECIES
Human (CYP2C9*1/*1 Genotype)	4	SPECIES
in vitro (Rat Intestine Pieces)	4	SPECIES
in vitro (Yeast Expressed Human Cytochrome P450)	4	SPECIES
in vitro (Saccharomyces cerevisiae Cytochrome P450)	4	SPECIES
in vitro (Tiger Feces Suspension)	4	SPECIES
in vitro (Bear Feces Suspension)	4	SPECIES
in vitro (Human Hepatocellular Carcinoma Cells, FLC-4, 3D Cultured)	4	SPECIES
in vitro (Human Hepatocellular Carcinoma Cells, FLC-4, Monolayer, Conflue+	4	SPECIES
in vitro (Human Hepatocellular Carcinoma Cells, FLC-4, Monolayer)	4	SPECIES
Rodent	4	SPECIES
in vitro (Rat Efferent Duct Microsomes)	4	SPECIES
Mouse (Antibiotic Treated)	4	SPECIES
in vitro (Guinea Pig Bone Marrow)	4	SPECIES
in vitro (Rat Polymorphonuclear Leukocyte Lysate)	4	SPECIES
in vitro (Rat Adrenal PC-12 Cells)	4	SPECIES
in vitro (Rat Lymphocyte Microsomes)	4	SPECIES
in vitro (Human Stem Cell Microsomes, CD34+, Neuronally Differentiated)	4	SPECIES
in vitro (Rabbit Hepatocytes, Cultured)	4	SPECIES
in vitro (Lymphoblast Cell Microsomes Expressing Human CYP2A6)	4	SPECIES
in vitro (Catfish Kidney Microsomes, Female)	4	SPECIES
in vitro (Catfish Kidney Microsomes, Male)	4	SPECIES
in vitro (Human B-Lymphoblastoid Cell Microsomes Expressing Human CYP4A11+	4	SPECIES
in vitro (COS Cells Expressing Rat Gonadotropin-Regulated Long Chain Acyl+	4	SPECIES
in vitro (Rat Liver Endoplasmic Reticulum)	4	SPECIES
in vitro (Rat Liver Peroxisomes, Diabetic)	4	SPECIES
in vitro (Rat Liver Mitochondria, Diabetic)	4	SPECIES
in vitro (Rat Skeletal Muscle)	4	SPECIES
in vitro (Human Heart Homogenate)	4	SPECIES
in vitro (Human Gallbladder Homogenate)	4	SPECIES
in vitro (Rat Bone Marrow Microsomes)	4	SPECIES
Pigeon	4	SPECIES
in vitro (Rat Small Intestine Brush Border Membranes)	4	SPECIES
in vitro (Mouse Duodenum Homogenate)	4	SPECIES
in vitro (Human Hepatoma Cell Microsomes)	4	SPECIES
in vitro (Mouse Jejunum Perfusion, Bcrp1(-/-))	4	SPECIES
in vitro (Human Choriocarcinoma Cell S9 Fraction, JEG-3)	4	SPECIES
in vitro (Sheep Seminal Vesicle Microsomes, Male)	4	SPECIES
in vitro (Rat Polymorphonuclear Leukocytes)	4	SPECIES
in vitro (Rat Kidney Supernatant, Hypertensive)	4	SPECIES
in vitro (Hamster Small Intestine Microsomes)	4	SPECIES
in vitro (Mouse Tissue)	4	SPECIES
in vitro (Grey Seal Liver Microsomes)	4	SPECIES
in vitro (Horse Hepatocytes)	4	SPECIES
in vitro (Human Prostate Stroma Cells)	4	SPECIES
in vitro (Human Dermal Papilla Cells)	4	SPECIES
in vitro (Human Small Intestine Mucosa Slices)	4	SPECIES
in vitro (Hamster V79 Cells Expressing Bovine P450)	4	SPECIES
in vitro (Human Dermal Papilla Cells, Beard)	4	SPECIES
in vitro (Human Dermal Papilla Cells, Pubic)	4	SPECIES
in vitro (Human Dermal Papilla Cells, Axillary)	4	SPECIES
in vitro (Human Prostate Fibroblasts)	4	SPECIES
in vitro (Human Prostate Fibroblast Cells, Hyperplastic)	4	SPECIES
in vitro (Human Prostate Benign Hypertrophy Cells)	4	SPECIES
in vitro (Human Prostate Adenocarcinoma Cells)	4	SPECIES
in vitro (Human Prostate Benign Hypertrophy Fibroblasts)	4	SPECIES
in vitro (Human Prostate Adenocarcinoma Fibroblasts)	4	SPECIES
in vitro (HEK 293 Cells Expressing Hamster SRD5A1)	4	SPECIES
in vitro (HEK 293 Cells Expressing Hamster SRD5A3)	4	SPECIES
in vitro (HEK 293 Cells Expressing Human SRD5A3)	4	SPECIES
in vitro (Rat Epididymis Nuclei)	4	SPECIES
in vitro (Rat Prostate Nuclei)	4	SPECIES
in vitro (Rat Adipose Tissue Homogenate, Male)	4	SPECIES
in vitro (Rat Adipose Tissue Homogenate, Female)	4	SPECIES
in vitro (Human Liver delta4-3-Oxosteroid 5beta-Reductase)	4	SPECIES
in vitro (Human Breast Carcinoma MCF-7 Cells and Human Tumor Stromal Cell+	4	SPECIES
in vitro (Human Mesenchymal Stem Cells, Osteogenic Differentiated)	4	SPECIES
in vitro (Pig Ovary Granulosa Cell Microsomes)	4	SPECIES
in vitro (Human Hepatocytes, Long-Term Cultured)	4	SPECIES
in vitro (Chimpanzee Liver Homogenate)	4	SPECIES
in vitro (COS-1 Cells Expressing Rat CYP3A1)	4	SPECIES
in vitro (COS-1 Cells Expressing Rat CYP3A2)	4	SPECIES
in vitro (Pig Hepatocytes, Fresh)	4	SPECIES
in vitro (Human Placenta Microsomes, Non-Smoker)	4	SPECIES
in vitro (Human Placenta Microsomes, Smoker)	4	SPECIES
in vitro (Rat Hypothalamus Homogenate, Male, Immature)	4	SPECIES
in vitro (Rat Hypothalamus Homogenate, Male, Mature)	4	SPECIES
in vitro (Rat Cerebellum Slices, Newborn)	4	SPECIES
in vitro (Human Kidney 293 Cells Expressing Fish CYP17A1, Embryonic)	4	SPECIES
in vitro (Human Kidney 293 Cells Expressing Fish CYP17A2, Embryonic)	4	SPECIES
in vitro (Human Adrenocortical Tumor Cell Microsomes, H295R)	4	SPECIES
in vitro (Mouse Leydig Tumor Cells, Transfected)	4	SPECIES
in vitro (HEK 293 Cells Expressing Monkey 20alpha-HSD)	4	SPECIES
in vitro (HEK 293 Cells Expressing Monkey 17beta-HSD5)	4	SPECIES
in vitro (HEK 293 Cells Expressing Monkey 3alpha-HSD)	4	SPECIES
in vitro (HEK 293 Cells Expressing Human 20alpha-HSD)	4	SPECIES
in vitro (HEK 293 Cells Expressing Mouse 20alpha-HSD)	4	SPECIES
in vitro (HEK 293 Cells Expressing Mouse 17beta-HSD5)	4	SPECIES
in vitro (HEK 293 Cells Expressing Human 3alpha-HSD1)	4	SPECIES
in vitro (HEK 293 Cells Expressing Mouse 3alpha-HSD)	4	SPECIES
in vitro (Rat Corpus Luteum Supernatant)	4	SPECIES
in vitro (Monkey Nasal Mucosa Microsomes)	4	SPECIES
in vitro (Chicken Ileum Slices)	4	SPECIES
in vitro (Chicken Colon Slices)	4	SPECIES
in vitro (Human Seminal Fluid)	4	SPECIES
in vitro (Chinese Hamster V79MZ Cells, Transfected)	4	SPECIES
in vitro (Human Ovary Cancer Cells, AG6000, Deoxycytidine Kinase-Deficien+	4	SPECIES
in vitro (Rat Mucosa Homogenate)	4	SPECIES
Rabbit (Pigmented)	4	SPECIES
Human (Female, Pregnant, Alcohol Abuser)	4	SPECIES
Human (Male, Alcohol Abuser)	4	SPECIES
in vitro (Human Hep G2 Cells Expressing Mouse Alcohol Dehydrogenase)	4	SPECIES
in vitro (Guinea Pig Testis Homogenate)	4	SPECIES
in vitro (Cat Testis Homogenate)	4	SPECIES
in vitro (Tree Shrew Liver Microsomes)	4	SPECIES
in vitro (Frog Testis Homogenate)	4	SPECIES
in vitro (Frog Ovary Homogenate)	4	SPECIES
in vitro (Human Breast Fibroblasts)	4	SPECIES
in vitro (Human Choriocarcinoma Cells)	4	SPECIES
in vitro (Human Kidney HEK 293 Cells Expressing Human Aromatase)	4	SPECIES
in vitro (Human Colon Adenocarcinoma Cells, HCT 116)	4	SPECIES
in vitro (Rat Testis Cells)	4	SPECIES
in vitro (Mouse Brain Microglia Cells)	4	SPECIES
in vitro (HEK 293 Cells Expressing Mouse 17beta-HSD12)	4	SPECIES
in vitro (Fish Testis Microsomes)	4	SPECIES
in vitro (Human Mammary Adenocarcinoma Cells, MCF-7)	4	SPECIES
in vitro (Mouse Hepatoma Hepa 1c1c7 Cells, Ah-Receptor-Defective)	4	SPECIES
in vitro (Human Uroepithelium Cell Microsomes)	4	SPECIES
in vitro (Papillary Transitional Cell Carcinoma Cell Cytosol)	4	SPECIES
in vitro (Papillary Transitional Cell Carcinoma Cell Microsomes)	4	SPECIES
in vitro (Human Tracheobronchial Epithelium Cells)	4	SPECIES
in vitro (Rat Duodenum S9 Fraction)	4	SPECIES
Mouse (Human EJ Xenograft Bearing)	4	SPECIES
Mouse (Human EJ/mbetaG Xenograft Bearing)	4	SPECIES
Rat (Gunn, Transfected)	4	SPECIES
Rat (Gunn, Heterozygous)	4	SPECIES
in vitro (Mouse Stomach)	4	SPECIES
in vitro (Murine LLC-PK1 Cells, Mdr1a-Transfected)	4	SPECIES
in vitro (Human Lung Adenocarcinoma Cells, A549, Transfected)	4	SPECIES
in vitro (Bacillus cereus)	4	SPECIES
Human (Chronic Myeloid Leukemia Patients)	4	SPECIES
in vitro (Mouflon Hepatocytes)	4	SPECIES
in vitro (Mouse Melanoma Cells, B16-F1)	4	SPECIES
in vitro (Human Oral Keratinocytes, Cultured)	4	SPECIES
in vitro (Caco-2 Cell Lysate)	4	SPECIES
Human (Cannabis Smoker)	4	SPECIES
Human (Cannabis Addict)	4	SPECIES
Human (Marijuana Abuser)	4	SPECIES
in vitro (CEM Cells)	4	SPECIES
in vitro (Human Cell Mitochondria, U937)	4	SPECIES
in vitro (Human Lymphocyte H9 Cells)	4	SPECIES
in vitro (Human T-Lymphocytes, H9)	4	SPECIES
in vitro (Human T-Lymphocytes, H9 TK+)	4	SPECIES
in vitro (Human T-Lymphocytes, CEM TK-)	4	SPECIES
in vitro (Human T-Lymphocytes, CEM TK+/TK-)	4	SPECIES
in vitro (Human T-Lymphocytes, CEM-SS)	4	SPECIES
in vitro (Human Skin Microvascular Endothelial Cells, HMEC-1)	4	SPECIES
in vitro (Human Umbilical Vein Endothelial Cell Lysate)	4	SPECIES
in vitro (Rat Left Ventricle Homogenate)	4	SPECIES
in vitro (Rat Left Ventricle Homogenate, Hypertensive)	4	SPECIES
in vitro (Mouse Pancreas Islet Homogenate)	4	SPECIES
in vitro (Rabbit Cerebellum Homogenate)	4	SPECIES
in vitro (Bovine Trachea Smooth Muscle Cytosol)	4	SPECIES
in vitro (Human Adipocytes)	4	SPECIES
in vitro (Mouse Brain Perfusion)	4	SPECIES
in vitro (CEM-T4 Cells)	4	SPECIES
in vitro (HeLa Cell Nuclei)	4	SPECIES
in vitro (Human Cervix Carcinoma Cells, SiHa, Transfected)	4	SPECIES
Human (Brain Tumor Patients)	4	SPECIES
in vitro (Cultured Cells, all-trans-Retinoic Acid Sensitive)	4	SPECIES
in vitro (Human Prostate Stromal Cells, PrSC)	4	SPECIES
in vitro (Human Prostate Cancer Cells, LAPC-4)	4	SPECIES
in vitro (Human Pulmonary Artery Smooth Muscle Cells)	4	SPECIES
in vitro (Bird Rostral Telencephalon)	4	SPECIES
in vitro (Bird Medial Central Telencephalon)	4	SPECIES
in vitro (Bird Caudal Telencephalon)	4	SPECIES
in vitro (Mouse Brain Homogenate, Wild-Type)	4	SPECIES
in vitro (Human Skin Slices)	4	SPECIES
in vitro (Chinese Hamster Cells, V79MZh11B1)	4	SPECIES
in vitro (Rat Adrenal Gland Cells)	4	SPECIES
in vitro (Bovine Adrenal Gland Glomerulosa Cells)	4	SPECIES
in vitro (Chicken Intestine)	4	SPECIES
in vitro (Chicken Gonad)	4	SPECIES
in vitro (Human Kidney Carcinoma Cells, 786-O)	4	SPECIES
in vitro (Microsomes Expressing CYP2C8)	4	SPECIES
in vitro (Microsomes Expressing CYP2C9)	4	SPECIES
in vitro (Rat Intestine and Liver Perfusion)	4	SPECIES
in vitro (Chinese Hamster Ovary UV5 Cell Lysate Expressing Human CYP1A1 a+	4	SPECIES
in vitro (Chinese Hamster Ovary UV5 Cell Lysate Expressing Human CYP1A1)	4	SPECIES
in vitro (Mouse Liver Microsomes, Cyp1a2-Null)	4	SPECIES
in vitro (Human Placenta Lysosomes)	4	SPECIES
in vitro (Monkey Brain Microsomes)	4	SPECIES
in vitro (Pig Brain)	4	SPECIES
in vitro (Mouse Liver Cytosol and Turkey Liver Microsomes)	4	SPECIES
in vitro (Turkey Liver Cytosol and Microsomes)	4	SPECIES
in vitro (Channel Catfish Liver Microsomes)	4	SPECIES
in vitro (Rat Liver Microsomes and Rabbit Liver Cytosol)	4	SPECIES
in vitro (Rat Liver Microsomes and Rabbit Lung Cytosol)	4	SPECIES
in vitro (Human Liver Epithelium SV40 Cells Expressing Human CYP1A2)	4	SPECIES
in vitro (Human Liver Epithelium SV40 Cells Expressing Human CYP2A6)	4	SPECIES
in vitro (Human Liver Epithelium SV40 Cells Expressing Human CYP3A4)	4	SPECIES
in vitro (Rat Pituitary Homogenate)	4	SPECIES
in vitro (HeLa Cell Membranes Expressing Human UGT1A1)	4	SPECIES
in vitro (HeLa Cell Membranes Expressing Human UGT2B7)	4	SPECIES
in vitro (Hamster V79MZ Cells Expressing Human CYP3A4)	4	SPECIES
in vitro (Rat Hepatocytes, Partially Hepatectomized)	4	SPECIES
in vitro (Rabbit Eye Lens Cytosol)	4	SPECIES
in vitro (Rabbit Eye Cornea Cytosol)	4	SPECIES
in vitro (Rabbit Eye Retina Cytosol)	4	SPECIES
in vitro (Rabbit Eye Iris Cytosol)	4	SPECIES
in vitro (Rabbit Eye Choroid Cytosol)	4	SPECIES
in vitro (Rabbit Intestine Cytosol)	4	SPECIES
in vitro (Rat Thyroid Cytosol)	4	SPECIES
in vitro (Mouse Colon Supernatant)	4	SPECIES
in vitro (Rat Erythrocytes, Diabetic)	4	SPECIES
in vitro (Mouse Liver Adenocarcinoma Cells, Hepa 1c1c7)	4	SPECIES
in vitro (Mouse Ascitic Fluid, Mouse Hepatoma H22 Cells Inoculated)	4	SPECIES
in vitro (Rat Liver Supernatant, Female, Pregnant)	4	SPECIES
in vitro (Fish Spleen Supernatant)	4	SPECIES
in vitro (Mouse Hippocampus Supernatant)	4	SPECIES
in vitro (Fish Gill S10 Fraction)	4	SPECIES
in vitro (V79MZ Cells Expressing Human CYP1A1 and Human GST P1)	4	SPECIES
in vitro (V79MZ Cells Expressing Rat CYP1A1 and Human GST P1)	4	SPECIES
in vitro (Rat Bladder Carcinoma Cells, NBT-II)	4	SPECIES
in vitro (Rat Bladder Homogenate)	4	SPECIES
in vitro (Chicken Erythrocytes)	4	SPECIES
in vitro (Mouse Liver, Ehrlich Ascites Carcinoma Bearing)	4	SPECIES
in vitro (Fish Liver Supernatant, Gambusia Holbrooki)	4	SPECIES
in vitro (Fish Gill Supernatant, Gambusia Holbrooki)	4	SPECIES
in vitro (Rat Erythrocyte Hemolysate)	4	SPECIES
in vitro (Human Glioblastoma Cell Lysate, A-172)	4	SPECIES
in vitro (Rat Colon and Rectum)	4	SPECIES
in vitro (Rat Erythrocyte Membranes, Diabetic)	4	SPECIES
in vitro (Rat Liver Stellate Cell Cytosol)	4	SPECIES
in vitro (Human Lung Carcinoma Cell Lysate, A549)	4	SPECIES
in vitro (Bird Liver Supernatant)	4	SPECIES
in vitro (Bird Kidney Supernatant)	4	SPECIES
in vitro (Rat Brain Stem)	4	SPECIES
in vitro (Frog Nasal Mucosa Cytosol)	4	SPECIES
in vitro (Mouse Hepatoma Cells, BpRc1)	4	SPECIES
in vitro (Fish Embryo Cytosol)	4	SPECIES
in vitro (Goose Liver Supernatant)	4	SPECIES
in vitro (Rat Aorta Supernatant)	4	SPECIES
in vitro (Rat Liver Microsomes, Heated)	4	SPECIES
in vitro (C6 Glioma Cells)	4	SPECIES
in vitro (Channel Catfish Liver Cytosol, beta-Naphthoflavone Treated)	4	SPECIES
in vitro (Channel Catfish Intestine Cytosol, beta-Naphthoflavone Treated)	4	SPECIES
in vitro (Channel Catfish Intestine Cytosol)	4	SPECIES
in vitro (Rat Nasal Mucosa Cytosol)	4	SPECIES
in vitro (Rat Duodenum Mucosa Supernatant)	4	SPECIES
in vitro (Rat Brain, Neonatal)	4	SPECIES
in vitro (Rat Uterus Cytosol, Female, Pregnant)	4	SPECIES
in vitro (V79 Cell Cytosol Expressing Rat Sulfotransferase)	4	SPECIES
in vitro (Human Ectocervical Cells)	4	SPECIES
in vitro (Human Cervix Cytosol)	4	SPECIES
in vitro (Human Endocervical Cells)	4	SPECIES
in vitro (Mouse Lung Microsomes, Transgenic, Human CYP2A13)	4	SPECIES
in vitro (Mouse Nasal Mucosa Microsomes, Transgenic, Human CYP2A13)	4	SPECIES
in vitro (Mouse Lung Microsomes, Cyp2abfgs-Null)	4	SPECIES
in vitro (Mouse Nasal Mucosa Microsomes, Cyp2abfgs-Null)	4	SPECIES
in vitro (Hamster Ovary Cells Expressing Human CYP2D6)	4	SPECIES
in vitro (Mouse Lung Microsomes, Akt2(-/-))	4	SPECIES
Rat (C57BL/6J Strain)	4	SPECIES
Rat (A/J Strain)	4	SPECIES
in vitro (Sheep Seminal Vesicle)	4	SPECIES
Rat (Iron-overloaded)	4	SPECIES
in vitro (Rat Liver Microsomes CYP Isoenzyme)	4	SPECIES
in vitro (Rabbit Liver Microsomes CYP Isoenzyme)	4	SPECIES
in vitro (Mouse Bone Marrow S9 Fraction)	4	SPECIES
in vitro (Mouse Bladder S9 Fraction)	4	SPECIES
in vitro (Human Carcinoma Cells, OVCAR-5)	4	SPECIES
in vitro (Human Ovary Carcinoma Cell Cytosol)	4	SPECIES
in vitro (Human Head and Neck Squamous Cell Carcinoma Cytosol)	4	SPECIES
in vitro (Mouse Colon Carcinoma Cell Cytosol)	4	SPECIES
Mouse (KPC, Pancreas Duct Adenocarcinoma Model)	4	SPECIES
Mouse (Pancreas Duct Adenocarcinoma K8484 Allograft Bearing)	4	SPECIES
Mouse (Human MIA PaCa-2 Xenograft Bearing)	4	SPECIES
Mouse (Pancreatic Cancer Bearing)	4	SPECIES
in vitro (Human Ovary Cancer A2780 Cells)	4	SPECIES
Mouse (Cyp2f2-Null)	4	SPECIES
in vitro (Mouse Lung Cells)	4	SPECIES
in vitro (Marmoset Monkey Brain Microsomes)	4	SPECIES
in vitro (Baboon Brain Mitochondria)	4	SPECIES
in vitro (Dog Brain Mitochondria)	4	SPECIES
in vitro (Mouse Liver Cytosol and Mitochondria)	4	SPECIES
in vitro (Mouse Brain Cytosol and Mitochondria)	4	SPECIES
in vitro (Chicken Plasma)	4	SPECIES
Mouse (Epoxide Hydrolase-Null)	4	SPECIES
Gerbil (Female)	4	SPECIES
in vitro (Rat Brain Homogenate, Dietary Zinc-Deficient)	4	SPECIES
in vitro (Rat Serum, Dietary Zinc-Deficient)	4	SPECIES
in vitro (Pseudomonas sp)	4	SPECIES
in vitro (Human Retina Pigment Epithelium Cell Microsomes)	4	SPECIES
in vitro (Human Skin Carcinoma SCC40 Cells)	4	SPECIES
in vitro (Human Skin Carcinoma SCC12 Cells)	4	SPECIES
in vitro (Human Breast Adenocarcinoma Cells, MDA-MB-231)	4	SPECIES
in vitro (Human Breast Cancer Cells, Hs578-T)	4	SPECIES
in vitro (Human Breast Epithelium AD074 Cells)	4	SPECIES
in vitro (NIH3T3 Cells Expressing Human LRAT and Human RPE65)	4	SPECIES
in vitro (Human Cells Expressing Zebrafish Retinol Saturase)	4	SPECIES
in vitro (Human Cells Expressing Mouse Retinol Saturase)	4	SPECIES
in vitro (Human Skin Keratinocytes, Cultured)	4	SPECIES
in vitro (Rat Brain Cells, Fetal)	4	SPECIES
in vitro (Guinea Pig Cerebellum Homogenate)	4	SPECIES
in vitro (Rat Heart Myocytes)	4	SPECIES
in vitro (Mouse Liver Microsomes, EPHX1(-/-))	4	SPECIES
in vitro (Mouse Lung Microsomes, EPHX1(-/-))	4	SPECIES
in vitro (Mouse Respiratory Epithelium Microsomes)	4	SPECIES
in vitro (Human Bronchoalveolar H358 Cells Expressing Human Aldehyde Redu+	4	SPECIES
in vitro (Mouse Hepatoma Cells, Hepa-1, c33 Mutant, Transfected)	4	SPECIES
in vitro (Human Tonsil Microsomes)	4	SPECIES
in vitro (Human Tongue Microsomes)	4	SPECIES
in vitro (Human Mouth Floor Microsomes)	4	SPECIES
in vitro (Hen Egg)	4	SPECIES
in vitro (Pig Liver Catechol O-Methyltransferase)	4	SPECIES
in vitro (Rabbit Blood Cells)	4	SPECIES
in vitro (Dog Blood Cells)	4	SPECIES
in vitro (Human Lung Carcinoma Cell Cytosol, A549)	4	SPECIES
in vitro (Pig Jejunum Enterocyte Cytosol)	4	SPECIES
in vitro (Sheep Uterus Artery)	4	SPECIES
in vitro (Spodoptera flugiperda Cells, Insect)	4	SPECIES
in vitro (Human B-Lymphoblastoid AHH-1 Cells Expressing Human CYP1A1)	4	SPECIES
in vitro (Human B-Lymphoblastoid AHH-1 Cells Expressing Human CYP1A2)	4	SPECIES
in vitro (Human B-Lymphoblastoid AHH-1 Cells Expressing Human CYP2E1)	4	SPECIES
in vitro (Cat Bronchoalveolar Lavage Cells)	4	SPECIES
in vitro (Human Neutrophils and Prostate Cancer PC-3 Cells)	4	SPECIES
in vitro (Rat Basophilic Leukemia Cells, RBL-1)	4	SPECIES
in vitro (Rat Basophilic Leukemia Cell Supernatant, RBL-1)	4	SPECIES
in vitro (Rat Brain Homogenate, Tumor Bearing)	4	SPECIES
in vitro (Rat Tumor Homogenate, Tumor Bearing)	4	SPECIES
in vitro (Human Lung Macrophages)	4	SPECIES
in vitro (Rat Leukemia Cells)	4	SPECIES
in vitro (RAW 264.7 Cells)	4	SPECIES
in vitro (Mouse Skin Epidermis Microsomes)	4	SPECIES
in vitro (Hen Follicles, Post-Ovulatory)	4	SPECIES
in vitro (Hen Oviductal Ligament)	4	SPECIES
in vitro (Hen Infundibulum Ampulla)	4	SPECIES
in vitro (Hen Infundibulum Tubes)	4	SPECIES
in vitro (Hen Magnum)	4	SPECIES
in vitro (Hen Isthmus)	4	SPECIES
in vitro (Hen Vagina)	4	SPECIES
in vitro (Rat Seminal Vesicles)	4	SPECIES
in vitro (Ram Seminal Vesicle Homogenate)	4	SPECIES
in vitro (Horse Platelet Microsomes)	4	SPECIES
in vitro (Bovine Cornea Epithelium Cell Microsomes)	4	SPECIES
in vitro (Bovine Cornea Epithelium Cell Cytosol)	4	SPECIES
in vitro (Bovine Cornea Epithelium Cell Homogenate)	4	SPECIES
in vitro (Rat Intestine Cells)	4	SPECIES
in vitro (Human Breast Carcinoma Cells, MDA-MB-435)	4	SPECIES
in vitro (Human Tonsil Homogenate)	4	SPECIES
in vitro (Rat Abdominal Artery Homogenate)	4	SPECIES
in vitro (Chicken Kidney Homogenate, Embryonic)	4	SPECIES
in vitro (Rabbit Platelet Homogenate)	4	SPECIES
in vitro (Mouse Lung Endothelial Cells)	4	SPECIES
in vitro (Rabbit Platelet Microsomes)	4	SPECIES
in vitro (Human Promyelocytic Leukemia Cell Supernatant, HL-60)	4	SPECIES
Rat (Ischemic)	4	SPECIES
in vitro (Chinese Hamster Ovary Cells, CHO-K1, Transfected)	4	SPECIES
in vitro (Human Buccal Epithelium Cells, SVpgC2a)	4	SPECIES
in vitro (Human Buccal Carcinoma Cells, SqCC/Y1)	4	SPECIES
in vitro (Rat Muscle Diaphragms)	4	SPECIES
in vitro (Mouse Skeletal Muscle Homogenate)	4	SPECIES
in vitro (Pea (Pisum sativum) Root Enzyme Fraction)	4	SPECIES
in vitro (Leukemia T Cells)	4	SPECIES
in vitro (Soil Compost)	4	SPECIES
in vitro (Ferret Liver Homogenate, Male)	4	SPECIES
in vitro (Mouse Cerebrum Neurons, Embryonic)	4	SPECIES
in vitro (Mouse Cerebrum Astrocytes, Embryonic)	4	SPECIES
in vitro (Rat Hepatoma Cells, H-4-II-E-C3)	4	SPECIES
in vitro (Human Kidney 293 Cell Microsomes Expressing Human UGT1A4)	4	SPECIES
in vitro (Bird Blood)	4	SPECIES
in vitro (Rat Brain Supernatant, Pups)	4	SPECIES
in vitro (Human Lymphoblastoid Cell Microsomes Expressing CYP1A1)	4	SPECIES
in vitro (Human Lymphoblastoid Cell Microsomes Expressing CYP1B1)	4	SPECIES
in vitro (Human Lymphoblastoid Cell Microsomes Expressing CYP2E1)	4	SPECIES
in vitro (Rabbit Eye Cornea Supernatant)	4	SPECIES
in vitro (Human Duodenum Microvillar Membranes)	4	SPECIES
in vitro (Human Jejunum Microvillar Membranes)	4	SPECIES
in vitro (Human Ileum Microvillar Membranes)	4	SPECIES
Woodchuck (Hepatitis Infected)	4	SPECIES
in vitro (Rat Small Intestine Mucosa S9 Fraction)	4	SPECIES
in vitro (COS Cell S9 Fraction Expressing Rat Carboxylesterase ES-4)	4	SPECIES
in vitro (COS Cell S9 Fraction Expressing Rat Carboxylesterase ES-3)	4	SPECIES
in vitro (COS Cell S9 Fraction Expressing Rat Carboxylesterase ES-10)	4	SPECIES
in vitro (Rat Pancreas Post-Nuclear Fraction)	4	SPECIES
in vitro (Rabbit Feces Suspension)	4	SPECIES
in vitro (Mouse Lymphoma Cells, EL-4)	4	SPECIES
in vitro (Chicken Ovary Follicles)	4	SPECIES
in vitro (Fish Gonad Cells, RTG-2)	4	SPECIES
in vitro (Human Lung Cells, BEAS-2B)	4	SPECIES
in vitro (Fish Cells, RTG-2)	4	SPECIES
in vitro (Rat Hepatoma Cell Cytosol, JM2)	4	SPECIES
in vitro (Racoon Liver Microsomes)	4	SPECIES
in vitro (Rainbow Trout Kidney Supernatant)	4	SPECIES
in vitro (Sperm Whale Liver Microsomes)	4	SPECIES
in vitro (Channel Catfish Intestine Microsomes)	4	SPECIES
in vitro (Rat Microsomes, Embryonic)	4	SPECIES
in vitro (Human Adrenal Gland Homogenate, Embryonic)	4	SPECIES
in vitro (Human Kidney Homogenate, Embryonic)	4	SPECIES
in vitro (Human Lung Homogenate, Embryonic)	4	SPECIES
in vitro (Human Heart Homogenate, Embryonic)	4	SPECIES
in vitro (Human Brain Homogenate, Embryonic)	4	SPECIES
in vitro (Bear Liver Microsomes)	4	SPECIES
in vitro (Human Breast Cancer Cell Homogenate, MCF-7)	4	SPECIES
in vitro (Rat Liver Microsome Protein)	4	SPECIES
in vitro (Human Lung Fibroblast Cells, CCL-202)	4	SPECIES
in vitro (Rat Thymus Homogenate)	4	SPECIES
in vitro (Mouse Proximal Small Intestine Contents)	4	SPECIES
in vitro (Mouse Distal Small Intestine Contents)	4	SPECIES
in vitro (Chicken Ileum)	4	SPECIES
in vitro (Chicken Ovary)	4	SPECIES
in vitro (Chicken Testes)	4	SPECIES
in vitro (Chicken Heart)	4	SPECIES
in vitro (Human Lymphoblastoid AHH-1 Cell Microsomes, Transfected)	4	SPECIES
in vitro (Micropig Skin Homogenate)	4	SPECIES
in vitro (Human Skin Extract, Abdominal)	4	SPECIES
in vitro (Human Fat Extract, Subcutaneous)	4	SPECIES
in vitro (Human Pancreas Cancer Cells, BxPC-3)	4	SPECIES
in vitro (Rat Cerebral Cortex Mitochondria)	4	SPECIES
Mouse (NEUT2 Homozygous)	4	SPECIES
in vitro (Rat Skeletal Muscle Cells, Newborn)	4	SPECIES
in vitro (Mouse Hepatocytes, Female)	4	SPECIES
in vitro (Pig Bronchus Microsomes)	4	SPECIES
in vitro (Pig Trachea Microsomes)	4	SPECIES
in vitro (Hen Liver Mitochondria and Microsomes)	4	SPECIES
in vitro (Rabbit Liver Mitochondria and Microsomes)	4	SPECIES
in vitro (Hen Kidney)	4	SPECIES
in vitro (Rabbit Brain)	4	SPECIES
in vitro (Mouse Spleen CD4+ T Cells)	4	SPECIES
in vitro (Rat Thalamus Supernatant)	4	SPECIES
in vitro (Rat Atrium Membranes)	4	SPECIES
in vitro (Mouse Peritoneal Macrophage Cytosol)	4	SPECIES
in vitro (Guinea Pig Hippocampus)	4	SPECIES
in vitro (Rhesus Monkey Erythrocytes)	4	SPECIES
in vitro (Guinea Pig Heart Supernatant)	4	SPECIES
in vitro (Rat Brain Extract)	4	SPECIES
in vitro (Fish Larva Extract, Gilthead Seabream)	4	SPECIES
in vitro (Fish Eye Supernatant)	4	SPECIES
in vitro (Human Hepatoma Cells, Hep G2, AKR1A1 Knockdown)	4	SPECIES
in vitro (Human Osteoblast Cells, MG-63)	4	SPECIES
in vitro (Rat Liver Supernatant, Hepatitis-Induced)	4	SPECIES
in vitro (Mouse Fibroblast Cell Cytosol, Embryonic, C3H10T1/2)	4	SPECIES
in vitro (Swordtail Liver Cytosol)	4	SPECIES
in vitro (Bovine Serum Amine Oxidase)	4	SPECIES
in vitro (Human Serum, Hepatitis Patients)	4	SPECIES
in vitro (Rat Plasma, Diabetic)	4	SPECIES
in vitro (Hamster Ovary Cells Expressing Human Paraoxonase)	4	SPECIES
in vitro (Hamster Ovary Cells Expressing Human Paraoxonase, Mutant C284A)	4	SPECIES
in vitro (Hen Brain Homogenate)	4	SPECIES
in vitro (Human Lung Epithelium Cells, 16HBE)	4	SPECIES
in vitro (Rat Brain Cortex Mitochondria)	4	SPECIES
in vitro (Rat Brain Synaptic Plasma Membranes)	4	SPECIES
in vitro (HeLa Cell Membranes, Transfected)	4	SPECIES
in vitro (Rat Kidney Cortex Slices)	4	SPECIES
in vitro (Rat Heart Ventricle Membranes)	4	SPECIES
in vitro (Tetrahymena pyriformis 20alpha-Hydroxysteroid Dehydrogenase)	4	SPECIES
in vitro (Human Osteoblast-like Cells, MG-63)	4	SPECIES
in vitro (Rat Chondrocytes)	4	SPECIES
in vitro (Human Colon Cancer Cells, SW1116)	4	SPECIES
in vitro (Human Colon Cells, HCEC)	4	SPECIES
in vitro (Rat Brain Homogenate, Neonatal)	4	SPECIES
in vitro (Rat Cerebrum Homogenate)	4	SPECIES
in vitro (Human Lymphoblast CEM Cells)	4	SPECIES
in vitro (Rat Intestine Mucosa Supernatant, Diabetic)	4	SPECIES
in vitro (Rat Kidney Lysosomes)	4	SPECIES
in vitro (Rat White Blood Cells)	4	SPECIES
in vitro (Rat Liver Supernatant, Hypertensive)	4	SPECIES
in vitro (A549 Cell Microsomes)	4	SPECIES
in vitro (Mouse Colon Adenocarcinoma Mitochondria)	4	SPECIES
in vitro (Mouse Keratinocytes, Cyp24a1(+/-))	4	SPECIES
in vitro (Mouse Keratinocytes, Cyp24a1(-/-))	4	SPECIES
in vitro (Human Colon Adenocarcinoma Cells, COGA-13)	4	SPECIES
in vitro (Human Prostate Tumor Cells, DU-145)	4	SPECIES
Mouse (Cyp24 Knockout)	4	SPECIES
Fish (Rainbow Trout, Vitamin D-Deficient)	4	SPECIES
in vitro (Human Blood Macrophages)	4	SPECIES
in vitro (Human Blood Monocytes)	4	SPECIES
in vitro (Human Pancreas Cancer Cells)	4	SPECIES
in vitro (Mouse Keratinocytes, Vitamin D Receptor(+/+))	4	SPECIES
in vitro (Mouse Keratinocytes, Vitamin D Receptor(-/-))	4	SPECIES
in vitro (Hamster Lung V79-4 Cells Expressing Human CYP24A1 Mutants)	4	SPECIES
in vitro (Pig Skin Gelatin)	4	SPECIES
Elephant	4	SPECIES
in vitro (Rat Cerebral Cortex Membranes)	4	SPECIES
in vitro (Mouse Thymus Epithelium Cells)	4	SPECIES
in vitro (Calf Serum, Fetal)	4	SPECIES
in vitro (Human Kidney HK 293 Cells Expressing Human CYP17 and Cytochrome+	4	SPECIES
in vitro (Human Colon Cancer Cells, T-84)	4	SPECIES
in vitro (Mouse Hippocampus Cell Supernatant, HT-22)	4	SPECIES
in vitro (Chinese Hamster Ovary UV5 Cells Expressing Human CYP1A1 and NAT+	4	SPECIES
in vitro (HEK 293 Cell Homogenate Expressing Human UGT2B10)	4	SPECIES
in vitro (Rainbow Trout Macrophages)	4	SPECIES
in vitro (Hamster Ovary Cell Golgi Membranes and Cytosol)	4	SPECIES
in vitro (Human Blood Cell Extract)	4	SPECIES
in vitro (Human Mammary Carcinoma Cells, HCC-1937)	4	SPECIES
in vitro (Human Mammary Myoepithelium Cells)	4	SPECIES
in vitro (Human Bronchial Epithelium Cells, Transformed)	4	SPECIES
in vitro (Rat Liver Cytosol alpha-D-Mannosidase)	4	SPECIES
in vitro (Rabbit Liver Golgi Membranes)	4	SPECIES
in vitro (Rhesus Monkey Microsomes)	4	SPECIES
in vitro (Human Leukemia Cell Microsomes, HL-60, all-trans-Retinoic Acid +	4	SPECIES
in vitro (Dihydropyrimidine Amidohydrolase)	4	SPECIES
in vitro (Rat Liver Post-Mitochondrial Fraction, Male)	4	SPECIES
in vitro (Rat Liver Post-Mitochondrial Fraction, Female)	4	SPECIES
in vitro (Human Recombinant Glutathione Transferase)	4	SPECIES
Fin Whale	4	SPECIES
Fish (White Sturgeon)	4	SPECIES
Grey Seal (Neonatal)	4	SPECIES
in vitro (Sheep Liver Microsomes, Female, Pregnant)	4	SPECIES
in vitro (Rat Brain Glia and Neurons)	4	SPECIES
in vitro (Rat Brain Glia)	4	SPECIES
in vitro (Frog Spleen)	4	SPECIES
in vitro (Frog Intestine)	4	SPECIES
in vitro (Frog Oocytes)	4	SPECIES
in vitro (Trichosporon cutaneum cis,cis-Muconate Cycloisomerase)	4	SPECIES
in vitro (Pseudomonas sp B13 Chloromuconate Cycloisomerase)	4	SPECIES
in vitro (Saccharomycopsis alpha-Amylase, Mutant Y83W)	4	SPECIES
in vitro (Rat Liver Mitochondria, Solubilized)	4	SPECIES
in vitro (Escherichia coli Antibody 43C9)	4	SPECIES
in vitro (HCT 116 Cells Expressing Human CES2)	4	SPECIES
in vitro (HCT 116 Cells)	4	SPECIES
Mouse (Mthfr(+/-))	4	SPECIES
Mouse (Mthfr(-/-))	4	SPECIES
Mouse (Reduced Folate Carrier Gene Knockout)	4	SPECIES
in vitro (Salvia Officinalis Cyclase I)	4	SPECIES
in vitro (Salvia Officinalis Cyclase III)	4	SPECIES
Mouse (Germ-free)	4	SPECIES
in vitro (Human Kidney 293 Cell Microsomes Expressing Human UGT1A4, Embry+	4	SPECIES
in vitro (Human Kidney 293 Cells Expressing Human UGT Isoenzymes, Embryon+	4	SPECIES
Fish (Channel Catfish)	4	SPECIES
in vitro (Human Skin Fibroblasts, Cytomegalovirus Infected)	4	SPECIES
in vitro (Human CV-1 Cells)	4	SPECIES
in vitro (Microsomes Expressing Human CYP3A5)	4	SPECIES
in vitro (Human Keratinocyte Cell Sheets)	4	SPECIES
in vitro (Rat Respiratory Epithelium Cytosol)	4	SPECIES
in vitro (Rat Respiratory Mucosa Homogenate)	4	SPECIES
in vitro (Human Kidney 293 Cell Microsomes Expressing Human UGT2B10)	4	SPECIES
in vitro (Human Colon Carcinoma Cells, Colo-320TP1)	4	SPECIES
in vitro (Rat Liver Microsomes, Postnatal)	4	SPECIES
in vitro (LDE Testskin)	4	SPECIES
Human (Adult Refsum Disease Patients)	4	SPECIES
in vitro (Mouse Liver Microsomes, uPA-NOG)	4	SPECIES
in vitro (Mouse Liver Microsomes, uPA-NOG, Chimeric, Humanized Liver)	4	SPECIES
in vitro (Monkey Skin Homogenate)	4	SPECIES
in vitro (Human Lymphoblastic Leukemia Cells, MOLT-4)	4	SPECIES
in vitro (Rat Myotubes)	4	SPECIES
Mouse (TTR(-/-))	4	SPECIES
in vitro (Hamster Ovary Cell Membranes, Transfected)	4	SPECIES
in vitro (Rat Nasal Secretions)	4	SPECIES
in vitro (Human Lymphoblast CCRF-CEM Cells)	4	SPECIES
Fish (Platycephalus bassensis)	4	SPECIES
in vitro (Fish Hepatocyte Supernatant, Freshwater Tilapia)	4	SPECIES
in vitro (Lymphoblast Microsomes Expressing Human CYP3A4)	4	SPECIES
in vitro (Mouse Liver Peroxisomes)	4	SPECIES
Human (Acute Promyelocytic Leukemia Patients)	4	SPECIES
in vitro (Human Hepatoma Hep G2 Cells Expressing Human Arsenite Methyltra+	4	SPECIES
in vitro (Mouse Brain Slices)	4	SPECIES
in vitro (Human Epidermis Carcinoma Cells, A431)	4	SPECIES
in vitro (Basophilic Leukemia Cells, RBL-2H3)	4	SPECIES
in vitro (Dog Erythrocytes)	4	SPECIES
in vitro (Minipig)	4	SPECIES
Human (Islet Transplanted Patients)	4	SPECIES
in vitro (Mouse Small Intestine S9 Fraction, Bcrp1(-/-))	4	SPECIES
in vitro (Mouse Colon S9 Fraction, Bcrp1(-/-))	4	SPECIES
in vitro (Pig Artery Perfusion)	4	SPECIES
in vitro (Fish Eye Homogenate)	4	SPECIES
in vitro (Mouse Neuroblastoma Cells, SN56)	4	SPECIES
in vitro (Bovine Eye Retina Microsomes)	4	SPECIES
in vitro (COS-7 Cells Expressing Human Microsome Epoxide Hydrolase)	4	SPECIES
in vitro (Rat Kidney Fibroblasts, NRK-49F)	4	SPECIES
in vitro (Fish Larva Extract)	4	SPECIES
in vitro (Human Small Intestine Supernatant)	4	SPECIES
in vitro (Rabbit Osteoclasts)	4	SPECIES
in vitro (Rabbit Reticulocyte Lysate)	4	SPECIES
in vitro (Pig Kidney)	4	SPECIES
in vitro (Microsomes Expressing Human CYP Isoenzyme)	4	SPECIES
in vitro (Human Rectum Homogenate)	4	SPECIES
in vitro (Sheep Rectum Homogenate)	4	SPECIES
in vitro (Guinea Pig Rectum Homogenate)	4	SPECIES
in vitro (Rat Vagina Homogenate)	4	SPECIES
in vitro (Guinea Pig Vagina Homogenate)	4	SPECIES
in vitro (Sheep Vagina Homogenate)	4	SPECIES
in vitro (Human Vagina Homogenate)	4	SPECIES
in vitro (Rabbit Vagina)	4	SPECIES
in vitro (Rabbit Thymus Homogenate)	4	SPECIES
in vitro (Rabbit Peripheral Blood Polymorphonuclear Leukocytes)	4	SPECIES
in vitro (Rabbit Peripheral Blood Mononuclear Leukocytes)	4	SPECIES
Rat (Hepatoma AH109A Tumor Bearing)	4	SPECIES
in vitro (Human Kidney Cell Membranes Expressing UGT1A1)	4	SPECIES
in vitro (Human Kidney Cell Membranes Expressing UGT1A7)	4	SPECIES
in vitro (Human Kidney Cell Membranes Expressing UGT1A8)	4	SPECIES
in vitro (Human Kidney Cell Membranes Expressing UGT Isoenzymes)	4	SPECIES
Mouse (PD-1(-/-))	4	SPECIES
in vitro (Mouse Skin S9 Fraction)	4	SPECIES
in vitro (Human Pancreas Carcinoma Cells)	4	SPECIES
in vitro (Rat Testis S9 Fraction)	4	SPECIES
in vitro (Liver Slices)	4	SPECIES
Human (Coronary Artery Disease Patients)	4	SPECIES
in vitro (Human beta-Lymphoblast Cells Expressing CYP3A4)	4	SPECIES
in vitro (Human Intestine and Liver Microsomes)	4	SPECIES
in vitro (Rat Intestine and Liver Microsomes)	4	SPECIES
in vitro (Human Jejunum Microsomes, Female)	4	SPECIES
in vitro (Human Ileum Microsomes, Female)	4	SPECIES
in vitro (Rat Liver Microsomes, Pyrazole Treated)	4	SPECIES
in vitro (Human Stomach Homogenate)	4	SPECIES
in vitro (Mouse Liver Hepatocytes)	4	SPECIES
in vitro (HeLa Cells, R5)	4	SPECIES
in vitro (Chinese Hamster Lung Fibroblast Cells, V-79-473, Anaerobic Cond+	4	SPECIES
in vitro (Human Melanoma Cells, SK-Mel-147)	4	SPECIES
in vitro (Mouse Melanoma Cells, Cultured)	4	SPECIES
in vitro (Human Lymphoblast Cells Expressing Human CYP1A1, CYP2A6, CYP2B6+	4	SPECIES
in vitro (Mouse Brain Homogenate, KIAA1363(-/-))	4	SPECIES
Human (Prostate Cancer Patients)	4	SPECIES
in vitro (Chinese Hamster Ovary UV5 Cells Expressing Human CYP1A2 and NAT+	4	SPECIES
in vitro (Human Colon Carcinoma BE Cells)	4	SPECIES
in vitro (Mouse Keratinocytes, C50)	4	SPECIES
in vitro (Rat Liver Cytosol, Dialyzed)	4	SPECIES
in vitro (Hamster V79 Cells Expressing Mouse CYP1B1)	4	SPECIES
in vitro (Mouse Fibroblasts, Embryonic, Cyp1b1-Null)	4	SPECIES
in vitro (Human Saliva, Acidified)	4	SPECIES
in vitro (Human Gastric Cancer Cells, MKN-28)	4	SPECIES
in vitro (Human Melanoma Cells, 518A2)	4	SPECIES
in vitro (Human Lung Mesothelioma Cells, NCI-H28)	4	SPECIES
in vitro (Human Lung Mesothelioma Cells, NCI-H2452)	4	SPECIES
in vitro (Human Lung Mesothelioma Cells, MSTO-211H)	4	SPECIES
in vitro (Rat Glioblastoma Cells, C6)	4	SPECIES
in vitro (Rat Hepatoma Cells, Fao)	4	SPECIES
in vitro (Human T Cells, Jurkat)	4	SPECIES
in vitro (Human Epidermoid Carcinoma Cells)	4	SPECIES
in vitro (Human Lung Carcinoma Cells, U1810)	4	SPECIES
in vitro (Human Ovary Carcinoma Cells, OVCAR-3)	4	SPECIES
in vitro (Murine Hepatocyte Lysate, TAMH)	4	SPECIES
in vitro (Mouse Pro-B Lymphocytic Cells, FL5.12)	4	SPECIES
in vitro (Rat Mammary Tumor Supernatant)	4	SPECIES
Human (Hypercholesterolemic Hemodialysis Patients)	4	SPECIES
in vitro (Rat Liver Sinusoidal Plasma Membranes)	4	SPECIES
in vitro (Rat Liver Canalicular Plasma Membranes)	4	SPECIES
in vitro (Guinea Pig Liver Sinusoidal Plasma Membranes)	4	SPECIES
in vitro (Guinea Pig Liver Canalicular Plasma Membranes)	4	SPECIES
Human (Chinese, Schizophrenia Patients)	4	SPECIES
in vitro (Human Breast Cancer MCF-7/LT Cells)	4	SPECIES
in vitro (Human Multiple Myeloma Cells, 8226/S)	4	SPECIES
in vitro (Human Myeloma Cells, KMS-11)	4	SPECIES
in vitro (Sheep Placenta)	4	SPECIES
Rhesus Monkey (Neonatal)	4	SPECIES
in vitro (Rat Hepatocytes, Sprague-Dawley, Male)	4	SPECIES
in vitro (Rat Hepatocytes, Sprague-Dawley, Female)	4	SPECIES
in vitro (Mouse Kidney Microsomes, Cyp1a1(-/-))	4	SPECIES
in vitro (Mouse Kidney Microsomes, Cyp1a1/1a2(-/-))	4	SPECIES
in vitro (Mouse Kidney Microsomes, Cyp1a2(-/-))	4	SPECIES
in vitro (Mouse Kidney Microsomes, Wild-Type)	4	SPECIES
in vitro (Mouse Lung Microsomes, Cyp1a1/1a2(-/-))	4	SPECIES
in vitro (Mouse Liver Cytosol, Liver Cytochrome P450 Reductase-Null)	4	SPECIES
in vitro (Mouse Kidney Cytosol, Liver Cytochrome P450 Reductase-Null)	4	SPECIES
in vitro (Rhesus Monkey Liver S9 Fraction)	4	SPECIES
Human (Trypanosomiasis Patients)	4	SPECIES
in vitro (Mouse Neural Progenitor Cells, C17.2)	4	SPECIES
in vitro (Human Microsomes Expressing Human CYP2C8)	4	SPECIES
in vitro (Human Microsomes Expressing Human CYP Isoenzymes)	4	SPECIES
in vitro (Dog Small Intestine S9 Fraction)	4	SPECIES
in vitro (Human Lymphocyte Cell Lines)	4	SPECIES
in vitro (Human B-Lymphoblast Cells)	4	SPECIES
in vitro (Mouse Intestine S9 Fraction, Bcrp1(-/-))	4	SPECIES
in vitro (HeLa Cells Overexpressing Human UGT1A9)	4	SPECIES
in vitro (MDCK-II Cells Expressing Human MRP2 and UGT1A1)	4	SPECIES
in vitro (Chinese Hamster Lung Fibroblast V79 Cells Expressing Rat UGT2B1+	4	SPECIES
in vitro (Rat Astrocyte Microsomes, Neonatal)	4	SPECIES
in vitro (Chinese Hamster Lung Fibroblast V79 Cells Expressing Rat UGT1A6+	4	SPECIES
in vitro (Human Colon Adenocarcinoma Cells, PD7)	4	SPECIES
Human (Cancer Patients, Japanese)	4	SPECIES
in vitro (Human Cholangiocarcinoma Cells, KKU-100)	4	SPECIES
in vitro (Hamster V79 Cells Expressing Human UGT1A1)	4	SPECIES
in vitro (Human Coronary Artery Smooth Muscle Cells)	4	SPECIES
in vitro (Human Leukemia Cells, ML-1)	4	SPECIES
in vitro (Human Leukemia Cells, MOLM-13)	4	SPECIES
in vitro (Human Nasopharynx Carcinoma Cells, HONE-1)	4	SPECIES
in vitro (Human Kidney 293 Cells Expressing Human CYP3A4)	4	SPECIES
in vitro (Human Kidney 293 Cells Expressing Human CYP Isoenzymes)	4	SPECIES
in vitro (Human HeLa Cell Cytosol)	4	SPECIES
in vitro (Rat Heart Cells, Fetal)	4	SPECIES
in vitro (Human Skeletal Muscle Cell Cytosol)	4	SPECIES
in vitro (Human Lung Cancer Cell Lysate, A549)	4	SPECIES
in vitro (Human Lung Cancer Cell Lysate, CH27)	4	SPECIES
in vitro (Mouse Hepatoma Cells, Hepa 1-6)	4	SPECIES
in vitro (Human Colon Fibroblasts, CCD-18)	4	SPECIES
in vitro (Rat Adrenal Pheochromocytoma Cell Lysate, PC-12)	4	SPECIES
in vitro (Human Neuroblastoma Cells Expressing Human alpha-Synuclein, SH-+	4	SPECIES
in vitro (Human Multiple Myeloma Cells, MM.1)	4	SPECIES
in vitro (Human Macrophages and Monocytes)	4	SPECIES
in vitro (Human Macrophages and Monocytes, HIV-1 Infected)	4	SPECIES
in vitro (Human Peripheral Blood T Cells)	4	SPECIES
in vitro (Human Peripheral Blood Cell Lysate, YT)	4	SPECIES
in vitro (Human Kidney Cancer Cells)	4	SPECIES
in vitro (Human T-Lymphoblastoid CEM-SS Cells)	4	SPECIES
Human (Atrial Fibrillation Patients)	4	SPECIES
in vitro (Human Liver Cancer Cells, Huh-7)	4	SPECIES
in vitro (Rat Liver S9 Fraction, Boiled)	4	SPECIES
Mouse (Aldehyde Oxidase-Deficient)	4	SPECIES
in vitro (Human Cell Microsomes, HepaRG)	4	SPECIES
in vitro (Human Breast Adenocarcinoma Cells, MCF7TDX)	4	SPECIES
in vitro (Human Airway Epithelium Cell Membranes, Calu-1)	4	SPECIES
in vitro (Human Airway Epithelium Cell Cytosol, Calu-1)	4	SPECIES
in vitro (Human Liver Microsomes, CYP2D6-Null)	4	SPECIES
in vitro (Human B-Lymphoblastoid Cells Expressing Human CYP2E1 and Human +	4	SPECIES
in vitro (Human B-Lymphoblastoid Cells Expressing Human CYP2C9 and Human +	4	SPECIES
in vitro (Mouse Mammary Carcinoma Cells, EMT6-NTR)	4	SPECIES
in vitro (Human Lymphoma Cell Homogenate, CEM)	4	SPECIES
in vitro (Human Breast Cancer Cell Homogenate, BT-20)	4	SPECIES
in vitro (Human Glioblastoma Cell Homogenate, T98)	4	SPECIES
in vitro (Human Leukemia Cell Homogenate, Nalm-6)	4	SPECIES
Mouse (Transgenic, Oatp1a/1b Knockout, Human OATP1B1)	4	SPECIES
Mouse (Transgenic, Oatp1a/1b Knockout, Human OATP1B3)	4	SPECIES
in vitro (Rabbit Liver Fractions)	4	SPECIES
in vitro (Rabbit Eye S9 Fraction)	4	SPECIES
in vitro (Rat Eye S9 Fraction)	4	SPECIES
in vitro (HEK 293 Cell Mitochondria)	4	SPECIES
in vitro (Human Leukemia CEM Cell Extracts)	4	SPECIES
in vitro (Human Cervix Adenocarcinoma Cells, HeLa)	4	SPECIES
in vitro (HEK 293 Cells Expressing Human AKR1C2)	4	SPECIES
in vitro (HEK 293 Cells Expressing Human AKR1C3)	4	SPECIES
in vitro (HEK 293 Cells Expressing Human AKR1C4)	4	SPECIES
in vitro (Human Tumor Cells, MDA-231)	4	SPECIES
Deer Mouse	4	SPECIES
Human (Gastric Ulcer Patients)	4	SPECIES
Mouse (Human Hepatocellular SMMC-7721 Tumor Bearing)	4	SPECIES
in vitro (Human T Lymphocytes, CD4+)	4	SPECIES
Human (Chronic Obstructive Pulmonary Disease Patients)	4	SPECIES
Human (Diabetic, Renal Impairment Patients)	4	SPECIES
Bird (Kestrel)	4	SPECIES
Dog (Non-Hodgkin's Lymphoma Bearing)	4	SPECIES
in vitro (Human T-Cells)	4	SPECIES
in vitro (Dog T-Cells)	4	SPECIES
in vitro (Human Colon Carcinoma Cell S9 Fraction, HT-29)	4	SPECIES
Pig (Bile Duct Cannulated)	4	SPECIES
in vitro (Vero E6 Cells)	4	SPECIES
Mouse (Human DU-145 Tumor Bearing)	4	SPECIES
in vitro (Rat Adrenal Mitochondria and Liver Microsomes)	4	SPECIES
in vitro (Rat Cecum Contents, Anaerobic Conditions)	4	SPECIES
in vitro (Rat Liver Microsomes, Slow Metabolizer)	4	SPECIES
in vitro (Rat Liver Microsomes, Fast Metabolizer)	4	SPECIES
Guinea Pig (Asthmatic)	4	SPECIES
in vitro (Rat Liver Microsomes, Female, Hypophysectomized)	3	SPECIES
in vitro (Rat Kidney Microsomes, Female, Ovariectomized)	3	SPECIES
in vitro (Lymphoblast Cells Expressing Human CYP2B6)	3	SPECIES
in vitro (Lymphoblast Cells Expressing Human CYP Isoenzymes)	3	SPECIES
in vitro (Hep G2 Cell Microsomes Expressing Human CYP3A4)	3	SPECIES
Mouse (Liver Injury-Induced)	3	SPECIES
in vitro (Hamster Lung Fibroblast V79 Cells Expressing Human UGT2B7)	3	SPECIES
in vitro (Human Eye Vitreous Humor)	3	SPECIES
Human (Children and Adolescent)	3	SPECIES
Rabbit (Diabetic)	3	SPECIES
in vitro (Pig Hepatocytes, Monolayer)	3	SPECIES
in vitro (Human Lymphoblast Cells Expressing Human CYP2C19)	3	SPECIES
in vitro (Hep G2 Cell Membranes Expressing Rabbit CYP4B1)	3	SPECIES
Sheep (10 Days)	3	SPECIES
Sheep (2 Months)	3	SPECIES
Sheep (Adult)	3	SPECIES
in vitro (Mouse Cells, 3T3-L1)	3	SPECIES
in vitro (Chinese Hamster Lung Fibroblast V79 Cells Expressing Human UGT1+	3	SPECIES
in vitro (Human Kidney HK 293 Cells, Transfected)	3	SPECIES
in vitro (Human Lymphocyte Membranes)	3	SPECIES
Human (Chinese Dai)	3	SPECIES
in vitro (Rat CYP2C11)	3	SPECIES
in vitro (Rat CYP3A1)	3	SPECIES
in vitro (Rat CYP3A2)	3	SPECIES
in vitro (Microsomes Expressing Human CYP Isoenzymes)	3	SPECIES
in vitro (Human Lymphoblast Cell Microsomes Expressing Human CYP3A4 and C+	3	SPECIES
Human (Female, Depression Patients)	3	SPECIES
in vitro (Rhesus Monkey Liver Homogenate)	3	SPECIES
in vitro (Bovine Adrenal Methyltransferase)	3	SPECIES
Mouse (Transgenic, Nat1/2(-/-), Human NAT2)	3	SPECIES
in vitro (Mouse Liver Cytosol, Transgenic, Nat1/2(-/-), Human NAT2)	3	SPECIES
in vitro (Mouse Colon Cytosol, Transgenic, Nat1/2(-/-), Human NAT2)	3	SPECIES
in vitro (Mouse Liver, Cbs(+/-))	3	SPECIES
in vitro (Rat Breast Cytosol)	3	SPECIES
in vitro (Rat Leukocyte Cytosol)	3	SPECIES
in vitro (Mouse Liver Cytosol, Chimeric)	3	SPECIES
in vitro (Human Liver Cytosol, Extensive Metabolizer)	3	SPECIES
in vitro (Human Liver Cytosol, Poor Metabolizer)	3	SPECIES
Tasmanian Devil	3	SPECIES
Pademelon	3	SPECIES
Echidna	3	SPECIES
Mouse (uPA-NOG, Chimeric, Humanized Liver)	3	SPECIES
Mouse (uPA-NOG)	3	SPECIES
in vitro (Hep G2 Cell Microsomes Expressing Human CYP Isoenzymes)	3	SPECIES
in vitro (Human Jejunum)	3	SPECIES
in vitro (Human Hep G2 Cell Homogenate)	3	SPECIES
in vitro (CHOP Cells, Transfected)	3	SPECIES
in vitro (Human Mammary Gland)	3	SPECIES
in vitro (Mouse Liver, Chimeric)	3	SPECIES
in vitro (Human Liver Carcinoma)	3	SPECIES
in vitro (Hep G2 Cells Expressing Human CYP2C9-Cys144)	3	SPECIES
in vitro (Human Microsomes, Hep G2)	3	SPECIES
in vitro (Human Recombinant Cytochrome P450)	3	SPECIES
in vitro (Monkey Kidney Cells, COS-7, Transfected)	3	SPECIES
in vitro (Mouse Liver Microsomes, Transgenic, Human CYP2D6.2)	3	SPECIES
in vitro (Rat Liver Microsomes, Bilateral Ureter Ligated)	3	SPECIES
in vitro (Rat Liver Microsomes, Glycerol Treated)	3	SPECIES
in vitro (Rat Liver Microsomes, Cisplatin Treated)	3	SPECIES
Mouse (Fmo1/2/4-Null)	3	SPECIES
in vitro (Hep G2 Cell Cytosol Expressing Human CYP3A4)	3	SPECIES
in vitro (Hep G2 Cell Cytosol Expressing Human CYP2E1)	3	SPECIES
in vitro (Human Carcinoma Caco-2 Cells)	3	SPECIES
in vitro (Mouse Brain Astrocytes)	3	SPECIES
in vitro (Human Gingiva Microsomes)	3	SPECIES
in vitro (Fish Gill S9 Fraction)	3	SPECIES
Human (Children, Preterm Infants)	3	SPECIES
in vitro (Human Liver Microsomes, Immobilized)	3	SPECIES
in vitro (Monkey Liver Microsomes, Immobilized)	3	SPECIES
in vitro (Rabbit Liver Microsomes, Immobilized)	3	SPECIES
in vitro (Bovine Heart Arterial Microsomes)	3	SPECIES
in vitro (Yeast Microsomes)	3	SPECIES
Human (Brain-Injured Patients)	3	SPECIES
in vitro (Human Adrenal Cortex Cells, Fetal, Cultured)	3	SPECIES
in vitro (Mouse Liver Microsomes, Infected)	3	SPECIES
in vitro (Guinea Pig Liver Microsomes, Ascorbic Acid Treated)	3	SPECIES
in vitro (Mouse Kidney Microsomes, CCl4 Treated)	3	SPECIES
in vitro (Rat Liver Microsomes, Indomethacin Treated)	3	SPECIES
Rat (Hepatectomized)	3	SPECIES
in vitro (Rat Liver Cytochrome P4502E1)	3	SPECIES
in vitro (Human Kidney 293T Cells Expressing Human Carboxylesterase 2, Em+	3	SPECIES
Human (Mestician)	3	SPECIES
Human (Otomi)	3	SPECIES
in vitro (Human Plasma, Emaciated)	3	SPECIES
in vitro (Clethrionomys Rufocanus Liver Microsomes)	3	SPECIES
in vitro (Human AHH1-TK+/- Cells)	3	SPECIES
in vitro (COS-7 Cell Homogenate Expressing Human UGT1A4)	3	SPECIES
Mouse (Trangenic, Expressing Human UGT1)	3	SPECIES
Mouse (Transgenic, Expressing Human UGT1A1*28)	3	SPECIES
in vitro (Mouse Liver Microsomes, Transgenic, Expressing Human UGT1A1*28)	3	SPECIES
in vitro (Human Kidney 293 Cell Lysate Expressing Human UGT1A1, Embryonic+	3	SPECIES
in vitro (Human Kidney 293 Cell Lysate Expressing Human UGT1A6, Embryonic+	3	SPECIES
in vitro (Human Kidney 293 Cell Lysate Expressing Human UGT1A9, Embryonic+	3	SPECIES
in vitro (Human Kidney 293 Cell Lysate Expressing Human UGT2B7, Embryonic+	3	SPECIES
in vitro (Cattle Aorta Endothelial Cells)	3	SPECIES
in vitro (Fish Liver Cytosol, Coho Salmon)	3	SPECIES
in vitro (Fish Liver Cytosol, Bullhead)	3	SPECIES
in vitro (Human Breast Cancer Cell Cytosol, Doxorubicin Resistant)	3	SPECIES
in vitro (Antechinus Liver Cytosol)	3	SPECIES
in vitro (Rat Brain Frontal Cortex Microsomes)	3	SPECIES
in vitro (Rat Parietal Cortex Microsomes)	3	SPECIES
in vitro (Rat Medulla Oblongata Microsomes)	3	SPECIES
in vitro (Rat Piriform Cortex Microsomes)	3	SPECIES
in vitro (Rat Oflactory Bulb Microsomes)	3	SPECIES
in vitro (Rat Liver Perfusion, Wistar TR- Strain)	3	SPECIES
in vitro (Rat Duodenum Microsomes, Female)	3	SPECIES
in vitro (Rat Jejunum Microsomes, Female)	3	SPECIES
in vitro (Rat Ileum Microsomes, Female)	3	SPECIES
in vitro (Rat Colon Microsomes, Female)	3	SPECIES
in vitro (Mouse Stomach Microsomes)	3	SPECIES
in vitro (Lymphoblastoid Cell Microsomes Expressing Human CYP1A2)	3	SPECIES
in vitro (Lymphoblastoid Cell Microsomes Expressing Human CYP2B6)	3	SPECIES
in vitro (Lymphoblastoid Cell Microsomes Expressing Human CYP3A4)	3	SPECIES
in vitro (Lymphoblastoid Cell Microsomes Expressing Human CYP2A6)	3	SPECIES
in vitro (Lymphoblastoid Cell Microsomes Expressing Human CYP2E1)	3	SPECIES
in vitro (Human Liver Epithelium THLE Cells Expressing Human CYP2C9)	3	SPECIES
in vitro (Human Bronchial Epithelium Cells, Calu-3)	3	SPECIES
Human (Children, Extensive Metabolizer)	3	SPECIES
Human (Children, Poor Metabolizer)	3	SPECIES
Insect	3	SPECIES
in vitro (Human Duodenum S9 Fraction)	3	SPECIES
in vitro (Mouse Liver S9 Fraction, Female, Virgin)	3	SPECIES
in vitro (Mouse Liver Cytosol, Nrf2-Null)	3	SPECIES
in vitro (Mouse Liver Cytosol, Keap1 Knockdown)	3	SPECIES
Rat (Superoxide Dismutase 2 Knockdown)	3	SPECIES
in vitro (Human Colon Cancer Cells, LS180)	3	SPECIES
Mouse (SWR)	3	SPECIES
Mouse (C3HA)	3	SPECIES
Mouse (AKR)	3	SPECIES
in vitro (Rat Liver Cytosol, Female, Ovariectomized)	3	SPECIES
in vitro (Rat Liver Cytosol, Male, Castrated)	3	SPECIES
in vitro (Rat Upper Small Intestine Segment Perfusion)	3	SPECIES
in vitro (Rat Middle Small Intestine Segment Perfusion)	3	SPECIES
in vitro (Rat Lower Small Intestine Segment Perfusion)	3	SPECIES
in vitro (Mouse Liver Microsomes, Female, Wild-Type)	3	SPECIES
in vitro (Mouse Liver Microsomes, Nrf2-Null)	3	SPECIES
in vitro (Mouse Liver Microsomes, Keap1 Knockdown)	3	SPECIES
in vitro (Human Plasma and Rat Liver Microsomes)	3	SPECIES
in vitro (Mouse Liver Cytosol, GST P-Deficient)	3	SPECIES
in vitro (Hep G2 Cell Microsomes Expressing Human CYP)	3	SPECIES
Mouse (GPX1(-/-))	3	SPECIES
Mouse (SOD1(-/-))	3	SPECIES
Mouse (GPX1(-/-), SOD1(-/-))	3	SPECIES
in vitro (Steller Sea Lion Liver Microsomes)	3	SPECIES
in vitro (Northern Fur Seal Liver Microsomes)	3	SPECIES
in vitro (Caspian Seal Liver Microsomes)	3	SPECIES
in vitro (COS-7 Cell Homogenate Expressing Human UGT1A7)	3	SPECIES
in vitro (COS-7 Cell Homogenate Expressing Human UGT1A8)	3	SPECIES
in vitro (COS-7 Cell Homogenate Expressing Human UGT1A10)	3	SPECIES
in vitro (Human Liver Microsomes, Alamethicin Treated)	3	SPECIES
in vitro (Human Kidney Microsomes, Alamethicin Treated)	3	SPECIES
in vitro (Human Small Intestine Microsomes, Alamethicin Treated)	3	SPECIES
in vitro (Rat Kidney, Male)	3	SPECIES
in vitro (Rat Kidney, Female)	3	SPECIES
Human (Children, Crohn's Disease Patients)	3	SPECIES
in vitro (Caco-2 Clone TC7 Cells and Human Hepatocytes, Cocultured)	3	SPECIES
in vitro (Human Liver Cells, C3A)	3	SPECIES
in vitro (Human B-Lymphoblast Cell Microsomes Expressing Human CYP1A2)	3	SPECIES
in vitro (Human B-Lymphoblast Cell Microsomes Expressing Human CYP3A4)	3	SPECIES
in vitro (Human Lymphoblastoid Cell Microsomes Expressing Human CYP2E1)	3	SPECIES
in vitro (COS-7 Cells Expressing Human CYP1A2)	3	SPECIES
in vitro (Pig Intestinal Juice)	3	SPECIES
in vitro (Human Myeloid Leukemia Cells, MV-4-11)	3	SPECIES
in vitro (Human Myeloid Leukemia Cells, OCI-AML3)	3	SPECIES
in vitro (LLC-PK1 Cells Expressing Mrp8)	3	SPECIES
in vitro (Human Acute Megakaryocytic Leukemia Cells, Down Syndrome Patien+	3	SPECIES
in vitro (Human Acute Megakaryocytic Leukemia Cells Expressing GATA1, Dow+	3	SPECIES
in vitro (Human Placenta Cytidine Deaminase)	3	SPECIES
in vitro (Human Colorectal Carcinoma Cells, HCT 116, Transfected)	3	SPECIES
in vitro (Human Kidney Carcinoma Cells, A498)	3	SPECIES
in vitro (Human Pancreas Carcinoma Cytosol)	3	SPECIES
in vitro (Human Pancreas Carcinoma Microsomes)	3	SPECIES
in vitro (Human Pancreas Carcinoma Nuclei)	3	SPECIES
in vitro (Rabbit Small Intestine)	3	SPECIES
in vitro (Human Leukemia Cells, CEM/C2)	3	SPECIES
in vitro (Mouse NS-1 Cells)	3	SPECIES
in vitro (Mouse Bone Marrow)	3	SPECIES
in vitro (Human Breast Adenocarcinoma Cell Cytosol, MCF-7)	3	SPECIES
in vitro (Human Uterus Sarcoma Cells, MES-SA)	3	SPECIES
in vitro (Human Myocardium Supernatant)	3	SPECIES
Rat (Old)	3	SPECIES
in vitro (Human Hepatoma Hep G2 Cell Mitochondria)	3	SPECIES
Rat (9L Tumor Bearing)	3	SPECIES
in vitro (Human Breast Carcinoma Microsomes)	3	SPECIES
in vitro (Hamster Esophagus Microsomes)	3	SPECIES
in vitro (Hepatocytes, Cryopreserved)	3	SPECIES
in vitro (Deer Liver Slices)	3	SPECIES
in vitro (Rabbit Parotid Gland Microsomes)	3	SPECIES
in vitro (Human Lung Adenocarcinoma Cell S9 Fraction, CL5)	3	SPECIES
in vitro (Human Placenta, Female, Pregnant)	3	SPECIES
in vitro (Tilapia Liver Microsomes)	3	SPECIES
in vitro (Rat Liver Tumor Cells)	3	SPECIES
in vitro (Human Jejunum Mucosa Homogenate)	3	SPECIES
in vitro (Rat Hepatocytes Perfusion)	3	SPECIES
in vitro (Marmoset Liver Homogenate)	3	SPECIES
in vitro (Rat Liver Microsomes, Human Flora Associated)	3	SPECIES
in vitro (Guinea Pig Lung Supernatant)	3	SPECIES
in vitro (Human Glioblastoma Cells, T98G)	3	SPECIES
in vitro (Human Lung Epithelium Cells, L132)	3	SPECIES
in vitro (Human Alveole Macrophages and Human Lung Epithelium Cells, L132+	3	SPECIES
in vitro (Human Pancreas Duct Epithelium Cells, HPDE6-C7)	3	SPECIES
in vitro (Rat Kidney Glomerular Mesangial Cells, Cultured)	3	SPECIES
in vitro (Human Hematopoietic Cells, CD34+)	3	SPECIES
in vitro (Human Colon Adenocarcinoma Cells, Caco-2, Clone TC7)	3	SPECIES
in vitro (Rat Oral Cavity Tissue Microsomes)	3	SPECIES
in vitro (Human Lung Carcinoma Cells, NCI-H322)	3	SPECIES
in vitro (Rat Liver Myofibroblast Cells)	3	SPECIES
in vitro (Human Monocyte Microsomes)	3	SPECIES
in vitro (Guinea Pig Adrenal Cortex Microsomes, Reticularis, English Shor+	3	SPECIES
in vitro (Guinea Pig Adrenal Cortex Microsomes, Reticularis, Strain 13)	3	SPECIES
in vitro (Rat Liver Microsomes, Developing Neonatal)	3	SPECIES
Rat (Sprague-Dawley, Bile Duct Cannulated)	3	SPECIES
Rat (Gunn, Bile Duct Cannulated)	3	SPECIES
Hamster (Bile Duct and Bladder Ligated)	3	SPECIES
Guinea Pig (Bile Duct and Bladder Ligated)	3	SPECIES
in vitro (Rat Hepatoma 5L Cells)	3	SPECIES
in vitro (Human Small Intestine Contents)	3	SPECIES
in vitro (Human Hep G2 Cells Expressing Human CYP2A6)	3	SPECIES
in vitro (Human Liver Hepatocytes, Cultured)	3	SPECIES
in vitro (Mouse Liver Microsomes, Chimeric, Cyp3a(-/-)/ Cyp3a13(+/+))	3	SPECIES
in vitro (Mouse Intestine Microsomes, Chimeric, Cyp3a(-/-)/ Cyp3a13(+/+))	3	SPECIES
Bird (Pheasant)	3	SPECIES
in vitro (Monkey Small Intestine)	3	SPECIES
in vitro (Human Hep G2 Cell Microsomes, Transfected)	3	SPECIES
in vitro (LLC-PK1 Cell Lysate, Transfected)	3	SPECIES
in vitro (Human Cell Lysate, Caco-2, Transfected)	3	SPECIES
in vitro (Human Cell Microsomes, Caco-2, Transfected)	3	SPECIES
in vitro (Rat Liver Microsomes, Chronic Kidney Disease)	3	SPECIES
in vitro (Chicken Intestine Microsomes)	3	SPECIES
in vitro (Mouse Liver Microsomes, Oatp1b2 Knockout)	3	SPECIES
in vitro (Human Hepatocytes Expressing Human PGRMC1)	3	SPECIES
in vitro (Rat Liver Microsomes, Liver Transplanted)	3	SPECIES
in vitro (Human Hepatoma Cell Microsomes, Hep G2, 0-Week Confluent)	3	SPECIES
in vitro (Human Hepatoma Cell Microsomes, Hep G2, 4-Week Confluent)	3	SPECIES
in vitro (Hep G2 Cells Expressing Human PXR)	3	SPECIES
in vitro (Human Lymphoblast Cell Microsomes Expressing Human CYP3A5)	3	SPECIES
Mouse (Abcb1a(-/-))	3	SPECIES
Human (Leishmaniasis Patients)	3	SPECIES
in vitro (Human Lymphoblast Microsomes Expressing Human CYP2C19)	3	SPECIES
in vitro (Mouse Liver Isozymes)	3	SPECIES
in vitro (Dog Adrenal Gland Perfusion)	3	SPECIES
in vitro (Mouse Leukemia Cell Extract, L1210)	3	SPECIES
Human (Children, Acute Lymphoblastic Leukemia Patients)	3	SPECIES
in vitro (Human Colorectum Homogenate)	3	SPECIES
in vitro (Human Colorectum Tumor Homogenate)	3	SPECIES
in vitro (Human Tissue Supernatant)	3	SPECIES
in vitro (Monkey Brain Cytosol)	3	SPECIES
in vitro (Rat AHH-1 TK+/- Cell Microsomes)	3	SPECIES
in vitro (Rat AHH-1 TK+/- Cell Microsomes Cytochrome P450)	3	SPECIES
in vitro (Human Lymphoblast Cell Microsomes Cytochrome P450)	3	SPECIES
in vitro (Cell Line V79 without Cytochrome P450)	3	SPECIES
in vitro (Bovine Liver Supernatant)	3	SPECIES
in vitro (HEK 293 Cell S9 Fraction Expressing Human UGT2B7)	3	SPECIES
in vitro (HEK 293 Cell S9 Fraction Expressing Human UGT2B7, Mutant)	3	SPECIES
in vitro (COS-7 Cell Microsomes Expressing Human UGT1A1)	3	SPECIES
in vitro (Guinea Pig Intestine Epithelium Cells)	3	SPECIES
Rat (Opiate-Dependent)	3	SPECIES
in vitro (Rat Liver Cell Reticulum)	3	SPECIES
in vitro (Rat Liver Cell Plasma Membranes)	3	SPECIES
in vitro (Human Lymphoblast Cell Microsomes Expressing CYP1A2)	3	SPECIES
in vitro (HT-29 Cells, Transfected)	3	SPECIES
Mouse (Abcb1a/1b(-/-)/Abcc2(-/-))	3	SPECIES
in vitro (Human beta-Lymphoblast Cells)	3	SPECIES
Human (Sleep Deprived)	3	SPECIES
Human (Congestive Heart Failure and Renal Impairment Patients)	3	SPECIES
Human (Congestive Heart Failure and Hepatic Impairment Patients)	3	SPECIES
Human (Congestive Heart Failure and Renal and Hepatic Impairment Patients+	3	SPECIES
in vitro (Human Liver Microsomes, High CYP3A Activity)	3	SPECIES
in vitro (Human Liver Microsomes, Low CYP3A Activity)	3	SPECIES
in vitro (Human Lymphoblastoid Cells Expressing Human CYP2C9)	3	SPECIES
in vitro (Human Lymphoblastoid Cells Expressing Human CYP1A2)	3	SPECIES
in vitro (Rat Liver Microsomes, Spironolactone Treated)	3	SPECIES
in vitro (Rat Blood Vessel Perfusion)	3	SPECIES
in vitro (Mouse Jejunum Cytosol)	3	SPECIES
in vitro (Human Cytotrophoblast Cells)	3	SPECIES
in vitro (Fish Liver Cytosol, Red Millet)	3	SPECIES
in vitro (Fish Liver Cytosol, Four-Spotted Megrim)	3	SPECIES
in vitro (Rat Liver Perfusion, Bile Duct Cannulated)	3	SPECIES
in vitro (Rat Liver Perfusion, Cirrhotic)	3	SPECIES
in vitro (Human Adenocarcinoma ISH Cell Cytosol, Transfected)	3	SPECIES
in vitro (Rat Liver Microsomes, Immature)	3	SPECIES
in vitro (Mouse Liver Microsomes, Liver Injury-Induced)	3	SPECIES
in vitro (Mouse Liver Microsomes, STK(-/-))	3	SPECIES
in vitro (Mouse Liver Microsomes, Cyp2a5(-/-))	3	SPECIES
in vitro (Bird Liver Microsomes, Shelduck)	3	SPECIES
in vitro (Bird Liver Microsomes, Gull)	3	SPECIES
in vitro (Racoon Dog Liver Microsomes)	3	SPECIES
in vitro (Mouse Ovary Homogenate)	3	SPECIES
in vitro (Rat Respiratory Nasal Mucosa Cytosol)	3	SPECIES
in vitro (Rat Olfactory Nasal Mucosa Cytosol)	3	SPECIES
in vitro (Rat Liver Perfusion, 3-6 Months)	3	SPECIES
in vitro (Rat Liver Perfusion, 22-25 Months)	3	SPECIES
in vitro (Fish Hepatocytes, Cryopreserved)	3	SPECIES
in vitro (Human Kidney HEK 293T Cells Expressing Fish UGT1A4)	3	SPECIES
in vitro (Human Kidney HEK 293T Cells Expressing Fish UGT1A7)	3	SPECIES
in vitro (Human Kidney HEK 293T Cells Expressing Fish UGT1B2)	3	SPECIES
in vitro (Human Kidney HEK 293T Cells Expressing Fish UGT2B3)	3	SPECIES
in vitro (Human Kidney HEK 293T Cells Expressing Fish UGT2B6)	3	SPECIES
in vitro (HEK 293 Cells Expressing Human UGT1A9 Mutants)	3	SPECIES
in vitro (Mouse Lung Homogenate, Lung Cancer Bearing)	3	SPECIES
in vitro (Mouse Liver Homogenate, Lung Cancer Bearing)	3	SPECIES
in vitro (Human Gastrointestinal Tract Microsomes)	3	SPECIES
in vitro (Rat Liver Microsomes, UGT1-Deficient)	3	SPECIES
in vitro (Human Lymphoblast Cells Expressing UDP-Glucuronosyltransferase)	3	SPECIES
in vitro (Rat Liver Perfusion, Food Restricted)	3	SPECIES
in vitro (Chicken Aorta Homogenate)	3	SPECIES
Mouse (Cytb5(-/-))	3	SPECIES
in vitro (Human Breast Cancer Cells, MCF-7, Methotrexate Resistant)	3	SPECIES
in vitro (Human Fecal Bacteria)	3	SPECIES
in vitro (Rabbit Feces)	3	SPECIES
in vitro (Pig Feces)	3	SPECIES
Mouse (Colon 26 Tumor Cells Inoculated)	3	SPECIES
in vitro (Human Breast Cancer Cells, KPL-1)	3	SPECIES
in vitro (Mouse Colon Adenocarcinoma Cells)	3	SPECIES
in vitro (Human Colon Carcinoma Homogenate)	3	SPECIES
in vitro (Human Cancer Cells, Colo-1)	3	SPECIES
in vitro (Human Cancer WIDR Cells)	3	SPECIES
in vitro (Caco-2 Cell Homogenate, Transfected)	3	SPECIES
in vitro (Human Colon Mucosa Sheets)	3	SPECIES
Mouse (Phenylalanine Hydroxylase-Deficient)	3	SPECIES
Human (Chronic Heart Failure Patients)	3	SPECIES
in vitro (Thyroid Peroxidase)	3	SPECIES
in vitro (Pig Microsomes)	3	SPECIES
in vitro (Plant Cells)	3	SPECIES
in vitro (Pig Liver Slices)	3	SPECIES
Mouse (Cyp2a(4/5)bgs-Null)	3	SPECIES
Human (Female, Lactating, Smoker)	3	SPECIES
Human (Female, Lactating, Non-Smoker)	3	SPECIES
Rat (Pigmented)	3	SPECIES
in vitro (Fish Liver Cytosol, Catfish)	3	SPECIES
in vitro (Human Kidney Cell Lysate, HEK 293, Transfected)	3	SPECIES
in vitro (Human Kidney 293 Cell Microsomes, Transfected)	3	SPECIES
in vitro (COS-1 Cell Membranes, Transfected)	3	SPECIES
in vitro (H295R Cells)	3	SPECIES
in vitro (Pig Limb Perfusion)	3	SPECIES
in vitro (Fish Gonad Microsomes)	3	SPECIES
in vitro (Rat Liver Microsomes, ACI)	3	SPECIES
in vitro (Human Breast Cancer Cells, MDA-MB-157)	3	SPECIES
in vitro (Rat Mammary Tumor Cytosol)	3	SPECIES
in vitro (Human Ovary Cancer Cells, OVCAR-3)	3	SPECIES
in vitro (Pig Skeletal Muscle Homogenate)	3	SPECIES
in vitro (Pig Lung Homogenate)	3	SPECIES
in vitro (Human Granulosa-Luteal Cell Cytosol)	3	SPECIES
in vitro (Human Ovary Stroma Cytosol)	3	SPECIES
in vitro (Human Granulosa-Luteal Cell Microsomes)	3	SPECIES
in vitro (Human Ovary Stroma Microsomes)	3	SPECIES
in vitro (Human Breast Epithelium 184A1 Cells)	3	SPECIES
in vitro (Mouse Vomeronasal Mucosa Microsomes)	3	SPECIES
in vitro (Human Mammary Epithelium Cell Lysate, MCF-10A)	3	SPECIES
in vitro (Human Cecum Cytosol)	3	SPECIES
in vitro (Human Endometrial Adenocarcinoma Cell Lysate, Ishikawa)	3	SPECIES
in vitro (Human Intestine Carcinoma Cell Cytosol, Caco-2)	3	SPECIES
in vitro (Mouse Liver Microsomes, Lrat(-/-))	3	SPECIES
in vitro (Rat Liver Microsomes, Dietary Selenium- and Iodine-Deficient)	3	SPECIES
in vitro (Mouse Liver Microsomes, rasH2)	3	SPECIES
in vitro (Human Hepatoblastoma Hep G2 Cells Expressing Human CYP2E1)	3	SPECIES
in vitro (Rabbit Maxilloturbinate Microsomes)	3	SPECIES
in vitro (Rabbit Ethmoturbinate Microsomes)	3	SPECIES
in vitro (Rabbit Nasopharynx Mucosa Microsomes)	3	SPECIES
in vitro (Rabbit Larynx Mucosa Microsomes)	3	SPECIES
in vitro (Rabbit Trachea Microsomes)	3	SPECIES
in vitro (Rabbit Carina Microsomes)	3	SPECIES
in vitro (Rabbit Bronchiole Microsomes)	3	SPECIES
in vitro (Rabbit Pleura Microsomes)	3	SPECIES
in vitro (Rabbit Nasal Microsomes)	3	SPECIES
in vitro (Guinea Pig Liver Microsomes, Female)	3	SPECIES
in vitro (Guinea Pig Liver Microsomes, Embryonic)	3	SPECIES
in vitro (Guinea Pig Liver Microsomes, Neonatal)	3	SPECIES
in vitro (No Animal Indicated)	3	SPECIES
in vitro (Chinese Hamster Ovary Cells, UV5, Transfected)	3	SPECIES
in vitro (Pig Bladder Epithelium Cell Cytosol)	3	SPECIES
in vitro (Human Urothelial Cell Cytosol, 5637)	3	SPECIES
in vitro (Human Epidermis Keratinocyte Lysate)	3	SPECIES
in vitro (Mouse Adrenal Gland Homogenate)	3	SPECIES
in vitro (Human Breast Cancer Cells, BC-M1)	3	SPECIES
in vitro (Human Stomach Adenocarcinoma Cells, SC-M1)	3	SPECIES
in vitro (Human Bladder Carcinoma Cells, TSGH 8301)	3	SPECIES
in vitro (Mouse Mononuclear Leukocytes)	3	SPECIES
in vitro (Lake Trout Liver Microsomes)	3	SPECIES
Goldenorfe Ide	3	SPECIES
in vitro (Human AHH-1 TK+/- B-Lymphoblastoid Cells, Transfected)	3	SPECIES
in vitro (COS-7 Cells Expressing Human CYP2E1)	3	SPECIES
in vitro (Rat Ileum Cytosol)	3	SPECIES
in vitro (Rat Ovary Follicle Cells)	3	SPECIES
in vitro (Human Gastric Mucosa Cells)	3	SPECIES
in vitro (Human Colon Carcinoma Cell Microsomes, Caco-2)	3	SPECIES
in vitro (Human Pharynx Mucosa)	3	SPECIES
in vitro (Human Oropharynx Cancer Cells)	3	SPECIES
in vitro (Mouse Adipose Tissue Microsomes)	3	SPECIES
in vitro (Mouse Epididymis Cytosol)	3	SPECIES
Mouse (Transgenic, Human OATP1A2)	3	SPECIES
Mouse (B16 Melanoma Implanted)	3	SPECIES
Rat (Jcl:SD Strain)	3	SPECIES
Rat (Crj:SD Strain)	3	SPECIES
in vitro (Rabbit Aldehyde Oxidase)	3	SPECIES
in vitro (Mouse Aldehyde Oxidase)	3	SPECIES
in vitro (Guinea Pig Aldehyde Oxidase)	3	SPECIES
in vitro (Rat Aldehyde Oxidase)	3	SPECIES
in vitro (Human Bronchial Epithelium Cell Homogenate)	3	SPECIES
Human (Cancer Patients, Obese)	3	SPECIES
Mouse (Extrahepatic NADPH-Cytochrome P450 Reductase-Low)	3	SPECIES
in vitro (Guinea Pig Atrium of the Heart)	3	SPECIES
in vitro (Chicken)	3	SPECIES
in vitro (Human B-Lymphoblastoid Cells Expressing CYP Isoenzymes)	3	SPECIES
in vitro (Rat Liver Microsomes, Phenobarbital Treated, Anaerobic Conditio+	3	SPECIES
in vitro (Methylocystis sp. M)	3	SPECIES
in vitro (HEK 293 Cells Expressing NT5E)	3	SPECIES
in vitro (Rat Liver Microsomes, 7 Months)	3	SPECIES
in vitro (Rat Liver Microsomes, 24 Months)	3	SPECIES
in vitro (Rat Brain Microsomes, Fetal)	3	SPECIES
in vitro (Lymphoblast Cell Microsomes)	3	SPECIES
in vitro (Lymphoblast Cell Microsomes Expressing Human CYP Isoenzymes)	3	SPECIES
in vitro (Marmoset Liver Microsomes, Male)	3	SPECIES
in vitro (Marmoset Liver Microsomes, Female)	3	SPECIES
in vitro (Catfish Kidney Microsomes)	3	SPECIES
in vitro (COS-1 Cells Expressing Rat CYP4A2)	3	SPECIES
in vitro (COS-1 Cells Expressing Rat CYP4A1)	3	SPECIES
in vitro (Mouse Hepatocyte Cells, H2.35)	3	SPECIES
in vitro (COS-1 Cells Expressing Human CYP2B6)	3	SPECIES
in vitro (Human Ileum and Jejunum Microsomes)	3	SPECIES
in vitro (Mouse Liver Microsomes, CAR-Null)	3	SPECIES
in vitro (beta-Lymphoblastoid Cell Microsomes Expressing Human CYP3A4)	3	SPECIES
in vitro (beta-Lymphoblastoid Cell Microsomes Expressing Human CYP2C9)	3	SPECIES
in vitro (B-Lymphoblastoid Cells Expressing Rat CYP2A1)	3	SPECIES
in vitro (B-Lymphoblastoid Cells Expressing Human CYP2D6)	3	SPECIES
in vitro (B-Lymphoblastoid Cells Expressing Human CYP3A4)	3	SPECIES
in vitro (Human Placenta Perfusion, Female, Pregnant)	3	SPECIES
Mouse (Sarcoma Xenograft Bearing)	3	SPECIES
Human (Peripheral Arterial Disease Patients)	3	SPECIES
in vitro (Human Kidney HEK 293T Cells Expressing Fish UGT1B7)	3	SPECIES
in vitro (Human Kidney 293 Cells, Embryonic, Transfected)	3	SPECIES
in vitro (Human Kidney 293 Cell Microsomes, Embryonic, Transfected)	3	SPECIES
in vitro (Hamster V79 Cells Expressing Human Liver UDP-Glucuronosyltransf+	3	SPECIES
in vitro (Rabbit Eye)	3	SPECIES
in vitro (HEK 293 Cells, Transfected, MRP4 Knockdown)	3	SPECIES
in vitro (Rat Heart Supernatant, Hypertensive)	3	SPECIES
in vitro (Mouse Fibroblast Cells, C3H10T1/2CL8)	3	SPECIES
in vitro (Human Glioblastoma Cells, U87-MG)	3	SPECIES
in vitro (3T3 Cells)	3	SPECIES
in vitro (Human Lymphoblast L5178Y Cells)	3	SPECIES
in vitro (Guinea Pig Lung Cytosol)	3	SPECIES
in vitro (Guinea Pig Heart Cytosol)	3	SPECIES
in vitro (Rat Placenta Perfusion, Maternal)	3	SPECIES
in vitro (Rat Placenta Perfusion, Fetal)	3	SPECIES
in vitro (Keratinocytes, Cultured)	3	SPECIES
in vitro (CHO Cells Expressing Human Aromatase)	3	SPECIES
in vitro (Human Hepatoma Cells, Hep G2/C3A)	3	SPECIES
in vitro (Mouse Seminal Vesicle Homogenate)	3	SPECIES
in vitro (Hamster V79 Cells Expressing Human P450)	3	SPECIES
in vitro (CHO-K1 Cells Expressing Human CYP11B1)	3	SPECIES
in vitro (CHO-K1 Cells Expressing Human CYP11B2)	3	SPECIES
in vitro (Rat Brain Preoptic Area Supernatant, Female, Prenatally Stresse+	3	SPECIES
in vitro (Rat Brain Preoptic Area Supernatant, Male, Prenatally Stressed)	3	SPECIES
in vitro (Rat Testis Nuclei)	3	SPECIES
in vitro (Human Skin Fibroblast Cells, HS27)	3	SPECIES
in vitro (Rat Seminal Vesicle Nuclei)	3	SPECIES
in vitro (Dog Prostate Homogenate)	3	SPECIES
in vitro (Human Benigh Hyperplastic Prostate Microsomes)	3	SPECIES
in vitro (Shark Testis Microsomes)	3	SPECIES
in vitro (Pig Ovary Cells)	3	SPECIES
in vitro (Pig Ovary Follicles)	3	SPECIES
in vitro (Human Breast Cancer Cells, MCF-7aro)	3	SPECIES
in vitro (Human Mammary Tissue)	3	SPECIES
in vitro (Human Mammary Tumor)	3	SPECIES
in vitro (Pig Hypothalamus Microsomes)	3	SPECIES
in vitro (Mouse Liver Microsomes, Cyp2a(4/5)bgs-Null)	3	SPECIES
in vitro (Colon Carcinoma Cells, LS174T)	3	SPECIES
in vitro (Pony Liver Microsomes)	3	SPECIES
in vitro (Huh-7 Cells, Transfected)	3	SPECIES
in vitro (COS-7 Cell Microsomes Expressing Chinese Hamster CYP2A15)	3	SPECIES
in vitro (Human Hepatoblastoma Hep G2 Cells Expressing Human CYP3A3)	3	SPECIES
in vitro (Human Hepatoblastoma Hep G2 Cells Expressing Human CYP3A4)	3	SPECIES
in vitro (Human Hepatoblastoma Hep G2 Cells Expressing Human CYP3A5)	3	SPECIES
in vitro (COS-1 Cells Expressing Rat CYP Isoenzymes)	3	SPECIES
in vitro (Hamster Kidney Microsomes, Male)	3	SPECIES
in vitro (Hamster Lung Microsomes, Male)	3	SPECIES
in vitro (Hamster Kidney Microsomes, Female)	3	SPECIES
in vitro (Hamster Lung Microsomes, Female)	3	SPECIES
in vitro (Human Liver Cytosol, Male)	3	SPECIES
in vitro (Human Liver Cytosol, Female)	3	SPECIES
in vitro (Human Liver Extract)	3	SPECIES
in vitro (Guinea Pig Tissue Cytosol)	3	SPECIES
in vitro (Human Breast Carcinoma Cell Cytosol and Microsomes, MCF-7)	3	SPECIES
in vitro (Rock Hyrax Blood, Female, Pregnant)	3	SPECIES
in vitro (Rock Hyrax Blood Cells, Female, Pregnant)	3	SPECIES
in vitro (Rat Brain Particulate Fraction)	3	SPECIES
in vitro (Mouse Testis Microsomes, Cytb5(-/-))	3	SPECIES
in vitro (COS-1 Cells Expressing Goat CYP17)	3	SPECIES
in vitro (COS-1 Cells Expressing Baboon CYP17)	3	SPECIES
in vitro (Rat Testis Microsomes, Neonatal)	3	SPECIES
in vitro (Frog Oocytes, Rana pipiens)	3	SPECIES
in vitro (Rabbit Olfactory Mucosa Microsomes)	3	SPECIES
in vitro (HEK 293 Cells Expressing Zebrafish 11beta-HSD2)	3	SPECIES
in vitro (Hamster Lung Cell Supernatant, V79-4, Transfected)	3	SPECIES
in vitro (Rat Brain Cells, OB1771)	3	SPECIES
in vitro (U562 Cell Culture)	3	SPECIES
in vitro (L1210 Cells)	3	SPECIES
in vitro (Human Pancreas Cancer Cell Homogenate, Capan-2)	3	SPECIES
Mouse (Aldh2 Knockout)	3	SPECIES
in vitro (Rat Forestomach Supernatant)	3	SPECIES
in vitro (Rat Stomach Cytosol, Male)	3	SPECIES
in vitro (Rat Stomach Cytosol, Female)	3	SPECIES
in vitro (Rat Stomach Cytosol, Male, Castrated)	3	SPECIES
in vitro (Rat Hepatoma Cell Homogenate, H-35)	3	SPECIES
in vitro (Human Lymphoblastoma Cytosol)	3	SPECIES
in vitro (Human Cytosol Tissue)	3	SPECIES
in vitro (Human Hepatoma Hep G2 Cell Microsomes Expressing Human CYP1A2)	3	SPECIES
in vitro (Human Hepatoma Hep G2 Cell Microsomes Expressing Rat CYP2B1)	3	SPECIES
in vitro (Human Hepatoma Hep G2 Cell Microsomes Expressing Human CYP1A1)	3	SPECIES
in vitro (Human Hepatoma Hep G2 Cell Microsomes Expressing Human CYP2A6)	3	SPECIES
in vitro (Human Hepatoma Hep G2 Cell Microsomes Expressing Human CYP2B6)	3	SPECIES
in vitro (Human Hepatoma Hep G2 Cell Microsomes Expressing Human CYP2C8)	3	SPECIES
in vitro (Human Hepatoma Hep G2 Cell Microsomes Expressing Human CYP2C9)	3	SPECIES
in vitro (Human Hepatoma Hep G2 Cell Microsomes Expressing Human CYP2D6)	3	SPECIES
in vitro (Human Hepatoma Hep G2 Cell Microsomes Expressing Human CYP2E1)	3	SPECIES
in vitro (Human Hepatoma Hep G2 Cell Microsomes Expressing Human CYP3A3)	3	SPECIES
in vitro (Human Hepatoma Hep G2 Cell Microsomes Expressing Human CYP3A4)	3	SPECIES
in vitro (Human Hepatoma Hep G2 Cell Microsomes Expressing Human CYP3A5)	3	SPECIES
in vitro (Human Hepatoma Hep G2 Cell Microsomes Expressing Mouse CYP1A1)	3	SPECIES
in vitro (Human Hepatoma Hep G2 Cell Microsomes Expressing Mouse CYP1A2)	3	SPECIES
in vitro (Human Hepatoma Hep G2 Cell Microsomes Expressing Rat CYP2B2)	3	SPECIES
in vitro (Fish Gill Microsomes, Japanese Medaka)	3	SPECIES
in vitro (Fish Liver Microsomes, Japanese Medaka)	3	SPECIES
in vitro (Human Placenta Choriocarcinoma Cells, BeWo)	3	SPECIES
in vitro (Rat Kidney, Diabetic)	3	SPECIES
in vitro (Human Placenta Cells, JEG-3)	3	SPECIES
in vitro (Rat Brain Epithelium)	3	SPECIES
in vitro (Human Mammary Fibroblasts)	3	SPECIES
in vitro (Rainbow Trout Ovary Microsomes)	3	SPECIES
in vitro (Chinese Hamster Ovary Microsomes)	3	SPECIES
in vitro (HEK 293 Cells Expressing Human 17beta-HSD3)	3	SPECIES
in vitro (Fish Testis Mitochondria)	3	SPECIES
Rat (Lymph Duct Cannulated)	3	SPECIES
in vitro (Rat Stomach Mucosa Homogenate)	3	SPECIES
in vitro (Mouse Brain Glia Cells)	3	SPECIES
in vitro (Human Breast Adenocarcinoma Cells)	3	SPECIES
in vitro (Mouse Cortex Cytosol)	3	SPECIES
in vitro (Human Bladder Carcinoma Cells, RT4, Nrf2-Deficient)	3	SPECIES
in vitro (Human Bladder Epithelium Cells, E7)	3	SPECIES
in vitro (Human Breast Microsomes)	3	SPECIES
in vitro (Gerbil Hepatocytes)	3	SPECIES
in vitro (Mouse Liver Mitoplasts)	3	SPECIES
in vitro (Human Lymphoblasts, Transfected)	3	SPECIES
in vitro (Human Lung Epithelium Cells, NCI-H292)	3	SPECIES
in vitro (Human Hepatoblastoma Hep G2 Cells Expressing Human CYP2A6)	3	SPECIES
in vitro (Frog Nasal Mucosa)	3	SPECIES
Human (Cancer and HIV Patients)	3	SPECIES
Human (Gastric Adenocarcinoma Patients)	3	SPECIES
in vitro (HEK 293 Cell Microsomes)	3	SPECIES
in vitro (U373MG Cells Expressing Human Carboxylesterase)	3	SPECIES
in vitro (Human Kidney 293 Cell Lysate Expressing Mouse Carboxylesterase,+	3	SPECIES
in vitro (Human Kidney 293 Cell Lysate Expressing Mouse Triacylglycerol H+	3	SPECIES
in vitro (Human Kidney 293 Cell Lysate)	3	SPECIES
in vitro (Human Colon Cancer Cell Microsomes, HT-29)	3	SPECIES
in vitro (Mouse Plasma, Esterase-Deficient)	3	SPECIES
in vitro (Mouse Brain Extract)	3	SPECIES
in vitro (Human Colon Tumor Cytosol)	3	SPECIES
in vitro (Human B-Lymphoblasts Expressing CYP1A1)	3	SPECIES
in vitro (Human B-Lymphoblasts Expressing CYP1A2)	3	SPECIES
in vitro (Human Colorectal Carcinoma Cells, LS174T)	3	SPECIES
Fish (Yellow Perch)	3	SPECIES
Tilapia	3	SPECIES
Rat (Antibiotic Treated)	3	SPECIES
in vitro (Monkey Striatum Perfusion)	3	SPECIES
in vitro (Human Melanoma Cells, MNT)	3	SPECIES
in vitro (Human Melanoma Cells, FRM)	3	SPECIES
in vitro (Rat Embryo, Cultured)	3	SPECIES
in vitro (Human Intestine Contents)	3	SPECIES
in vitro (3T3-F442A Preadipocytes)	3	SPECIES
in vitro (Human Cells, MT-4/DOX500)	3	SPECIES
in vitro (Human Blood Mononuclear Cells, Female, Pregnant)	3	SPECIES
in vitro (Human Blood Mononuclear Cells, Fetal)	3	SPECIES
in vitro (Human Amniocytes)	3	SPECIES
in vitro (Human Lymphocytes, CEM-T4)	3	SPECIES
in vitro (Human Blood Cells, HIV Infected)	3	SPECIES
in vitro (Human Lymphoblast Cells, CCRF-CEM)	3	SPECIES
in vitro (Human Lymphoblast Cells, MT-500)	3	SPECIES
in vitro (Human CEM/Tg-20 Cells)	3	SPECIES
in vitro (Human CEM/Ag-1 Cells)	3	SPECIES
in vitro (Human Hofbauer Cells)	3	SPECIES
in vitro (Human Lymphoid Cells)	3	SPECIES
in vitro (Rat Placenta)	3	SPECIES
in vitro (Mouse Intestine Muscle, Postoperative Ileus-Induced)	3	SPECIES
in vitro (Chicken Embryo Homogenate)	3	SPECIES
in vitro (Human Umbilical Vein Endothelial Cell Homogenate)	3	SPECIES
in vitro (Rat Cerebellum Neurons, Cultured)	3	SPECIES
in vitro (Rat Liver Slices, Fresh)	3	SPECIES
in vitro (Rat Liver Slices, Preserved)	3	SPECIES
in vitro (Hamster V79 Cell Cytosol Expressing Human NO Synthase)	3	SPECIES
in vitro (Pig Tissue)	3	SPECIES
Mouse (Mrp2/Bcrp1(-/-))	3	SPECIES
in vitro (HEK 293 Cell Homogenate Expressing Rat 3beta-Hydroxysteroid Deh+	3	SPECIES
in vitro (HEK 293 Cell Homogenate Expressing Guinea Pig 3beta-Hydroxyster+	3	SPECIES
in vitro (Purified Enzyme)	3	SPECIES
Human (Female, Young)	3	SPECIES
Human (Extensive Metabolizer, CYP2C9*1/*1 Genotype)	3	SPECIES
Human (Extensive Metabolizer, CYP2C9*3/*1 Genotype)	3	SPECIES
in vitro (Bovine Brain Endothelial Cell Homogenate)	3	SPECIES
in vitro (Human Umbilical Cord Blood)	3	SPECIES
in vitro (Rat Upper Jejunum Perfusion)	3	SPECIES
in vitro (Bird Liver Microsomes, Bobwhite Quail)	3	SPECIES
in vitro (Human B-Lymphoblastoid Cell Microsomes Expressing Human CYP2C9-+	3	SPECIES
in vitro (COS-1 Cell Microsomes Expressing Human CYP26C1)	3	SPECIES
in vitro (COS-1 Cell Microsomes Expressing Human CYP26B1)	3	SPECIES
in vitro (COS-1 Cells Expressing Human CYP26B1)	3	SPECIES
in vitro (Human Head and Neck Squamous Cell Carcinoma Cells)	3	SPECIES
in vitro (Human Head and Neck Squamous Cell Carcinoma Cell Microsomes)	3	SPECIES
in vitro (Human Kidney 293 Cells Expressing Human CYP1A1, Embryonic)	3	SPECIES
in vitro (Human Kidney 293 Cells Expressing Human CYP2C8, Embryonic)	3	SPECIES
in vitro (Human Kidney 293 Cells Expressing Human CYP3A7, Embryonic)	3	SPECIES
in vitro (Human Kidney 293 Cells Expressing Human CYP Isoenzymes, Embryon+	3	SPECIES
in vitro (Human Epidermis Microsomes)	3	SPECIES
in vitro (Human Kidney 293 Cells Expressing Rat UGT1.1)	3	SPECIES
in vitro (COS-1 Cells Expressing Goat 3beta-HSD)	3	SPECIES
in vitro (COS-1 Cells Expressing Sheep 3beta-HSD)	3	SPECIES
in vitro (Mouse Adrenal Gland Supernatant)	3	SPECIES
in vitro (Mouse Perianal Skin)	3	SPECIES
in vitro (Human Kidney HEK 293 Cell Microsomes, Embryonic)	3	SPECIES
in vitro (Mouse Tissue Homogenate, Wild-Type)	3	SPECIES
in vitro (Mouse Tissue Homogenate, Mutant, Homozygous)	3	SPECIES
in vitro (Mouse Spleen Microsomes)	3	SPECIES
in vitro (Mouse Spleen Mitochondria)	3	SPECIES
in vitro (Mouse Spleen Nuclei)	3	SPECIES
in vitro (Chinese Hamster V79MZ Cells Expressing Rat CYP11B2)	3	SPECIES
in vitro (Chinese Hamster Cells, V79MZh11B2)	3	SPECIES
in vitro (Pig Adrenal Cortex Mitochondria)	3	SPECIES
in vitro (Cattle Adrenal Mitochondria)	3	SPECIES
in vitro (Chicken Small Intestine Homogenate)	3	SPECIES
in vitro (Pig Kidney Nuclei)	3	SPECIES
in vitro (Duck Adrenal Gland Mitochondria)	3	SPECIES
Mouse (Cyp1a1-Null)	3	SPECIES
in vitro (Chinese Hamster Ovary Cells Expressing Mouse CYP1A2 and Human U+	3	SPECIES
in vitro (Chinese Hamster Ovary Cell Lysate, UV5)	3	SPECIES
in vitro (Bovine Brain Microsomes)	3	SPECIES
in vitro (Rat Liver Homogenate, Stressed)	3	SPECIES
in vitro (Rat Brain Stem Homogenate)	3	SPECIES
in vitro (Rat Brain Cortex Supernatant)	3	SPECIES
in vitro (Human Bronchial Epithelium BEAS-2B Cells Expressing Human CYP2A+	3	SPECIES
in vitro (Human Bronchial Epithelium Cell Cytosol and Turkey Liver Micros+	3	SPECIES
in vitro (Rainbow Trout Liver Homogenate)	3	SPECIES
in vitro (Rat Liver Microsomes, Newborn)	3	SPECIES
in vitro (Human Bronchial Epithelium Cells Expressing CYP3A4)	3	SPECIES
in vitro (Human Bronchial Epithelium Cells Expressing CYP1A2)	3	SPECIES
in vitro (Rabbit Liver Microsomes and Lung Cytosol)	3	SPECIES
in vitro (Channel Catfish Liver Cytosol)	3	SPECIES
in vitro (Rat Testis Cytosol Cell Microsomes)	3	SPECIES
in vitro (Rat Seminiferous Tubules)	3	SPECIES
in vitro (Calf Kidney Cortex Cytosol)	3	SPECIES
in vitro (Human Adenocarcinoma Cell Cytosol, Caco-2, Proliferating)	3	SPECIES
in vitro (Human Adenocarcinoma Cell Cytosol, Caco-2, Differentiated)	3	SPECIES
in vitro (Mouse Hepatocarcinoma Cells, H22)	3	SPECIES
in vitro (Rat Spinal Cord Homogenate, Spinal Cord Injury)	3	SPECIES
in vitro (Rat Cerebellum Post-Mitochondrial Fraction)	3	SPECIES
in vitro (Rat Brain Cortex Post-Mitochondrial Fraction)	3	SPECIES
in vitro (Human Lung Epithelium Carcinoma Cells, A549)	3	SPECIES
in vitro (Rat Sciatic Nerve Cytosol)	3	SPECIES
in vitro (Mouse Brain Limbic Area Post-Mitochondrial Supernatant)	3	SPECIES
in vitro (Rat Cerebrum Supernatant)	3	SPECIES
in vitro (Rat Pons Supernatant)	3	SPECIES
in vitro (Rat Brain Medulla Supernatant)	3	SPECIES
in vitro (Rat Pancreas Homogenate, Diabetic)	3	SPECIES
in vitro (Turtle Liver Cytosol)	3	SPECIES
in vitro (Fish Heart Supernatant)	3	SPECIES
in vitro (Fish White Muscle Supernatant)	3	SPECIES
in vitro (Rat Kidney Cortex)	3	SPECIES
in vitro (Rat Kidney Supernatant, Neonatal)	3	SPECIES
in vitro (Mouse Liver Homogenate, Male)	3	SPECIES
in vitro (Rat Liver Mitochondrial Outer Membranes)	3	SPECIES
in vitro (Rat Liver Mitochondrial Homogenate)	3	SPECIES
in vitro (Mouse Skin Supernatant, 7,12-Dimethylbenz(a)anthracene and 12-O+	3	SPECIES
in vitro (Mouse Liver Supernatant, 7,12-Dimethylbenz(a)anthracene and 12-+	3	SPECIES
in vitro (Mouse Leyding Tumor Cell Cytosol, MA-10)	3	SPECIES
in vitro (Rat Sperm)	3	SPECIES
in vitro (Human Upper Urinary Tract Transitional Cell Carcinoma Cytosol)	3	SPECIES
in vitro (Human Bladder Transitional Cell Carcinoma Cytosol)	3	SPECIES
in vitro (Human Urothelium Cytosol)	3	SPECIES
in vitro (Rat Spleen Mitochondria)	3	SPECIES
in vitro (Pig Jejunum Homogenate)	3	SPECIES
in vitro (Pig Ileum Homogenate)	3	SPECIES
in vitro (Pig Colon Homogenate)	3	SPECIES
in vitro (Rat Liver Supernatant, Young)	3	SPECIES
in vitro (Rat Liver Supernatant, Aged)	3	SPECIES
in vitro (Rat Kidney Supernatant, Young)	3	SPECIES
in vitro (Rat Kidney Supernatant, Aged)	3	SPECIES
in vitro (Rat Heart Supernatant, Young)	3	SPECIES
in vitro (Rat Heart Supernatant, Aged)	3	SPECIES
in vitro (Rat Brain Supernatant, Young)	3	SPECIES
in vitro (Rat Brain Supernatant, Aged)	3	SPECIES
in vitro (Human Bronchoalveolar Lavage Fluid)	3	SPECIES
in vitro (Rat Blood Lysate)	3	SPECIES
in vitro (Rat Ovary Post-Mitochondrial Fraction)	3	SPECIES
in vitro (Rat Forestomach Homogenate)	3	SPECIES
in vitro (Rat Pancreas Post-Mitochondrial Fraction)	3	SPECIES
in vitro (Rat Cortex Supernatant)	3	SPECIES
in vitro (Rat Liver Homogenate, High Fat Diet)	3	SPECIES
in vitro (Rat Brain Stem Supernatant)	3	SPECIES
in vitro (Fish Liver, Sea Bass)	3	SPECIES
in vitro (Mouse Liver Cytosol, Nrf2(-/-))	3	SPECIES
in vitro (Human Lymphocyte Supernatant)	3	SPECIES
in vitro (Fish Liver Cytosol, Rainbow Trout)	3	SPECIES
in vitro (Chicken Kidney Cytosol)	3	SPECIES
in vitro (Fish Hepatocyte S9 Fraction)	3	SPECIES
in vitro (Fish Liver S9 Fraction, Atlantic Salmon)	3	SPECIES
in vitro (Toad Plasma)	3	SPECIES
in vitro (Frog Liver Supernatant)	3	SPECIES
in vitro (Marmoset Liver Cytosol)	3	SPECIES
in vitro (Frog Embryo Homogenate)	3	SPECIES
in vitro (Mouse Liver Supernatant, Wild-Type)	3	SPECIES
in vitro (Mouse Liver Supernatant, SOD1(-/-))	3	SPECIES
in vitro (Rat Brain, Sucklings)	3	SPECIES
in vitro (Rat Liver Supernatant, Diabetic)	3	SPECIES
in vitro (Dog Mammary Tumor Homogenate)	3	SPECIES
in vitro (Dog Mammary Tissue Homogenate)	3	SPECIES
in vitro (Frog Embryo Supernatant)	3	SPECIES
in vitro (Mouse Ehrlich Ascites Carcinoma Cells)	3	SPECIES
in vitro (Rat Stomach S9 Fraction)	3	SPECIES
in vitro (Rat Kidney Cytosol, Male)	3	SPECIES
in vitro (Rat Jejunum Supernatant)	3	SPECIES
in vitro (Rat Ileum Supernatant)	3	SPECIES
in vitro (Rat Cortex Cells)	3	SPECIES
in vitro (Human Erythrocytes, Children)	3	SPECIES
in vitro (Bird Liver, Mallard)	3	SPECIES
in vitro (Bird Brain, Mallard)	3	SPECIES
in vitro (Bird Nerves, Mallard)	3	SPECIES
in vitro (Toad Microsomes, Tadpole)	3	SPECIES
in vitro (Toad Supernatant, Tadpole)	3	SPECIES
in vitro (Mouse Forestomach)	3	SPECIES
in vitro (Human Nasal Epithelium S9 Fraction)	3	SPECIES
in vitro (Human Nasal Epithelium Cytosol)	3	SPECIES
in vitro (Salamander Liver)	3	SPECIES
in vitro (Salamander Skin)	3	SPECIES
in vitro (Salamander Lung)	3	SPECIES
in vitro (Salamander Kidney)	3	SPECIES
in vitro (Carcinoma P19 Cells, Embryonic)	3	SPECIES
in vitro (Human Melanoma Cells, IGR-39)	3	SPECIES
in vitro (Seal Liver)	3	SPECIES
in vitro (Rat Liver Cytosol, Female, Pregnant)	3	SPECIES
in vitro (Rat Liver Cytosol, Female, Lactating)	3	SPECIES
in vitro (Rat Liver Periportal Cells)	3	SPECIES
in vitro (Rat Liver Perivenous Cells)	3	SPECIES
in vitro (Human Kidney Carcinoma CakiI Cells)	3	SPECIES
in vitro (Human Liver Glutathione Transferase)	3	SPECIES
in vitro (Rat Liver Cytosol, 7 Months)	3	SPECIES
in vitro (Rat Liver Cytosol, 24 Months)	3	SPECIES
in vitro (Rat Bladder Epithelium Cells)	3	SPECIES
in vitro (Rat Liver Cytosol, Female, 24 Months)	3	SPECIES
in vitro (Mouse Hepatoma Cytosol)	3	SPECIES
in vitro (Guinea Pig Tissue Homogenate)	3	SPECIES
in vitro (Hamster Tissue Homogenate)	3	SPECIES
in vitro (Rat Heart Fibroblasts, Neonatal)	3	SPECIES
in vitro (Fish Liver, Tilapia)	3	SPECIES
in vitro (Fish Kidney, Tilapia)	3	SPECIES
in vitro (Cytochrome c/Ferredoxin-NADP+-Oxireductase)	3	SPECIES
Mouse (Akt2(-/-))	3	SPECIES
Human (Snuff-Dipper)	3	SPECIES
in vitro (Hep G2 Cell Cytochrome P450)	3	SPECIES
in vitro (Mouse Lung Microsomes, Transgenic, Cyp2a5-Null, Human CYP2A13)	3	SPECIES
in vitro (Mouse Liver Microsomes, Transgenic, Cyp2a5-Null, Human CYP2A13)	3	SPECIES
in vitro (Rat Keratinocytes)	3	SPECIES
in vitro (Mouse Small Intestine Microsomes, Liver-Cpr-Null)	3	SPECIES
in vitro (Mouse Colon Microsomes, IE-Cpr-Null)	3	SPECIES
in vitro (Mouse Colon Microsomes, Liver-Cpr-Null)	3	SPECIES
in vitro (Mouse Liver Microsomes, Fed)	3	SPECIES
in vitro (Mouse Liver Microsomes, Fasted)	3	SPECIES
in vitro (Rat Liver Cytosol and Microsomes, PAPS Treated)	3	SPECIES
in vitro (Mouse Pancreas Duct Adenocarcinoma Cells, K8484)	3	SPECIES
in vitro (Human Lymphoblastoid Cells Expressing Human CYP2F1)	3	SPECIES
in vitro (Mouse Nasal Mucosa Homogenate)	3	SPECIES
in vitro (Mouse Respiratory Mucosa Homogenate)	3	SPECIES
in vitro (Mouse Olfactory Mucosa Homogenate)	3	SPECIES
in vitro (Mouse Trachea)	3	SPECIES
in vitro (Mouse Bronchus)	3	SPECIES
in vitro (Monkey Respiratory Bronchiole Microsomes)	3	SPECIES
in vitro (Mouse Airway Epithelium Microsomes)	3	SPECIES
in vitro (Rat Superior Cervical Ganglion Homogenate)	3	SPECIES
in vitro (Mouse Neuroblastoma N1E-115 Cells)	3	SPECIES
in vitro (Vervet Monkey Brain Homogenate)	3	SPECIES
in vitro (Rhesus Monkey Brain Homogenate)	3	SPECIES
in vitro (Mouse Striatum Mitochondria)	3	SPECIES
Suncus	3	SPECIES
in vitro (Suncus Brain Homogenate)	3	SPECIES
in vitro (Mouse Brain Post-Nuclear Fraction)	3	SPECIES
in vitro (Rat Lung Nuclei)	3	SPECIES
in vitro (Rat Heart S9 Fraction)	3	SPECIES
in vitro (Rat Large Intestine S9 Fraction)	3	SPECIES
in vitro (Chicken Blood)	3	SPECIES
in vitro (Sea Bream Liver Microsomes)	3	SPECIES
in vitro (Beluga Whale Liver Microsomes, Male)	3	SPECIES
in vitro (Beluga Whale Liver Microsomes, Female)	3	SPECIES
in vitro (Pilot Whale Liver Microsomes)	3	SPECIES
in vitro (Myeloperoxidase)	3	SPECIES
in vitro (Chloroperoxidase)	3	SPECIES
in vitro (Rat Heart Post-Mitochondrial Fraction)	3	SPECIES
in vitro (Human Placenta Cerebrosidase)	3	SPECIES
in vitro (Human Prostate Carcinoma PC-3 Cells Expressing Human LRAT)	3	SPECIES
in vitro (COS-7 Cells Expressing Mouse DGAT1)	3	SPECIES
in vitro (COS-7 Cells Expressing Mouse MGAT1)	3	SPECIES
in vitro (COS-7 Cells Expressing Mouse DGAT2)	3	SPECIES
in vitro (COS-7 Cells Expressing Mouse MGAT2)	3	SPECIES
in vitro (COS-7 Cells Expressing Mouse ACAT2)	3	SPECIES
in vitro (Mouse Liver Homogenate, DGAT1-Deficient)	3	SPECIES
in vitro (Mouse Kidney Homogenate, DGAT1-Deficient)	3	SPECIES
in vitro (Mouse Testis Homogenate, DGAT1-Deficient)	3	SPECIES
in vitro (Bovine Retina Pigment Epithelium Microsomes)	3	SPECIES
in vitro (Mouse Fibroblast Cells, L929, TK1+)	3	SPECIES
in vitro (Mouse Fibroblast Cells, L929, TK1-)	3	SPECIES
in vitro (Mouse Sarcoma 180 Cells)	3	SPECIES
in vitro (Mouse Skin Epidermis Supernatant)	3	SPECIES
in vitro (Human Breast Cancer Cells, T-47D, Cultured)	3	SPECIES
in vitro (Human Breast Cancer Cells, MCF-7, Cultured)	3	SPECIES
in vitro (Human Breast Cancer Cells, MDA-MB-231, Cultured)	3	SPECIES
in vitro (Human Breast Cancer Cells, MDA-MB-468, Cultured)	3	SPECIES
in vitro (Human Endometrium Supernatant)	3	SPECIES
in vitro (Human Endometrium Supernatant, Polycystic Ovarian Syndrome Pati+	3	SPECIES
in vitro (Human Breast Parenchymal Cells)	3	SPECIES
in vitro (Human Breast Parenchymal Cell Homogenate)	3	SPECIES
in vitro (Rabbit Kidney Cytosol, Diabetic)	3	SPECIES
in vitro (Rabbit Liver Cytosol, Diabetic)	3	SPECIES
in vitro (Rat Liver Homogenate, Fetal)	3	SPECIES
in vitro (Mouse Leukemia Cell Cytosol, L1210)	3	SPECIES
in vitro (Rat Liver Mitochondria, Disrupted)	3	SPECIES
in vitro (Murine Macrophage-like Cell Lysate, J774A.1)	3	SPECIES
in vitro (Human Leukemia 33C Cells)	3	SPECIES
in vitro (Rat Lung Cells, Type II)	3	SPECIES
in vitro (Human Bronchoalveolar Cells, Transfected)	3	SPECIES
in vitro (Human Blood Cells, CD4+)	3	SPECIES
in vitro (MDCK Cells)	3	SPECIES
in vitro (Human Type II Inosine Monophosphate Dehydrogenase)	3	SPECIES
in vitro (Human Kidney 293 Cells Expressing Rat UDP-Glucuronosyltransfera+	3	SPECIES
in vitro (Mouse Lung Epithelium Cell S9 Fraction, FE1)	3	SPECIES
in vitro (Pig Liver Tissue)	3	SPECIES
in vitro (Rat Cortex Slices)	3	SPECIES
in vitro (Human Prostate Adenocarcinoma)	3	SPECIES
in vitro (Bovine Heart Homogenate)	3	SPECIES
in vitro (HEK 293 Cell Membranes Expressing Human UGT2B7)	3	SPECIES
in vitro (HEK 293 Cell Membranes Expressing Human UGT Isoenzymes)	3	SPECIES
in vitro (Mouse Adrenal Microsomes, Female)	3	SPECIES
in vitro (Mouse Bone Marrow RBL-2H3 Cell Supernatant)	3	SPECIES
in vitro (Human Mesangial Cells)	3	SPECIES
in vitro (Human Platelet Supernatant)	3	SPECIES
in vitro (Rat Platelet Cytosol)	3	SPECIES
in vitro (Human Colon Carcinoma Cells, HCT 116, Transfected)	3	SPECIES
in vitro (Human Colon Carcinoma Cells, HCA-7)	3	SPECIES
in vitro (Rat Kidney Papilla Homogenate)	3	SPECIES
in vitro (Rat Kidney Papilla Nuclei)	3	SPECIES
in vitro (Rat Kidney Papilla Microsomes)	3	SPECIES
in vitro (Rat Kidney Medulla Cells)	3	SPECIES
in vitro (Rat Glioma Cell Microsomes, C6)	3	SPECIES
in vitro (Mouse Bronchiole Clara Cells, BALB)	3	SPECIES
in vitro (Mouse Bronchiole Clara Cells, CXB4)	3	SPECIES
in vitro (Dog Kidney Supernatant)	3	SPECIES
in vitro (Hen Uterus)	3	SPECIES
in vitro (Cattle Oviduct Cells)	3	SPECIES
in vitro (Mouse Macrophage Microsomes, mPGES-1(-/-))	3	SPECIES
in vitro (Mouse Macrophage Microsomes, mPGES-1(+/+))	3	SPECIES
in vitro (Chicken Brain Homogenate, Embryonic)	3	SPECIES
in vitro (Bovine Platelet Homogenate)	3	SPECIES
in vitro (Rabbit Peritoneal Cavity Leukocytes)	3	SPECIES
in vitro (Mouse Tumor Homogenate, Human Glioma U87 cells Inoculated)	3	SPECIES
in vitro (Human Cord Blood Mast Cells)	3	SPECIES
in vitro (Monkey Nasal Tissue Homogenate)	3	SPECIES
in vitro (Mouse Liver, Mammary Adenocarcinoma Implanted)	3	SPECIES
in vitro (Mouse Tumor, Mammary Adenocarcinoma Implanted)	3	SPECIES
in vitro (Mouse Adipocytes, 3T3-L1)	3	SPECIES
in vitro (Rat Peritoneal Macrophage Homogenate)	3	SPECIES
in vitro (Rat Fat Microsomes)	3	SPECIES
Rat (Rehydrated)	3	SPECIES
in vitro (Human Buccal Mucosa Cells, SVpgC2a)	3	SPECIES
in vitro (Sheep Duodenum Mucosa Microsomes)	3	SPECIES
in vitro (Rat Ovary Supernatant)	3	SPECIES
Human (Coke Oven Workers)	3	SPECIES
in vitro (Mouse Liver Supernatant, Diabetic)	3	SPECIES
in vitro (Ferret Liver Homogenate, Female)	3	SPECIES
in vitro (Human Lung Bronchoalveolar Cells, H358)	3	SPECIES
in vitro (Human Lung Bronchoalveolar Cells, H358, MRP4 Knockdown)	3	SPECIES
in vitro (Human Oral Mucosa)	3	SPECIES
in vitro (Human Oral Squamous Cell Carcinoma Cells)	3	SPECIES
in vitro (Mouse Melanocyte Extract)	3	SPECIES
in vitro (Guinea Pig Duodenum Homogenate)	3	SPECIES
Sunflower (Helianthus annuus L)	3	SPECIES
in vitro (Hep G2 Cells Expressing Human CYP3A3)	3	SPECIES
in vitro (Pig Jejunum Mucosa)	3	SPECIES
in vitro (Pig Ileum Mucosa)	3	SPECIES
in vitro (Pig Colon Mucosa)	3	SPECIES
in vitro (Pig Stomach Mucosa)	3	SPECIES
in vitro (Human Mammary Carcinoma Cells)	3	SPECIES
in vitro (Mouse Hepatoma Hepa-1 Cells Expressing Human CYP1A2)	3	SPECIES
in vitro (Mouse Hepatoma Hepa-1 Cells Expressing Mouse CYP1A2)	3	SPECIES
in vitro (Mouse Hippocampus Membranes)	3	SPECIES
in vitro (Rabbit Cortex Homogenate)	3	SPECIES
in vitro (Rabbit Hippocampus Homogenate)	3	SPECIES
in vitro (Rabbit Muscle Homogenate)	3	SPECIES
in vitro (Goat Lung Cytosol and Microsomes)	3	SPECIES
in vitro (Pig Small Intestine Mucosa)	3	SPECIES
in vitro (Human Hepatocellular Carcinoma Cells, Huh-7)	3	SPECIES
in vitro (Human Breast Cancer Cells, BT-474)	3	SPECIES
in vitro (Human Plasma, Cirrhotic Patients)	3	SPECIES
in vitro (Human Plasma, Neonatal)	3	SPECIES
in vitro (Guinea Pig Nasal Mucosa Homogenate)	3	SPECIES
in vitro (Mouse Intestine Extract, BChE-Deficient)	3	SPECIES
in vitro (Mouse Liver Extract, BChE-Deficient)	3	SPECIES
in vitro (Mouse Plasma, BChE-Deficient)	3	SPECIES
in vitro (Mouse Heart Extract, BChE-Deficient)	3	SPECIES
in vitro (Mouse Lung Extract, BChE-Deficient)	3	SPECIES
in vitro (Mouse Diaphragm Extract, BChE-Deficient)	3	SPECIES
in vitro (Mouse Brain Extract, BChE-Deficient)	3	SPECIES
in vitro (Mouse Muscle Extract, BChE-Deficient)	3	SPECIES
in vitro (Human Breast Skin Microsomes)	3	SPECIES
in vitro (Human Breast Skin Cytosol)	3	SPECIES
in vitro (Hep G2 Cell Supernatant)	3	SPECIES
in vitro (Rat Brain Supernatant, Female, Pregnant)	3	SPECIES
in vitro (Rat Blood, Female, Pregnant)	3	SPECIES
in vitro (Rat Brain Supernatant, Fetal)	3	SPECIES
in vitro (Rat Liver Supernatant, Fetal)	3	SPECIES
in vitro (Rat Blood, Fetal)	3	SPECIES
in vitro (Pig Duodenum)	3	SPECIES
in vitro (Pig Jejunum)	3	SPECIES
in vitro (Pig Ileum)	3	SPECIES
in vitro (Pig Colon)	3	SPECIES
in vitro (Human Duodenum)	3	SPECIES
Rat (Portacaval Shunted)	3	SPECIES
in vitro (Rat Lymphocytes, C6 Glioma Implanted)	3	SPECIES
in vitro (Pig Kidney Brush Border Membranes)	3	SPECIES
in vitro (Rat Platelets, Diabetic)	3	SPECIES
in vitro (Clawed Toad Oocytes)	3	SPECIES
in vitro (Fish Brain Membranes, Zebrafish)	3	SPECIES
in vitro (Human Uterus Microsomes, Female, Postmenopausal)	3	SPECIES
in vitro (Human Vagina Microsomes, Female, Postmenopausal)	3	SPECIES
in vitro (Human Endometrial Adenocarcinoma Cells, Ishikawa, Transfected)	3	SPECIES
in vitro (Rat Cortex Astrocytes)	3	SPECIES
in vitro (Bird Hepatocytes, Embryonic)	3	SPECIES
in vitro (Fish Gill Cells)	3	SPECIES
in vitro (Rat Liver Supernatant, Postnatal)	3	SPECIES
in vitro (Rat Mesenchymal Stem Cells)	3	SPECIES
in vitro (Chicken Cardiomyocytes, Embryonic)	3	SPECIES
in vitro (Pig Brain Mitochondria)	3	SPECIES
in vitro (Human Breast Carcinoma Cells, T-47D)	3	SPECIES
in vitro (Human Breast Cancer Cells, MCF-7, AhR-Deficient)	3	SPECIES
in vitro (Rat Liver Microsomes, Maternal)	3	SPECIES
in vitro (Human B-Lymphoblastoid Cell Microsomes Expressing Human CYP1B1)	3	SPECIES
in vitro (Fish Liver Microsomes, Mummichog)	3	SPECIES
in vitro (Mouse Hepatoma Cells, c12)	3	SPECIES
in vitro (Rat Hepatoma Cell Cytosol, 7777)	3	SPECIES
in vitro (Rat Cerebral Cortex Microsomes)	3	SPECIES
in vitro (Mouse Ovary Epithelium Carcinoma Cells, ID8)	3	SPECIES
in vitro (Dolphin Liver Microsomes)	3	SPECIES
in vitro (Hep G2 Cells Expressing Human and Mouse CYP Isoenzymes)	3	SPECIES
in vitro (Human Hepatoblastoma Hep G2 Cells Expressing Human CYP1A2)	3	SPECIES
in vitro (Mouse Liver Nuclear Membranes)	3	SPECIES
in vitro (Cat Kidney Cells, Transfected)	3	SPECIES
in vitro (Human Skin Cells)	3	SPECIES
in vitro (Human Lymphoblast Cells Expressing Cytochrome P4502D6)	3	SPECIES
in vitro (Human Lymphoblast Cells Expressing Cytochrome P4501A2)	3	SPECIES
in vitro (Human Lymphoblast Cells Expressing Cytochrome P4501A1)	3	SPECIES
in vitro (Human Hepatocarcinoma Cells, PLC/PRF/5)	3	SPECIES
in vitro (Human Bladder Cancer Cells, EJ)	3	SPECIES
in vitro (Rat Thyroid Supernatant)	3	SPECIES
in vitro (Hamster Brain)	3	SPECIES
in vitro (3T3-L1 Preadipocytes)	3	SPECIES
in vitro (V79 Cells Expressing Human UGT1A6 and UGT1A8)	3	SPECIES
in vitro (Human Tissue Cells Expressing Human UDP-Glucuronosyltransferase+	3	SPECIES
in vitro (Rat Colon Epithelium)	3	SPECIES
in vitro (Rat Liver, Hepatoma 27 Transplanted)	3	SPECIES
in vitro (Rat Tumor, Hepatoma 27 Subcutaneously Transplanted)	3	SPECIES
in vitro (Rat Tumor, Hepatoma 27 Intrahepatic Transplanted)	3	SPECIES
in vitro (Rat UDP-Glucuronosyltransferase)	3	SPECIES
in vitro (Rat Muscle Mitochondria)	3	SPECIES
in vitro (Human Liver Epithelium Cells Expressing Human CYP2B6)	3	SPECIES
in vitro (Human Hepatoblastoma Hep G2 Cells Expressing Human CYP2B6)	3	SPECIES
in vitro (Hen Brain Membranes)	3	SPECIES
in vitro (Rabbit Kidney Membranes)	3	SPECIES
in vitro (Rat Atrium Soluble Fraction)	3	SPECIES
in vitro (Human Peripheral Blood Monocytes)	3	SPECIES
in vitro (Human Peripheral Blood Monocytes, Cancer Patients)	3	SPECIES
in vitro (Human HeLa S3 Cell Extract)	3	SPECIES
in vitro (Human Vein Endothelial Cells)	3	SPECIES
in vitro (Mouse Fibroblast Cells, IT-1)	3	SPECIES
in vitro (Mouse Fibroblast Cells, Balb/c, Cultured)	3	SPECIES
in vitro (Rabbit Fibroblast Cells, RAB-9)	3	SPECIES
in vitro (Human Fibroblast Cells, WI-38, Cultured)	3	SPECIES
in vitro (Mouse Lymphocyte Cells, Cultured)	3	SPECIES
in vitro (Rat Lymphocyte Cells, Cultured)	3	SPECIES
in vitro (Rabbit Lymphocyte Cells, Cultured)	3	SPECIES
in vitro (Monkey Lymphocyte Cells, Cultured)	3	SPECIES
in vitro (Mouse Brain Homogenate, Neonatal)	3	SPECIES
in vitro (Guinea Pig Striatum)	3	SPECIES
in vitro (Mouse Liver Membranes)	3	SPECIES
in vitro (Mouse Forebrain Homogenate)	3	SPECIES
in vitro (Guinea Pig Erythrocyte Ghosts)	3	SPECIES
in vitro (Cat Serum)	3	SPECIES
in vitro (Guinea Pig Diaphragm)	3	SPECIES
in vitro (Rat Cerebral Cortex Synaptosomes)	3	SPECIES
in vitro (Human Neuroblastoma Cell Supernatant, SH-SY5Y)	3	SPECIES
in vitro (Rat Striatum Perfusion)	3	SPECIES
in vitro (Human Lung Adenocarcinoma)	3	SPECIES
in vitro (Human Lung Squamous Cell Carcinoma)	3	SPECIES
in vitro (Mouse Brain, Transgenic)	3	SPECIES
in vitro (Lizard Serum)	3	SPECIES
in vitro (Pheochromocytoma Cells, PC-12)	3	SPECIES
in vitro (Rabbit Skeletal Muscle)	3	SPECIES
in vitro (Frog Plasma)	3	SPECIES
in vitro (Rat Nasal Cytosol)	3	SPECIES
in vitro (Human Hepatoma Cells, Hep G2, Encapsulated)	3	SPECIES
in vitro (Human MM96E Cells)	3	SPECIES
in vitro (Rat Cecum Extract)	3	SPECIES
in vitro (Human Colon Adenocarcinoma Cell Cytosol, SW-480)	3	SPECIES
in vitro (Rat Erythrocyte Homogenate)	3	SPECIES
in vitro (Chinese Hamster Fibroblasts, AA8)	3	SPECIES
in vitro (Human Serum, Children, Diabetic Patients)	3	SPECIES
in vitro (Human Serum, Stroke Patients)	3	SPECIES
in vitro (Mouse Serum, Female)	3	SPECIES
in vitro (Hamster Serum)	3	SPECIES
in vitro (Human Serum, Female, Pregnant)	3	SPECIES
in vitro (Rat Liver, Diabetic)	3	SPECIES
in vitro (Human Plasma, Children)	3	SPECIES
in vitro (Human Serum, Diabetic Patients)	3	SPECIES
in vitro (Human Plasma, Newborn)	3	SPECIES
in vitro (Rat Thoracic Aorta)	3	SPECIES
in vitro (Cat Liver Slices)	3	SPECIES
in vitro (Cat Small Intestine Slices)	3	SPECIES
in vitro (Rat Hippocampus Mitochondria)	3	SPECIES
in vitro (Fish Liver Extract)	3	SPECIES
in vitro (Fish Kidney Extract)	3	SPECIES
in vitro (Human Erythrocytes, End-Stage Renal Disease Peritoneal Dialysis+	3	SPECIES
in vitro (Mouse Brain Homogenate, Mutant, Homozygous)	3	SPECIES
in vitro (Monkey Prostate Microsomes)	3	SPECIES
in vitro (Escherichia coli K12 Sulfate Adenyltransferase)	3	SPECIES
in vitro (Rat Heart Membranes, Ischemic)	3	SPECIES
in vitro (Pig Gastric Vesicles)	3	SPECIES
in vitro (Human Placenta Membranes)	3	SPECIES
in vitro (Mouse Melanoma Cells, K1735-M2)	3	SPECIES
in vitro (Fish Intestine, Rainbow Trout)	3	SPECIES
in vitro (Human Colon Cells, NCM460)	3	SPECIES
in vitro (Rat Femoral Bone Homogenate)	3	SPECIES
in vitro (Rat Retina Supernatant)	3	SPECIES
in vitro (Rat Proximal Small Intestine Homogenate)	3	SPECIES
in vitro (Rat Distal Small Intestine Homogenate)	3	SPECIES
in vitro (Human Lung Carcinoma LK87 Cells Expressing Human Steroid Sulfat+	3	SPECIES
in vitro (Human Lung Carcinoma Cells, LK87)	3	SPECIES
in vitro (Human Lung Adenocarcinoma Cells, NCI-H1975)	3	SPECIES
in vitro (Human Breast Carcinoma Cells, BT-474)	3	SPECIES
in vitro (Human Breast Tumor Homogenate)	3	SPECIES
in vitro (Human Tumor Homogenate)	3	SPECIES
in vitro (COS MG Cells)	3	SPECIES
in vitro (Mouse Leydig Tumor Cell Mitochondria, MA-10, Cytochrome c Oxida+	3	SPECIES
in vitro (Pig Adrenal Mitochondria)	3	SPECIES
in vitro (Mouse Liver Mitochondria, Female)	3	SPECIES
in vitro (Mouse Skin Epidermis Cytosol)	3	SPECIES
in vitro (Human Colon Carcinoma Cells, COGA-13)	3	SPECIES
in vitro (Mouse Keratinocytes, Cyp24 Knockout)	3	SPECIES
in vitro (ROS17/2.8 Cells, Transfected)	3	SPECIES
in vitro (Human Colon Adenocarcinoma HCT 116 Cells Expressing Human CYP27+	3	SPECIES
in vitro (Human Prostate Cells, PZ-HPV-7)	3	SPECIES
in vitro (Rat Heart Slices)	3	SPECIES
in vitro (Human Liver Carcinoma Cells)	3	SPECIES
in vitro (Cattle Rumen Homogenate)	3	SPECIES
in vitro (Sheep Rumen Homogenate)	3	SPECIES
in vitro (Cattle Reticulum Homogenate)	3	SPECIES
in vitro (Sheep Reticulum Homogenate)	3	SPECIES
in vitro (Cattle Omasum Homogenate)	3	SPECIES
in vitro (Sheep Omasum Homogenate)	3	SPECIES
in vitro (Cattle Small Intestine Homogenate)	3	SPECIES
in vitro (Sheep Small Intestine Homogenate)	3	SPECIES
in vitro (Rat Pheochromocytoma Cells, PC-12, Differentiated)	3	SPECIES
in vitro (Hamster Skin Culture)	3	SPECIES
in vitro (Rat Ependyma Cells)	3	SPECIES
in vitro (Guinea Pig Ileum Homogenate)	3	SPECIES
in vitro (Rat Brainstem Homogenate)	3	SPECIES
in vitro (COS-1 Cells Expressing Baboon CYP11A1)	3	SPECIES
in vitro (COS-1 Cells Expressing Human CYP11A1)	3	SPECIES
in vitro (Rat Ovary Luteal Cells)	3	SPECIES
in vitro (Human Breast Carcinoma Polypeptide OA-519)	3	SPECIES
Monkey (Female, Lactating)	3	SPECIES
Mouse (Oct1/Oct2 Knockout)	3	SPECIES
in vitro (Human Adrenal Cell Mitochondria, NCI-H295)	3	SPECIES
in vitro (Mouse Adrenal Mitochondria)	3	SPECIES
in vitro (Mouse Ovary Mitochondria)	3	SPECIES
in vitro (Rat Sciatic Nerves)	3	SPECIES
in vitro (Bovine Mammary Gland, Female, Lactating)	3	SPECIES
in vitro (Human Kidney HEK 293 Cells Expressing Pig CYP17A1)	3	SPECIES
in vitro (Human Kidney HEK 293 Cells Expressing Pig CYP17A1 and Pig CYB5A+	3	SPECIES
in vitro (Human Kidney HEK 293 Cells Expressing Pig CYP17A1 and Pig CYB5B+	3	SPECIES
in vitro (293T Cells, Transfected)	3	SPECIES
in vitro (Rat Liver Cytosol, Male, 3 Months)	3	SPECIES
in vitro (Rat Liver Cytosol, Male, 24 Months)	3	SPECIES
in vitro (Rat Gastric Mucosa)	3	SPECIES
in vitro (Mouse Heart Supernatant, Hypercholesterolemic)	3	SPECIES
in vitro (Human Brain Microvascular Endothelial Cells)	3	SPECIES
in vitro (Mouse Striatum Cells)	3	SPECIES
in vitro (Mouse Striatum Cells, Mutant)	3	SPECIES
in vitro (Rat Testis Sertoli Cells and Germ Cells, Cocultured)	3	SPECIES
in vitro (Rat Heart Cells, H9c2)	3	SPECIES
in vitro (Rat Brain Supernatant, Female)	3	SPECIES
in vitro (Rat Brain Supernatant, Female, Ovariectomized)	3	SPECIES
in vitro (Hamster Erythrocytes)	3	SPECIES
in vitro (Monkey Kidney Epithelium Cell Homogenate, LLC-MK2)	3	SPECIES
in vitro (Rat Pheochromocytoma Cell Homogenate, PC-12)	3	SPECIES
in vitro (Rat Pancreas INS-1 Cells)	3	SPECIES
in vitro (Rat Skeletal Muscle Microsomes)	3	SPECIES
in vitro (Crespi Cell Microsomes Expressing Human CYP2E1)	3	SPECIES
in vitro (Crespi Cell Microsomes Expressing Human CYP2B6)	3	SPECIES
in vitro (Human Colorectal Cancer Cells, HT-29)	3	SPECIES
in vitro (Human Colorectal Cancer Cells, SW-480)	3	SPECIES
in vitro (Chinese Hamster Ovary Cells, K1, Transfected)	3	SPECIES
in vitro (Rat Liver Plasma Membranes)	3	SPECIES
in vitro (Syrian Hamster Kidney Microsomes)	3	SPECIES
in vitro (Human Acute Lymphoblastic Leukemia Cells)	3	SPECIES
in vitro (Human Blood Cell Extract, HIV Infected)	3	SPECIES
in vitro (Rat Kupffer Cells)	3	SPECIES
in vitro (Human Gastric Mucosa, Male)	3	SPECIES
in vitro (Human Gastric Mucosa, Female)	3	SPECIES
in vitro (Human Leukemic Cell Line MT4)	3	SPECIES
in vitro (Rat Upper Small Intestine Contents)	3	SPECIES
in vitro (Human Colon Cells)	3	SPECIES
in vitro (Rat Mesenteric Vascular Bed Perfusion)	3	SPECIES
Cat (Neonatal)	3	SPECIES
in vitro (Rat Brain Mitochondrial Lysate)	3	SPECIES
in vitro (Rat Liver Mitochondrial Lysate)	3	SPECIES
in vitro (Rabbit Synovial Fibroblasts)	3	SPECIES
in vitro (Rat Hepatoma Cells, JM2)	3	SPECIES
in vitro (Mouse Liver Cytochrome P450)	3	SPECIES
in vitro (Mouse Liver Cytochrome C Reductase)	3	SPECIES
in vitro (Rabbit Eye Vitreous Humor Homogenate)	3	SPECIES
in vitro (Rabbit Eye Choroid and Retina Homogenate)	3	SPECIES
in vitro (Human Kidney 293 Cells Overexpressing UGT2B1)	3	SPECIES
in vitro (Pig Endothelial Cells)	3	SPECIES
in vitro (Human Melanoma Cell Cytosol)	3	SPECIES
in vitro (Dog Urine)	3	SPECIES
in vitro (Rabbit Bile)	3	SPECIES
in vitro (Human Lymphoblast AHH-1 Cells Expressing Rat CYP2E1)	3	SPECIES
in vitro (Pseudomonas putida Mandelate Racemase)	3	SPECIES
in vitro (Rat Nasal Mucosa Homogenate)	3	SPECIES
Rat (Bile Duct and Ureter Ligated)	3	SPECIES
in vitro (HEK 293 Cell Homogenate Coexpressing Human UGT1A10 and UGT2A1 D+	3	SPECIES
in vitro (Rat Liver Dihydropyrimidinase)	3	SPECIES
in vitro (Human Colon Carcinoma Caco-2 Cells Expressing Human CYP3A4)	3	SPECIES
in vitro (Rat Liver Cytosol, Infant)	3	SPECIES
Mouse (DBA/2)	3	SPECIES
Mouse (Farnesoid X Receptor-Null)	3	SPECIES
in vitro (Rat Liver Slices, Neonatal)	3	SPECIES
in vitro (Human Lymphoblast Cell Microsomes Expressing Human UGT1A1)	3	SPECIES
in vitro (Human Lymphoblast Cell Microsomes Expressing Human UGT1A9)	3	SPECIES
in vitro (HEK 293 Cell Lysate)	3	SPECIES
in vitro (Hamster Ovary aCR-7 Cells)	3	SPECIES
in vitro (Fish Liver Cytosol, Channel Catfish)	3	SPECIES
in vitro (Fish Intestine Cytosol, Channel Catfish)	3	SPECIES
in vitro (Human T-Lymphoblastoid Cells, MOLT-3)	3	SPECIES
in vitro (Human T-Lymphoblastoid Cells, MOLT-3, HHV-6 Infected)	3	SPECIES
in vitro (Human Osteosarcoma Cells, 143B, HHV-6 Infected)	3	SPECIES
in vitro (Human Squamous Carcinoma Cells, Transfected)	3	SPECIES
in vitro (Human Squamous Carcinoma Cells)	3	SPECIES
in vitro (Rat Liver Lanosterol 14alpha-Demethylase)	3	SPECIES
in vitro (Mouse Embryo, Cultured)	3	SPECIES
in vitro (Human Lung BEAS-2B Cells Expressing Human CYP1A2)	3	SPECIES
in vitro (Human Liver THLE-5 Cells Expressing Human CYP2A6)	3	SPECIES
in vitro (Human Liver THLE-5 Cells Expressing Human CYP2B6)	3	SPECIES
in vitro (Human Liver THLE-5 Cells Expressing Human CYP2C9)	3	SPECIES
in vitro (Human Liver THLE-5 Cells Expressing Human CYP2D6)	3	SPECIES
in vitro (Human Liver THLE-5 Cells Expressing Human CYP2E1)	3	SPECIES
in vitro (Human Liver THLE-5 Cells Expressing Human CYP3A4)	3	SPECIES
in vitro (Human Bronchial Epithelium Cells, BEAS-2B, Transfected)	3	SPECIES
in vitro (Rat Hepatoma JM2 Cell Cytosol)	3	SPECIES
in vitro (Human Kidney 293 Cell Microsomes Expressing Human UGT2B11)	3	SPECIES
in vitro (Human beta-Lymphoblastoid Cell Microsomes Expressing Human CYP3+	3	SPECIES
in vitro (Rat Hepatoma Cells, Cultured)	3	SPECIES
in vitro (Mouse Plasma, CES1(+/+))	3	SPECIES
in vitro (Mouse Brain, CES1(-/-))	3	SPECIES
in vitro (Mouse Muscle, CES1(-/-))	3	SPECIES
in vitro (Mouse Diaphragm)	3	SPECIES
in vitro (Mouse Diaphragm, CES1(-/-))	3	SPECIES
in vitro (Human T-Lymphocytes, CD4+)	3	SPECIES
in vitro (Human T-Lymphocytes, CD8+)	3	SPECIES
in vitro (Cynomolgus Monkey Liver S9 Fraction)	3	SPECIES
in vitro (Rhesus Monkey Blood)	3	SPECIES
in vitro (Human Colon Adenocarcinoma Cell Supernatant, Caco-2)	3	SPECIES
in vitro (Rat Pituitary Tumor GH3 Cells)	3	SPECIES
in vitro (Mouse Duodenum Contents)	3	SPECIES
in vitro (Rabbit Heart Perfusion)	3	SPECIES
in vitro (Human Osteosarcoma Saos-2 Cells Overexpressing Human Deoxycytid+	3	SPECIES
in vitro (Human Osteosarcoma Saos-2 Cells Expressing Human ABCG2)	3	SPECIES
in vitro (Human Peripheral Blood T-Lymphocytes)	3	SPECIES
in vitro (Mouse Peripheral Blood T-Lymphocytes)	3	SPECIES
in vitro (Human Cells, MCF-7)	3	SPECIES
in vitro (HeLa Cells Expressing Rat AKR1C15)	3	SPECIES
in vitro (Human HeLa Cells, Transfected)	3	SPECIES
in vitro (Chicken Kidney Supernatant)	3	SPECIES
in vitro (Human Hepatocarcinoma Cells, SMMC-7721)	3	SPECIES
in vitro (Rat Spinal Cord Supernatant)	3	SPECIES
in vitro (HEK 293 Cell Homogenate Coexpressing Human UGT2A1 and UGT2A1 De+	3	SPECIES
in vitro (Polar Bear Liver Microsomes)	3	SPECIES
in vitro (Chicken Aorta Microsomes)	3	SPECIES
in vitro (Human Liver Homogenate, Prenatal)	3	SPECIES
in vitro (Human Liver Homogenate, Postnatal)	3	SPECIES
in vitro (Human Pulmonary Artery Endothelial Cells)	3	SPECIES
Vulture	3	SPECIES
in vitro (Pig Smooth Muscle Cells)	3	SPECIES
in vitro (Chinese Hamster Ovary Cells, T-REx-CHO, Transfected)	3	SPECIES
Human (Taiwanese)	3	SPECIES
in vitro (Rat Forebrain Homogenate, Newborn)	3	SPECIES
in vitro (Rat Forebrain Supernatant)	3	SPECIES
in vitro (Human Glioma Cells, U87)	3	SPECIES
in vitro (Mouse Neuroblastoma Cells, Neuro-2a)	3	SPECIES
in vitro (Neuroblastoma Cells)	3	SPECIES
in vitro (Chicken Sciatic Nerve Homogenate)	3	SPECIES
in vitro (Chicken Brain Microsomes and Mitochondria)	3	SPECIES
in vitro (Rat Blood, Male)	3	SPECIES
in vitro (Rat Blood, Female)	3	SPECIES
in vitro (Rat Blood, Female, Ovariectomized)	3	SPECIES
in vitro (Mouse Plasma, Female, Pregnant)	3	SPECIES
in vitro (Mouse Plasma, PON1(-/-), Female, Pregnant)	3	SPECIES
in vitro (Mouse Plasma, Transgenic, Expressing Human PON1-R192, Female, P+	3	SPECIES
in vitro (Mouse Plasma, Transgenic, Expressing Human PON1-Q192, Female, P+	3	SPECIES
in vitro (Mouse Plasma, Fetal)	3	SPECIES
in vitro (Mouse Plasma, PON1(-/-), Fetal)	3	SPECIES
in vitro (Mouse Plasma, Transgenic, Expressing Human PON1-R192, Fetal)	3	SPECIES
in vitro (Mouse Plasma, Transgenic, Expressing Human PON1-Q192, Fetal)	3	SPECIES
in vitro (Cynomolgus Monkey Erythrocytes)	3	SPECIES
in vitro (Fish Muscle S9 Fraction)	3	SPECIES
in vitro (Mouse Liver, AChe(+/-) Genotype)	3	SPECIES
in vitro (Human Heart Muscle Homogenate)	3	SPECIES
in vitro (Rat Choroid Plexus Epithelium Cells)	3	SPECIES
in vitro (Rat Gastric Juice)	3	SPECIES
Human (Children, Idiopathic Nephrotic Syndrome Patients)	3	SPECIES
Human (Cystic Fibrosis Patients, Lung Transplanted)	3	SPECIES
Human (Solid Organ Transplanted Patients)	3	SPECIES
in vitro (Human Hepatocyte Lysate)	3	SPECIES
in vitro (Dog Bile)	3	SPECIES
in vitro (Rat Intestine Mucosa Lysate)	3	SPECIES
in vitro (Rat Pancreas Islet Cytosol)	3	SPECIES
in vitro (Rat Pancreas Islet Membranes)	3	SPECIES
in vitro (Human Intestine Epithelium Cells)	3	SPECIES
in vitro (Mouse Hepatoma Cells, c37)	3	SPECIES
in vitro (Hamster Liver Mitochondria)	3	SPECIES
in vitro (Human T-Lymphoblastoid Cell Extract, CCRF-CEM)	3	SPECIES
in vitro (Human Colon Cells, Caco-2 and HT-29-MTX, Cocultured)	3	SPECIES
in vitro (Human Colon Cells, HT-29-MTX)	3	SPECIES
Human (Adolescent, Psychiatric Patients)	3	SPECIES
in vitro (Rat Hippocampus Neurons)	3	SPECIES
in vitro (Rhesus Monkey Jejunum Segments)	3	SPECIES
in vitro (Human Cerebrum)	3	SPECIES
in vitro (Pig Serum)	3	SPECIES
in vitro (Human Keratinocyte Homogenate)	3	SPECIES
in vitro (Rat Hepatoma Cells, AH109A)	3	SPECIES
in vitro (Rat Aorta Smooth Muscle Cells, A7r5)	3	SPECIES
in vitro (Human Colon Adenocarcinoma Cells, SW-480)	3	SPECIES
in vitro (Human Neuroblastoma Cells, SK-N-BE(2)-C)	3	SPECIES
Fish (Tench)	3	SPECIES
in vitro (Rat Liver Microsomes and Mitochondria)	3	SPECIES
in vitro (Rat Intestine Epithelium Transfected Cells)	3	SPECIES
in vitro (SH-SY5Y Cells)	3	SPECIES
in vitro (Human beta-Lymphoblast Cells Expressing CYP1A1/2)	3	SPECIES
in vitro (Human beta-Lymphoblast Cells Expressing CYP2A6)	3	SPECIES
in vitro (Human beta-Lymphoblast Cells Expressing CYP2B6)	3	SPECIES
in vitro (Human beta-Lymphoblast Cells Expressing CYP2C9)	3	SPECIES
in vitro (Human beta-Lymphoblast Cells Expressing CYP2C19)	3	SPECIES
in vitro (Human beta-Lymphoblast Cells Expressing CYP2E1)	3	SPECIES
in vitro (Sheep Placenta Microsomes)	3	SPECIES
in vitro (Rat Respiratory Mucosa)	3	SPECIES
in vitro (Human Plasma, Female, Pregnant)	3	SPECIES
in vitro (Rabbit Aqueous Humor)	3	SPECIES
in vitro (LNCaP Cells)	3	SPECIES
in vitro (Mouse Brain Cytosol, KIAA1363(-/-))	3	SPECIES
in vitro (Human Liver Microsomes Expressing CYP3A4)	3	SPECIES
in vitro (Hamster Ovary Cells Expressing Human CYP3A)	3	SPECIES
in vitro (Human Bronchus Homogenate)	3	SPECIES
in vitro (Human Trachea Homogenate)	3	SPECIES
Mouse (Transgenic, SAT1 Overexpressing)	3	SPECIES
Mouse (Transgenic, SAT1-Deficient)	3	SPECIES
in vitro (Human Lung Tumor Perfusion)	3	SPECIES
in vitro (Mouse Glandular Stomach Cytosol)	3	SPECIES
in vitro (Mouse Esophagus Cytosol)	3	SPECIES
in vitro (Human Myeloma Cells, RPMI-8226)	3	SPECIES
Human (Chronic Lymphocytic Leukemia Patients)	3	SPECIES
in vitro (Dog Thyroid Cells)	3	SPECIES
in vitro (Human Brain U87 Cells)	3	SPECIES
in vitro (Rat Prostate Cancer AT6.1 Cells)	3	SPECIES
in vitro (Human Brain Tumor D341 Xenograft)	3	SPECIES
in vitro (Human Brain Tumor D456 Xenograft)	3	SPECIES
in vitro (Human Hepatocytes, Immortalized, HC-04)	3	SPECIES
in vitro (Human Carcinoma Cells, MCF-7)	3	SPECIES
in vitro (Human Cells, SH-SY5Y)	3	SPECIES
in vitro (Mouse Ovary Sarcoma Cells, M5076)	3	SPECIES
in vitro (Rat Pancreas Cells, RIN-m5F)	3	SPECIES
in vitro (Human Epidermoid Carcinoma Cells, KB)	3	SPECIES
in vitro (Mouse Muscle Homogenate, MAC16 Tumor Bearing)	3	SPECIES
in vitro (Rat Cardiomyoblasts, Embryonic, H9c2)	3	SPECIES
in vitro (Human Neuroblastoma Cells, SK-N-MC)	3	SPECIES
in vitro (Human Gastric Cancer Cells, SGC-7901)	3	SPECIES
in vitro (Human Hepatoma Cells, SMMC-7721)	3	SPECIES
in vitro (Mouse Keratinocytes, MCA3D)	3	SPECIES
in vitro (Rat Colon Carcinoma Cells)	3	SPECIES
in vitro (Rat Pheochromocytoma Cell Lysate, PC-12)	3	SPECIES
in vitro (Human Neuroblastoma Cell Extract, SK-N-SH)	3	SPECIES
in vitro (Human Oligodendroglial Cells, MO3.13)	3	SPECIES
in vitro (Rat Thymocyte Cytosol)	3	SPECIES
in vitro (Mouse Lymphocyte Lysate)	3	SPECIES
in vitro (Rat Mammary Adenocarcinoma Cells, MTLn3)	3	SPECIES
in vitro (Rabbit Cornea Cells)	3	SPECIES
in vitro (Rabbit Conjunctiva Cells)	3	SPECIES
in vitro (Mouse Leukemia Cells, L1210/0)	3	SPECIES
in vitro (Mouse Mammary Carcinoma FM3A/0 Cells)	3	SPECIES
in vitro (Human Osteosarcoma Cells, U-2 OS)	3	SPECIES
Dog (Tumor Bearing)	3	SPECIES
Cat (Tumor Bearing)	3	SPECIES
in vitro (Rat Cells, H-4-II-E)	3	SPECIES
in vitro (Mouse Cardiomyocytes)	3	SPECIES
in vitro (Mouse Cardiomyocytes, Transgenic)	3	SPECIES
in vitro (Monkey Liver Microsomes and Supernatant)	3	SPECIES
in vitro (Human Intestine Cell Extract, Caco-2)	3	SPECIES
in vitro (Human AHH-1 TK+/- Cells Expressing Human CYP3A4)	3	SPECIES
in vitro (Human AHH-1 TK+/- Cells Expressing Human CYP Isoenzymes)	3	SPECIES
in vitro (hmEH Cell Microsomes Expressing Human Epoxide Hydrolase)	3	SPECIES
in vitro (Hamster V79 Cells Expressing Rat UGT2B1)	3	SPECIES
in vitro (Hamster V79 Cells Expressing Human UGT2B4)	3	SPECIES
in vitro (Hamster V79 Cells Expressing Human UGT2B11)	3	SPECIES
Calf (Tissue Chamber Implanted)	3	SPECIES
Mouse (GST P1/2-Null)	3	SPECIES
in vitro (Rat Hepatocytes, Fischer 344, Male)	3	SPECIES
in vitro (Rat Hepatocytes, Fischer 344, Female)	3	SPECIES
in vitro (Sheep Ovary)	3	SPECIES
in vitro (Human Colon Cancer Cells, CCD841CoTr)	3	SPECIES
in vitro (Mouse Small Intestine Contents)	3	SPECIES
in vitro (Mouse Small Intestine Contents, Neomycin Treated)	3	SPECIES
in vitro (Human Lung Cytosol and Microsomes)	3	SPECIES
in vitro (Human Skin Cytosol and Microsomes)	3	SPECIES
in vitro (Mouse Skin Cytosol and Microsomes)	3	SPECIES
in vitro (Rat Skin Cytosol and Microsomes)	3	SPECIES
in vitro (Human Neuroblastoma Cell Lysate, SH-SY5Y)	3	SPECIES
in vitro (U937 Monoblastoid Cells)	3	SPECIES
in vitro (Human Lymphocytes, B-Cell Chronic Lymphocytic Leukemia Patients+	3	SPECIES
in vitro (Human Kidney Carcinoma Cells, Caki)	3	SPECIES
in vitro (Mouse Pancreas Insulinoma Beta Cells, beta-TC-6)	3	SPECIES
in vitro (Human Multiple Myeloma Cells, U266)	3	SPECIES
in vitro (Human Lung Carcinoma Cell Supernatant, A549)	3	SPECIES
in vitro (Human Colon Carcinoma Cell Supernatant, HCT 116)	3	SPECIES
in vitro (Human Liver Carcinoma Cell Supernatant, Hep G2)	3	SPECIES
in vitro (Human Hepatoma Cell Cytosol Expressing Human CYP2E1)	3	SPECIES
in vitro (Human Eye Lens Supernatant, Young)	3	SPECIES
in vitro (Human Eye Lens Supernatant, Elderly)	3	SPECIES
in vitro (Human Red Blood Cell 20S Proteasomes)	3	SPECIES
in vitro (Bovine Aorta Endothelial Cell Supernatant)	3	SPECIES
in vitro (Human Stomach Cancer Cells, EPG85-257P)	3	SPECIES
in vitro (Human T-Lymphoblastoid CEM/dCK- Cells)	3	SPECIES
in vitro (Human Kidney Proximal Tubule Epithelium Cells, HK-2)	3	SPECIES
in vitro (Human Oral Squamous Cell Carcinoma Cells, UM-SCC-101A)	3	SPECIES
in vitro (Human Oral Squamous Cell Carcinoma Cells, MDA-686Tu)	3	SPECIES
in vitro (Hamster V79MZ Cells Expressing Human CYP1A1)	3	SPECIES
in vitro (Hamster V79MZ Cells Expressing Rat CYP1A1)	3	SPECIES
in vitro (Hamster V79MZ Cells Expressing Human CYP1A2)	3	SPECIES
in vitro (Hamster V79MZ Cells Expressing Rat CYP1A2)	3	SPECIES
in vitro (Hamster V79MZ Cells Expressing Human CYP2A6)	3	SPECIES
in vitro (Hamster V79MZ Cells Expressing Human CYP1B1)	3	SPECIES
in vitro (Hamster V79MZ Cells Expressing Human CYP2E1)	3	SPECIES
in vitro (Hamster V79MZ Cells Expressing Rat CYP2B1)	3	SPECIES
in vitro (Rat Glioblastoma Cells, RG2)	3	SPECIES
in vitro (Rat Liver Perfusion, Tumor Bearing)	3	SPECIES
Human (Influenza Patients)	3	SPECIES
in vitro (Chinese Hamster Ovary Cell Lysate)	3	SPECIES
in vitro (Human Colon Cancer Cell Lysate, SW-480, Transfected)	3	SPECIES
in vitro (Human Colon Cancer SW-480 Cells Expressing hsp70)	3	SPECIES
in vitro (Human Colon Cancer SW-480 Cells Expressing Ashsp70)	3	SPECIES
in vitro (Rat Small Intestine Mucosa Homogenate, Diabetic)	3	SPECIES
in vitro (AHH-1 Cell Microsomes Expressing Human CYP2E1)	3	SPECIES
in vitro (Guinea Pig Cecum Contents)	3	SPECIES
in vitro (Rat Cortex Perfusion)	3	SPECIES
in vitro (Human Kidney HEK 293 Cell Cytosol, Embryonic)	3	SPECIES
Dog (Ischemic)	3	SPECIES
Dog (Pacing-Induced Heart Failure)	3	SPECIES
in vitro (Dog Heart Perfusion)	3	SPECIES
in vitro (Dog Heart Perfusion, Ischemic)	3	SPECIES
Rat (Colon Adenocarcinoma Implanted)	3	SPECIES
in vitro (Human Fibroblastoma Cells, HT1080)	3	SPECIES
in vitro (Human Prostate Tumor Cells, LNCaP)	3	SPECIES
in vitro (Human Prostate Tumor DUPRO-1 Cells)	3	SPECIES
in vitro (Human Kidney 293 Cells Expressing Human CYP3A5)	3	SPECIES
in vitro (Human Kidney 293 Cells Expressing Human CYP2C9)	3	SPECIES
in vitro (Human Bladder Cancer Cells, 5637)	3	SPECIES
in vitro (Human Oral Squamous Cell Carcinoma Cells, HSC-2)	3	SPECIES
in vitro (Human Lung Cancer Cells, H1792)	3	SPECIES
in vitro (Human Leukemia Cell Lysate, U937)	3	SPECIES
in vitro (Pig Kidney Proximal Tubule Epithelium Cells)	3	SPECIES
in vitro (Human Breast Cancer Cells, MDA-MB-453)	3	SPECIES
in vitro (Human Esophagus Cancer Cells, EC9706)	3	SPECIES
in vitro (Human Epidermis Carcinoma Cells)	3	SPECIES
in vitro (Human Cervix Carcinoma HeLa S Cells)	3	SPECIES
in vitro (Human Keratinocyte Lysate)	3	SPECIES
in vitro (Chicken Cells, DT40)	3	SPECIES
in vitro (Human Keratinocytes, HaCaT, UV-Irradiated)	3	SPECIES
in vitro (Cat Liver Cytosol)	3	SPECIES
in vitro (Dog Kidney Cells, MDCK, Transfected)	3	SPECIES
in vitro (Human AA-2 Cells)	3	SPECIES
in vitro (Rat Liver Cells, BRL)	3	SPECIES
in vitro (Hamster Buccal Pouch Cytosol)	3	SPECIES
in vitro (Mouse Lymph Node Cells)	3	SPECIES
in vitro (Human Melanoma Cells, M21)	3	SPECIES
in vitro (Human Leukemia Cells, WEHI-3)	3	SPECIES
in vitro (Human Aorta Endothelial Cell Supernatant)	3	SPECIES
in vitro (Human Breast Cancer Cells, HBL-100)	3	SPECIES
in vitro (Rat Hepatoma Yv2-12 Cells Overexpressing TNFalpha)	3	SPECIES
in vitro (Mouse T Lymphocytes, EL4)	3	SPECIES
in vitro (Rat Hippocampus Neurons, Embryonic)	3	SPECIES
in vitro (Mouse Fibroblast Cells, L929)	3	SPECIES
in vitro (Mouse Gastric Fluid)	3	SPECIES
in vitro (Syrian Hamster Lung Microsomes)	3	SPECIES
in vitro (Guinea Pig Liver Slices, Freshly Prepared)	3	SPECIES
in vitro (Guinea Pig Liver Slices, Cryopreserved)	3	SPECIES
in vitro (Rat Muscle Proteasomes, Young)	3	SPECIES
in vitro (Rat Muscle Proteasomes, Old)	3	SPECIES
in vitro (Rat Stomach Contents and Homogenate)	3	SPECIES
in vitro (Rat Small Intestine Contents and Homogenate)	3	SPECIES
in vitro (AA8 Cell Lysate)	3	SPECIES
Rat (Endocarditic)	3	SPECIES
in vitro (Human Liver S12 Fraction)	3	SPECIES
in vitro (Bovine Cerebrospinal Fluid)	3	SPECIES
in vitro (Human Colon Carcinoma Cells, HT-29, Transfected)	3	SPECIES
in vitro (Human Acute Lymphoblastic Leukemia Cells, MOLT-4)	3	SPECIES
in vitro (Lymphoma DT40 Cells Overexpressing RXRalpha)	3	SPECIES
in vitro (Mouse Cerebral Endothelial Cells)	3	SPECIES
Rat (Fischer 344)	3	SPECIES
in vitro (Horse Chorion Villi Homogenate)	3	SPECIES
in vitro (Human Colon Carcinoma Cells, RKO)	3	SPECIES
in vitro (Human Colon Carcinoma Cells, RKOTDX)	3	SPECIES
in vitro (Rat Heart Cytosol, Ischemic)	3	SPECIES
Mouse (VDUP1 Knockout)	3	SPECIES
in vitro (Hamster Lung Fibroblast V79 Cells Expressing Human CYP1A1)	3	SPECIES
in vitro (Hamster Lung Fibroblast V79 Cells Expressing Human CYP1A2)	3	SPECIES
in vitro (Hamster Lung Fibroblast V79 Cells Expressing Human CYP3A4)	3	SPECIES
in vitro (Human Colorectal Adenocarcinoma Cells)	3	SPECIES
in vitro (Breast Epithelium Cancer Cells, SUM149)	3	SPECIES
in vitro (Human Breast Cancer Cell Microsomes, BT-20)	3	SPECIES
in vitro (Human Breast Cancer Cell Cytosol, BT-20)	3	SPECIES
in vitro (Human Leukemia Cell Microsomes, Nalm-6)	3	SPECIES
in vitro (Human Leukemia Cell Cytosol, Nalm-6)	3	SPECIES
in vitro (Rat Leukocytes and Platelets)	3	SPECIES
in vitro (COS-7 Cells Expressing Human CYP3A4)	3	SPECIES
in vitro (COS-7 Cells Expressing Human CYP3A5)	3	SPECIES
in vitro (COS-7 Cells Expressing Human CYP3A4, Mutant)	3	SPECIES
in vitro (COS-7 Cells Expressing Human CYP3A5, Mutant)	3	SPECIES
Human (Male, Hepatic Impairment Patients)	3	SPECIES
Human (Female, Hepatic Impairment Patients)	3	SPECIES
in vitro (Human Gastrointestinal Fluid)	3	SPECIES
Rat (Abcc2(-/-))	3	SPECIES
in vitro (Rabbit Eye Cornea)	3	SPECIES
in vitro (Cattle Eye Cornea Homogenate)	3	SPECIES
in vitro (HEK 293 Cell Cytosol)	3	SPECIES
in vitro (HEK 293 Cell Nuclei)	3	SPECIES
in vitro (Rat Kidney Proximal Tubule Cells, NRK-52E)	3	SPECIES
in vitro (Mouse Spleen Homogenate, Tumor Bearing)	3	SPECIES
in vitro (Mouse Bone Marrow Homogenate, Tumor Bearing)	3	SPECIES
in vitro (Human Hepatocytes and Human Liver Nonparenchymal Cells, 3D Cocu+	3	SPECIES
in vitro (Human T-Cell Leukemia Cell Lysosomes)	3	SPECIES
in vitro (Human T-Cell Leukemia Cell Lysosomes, Methotrexate Resistant)	3	SPECIES
in vitro (Human Leukemia Cells, Reh)	3	SPECIES
in vitro (Human Leukemia Cells, RS(4,11))	3	SPECIES
in vitro (Human Leukemia Cells, KG-1a)	3	SPECIES
in vitro (Human Leukemia Cells, OCI-AML3)	3	SPECIES
in vitro (Human Leukemia Cells, TF-1)	3	SPECIES
in vitro (Human Colorectal Carcinoma HCT 116 Cells Overexpressing Human A+	3	SPECIES
in vitro (Human Tumor Cells, MIA PaCa-2)	3	SPECIES
in vitro (Human Tumor Cells, HCT 116)	3	SPECIES
in vitro (Human Colorectal Carcinoma Cells, Tet-On RKO, Transfected)	3	SPECIES
in vitro (Leukemia Cells, K-562)	3	SPECIES
in vitro (Fish Liver Extract, Lamprey, Larval)	3	SPECIES
in vitro (Human Uroepithelium Cells, UROtsa)	3	SPECIES
in vitro (Human Skin Model, TESTSKIN LSE-High)	3	SPECIES
in vitro (Calf Serum, Fetal, Heated)	3	SPECIES
in vitro (Rabbit Eye Vitreous Humor)	3	SPECIES
in vitro (Human B-Lymphoblastoid AHH-1 Cells Expressing Human CYP2C19)	3	SPECIES
in vitro (Human Burkitt Lymphoma Cells, CA46)	3	SPECIES
in vitro (Human Breast Carcinoma Cells, Hs578-T)	3	SPECIES
in vitro (Human Leukemia Cells, SR)	3	SPECIES
in vitro (Human Leukemia Cells, HL-60(TB))	3	SPECIES
in vitro (Monkey Feces)	3	SPECIES
Rat (Bile Duct Cannulated, Mrp2-Deficient)	3	SPECIES
in vitro (Bird Liver Cytosol, Quail)	3	SPECIES
Human (Severe Renal Impairment Patients)	3	SPECIES
in vitro (Human Fibroblasts, Cathepsin A-Deficient)	3	SPECIES
in vitro (Human Cervix Carcinoma Cells, HeLa, Cathepsin A-Knockdown)	3	SPECIES
in vitro (Human Cervix Carcinoma Cells, Ca Sci)	3	SPECIES
in vitro (Human Cervix Keratinocytes)	3	SPECIES
in vitro (Monkey Feces, Anaerobic Conditions)	3	SPECIES
in vitro (Chicken Red Blood Cell Mitochondria)	3	SPECIES
in vitro (Rabbit Eye Lens Supernatant)	3	SPECIES
in vitro (Rabbit Eye Iris-Ciliary Body Supernatant)	3	SPECIES
in vitro (Human Leukemia Cells, CCRF-CEM, Bortezomib Resistant)	3	SPECIES
in vitro (Human Leukemia Cells, CCRF-CEM, PR-924 Resistant)	3	SPECIES
in vitro (Human Leukemia Cells, THP-1, Bortezomib Resistant)	3	SPECIES
in vitro (Human Leukemia Cells, RPMI-8226, Bortezomib Resistant)	3	SPECIES
in vitro (Human Brain S9 Fraction)	3	SPECIES
in vitro (Monkey Brain S9 Fraction)	3	SPECIES
in vitro (Rabbit Brain S9 Fraction)	3	SPECIES
in vitro (Rat Bile and Pancreatic Fluid)	3	SPECIES
Mouse (Human COR-L23 Xenograft Bearing)	3	SPECIES
Mouse (ApoE-Null)	3	SPECIES
Mouse (Castrated, CWR22R Xenograft Bearing)	3	SPECIES
in vitro (Human Prostate Cells, PWR-1E)	3	SPECIES
in vitro (Mouse Large Intestine S9 Fraction)	3	SPECIES
in vitro (Human Leukemia Cell Extract, CCRF-CEM)	3	SPECIES
in vitro (Lymphoblast Cells Expressing Human CYP2D6)	2	SPECIES
in vitro (Lymphoblast Cells Expressing Human CYP3A4)	2	SPECIES
in vitro (Lymphoblast Cells Expressing Human CYP2C8)	2	SPECIES
in vitro (Lymphoblast Cells Expressing Human CYP2C9)	2	SPECIES
in vitro (Lymphoblast Cells Expressing Human CYP2C19)	2	SPECIES
in vitro (Human Lymphoblast Cell Microsomes Expressing CYP Isoenzyme)	2	SPECIES
in vitro (Hamster Lung Fibroblast V79 Cells Expressing Human UGT Isoenzym+	2	SPECIES
Human (Chronic Schizophrenia Patients)	2	SPECIES
in vitro (Rabbit Neutrophils)	2	SPECIES
in vitro (Rat Liver Microsomes, Steatotic)	2	SPECIES
in vitro (Mouse Liver Microsomes, Male, OF1)	2	SPECIES
in vitro (Mouse Liver Microsomes, Male, Balb/c)	2	SPECIES
in vitro (Microsomes Expressing Human CYP)	2	SPECIES
in vitro (Human Myeloperoxidase)	2	SPECIES
in vitro (Rabbit Mammary Supernatant)	2	SPECIES
in vitro (Rabbit Milk)	2	SPECIES
in vitro (Rabbit Gut Homogenate)	2	SPECIES
in vitro (Human Lymphoblast Cell Microsomes Expressing Human CYP)	2	SPECIES
in vitro (Chinese Hamster Lung Fibroblast V79 Cells Expressing Human UGT +	2	SPECIES
Human (Male, Extensive Metabolizer)	2	SPECIES
in vitro (Rabbit Liver UDP-Glucuronosyltransferase, Immobilized)	2	SPECIES
Human (Female, Diabetic Patients)	2	SPECIES
in vitro (Monkey Liver Microsomes, Embryonic)	2	SPECIES
in vitro (Monkey Liver Microsomes, Neonatal)	2	SPECIES
in vitro (Miniature Swine Liver Homogenate)	2	SPECIES
in vitro (Monkey Kidney COS-1 Cell Cytosol, Transfected)	2	SPECIES
in vitro (Monkey Kidney COS-1 Cell Cytosol)	2	SPECIES
in vitro (Human Cholangiocarcinoma Cell Cytosol, KMBC)	2	SPECIES
in vitro (Human Small Intestine Mucosa Cytosol)	2	SPECIES
in vitro (Human Small Intestine Muscle Cytosol)	2	SPECIES
in vitro (Cat Liver)	2	SPECIES
Rat (Tumor Implanted, Intracranial)	2	SPECIES
Rat (Tumor Implanted, Subcutaneous)	2	SPECIES
in vitro (COS-1 Cells Expressing Human UDP-Glucuronosyltransferase)	2	SPECIES
Mouse (Transduced)	2	SPECIES
in vitro (Mouse Liver Microsomes, Transduced)	2	SPECIES
in vitro (Human Lung Carcinoma Cells, DMS 79)	2	SPECIES
in vitro (Rat Liver Microsomes, Carbamazepine and/or Thioridazine Treated+	2	SPECIES
in vitro (Human B-Lymphoblastoid Cells Expressing CYP1A2)	2	SPECIES
in vitro (Human B-Lymphoblastoid Cells Expressing CYP2B6)	2	SPECIES
in vitro (Human B-Lymphoblastoid Cells Expressing CYP2D6)	2	SPECIES
in vitro (Hamster Flank Organ Homogenate)	2	SPECIES
Rat (Bcrp Knockout)	2	SPECIES
Rat (Mdr1a Knockout)	2	SPECIES
Rat (Mrp2 Knockout)	2	SPECIES
Human (Intermediate Acetylator)	2	SPECIES
Human (Rapid Acetylator)	2	SPECIES
Human (Slow Acetylator)	2	SPECIES
in vitro (Ram Seminal Vesicle Cells)	2	SPECIES
in vitro (Mouse Liver Microsomes, Transgenic, Human CYP2D9)	2	SPECIES
in vitro (Cynomolgus Monkey Kidney Microsomes)	2	SPECIES
in vitro (Cynomolgus Monkey Lung Microsomes)	2	SPECIES
in vitro (Guinea Pig Brain Microsomes)	2	SPECIES
in vitro (Dog Thyroid)	2	SPECIES
in vitro (Dog Liver Enzymes)	2	SPECIES
in vitro (Rat Liver Microsomes, Dark Agouti, Male)	2	SPECIES
in vitro (Rat Liver Microsomes, Dark Agouti, Female)	2	SPECIES
in vitro (Human Hepatoma Cells Expressing CYP2B6)	2	SPECIES
in vitro (Human Hepatoma Cells Expressing CYP2C9)	2	SPECIES
in vitro (Guinea Pig Liver Aldehyde Oxidase)	2	SPECIES
in vitro (Human Kidney 293 Cell Lysate Expressing Human UGT1A4, Embryonic+	2	SPECIES
Mouse (Transgenic, Human CYP2D6.2)	2	SPECIES
in vitro (COS-1 Cells Expressing Human CYP2D6)	2	SPECIES
Human (Polynesian)	2	SPECIES
in vitro (Rat Kidney Microsomes, Male, Wistar)	2	SPECIES
in vitro (Rat Kidney Microsomes, Female, Wistar)	2	SPECIES
in vitro (Rat Kidney Microsomes, Male, Dark Agouti)	2	SPECIES
in vitro (Rat Kidney Microsomes, Female, Dark Agouti)	2	SPECIES
in vitro (Dog Liver Perfusion)	2	SPECIES
in vitro (Mouse Liver Microsomes, Male, A/J)	2	SPECIES
in vitro (Mouse Liver Microsomes, Male, C57BL/6J)	2	SPECIES
in vitro (Mouse Liver Microsomes, Female, A/J)	2	SPECIES
in vitro (Mouse Liver Microsomes, Female, C57BL/6J)	2	SPECIES
in vitro (Mouse Liver Microsomes, Female, Pregnant, A/J)	2	SPECIES
in vitro (Mouse Liver Microsomes, Female, Pregnant, C57BL/6J)	2	SPECIES
in vitro (COS-1 Cells Expressing Human CYP2C9)	2	SPECIES
in vitro (HEK 293 Cell Homogenate Coexpressing Human UGT2B17 and UGT2A1 D+	2	SPECIES
in vitro (Fish Larva, Zebrafish)	2	SPECIES
in vitro (Bovine Udder Perfusion)	2	SPECIES
in vitro (Human Synovial Membranes)	2	SPECIES
in vitro (Human Ligament)	2	SPECIES
in vitro (Human Joint Capsule)	2	SPECIES
in vitro (Human Cartilage)	2	SPECIES
in vitro (Rat Kidney Microsomes, Male, Castrated)	2	SPECIES
in vitro (Rat Intestine Microorganism)	2	SPECIES
in vitro (Mouse Liver Microsomes, Infected and Stressed)	2	SPECIES
in vitro (Mouse Liver Microsomes, Stressed)	2	SPECIES
in vitro (Human Plasma, Tuberculosis Patients)	2	SPECIES
in vitro (Human Cortex Mitochondria)	2	SPECIES
in vitro (Sheep Ductus Arterious Cells, Fetal)	2	SPECIES
in vitro (Sheep Aorta Cells, Fetal)	2	SPECIES
in vitro (Sheep Lung Cytosol, Fetal)	2	SPECIES
in vitro (Sheep Liver Cytosol, Fetal)	2	SPECIES
in vitro (Sheep Ductus Arterious Cells, Newborn)	2	SPECIES
in vitro (Sheep Aorta Cells, Newborn)	2	SPECIES
in vitro (Sheep Lung Cytosol, Newborn)	2	SPECIES
in vitro (Sheep Liver Cytosol, Newborn)	2	SPECIES
in vitro (Sheep Aorta Cells)	2	SPECIES
in vitro (Sheep Lung Cytosol)	2	SPECIES
in vitro (Guinea Pig Liver Post-Mitochondrial Fraction)	2	SPECIES
in vitro (COS-1 Cells Expressing Human Liver Sulfotransferase)	2	SPECIES
in vitro (COS-1 Cells Expressing Human Dehydroepiandrosterone Sulfotransf+	2	SPECIES
in vitro (Mouse Hepatocytes, CD-1)	2	SPECIES
in vitro (Human Colon Adenocarcinoma Cells Expressing PXR)	2	SPECIES
in vitro (Human Intestine Caco-2 Cell Microsomes Expressing CYP3A4)	2	SPECIES
in vitro (Rat Intestine Xanthine Oxidase)	2	SPECIES
in vitro (Human Kidney 293T Cells Expressing Rat Hydrolase B, Embryonic)	2	SPECIES
in vitro (Human Kidney 293T Cells Expressing Rat Hydrolase A, Embryonic)	2	SPECIES
in vitro (Rat Stomach Mucosa Microsomes)	2	SPECIES
Mouse (Stressed)	2	SPECIES
in vitro (Human B-Lymphoblastoid Cells Expressing Human UGT1A4)	2	SPECIES
in vitro (Human B-Lymphoblastoid Cells Expressing Human UGT Isoenzymes)	2	SPECIES
in vitro (HEK 293 Cells Expressing Human UGT1A4 and UGT2B7)	2	SPECIES
in vitro (HEK 293 Cells Expressing Human UGT1A1 and UGT1A4)	2	SPECIES
in vitro (HEK 293 Cells Expressing Human UGT1A4 and UGT1A9)	2	SPECIES
in vitro (HEK 293 Cells Expressing Human UGT1A4 and UGT1A6)	2	SPECIES
in vitro (HEK 293 Cell Homogenate Coexpressing Human UGT1A4 and UGT1A9)	2	SPECIES
Mouse (Tuberculosis Infected)	2	SPECIES
in vitro (Mouse Bladder Cytosol, NAT2 Knockout)	2	SPECIES
in vitro (Mouse Prostate Cytosol, NAT2 Knockout)	2	SPECIES
in vitro (Mouse Liver Microsomes, Ugt2 Knockout)	2	SPECIES
in vitro (Monkey Kidney Cell Lysate)	2	SPECIES
in vitro (Rat Aorta Smooth Muscle)	2	SPECIES
in vitro (Dog Vascular Tissue Homogenate)	2	SPECIES
in vitro (Human Glutathione Transferase)	2	SPECIES
in vitro (Bovine Pulmonary Artery)	2	SPECIES
in vitro (Rat Aorta Mitochondria)	2	SPECIES
in vitro (Pig Coronary Artery)	2	SPECIES
in vitro (Pig Kidney LLC-PK1 Cells Expressing Human ALDH2)	2	SPECIES
in vitro (Guinea Pig Aorta)	2	SPECIES
in vitro (Human Endothelial Progenitor Cells)	2	SPECIES
in vitro (Human Vascular Smooth Muscle Cells, HA-VSMC)	2	SPECIES
in vitro (Mouse Aorta)	2	SPECIES
in vitro (Mouse Liver Mitochondria, mtALDH(-/-))	2	SPECIES
in vitro (Mouse Liver Post-Mitochondrial Fraction, mtALDH(-/-))	2	SPECIES
in vitro (Mouse Aorta, mtALDH(-/-))	2	SPECIES
in vitro (Rat Aorta Microsomes, Anaerobic Conditions)	2	SPECIES
in vitro (Rabbit Aorta Tissue)	2	SPECIES
in vitro (Mouse Heart Mitochondria, ALDH-2(-/-))	2	SPECIES
in vitro (Turkey Liver)	2	SPECIES
Rat (Orchidectomized)	2	SPECIES
in vitro (Human Melanoma IGR-39 Cell Cytosol)	2	SPECIES
in vitro (Mouse Heart Homogenate, GST P-Null)	2	SPECIES
in vitro (Mouse Bladder Homogenate)	2	SPECIES
in vitro (Mouse Liver Homogenate, GST P-Null)	2	SPECIES
in vitro (Mouse Small Intestine Homogenate, GST P-Null)	2	SPECIES
in vitro (Mouse Stomach Homogenate, GST P-Null)	2	SPECIES
in vitro (Mouse Kidney Homogenate, GST P-Null)	2	SPECIES
in vitro (Mouse Lung Homogenate, GST P-Null)	2	SPECIES
in vitro (Mouse Bladder Homogenate, GST P-Null)	2	SPECIES
in vitro (Fish Liver Cytosol, White Sturgeon)	2	SPECIES
in vitro (Fish Liver Cytosol, Chinook Salmon)	2	SPECIES
in vitro (Rat Liver Cytosol, Postnatal)	2	SPECIES
in vitro (Rat Intestine Cytosol, Neonatal)	2	SPECIES
in vitro (COS-7 Cells Expressing Human UGT1A8)	2	SPECIES
in vitro (COS-7 Cells Expressing Human UGT1A10)	2	SPECIES
in vitro (COS-7 Cells Expressing Human UGT Isoenzymes)	2	SPECIES
in vitro (Rat Liver Microsomes, Partially Hepatectomized)	2	SPECIES
in vitro (Rat Kidney Microsomes, Partially Hepatectomized)	2	SPECIES
in vitro (Rat Small Intestine Microsomes, Partially Hepatectomized)	2	SPECIES
in vitro (Human Colorectal Adenocarcinoma Cells, LoVo)	2	SPECIES
in vitro (Rat Liver Periportal Cell Lysate)	2	SPECIES
in vitro (Rat Liver Perivenous Cell Lysate)	2	SPECIES
in vitro (Hamster Small Intestine Supernatant)	2	SPECIES
in vitro (Hamster Large Intestine Supernatant)	2	SPECIES
in vitro (Mouse Large Intestine Supernatant)	2	SPECIES
in vitro (Lymphoblastoid Cell Microsomes Expressing Human CYP2D6)	2	SPECIES
in vitro (Lymphoblastoid Cell Microsomes Expressing Human CYP2C8)	2	SPECIES
Rat (Liver Fibrosis-Induced)	2	SPECIES
in vitro (Human Enterocyte Homogenate)	2	SPECIES
in vitro (Pig Kidney Acylase)	2	SPECIES
in vitro (Rat Plasma Esterase)	2	SPECIES
Human (Adolescent, Asthma Patients)	2	SPECIES
in vitro (Neuro-2a Cell Membranes Expressing Human CYP2D6)	2	SPECIES
in vitro (Neuro-2a Cell Membranes Expressing Human CYP2D7)	2	SPECIES
Human (C/C188 Genotype)	2	SPECIES
Human (C/T188 Genotype)	2	SPECIES
Human (T/T188 Genotype)	2	SPECIES
in vitro (Microorganism Candida)	2	SPECIES
in vitro (Human Brain Arachnoid)	2	SPECIES
in vitro (Endothelial ECV 304 Cells)	2	SPECIES
in vitro (Endothelial ECV 304 Cells Expressing Glutathione Transferase)	2	SPECIES
Mouse (Obese)	2	SPECIES
in vitro (Mouse Olfactory Mucosa S9 Fraction, Female, Wild-Type)	2	SPECIES
in vitro (Mouse Olfactory Mucosa S9 Fraction, Female, Cyp2g1-Null)	2	SPECIES
in vitro (Mouse Lateral Nasal Gland S9 Fraction, Female, Wild-Type)	2	SPECIES
in vitro (Mouse Lateral Nasal Gland S9 Fraction, Female, Cyp2g1-Null)	2	SPECIES
in vitro (Mouse Liver Microsomes, Female, Cyp2g1-Null)	2	SPECIES
Human (Liver Failure Patients)	2	SPECIES
in vitro (Human Hepatoma Cells, Hep G2, Cultured)	2	SPECIES
Mouse (B6.MRL-Faslpr/J Strain)	2	SPECIES
in vitro (Mouse Olfactory Epithelium S9 Fraction)	2	SPECIES
in vitro (Murine Hepatocyte Supernatant, TAMH)	2	SPECIES
in vitro (Rat Liver Microsomes, Adrenalectomized)	2	SPECIES
in vitro (Rat Small Intestine Microsomes, Adrenalectomized)	2	SPECIES
in vitro (COS-7 Cell Homogenate Expressing Human UGT1A1)	2	SPECIES
in vitro (COS-7 Cell Homogenate Expressing Human UGT1A9)	2	SPECIES
in vitro (Human Kidney 293T Cells Expressing Human UGT1A1)	2	SPECIES
in vitro (Human Kidney 293T Cells Expressing Human UGT1A6)	2	SPECIES
in vitro (Human Kidney 293T Cells Expressing Human UGT1A9)	2	SPECIES
in vitro (Human Colon Epithelium Cells, HT-29)	2	SPECIES
in vitro (Human Polymorphonuclear Neutrophil Blood Cells)	2	SPECIES
in vitro (Rat Walker-256-Tumor)	2	SPECIES
Human (Rheumatoid Disease Patients)	2	SPECIES
Human (Skin Cancer Patients, Kidney Transplanted)	2	SPECIES
in vitro (HeLa Cells, Human Oligopeptide Transporter Gene Transfected)	2	SPECIES
in vitro (HepaRG Cells, 2D Cultured)	2	SPECIES
in vitro (HepaRG Cells, 3D Cultured)	2	SPECIES
in vitro (Human Hep G2/C3A Cells and Human Caco-2/TC7 Cells, Cocultured)	2	SPECIES
in vitro (Rat Respiratory Mucosa Microsomes)	2	SPECIES
in vitro (Human Liver Microsomes, Dihydralazine Treated)	2	SPECIES
in vitro (Escherichia coli Membranes)	2	SPECIES
in vitro (Rat Small Intestine Mucosa Cells)	2	SPECIES
in vitro (Rat Small Intestine Mucosa Cell Microsomes)	2	SPECIES
in vitro (Human Hepatocellular Carcinoma Huh-7 Cells Expressing Human AAD+	2	SPECIES
in vitro (Rat Novikoff Hepatoma)	2	SPECIES
in vitro (B-Lymphoblastoid Cell Microsomes Expressing Human CYP2D6)	2	SPECIES
Rat (Fetal)	2	SPECIES
in vitro (Human Leukemia Cells, HL/ara-C20, Cytarabine Resistant)	2	SPECIES
in vitro (Human Lymphoid Cell Extract, H9)	2	SPECIES
in vitro (Human Acute Myeloid Leukemia Cells)	2	SPECIES
Human (Male, Cancer Patients)	2	SPECIES
in vitro (Human Breast Adenocarcinoma Cells, MCF-7, Transfected)	2	SPECIES
in vitro (Human Cervix Adenocarcinoma Cells, HeLa, Transfected)	2	SPECIES
in vitro (Human Lung Carcinoma Cells, A549, Transfected)	2	SPECIES
in vitro (Human Lung Carcinoma Cells, NCI-H460)	2	SPECIES
in vitro (Human Colon Carcinoma Cells, HCT-15)	2	SPECIES
in vitro (Human Ovary Carcinoma Cells, OVCAR-4)	2	SPECIES
in vitro (Rat Heart Cells, Embryonic, H9c2)	2	SPECIES
in vitro (Human Heart Mitochondria)	2	SPECIES
in vitro (Human Plasma, Glucose-6-phosphate Dehydrogenase-Deficient)	2	SPECIES
in vitro (Human Erythrocytes, Glucose-6-phosphate Dehydrogenase-Deficient+	2	SPECIES
in vitro (Human Glioblastoma Astrocytoma Cells, U87-MG)	2	SPECIES
Sheep (Female, Nonpregnant)	2	SPECIES
in vitro (Human Leukemia Cells, HL-60/Puro)	2	SPECIES
in vitro (Human Leukemia Cells, HL-60/Bcl-2)	2	SPECIES
in vitro (Human Kidney 293 Cells Expressing Rat CYP2B1)	2	SPECIES
in vitro (Human Kidney 293 Cells Expressing Rat CYP2B1 and Cytochrome P45+	2	SPECIES
in vitro (Human Pancreas Tumor Cells Expressing Rat CYP2B1)	2	SPECIES
in vitro (Human Pancreas Tumor Cells Expressing Rat CYP2B1 and Cytochrome+	2	SPECIES
Mouse (Human Rhabdomyosarcoma Bearing)	2	SPECIES
in vitro (Pig Kidney Cortex Microsomes)	2	SPECIES
in vitro (Human Cells Expressing CYP3A4)	2	SPECIES
in vitro (Human Cells Expressing CYP2B6)	2	SPECIES
Human (Angina Pectoris Patients)	2	SPECIES
in vitro (Mouse Liver Cytosol, Aldehyde Oxidase-Deficient)	2	SPECIES
in vitro (Mouse Embryonic Fibroblasts and Rat Hepatocytes, Cocultured)	2	SPECIES
in vitro (Human Hep G2 Cells Coexpressing Human CYP2E1 and Human PGRMC1)	2	SPECIES
in vitro (Human Preadipocytes, Neurogenic Differentiated)	2	SPECIES
in vitro (Lymphoblastoid Cell Microsomes, Transfected)	2	SPECIES
in vitro (Fish Gonad S9 Fraction)	2	SPECIES
in vitro (Dog Liver Microsomes, Low GST Activity)	2	SPECIES
in vitro (Mouse Liver Microsomes, Male, AhR(+/+))	2	SPECIES
in vitro (Mouse Liver Microsomes, Female, AhR(+/+))	2	SPECIES
in vitro (Mouse Liver Microsomes, Male, AhR(-/-))	2	SPECIES
in vitro (Mouse Liver Microsomes, Female, AhR(-/-))	2	SPECIES
in vitro (Mouse Liver Microsomes, Aryl Hydrocarbon Receptor Knockout)	2	SPECIES
in vitro (Human Lymphoblast Cells Expressing Human CYP1B1)	2	SPECIES
in vitro (Human Lymphoblast Cells Expressing Human Isoenzymes)	2	SPECIES
in vitro (Human Kidney Microsomes 293 Expressing Rabbit CYP)	2	SPECIES
in vitro (Hamster Liver Nuclei)	2	SPECIES
in vitro (Mouse Liver Microsomes, Female, Postpartum)	2	SPECIES
in vitro (Human Breast Cancer Cell Lysate)	2	SPECIES
in vitro (Rat Transfected Thymocytes)	2	SPECIES
in vitro (Human Cervix Carcinoma Cell Homogenate)	2	SPECIES
in vitro (COS-1 Cells Expressing Guinea Pig UGT2B21 and UGT2B22)	2	SPECIES
in vitro (HeLa Cells Expressing Human 15-Hydroxyprostaglandin Dehydrogena+	2	SPECIES
in vitro (Rabbit Corpus Luteum Cytosol)	2	SPECIES
in vitro (Duck Heart Supernatant)	2	SPECIES
in vitro (Mouse Fibroblast Microsomes, Embryonic)	2	SPECIES
in vitro (Mouse Liver Microsomes, Epoxide Hydrolase-Null)	2	SPECIES
in vitro (Mouse Spleen Microsomes, Wild-Type)	2	SPECIES
in vitro (Mouse Spleen Microsomes, Epoxide Hydrolase-Null)	2	SPECIES
in vitro (Rat Liver Microsomes, Male, Immature)	2	SPECIES
in vitro (Rat Liver Microsomes, Male, Mature)	2	SPECIES
in vitro (Rat Liver Microsomes, Male, Sham-Operated)	2	SPECIES
in vitro (Rat Hepatoma Microsomes)	2	SPECIES
in vitro (Selenastrum capricurnutum)	2	SPECIES
in vitro (Human Oral Mucosa Epithelium Cells)	2	SPECIES
in vitro (Human Lymphocytes and Rat Liver S9 Fraction)	2	SPECIES
in vitro (Mouse Hepatocytes, Xpa(-/-)p53(+/-))	2	SPECIES
in vitro (Human Pancreas Duct Epithelium Cells, HPDE6-C7, BRCA1 Knockdown+	2	SPECIES
in vitro (Human Pancreas Duct Epithelium Cells, HPDE6-C7, AhR Knockdown)	2	SPECIES
in vitro (Human Lung Adenocarcinoma Cells, CL3)	2	SPECIES
in vitro (Rat Ovary Microsomes, 3-Methylcholanthrene Treated)	2	SPECIES
Rat (Bladder Catheterized)	2	SPECIES
in vitro (Tilapia Gill Microsomes)	2	SPECIES
in vitro (Human Lung Microsomes, Cancer Patients)	2	SPECIES
in vitro (Parenchymal Cells)	2	SPECIES
in vitro (Nonparenchymal Cells)	2	SPECIES
in vitro (Rat Liver Microsomes, Female, Virgin)	2	SPECIES
in vitro (Human Cells, Embryonic)	2	SPECIES
in vitro (Rat Liver Microsomes, 4-(3-Iodo-2-oxopropylidene)-2,2,3,5,5-pen+	2	SPECIES
in vitro (Rabbit Endometrium Cells)	2	SPECIES
in vitro (Dog Lung Microsomes, Young)	2	SPECIES
in vitro (Dog Lung Microsomes, Adult)	2	SPECIES
in vitro (Human Hep G2 Cells Expressing Human CYP1A1)	2	SPECIES
in vitro (Human Hep G2 Cells Expressing Human CYP2C8)	2	SPECIES
in vitro (Human Hep G2 Cells Expressing Human CYP1A2)	2	SPECIES
in vitro (Human Hep G2 Cells Expressing Human CYP1B1)	2	SPECIES
in vitro (Human Hep G2 Cells Expressing Human CYP2B6)	2	SPECIES
in vitro (Human Hep G2 Cells Expressing Human CYP2C19)	2	SPECIES
in vitro (Human Hep G2 Cells Expressing Human CYP3A5)	2	SPECIES
in vitro (Human Hep G2 Cells Expressing Human CYP3A7)	2	SPECIES
in vitro (Human Skin Medium Layer)	2	SPECIES
Rat (Trachea Cannulated)	2	SPECIES
Rabbit (Trachea Cannulated)	2	SPECIES
in vitro (Mouse Liver Microsomes, Cyp2abfgs(-/-))	2	SPECIES
in vitro (Mouse Liver Microsomes, Transgenic, Cyp2abfgs(-/-), Human CYP2B+	2	SPECIES
Mouse (Transgenic, Human CYP3A4/CYP3A7/CYP2D6/CYP2C9, Human PXR/CAR)	2	SPECIES
Rat (Acute Peripheral Inflammation-Induced)	2	SPECIES
in vitro (Rat Everted Intestine Segment Perfusion)	2	SPECIES
Bird (Bobwhite Quail)	2	SPECIES
Human (Adolescent, Overweight)	2	SPECIES
in vitro (LS174T Cells)	2	SPECIES
in vitro (Human Hep G2 Cells Coexpressing Human CYP3A4 and Human PGRMC1)	2	SPECIES
in vitro (Mouse Liver Microsomes, Transgenic, Expressing Human CYP3A4 and+	2	SPECIES
in vitro (Macaque Monkey Liver S9 Fraction, Female)	2	SPECIES
in vitro (Macaque Monkey Intestine S9 Fraction, Female)	2	SPECIES
Human (HCV and HIV Infected Patients)	2	SPECIES
in vitro (Human Hepatocytes, Immortalized)	2	SPECIES
Human (Hypothyroid Patients)	2	SPECIES
in vitro (293FT Cells, Transfected)	2	SPECIES
in vitro (293FT Cells)	2	SPECIES
Human (Oxidoreductase-Deficient)	2	SPECIES
in vitro (Mouse Resistant Erythroleukemia Cells)	2	SPECIES
in vitro (Pig Liver Esterase)	2	SPECIES
Human (Behcet's Disease Patients)	2	SPECIES
Human (Female, Postmenopausal, Middle-Aged)	2	SPECIES
Human (Female, Postmenopausal, Elderly)	2	SPECIES
in vitro (Human Rhabdomyosarcoma Cells)	2	SPECIES
in vitro (Human Breast Carcinoma MCF7/VP Cells, Transfected)	2	SPECIES
in vitro (Human Red Blood Cells, Children)	2	SPECIES
in vitro (Human T-Lymphocyte Cells, Jurkat, TMPT Knockdown)	2	SPECIES
in vitro (Human Red Blood Cells, Inflammatory Bowel Disease Patients)	2	SPECIES
in vitro (Mouse Leukemia Cell Extract, L1210, Transfected)	2	SPECIES
in vitro (Rat Upper Small Intestine Cytosol)	2	SPECIES
in vitro (Rat Lower Small Intestine Cytosol)	2	SPECIES
in vitro (Mouse Upper Small Intestine Cytosol)	2	SPECIES
in vitro (Mouse Lower Small Intestine Cytosol)	2	SPECIES
in vitro (Mouse Large Intestine Cytosol)	2	SPECIES
in vitro (Monkey Upper Small Intestine Cytosol)	2	SPECIES
in vitro (Monkey Lower Small Intestine Cytosol)	2	SPECIES
in vitro (Monkey Large Intestine Cytosol)	2	SPECIES
in vitro (Human Upper Small Intestine Cytosol)	2	SPECIES
in vitro (Monkey Small Intestine Cytosol)	2	SPECIES
in vitro (Dog Brain Cytosol)	2	SPECIES
Human (Neonatal, Preterm)	2	SPECIES
in vitro (Human Kidney 293 Cell Membranes Expressing Baboon UGT2B39, Embr+	2	SPECIES
in vitro (Human Kidney 293 Cell Membranes Expressing Baboon UGT2B44, Embr+	2	SPECIES
in vitro (Human Kidney 293 Cell Membranes Expressing Baboon UGT Isoenzyme+	2	SPECIES
in vitro (HEK 293 Cells Coexpressing UGT2B7 and Human MRP1)	2	SPECIES
in vitro (HEK 293 Cells Coexpressing UGT2B7 and Human MRP2)	2	SPECIES
in vitro (HEK 293 Cells Expressing UGT2B7)	2	SPECIES
in vitro (Human Kidney HEK 293 Cells Expressing Human UGT2B7 and MRP3)	2	SPECIES
in vitro (Rat Liver Microsomes, Heroin Treated)	2	SPECIES
in vitro (COS Cell Microsomes Expressing UGT2B7)	2	SPECIES
Human (Homozygous, Wild-Type)	2	SPECIES
Human (Heterozygous)	2	SPECIES
Human (Homozygous, Variant 118G Allele)	2	SPECIES
Human (Indian)	2	SPECIES
in vitro (Guinea Pig Colonic Epithelium Cells)	2	SPECIES
Mouse (Mrp2(-/-)Mrp3(-/-))	2	SPECIES
in vitro (Human Kidney 293 Cells Expressing Human UGT2B10)	2	SPECIES
in vitro (Human Kidney Microsomes, Fetal)	2	SPECIES
in vitro (Human Duodenum S9 Fraction, Children)	2	SPECIES
in vitro (COS-7 Cell Microsomes Expressing Human CYP2D6)	2	SPECIES
Human (Mexican American)	2	SPECIES
in vitro (Dog Liver Microsomes, Greyhound)	2	SPECIES
in vitro (HEK 293 Cells Expressing Human UGT1A9 and UGT2B7)	2	SPECIES
in vitro (HEK 293 Cells Expressing Human UGT1A1 and UGT1A9)	2	SPECIES
in vitro (HEK 293 Cells Expressing Human UGT1A6 and UGT1A9)	2	SPECIES
in vitro (Human Kidney HEK 293 Cell Supernatant Expressing Human UGT1A9)	2	SPECIES
in vitro (HEK 293 Cell Homogenate Coexpressing Human UGT1A1 and UGT1A9)	2	SPECIES
in vitro (HEK 293 Cell Homogenate Coexpressing Human UGT1A6 and UGT1A9)	2	SPECIES
in vitro (V79 Cells Expressing Human UGT1A8)	2	SPECIES
Bird (Shelduck)	2	SPECIES
Bird (Gull)	2	SPECIES
in vitro (Pig Hepatocytes and Nonparenchymal Cells)	2	SPECIES
in vitro (Human Liver Microsomes Expressing Human CYP1A2)	2	SPECIES
Human (Lymphoma Patients)	2	SPECIES
in vitro (Human Cerebellum Microsomes)	2	SPECIES
in vitro (Human Striatum Microsomes)	2	SPECIES
in vitro (Human Thalamus Microsomes)	2	SPECIES
in vitro (Human B-Lymphoblastoid Cells Expressing Human CYP3A5)	2	SPECIES
in vitro (Human Lymphoblastoid Cells Expressing Human CYP2C19)	2	SPECIES
in vitro (Human Hepatoma Hep 3B Cell Cytosol)	2	SPECIES
in vitro (Hamster V79MZ Cells Expressing Human SULT1A1*1)	2	SPECIES
in vitro (Hamster V79MZ Cells Expressing Human SULT1A1*V)	2	SPECIES
in vitro (Hamster V79MZ Cells Expressing Human SULT1A3)	2	SPECIES
in vitro (Hamster V79MZ Cells Expressing Human SULT1B1)	2	SPECIES
in vitro (Hamster V79MZ Cells Expressing Human SULT1E1)	2	SPECIES
in vitro (Hamster V79MZ Cells Expressing Human SULT2A1)	2	SPECIES
in vitro (Hamster V79MZ Cells Expressing Human CYP1A2 and Human SULT1A2*1+	2	SPECIES
in vitro (Hamster V79MZ Cells Expressing Human CYP1A2 and Human SULT1A2*2+	2	SPECIES
in vitro (Hamster V79MZ Cells Expressing Rat SULT1E1)	2	SPECIES
in vitro (Human Endometrium Cytosol, Female, Secretory)	2	SPECIES
in vitro (Human Endometrium Cytosol, Female, Proliferative)	2	SPECIES
in vitro (COS-7 Cells Expressing Human Aryl Sulfotransferase)	2	SPECIES
in vitro (Green Monkey COS-7 Cells)	2	SPECIES
Mouse (Brachymorphic)	2	SPECIES
in vitro (Rat Liver Microsomes, F344)	2	SPECIES
in vitro (Mouse Liver Microsomes, Transgenic, Cyp2a5(-/-), Human CYP2E1)	2	SPECIES
in vitro (Mouse Liver Microsomes, Nrf2(-/-))	2	SPECIES
in vitro (Mouse Liver Microsomes, Transgenic, Human CYP2E1)	2	SPECIES
in vitro (Mouse Liver Homogenate, Peroxiredoxin 6 Knockout)	2	SPECIES
in vitro (Mouse Liver Homogenate, Transgenic, Overexpressing Peroxiredoxi+	2	SPECIES
in vitro (Rat Liver Microsomes, Benzo(a)pyrene Treated)	2	SPECIES
in vitro (Mouse Liver Microsomes, Cyp2e1-Null, Transgenic)	2	SPECIES
in vitro (Mouse Liver Microsomes, CCl4 Treated)	2	SPECIES
in vitro (Rat Trachea Microsomes)	2	SPECIES
in vitro (Human AHH1-TK+/- Cells Expressing Human CYP2E1)	2	SPECIES
in vitro (Mouse Lung S9 Fraction, Neonatal)	2	SPECIES
in vitro (Rat Mid Small Intestine Microsomes)	2	SPECIES
in vitro (Polecat Kidney Microsomes)	2	SPECIES
in vitro (Human Sigmoid Microsomes)	2	SPECIES
Mouse (Human Tumor Bearing, Transduced with Fusion Suicide Gene FCU1)	2	SPECIES
in vitro (Human Pancreas Cancer PANC-1 Cells Expressing Fusion Suicide Ge+	2	SPECIES
in vitro (Human Colon Carcinoma HCT 116 Cells Expressing Cytosine Deamina+	2	SPECIES
in vitro (Rat Prostate Adenocarcinoma Cells, Transfected)	2	SPECIES
in vitro (Human Lymphoblast Cells Expressing CYP2E1)	2	SPECIES
in vitro (Rat Uterus Cells)	2	SPECIES
Human (Female, Cancer Patients, Extensive Metabolizer)	2	SPECIES
Human (Female, Cancer Patients, Extensive Metabolizer, Heterozygous)	2	SPECIES
Human (Female, Cancer Patients, Intermediate Metabolizer)	2	SPECIES
Human (Female, Cancer Patients, Poor Metabolizer)	2	SPECIES
in vitro (Rat Intestine Lumen)	2	SPECIES
Human (Hypertensive, Elderly)	2	SPECIES
Human (6-12 Years)	2	SPECIES
Human (12-16 Years)	2	SPECIES
in vitro (Human Lung Cancer Cells, PC-6)	2	SPECIES
in vitro (Human Lung Cancer Cells, PC-6/Fu23-26)	2	SPECIES
in vitro (Human Peripheral Blood Mononuclear Cell Cytosol, Cancer Patient+	2	SPECIES
in vitro (Human Colon Mucosa Supernatant)	2	SPECIES
in vitro (Human Pulmonary Cell Culture NCI-H358)	2	SPECIES
in vitro (Peroxisomes)	2	SPECIES
in vitro (Microsomes)	2	SPECIES
in vitro (Horse Blood)	2	SPECIES
in vitro (Sheep Eye Vitreous Humor)	2	SPECIES
in vitro (Deer Muscle Homogenate)	2	SPECIES
Rhesus Monkey (Female, Pregnant, Chronically Treated)	2	SPECIES
in vitro (Human Colon Cells, T-84)	2	SPECIES
in vitro (Squirrel Monkey Plasma)	2	SPECIES
in vitro (Human Fecal Flora, Anaerobic Conditions)	2	SPECIES
in vitro (Mouse Fecal Flora, Anaerobic Conditions)	2	SPECIES
in vitro (Purified Peroxidase in Presence of H2O2 and Chloride)	2	SPECIES
Human (Female, Overdosed)	2	SPECIES
in vitro (Hamster Cells Expressing Human CYP3A4)	2	SPECIES
in vitro (Hamster CHL Cell S9 Fraction, Transfected)	2	SPECIES
in vitro (Mouse Intestine Microsomes, Liver-Cpr-Null)	2	SPECIES
Human (CYP2C9*3/*3 Genotype)	2	SPECIES
in vitro (Rat Liver Cytosol, Nephrectomized)	2	SPECIES
in vitro (Human Kidney Cells, 293FT, Transfected)	2	SPECIES
in vitro (Mouse Liver Microsomes, Cyp2c/Cyp2d/Cyp3a Knockout)	2	SPECIES
in vitro (Mouse Liver Microsomes, Male, Wild-Type)	2	SPECIES
in vitro (Guinea Pig Adrenal Cortex Microsomes, Extensive Metabolizer)	2	SPECIES
in vitro (Guinea Pig Adrenal Cortex Microsomes, Poor Metabolizer)	2	SPECIES
in vitro (Guinea Pig Testis Microsomes)	2	SPECIES
Human (Insomnia Patients)	2	SPECIES
in vitro (Pig Liver Mitochondrial Outer Membranes)	2	SPECIES
in vitro (Human Adipose Mitochondria)	2	SPECIES
in vitro (Human Adipose Microsomes)	2	SPECIES
in vitro (Human Intestine Mitochondria)	2	SPECIES
Human (Children, Autistic)	2	SPECIES
Human (Adult, Smoker)	2	SPECIES
Human (Elderly, Smoker)	2	SPECIES
in vitro (Rabbit Liver Microsomes, Phenobarbital Treated)	2	SPECIES
in vitro (HEK 293 Cell Microsomes Overexpressing UGT2B10)	2	SPECIES
in vitro (HEK 293 Cell Microsomes Overexpressing UGT1A4)	2	SPECIES
in vitro (Mouse Limb Bud Cells, Fetal)	2	SPECIES
in vitro (Human Cornea Epithelium Cells)	2	SPECIES
in vitro (Human Breast Cancer Tissue, Female, Premenopausal)	2	SPECIES
in vitro (Human Breast Cancer Tissue, Female, Postmenopausal)	2	SPECIES
in vitro (Hep G2 Cell Lysate Expressing Rat UGT1A2)	2	SPECIES
in vitro (Mouse Brain Microsomes, Transgenic, Ugt1(-/-), Human UGT1)	2	SPECIES
in vitro (HeLa Cells Overexpressing Human UGT1A1)	2	SPECIES
in vitro (HEK 293 Cells Expressing Human UGT1A1 and UGT2B7)	2	SPECIES
in vitro (HEK 293 Cells Expressing Human UGT1A1 and UGT1A6)	2	SPECIES
in vitro (HEK 293 Cell Microsomes Expressing Human UGT1A10)	2	SPECIES
in vitro (Hep G2 Cell Lysate Expressing Rat UGT1A1)	2	SPECIES
in vitro (Hep G2 Cell Lysate Expressing Rat UGT1A7)	2	SPECIES
in vitro (COS-1 Cells Expressing Human UGT1A7-T202A/G)	2	SPECIES
in vitro (COS-1 Cells Expressing Human UGT1A7-T73A/G)	2	SPECIES
in vitro (COS-1 Cells Expressing Human UGT1A10-T202A/G)	2	SPECIES
in vitro (COS-1 Cells Expressing Human UGT1A10-T73A/G)	2	SPECIES
in vitro (Human Ovary Epithelium Adenocarcinoma Cells, OV-90)	2	SPECIES
in vitro (Human Ovary Epithelium Adenocarcinoma Cells, TOV-21G)	2	SPECIES
in vitro (Human Ovary Epithelium Adenocarcinoma Cells, TOV-112D)	2	SPECIES
in vitro (HEK 293 Cells Expressing Human 17beta-HSD2)	2	SPECIES
in vitro (HEK 293 Cells Expressing Fish 17beta-HSD2)	2	SPECIES
in vitro (Human Kidney 293 Cells Expressing Human 17beta-HSD1)	2	SPECIES
in vitro (Human Kidney 293 Cells Expressing Human 17beta-HSD1-L36D)	2	SPECIES
in vitro (Rat Mammary Gland Homogenate)	2	SPECIES
in vitro (Rat Mammary Tumor Homogenate)	2	SPECIES
in vitro (Rat Mammary Tumor Microsomes)	2	SPECIES
Human (Female, Hysterectomized)	2	SPECIES
in vitro (Human Breast Cancer MDA-MB-361 Cells)	2	SPECIES
in vitro (Human Choriocarcinoma BeWo Cells)	2	SPECIES
in vitro (Human Endometrial Cancer Cells, HEC-1-B)	2	SPECIES
in vitro (Human Endometrial Cancer RL95-2 Cells)	2	SPECIES
in vitro (Pig Anterior Pituitary Homogenate)	2	SPECIES
in vitro (Pig Adrenal Homogenate)	2	SPECIES
in vitro (Pig Uterus Homogenate)	2	SPECIES
in vitro (Pig Mammary Gland Homogenate)	2	SPECIES
in vitro (Rat Prostate Culture)	2	SPECIES
in vitro (Human Kidney Adenocarcinoma ACHN Cell Microsomes)	2	SPECIES
in vitro (Hamster Liver, Kidney and Tumor Microsomes)	2	SPECIES
in vitro (Rat Liver Microsomes, ACI, Immature)	2	SPECIES
in vitro (Fish Ovary Homogenate)	2	SPECIES
in vitro (Fish Liver Nuclei)	2	SPECIES
in vitro (Fish Brain Microsomes)	2	SPECIES
in vitro (Mouse Colon Epithelium Cells, Pre-Malignant)	2	SPECIES
in vitro (Human Breast Cancer MDA-MB-157 Cells)	2	SPECIES
in vitro (Human Breast Cancer MDA-MB-436 Cells)	2	SPECIES
in vitro (Rat Abdominal Fat Microsomes)	2	SPECIES
in vitro (Rat Brain Stem Microsomes)	2	SPECIES
in vitro (Human Rectum Cytosol)	2	SPECIES
in vitro (Guinea Pig Chorion Cytosol)	2	SPECIES
Rabbit (Ischemic)	2	SPECIES
Rat (Long-Evans Cinnamon)	2	SPECIES
in vitro (Mouse Colon Mucosa)	2	SPECIES
in vitro (Rat Liver, Hypertensive)	2	SPECIES
in vitro (Guinea Pig Nasal Microsomes)	2	SPECIES
in vitro (Hamster Nasal Microsomes)	2	SPECIES
in vitro (Dog Nasal Microsomes)	2	SPECIES
in vitro (Human Keratinocyte S9 Fraction, HaCaT, KeratinoSens)	2	SPECIES
in vitro (Human Keratinocyte S9 Fraction, HaCaT, LuSens)	2	SPECIES
in vitro (Human Leukemia Cell S9 Fraction, U937)	2	SPECIES
in vitro (Human Leukemia Cell S9 Fraction, THP-1)	2	SPECIES
in vitro (Human Breast Cancer Cell Lysate, MCF-7)	2	SPECIES
in vitro (Human Stomach Adenocarcinoma Cell Cytosol, SC-M1)	2	SPECIES
in vitro (Rat Keratinocyte Cytosol)	2	SPECIES
in vitro (Human Colon Adenocarcinoma Cytosol)	2	SPECIES
in vitro (Human Prostate Carcinoma Cell Cytosol, PC-3)	2	SPECIES
in vitro (Pigeon Liver)	2	SPECIES
in vitro (Human Bladder Tumor Cell Cytosol)	2	SPECIES
in vitro (Human Colon Adenocarcinoma Cell Cytosol)	2	SPECIES
in vitro (Frog Bladder Cytosol)	2	SPECIES
in vitro (Frog Colon Cytosol)	2	SPECIES
in vitro (B-Lymphoblastoid Cells Expressing Human CYP2C9)	2	SPECIES
in vitro (Rat Ovary Corpus Luteum Cells)	2	SPECIES
in vitro (Human Bronchiole Epithelium)	2	SPECIES
in vitro (Human Breast Cancer Cells, MDA-MB-468, Methotrexate Resistant)	2	SPECIES
in vitro (Rat Brain Choroid Plexus)	2	SPECIES
in vitro (Fish Liver, Trematomus Bernacchii)	2	SPECIES
in vitro (Rat Hepatoma Cell Microsomes, H-4-II-E)	2	SPECIES
in vitro (Pig Corpus Luteum Cytosol)	2	SPECIES
in vitro (Pig Corpus Luteum Mitochondria)	2	SPECIES
in vitro (Human Colon Carcinoma Cells, Caco-2, Clone TC7)	2	SPECIES
in vitro (V79 Cells Expressing Human UGT1A6)	2	SPECIES
Human (Children, Arthritis Patients)	2	SPECIES
in vitro (Ram Seminal Vesicle Microsomes, Arachidonic Acid Treated)	2	SPECIES
in vitro (Pig Liver Flavin-Containing Monooxygenase)	2	SPECIES
Human (Infected)	2	SPECIES
in vitro (Guinea Pig Testis Cytosol)	2	SPECIES
in vitro (Rat Liver Perfusion, Diabetic)	2	SPECIES
Human (Mild Liver Cirrhosis Patients)	2	SPECIES
Human (Severe Liver Cirrhosis Patients)	2	SPECIES
Rat (Hepatic Bypass)	2	SPECIES
Rabbit (Sham-Operated)	2	SPECIES
Rabbit (Anhepatic)	2	SPECIES
in vitro (Mouse Liver Microsomes, GST P-Null)	2	SPECIES
in vitro (Mouse Liver Microsomes, Liver NADPH-Cytochrome P450 Reductase-N+	2	SPECIES
Human (Cardiopulmonary Bypass Surgery Patients)	2	SPECIES
in vitro (Rabbit Skin)	2	SPECIES
in vitro (Guinea Pig Intestine Mucosa)	2	SPECIES
in vitro (Rabbit Intestine Mucosa)	2	SPECIES
in vitro (Unspecified Calf Enzymes)	2	SPECIES
in vitro (Mouse Liver Microsomes, Colitis-Induced)	2	SPECIES
in vitro (Mouse Liver Microsomes, Low Fat Diet)	2	SPECIES
in vitro (Mouse Liver Microsomes, Middle Fat Diet)	2	SPECIES
in vitro (Mouse Liver Microsomes, Newborn)	2	SPECIES
in vitro (Mouse Liver Microsomes, Transgenic, Human CYP3A)	2	SPECIES
in vitro (Mouse Intestine Microsomes, Transgenic, Human CYP3A)	2	SPECIES
in vitro (Human Hepatocarcinoma Cells, FLC4)	2	SPECIES
in vitro (Mouse Small Intestine Mucosa Microsomes)	2	SPECIES
in vitro (Mouse Liver Microsomes, Transgenic, Cyp3a(-/-), Human CYP3A4)	2	SPECIES
in vitro (Mouse Intestine Microsomes, Transgenic, Cyp3a(-/-), Human CYP3A+	2	SPECIES
in vitro (Human Liver Microsomes, 14-20 Years)	2	SPECIES
in vitro (Human Liver Microsomes, 21-40 Years)	2	SPECIES
in vitro (Human Liver Microsomes, 61-72 Years)	2	SPECIES
Rat (Air Pouch-Induced)	2	SPECIES
in vitro (Rat Air Pouch Exudate)	2	SPECIES
Human (Peritonitis Patients)	2	SPECIES
in vitro (Guinea Pig Intestine Pieces)	2	SPECIES
Fish (Mosquito Fish)	2	SPECIES
in vitro (Rat Liver Albumin)	2	SPECIES
in vitro (Rat Liver Histone)	2	SPECIES
in vitro (Rat Liver DNA)	2	SPECIES
in vitro (Catfish Liver Microsomes, Male)	2	SPECIES
in vitro (Catfish Liver Microsomes, Female)	2	SPECIES
in vitro (Rat Adipose Homogenate, Brown)	2	SPECIES
in vitro (Rat Adipose Homogenate, White)	2	SPECIES
in vitro (Human AHH-1 Cell Microsomes, Transfected)	2	SPECIES
in vitro (beta-Lymphoblastoid Cell Microsomes Expressing Human CYP1A1)	2	SPECIES
in vitro (beta-Lymphoblastoid Cell Microsomes Expressing Human CYP2B6)	2	SPECIES
in vitro (beta-Lymphoblastoid Cell Microsomes Expressing Human CYP2C8)	2	SPECIES
in vitro (beta-Lymphoblastoid Cell Microsomes Expressing Human CYP2E1)	2	SPECIES
in vitro (Rabbit Lung Microsomes, Female)	2	SPECIES
in vitro (Rabbit Lung Microsomes, Male)	2	SPECIES
in vitro (Rat Zymbal Gland Microsomes)	2	SPECIES
in vitro (Human Intestine Perfusion)	2	SPECIES
in vitro (Mouse Blastocysts)	2	SPECIES
in vitro (Human Kidney HEK 293T Cells Expressing Fish UGT5C3)	2	SPECIES
in vitro (LS180 Cells)	2	SPECIES
in vitro (HEK 293 Cell Homogenate Expressing Human UGT1A6)	2	SPECIES
in vitro (Mouse Jejunum Homogenate)	2	SPECIES
in vitro (Human Adrenal Glands, Fetal)	2	SPECIES
in vitro (Human Duodenum Enterocytes)	2	SPECIES
in vitro (Human Jejunum Enterocytes)	2	SPECIES
in vitro (Mouse Ear Supernatant, Inflammatory)	2	SPECIES
in vitro (Rat Brain Supernatant, Hypertensive)	2	SPECIES
in vitro (Mouse Pancreas Supernatant)	2	SPECIES
in vitro (Hamster Bladder Microsomes)	2	SPECIES
in vitro (Human HK 293 Cell Microsomes Expressing Human UGT1A6)	2	SPECIES
in vitro (Human HK 293 Cell Microsomes Expressing Human UGT1A9)	2	SPECIES
in vitro (V79 Cell Microsomes Expressing Human UGT1A3)	2	SPECIES
in vitro (V79 Cell Microsomes Expressing Human UGT1A7)	2	SPECIES
in vitro (V79 Cell Microsomes Expressing Human UGT1A8)	2	SPECIES
in vitro (V79 Cell Microsomes Expressing Human UGT1A10)	2	SPECIES
in vitro (V79 Cell Microsomes Expressing Human UGT1A1)	2	SPECIES
in vitro (Human HK 293 Cell Microsomes Expressing Human UGT Isoenzymes)	2	SPECIES
in vitro (Rat Salivary Glands)	2	SPECIES
in vitro (Mouse Liver Supernatant, Transgenic)	2	SPECIES
in vitro (Human Glioblastoma Cells, U373-MG)	2	SPECIES
in vitro (3T3.NTR3X5 Cells)	2	SPECIES
in vitro (Sheep Cecum Microsomes)	2	SPECIES
in vitro (Horse Liver Cytosol)	2	SPECIES
in vitro (Horse Liver Alcohol Dehydrogenase)	2	SPECIES
in vitro (Mouse Lymphoblast Cells, P388)	2	SPECIES
in vitro (Rat Esophagus Supernatant)	2	SPECIES
in vitro (CHO Cells Expressing Pig Placenta Aromatase)	2	SPECIES
in vitro (CHO Cells Expressing Pig Blastocyst Aromatase)	2	SPECIES
in vitro (Human Liver Slices, Cultured)	2	SPECIES
in vitro (Human Ovary Epithelium Adenocarcinoma Cells, OV-90, Monolayer)	2	SPECIES
in vitro (Human Kidney 293 Cells Expressing Human 17beta-HSD3)	2	SPECIES
in vitro (Hamster Lung Fibroblast V79 Cells Expressing Horse CYP3A95)	2	SPECIES
in vitro (COS-1 Cells Expressing Human SRD5A1)	2	SPECIES
in vitro (COS-1 Cells Expressing Human SRD5A2)	2	SPECIES
in vitro (Human Prostate Membranes)	2	SPECIES
in vitro (Monkey COS-7 Cells, Transfected)	2	SPECIES
in vitro (Hamster Seminal Vesicle Homogenate)	2	SPECIES
in vitro (Human Brain Homogenate, Female)	2	SPECIES
in vitro (Human Brain Homogenate, Male)	2	SPECIES
in vitro (Rat Testis Slices)	2	SPECIES
in vitro (Frog Liver, Female)	2	SPECIES
in vitro (Frog Liver, Male)	2	SPECIES
in vitro (Rat Ovary Denucleated Fraction)	2	SPECIES
in vitro (Mouse Liver, Male, Neonatal)	2	SPECIES
in vitro (Human Skeletal Muscle)	2	SPECIES
in vitro (Human Breast Cancer Cells, LNCaP)	2	SPECIES
in vitro (Human Prostate Cancer MCF-7 Cells)	2	SPECIES
in vitro (Human Hepatoma Cells, Hep 3B, Transfected)	2	SPECIES
in vitro (Rat Liver Microsomes, Liver Ischemia-Reperfusion Injury)	2	SPECIES
in vitro (Human Ovary Cancer 1847 Cells, Transfected)	2	SPECIES
in vitro (Pig Hepatocyte Microsomes)	2	SPECIES
in vitro (Rat Liver Microsomes, Malaria Infected)	2	SPECIES
in vitro (Human Lymphoblast Cell Microsomes Expressing CYP3A4 and Cytochr+	2	SPECIES
in vitro (Rat Brain Microsomes, Male)	2	SPECIES
in vitro (COS-1 Cells Expressing Rat CYP3A62)	2	SPECIES
in vitro (Rat Liver Microsomes, Male, Postpubertal)	2	SPECIES
in vitro (HEK 293 Cell Homogenate Coexpressing Human UGT1A10 and UGT2A1)	2	SPECIES
in vitro (HEK 293 Cells Expressing Human Chimeric UGT2B7-15(61-194)-7)	2	SPECIES
in vitro (Mouse Olfactory Mucosa Microsomes, Wild-Type)	2	SPECIES
in vitro (Mouse Olfactory Mucosa Microsomes, Cyp2g1-Null)	2	SPECIES
in vitro (Frog Indifferent Gonad)	2	SPECIES
in vitro (Rat Olfactory Bulb)	2	SPECIES
in vitro (Rat Neurointermediate Lobe Homogenate)	2	SPECIES
in vitro (Rock Hyrax Corpus Luteum)	2	SPECIES
in vitro (Human Prostate Cancer Cells, C4-2AT6)	2	SPECIES
in vitro (Human Prostate Cancer Cells, C4-2)	2	SPECIES
in vitro (Fish Ovary Follicle Microsomes)	2	SPECIES
in vitro (COS-1 Cells Expressing Human CYP17-Arg440Cys)	2	SPECIES
in vitro (Rat Testis Microsomes, 30 Days)	2	SPECIES
in vitro (Cattle Adrenal Microsomes)	2	SPECIES
in vitro (Cattle Aorta Endothelial Cells, Transfected)	2	SPECIES
in vitro (Bird Brain, Quail)	2	SPECIES
in vitro (Bovine Endometrium Cells)	2	SPECIES
in vitro (Human Kidney 293T Cells Expressing Human CYP21A2)	2	SPECIES
in vitro (Human Kidney 293T Cells Expressing Human CYP21A2-H365Y)	2	SPECIES
in vitro (Human Kidney 293T Cells Expressing Human CYP21A2-R356W)	2	SPECIES
in vitro (Rabbit Hepatocyte Microsomes, Rifampicin Treated)	2	SPECIES
in vitro (Chicken Cecum Slices)	2	SPECIES
in vitro (Chicken Jejunum Slices)	2	SPECIES
in vitro (HEK 293 Cells Expressing Human 11beta-HSD)	2	SPECIES
in vitro (HEK 293 Cells Expressing Human Hexose 6-Phosphate Dehydrogenase+	2	SPECIES
in vitro (HEK 293 Cells Expressing Human 11beta-HSD and Human Hexose 6-Ph+	2	SPECIES
in vitro (Pig Testis Homogenate)	2	SPECIES
in vitro (Pig Reproductive Tract Homogenate)	2	SPECIES
in vitro (Mouse Preadipocytes, 3T3-L1)	2	SPECIES
in vitro (Human Orbital Preadipocytes)	2	SPECIES
in vitro (Bovine Ovary Granulosa Cell Homogenate)	2	SPECIES
in vitro (Bovine Ovary Luteal Cell Homogenate)	2	SPECIES
in vitro (Rabbit Eye Ciliary Body)	2	SPECIES
in vitro (Rabbit Cornea Epithelium Cells)	2	SPECIES
in vitro (Rabbit Conjunctiva Fibroblasts)	2	SPECIES
in vitro (Rabbit Keratocytes)	2	SPECIES
in vitro (Guinea Pig Kidney Slices)	2	SPECIES
in vitro (Human Granulosa Cells, Luteinizing)	2	SPECIES
in vitro (Hamster Ovary Cells Expressing Sheep 11beta-Hydroxysteroid Dehy+	2	SPECIES
in vitro (CHOP Cells Transfected with 11beta-Hydroxysteroid Dehydrogenase+	2	SPECIES
in vitro (Baboon Placenta, Female, Pregnant)	2	SPECIES
in vitro (Baboon Decidua, Female, Pregnant)	2	SPECIES
in vitro (Baboon Chorion, Female, Pregnant)	2	SPECIES
in vitro (Guinea Pig Kidney Cortex Microsomes)	2	SPECIES
in vitro (Sheep Placenta Homogenate)	2	SPECIES
in vitro (CHO Cell Homogenate Expressing Sheep 11beta-HSD1A)	2	SPECIES
in vitro (CHO Cell Homogenate Expressing Sheep 11beta-HSD1C)	2	SPECIES
in vitro (Mouse CV-1 Cells)	2	SPECIES
in vitro (Rabbit Ear Skin Homogenate)	2	SPECIES
in vitro (Rat Adrenal Gland Mitochondria)	2	SPECIES
in vitro (Hamster Lung Cells, V79-4)	2	SPECIES
in vitro (HEp-2 Cell Supernatant)	2	SPECIES
in vitro (F442A Cells)	2	SPECIES
in vitro (Rat Heart Aorta)	2	SPECIES
in vitro (Guinea Pig Heart Cells)	2	SPECIES
in vitro (Rat Brain Cell Membranes, OB1771)	2	SPECIES
in vitro (Rat Pituitary GH3 Cells, Transfected)	2	SPECIES
in vitro (Rat Adrenal Cortex Glomerulosa Cells)	2	SPECIES
in vitro (Rat Fibroblasts Expressing Chimeric BKB2R/EP2R Receptors)	2	SPECIES
in vitro (Cultured Tumor Cells)	2	SPECIES
in vitro (Human Keratinocyte Cytosol, HaCaT, KeratinoSens)	2	SPECIES
in vitro (Human Keratinocyte Cytosol, HaCaT, LuSens)	2	SPECIES
in vitro (Human Leukemia Cell Cytosol, U937)	2	SPECIES
in vitro (Human Leukemia Cell Cytosol, THP-1)	2	SPECIES
Mouse (Aldh2(+/+))	2	SPECIES
Mouse (Aldh2(+/-))	2	SPECIES
Mouse (Aldh2(-/-))	2	SPECIES
in vitro (Human Liver S0.6 Fraction)	2	SPECIES
in vitro (Rat Tongue Homogenate)	2	SPECIES
in vitro (Rat Esophagus Homogenate)	2	SPECIES
in vitro (Rat Breast Cytosol, Female, Post-Lactating)	2	SPECIES
in vitro (Rat Large Intestine Mucosa)	2	SPECIES
in vitro (Rat Rectum Mucosa)	2	SPECIES
in vitro (Human Gastric Mucosa Cytosol)	2	SPECIES
in vitro (Human Gingiva Supernatant)	2	SPECIES
in vitro (Human Tongue Supernatant)	2	SPECIES
in vitro (Rat Skeletal Muscle Cytosol)	2	SPECIES
in vitro (Rat Liver Nuclei, Aerobic Conditions)	2	SPECIES
in vitro (Rat Liver Nuclei, Anaerobic Conditions)	2	SPECIES
in vitro (Ferret Blood)	2	SPECIES
in vitro (Human Blood Lymphocytes)	2	SPECIES
in vitro (Bacillus subtilis)	2	SPECIES
Human (Female, Postpartum, Malaria Patients)	2	SPECIES
in vitro (Human Ovary Carcinoma Microsomes)	2	SPECIES
in vitro (Mouse Tumor, Human MCF-7Ca Xenograft)	2	SPECIES
in vitro (Fish Brain Homogenate, Female)	2	SPECIES
in vitro (Fish Brain Homogenate, Male)	2	SPECIES
in vitro (Rat Brain Homogenate, Female)	2	SPECIES
in vitro (Rat Brain Homogenate, Male)	2	SPECIES
in vitro (Frog Brain Homogenate, Female)	2	SPECIES
in vitro (Frog Brain Homogenate, Male)	2	SPECIES
in vitro (Human Adipose Stromal Cells)	2	SPECIES
in vitro (Human Endometrium Stromal Cells)	2	SPECIES
in vitro (Fish Brain S9 Fraction)	2	SPECIES
in vitro (Human Mesenchymal Stem Cells, Adipogenic Differentiated)	2	SPECIES
in vitro (Human Ovary Epithelium Carcinoma Cells, NIH:OVCAR-3)	2	SPECIES
in vitro (Human Breast Adipose Fibroblasts)	2	SPECIES
in vitro (Human Placenta Choriocarcinoma Cells, JAR)	2	SPECIES
in vitro (Rat Brain Amygdala Homogenate)	2	SPECIES
in vitro (Human Kidney HEK 293 Cell Homogenate, Embryonic, Transfected)	2	SPECIES
in vitro (HEK 293 Cell Homogenate)	2	SPECIES
in vitro (Rat Adenoma Leydig Cells)	2	SPECIES
in vitro (HEK 293 Cells Expressing Human 5alpha-Reductase 1)	2	SPECIES
in vitro (HEK 293 Cells Expressing Human 5alpha-Reductase 2)	2	SPECIES
in vitro (Human Benign Prostate Hyperplasia Tissue Microsomes)	2	SPECIES
in vitro (Mouse Lung Epithelium Clara Cells)	2	SPECIES
Mouse (N-Acetyltransferase-Deficient)	2	SPECIES
in vitro (Mouse Liver Cytosol, N-Acetyltransferase-Deficient)	2	SPECIES
in vitro (Mouse Kidney Cytosol, N-Acetyltransferase-Deficient)	2	SPECIES
in vitro (Mouse Lung Cytosol, N-Acetyltransferase-Deficient)	2	SPECIES
in vitro (Mouse Colon Cytosol, N-Acetyltransferase-Deficient)	2	SPECIES
in vitro (Mouse Bladder Cytosol, N-Acetyltransferase-Deficient)	2	SPECIES
in vitro (Mouse Spleen Cytosol, N-Acetyltransferase-Deficient)	2	SPECIES
in vitro (Mouse Cortex Cytosol, N-Acetyltransferase-Deficient)	2	SPECIES
Mouse (Nrf2 Knockout)	2	SPECIES
in vitro (Human Pancreas, Smoker)	2	SPECIES
in vitro (Human Pancreas, Non-Smoker)	2	SPECIES
in vitro (Human Breast Cytosol)	2	SPECIES
in vitro (Mouse Liver Microsomes and Lung Cytosol)	2	SPECIES
in vitro (Mouse Liver Microsomes and Rat Lung Cytosol)	2	SPECIES
in vitro (Human Bronchial Epithelium Cells, MucilAir)	2	SPECIES
in vitro (NCI-H292 Cells)	2	SPECIES
Human (Male, Thai)	2	SPECIES
Human (Female, Thai)	2	SPECIES
in vitro (Human Colon Cancer Cell Microsomes, DLD-1, Transfected)	2	SPECIES
in vitro (Human Colon Cancer Cell Microsomes, DLD-1)	2	SPECIES
in vitro (Human AHH1-TK+/- Cells Expressing Human CYP2A6)	2	SPECIES
Mouse (Human Colon Carcinoma Xenograft Bearing)	2	SPECIES
in vitro (Mouse Plasma, Abcb1a/1b(-/-))	2	SPECIES
in vitro (Mouse Plasma, Abcg2(-/-))	2	SPECIES
in vitro (Mouse Plasma, Abcb1a/1b(-/-)/Abcg2(-/-))	2	SPECIES
Mouse (Mdr1a(+/+))	2	SPECIES
Mouse (Human HT-29 Xenograft Bearing)	2	SPECIES
in vitro (Rat Small Intestine Epithelium Microsomes)	2	SPECIES
in vitro (HEK 293 Cell Microsomes Expressing hCE-2)	2	SPECIES
in vitro (HEK 293 Cell Microsomes Expressing hCE-1)	2	SPECIES
Mouse (Human Stomach Cancer Cells Inoculated)	2	SPECIES
in vitro (Human Colorectal Tumor Homogenate)	2	SPECIES
in vitro (Human Colon Mucosa Homogenate)	2	SPECIES
in vitro (Mouse Esophagus)	2	SPECIES
in vitro (COS-7 Cell Extract, Transfected)	2	SPECIES
in vitro (Human Glioblastoma Cells, U87)	2	SPECIES
in vitro (Human Colorectal Adenocarcinoma HT-29 Cells Expressing Human Ca+	2	SPECIES
in vitro (Human Colon Cancer LoVo Cell Microsomes)	2	SPECIES
in vitro (Human Rectum S9 Fraction)	2	SPECIES
in vitro (Mouse Brain Extract, Esterase-Deficient)	2	SPECIES
in vitro (Mouse Heart Extract)	2	SPECIES
in vitro (Mouse Heart Extract, Esterase-Deficient)	2	SPECIES
in vitro (Mouse Kidney Extract)	2	SPECIES
in vitro (Mouse Kidney Extract, Esterase-Deficient)	2	SPECIES
in vitro (Mouse Liver Extract, Esterase-Deficient)	2	SPECIES
in vitro (Mouse Lung Extract)	2	SPECIES
in vitro (Mouse Lung Extract, Esterase-Deficient)	2	SPECIES
in vitro (Mouse Small Intestine Extract, Esterase-Deficient)	2	SPECIES
in vitro (Mouse Spleen Extract)	2	SPECIES
in vitro (Mouse Spleen Extract, Esterase-Deficient)	2	SPECIES
in vitro (Rat Ovary Tumor Perfusion)	2	SPECIES
in vitro (Frog Kidney Cytosol)	2	SPECIES
in vitro (Frog Gut Cytosol)	2	SPECIES
in vitro (Rat Intestine Cell Cytosol)	2	SPECIES
in vitro (Human Lymphoblast Cell Microsomes Expressing CYP1A1)	2	SPECIES
in vitro (Hep G2 Cell Microsomes Expressing Human CYP1A1)	2	SPECIES
in vitro (Human MCF-7 Cell Microsomes Expressing Human CYP1A1)	2	SPECIES
in vitro (Human Hep G2 Cells Coexpressing Human CYP2C9 and Human PGRMC1)	2	SPECIES
Human (Echinococcosis Patients)	2	SPECIES
in vitro (Mouse Mesencephalon Cells, MN9D)	2	SPECIES
in vitro (Mouse Mesencephalon MN9D Cells Expressing alpha-Synuclein)	2	SPECIES
in vitro (PC-12 Cells Expressing alpha-Synuclein)	2	SPECIES
in vitro (Rat Striatum Neurons, Embryonic)	2	SPECIES
in vitro (Melanoma Cells, B16-F10)	2	SPECIES
in vitro (Mouse Melanocytes, Mel-Ab)	2	SPECIES
in vitro (Fish Embryo)	2	SPECIES
in vitro (Human Melanoma Cells, SK-MEL-2)	2	SPECIES
in vitro (Mouse Melanoma Cell Supernatant, B16)	2	SPECIES
in vitro (Melanoma Cells, B16)	2	SPECIES
in vitro (Melanoma Cell Lysate, B16)	2	SPECIES
in vitro (B16-F10 Cells)	2	SPECIES
in vitro (Saccharomyces cerevisiae Microsomes, Yeast)	2	SPECIES
Mouse (Mouse GI261 Tumor Bearing)	2	SPECIES
Human (Children, Bone Marrow Transplanted Patients)	2	SPECIES
in vitro (Human Lymphoblast Cell Microsomes Expressing Human CYP3A7)	2	SPECIES
in vitro (Rat Ileum Fluid)	2	SPECIES
in vitro (Rat Small Intestine Content Supernatant)	2	SPECIES
in vitro (Rat Gut Contents)	2	SPECIES
in vitro (Rat Liver Cytochromes P4502C6 and P4502C12)	2	SPECIES
in vitro (HEK 293 Cells Expressing Human UGT2B4)	2	SPECIES
in vitro (HEK 293 Cells Expressing Human UGT1A6 and UGT2B7)	2	SPECIES
Micropig	2	SPECIES
in vitro (Rat Aorta Endothelial Cells)	2	SPECIES
in vitro (Rat Hippocampus, Dental Gyrus)	2	SPECIES
in vitro (Rat Hippocampus, CA1 Region)	2	SPECIES
in vitro (Rat Hippocampus, CA2/3 Region)	2	SPECIES
in vitro (Rat Aorta Homogenate, Hypertensive)	2	SPECIES
in vitro (Rat Kidney Medulla Homogenate)	2	SPECIES
in vitro (Rat Liver Nodule Supernatant)	2	SPECIES
in vitro (Rat Atria)	2	SPECIES
in vitro (Rat Cortex Cytosol)	2	SPECIES
in vitro (Rat Sceletal Muscle Homogenate)	2	SPECIES
in vitro (Human Endothelial Cells, ECV304)	2	SPECIES
in vitro (Human Keratinocyte Plasma Membranes)	2	SPECIES
in vitro (Rat Blood Neutrophils)	2	SPECIES
in vitro (Catechol O-Methyltransferase)	2	SPECIES
in vitro (Rat Liver Microsomes, Arthritic)	2	SPECIES
in vitro (Human Liver Microsomes, Postnatal)	2	SPECIES
Mouse (Mrp2/Mrp3(-/-))	2	SPECIES
Mouse (Mrp3/Bcrp1(-/-))	2	SPECIES
Mouse (Mrp2/Mrp3/Bcrp1(-/-))	2	SPECIES
in vitro (Human Skin Fibroblasts and Keratinocytes)	2	SPECIES
in vitro (Human Adipose Cytosol)	2	SPECIES
in vitro (Human Adipose Membranes)	2	SPECIES
in vitro (Monkey Kidney COS-1 Cells Expressing Human AKR1C9)	2	SPECIES
in vitro (Human Prostate Cancer PC-3 Cells Expressing Human AKR1C2)	2	SPECIES
in vitro (Human Kidney 293 Cells Expressing Human Retinol Dehydrogenase)	2	SPECIES
in vitro (HEK 293 Cells Expressing Human 17beta-HSD7)	2	SPECIES
in vitro (Human Cardiomyocytes)	2	SPECIES
in vitro (Human Intestine Epithelium Cell Microsomes, Caco-2)	2	SPECIES
in vitro (Human Intestine Epithelium Cell Microsomes, Caco-2, Clone TC7)	2	SPECIES
in vitro (Human Lymphoblast Cells Expressing CYP2A6)	2	SPECIES
in vitro (HeLa Cell Cytoplasm)	2	SPECIES
in vitro (Human Lung Cancer Cells, A549c50)	2	SPECIES
in vitro (Human Lung Cancer Cells, A549c50, Clone 10)	2	SPECIES
in vitro (Human Lung Cancer Cells, A549c50, Clone 46)	2	SPECIES
in vitro (Human Brain Aspirate, Brain Tumor Patients)	2	SPECIES
in vitro (Mouse Mammary Tumor Cell Cytosol)	2	SPECIES
in vitro (Cultured Cells, all-trans-Retinoic Acid Resistant)	2	SPECIES
in vitro (Human Keratinocyte Microsomes, HaCaT)	2	SPECIES
in vitro (Chinese Hamster Ovary Cell Microsomes Coexpressing Human CYP2S1+	2	SPECIES
in vitro (Ferret Lung Microsomes)	2	SPECIES
in vitro (Human Lymphoblast Microsomes Expressing Human CYP2C18)	2	SPECIES
in vitro (Human Lymphoblast Microsomes Expressing Human CYP3A5)	2	SPECIES
in vitro (Human Lymphoblast Microsomes Expressing Human CYP3A7)	2	SPECIES
in vitro (Human Kidney 293 Cells Expressing Human CYP1A2, Embryonic)	2	SPECIES
in vitro (Toad Testis Microsomes)	2	SPECIES
in vitro (Fish Testis Leydig Cells)	2	SPECIES
in vitro (Gerbil Adrenal Gland Supernatant)	2	SPECIES
in vitro (Human Brain Frontal Cortex Homogenate)	2	SPECIES
in vitro (Human Hippocampus Homogenate)	2	SPECIES
in vitro (Human Amygdala Homogenate)	2	SPECIES
in vitro (Human Cerebellum Homogenate)	2	SPECIES
in vitro (Human Striatum Homogenate)	2	SPECIES
in vitro (Mouse Brain Nuclei)	2	SPECIES
in vitro (Mouse Thymus Mitochondria)	2	SPECIES
in vitro (Mouse Thymus Nuclei)	2	SPECIES
in vitro (Mouse Heart Nuclei)	2	SPECIES
in vitro (Human Breast Cancer Cell Nuclei)	2	SPECIES
in vitro (Human Breast Cancer Cell Cytosol, T-47D)	2	SPECIES
in vitro (Caco-2 Cell Cytosol)	2	SPECIES
in vitro (Rat Intestine Mucosa Cytosol, Male)	2	SPECIES
in vitro (Rat Intestine Mucosa Cytosol, Female)	2	SPECIES
in vitro (Rat Intestine Cytosol, Male)	2	SPECIES
in vitro (Rat Intestine Cytosol, Female)	2	SPECIES
in vitro (Rat Adrenal Lysosomes and Mitochondria)	2	SPECIES
in vitro (Hamster V79MZh Cells Expressing Human CYP11B2)	2	SPECIES
in vitro (Hamster V79MZh Cells Expressing Human CYP11B1)	2	SPECIES
in vitro (Human Adrenocortical Tumor Cell Mitochondria, H295R)	2	SPECIES
in vitro (Bovine Zona Fasciculata Cells)	2	SPECIES
in vitro (Rat Tumor MA-10 Cells Expressing Rat CYP11B2)	2	SPECIES
in vitro (Rat Tumor MA-10 Cells Expressing Rat CYP11B1)	2	SPECIES
in vitro (MA-10 Cells, Transfected)	2	SPECIES
in vitro (Rat Skeletal Muscle Slices)	2	SPECIES
in vitro (Rat Skeletal Muscle Slices, Hypertriglyceridemic)	2	SPECIES
in vitro (Rat Subcutaneous Adipose Slices)	2	SPECIES
in vitro (Rat Subcutaneous Adipose Slices, Hypertriglyceridemic)	2	SPECIES
in vitro (Rat Liver Slices, Hypertriglyceridemic)	2	SPECIES
in vitro (Chicken Kidney Homogenate)	2	SPECIES
in vitro (Chicken Colon Homogenate)	2	SPECIES
in vitro (Chicken Oviduct Homogenate)	2	SPECIES
in vitro (Chicken Ovary Homogenate)	2	SPECIES
in vitro (Chicken Kidney Slices)	2	SPECIES
in vitro (Chicken Oviduct Slices)	2	SPECIES
in vitro (Chicken Ovary Slices)	2	SPECIES
in vitro (Chicken Brain Slices)	2	SPECIES
in vitro (Chicken Liver Slices)	2	SPECIES
in vitro (Chicken Testis Homogenate)	2	SPECIES
in vitro (Chicken Testis Slices)	2	SPECIES
in vitro (Mouse Liver, Transgenic)	2	SPECIES
in vitro (Rat Small Intestine Epithelium Cells, IEC-18)	2	SPECIES
in vitro (Human Seminal Plasma)	2	SPECIES
in vitro (Monkey Kidney)	2	SPECIES
in vitro (Guinea Pig Lung)	2	SPECIES
in vitro (Rat Hepatocytes, Arthritic)	2	SPECIES
in vitro (Mouse Liver Aldehyde Dehydrogenase)	2	SPECIES
in vitro (Mouse Mammary Tissue Homogenate)	2	SPECIES
in vitro (Mouse Liver Microsomes, Cyp1a2-Null, Transgenic)	2	SPECIES
in vitro (Mouse Liver Microsomes, Cyp1a1-Null)	2	SPECIES
in vitro (Mouse Liver Microsomes, Cyp1a1-Null, Transgenic)	2	SPECIES
in vitro (Hep G2 Cells and Human Liver S9 Fraction)	2	SPECIES
in vitro (Hamster Cell Microsomes)	2	SPECIES
in vitro (Human Colon Cells, HCT 116)	2	SPECIES
in vitro (Mouse Preosteoblast Cell Microsomes, MC3T3-E1)	2	SPECIES
in vitro (Mammary Myoepithelial Cell Homogenate)	2	SPECIES
in vitro (Human MCF-7 Cell Homogenate)	2	SPECIES
in vitro (Human Prostate Cancer Cell Microsomes, LNCaP)	2	SPECIES
in vitro (Human Breast Cancer MDA-MB-231 Cell Microsomes)	2	SPECIES
in vitro (Rat Osteosarcoma UMR 106-01 Cell Homogenate)	2	SPECIES
in vitro (Human Osteosarcoma HOS Cell Homogenate)	2	SPECIES
in vitro (Human Osteosarcoma MG-63 Cell Homogenate)	2	SPECIES
in vitro (Human Choriocarcinoma Cells, JAR)	2	SPECIES
in vitro (Monkey COS-1 Cells, Sonicated)	2	SPECIES
in vitro (Monkey COS-1 Cells, Transfected, Sonicated)	2	SPECIES
in vitro (Human Leukemia Cells, THP-1, CD1d-Transfected)	2	SPECIES
in vitro (Human Peripheral Blood Macrophage Cells)	2	SPECIES
in vitro (Human Brain Cells, Fetal)	2	SPECIES
in vitro (Rat Pylorus Homogenate)	2	SPECIES
in vitro (Mouse Mastocytoma Cells)	2	SPECIES
in vitro (Human Small Bowel Tumor Homogenate)	2	SPECIES
in vitro (Human Spleen Tumor Homogenate)	2	SPECIES
in vitro (COS-1 Cells Expressing Mouse Liver Nicotinamide N-Methyltransfe+	2	SPECIES
in vitro (Human Bronchial Epithelium BEAS-2B Cells Expressing Human CYP1A+	2	SPECIES
Mouse (Adult, Partially Hepatectomized)	2	SPECIES
in vitro (Rat Liver Cytosol and Chicken Liver Microsomes)	2	SPECIES
in vitro (Human Bronchial Epithelium Cell Microsomes and Mouse Liver Cyto+	2	SPECIES
in vitro (Mouse Tissue Cytosol and Rat Liver Microsomes)	2	SPECIES
in vitro (Trout Liver Cytosol)	2	SPECIES
in vitro (Human Liver Cytosol and Mouse Microsomes)	2	SPECIES
in vitro (Rat Liver Cytosol and Microsomes, Newborn)	2	SPECIES
in vitro (Rat Liver Cytosol and Microsomes, Adult)	2	SPECIES
in vitro (Hamster Liver Cytosol and Microsomes)	2	SPECIES
in vitro (Human AHH TK+/- B-Lymphoblastoid Cells Expressing Human CYP1A2)	2	SPECIES
in vitro (Human AHH TK+/- B-Lymphoblastoid Cells)	2	SPECIES
in vitro (Human Liver Cytosol and Microsomes, Prenatal)	2	SPECIES
in vitro (Human Cells, Huh-7, Transfected)	2	SPECIES
in vitro (Human Bronchial Epithelium Cell Microsomes Expressing Human CYP+	2	SPECIES
in vitro (Purified Bromoperoxidase)	2	SPECIES
Mouse (Oatp1a/1b Knockout, OATP1B1 Humanized)	2	SPECIES
Mouse (Oatp1a/1b Knockout, OATP1B3 Humanized)	2	SPECIES
Rat (Hypoxic)	2	SPECIES
Human (Hypertensive, Chagas' Disease Patients)	2	SPECIES
Human (Children, Congestive Heart Failure Patients)	2	SPECIES
in vitro (Guinea Pig Brain Perfusion)	2	SPECIES
in vitro (Cattle Respiratory Mucosa)	2	SPECIES
in vitro (Cattle Olfactory Mucosa)	2	SPECIES
in vitro (Bovine Tissue Homogenate)	2	SPECIES
in vitro (Catfish Liver Cytosol)	2	SPECIES
in vitro (Catfish Gill Microsomes)	2	SPECIES
in vitro (Catfish Gill Cytosol)	2	SPECIES
in vitro (Mouse Liver Cells)	2	SPECIES
in vitro (Rat Kidney, Renal Ischemia-Reperfusion Injury)	2	SPECIES
in vitro (Human Melanoma Cell Homogenate, SK-MEL-28)	2	SPECIES
in vitro (Mouse Colon Supernatant, Colitis-Induced)	2	SPECIES
in vitro (Human Leukemia Jurkat T Cell Supernatant)	2	SPECIES
in vitro (Human Breast Adenocarcinoma Cell Cytosol, MCF-7/A)	2	SPECIES
in vitro (Fish Testis Supernatant)	2	SPECIES
in vitro (Fish Ovary Supernatant)	2	SPECIES
in vitro (Fish Hepatopancreas Cytosol)	2	SPECIES
in vitro (Calf Erythrocytes)	2	SPECIES
in vitro (Rat Testis Supernatant, Hyperthyroidism-Induced)	2	SPECIES
in vitro (Fish Whole Body Supernatant)	2	SPECIES
in vitro (Rat Brain Substantia Nigra)	2	SPECIES
in vitro (Rat Ovary Cytosol, Diestrus)	2	SPECIES
in vitro (Rat Ovary Cytosol, Proestrus)	2	SPECIES
in vitro (Mouse Colon, GPx2 Knockout)	2	SPECIES
in vitro (Mouse Ileum, GPx2 Knockout)	2	SPECIES
in vitro (Chicken Embryo Supernatant)	2	SPECIES
in vitro (Fish Intestine Cytosol)	2	SPECIES
in vitro (Rat Liver Supernatant, Female, Ovariectomized)	2	SPECIES
in vitro (Rat Kidney Cytosol, Female, Ovariectomized)	2	SPECIES
in vitro (Human Breast Carcinoma MCF-7 Cells Expressing Human GST M1)	2	SPECIES
in vitro (Human Breast Carcinoma MCF-7 Cells Expressing Human GST M1 and +	2	SPECIES
in vitro (Human Breast Carcinoma MCF-7 Cells Expressing Human MRP1)	2	SPECIES
in vitro (Rat Spermatozoa)	2	SPECIES
in vitro (Hamster Buccal Mucosa Homogenate)	2	SPECIES
in vitro (Cattle Liver Cytosol)	2	SPECIES
in vitro (Mouse Liver Supernatant, Infected)	2	SPECIES
in vitro (Human Liver Cytosol, Liver Disease Patients)	2	SPECIES
in vitro (Toad Liver Supernatant)	2	SPECIES
in vitro (Toad Lung Supernatant)	2	SPECIES
in vitro (Rat Liver Homogenate, Bile Duct Ligated)	2	SPECIES
in vitro (Rat Pheochromocytoma Cell Post-Mitochondrial Fraction, PC-12)	2	SPECIES
in vitro (Mouse Striatum Supernatant)	2	SPECIES
in vitro (Mouse Hypothalamus Supernatant)	2	SPECIES
in vitro (Mouse Medulla and Pons Supernatant)	2	SPECIES
in vitro (Mouse Cortex Supernatant)	2	SPECIES
in vitro (Human Erythrocytes, Female, Pregnant)	2	SPECIES
in vitro (Rat Liver Cytosol, Obese)	2	SPECIES
in vitro (Human Skin Fibroblast Cells, GM04312C)	2	SPECIES
in vitro (V79MZ Cells)	2	SPECIES
in vitro (Mouse Kidney Cytosol, Male)	2	SPECIES
in vitro (Mouse Kidney Cytosol, Female)	2	SPECIES
in vitro (Fish Viscera)	2	SPECIES
in vitro (Human Liver Cytosol, Children)	2	SPECIES
in vitro (Rat Colon and Rectum Homogenate)	2	SPECIES
in vitro (Rat Glandular Stomach Homogenate)	2	SPECIES
in vitro (Mouse Lung, Ehrlich Ascites Carcinoma Bearing)	2	SPECIES
in vitro (Mouse Hepatoma Cell Cytosol, Hepa 1c1c7)	2	SPECIES
in vitro (Mouse Liver, GPX1(-/-))	2	SPECIES
in vitro (Mouse Liver, SOD1(-/-))	2	SPECIES
in vitro (Mouse Liver, GPX1(-/-), SOD1(-/-))	2	SPECIES
in vitro (Fish Liver, Chub)	2	SPECIES
in vitro (Fish Liver, Male)	2	SPECIES
in vitro (Fish Brain Cytosol)	2	SPECIES
in vitro (Mouse Tumor, Ehrlich Ascites Carcinoma Bearing)	2	SPECIES
in vitro (Rat Forestomach)	2	SPECIES
in vitro (Rat Bladder Cancer Cell Lysate, NBT-II)	2	SPECIES
in vitro (T-Cell Leukemia Cells, Jurkat)	2	SPECIES
in vitro (Human Breast Epithelium Cell Microsomes, MCF-10F)	2	SPECIES
in vitro (Calf Serum)	2	SPECIES
in vitro (Mouse Tumor Supernatant, LLC Cells Implanted)	2	SPECIES
in vitro (Mouse Hepatoma Supernatant, H22 Cells Implanted)	2	SPECIES
in vitro (Rat Kidney Proximal Tubules)	2	SPECIES
in vitro (Human Kidney Proximal Tubules)	2	SPECIES
in vitro (Human Breast Carcinoma Cell Cytosol, MCF-7, Transfected)	2	SPECIES
in vitro (Mouse Kidney Homogenate, Ehrlich Ascites Tumor Bearing)	2	SPECIES
in vitro (Hamster Lung Fibroblast V79MZ Cells Expressing Human CYP1B1 and+	2	SPECIES
in vitro (Hamster Lung Fibroblast V79MZ Cells Expressing Human CYP1B1)	2	SPECIES
in vitro (Marmoset Testis S9 Fraction)	2	SPECIES
in vitro (Mouse Liver Cytosol, Gstm1(-/-))	2	SPECIES
in vitro (Mouse Kidney Cytosol, Gstm1(-/-))	2	SPECIES
in vitro (Mouse Fibroblasts, Embryonic, Nrf2-Deficient)	2	SPECIES
in vitro (Rat Everted Ileum Sac)	2	SPECIES
in vitro (Human Bladder Carcinoma)	2	SPECIES
in vitro (Mouse Rectum Cytosol)	2	SPECIES
in vitro (Rat Stomach S9 Fraction, Hypersecretion-Induced)	2	SPECIES
in vitro (Mouse Vomeronasal Organ Homogenate)	2	SPECIES
in vitro (Mouse Olfactory Epithelium Homogenate)	2	SPECIES
in vitro (Human Pancreas Adenocarcinoma Cells, PANC-1)	2	SPECIES
in vitro (Rat Liver Cytosol, Human Flora Associated)	2	SPECIES
in vitro (Rat Colon and Rectum Supernatant)	2	SPECIES
in vitro (Racoon Dog Kidney Microsomes)	2	SPECIES
in vitro (Fish Adrenocortical Cells)	2	SPECIES
in vitro (Rat Salivary Gland Cytosol)	2	SPECIES
in vitro (Human Plasma, Non-Smoker)	2	SPECIES
in vitro (Human Plasma, Smoker)	2	SPECIES
in vitro (V79MZ Cells Expressing Human CYP1A1 and Human GST M1)	2	SPECIES
in vitro (V79MZ Cells Expressing Rat CYP1A1 and Human GST M1)	2	SPECIES
in vitro (Pig Pulmonary Endothelial Cell Cytosol)	2	SPECIES
in vitro (Fish Embryo Extract)	2	SPECIES
in vitro (Human Bladder Supernatant)	2	SPECIES
in vitro (Fish Erythrocytes)	2	SPECIES
in vitro (Mouse Lung Supernatant, Postnatal)	2	SPECIES
in vitro (Mouse Lung Supernatant, Adult)	2	SPECIES
in vitro (Human Skin Post-Mitochondrial Fraction)	2	SPECIES
in vitro (Carcinoma P19 Cells, Embryonic, Clone K300)	2	SPECIES
in vitro (Human Leukemia Cells, K-562, Transfected)	2	SPECIES
in vitro (Rat Hepatoma Cells, Clone 9)	2	SPECIES
in vitro (Human Kidney Carcinoma Cytosol)	2	SPECIES
in vitro (Rat Liver Nodule Cytosol)	2	SPECIES
in vitro (Rat Esophagus Mucosa Cytosol)	2	SPECIES
in vitro (Rat Fibroblast Cell Homogenate, Gunn)	2	SPECIES
in vitro (Hamster V79 Cell Cytosol)	2	SPECIES
in vitro (Hamster Lung Cell Cytosol)	2	SPECIES
in vitro (Hamster Kidney Cell Cytosol)	2	SPECIES
in vitro (Human Tumor G401 Cells)	2	SPECIES
in vitro (Human Kidney Carcinoma A704 Cells)	2	SPECIES
in vitro (Human Kidney Carcinoma D-RC1 Cells)	2	SPECIES
in vitro (Human Kidney Carcinoma D-RC2 Cells)	2	SPECIES
in vitro (Rat Lung Cytosol, Male)	2	SPECIES
in vitro (Rat Lung Cytosol, Female)	2	SPECIES
in vitro (Chinese Hamster Ovary Cells, CHO)	2	SPECIES
in vitro (Chinese Hamster 20F4 Cells)	2	SPECIES
in vitro (Chinese Hamster 30F9 Cells)	2	SPECIES
in vitro (Chinese Hamster 200T1 Cells)	2	SPECIES
in vitro (Sphingomonas sp Strain RW1)	2	SPECIES
in vitro (Fish Gill, Tilapia)	2	SPECIES
in vitro (Fish Brain, Tilapia)	2	SPECIES
in vitro (Rat Kidney, Fetal)	2	SPECIES
in vitro (Rat Kidney, Neonatal)	2	SPECIES
in vitro (Mouse Nasal Mucosa Microsomes, Transgenic, Expressing Human CYP+	2	SPECIES
in vitro (Mouse Lung, Transgenic, Expressing Human CYP2A13/2B6/2F1)	2	SPECIES
in vitro (V79 Cell Cytosol)	2	SPECIES
in vitro (Liver Microsomes Expressing Human CYP3A4)	2	SPECIES
in vitro (Liver Microsomes Expressing Human CYP3A5)	2	SPECIES
in vitro (Liver Microsomes Expressing Human CYP2D6)	2	SPECIES
in vitro (Human Lymphoblasts Expressing Rat CYP2E1)	2	SPECIES
in vitro (Human Lymphoblasts Expressing Human CYP2E1)	2	SPECIES
in vitro (Human Large Intestine Microsomes)	2	SPECIES
in vitro (Human Hepatoma Hep G2 Cell Post-Mitochondrial Fraction)	2	SPECIES
in vitro (Human Lymphocytes and Rat Liver Microsomes)	2	SPECIES
in vitro (Human Lymphocytes and Liver Microsomes)	2	SPECIES
in vitro (Rat Liver Microsomes, 5'-Diphosphoglucuronic Acid Treated)	2	SPECIES
in vitro (Human Myeloma Cells, MM.1R)	2	SPECIES
in vitro (Human Myeloma Cells, U266)	2	SPECIES
in vitro (Human Myeloma Cells, 8226)	2	SPECIES
in vitro (Human Myeloma Cells, 8226/LR5)	2	SPECIES
Mouse (Nude)	2	SPECIES
in vitro (HeLa Cells, Deoxycytidine Kinase Knockdown)	2	SPECIES
in vitro (Human Brain Tumor Supernatant)	2	SPECIES
Human (Neoplastic Meningitis Patients)	2	SPECIES
in vitro (COS-1 Cells Expressing Human Phenylethanolamine N-Methyltransfe+	2	SPECIES
in vitro (Rat Brain Stem Cytosol)	2	SPECIES
Rat (Pithed and Electrically Stimulated)	2	SPECIES
in vitro (Bovine Heart Mitochondria)	2	SPECIES
in vitro (Mouse Spinal Cord Mitochondria)	2	SPECIES
in vitro (Mouse Brain Mitochondria, A2A Knockout)	2	SPECIES
in vitro (Rat Liver Perfusion, Jcl:Wistar)	2	SPECIES
in vitro (Rat Liver Perfusion, WKA/Sea Strain)	2	SPECIES
in vitro (Rat Lung Alveolar Macrophages)	2	SPECIES
in vitro (Rat Lung Epithelium Cells, Type II)	2	SPECIES
in vitro (Rat Pneumocytes, Type II)	2	SPECIES
in vitro (Salmon Sperm DNA)	2	SPECIES
in vitro (Rat Lung Alveolar Cells)	2	SPECIES
Rat (Hepatic Dysfunction-Induced)	2	SPECIES
Rat (Human Colon Carcinoma Cells Implanted)	2	SPECIES
in vitro (Human Blood, Fetal)	2	SPECIES
in vitro (Human Epidermoid Carcinoma Cells, A431)	2	SPECIES
in vitro (Mouse Liver Cytosol, Liver-Cpr-Null)	2	SPECIES
in vitro (Rat Kidney Homogenate, Renal Ischemic)	2	SPECIES
in vitro (NIH3T3 Cells)	2	SPECIES
in vitro (Razorbill Liver Microsomes)	2	SPECIES
Rat (Marasmic-kwashiorkor)	2	SPECIES
in vitro (Rat Keratinocytes, Cultured)	2	SPECIES
in vitro (HEK 293 Cell Homogenate Expressing Human UGT1A8-Cys277Tyr)	2	SPECIES
in vitro (Human B-Lymphoblastoid Cells, 5/2)	2	SPECIES
in vitro (Pig Intestine Enterocyte Microsomes)	2	SPECIES
in vitro (Pig Intestine Enterocyte Cytosol)	2	SPECIES
in vitro (Human Breast Epithelium ADO74 Cells)	2	SPECIES
in vitro (Human Skin Fibroblast Cells, GMO970)	2	SPECIES
in vitro (Human Epidermis Cells)	2	SPECIES
in vitro (Rat Liver Homogenate, Phenylmethylsulfonyl Fluoride Treated)	2	SPECIES
in vitro (Rat Kidney Homogenate, Phenylmethylsulfonyl Fluoride Treated)	2	SPECIES
in vitro (Chinese Hamster Ovary Cell Microsomes, Transfected)	2	SPECIES
in vitro (HEKK Cell Homogenate, Transfected)	2	SPECIES
in vitro (Mouse Retina Pigment Epithelium Microsomes)	2	SPECIES
in vitro (Pig Colon Cytosol)	2	SPECIES
in vitro (Pig Pancreas Cytosol)	2	SPECIES
in vitro (Mouse Tumor Cytosol, Colon 26 Tumor Cells Inoculated)	2	SPECIES
in vitro (Rat Tumor Supernatant)	2	SPECIES
in vitro (Human Brain Tumor)	2	SPECIES
in vitro (Human Colon Carcinoma Cell Lysate, Colo-320TP1)	2	SPECIES
in vitro (Human Mammary Carcinoma MCF-7 Cell Homogenate)	2	SPECIES
in vitro (Human Mammary Carcinoma T-47D Cell Homogenate)	2	SPECIES
in vitro (Monkey Kidney COS-7 Cells Expressing Human 3-Hydroxysteroid Epi+	2	SPECIES
in vitro (B-Lymphoblastoid Cells Expressing CYP2D6)	2	SPECIES
in vitro (B-Lymphoblastoid Cells Expressing CYP3A4)	2	SPECIES
in vitro (B-Lymphoblastoid Cells Expressing CYP4A11)	2	SPECIES
in vitro (B-Lymphoblastoid Cells Expressing CYP Isoenzymes)	2	SPECIES
in vitro (Mouse Hepatoma Cell Extract)	2	SPECIES
in vitro (Rat Cerebellum Slices)	2	SPECIES
in vitro (Fish Gill, Rainbowfish)	2	SPECIES
in vitro (Human Nasal Epithelium Cells, Cultured)	2	SPECIES
in vitro (Human Leukemia C15 Cells)	2	SPECIES
in vitro (Human Bone Marrow Homogenate)	2	SPECIES
in vitro (Mouse Liver Microsomes, Cytochrome P450 Reductase Knockout)	2	SPECIES
in vitro (Mouse Liver Microsomes, Cyp2f2 Knockout)	2	SPECIES
in vitro (Mouse Lung Microsomes, Cytochrome P450 Reductase Knockout)	2	SPECIES
in vitro (Mouse Lung Microsomes, Cyp2f2 Knockout)	2	SPECIES
in vitro (Rat Respiratory Epithelium S9 Fraction)	2	SPECIES
in vitro (Mouse Lung Clara Cells)	2	SPECIES
in vitro (Mouse Lung Cells, Type II)	2	SPECIES
in vitro (Mouse Liver Microsomes, CD-1)	2	SPECIES
in vitro (Mouse Liver Microsomes, Non-Swiss Albino)	2	SPECIES
in vitro (Mouse Lung Microsomes, Non-Swiss Albino)	2	SPECIES
in vitro (Human Lung Cells, H358, Transfected)	2	SPECIES
in vitro (Rat Placenta Cytosol)	2	SPECIES
in vitro (Human Blood Lysate)	2	SPECIES
in vitro (Murine Leukemia Cells, P388)	2	SPECIES
in vitro (HK 293 Cell Membranes Expressing Human UGT2B7)	2	SPECIES
in vitro (HK 293 Cell Membranes Expressing Human UGT Isoenzymes)	2	SPECIES
Mouse (Maleylacetoacetate Isomerase Knockout)	2	SPECIES
in vitro (Human Esophagus Carcinoma Cells)	2	SPECIES
in vitro (Human Cervix Epithelioid Carcinoma Cells, HeLa)	2	SPECIES
in vitro (Mouse Lymphocytes)	2	SPECIES
in vitro (Human Umbilical Vein SV40-Transfected Endothelial Cells SGHEC-7+	2	SPECIES
in vitro (Human Kidney 293 Cell Microsomes Expressing Human UGT2B15, Embr+	2	SPECIES
in vitro (HEK 293 Cell Cytosol Expressing Human AKR1C9)	2	SPECIES
in vitro (HEK 293 Cells Expressing Human Retinol Dehydrogenase 4)	2	SPECIES
in vitro (Pig Kidney Proximal Tubule LLC-PK1 Cells Expressing Human Gluta+	2	SPECIES
Human (Thalassemia Patients, Splenectomized)	2	SPECIES
in vitro (Rat Hippocampus Slices, Female)	2	SPECIES
in vitro (Rat Hippocampus Slices, Female, Ovariectomized)	2	SPECIES
in vitro (Human Neutrophils, Female, Pregnant)	2	SPECIES
in vitro (Human Breast Carcinoma BT-20 Cells)	2	SPECIES
in vitro (Human Colon Carcinoma Cells, HTB38)	2	SPECIES
in vitro (Human Peripheral Monocytes)	2	SPECIES
in vitro (Sperm Whale Myoglobin)	2	SPECIES
in vitro (Human Lymphoblastoid Cell Microsomes Expressing Human CYP4A11)	2	SPECIES
in vitro (Human B-Lymphoblastoid AHH-1 Cells Expressing Rat CYP2E1)	2	SPECIES
in vitro (Mouse Epidermis Homogenate, IkappaB-alpha-Deficient)	2	SPECIES
in vitro (Mouse Epidermis Homogenate, Wild-Type)	2	SPECIES
in vitro (Human Granulocytes, Sonicated)	2	SPECIES
in vitro (Bovine Polymorphonuclear Leukocytes)	2	SPECIES
in vitro (Rat Leukemia Cell Homogenate, CRL-1378)	2	SPECIES
in vitro (Rabbit Polymorphonuclear Leukocytes)	2	SPECIES
in vitro (Human Monocyte Homogenate)	2	SPECIES
in vitro (Rat Polymorphonuclear Neutrophils)	2	SPECIES
in vitro (Macrophages, RAW 264.7)	2	SPECIES
in vitro (Bovine Thrombocytes)	2	SPECIES
in vitro (RAW 264.7 Cell Supernatant)	2	SPECIES
in vitro (Human Synovial Cells)	2	SPECIES
in vitro (Hamster Ovary Cells Expressing Human Cyclooxygenase-1)	2	SPECIES
in vitro (Hamster Ovary Cells Expressing Human Cyclooxygenase-2)	2	SPECIES
in vitro (Human Colorectal Carcinoma Cells, Caco-2, Sodium Butyrate Treat+	2	SPECIES
in vitro (Mouse Fibroblast 10T 1/2 Cells Expressing Murine Prostaglandin +	2	SPECIES
in vitro (Hamster Ovary AS52 Cells Expressing Murine Prostaglandin G/H Sy+	2	SPECIES
in vitro (Mouse Fibroblast Membranes)	2	SPECIES
in vitro (Human Lung Fibroblast Cells, WI-38)	2	SPECIES
in vitro (Human Platelets and Human Polymorphonuclear Leukocytes)	2	SPECIES
in vitro (Human Cell Microsomes, U937)	2	SPECIES
in vitro (Human Endothelial Cells, Cultured)	2	SPECIES
in vitro (Mouse Fibroblast Cells, NIH3T3, Transfected)	2	SPECIES
in vitro (Human THP-1 Cells and Neutrophils)	2	SPECIES
in vitro (Chicken Intestine Homogenate, Embryonic)	2	SPECIES
in vitro (Chicken Lung Homogenate, Embryonic)	2	SPECIES
in vitro (Chicken Spleen Homogenate, Embryonic)	2	SPECIES
in vitro (Chicken Bursa Homogenate, Embryonic)	2	SPECIES
in vitro (Chicken Muscle Homogenate, Embryonic)	2	SPECIES
in vitro (Chicken Thymus Homogenate, Embryonic)	2	SPECIES
in vitro (Human Kidney HEK 293 Cells Expressing Guinea Pig CYP2C)	2	SPECIES
in vitro (Mouse Neuroblastoma N18TG2 Cell Homogenate)	2	SPECIES
in vitro (Human Platelet Lysate)	2	SPECIES
in vitro (Human Skin Model, TESTSKIN)	2	SPECIES
Fish (Salmon, Yolk-Sac Fry)	2	SPECIES
in vitro (Human Fibrosarcoma Cell Supernatant, HT1080)	2	SPECIES
in vitro (Human Liposarcoma Cell Supernatant, SW-872)	2	SPECIES
in vitro (Mouse Tumor, Transgenic)	2	SPECIES
in vitro (Bovine Parathyroid Cells)	2	SPECIES
in vitro (Mouse Skin Extract)	2	SPECIES
in vitro (Rat Bladder Tumor Mucosa)	2	SPECIES
Rat (Cyp2e1 Knockout)	2	SPECIES
in vitro (Rat Brain Stem Membranes)	2	SPECIES
in vitro (Rat Brain Frontal Cortex Membranes)	2	SPECIES
in vitro (Rat Liver Microsomes, Senescent)	2	SPECIES
in vitro (Rat Hepatoma Cell Microsomes, Fao)	2	SPECIES
in vitro (Winter Flounder Liver Microsomes)	2	SPECIES
in vitro (Rat Liver Epithelium SDVI Cell Microsomes)	2	SPECIES
in vitro (Human Lymphoblast AHH-1 Cell Microsomes)	2	SPECIES
in vitro (Rat Corpus Luteum Supernatant, Pregnant)	2	SPECIES
in vitro (Human Lymphoblast Cell Microsomes Expressing CYP Isoenzymes)	2	SPECIES
in vitro (Tomatoes)	2	SPECIES
in vitro (Human Breast Skin Diffusion System)	2	SPECIES
Gryllodes sigillatus	2	SPECIES
in vitro (Rabbit Kidney Cortex Slices)	2	SPECIES
in vitro (Rat Pancreas Islet Cells)	2	SPECIES
in vitro (Mouse Skeletal Muscle Homogenate, Diabetic)	2	SPECIES
in vitro (Mouse Epididymis Adipose Homogenate, Diabetic)	2	SPECIES
in vitro (Mouse Liver Homogenate, Diabetic)	2	SPECIES
in vitro (Mouse Epididymis Adipose Homogenate)	2	SPECIES
in vitro (Fish Cerebral Cortex Cytosol)	2	SPECIES
in vitro (Fish Cerebral Cortex Mitochondria)	2	SPECIES
in vitro (Human Hepatoma Hep G2 Cell Microsomes Expressing Rat UGT1A1)	2	SPECIES
in vitro (Human Hepatoma Hep G2 Cell Microsomes Expressing Rat UGT1A7)	2	SPECIES
in vitro (Human Hepatoma Hep G2 Cell Microsomes Expressing Rat UGT Isoenz+	2	SPECIES
in vitro (Zea mays L. Microsomes)	2	SPECIES
in vitro (Rat Adrenal Medulla)	2	SPECIES
in vitro (Fish Brain, Catfish)	2	SPECIES
in vitro (Mouse Melanocytes)	2	SPECIES
in vitro (Mouse Brain Cortex Homogenate)	2	SPECIES
in vitro (Mouse Melanocytes, Cultured)	2	SPECIES
in vitro (Rat Thymus Supernatant)	2	SPECIES
in vitro (Rat Plasma, Chronic Mild Stressed)	2	SPECIES
in vitro (Otter Cerebral Cortex)	2	SPECIES
in vitro (Otter Cerebellum)	2	SPECIES
in vitro (Mouse Ovary)	2	SPECIES
in vitro (Rabbit Brain Cortex Supernatant)	2	SPECIES
in vitro (Mouse Blood, Female, Pregnant)	2	SPECIES
in vitro (Mouse Spleen, Female, Pregnant)	2	SPECIES
in vitro (Human JEG-3 Cells Expressing Mouse CRAD1 and Raldh2)	2	SPECIES
in vitro (Human JEG-3 Cells Expressing Mouse RDH5 and Raldh2)	2	SPECIES
in vitro (Human JEG-3 Cells Expressing Mouse CRAD2 and Raldh2)	2	SPECIES
in vitro (Human JEG-3 Cells Expressing Mouse CRADL and Raldh2)	2	SPECIES
in vitro (Human JEG-3 Cells Expressing Mouse ADH 4 and Raldh2)	2	SPECIES
in vitro (Human JEG-3 Cells Expressing Mouse Raldh2)	2	SPECIES
in vitro (COS-1 Cells Expressing Mouse CRAD1 and Raldh2)	2	SPECIES
in vitro (COS-1 Cells Expressing Mouse Raldh2)	2	SPECIES
in vitro (Human Kidney 293 Cells Expressing Mouse CRAD1 and Raldh2)	2	SPECIES
in vitro (Human Kidney 293 Cells Expressing Mouse Raldh2)	2	SPECIES
in vitro (Human JEG-3 Cells Expressing Mouse CRAD1)	2	SPECIES
in vitro (COS-1 Cells Expressing Mouse CRAD1)	2	SPECIES
in vitro (Human Kidney 293 Cells Expressing Mouse CRAD1)	2	SPECIES
in vitro (Rat Liver Cytosol Retinal Dehydrogenase)	2	SPECIES
in vitro (Goat Liver Cytosol and Microsomes)	2	SPECIES
in vitro (Rabbit Lung Cytosol and Microsomes)	2	SPECIES
Human (Herpes Simplex Encephalitis Patients)	2	SPECIES
in vitro (Human Intestine Microvillar Membranes)	2	SPECIES
Human (Children, Hepatitis B Patients)	2	SPECIES
in vitro (Human Intestine Cells, Caco-2, Cultured)	2	SPECIES
in vitro (Mouse Brain, Ces1c(+/-))	2	SPECIES
in vitro (Mouse Brain, Ces1c(-/-))	2	SPECIES
in vitro (Mouse Heart, Ces1c(+/-))	2	SPECIES
in vitro (Mouse Heart, Ces1c(-/-))	2	SPECIES
in vitro (Mouse Kidney, Ces1c(+/-))	2	SPECIES
in vitro (Mouse Kidney, Ces1c(-/-))	2	SPECIES
in vitro (Mouse Liver, Ces1c(+/-))	2	SPECIES
in vitro (Mouse Liver, Ces1c(-/-))	2	SPECIES
in vitro (Mouse Lung, Ces1c(+/-))	2	SPECIES
in vitro (Mouse Lung, Ces1c(-/-))	2	SPECIES
in vitro (Mouse Small Intestine, Ces1c(+/-))	2	SPECIES
in vitro (Mouse Small Intestine, Ces1c(-/-))	2	SPECIES
in vitro (Mouse Spleen, Ces1c(+/-))	2	SPECIES
in vitro (Mouse Spleen, Ces1c(-/-))	2	SPECIES
in vitro (Human Liver S9 Fraction Overexpressing CES1)	2	SPECIES
in vitro (Flp-In-293 Cells Expressing Human CES1)	2	SPECIES
in vitro (Flp-In-293 Cells Expressing Human CES1, Mutant)	2	SPECIES
in vitro (Human Kidney Flp-In-293 Cells Expressing Human CES1)	2	SPECIES
in vitro (Human Kidney Flp-In-293 Cells Expressing Human CES1-p.Gly143Glu+	2	SPECIES
in vitro (Human Kidney Flp-In-293 Cells Expressing Human CES1-p.Asp260fs)	2	SPECIES
in vitro (Mouse Leukemia Cell Supernatant, L1210, Adenosine Kinase-Defici+	2	SPECIES
in vitro (Bovine Liver Amine Oxidase)	2	SPECIES
in vitro (Hep G2 Cell Homogenate)	2	SPECIES
in vitro (Hep G2 Cell Membranes)	2	SPECIES
in vitro (Human Endometrial Adenocarcinoma Cells, PRAB-36)	2	SPECIES
in vitro (Rat Cerebellum Astrocytes)	2	SPECIES
in vitro (Human Breast Cells, MCF-10A)	2	SPECIES
in vitro (Rat Limb Bud Cells)	2	SPECIES
in vitro (HeLa Cell S9 Fraction Expressing Chicken CYP1A5)	2	SPECIES
in vitro (HeLa Cell S9 Fraction Expressing Chicken CYP1A4)	2	SPECIES
in vitro (Human Endometrial Adenocarcinoma Cell Microsomes, RL95-2)	2	SPECIES
in vitro (Mouse Liver Microsomes, Transgenic, Expressing Human CYP1A1)	2	SPECIES
in vitro (Mouse Fibroblasts, STO)	2	SPECIES
in vitro (Fish Liver S10 Supernatant)	2	SPECIES
in vitro (Bird Kidney Microsomes)	2	SPECIES
in vitro (Mouse Aorta Endothelial Cells)	2	SPECIES
in vitro (Mouse Aorta Endothelial Cells, PARP-1(-/-))	2	SPECIES
in vitro (Human Breast Adenocarcinoma Cells, MDA-MB-468)	2	SPECIES
in vitro (Human Hepatoma Cells, 101L)	2	SPECIES
in vitro (Mouse Liver, Coxackie B3 Virus Infected)	2	SPECIES
in vitro (Human Stem Cells, Embryonic)	2	SPECIES
in vitro (Fish Gill Microsomes, Trematomus Bernacchii)	2	SPECIES
in vitro (Fish Intestine Microsomes, Trematomus Bernacchii)	2	SPECIES
in vitro (Fish Heart Microsomes, Trematomus Bernacchii)	2	SPECIES
in vitro (Rainbow Trout Liver Cells, CRL-2301)	2	SPECIES
in vitro (Mouse Hepa 1-6 Cells)	2	SPECIES
in vitro (Rat Lung Microsomes, Female, Pregnant)	2	SPECIES
in vitro (Mouflon Intestine Microsomes)	2	SPECIES
in vitro (Pig Cortex Mitochondria)	2	SPECIES
in vitro (Pig Midbrain Mitochondria)	2	SPECIES
in vitro (Pig Cerebellum Mitochondria)	2	SPECIES
in vitro (Pig Midbrain Microsomes)	2	SPECIES
in vitro (Pig Cerebellum Microsomes)	2	SPECIES
in vitro (Mouse Liver Microsomes, Ah Receptor-Deficient)	2	SPECIES
in vitro (Minipig Kidney Microsomes)	2	SPECIES
in vitro (Minipig Duodenum Microsomes)	2	SPECIES
in vitro (Fish Liver S9 Fraction, Killifish)	2	SPECIES
in vitro (Fish Intestine S9 Fraction, Killifish)	2	SPECIES
in vitro (Bovine Colon Epithelium Cell Homogenate, Freshly Isolated)	2	SPECIES
in vitro (Bird Liver Microsomes, Black Guillemot)	2	SPECIES
in vitro (White-Footed Mouse Liver Microsomes)	2	SPECIES
in vitro (Rat Duodenum Mucosa)	2	SPECIES
in vitro (Rat Hepatocytes, Cultured, Collagen Gel Immobilization)	2	SPECIES
in vitro (Rat Hepatocytes, Encapsulated)	2	SPECIES
in vitro (Human Hepatocytes, Encapsulated)	2	SPECIES
in vitro (Rat CWSV17 Cells)	2	SPECIES
in vitro (Salamander Skin Microsomes)	2	SPECIES
in vitro (Salamander Lung Microsomes)	2	SPECIES
in vitro (Salamander Kidney Microsomes)	2	SPECIES
in vitro (Fish Liver Homogenate, Thiamine-Deficient)	2	SPECIES
in vitro (Human B-Lymphoblastoid Cells Expressing Human CYP1B1)	2	SPECIES
in vitro (Chicken Chorioallantoic Membrane Homogenate, Embryonic)	2	SPECIES
in vitro (Duck Chorioallantoic Membrane Homogenate, Embryonic)	2	SPECIES
in vitro (Rat Myofibroblasts)	2	SPECIES
in vitro (Human Oral Cavity Epithelium Carcinoma Cells)	2	SPECIES
in vitro (Human Oral Cavity Epithelium SV-40T Cells)	2	SPECIES
in vitro (Human AHH-1 TK+/- Cell Microsomes Expressing Human CYP1A1)	2	SPECIES
in vitro (Mouse Lung Microsomes, DBA/2)	2	SPECIES
in vitro (Mouse Lung Microsomes, BALB/c)	2	SPECIES
in vitro (Mouse Lung Microsomes, C57/B16)	2	SPECIES
in vitro (Rat Intestine Epithelium Microsomes)	2	SPECIES
in vitro (Rat Intestine Epithelium Microsomes, Regenerated)	2	SPECIES
in vitro (Human AHH1-TK+/- Cells Expressing Human CYP1A2)	2	SPECIES
in vitro (Rat Mucosa Microsomes)	2	SPECIES
in vitro (Mouse Intestine Mucosa)	2	SPECIES
in vitro (Musca Domestica Cytochrome P450)	2	SPECIES
in vitro (Human Transitional Cell Carcinoma Cells)	2	SPECIES
in vitro (Human Stratum Corneum)	2	SPECIES
in vitro (Human Skin Corneocytes)	2	SPECIES
in vitro (Human Lung Adenocarcinoma Cells, CL1-5)	2	SPECIES
in vitro (Human Breast Carcinoma Cells, BT-20)	2	SPECIES
in vitro (Mouse Skin Fibroblasts)	2	SPECIES
in vitro (Mouse Skin Fibroblasts, MPS VII)	2	SPECIES
in vitro (Rabbit Proximal Small Intestine Contents)	2	SPECIES
in vitro (Rabbit Distal Small Intestine Contents)	2	SPECIES
in vitro (Syrian Hamster Feces)	2	SPECIES
in vitro (Pig Small Intestine Epithelium Cells)	2	SPECIES
in vitro (Rat Brown Adipose Homogenate)	2	SPECIES
in vitro (Rat Liver Homogenate, Female, Ovariectomized)	2	SPECIES
in vitro (Mouse Brain Microsomes, Metallothionein-Deficient)	2	SPECIES
in vitro (Rat Transfected Hepatoma Cells)	2	SPECIES
in vitro (Rat Adipose Homogenate)	2	SPECIES
in vitro (Rat Mesenteric Adipose Microsomes)	2	SPECIES
in vitro (Rat Liver Homogenate, Neonatal)	2	SPECIES
in vitro (Mouse Liver Microsomes, Cyp2e1(+/+))	2	SPECIES
in vitro (Mouse Liver Microsomes, Cyp1a2(+/+))	2	SPECIES
in vitro (Microsomes Expressing Human CYP1A1)	2	SPECIES
in vitro (Cattle Lung Parenchyma Homogenate)	2	SPECIES
in vitro (Horse Peripheral Blood Mononuclear Cells)	2	SPECIES
in vitro (Horse Red Blood Cells)	2	SPECIES
in vitro (Human Pancreas Cancer Cells, Mia PaCa-2)	2	SPECIES
in vitro (Human Pancreas Cancer Cells, PANC-1/C5, Transfected)	2	SPECIES
in vitro (Human Leukemia Cell Mitochondria, HL-60)	2	SPECIES
in vitro (Human Lung Carcinoma Cells, H1299)	2	SPECIES
in vitro (Chinese Hamster Ovary Cell Cytosol, Transfected)	2	SPECIES
in vitro (Chinese Hamster Ovary Cell Cytosol)	2	SPECIES
Mouse (NEUT2 Heterozygous)	2	SPECIES
in vitro (Human UDP-Glucuronosyltransferase)	2	SPECIES
in vitro (Hen Liver Cytosol and Microsomes)	2	SPECIES
in vitro (Rat Heart Supernatant, Neonatal)	2	SPECIES
in vitro (Hen Kidney Membranes)	2	SPECIES
in vitro (Hen Liver Membranes)	2	SPECIES
in vitro (Hen Kidney Supernatant)	2	SPECIES
in vitro (Hen Brain Supernatant)	2	SPECIES
in vitro (Rabbit Brain Membranes)	2	SPECIES
in vitro (Rabbit Liver Membranes)	2	SPECIES
in vitro (Mouse Spleen CD8+ T Cells)	2	SPECIES
in vitro (Rat Forebrain)	2	SPECIES
in vitro (Rat Kidney Nuclei and Mitochondria)	2	SPECIES
in vitro (Rat Liver Nuclei and Mitochondria)	2	SPECIES
in vitro (Human Erythrocyte Cytosol)	2	SPECIES
in vitro (Human Erythrocyte Microsomes)	2	SPECIES
in vitro (Rat Corpus Striatum)	2	SPECIES
in vitro (Guinea Pig Cortex Supernatant)	2	SPECIES
in vitro (Guinea Pig Brain Medulla Oblongata)	2	SPECIES
in vitro (Fish Skin Mucus Supernatant)	2	SPECIES
in vitro (Mouse Cerebellum Cytosol)	2	SPECIES
in vitro (Mouse Cerebellum Membranes)	2	SPECIES
in vitro (Rat Cerebral Cortex Supernatant)	2	SPECIES
in vitro (Pig Muscle Homogenate)	2	SPECIES
in vitro (Guinea Pig Muscle Homogenate)	2	SPECIES
in vitro (Rat Hippocampus Cells)	2	SPECIES
in vitro (Rabbit Erythrocyte Ghosts)	2	SPECIES
in vitro (Rat Erythrocyte Ghosts)	2	SPECIES
in vitro (Rat Brain Homogenate, Fetal)	2	SPECIES
in vitro (Guinea Pig Diaphragm Supernatant)	2	SPECIES
in vitro (Monkey Red Blood Cells)	2	SPECIES
in vitro (Guinea Pig Heart)	2	SPECIES
in vitro (Guinea Pig Skeletal Muscle)	2	SPECIES
in vitro (Rat Pons Homogenate)	2	SPECIES
in vitro (Hamster Brain Extract)	2	SPECIES
in vitro (Mouse Muscle Supernatant)	2	SPECIES
in vitro (Rat Brainstem)	2	SPECIES
in vitro (Snake Venom)	2	SPECIES
in vitro (Human Lung Large Cell Carcinoma)	2	SPECIES
in vitro (Rat Medulla and Pons Homogenate)	2	SPECIES
in vitro (Mouse Thymus Supernatant)	2	SPECIES
in vitro (Mouse Thymus Homogenate, Dystrophic)	2	SPECIES
in vitro (Mouse Thymus Supernatant, Dystrophic)	2	SPECIES
in vitro (Mouse Peripheral Blood Lymphocytes)	2	SPECIES
in vitro (Rat Plasma, Maternal)	2	SPECIES
in vitro (Rat Plasma, Fetal)	2	SPECIES
in vitro (Rat Heart Atrium Homogenate)	2	SPECIES
in vitro (Rat Brainstem Supernatant)	2	SPECIES
in vitro (Rat Thalamus Homogenate)	2	SPECIES
in vitro (Mouse Cortex Homogenate, Postnatal Day 21)	2	SPECIES
in vitro (Mouse Cortex Homogenate, Postnatal Day 21, Irradiated)	2	SPECIES
in vitro (Rabbit Heart)	2	SPECIES
in vitro (Rabbit Cortex)	2	SPECIES
in vitro (Rabbit Cerebellum)	2	SPECIES
in vitro (Human Plasma, Cystic Fibrosis)	2	SPECIES
in vitro (Human AHH1-TK+/- Cells Expressing Human CYP2B6)	2	SPECIES
in vitro (Rat Liver Microsomes, Triton X-100 Treated)	2	SPECIES
in vitro (Polecat Liver)	2	SPECIES
in vitro (Mouse Bladder Extract)	2	SPECIES
in vitro (Bird Brain)	2	SPECIES
Human (Geriatric)	2	SPECIES
in vitro (Mouse Liver Homogenate, Transgenic, SAT1 Overexpressing)	2	SPECIES
in vitro (Mouse Liver Homogenate, Transgenic, SAT1-Deficient)	2	SPECIES
in vitro (Rat Tumor Cells)	2	SPECIES
in vitro (Rat Lung Cells, L2)	2	SPECIES
in vitro (Human Lung Malignant Cells, A549)	2	SPECIES
in vitro (Human Lung Cells, 16Lu)	2	SPECIES
in vitro (Rat Cortex Astrocytes, Neonatal)	2	SPECIES
in vitro (Mouse Serum, Female, Pregnant)	2	SPECIES
in vitro (Hamster Serum, Hypercholesterolemia-Induced)	2	SPECIES
in vitro (Human Serum, Epilepsy Patients)	2	SPECIES
in vitro (Rat Serum, Diabetic)	2	SPECIES
in vitro (Rat Serum, Nematode Infected)	2	SPECIES
in vitro (Human Serum, Metabolic Syndrome Patients)	2	SPECIES
in vitro (Rat Cortex Homogenate, Female)	2	SPECIES
in vitro (Rat Cerebellum Homogenate, Female)	2	SPECIES
in vitro (Rat Cortex Homogenate, Male)	2	SPECIES
in vitro (Rat Cerebellum Homogenate, Male)	2	SPECIES
in vitro (Human HEK 293 Cells, Transfected)	2	SPECIES
in vitro (Rat Liver Mitochondria, Partially Hepatectomized)	2	SPECIES
in vitro (Rat Dorsal Root Ganglia Homogenate)	2	SPECIES
in vitro (Opossum Kidney Proximal Tubule Cells)	2	SPECIES
in vitro (Mouse Epididymis White Adipose Homogenate)	2	SPECIES
in vitro (Rat Abdominal Aorta)	2	SPECIES
in vitro (Human Umbilical Cord Homogenate)	2	SPECIES
in vitro (Mouse Aorta Homogenate)	2	SPECIES
in vitro (Rat Pons)	2	SPECIES
in vitro (Caco-2 Cell Mitochondria)	2	SPECIES
in vitro (Human Coronary Artery Homogenate)	2	SPECIES
in vitro (Cow Brain Homogenate)	2	SPECIES
in vitro (Rat Cerebellum Mitochondria)	2	SPECIES
in vitro (Duck Heart)	2	SPECIES
in vitro (Duck Liver)	2	SPECIES
in vitro (Duck Brain)	2	SPECIES
in vitro (Comamonas testosteroni delta5-3-Ketosteroid Isomerase)	2	SPECIES
in vitro (Monkey Brain Membranes)	2	SPECIES
in vitro (Pig Heart Muscle)	2	SPECIES
in vitro (Rabbit Red Blood Cells)	2	SPECIES
in vitro (COS-7 Cells Expressing Human NTPDase 1)	2	SPECIES
in vitro (COS-7 Cells Expressing Human NTPDase 3)	2	SPECIES
in vitro (COS-7 Cells Expressing Human NTPDase 8)	2	SPECIES
in vitro (COS-7 Cells Expressing Mouse NTPDase 1)	2	SPECIES
in vitro (COS-7 Cells Expressing Rat NTPDase 1)	2	SPECIES
in vitro (Rat Sciatic Nerve Supernatant)	2	SPECIES
in vitro (Guinea Pig Gastric Mucosa Membranes)	2	SPECIES
in vitro (Rat Heart Mitochondria, Infarcted)	2	SPECIES
in vitro (Pig Gastric Mucosa)	2	SPECIES
in vitro (Dog Heart Muscle Sarcoplasmic Reticulum)	2	SPECIES
in vitro (Rabbit Muscle Sarcoplasmic Reticulum)	2	SPECIES
in vitro (Rat Lens Homogenate)	2	SPECIES
in vitro (Rat Brain Membranes, Ischemic)	2	SPECIES
in vitro (Chicken Gizzard Plasma Membranes)	2	SPECIES
in vitro (Mouse Cerebellar Cortex)	2	SPECIES
in vitro (COS-7 Cell Supernatant Expressing Human NTPDase 1)	2	SPECIES
in vitro (COS-7 Cell Supernatant Expressing Human NTPDase 2)	2	SPECIES
in vitro (COS-7 Cell Supernatant Expressing Human NTPDase 3)	2	SPECIES
in vitro (COS-7 Cell Supernatant Expressing Human NTPDase 8)	2	SPECIES
in vitro (COS-7 Cell Supernatant Expressing Mouse NTPDase 1)	2	SPECIES
in vitro (COS-7 Cell Supernatant Expressing Mouse NTPDase 2)	2	SPECIES
in vitro (COS-7 Cell Supernatant Expressing Mouse NTPDase 3)	2	SPECIES
in vitro (COS-7 Cell Supernatant Expressing Mouse NTPDase 8)	2	SPECIES
in vitro (Rat Cortex Membranes)	2	SPECIES
in vitro (Pig Stomach Mucosa Homogenate)	2	SPECIES
in vitro (Human Erythrocyte Membranes, Calmodulin Treated)	2	SPECIES
in vitro (Dog Masseter Muscle Sarcoplasmic Reticulum)	2	SPECIES
in vitro (Rat Aorta Membranes)	2	SPECIES
in vitro (Rat Caudal Artery Membranes)	2	SPECIES
in vitro (Human Kidney Cells, HEK 293T)	2	SPECIES
in vitro (Rat Brain Nucleus Accumbens)	2	SPECIES
in vitro (Mouse Heart Membranes)	2	SPECIES
in vitro (Rat Blood Vessel Supernatant)	2	SPECIES
in vitro (Mouse T-Lymphocyte Cells, 3B4.15)	2	SPECIES
in vitro (Rat Adrenal Cortex Glomerulosa Cell Membranes)	2	SPECIES
in vitro (Turkey Erythrocyte Membranes)	2	SPECIES
in vitro (Testis Microsomes)	2	SPECIES
in vitro (Goat Lung Cytosol)	2	SPECIES
in vitro (Goat Liver Cytosol)	2	SPECIES
in vitro (Mouse Visceral Yolk Sac)	2	SPECIES
in vitro (Mouse Head Homogenate, Embryonic)	2	SPECIES
in vitro (Mouse Heart Homogenate, Embryonic)	2	SPECIES
in vitro (Mouse Trunk Homogenate, Embryonic)	2	SPECIES
in vitro (Mouse Embryo)	2	SPECIES
in vitro (Rat Visceral Yolk Sac)	2	SPECIES
in vitro (Rat Head Homogenate, Embryonic)	2	SPECIES
in vitro (Rat Heart Homogenate, Embryonic)	2	SPECIES
in vitro (Rat Trunk Homogenate, Embryonic)	2	SPECIES
in vitro (Cow Feces)	2	SPECIES
in vitro (Cow Gastrointestinal Contents)	2	SPECIES
in vitro (Human Osteoblast-like Cells, Saos-2)	2	SPECIES
in vitro (Rat Calvarium Osteoblasts, Neonatal)	2	SPECIES
in vitro (Human Mesenchymal Stem Cells)	2	SPECIES
in vitro (Rat Bone Marrow Cells and Osteoblasts, Cocultured)	2	SPECIES
in vitro (Human Dental Pulp Cells)	2	SPECIES
in vitro (Human Dental Follicle Cells)	2	SPECIES
in vitro (Rat Bone Marrow Stromal Cells)	2	SPECIES
in vitro (Mouse Sperm)	2	SPECIES
in vitro (Human Oral Squamous Cell Carcinoma Extract, HSC-3)	2	SPECIES
in vitro (Rat Osteoblast-like Cells)	2	SPECIES
in vitro (Human Osteoblasts, Fetal)	2	SPECIES
in vitro (Human Vascular Smooth Muscle Cells)	2	SPECIES
in vitro (Rat Brain Homogenate, Postnatal)	2	SPECIES
in vitro (Mouse Liver Lysosomes)	2	SPECIES
in vitro (Hamster Urine)	2	SPECIES
in vitro (Rat Jejunum Brush Border Membranes)	2	SPECIES
in vitro (Human Erythroleukemia Cells, K-562, Mutant)	2	SPECIES
in vitro (Human Placenta Nuclei)	2	SPECIES
in vitro (Rat Heart Nuclei)	2	SPECIES
in vitro (Marmoset Small Intestine Cytosol)	2	SPECIES
in vitro (Human Lung Adenocarcinoma Cell Microsomes, A549)	2	SPECIES
in vitro (Human Lung Carcinoma Cell Microsomes, A549)	2	SPECIES
in vitro (Bovine Aorta Microsomes)	2	SPECIES
in vitro (Escherichia coli Cytochrome C Oxidoreductase)	2	SPECIES
in vitro (Calf Kidney Perfusion)	2	SPECIES
in vitro (Human Fibroblast Cells, PD220)	2	SPECIES
in vitro (Human Fibroblast Cells, PD751)	2	SPECIES
in vitro (Hep G2 Cell Mitochondria)	2	SPECIES
in vitro (Mouse Liver Mitochondria, Cyp27a Knockout)	2	SPECIES
in vitro (Mouse Liver Microsomes, Male, Cyp27(-/-))	2	SPECIES
in vitro (Human Enterocytes, Caco-2/TC7)	2	SPECIES
in vitro (Sheep Corpus Luteum Cells)	2	SPECIES
in vitro (Mouse Leydig Cell Mitochondria, MA-10)	2	SPECIES
in vitro (Human Keratinocyte Mitochondria)	2	SPECIES
in vitro (Sheep Adrenal Gland Cell Mitochondria)	2	SPECIES
in vitro (Human Liver Mitochondria, CYP27 Gene Mutation)	2	SPECIES
in vitro (Mouse Liver Mitochondria, Female, Cyp27(-/-))	2	SPECIES
in vitro (Pig Adrenal Slices)	2	SPECIES
in vitro (Rabbit Endometrium Cytosol)	2	SPECIES
in vitro (Caco-2 Cells, Clone BBe)	2	SPECIES
in vitro (Human Osteoblasts, Female)	2	SPECIES
in vitro (Human Trophoblasts)	2	SPECIES
in vitro (Human Prostate Cells)	2	SPECIES
in vitro (Murine Myeloid Leukemia WEHI-3 Cells)	2	SPECIES
in vitro (Rat Osteoblast Cells, ROB-C26)	2	SPECIES
in vitro (Human Hepatoblastoma Hep G2 Cell Microsomes)	2	SPECIES
Human (Adolescent, Diabetic Patients)	2	SPECIES
Cat (FHV-1 Infected)	2	SPECIES
in vitro (Human Schwannoma Cells)	2	SPECIES
in vitro (AHH-1 Cell Microsomes Expressing Human CYP2A6)	2	SPECIES
in vitro (AHH-1 Cell Microsomes Expressing Human CYP2B6)	2	SPECIES
Human (Female, Premenopausal)	2	SPECIES
in vitro (Rat Testis Homogenate, Immature)	2	SPECIES
in vitro (Rat Testis Seminiferous Tubules, Immature)	2	SPECIES
in vitro (Pig Brain Cortex Mitochondria)	2	SPECIES
in vitro (Rat Brainstem Mitochondria)	2	SPECIES
in vitro (Guinea Pig Cortex Homogenate)	2	SPECIES
in vitro (Guinea Pig Striatum Homogenate)	2	SPECIES
in vitro (Rat Heart Myoblast Cells, H9c2)	2	SPECIES
Mouse (Pulmonary Aspergillosis Infected)	2	SPECIES
in vitro (Rat Brain Microvascular Endothelial Cells)	2	SPECIES
in vitro (Mouse Adipose)	2	SPECIES
in vitro (HEK 293 Cells Expressing Mouse 11beta-HSD1)	2	SPECIES
in vitro (Mouse Adipose Tissue)	2	SPECIES
in vitro (Mouse Ovary Homogenate, Female, Pregnant)	2	SPECIES
in vitro (Mouse Liver Homogenate, Fetal)	2	SPECIES
in vitro (Rat Sciatic Nerve Homogenate)	2	SPECIES
in vitro (Human Kidney HK 293 Cells Expressing Human CYP17)	2	SPECIES
in vitro (Human Kidney HK 293 Cells Expressing Human CYP17, Cytochrome b5+	2	SPECIES
in vitro (Calf Testis Microsomes)	2	SPECIES
in vitro (Bovine Adrenal Gland Microsomes)	2	SPECIES
in vitro (Rat Marrow)	2	SPECIES
in vitro (Rat Smooth Muscle)	2	SPECIES
in vitro (Rat Fat)	2	SPECIES
in vitro (Rat Placenta Perfusion, Hepatectomized and Nephrectomized)	2	SPECIES
in vitro (Human Lymphoblastoid Cells Expressing Human UGT1A Isoenzymes)	2	SPECIES
in vitro (Mouse Heart, Mammary Tumor Bearing)	2	SPECIES
in vitro (Mouse Cerebral Cortex Mitochondria)	2	SPECIES
in vitro (Mouse Cerebellum Granule Cells)	2	SPECIES
in vitro (Rat Lens Supernatant)	2	SPECIES
in vitro (Murine Skeletal Muscle Cells, C2C12)	2	SPECIES
in vitro (Murine Skeletal Muscle Cells, C2C12, Vitamin D-Deficient)	2	SPECIES
in vitro (Mouse Aorta Supernatant, Hypercholesterolemic)	2	SPECIES
in vitro (Rat Eye Lenses)	2	SPECIES
in vitro (Rat Heart, Aged)	2	SPECIES
in vitro (Rat Heart, Young)	2	SPECIES
in vitro (Fish Intestine Post-Mitochondrial Fraction)	2	SPECIES
in vitro (Fish Muscle Post-Mitochondrial Fraction)	2	SPECIES
in vitro (Fish Brain Post-Mitochondrial Fraction)	2	SPECIES
in vitro (Rat Liver Mitochondria, Hyperthyroidism-Induced)	2	SPECIES
in vitro (Rat Liver Post-Mitochondrial Fraction, Hyperthyroidism-Induced)	2	SPECIES
in vitro (Chinese Hamster Lung Fibroblast V79 Cell Supernatant)	2	SPECIES
in vitro (Human Glioma Cells, BMG-1)	2	SPECIES
in vitro (Human Glioma Cells, BMG-1, Irradiated)	2	SPECIES
in vitro (Human Carcinoma Cells, KB)	2	SPECIES
in vitro (Human Carcinoma Cells, KB, Irradiated)	2	SPECIES
in vitro (Human Kidney Cells, Embryonic, Irradiated)	2	SPECIES
in vitro (Fish Liver Post-Mitochondrial Fraction, Rainbow Trout)	2	SPECIES
in vitro (Rat Lymphocytes, Diabetic)	2	SPECIES
in vitro (Mouse Erythrocytes, Apolipoprotein E-Deficient)	2	SPECIES
Bird (Stork, Chick)	2	SPECIES
in vitro (Human Liver, Children)	2	SPECIES
in vitro (Mouse Cerebellum Supernatant, Male)	2	SPECIES
in vitro (Mouse Cerebellum Supernatant, Female)	2	SPECIES
in vitro (Rat Lung Epithelium Cells, L2)	2	SPECIES
in vitro (Rat Pectoralis Major Muscle Supernatant)	2	SPECIES
in vitro (Rat Sartorius Muscle Supernatant)	2	SPECIES
in vitro (Mouse Brain Supernatant, Neonatal)	2	SPECIES
in vitro (Chinese Hamster Ovary Cell Extract, CHO-K1)	2	SPECIES
in vitro (Green Monkey Kidney Cell Extract, Vero)	2	SPECIES
in vitro (Fish Embryo Homogenate)	2	SPECIES
in vitro (Mouse Leukemia Cell Lysate, L1210)	2	SPECIES
in vitro (Mouse Blood and Serum)	2	SPECIES
in vitro (Rat Heart Cells, Newborn)	2	SPECIES
Human (Female, Caucasian)	2	SPECIES
Human (Male, Caucasian)	2	SPECIES
Human (Female, Japanese)	2	SPECIES
Human (Male, Japanese)	2	SPECIES
in vitro (NIH3T3-L1 Cells)	2	SPECIES
in vitro (Mouse Liver Glutathione Transferase)	2	SPECIES
in vitro (Human Lymphocyte CEM Cell Extract)	2	SPECIES
in vitro (Rabbit Endometrium Microsomes)	2	SPECIES
in vitro (Monkey Kidney COS Cells)	2	SPECIES
in vitro (Human Pancreas Cancer Cells, CFPAC-1)	2	SPECIES
in vitro (Human Pancreas Cancer Cells, HS766T)	2	SPECIES
in vitro (Human Pancreas Cancer Cells, MIA PaCa-2)	2	SPECIES
in vitro (Human Pancreas Cancer Cells, MIA PaCa-2, NQO1 Knockdown)	2	SPECIES
in vitro (Human Lung Cancer Cells, H1650)	2	SPECIES
in vitro (Human Lung Cancer Cells, H1975)	2	SPECIES
in vitro (Human Pancreas Cancer Cells, L3.5s1)	2	SPECIES
in vitro (Human Myeloma Cells, RPMI8226)	2	SPECIES
in vitro (Human Lymphoma Cells, Daudi)	2	SPECIES
in vitro (Human Acute Myeloid Leukemia Cells, MV-4-11)	2	SPECIES
in vitro (Human Lung Cancer Cells, HCC827)	2	SPECIES
in vitro (Human Pancreas Cancer Cells, L3.6p1)	2	SPECIES
in vitro (Human Breast Cancer Cells, JIMT-1)	2	SPECIES
in vitro (Human Myeloma Cells, KMS-12)	2	SPECIES
in vitro (Human Lung Cancer Cells, HCC4006)	2	SPECIES
in vitro (Human Ovary Cancer Cells, IGROV-1)	2	SPECIES
in vitro (Human Myeloma Cells, H929)	2	SPECIES
in vitro (Human Lymphoma Cells, Toledo)	2	SPECIES
in vitro (Sheep Duodenum Mucosa Cytosol)	2	SPECIES
in vitro (Human Neuroblastoma Cell Lysate, SK-N-BE(2)-C)	2	SPECIES
in vitro (Human Leukemia Cell Lysate, MOLT-3)	2	SPECIES
in vitro (Human Pancreas Adenocarcinoma Cell Extract, Capan-2)	2	SPECIES
in vitro (Human Cervix Epithelium Cancer HeLa Cell Extract)	2	SPECIES
in vitro (Saccharomyces cerevisiae Cells, Yeast)	2	SPECIES
in vitro (Human Acute Promyelocytic Leukemia Cells, NB4)	2	SPECIES
in vitro (Rat Liver Canalicular Membranes)	2	SPECIES
in vitro (Rabbit Liver Canalicular Membranes)	2	SPECIES
in vitro (Guinea Pig Liver Canalicular Membranes)	2	SPECIES
in vitro (Rat Liver Nodule Homogenate)	2	SPECIES
in vitro (Rat Lower Small Intestine Contents)	2	SPECIES
in vitro (Saccharomyces Microsomes, Yeast)	2	SPECIES
in vitro (Chicken Heart Cytosol)	2	SPECIES
in vitro (Turtle Heart Cytosol)	2	SPECIES
in vitro (Frog Heart Cytosol)	2	SPECIES
in vitro (Fish Heart Cytosol)	2	SPECIES
in vitro (Cattle Thyroid Slices)	2	SPECIES
in vitro (Rat Renal Cortex Homogenate, Myocardial Infaction-Induced)	2	SPECIES
in vitro (Mouse Myocardium Cytosol)	2	SPECIES
in vitro (Bovine Adrenal Cortex Supernatant)	2	SPECIES
in vitro (Rat Pineal Gland Supernatant)	2	SPECIES
in vitro (Cattle Aorta Homogenate)	2	SPECIES
Fish (Snakehead)	2	SPECIES
in vitro (Rat Hepatocytes, TR- Strain)	2	SPECIES
in vitro (Human Liver Hematopoietic Stem Cells)	2	SPECIES
Mouse (Mutant)	2	SPECIES
in vitro (Rabbit Liver Microsome Cytochrome P450 Reductase)	2	SPECIES
in vitro (Hamster Ovary Cell Homogenate, Transfected)	2	SPECIES
in vitro (Horse Serum Butyrylcholinesterase)	2	SPECIES
in vitro (Red Sea Bream Liver Microsomes)	2	SPECIES
in vitro (Goldfish Liver Microsomes)	2	SPECIES
in vitro (Rat Brain Polyphosphate 4-Phosphatase)	2	SPECIES
Chameleon	2	SPECIES
Bird (Flamingo)	2	SPECIES
Bird (Great Tit)	2	SPECIES
in vitro (Human Cells, BEAS-2B)	2	SPECIES
in vitro (Rabbit Clara Cells)	2	SPECIES
in vitro (Calf Intestine Mucosa)	2	SPECIES
in vitro (Human Type II Inosine 5'-Monophosphate Dehydrogenase)	2	SPECIES
in vitro (Shark Liver Sterol Sulfotransferase)	2	SPECIES
in vitro (Escherichia coli Haloalkane Dehalogenase)	2	SPECIES
in vitro (Human Leukemia Cell Mitochondria, HL-60, all-trans-Retinoic Aci+	2	SPECIES
in vitro (Human Leukemia Cell Cytosol, HL-60, all-trans-Retinoic Acid Tre+	2	SPECIES
in vitro (Pig Thyroid Microsomes)	2	SPECIES
in vitro (Mouse Liver Cytosol, Male, Gstt1-Null)	2	SPECIES
in vitro (Mouse Liver Cytosol, Female, Gstt1-Null)	2	SPECIES
in vitro (Saccharomycopsis alpha-Amylase, Mutants Y83W, Y83L, Y83N)	2	SPECIES
in vitro (Monkey Cortex Microsomes)	2	SPECIES
in vitro (Monkey Striatum Microsomes)	2	SPECIES
in vitro (Mouse Leukemia Cells, L1210-RFC)	2	SPECIES
in vitro (Mouse Leukemia Cells, L1210-MFR)	2	SPECIES
in vitro (Human Colon Carcinoma Cells, H630R1)	2	SPECIES
in vitro (Human Colon Carcinoma Cells, H630R10)	2	SPECIES
in vitro (Human Colon Carcinoma Cells, WiDr-4PEM)	2	SPECIES
in vitro (Human Colon Carcinoma Cells, WiDr-cPEM)	2	SPECIES
in vitro (Rat Fibroblasts, NW-16)	2	SPECIES
in vitro (Pig Pepsin)	2	SPECIES
Human (Homocystinuria Patients)	2	SPECIES
in vitro (Human Liver Betaine-Homocysteine Methyl Transferase)	2	SPECIES
in vitro (Human Kidney Betaine-Homocysteine Methyl Transferase)	2	SPECIES
in vitro (Rat Liver Betaine-Homocysteine Methyl Transferase)	2	SPECIES
in vitro (Human Glioma GaMg Cells)	2	SPECIES
in vitro (Coriolus versicolor Laccase)	2	SPECIES
in vitro (HCT 116 Cells Expressing Human CES1)	2	SPECIES
in vitro (Rat Liver Mitochondria, Permeabilized)	2	SPECIES
in vitro (Isopentenyl Diphosphate/Dimethylallyl Diphosphate Isomerase)	2	SPECIES
in vitro (Phanerochaete chrysosporium Lignin Peroxidase)	2	SPECIES
Human (Female, Infertile)	2	SPECIES
in vitro (Human Ileum Mucosa Microsomes)	2	SPECIES
in vitro (Human Small Bowel Mucosa Microsomes)	2	SPECIES
in vitro (Human Duodenum Mucosa Microsomes)	2	SPECIES
in vitro (HK 293 Cells Expressing Human UGT1A3)	2	SPECIES
in vitro (HK 293 Cells Expressing Human UGT1A8)	2	SPECIES
in vitro (Human B-Lymphoblastoid Cells Expressing Human UGT1A9)	2	SPECIES
in vitro (HK 293 Cells Expressing Human UGT1A10)	2	SPECIES
in vitro (HK 293 Cells Expressing Human UGT Isoenzymes)	2	SPECIES
in vitro (Human B-Lymphoblastoid Cells Expressing Human UGT2B10)	2	SPECIES
in vitro (Pig Liver Post-Nuclear Fraction)	2	SPECIES
in vitro (Pig Thyroid Mitochondria)	2	SPECIES
in vitro (Lymphoma Cells, U937)	2	SPECIES
in vitro (Dog Liver Extract)	2	SPECIES
in vitro (Rat Brown Adipose Microsomes)	2	SPECIES
in vitro (Rat Liver Cytosol, Wistar)	2	SPECIES
in vitro (HEK 293 Cell Homogenate Coexpressing Human UGT1A7 and UGT2A1 De+	2	SPECIES
in vitro (HEK 293 Cells, Transfected, BCRP Knockdown)	2	SPECIES
Rat (Male, Immature)	2	SPECIES
Rat (Male, Mature)	2	SPECIES
in vitro (Mouse Stomach Supernatant)	2	SPECIES
in vitro (Blood)	2	SPECIES
in vitro (Rat Liver Slice Extract)	2	SPECIES
in vitro (Fish Intestine Microsomes, Channel Catfish)	2	SPECIES
in vitro (Dog Cecum Contents)	2	SPECIES
in vitro (Human Liver Epithelium THLE-5 Cells, Transfected)	2	SPECIES
in vitro (Rat Liver Cytosol, Male, 12 Months)	2	SPECIES
in vitro (Rat Lung Cytosol, Male, 3 Months)	2	SPECIES
in vitro (Rat Lung Cytosol, Female, 3 Months)	2	SPECIES
in vitro (Rat Lung Cytosol, Female, 24 Months)	2	SPECIES
in vitro (Human Mammary Carcinoma MCF-7 Cells, Transfected)	2	SPECIES
in vitro (Rat Liver Cytochrome P4501A1)	2	SPECIES
Human (Renal Impairment Patients, Elderly)	2	SPECIES
Human (Children, Otitis Patients)	2	SPECIES
in vitro (B-Lymphoblastoid Cell Microsomes Expressing Human CYP1A1)	2	SPECIES
in vitro (Rat Breast Tumor Cells)	2	SPECIES
in vitro (Human Cutaneous T Cell Lymphoma Cells, HuT-78)	2	SPECIES
in vitro (Monkey Kidney Supernatant)	2	SPECIES
in vitro (Hamster Lung Fibroblast V79 Cell Membranes Expressing Rat UGT2B+	2	SPECIES
in vitro (Mouse Olfactory Epithelium Cytosol)	2	SPECIES
in vitro (Mouse Respiratory Epithelium Cytosol)	2	SPECIES
in vitro (Rat Hepatoma 7777 Cell Cytosol)	2	SPECIES
in vitro (Rat Liver Mitochondria, Female)	2	SPECIES
in vitro (Rat Hepatoma Cell Microsomes)	2	SPECIES
in vitro (Rat Testis Perfusion)	2	SPECIES
in vitro (Human Neuroblastoma CHP-212 Cells)	2	SPECIES
in vitro (Human Tubal Carcinoma TG Cells)	2	SPECIES
in vitro (Mouse Melanoma Cells, B16-BL6)	2	SPECIES
in vitro (Human Hepatoma Hep G2 Cytosol)	2	SPECIES
in vitro (Human Hepatoma Hep G2 Microsomes)	2	SPECIES
in vitro (Human T-Cell Leukemia Cytosol)	2	SPECIES
in vitro (Rat Bone Marrow Cytosol)	2	SPECIES
in vitro (Rat Intestine Microsomes, Renal Failure)	2	SPECIES
in vitro (Rat Blood, Hyperlipidemic)	2	SPECIES
in vitro (Dog Adrenal Cortex Homogenate)	2	SPECIES
in vitro (Rat Adrenal Cortex Homogenate)	2	SPECIES
in vitro (Human Adrenal Cortex Tumor Homogenate)	2	SPECIES
in vitro (Human Hep G2 Cell Microsomes Expressing Human CYP Isoenzymes)	2	SPECIES
in vitro (Human Lymphoblast Microsomes Expressing Human CYP2B6)	2	SPECIES
in vitro (Human Lymphoblast Microsomes Expressing Human CYP2E1)	2	SPECIES
in vitro (Human Ileum Mucosa)	2	SPECIES
in vitro (Human Breast Cancer MDA-MB-435 Cells)	2	SPECIES
in vitro (Rat Kidney Proximal Tubule Epithelium Cells)	2	SPECIES
in vitro (Chinese Hamster Lung Fibroblasts)	2	SPECIES
in vitro (Pig Kidney Slices)	2	SPECIES
in vitro (Human Stomach Carcinoma Cells, SNU-1)	2	SPECIES
in vitro (Human Stomach Carcinoma Cells, SNU-16)	2	SPECIES
in vitro (Mouse Stem Cells, CGR8, Embryonic)	2	SPECIES
in vitro (Rat Bronchoalveolar Lavage Fluid)	2	SPECIES
in vitro (Mouse Myocytes Homogenate)	2	SPECIES
in vitro (Human Leukemia K-562 Cells Expressing Human ALDH2)	2	SPECIES
in vitro (Human Leukemia K-562 Cells Expressing Human ALDH1A2)	2	SPECIES
in vitro (Human Lung Cancer H1299 Cells Expressing Human ALDH2)	2	SPECIES
in vitro (Human Lung Cancer H1299 Cells Expressing Human ALDH1A2)	2	SPECIES
in vitro (Rat Aorta, Hypertensive)	2	SPECIES
in vitro (Mouse Serum, Apolipoprotein E-Deficient)	2	SPECIES
in vitro (Rat Liver Supernatant, Deoxycorticosterone Acetate Salt Treated+	2	SPECIES
in vitro (Human Kidney Post-Mitochondrial Fraction)	2	SPECIES
in vitro (Human Lung Post-Mitochondrial Fraction)	2	SPECIES
in vitro (Human Colon Post-Mitochondrial Fraction)	2	SPECIES
in vitro (Mouse Colon Post-Mitochondrial Fraction)	2	SPECIES
in vitro (Mouse Macrophage Cell Cytosol, RAW 264.7)	2	SPECIES
in vitro (Mouse Peritoneal Macrophage Homogenate)	2	SPECIES
in vitro (Human Kidney 293 Cell Microsomes Expressing Human UGT1A6)	2	SPECIES
in vitro (Human Kidney 293 Cell Microsomes Expressing Human UGT2B17)	2	SPECIES
in vitro (Human Umbilical Vein Endothelial Cells, Neonatal)	2	SPECIES
in vitro (Rat Milk)	2	SPECIES
in vitro (Rat Pancreas Islet Mitochondria)	2	SPECIES
in vitro (Mouse Kidney, Diabetic)	2	SPECIES
in vitro (Human Neuroblastoma Cell Mitochondria, SH-SY5Y)	2	SPECIES
in vitro (Rat Brain Supernatant, 2 Months)	2	SPECIES
in vitro (Rat Brain Supernatant, 24 Months)	2	SPECIES
in vitro (Rat Bone Marrow)	2	SPECIES
in vitro (Rat Heart Homogenate, Ischemic)	2	SPECIES
in vitro (Syrian Hamster Liver Cytosol)	2	SPECIES
in vitro (Rat Optic Nerve)	2	SPECIES
in vitro (Chicken Aorta)	2	SPECIES
in vitro (Chicken Aorta Cytosol)	2	SPECIES
in vitro (Chicken Aorta Nuclei)	2	SPECIES
in vitro (Chicken Aorta Post-Nuclear Fraction)	2	SPECIES
in vitro (Chicken Aorta Mitochondria)	2	SPECIES
in vitro (Chicken Aorta Post-Mitochondrial Fraction)	2	SPECIES
in vitro (Human CTLL Cells)	2	SPECIES
in vitro (Human A31 Cells)	2	SPECIES
in vitro (Monkey Liver Homogenate, Male)	2	SPECIES
in vitro (Monkey Liver Homogenate, Female)	2	SPECIES
in vitro (Dog Liver Homogenate, Male)	2	SPECIES
in vitro (Dog Liver Homogenate, Female)	2	SPECIES
in vitro (Guinea Pig Liver Endoplasmic Reticulum Fractions)	2	SPECIES
in vitro (Mouse Liver NCTC Cells)	2	SPECIES
in vitro (Human Bladder Carcinoma Cells, EJ-1)	2	SPECIES
in vitro (COS-7 Cell Membranes Expressing Human FAAH)	2	SPECIES
in vitro (Rat Brain Membrane Homogenate)	2	SPECIES
in vitro (Cat Ciliary Body Homogenate)	2	SPECIES
in vitro (Cat Iris Sphincter Muscle Homogenate)	2	SPECIES
in vitro (Rat Neuroblastoma N18TG2 Cells)	2	SPECIES
in vitro (Mouse Kidney Cortex Microsomes)	2	SPECIES
in vitro (Mouse Kidney Medulla Microsomes)	2	SPECIES
in vitro (Human Prostate Cancer Cells, R3327 AT-1)	2	SPECIES
in vitro (Chicken Sciatic Nerve Soluble Fraction)	2	SPECIES
in vitro (Chicken Sciatic Nerve)	2	SPECIES
in vitro (Hen Brain S9 Fraction)	2	SPECIES
in vitro (Mouse Stem Cells, Embryonic, D3)	2	SPECIES
in vitro (Chicken Peripheral Nerve Soluble Fraction)	2	SPECIES
in vitro (Neuro-2a Cells, Transfected)	2	SPECIES
in vitro (Hen Spinal Cord)	2	SPECIES
in vitro (Hen Sciatic Nerve)	2	SPECIES
in vitro (Hen Brain Microsomes)	2	SPECIES
in vitro (Rat Brain Glial Tumor Cells, C6)	2	SPECIES
in vitro (Mouse Diaphragm Supernatant)	2	SPECIES
in vitro (Minipig Erythrocytes)	2	SPECIES
in vitro (Green Monkey Blood)	2	SPECIES
in vitro (Green Monkey Plasma)	2	SPECIES
in vitro (Green Monkey Erythrocytes)	2	SPECIES
in vitro (Human Kidney Tumor Extract)	2	SPECIES
in vitro (Human Cerebrospinal Fluid, Alzheimer's Disease Patients)	2	SPECIES
in vitro (Mouse Plasma, Transgenic)	2	SPECIES
in vitro (Mouse Tissue, Transgenic)	2	SPECIES
in vitro (Rat Serum, Neonatal)	2	SPECIES
in vitro (Mouse Muscle, AChe(+/-) Genotype)	2	SPECIES
in vitro (Mouse Muscle, AChe(-/-) Genotype)	2	SPECIES
in vitro (Mouse Liver, AChe(-/-) Genotype)	2	SPECIES
in vitro (Mouse Serum, AChe(-/-) Genotype)	2	SPECIES
in vitro (Human Leukemia Cell Line 855-2)	2	SPECIES
in vitro (Rat Skin Extract)	2	SPECIES
Rat (Mutant, Nagase Analbuminemic)	2	SPECIES
Human (Children, Hematopoietic Cell Transplanted Patients)	2	SPECIES
Human (Kidney Transplanted Patients, Tacrolimus Treated)	2	SPECIES
Human (Kidney Transplanted Patients, Cyclosporin Treated)	2	SPECIES
Human (Islet Cell Transplanted Patients)	2	SPECIES
Human (Heart and Lung Transplanted Patients)	2	SPECIES
in vitro (Dog Artery Supernatant)	2	SPECIES
in vitro (COS Cell Microsomes Expressing Bovine 11-cis-Retinol Dehydrogen+	2	SPECIES
in vitro (Chicken Embryo, Aminoguanidine and Ornidyl Treated)	2	SPECIES
in vitro (Human Lymphoblast Cell Line HGRPT2)	2	SPECIES
in vitro (Rat Pineal Gland)	2	SPECIES
in vitro (Rat Pineal Gland Homogenate, Young)	2	SPECIES
in vitro (Rat Pineal Gland Homogenate, Old)	2	SPECIES
in vitro (Rabbit Adrenal Microsomes)	2	SPECIES
in vitro (Mouse Small Intestine Perfusion, CB6F1)	2	SPECIES
in vitro (Mouse Colon Perfusion, CB6F1)	2	SPECIES
in vitro (Mouse Small Intestine Perfusion, Bcrp(-/-))	2	SPECIES
in vitro (Mouse Colon Perfusion, Bcrp(-/-))	2	SPECIES
in vitro (Fish Kidney Mitochondria)	2	SPECIES
in vitro (Rat Saliva)	2	SPECIES
in vitro (Human Neuroblastoma Cells Expressing Rabbit Carboxylesterase)	2	SPECIES
in vitro (Human Neuroblastoma Cells Expressing Human Carboxylesterase 1)	2	SPECIES
in vitro (Human Neuroblastoma Cells Expressing Human Carboxylesterase 2)	2	SPECIES
in vitro (Rat Lung, Female, Pregnant)	2	SPECIES
in vitro (Rat Pituitary Glands)	2	SPECIES
in vitro (Rat Dorsal Root Ganglia)	2	SPECIES
in vitro (Hen Erythrocytes)	2	SPECIES
in vitro (Rat Diaphragm Supernatant)	2	SPECIES
in vitro (Rat Heart Homogenate, Neonatal)	2	SPECIES
in vitro (Mouse Cortex Homogenate)	2	SPECIES
in vitro (Guinea Pig Cortex)	2	SPECIES
in vitro (Guinea Pig Cerebellum)	2	SPECIES
in vitro (Mouse Liver Microsomes, Chimeric, Rat Liver)	2	SPECIES
Human (Neurosurgery Patients)	2	SPECIES
Rhesus Monkey (Male)	2	SPECIES
in vitro (Human Colon Carcinoma Cell Homogenate, Caco-2)	2	SPECIES
in vitro (Human Multiple Myeloma Cells)	2	SPECIES
in vitro (Human Umbilical Artery Smooth Muscle Cell Membranes)	2	SPECIES
in vitro (Rabbit Aorta Smooth Muscle Cell Membranes)	2	SPECIES
in vitro (Human Kidney 293 Cells Coexpressing Human UGT2A2 and Human UGT2+	2	SPECIES
in vitro (Hamster Liver Lisosomes)	2	SPECIES
in vitro (Hamster Kidney Lisosomes)	2	SPECIES
in vitro (Rat Small Intestine Enterocyte Homogenate)	2	SPECIES
in vitro (Dog Intestine)	2	SPECIES
in vitro (Rat Kidney Cytosol and Microsomes)	2	SPECIES
in vitro (Rat Heart Cytosol and Microsomes)	2	SPECIES
in vitro (Mouse Brain Homogenate, Transgenic, Expressing Human PON1-R192,+	2	SPECIES
in vitro (Mouse Brain Homogenate, Transgenic, Expressing Human PON1-Q192,+	2	SPECIES
in vitro (Rat Forebrain Homogenate)	2	SPECIES
in vitro (Mouse Intestine, AChe(-/-) Genotype)	2	SPECIES
in vitro (Mouse Heart, AChe(-/-) Genotype)	2	SPECIES
in vitro (Human B-Lymphoblastoid AHH-1 Cell Microsomes Expressing Human U+	2	SPECIES
in vitro (Dog Small Intestine Supernatant)	2	SPECIES
in vitro (Human Hepatoblastoma Hep G2 Cells Expressing Human CYP2C8)	2	SPECIES
in vitro (Human Hepatoblastoma Hep G2 Cells Expressing Human CYP2C9)	2	SPECIES
in vitro (Human Hepatoblastoma Hep G2 Cells Expressing Human CYP2D6)	2	SPECIES
in vitro (Human Lymphoblast Cells Expressing CYP3A)	2	SPECIES
in vitro (Human Neutrophil Membranes)	2	SPECIES
in vitro (Pig Brain Membranes)	2	SPECIES
in vitro (Human Lymphoblast Cell Microsomes Expressing Human CYP2C9-Arg)	2	SPECIES
Rat (F. hepatica Infected)	2	SPECIES
in vitro (Rabbit Skeletal Muscle Membranes)	2	SPECIES
Mouse (Oct1/2(-/-))	2	SPECIES
in vitro (Human HeLa Cells Expressing Human gamma-Glutamyltransferase)	2	SPECIES
in vitro (Human Gastric Adenocarcinoma Cells)	2	SPECIES
in vitro (Human Gastric Adenocarcinoma Cells, Oxaliplatin Resistant)	2	SPECIES
Human (Arsenic Chronically Exposed)	2	SPECIES
in vitro (Human Colon Epithelium Cells, Caco-2)	2	SPECIES
in vitro (Fish Hepatocytes, Salmon)	2	SPECIES
in vitro (Calf Thymus)	2	SPECIES
in vitro (Rat Alveolar Macrophage)	2	SPECIES
in vitro (Dog Liver Post-Mitochondrial Fraction)	2	SPECIES
in vitro (Human Sputum, Cystic Fibrosis)	2	SPECIES
in vitro (Mouse Liver Cytosol, AhR(+/+))	2	SPECIES
in vitro (Mouse Liver Cytosol, AhR(-/-))	2	SPECIES
in vitro (Rat Brain Mitochondria, Clorgyline Treated)	2	SPECIES
in vitro (Rat Brain Mitochondria, (-)-Deprenyl Treated)	2	SPECIES
in vitro (Human AHH TK+/- Cell Microsomes Expressing Human CYP2A6)	2	SPECIES
in vitro (Human AHH TK+/- Cell Microsomes)	2	SPECIES
in vitro (Monkey Liver Fractions)	2	SPECIES
in vitro (Chicken Liver Microsomes and Mitochondria)	2	SPECIES
in vitro (Rabbit Liver Microsomes and Mitochondria)	2	SPECIES
in vitro (Chicken Kidney Microsomes and Mitochondria)	2	SPECIES
in vitro (Rat Kidney Microsomes and Mitochondria)	2	SPECIES
in vitro (Rabbit Kidney Microsomes and Mitochondria)	2	SPECIES
in vitro (Chicken Brain Supernatant)	2	SPECIES
in vitro (Rat Brain Microsomes and Mitochondria)	2	SPECIES
in vitro (Rabbit Brain Microsomes and Mitochondria)	2	SPECIES
Baboon (Bile Duct Cannulated)	2	SPECIES
in vitro (Guinea Pig Bronchiole Homogenate)	2	SPECIES
in vitro (SH-SY5Y Cells, Neprilysin SiRNA Transfected)	2	SPECIES
in vitro (Rat Small Intestine Mucosa Supernatant)	2	SPECIES
in vitro (Rat Cecum and Large Intestine Mucosa Supernatant)	2	SPECIES
in vitro (Chicken Feces)	2	SPECIES
in vitro (HEK 293 Cells Overexpressing UGT Isoenzymes)	2	SPECIES
Human (Female, Postmenopausal, Osteoporosis Patients)	2	SPECIES
in vitro (Human Lymphoblast Cell Microsomes Expressing Human UGT1A8)	2	SPECIES
in vitro (Human Lymphoblast Cell Microsomes Expressing Human UGT Isoenzym+	2	SPECIES
in vitro (Rat Retina Homogenate)	2	SPECIES
in vitro (Rat Heart Vascular Smooth Muscle Cells)	2	SPECIES
in vitro (Rat Heart Vascular Smooth Muscle Cells Expressing Mouse GST A4)	2	SPECIES
in vitro (Rat Joint Homogenate)	2	SPECIES
in vitro (Rat Joint Homogenate, Arthritic)	2	SPECIES
in vitro (Rat Heart Myocyte Lysate)	2	SPECIES
in vitro (Mouse Bone Marrow Microsomes)	2	SPECIES
in vitro (HK 293 Cell Microsomes Expressing Human UGT2B30)	2	SPECIES
in vitro (HK 293 Cell Microsomes Expressing Human UGT2B19)	2	SPECIES
in vitro (Mouse Liver Microsomes, Male, Cyp4b1(+/+))	2	SPECIES
in vitro (Mouse Liver Microsomes, Male, Cyp4b1(-/-))	2	SPECIES
in vitro (Mouse Kidney Microsomes, Male, Cyp4b1(+/+))	2	SPECIES
in vitro (Mouse Kidney Microsomes, Male, Cyp4b1(-/-))	2	SPECIES
in vitro (Mouse Lung Microsomes, Male, Cyp4b1(+/+))	2	SPECIES
in vitro (Mouse Lung Microsomes, Male, Cyp4b1(-/-))	2	SPECIES
in vitro (Mouse Liver Microsomes, Female, Cyp4b1(+/+))	2	SPECIES
in vitro (Mouse Liver Microsomes, Female, Cyp4b1(-/-))	2	SPECIES
in vitro (Mouse Kidney Microsomes, Female, Cyp4b1(+/+))	2	SPECIES
in vitro (Mouse Kidney Microsomes, Female, Cyp4b1(-/-))	2	SPECIES
in vitro (Mouse Lung Microsomes, Female, Cyp4b1(+/+))	2	SPECIES
in vitro (Mouse Lung Microsomes, Female, Cyp4b1(-/-))	2	SPECIES
in vitro (Human Liver Microsomes Expressing Human CYP2D6)	2	SPECIES
in vitro (Chicken Liver Mitochondria)	2	SPECIES
in vitro (Frog Liver Mitochondria)	2	SPECIES
in vitro (Turtle Liver Mitochondria)	2	SPECIES
in vitro (Rainbow Trout Liver Mitochondria)	2	SPECIES
Mouse (Mdr1a/b(-/-)Abcg2(-/-))	2	SPECIES
Human (Active Trachoma Patients)	2	SPECIES
in vitro (Human Uroepithelium Cells, UROtsa, Transfected)	2	SPECIES
in vitro (Mouse Hepatocytes, SSAT1 Knockout)	2	SPECIES
in vitro (Human Cecum Contents)	2	SPECIES
in vitro (HEK 293 Cells Expressing Rat 11beta-HSD2)	2	SPECIES
in vitro (Human Malignant Melanoma Cells)	2	SPECIES
in vitro (Mouse Lung Supernatant, Tween 20 Treated)	2	SPECIES
in vitro (Human Kidney 293 Cell Membranes Expressing Human UGT1A9, Embryo+	2	SPECIES
in vitro (Human Kidney 293 Cell Membranes Expressing Human UGT1A1, Embryo+	2	SPECIES
in vitro (Human Kidney 293 Cell Membranes Expressing Human UGT1A4, Embryo+	2	SPECIES
in vitro (Microsomes Expressing Human UGT1A9)	2	SPECIES
in vitro (Microsomes Expressing Human UGT1A1)	2	SPECIES
in vitro (Microsomes Expressing Human UGT Isoenzymes)	2	SPECIES
in vitro (Human Intestinal Fluid, Fasted)	2	SPECIES
in vitro (Human Intestinal Fluid, Fed)	2	SPECIES
Bird (Zebra Finch, Chick)	2	SPECIES
Rat (Colon Ligated)	2	SPECIES
Human (Short Bowel Syndrome Patients)	2	SPECIES
in vitro (V79 Cells Expressing Human Monoamine Phenol Sulfotransferase)	2	SPECIES
in vitro (Human Esophagus Squamous Cell Carcinoma Cells, KYSE-140)	2	SPECIES
in vitro (Human B-Lymphoblastoid Cells, 721.221)	2	SPECIES
in vitro (Rat Cortex Neurons, Ischemic)	2	SPECIES
in vitro (Rat Brain Neurons, N27, Embryonic)	2	SPECIES
in vitro (Human Hepatocellular Carcinoma Cells)	2	SPECIES
in vitro (Human Cancer Cells, KB)	2	SPECIES
in vitro (Mouse Tumor, Human Breast Cancer MDA-MB-231 Cells Implanted)	2	SPECIES
in vitro (Mouse Striatum Cells Expressing Transglutaminase Type 2)	2	SPECIES
in vitro (Mouse Striatum Cells Expressing Transglutaminase Type 2, Mutant+	2	SPECIES
in vitro (Rat Hepatocytes, Female, Pregnant)	2	SPECIES
in vitro (Human Lung Carcinoma Cells, H82)	2	SPECIES
in vitro (Mouse Hypothalamus GT1-7 Cells)	2	SPECIES
in vitro (Human MG-63 Osteoblasts Expressing Human JNK1 Wild-Type)	2	SPECIES
in vitro (Human MG-63 Osteoblasts Expressing Human JNK1 Lys-55-Arg)	2	SPECIES
in vitro (Rat Cerebellum Granule Cells, Cultured)	2	SPECIES
in vitro (Human Leukemia Cell Cytosol Extract, HL-60)	2	SPECIES
Human (Obese Patients)	2	SPECIES
in vitro (Human Diploid Fibroblast Cells, Cultured)	2	SPECIES
Human (Bronchitis Patients)	2	SPECIES
in vitro (Human B-Lymphoblastoid Cell Microsomes Expressing CYP2A6)	2	SPECIES
in vitro (Human B-Lymphoblastoid Cell Microsomes Expressing CYP2C8)	2	SPECIES
in vitro (Mouse Kidney Glomeruli)	2	SPECIES
in vitro (Murine Leukemia RAW 264 Cells)	2	SPECIES
in vitro (Human Cornea Epithelium Cells, Immortalized, Transfected)	2	SPECIES
in vitro (Human SV-HUC.PC Cells)	2	SPECIES
in vitro (Human SV-HUC.PC Cell Cytosol)	2	SPECIES
in vitro (Human Carcinoma KB-3 Cells Expressing Human UGT1A10)	2	SPECIES
in vitro (Human Carcinoma KB-3 Cells Expressing Human UGT2B4)	2	SPECIES
in vitro (Human Myocardium and Human Plasma)	2	SPECIES
in vitro (Human Myocardium Soluble Fraction)	2	SPECIES
in vitro (Human Bone Marrow Plasma, Cell-Free)	2	SPECIES
in vitro (Human Breast Cancer Cells, MDA-MB-231, Transfected)	2	SPECIES
in vitro (V79 Cells Expressing Human UGT Isoenzymes)	2	SPECIES
in vitro (Human Cancer MCF-7 Cell Homogenate)	2	SPECIES
in vitro (Human Ovary Epithelium Cancer Cells)	2	SPECIES
Bearded Dragon	2	SPECIES
in vitro (Human Serum Filtrate)	2	SPECIES
in vitro (Rat Uterus Cytosol, Female)	2	SPECIES
in vitro (Human Liver Epithelium Cells Expressing Human CYP Isoenzymes)	2	SPECIES
in vitro (Rat Heart Microvessel Endothelial Cells)	2	SPECIES
in vitro (Sheep Ovary, Fetal)	2	SPECIES
in vitro (Sheep Testes, Fetal)	2	SPECIES
in vitro (Human Lymphoblastoid Cells Expressing CYP3A4)	2	SPECIES
in vitro (Human Lymphoblastoid Cells Expressing CYP2C19)	2	SPECIES
in vitro (Human Lymphoblastoid Cells Expressing CYP Isoenzymes)	2	SPECIES
in vitro (HEK 293 Cell Homogenate Expressing Human UGT2B15)	2	SPECIES
in vitro (Human Kidney 293 Cells Expressing CYP2D6, Embryonic)	2	SPECIES
in vitro (Squirrel Monkey Liver Microsomes)	2	SPECIES
in vitro (Horse Intestine Microsomes)	2	SPECIES
Human (HIV and CMV Seropositive Patients)	2	SPECIES
in vitro (Mouse Liver Cytosol and Lung Supernatant)	2	SPECIES
in vitro (Mouse Macrophage RAW 264.7 Cell Microsomes and Rat Liver Cytoso+	2	SPECIES
in vitro (Mouse Macrophage Cell Microsomes, RAW 264.7)	2	SPECIES
in vitro (Human Aorta Homogenate)	2	SPECIES
in vitro (Human Kidney 293 Cells Expressing Human UGT1A1, Embryonic)	2	SPECIES
in vitro (Human Kidney 293 Cells Expressing Human UGT1A8, Embryonic)	2	SPECIES
in vitro (Human Kidney 293 Cells Expressing Human UGT1A9, Embryonic)	2	SPECIES
in vitro (Human Kidney 293 Cells Expressing Monkey UGT1A01, Embryonic)	2	SPECIES
in vitro (Human Kidney 293 Cells Expressing Monkey UGT1A08, Embryonic)	2	SPECIES
in vitro (Human Kidney 293 Cells Expressing Monkey UGT1A09, Embryonic)	2	SPECIES
in vitro (Human Kidney 293 Cells Expressing Monkey UGT2B9, Embryonic)	2	SPECIES
in vitro (Human Kidney 293 Cells Expressing Monkey UGT2B18, Embryonic)	2	SPECIES
in vitro (Human Kidney 293 Cells Expressing Monkey UGT1A02, Embryonic)	2	SPECIES
in vitro (Human Kidney 293 Cells Expressing Monkey UGT1A03, Embryonic)	2	SPECIES
in vitro (Human Kidney 293 Cells Expressing Monkey UGT Isoenzymes, Embryo+	2	SPECIES
Mouse (Human RT-112 Xenograft Bearing)	2	SPECIES
Mouse (Human Calu-6 Xenograft Bearing)	2	SPECIES
in vitro (Mouse Tumor S9 Fraction, Human RT-112 Xenograft)	2	SPECIES
in vitro (Mouse Tumor S9 Fraction, Human Calu-6 Xenograft)	2	SPECIES
in vitro (Mouse Tumor, Human H460 Xenograft)	2	SPECIES
in vitro (Human Glioblastoma Cell Homogenate, U421)	2	SPECIES
in vitro (Rat Muscle Proteasomes)	2	SPECIES
in vitro (Mouse Hippocampus Cell Lysate, HT-22)	2	SPECIES
in vitro (Mouse Hippocampus Cells, HT-22)	2	SPECIES
in vitro (Calf Pulmonary Artery Cells)	2	SPECIES
Human (Atherosclerosis Patients)	2	SPECIES
in vitro (Human Carcinoma Cells, HT-29)	2	SPECIES
in vitro (Human Breast Cancer Cells Expressing Human SULT1A1, MDA-MB-231)	2	SPECIES
in vitro (Rat Small Intestine Lysosomes)	2	SPECIES
in vitro (Human Medulloblastoma Cells, UW228-3)	2	SPECIES
Mouse (p53 Knockout)	2	SPECIES
in vitro (Human Lymphoblast Microsomes Expressing Human UGT1A1)	2	SPECIES
in vitro (Human Lymphoblast Microsomes Expressing Human UGT1A9)	2	SPECIES
in vitro (Human Lymphoblast Microsomes Expressing Human UGT1A10)	2	SPECIES
in vitro (Human Lymphoblast Microsomes Expressing Human UGT Isoenzymes)	2	SPECIES
Mouse (Mdr1a/1b Knockout)	2	SPECIES
in vitro (Mouse Large Intestine Microsomes)	2	SPECIES
in vitro (Dog Kidney Cells, MDCK-II-MRP1	2	SPECIES
Mouse (Female, Neonatal)	2	SPECIES
in vitro (Mouse Thymus Cells)	2	SPECIES
in vitro (Rabbit Eye Conjunctiva Homogenate)	2	SPECIES
Rat (Infant)	2	SPECIES
in vitro (Mouse Small Intestine, Diabetic)	2	SPECIES
in vitro (Caco-2 Cell Supernatant)	2	SPECIES
in vitro (Dog Feces)	2	SPECIES
in vitro (Hamster Gut Contents)	2	SPECIES
in vitro (Chinese Hamster V79 Cells Expressing Human CYP1A1)	2	SPECIES
in vitro (Chinese Hamster V79 Cells Expressing Human CYP1B1)	2	SPECIES
in vitro (Chinese Hamster V79 Cells Expressing Human CYP2A6)	2	SPECIES
in vitro (Human Liver Epithelium Cells Expressing Human CYP2C18)	2	SPECIES
Human (Hyperlipidemic Patients)	2	SPECIES
in vitro (Human T Lymphoma Cells Expressing Bcl-2, Jurkat)	2	SPECIES
in vitro (Human T Lymphoma Cells, Jurkat)	2	SPECIES
in vitro (Human Sarcoma Cells, HT1080)	2	SPECIES
in vitro (Human Kidney 293 Cells Expressing Human CYP1A1)	2	SPECIES
in vitro (Rat Hippocampus, Morphine-Dependent)	2	SPECIES
in vitro (Human Jurkat T Cells Expressing Bcl-xL)	2	SPECIES
in vitro (Human Epidermis Cells, HaCaT)	2	SPECIES
in vitro (HCT 116 Cell Cytosol)	2	SPECIES
in vitro (Human Lung Adenocarcinoma Cells, Calu-6)	2	SPECIES
in vitro (Rat Cortical Neurons)	2	SPECIES
in vitro (Human Adenocarcinoma Cells, HeLa)	2	SPECIES
in vitro (Rat Liver Supernatant, Bile Duct Ligated)	2	SPECIES
in vitro (Rat Cerebral Cortex Neurons, Embryonic)	2	SPECIES
in vitro (Human Ovary Carcinoma Cells, A2780/AD)	2	SPECIES
in vitro (Human Leukemia Cells, HL-60, Transfected)	2	SPECIES
in vitro (Human Leukemia Jurkat T Cells Overexpressing Bcl-2)	2	SPECIES
in vitro (Chinese Hamster Ovary Cells, K1)	2	SPECIES
in vitro (Hamster Ovary Cell Supernatant)	2	SPECIES
in vitro (Rat Hepatocyte Nuclei)	2	SPECIES
in vitro (Rabbit Skin Microsomes)	2	SPECIES
in vitro (Lymphoblast Microsomes, Transfected)	2	SPECIES
in vitro (Mouse Hippocampus Cells)	2	SPECIES
in vitro (Human Lung Cancer Cells, NCI-H446)	2	SPECIES
in vitro (Human Promyelocytic Leukemia Cells, HL-60/VINC)	2	SPECIES
in vitro (Human Promyelocytic Leukemia Cells, HL-60/DOX)	2	SPECIES
in vitro (Human Bladder Tumor Cells, T24)	2	SPECIES
in vitro (Mouse Colon Carcinoma Cells, CT26)	2	SPECIES
in vitro (Rat Cortical Neurons, Embryonic)	2	SPECIES
in vitro (Mouse Cerebral Cortex, Transgenic, Expressing Human ALDH2)	2	SPECIES
in vitro (Human Squamous Carcinoma Cells, A431)	2	SPECIES
in vitro (Pig Kidney Epithelium Cells)	2	SPECIES
in vitro (Human Bladder Carcinoma Cells, HT-1376)	2	SPECIES
in vitro (Human Kidney 293T Cells Expressing Human alpha-Synuclein, Embry+	2	SPECIES
in vitro (Human Hepatoblastoma Hep G2 Cell Lysate)	2	SPECIES
in vitro (Human Colon Carcinoma Cells, Colo-205)	2	SPECIES
in vitro (Human Carcinoma Cells, SK-Hep-1)	2	SPECIES
in vitro (Mouse Colon Muscularis Externa)	2	SPECIES
in vitro (Chimpanzee Plasma)	2	SPECIES
in vitro (Albatross Liver Microsomes)	2	SPECIES
in vitro (Marmoset Liver Mitochondria)	2	SPECIES
in vitro (Marmoset Small Intestine Mitochondria)	2	SPECIES
in vitro (Marmoset Kidney Mitochondria)	2	SPECIES
in vitro (Marmoset Lung Mitochondria)	2	SPECIES
in vitro (Marmoset Liver Post-Mitochondrial Fraction)	2	SPECIES
in vitro (Rat Small Intestine Mitochondria)	2	SPECIES
in vitro (Mouse Small Intestine Mitochondria)	2	SPECIES
in vitro (Guinea Pig Heart Mitochondria)	2	SPECIES
in vitro (Mouse Red Blood Cells, Transgenic, Expressing Human PON1-R192, +	2	SPECIES
in vitro (Mouse Red Blood Cells, Transgenic, Expressing Human PON1-Q192, +	2	SPECIES
in vitro (Rat Lung Cells, RFL-6)	2	SPECIES
in vitro (Cattle Pulmonary Artery Endothelial Cells)	2	SPECIES
in vitro (Cattle Pulmonary Artery Endothelial Cell Plasma Membranes)	2	SPECIES
in vitro (Rat Parotid Gland Acinar Cells)	2	SPECIES
Human (Leukemia and Short-Bowel Syndrome Patients)	2	SPECIES
in vitro (Rat Small Intestine Wash)	2	SPECIES
in vitro (Human Uterus Homogenate, Female, Postmenopausal)	2	SPECIES
in vitro (Human Vagina Homogenate, Female, Postmenopausal)	2	SPECIES
in vitro (Human Liver Adenocarcinoma Cells, SK-Hep1)	2	SPECIES
in vitro (Human Liver Adenocarcinoma Cells, SK-Hep1, dnFADD)	2	SPECIES
in vitro (Lymphoma DT40 Cells Overexpressing RXRalpha Mutants)	2	SPECIES
in vitro (Human Kidney HEK 293 Cells Expressing Sulfonylurea Receptor SUR+	2	SPECIES
in vitro (Human Ovary Epithelium Carcinoma Cells, Transfected)	2	SPECIES
in vitro (Rabbit Duodenum Supernatant)	2	SPECIES
in vitro (Mouse Cerebrum Microvessel Endothelial Cells)	2	SPECIES
in vitro (Mouse Cerebrum Microvessels)	2	SPECIES
in vitro (Rat Liver Cytosol, Boiled)	2	SPECIES
in vitro (T-Cells, CCRF-CEM)	2	SPECIES
in vitro (Human Lung Epithelium Cells, SWCNT Transformed)	2	SPECIES
in vitro (Human Lung Epithelium Cells, NCI-H460)	2	SPECIES
in vitro (Cow Liver Cytosol)	2	SPECIES
in vitro (Human Duodenum Microsomes, Female)	2	SPECIES
in vitro (Mouse Liver Perfusion, Mrp2-Deficient)	2	SPECIES
in vitro (Mouse Liver Perfusion, Bcrp1-Deficient)	2	SPECIES
in vitro (Horse Chorion Villi Microsomes)	2	SPECIES
in vitro (Human Blood, Dried)	2	SPECIES
in vitro (Rat Lymph Node Supernatant)	2	SPECIES
in vitro (Human Lung Cancer Cells, GLC4)	2	SPECIES
in vitro (Human Lung Cancer Cells, GLC4/ADR)	2	SPECIES
in vitro (Human Liver Microsomes, CYP2C19 Poor Metabolizer)	2	SPECIES
in vitro (Human Tumor Cells, D54, Transfected)	2	SPECIES
in vitro (Pig Liver S1 Fraction)	2	SPECIES
in vitro (HEK 293 Cell S9 Fraction, Transfected)	2	SPECIES
in vitro (Zebrafish Liver Cells)	2	SPECIES
Turkey (Poult)	2	SPECIES
in vitro (Rat Gastric Mucosa Cells, RGM1)	2	SPECIES
in vitro (Dog Gastric Mucosa Homogenate)	2	SPECIES
in vitro (Dog Intestine Mucosa Homogenate)	2	SPECIES
in vitro (Mouse Hepatocytes, Cyp2e1(-/-))	2	SPECIES
Human (Renal Cell Carcinoma Patients)	2	SPECIES
Human (Restless Legs Syndrome Patients)	2	SPECIES
in vitro (Cat Microsomes)	2	SPECIES
in vitro (Rat Atrium Homogenate, Female, Pregnant)	2	SPECIES
in vitro (Rat Midbrain Homogenate, Female, Pregnant)	2	SPECIES
in vitro (Mouse Atrium Homogenate, Female, Pregnant)	2	SPECIES
in vitro (Mouse Midbrain Homogenate, Female, Pregnant)	2	SPECIES
in vitro (Mouse Leukemia Cells, P388/ADR)	2	SPECIES
Mouse (Mdr1a/1b(-/-)/Bcrp(-/-))	2	SPECIES
in vitro (Chicken Red Blood Cell Lysate)	2	SPECIES
in vitro (Buffalo Liver Microsomes)	2	SPECIES
in vitro (Rat Hepatoma Cells, HTC4)	2	SPECIES
in vitro (Rabbit Kidney Extract)	2	SPECIES
in vitro (Rabbit Erythrocyte Lysate)	2	SPECIES
in vitro (Mouse Intestine Microsomes, Abcc2(-/-))	2	SPECIES
in vitro (Mouse Liver Microsomes, Oatp1a/1b Knockout)	2	SPECIES
in vitro (Mouse Intestine Microsomes, Oatp1b2 Knockout)	2	SPECIES
in vitro (Mouse Intestine Microsomes, Oatp1a/1b Knockout)	2	SPECIES
in vitro (Lymphocyte CEM-SS Cell Extract)	2	SPECIES
in vitro (Mouse Liver Fractions)	2	SPECIES
in vitro (Mouse Liver Microsomes, Abcc4(-/-))	2	SPECIES
in vitro (Mouse Intestine Microsomes, Abcc4(-/-))	2	SPECIES
in vitro (Human Hepatoma Cell Lysate, Hep G2)	2	SPECIES
Human (Children, Mycosis Patients)	2	SPECIES
Human (Mycosis Patients)	2	SPECIES
in vitro (Rat S9 Fraction)	2	SPECIES
in vitro (Human Kidney Carcinoma Cell Cytosol, Caki-1)	2	SPECIES
in vitro (Human Kidney Carcinoma Cell Microsomes, Caki-1)	2	SPECIES
in vitro (Human Tears)	2	SPECIES
in vitro (Mouse Hepatocyte Cells, TAMH)	2	SPECIES
in vitro (HEK 293 Cell Microsomes Expressing Human UGT1A)	2	SPECIES
in vitro (Pig Muscle)	2	SPECIES
in vitro (Pig Muscle, Fed)	2	SPECIES
in vitro (Pig Adipose)	2	SPECIES
in vitro (Pig Adipose, Fed)	2	SPECIES
in vitro (HEK 293 Cell Microsomes Expressing Human UGT1A8 and UGT2B7)	2	SPECIES
in vitro (Human Cervix Adenocarcinoma HeLa Cells Expressing OATP1B3)	2	SPECIES
Rat (Human TE671 Rhabdomyosarcoma Bearing)	2	SPECIES
in vitro (Human Rhabdomyosarcoma Cells, TE671)	2	SPECIES
in vitro (Human Skin Fibroblasts, Fatty Aldehyde Dehydrogenase-Deficient)	2	SPECIES
in vitro (Human Colon Cancer HCT 116 Cells Overexpressing CYB5R3)	2	SPECIES
in vitro (Human Colon Cancer HCT 116 Cells Overexpressing POR)	2	SPECIES
in vitro (Human Colon Cancer HCT 116 Cells Overexpressing FDXR)	2	SPECIES
in vitro (Human Colon Cancer HCT 116 Cells Overexpressing MTRR)	2	SPECIES
in vitro (Human Colon Cancer HCT 116 Cells Overexpressing NDOR1)	2	SPECIES
in vitro (Human Colon Cancer HCT 116 Cells Overexpressing NOS2A)	2	SPECIES
in vitro (Human Colon Cancer HCT 116 Cells Overexpressing NOS3)	2	SPECIES
in vitro (Human Colon Cancer HCT 116 Cells Overexpressing NQO1)	2	SPECIES
in vitro (Human Colon Cancer HCT 116 Cells Overexpressing NQO2)	2	SPECIES
in vitro (Human Colon Cancer HCT 116 Cells Overexpressing XDH)	2	SPECIES
in vitro (Human Tumor HCT 116 Cells Expressing AKR1C3)	2	SPECIES
in vitro (Human Tumor HCT 116 Cells Expressing AKR1C Isoenzymes)	2	SPECIES
in vitro (Human Tumor HCT 116 Cells Expressing AKR1B Isoenzymes)	2	SPECIES
in vitro (Human Tumor HCT 116 Cells Expressing NQO1)	2	SPECIES
in vitro (Human Tumor Cells, MIA PaCa)	2	SPECIES
in vitro (Chinese Hamster Ovary Cells, Rad51D(+/+))	2	SPECIES
in vitro (Chinese Hamster Ovary Cells, Rad51D(-/-))	2	SPECIES
in vitro (Chinese Hamster Ovary Cells, Rad51D(+/+), Transfected with Huma+	2	SPECIES
in vitro (Chinese Hamster Ovary Cells, Rad51D(-/-), Transfected with Huma+	2	SPECIES
in vitro (Human MDA-231 Cells)	2	SPECIES
in vitro (Human Cervix Carcinoma SiHa Cells, Transfected)	2	SPECIES
in vitro (Human MDA-231 Cells, Transfected)	2	SPECIES
Human (Onchocerciasis Patients)	2	SPECIES
Mouse (Staphylococcus Infected)	2	SPECIES
in vitro (Rat Myocardium Membranes)	2	SPECIES
in vitro (Human Neuroblastoma Cells, BE(2)-M17)	2	SPECIES
in vitro (Rat Hepatocytes and Rat Liver Nonparenchymal Cells, 3D Coculter+	2	SPECIES
in vitro (Rat Stomach Microsomes, Male)	2	SPECIES
in vitro (Rat Skeletal Muscle Microsomes, Male)	2	SPECIES
in vitro (Rat Heart Microsomes, Male)	2	SPECIES
in vitro (Rat Small Intestine Microsomes, Male)	2	SPECIES
in vitro (Rat Spleen Microsomes, Male)	2	SPECIES
in vitro (Rat Brain Cortex Microsomes, Male)	2	SPECIES
in vitro (Rat Cerebellum Microsomes, Male)	2	SPECIES
in vitro (Rat Striatum Microsomes, Male)	2	SPECIES
in vitro (Rat Large Intestine Microsomes, Male)	2	SPECIES
in vitro (Rat Small Intestine Microsomes, Female)	2	SPECIES
in vitro (Rat Spleen Microsomes, Female)	2	SPECIES
in vitro (Rat Brain Cortex Microsomes, Female)	2	SPECIES
in vitro (Rat Cerebellum Microsomes, Female)	2	SPECIES
in vitro (Rat Striatum Microsomes, Female)	2	SPECIES
in vitro (Rat Large Intestine Microsomes, Female)	2	SPECIES
in vitro (Rat Stomach Microsomes, Female)	2	SPECIES
in vitro (Rat Skeletal Muscle Microsomes, Female)	2	SPECIES
Mouse (Human Lung Carcinoma SKMES Cells Implanted)	2	SPECIES
Mouse (Human Melanoma A375 Cells Implanted)	2	SPECIES
Mouse (Human Colon Carcinoma HCT-15 Cells Implanted)	2	SPECIES
in vitro (Mouse Kidney Homogenate, PPARalpha(-/-))	2	SPECIES
in vitro (Mouse Heart Homogenate, PPARalpha(-/-))	2	SPECIES
in vitro (Mouse Small Intestine Homogenate, PPARalpha(-/-))	2	SPECIES
in vitro (Mouse Brain Homogenate, PPARalpha(-/-))	2	SPECIES
in vitro (Rainbow Trout Gill Microsomes, Hypersaline Acclimated)	2	SPECIES
in vitro (PC6-3 Cells)	2	SPECIES
in vitro (Human Lung Subcellular Fractions)	2	SPECIES
in vitro (Human Liver Subcellular Fractions)	2	SPECIES
in vitro (Human Lymphoblastoid Cell Extract)	2	SPECIES
in vitro (Human Lung Carcinoma Cells, NCI-H23)	2	SPECIES
in vitro (Mouse Airway Epithelium Cells)	2	SPECIES
in vitro (Mouse Trachea S9 Fraction)	2	SPECIES
Human (Drug Resistant Infection Patients)	2	SPECIES
Human (Burn Patients)	2	SPECIES
in vitro (Human Lung Adenocarcinoma Cells, H1703)	2	SPECIES
in vitro (Human Lung Adenocarcinoma Cells, H1944)	2	SPECIES
in vitro (Human T-Lymphoblastoid Cells, Jurkat)	2	SPECIES
in vitro (Sheep Blood)	2	SPECIES
Mouse (Human SW-480 Xenograft Bearing)	2	SPECIES
in vitro (Human Colon Cancer Cells, HCT 116, POR Knockout)	2	SPECIES
in vitro (Human Skin Fibroblasts, MHBD-Deficient)	2	SPECIES
in vitro (Cattle Urine)	2	SPECIES
in vitro (Rat Jejunum Loop)	2	SPECIES
in vitro (Ad 293 Cells Expressing Human CYP3A4)	2	SPECIES
in vitro (Ad 293 Cells Expressing Human CYP2A6)	2	SPECIES
in vitro (Ad 293 Cells Expressing Human CYP Isoenzymes)	2	SPECIES
in vitro (Ad 293 Cells Expressing Human CYP2C19)	2	SPECIES
in vitro (Ad 293 Cells Expressing Human CYP2C9)	2	SPECIES
in vitro (Ovary Cells, 2008 Line)	2	SPECIES
in vitro (MSTO-211H Cells)	2	SPECIES
in vitro (A-498 Cells)	2	SPECIES
in vitro (SKOV-3 Cells)	2	SPECIES
in vitro (Huh-7 Cells, CatA-Depleted)	2	SPECIES
in vitro (Huh-7 Cells, Hint1-Depleted)	2	SPECIES
in vitro (Human Ovary Cells, OV-90)	2	SPECIES
in vitro (Rat Adrenal Cell Debris and Lysosomes)	2	SPECIES
in vitro (Mouse Adrenocortical Cell Supernatant, Y-1)	2	SPECIES
in vitro (Human Cervix Carcinoma Cells, Ca Ski)	2	SPECIES
in vitro (Human Cervix Carcinoma Cells, C-4I)	2	SPECIES
in vitro (Human Non-Small Cell Lung Cancer Cells, H1703)	2	SPECIES
Mouse (Abcg2(-/-)/Abcb1a/1b(-/-))	2	SPECIES
in vitro (Rat Duodenum Sac)	2	SPECIES
in vitro (Rat Jejunum Sac)	2	SPECIES
in vitro (Rat Ileum Sac)	2	SPECIES
in vitro (Rat Jejunal Fluid)	2	SPECIES
in vitro (Human Jejunal Fluid)	2	SPECIES
in vitro (Human HeLa Cells Expressing Human Peptide Transporter)	2	SPECIES
in vitro (Bovine Rumen Fluid)	2	SPECIES
in vitro (Human Colon Cancer Cells, SW-480, Transfected)	2	SPECIES
in vitro (Mouse Mammary Carcinoma Cells, JC, Bacteria Infected)	2	SPECIES
in vitro (Human Liver Cells, Cryopreserved)	2	SPECIES
Mouse (Chinese Hamster Ovary Xenograft Bearing)	2	SPECIES
in vitro (Mouse Feces)	2	SPECIES
in vitro (Rabbit Cornea Cell Supernatant, SIRC)	2	SPECIES
in vitro (COS Cells Expressing Human CES1)	2	SPECIES
in vitro (COS Cells Expressing Human CES2)	2	SPECIES
in vitro (Human Uroepithelium UROtsa Cells Expressing Human N6AMT1)	2	SPECIES
in vitro (Dog and Human and Monkey and Rabbit and Rat Hepatocytes)	2	SPECIES
in vitro (Rat Liver Microsomes, Male, Testectomized)	1	SPECIES
in vitro (Rat Kidney Microsomes, Male, Testectomized)	1	SPECIES
in vitro (Rat Kidney Microsomes, Male, Hypophysectomized)	1	SPECIES
in vitro (Rat Kidney Microsomes, Female, Hypophysectomized)	1	SPECIES
in vitro (Human Lymphoblastoma Cell Microsomes Expressing P450)	1	SPECIES
in vitro (Human HK 293 Cells, Transfected)	1	SPECIES
Guinea Pig (Teeth)	1	SPECIES
Rosenate	1	SPECIES
Human (Male, Smoker)	1	SPECIES
Human (Schizophrenia Patient, Overdosed)	1	SPECIES
in vitro (Rabbit Small Intestine Homogenate)	1	SPECIES
in vitro (Rat Liver Soluble Fraction)	1	SPECIES
in vitro (Hep G2 Cells Expressing Human CYP3A4 and CYP3A5)	1	SPECIES
Human (Niemann-Pick Disease Patients)	1	SPECIES
in vitro (Monkey Kidney Slices)	1	SPECIES
in vitro (Rat Liver Post-Mitochondrial Fraction, Male, Adult)	1	SPECIES
in vitro (Rat Liver Post-Mitochondrial Fraction, Female, Adult)	1	SPECIES
in vitro (Rat Liver Post-Mitochondrial Fraction, Male, Senescent)	1	SPECIES
in vitro (Rat Liver Post-Mitochondrial Fraction, Female, Senescent)	1	SPECIES
in vitro (Rat Cytochrome P4502C11)	1	SPECIES
in vitro (Rat Cytochrome P4503A1)	1	SPECIES
in vitro (Rat Cytochrome P4503A2)	1	SPECIES
in vitro (Rat Liver Microsomes, UGT1A-Deficient)	1	SPECIES
in vitro (Human B-Lymphoblastoid Cells Expressing CYP Isoenzyme)	1	SPECIES
in vitro (Rat Male Liver Microsomes)	1	SPECIES
in vitro (COS-1 Cells Expressing Human NAT2*4)	1	SPECIES
in vitro (COS-1 Cells Expressing Human NAT2*5I)	1	SPECIES
in vitro (COS-1 Cells Expressing Human NAT2*12D)	1	SPECIES
in vitro (Bovine Colon Epithelium Cells)	1	SPECIES
in vitro (Rabbit Duodenum Cytosol)	1	SPECIES
in vitro (Human Liver Microsomes, Homozygous, Arg/Arg)	1	SPECIES
in vitro (Human Liver Microsomes, Heterozygous, Arg/Cys)	1	SPECIES
in vitro (Human Lymphoblastoid Cells Expressing CYP2C9-Arg144)	1	SPECIES
in vitro (Human Lymphoblastoid Cells Expressing CYP2C9-Cys144)	1	SPECIES
Human (Leprosy Patients)	1	SPECIES
in vitro (Rhesus Monkey Liver Nuclei)	1	SPECIES
in vitro (Rhesus Monkey Liver Mitochondria)	1	SPECIES
in vitro (Toad Kidney Cells)	1	SPECIES
Human (Children, Hypothyroid Patients)	1	SPECIES
Human (Biliary Atresia Patients)	1	SPECIES
in vitro (Human B-Lymphoblastoid Cells Expressing CYP2E1)	1	SPECIES
in vitro (Human B-Lymphoblastoid Cells Expressing CYP1A1)	1	SPECIES
in vitro (Human B-Lymphoblastoid Cells Expressing CYP2A6)	1	SPECIES
in vitro (Human Lymphoblastoma Cell Microsomes)	1	SPECIES
in vitro (Human Liver Microsomes, Newborn)	1	SPECIES
in vitro (Hamster Lung V79 Cells Expressing Human CYP2C10)	1	SPECIES
in vitro (Human Blood Cell Lysate)	1	SPECIES
in vitro (Hamster Brain Microsomes)	1	SPECIES
in vitro (Dog Heart)	1	SPECIES
in vitro (Rat Thyroid)	1	SPECIES
in vitro (Calf Kidney Supernatant)	1	SPECIES
in vitro (Calf Brain Supernatant)	1	SPECIES
in vitro (Calf Liver S100 Fraction)	1	SPECIES
in vitro (Calf Liver Mitochondria)	1	SPECIES
in vitro (Rat Cecum Wall Homogenate)	1	SPECIES
Human (Nephrosis Patients)	1	SPECIES
in vitro (Pig Amine Oxidase)	1	SPECIES
in vitro (Mouse Liver S9 Fraction, Transgenic, Human CYP2D6)	1	SPECIES
in vitro (Mouse Liver S9 Fraction, Transgenic, Shp(-/-), Human CYP2D6)	1	SPECIES
in vitro (Mouse Liver Microsomes, Transgenic, Human CYP2D6.1)	1	SPECIES
in vitro (Rat Liver Microsomes, Male, Dark Agouti)	1	SPECIES
in vitro (Rat Liver Microsomes, Female, Sprague-Dawley)	1	SPECIES
in vitro (Rat Liver Microsomes, Male, Sprague-Dawley)	1	SPECIES
Human (Zambian)	1	SPECIES
in vitro (Human Liver Microsomes, CYP2D6 Extensive Metabolizer)	1	SPECIES
in vitro (Mouse Liver Microsomes, Cyp1a2 Knockout)	1	SPECIES
in vitro (Hep G2 Cells Expressing Mouse CYP1A1 and CYP1A2)	1	SPECIES
Orangutan	1	SPECIES
Gorilla	1	SPECIES
in vitro (Human Hep G2 Cells Expressing CYP2E1)	1	SPECIES
Mouse (Transgenic, Expressing Human UGT1)	1	SPECIES
in vitro (Mouse Liver Microsomes, rasH2, Male)	1	SPECIES
in vitro (Mouse Liver Microsomes, rasH2, Female)	1	SPECIES
in vitro (Rat Liver Nodule Post-Mitochondrial Fraction)	1	SPECIES
Rat (Male, Neonatal)	1	SPECIES
Rat (Female, Neonatal)	1	SPECIES
in vitro (Mouse Ileum, Bcrp(-/-))	1	SPECIES
in vitro (Human Hepatoblastoma Cells, Hep G2, Transfected)	1	SPECIES
in vitro (Human Colon Adenocarcinoma LS174T Cells Expressing Constitutive+	1	SPECIES
in vitro (Mouse Small Intestine Microsomes, Extrahepatic NADPH-Cytochrome+	1	SPECIES
in vitro (Human Colorectal Cancer Microsomes)	1	SPECIES
in vitro (Aerobacterial aerogenes)	1	SPECIES
Human (Chronic Coronary Disease Patients)	1	SPECIES
in vitro (Human Serum, End-Stage Renal Disease Patients)	1	SPECIES
in vitro (Human Fetal Tissue)	1	SPECIES
Human (Anxiety Disorder Patients)	1	SPECIES
in vitro (Mouse Liver Microsome Membranes)	1	SPECIES
in vitro (Mouse Liver Microsome Membranes, Fmo1(-/-))	1	SPECIES
in vitro (Human AHHA-Th+/- Cells)	1	SPECIES
in vitro (Mouse Liver Cytosol Expressing Human NAT2)	1	SPECIES
in vitro (Mouse Lung Cytosol Expressing Human NAT2)	1	SPECIES
in vitro (Mouse Brain Cytosol Expressing Human NAT2)	1	SPECIES
in vitro (Mouse Kidney Cytosol Expressing Human NAT2)	1	SPECIES
in vitro (Human Lymphoblast Cells Expressing CYP2C8)	1	SPECIES
in vitro (Bovine Pulmonary Artery Slices)	1	SPECIES
in vitro (Bovine Aortic Smooth Muscle Cells)	1	SPECIES
Cynomolgus	1	SPECIES
Turtle	1	SPECIES
in vitro (Rat Liver Cell Cytosol, Clone 9)	1	SPECIES
in vitro (Rat Jejunum Mucosa Cytosol)	1	SPECIES
in vitro (Rat Liver Microsomes, Transplanted)	1	SPECIES
in vitro (Human Kidney Cells Expressing CYP3A4, Embryonic)	1	SPECIES
in vitro (Human Kidney Cells Expressing CYP3A5, Embryonic)	1	SPECIES
in vitro (Human Kidney Cells Expressing CYP Isoenzymes, Embryonic)	1	SPECIES
in vitro (Mouse Kidney Perfusion)	1	SPECIES
in vitro (Rat Duodenum Microsomes, Male)	1	SPECIES
in vitro (Rat Jejunum Microsomes, Male)	1	SPECIES
in vitro (Rat Ileum Microsomes, Male)	1	SPECIES
in vitro (Rat Colon Microsomes, Male)	1	SPECIES
in vitro (Mouse Esophagus Microsomes)	1	SPECIES
Rat (Acute Renal Failure)	1	SPECIES
in vitro (Human Hepatoma Hep G2 Cells Expressing Rat UGT1A1)	1	SPECIES
in vitro (Human Hepatoma Hep G2 Cells Expressing Rat UGT1A6)	1	SPECIES
in vitro (Human Hepatoma Hep G2 Cells Expressing Rat UGT1A7)	1	SPECIES
in vitro (Human Hepatoma Hep G2 Cells Expressing Rat UGT Isoenzymes)	1	SPECIES
in vitro (Human Colorectal Adenocarcinoma Cells, Colo-205)	1	SPECIES
in vitro (Mouse Liver Light Mitochondria and Lysosomes)	1	SPECIES
in vitro (Hepatic N-Acetyltransferase)	1	SPECIES
Rat (Chronic Renal Failure)	1	SPECIES
in vitro (Lymphoblastoid Cell Microsomes Expressing Human CYP1A1)	1	SPECIES
in vitro (Lymphoblastoid Cell Microsomes Expressing Human CYP2C9)	1	SPECIES
Rabbit (Hepatic Failure)	1	SPECIES
in vitro (Human Kidney HEK 293 Cells Expressing Human UGT Isoenzymes)	1	SPECIES
in vitro (Human Enterocytes)	1	SPECIES
in vitro (Mouse Liver Perfusion, Bcrp-Deficient)	1	SPECIES
in vitro (Rat Kidney S9 Fraction, Male)	1	SPECIES
in vitro (Rat Kidney S9 Fraction, Female)	1	SPECIES
Mouse (CC57BR)	1	SPECIES
in vitro (Hep G2 Cells and Human Breast Cancer MCF-7 Cells, Cocultured)	1	SPECIES
in vitro (Human Kidney HEK 293T Cell Microsomes Expressing Human UGT1A1)	1	SPECIES
in vitro (Human Kidney HEK 293T Cell Microsomes Expressing Human UGT1A6)	1	SPECIES
Mouse (STK(-/-))	1	SPECIES
in vitro (COS-7 Cell Homogenate Expressing Human UGT1A6)	1	SPECIES
in vitro (Human Kidney 293T Cells Expressing Human UGT Isoenzymes)	1	SPECIES
Mouse (Steatohepatitic)	1	SPECIES
in vitro (Human Colon Cancer Cell Homogenate, LS180)	1	SPECIES
in vitro (Human Kidney HEK 293 Cell Membranes Expressing Rat UGT1A6, Embr+	1	SPECIES
in vitro (Rat Hepatocytes, Gunn J/J)	1	SPECIES
in vitro (Human Kidney HEK 293 Cell Membranes Expressing Rat UGT1A7, Embr+	1	SPECIES
in vitro (Human Kidney HEK 293 Cell Membranes Expressing Rat UGT1A8, Embr+	1	SPECIES
in vitro (Human Kidney HEK 293 Cell Membranes Expressing Rat UGT Isoenzym+	1	SPECIES
in vitro (Human Kidney HEK 293 Cell Membranes, Embryonic)	1	SPECIES
in vitro (Mouse Liver Microsomes, GST P-Deficient)	1	SPECIES
in vitro (Rat Kidney Perfusion, Sprague-Dawley)	1	SPECIES
in vitro (Rat Kidney Perfusion, Gunn, Heterozygous)	1	SPECIES
in vitro (Rat Kidney Perfusion, Gunn, Homozygous)	1	SPECIES
in vitro (Micropig Kidney Microsomes)	1	SPECIES
Mouse (FAAH(-/-))	1	SPECIES
in vitro (Mouse Ascites Cells)	1	SPECIES
in vitro (Mouse Thymus Gland)	1	SPECIES
in vitro (Kidney)	1	SPECIES
in vitro (Spleen)	1	SPECIES
in vitro (Lung)	1	SPECIES
in vitro (Muscle)	1	SPECIES
in vitro (Brain)	1	SPECIES
in vitro (Human Stem Cells, Embryonic, Differentiated, Hepatocyte-like)	1	SPECIES
in vitro (Mouse Liver Microsomes, Chimeric, Humanized Liver, Hepatitis C +	1	SPECIES
in vitro (Dog Liver Microsomes, Extensive Metabolizer)	1	SPECIES
in vitro (Dog Liver Microsomes, Poor Metabolizer)	1	SPECIES
in vitro (Human B-Lymphoblast Cell Microsomes Expressing Human CYP2E1)	1	SPECIES
in vitro (Human B-Lymphoblast Cell Microsomes Expressing Human CYP Isoenz+	1	SPECIES
in vitro (Human Liver Microsomes, alpha-Naphthoflavone Treated)	1	SPECIES
in vitro (V79 Cells Transfected with Human CYP1A2)	1	SPECIES
in vitro (COS-7 Cells Expressing Human CYP1A1)	1	SPECIES
in vitro (Calf Muscle Homogenate)	1	SPECIES
in vitro (Calf Kidney Homogenate)	1	SPECIES
in vitro (Human Spinal Fluid)	1	SPECIES
in vitro (B-Lymphoblastoid Cell Microsomes Expressing Human CYP2B6)	1	SPECIES
in vitro (Human Leukemia Cells, CMK)	1	SPECIES
in vitro (Human Lymphoblast Cells, BLIN-1)	1	SPECIES
in vitro (Human Leukoblasts, Children, Leukemia Patients)	1	SPECIES
in vitro (Human Acute Myeloid Leukemia Cells, Down Syndrome Patients)	1	SPECIES
in vitro (Human Pancreas Carcinoma Cells Expressing Aldehyde Reductase)	1	SPECIES
in vitro (Human Pancreas Carcinoma Cells Expressing Carbonyl Reductase)	1	SPECIES
in vitro (Human Pancreas Carcinoma Cells Expressing Dihydrodiol Dehydroge+	1	SPECIES
in vitro (Human Pancreas Carcinoma Cells Expressing Aldose Reductase)	1	SPECIES
in vitro (Human Hemolysate, Glucose-6-phosphate Dehydrogenase-Deficient)	1	SPECIES
in vitro (Rat Liver and Heart Cytosol)	1	SPECIES
in vitro (Rat Liver and Heart Microsomes)	1	SPECIES
in vitro (Human Hepatocarcinoma Cell Cytosol, Hep G2)	1	SPECIES
in vitro (Mouse Hepatocytes, Gclm(+/+))	1	SPECIES
in vitro (Mouse Hepatocytes, Gclm(-/-))	1	SPECIES
in vitro (Mouse Liver S9 Fraction, Gclm(+/+))	1	SPECIES
in vitro (Mouse Liver S9 Fraction, Gclm(-/-))	1	SPECIES
in vitro (Rat Cell Mitochondria, H9c2)	1	SPECIES
in vitro (Rat Cell Nuclei, H9c2)	1	SPECIES
in vitro (Rat Cell Cytosol, H9c2)	1	SPECIES
in vitro (Mouse Tumor Cytosol, Ehrlich Tumor Bearing)	1	SPECIES
in vitro (Human Breast Epithelium Cell Cytosol, MCF-10A)	1	SPECIES
in vitro (Human Skeletal Muscle Cytosol)	1	SPECIES
in vitro (Actinomycetes)	1	SPECIES
in vitro (Mouse Hepatoma Cells, Hepa 1-6, Transfected)	1	SPECIES
in vitro (Pig Olfactory Epithelium)	1	SPECIES
in vitro (Pig Respiratory Epithelium)	1	SPECIES
in vitro (Human Liver Epithelium THLE Cells Expressing Human CYP2E1)	1	SPECIES
in vitro (Brain Perfusion)	1	SPECIES
in vitro (Liver Perfusion)	1	SPECIES
in vitro (Bovine Liver Hepatocytes)	1	SPECIES
in vitro (Human Hepatocyte Hep G2 Cells)	1	SPECIES
in vitro (Rat Hepatocyte Fao Cells)	1	SPECIES
in vitro (Mouse Skin Keratinocytes)	1	SPECIES
in vitro (Human Uterus)	1	SPECIES
in vitro (Human Testis Cytosol)	1	SPECIES
Mouse (Female, Postpartum)	1	SPECIES
in vitro (Marmoset Small Intestine Homogenate)	1	SPECIES
in vitro (Marmoset Kidney Homogenate)	1	SPECIES
in vitro (Marmoset Lung Homogenate)	1	SPECIES
Marmoset (Female, Pregnant)	1	SPECIES
in vitro (Human Breast Cancer MCF-7 Cells, Transfected, 17beta-Estradiol +	1	SPECIES
in vitro (Human Hepatoma Hep G2 Cells Expressing Mouse CYP1A1)	1	SPECIES
in vitro (Human Hepatoma Hep G2 Cells Expressing Rat Acetyltransferase)	1	SPECIES
in vitro (Human Hepatoma Hep G2 Cells Expressing Rat Quinone Reductase an+	1	SPECIES
in vitro (Mouse Adipose Cells, 3T3-L1)	1	SPECIES
in vitro (Mouse NIH3T3 Cells, Transfected)	1	SPECIES
in vitro (MCF-7 Cell Cytosol, Transfected)	1	SPECIES
in vitro (Human Hepatoma Cell Homogenate)	1	SPECIES
in vitro (Rat Hepatoma Transfected Cells)	1	SPECIES
in vitro (Bull Liver Homogenate)	1	SPECIES
in vitro (Frog Liver Homogenate)	1	SPECIES
in vitro (Human-Mouse Somatic Cell Hybrid Homogenate)	1	SPECIES
in vitro (Pig Gastric Mucosa Supernatant)	1	SPECIES
in vitro (Dog Kidney MDCK Cells Expressing Human 15-Hydroxyprostaglandin +	1	SPECIES
in vitro (Human Lung Adenocarcinoma Cells, Transfected)	1	SPECIES
in vitro (Human Lung Cancer Cells, A549, Transfected)	1	SPECIES
in vitro (Pig Gastric Mucosa Homogenate)	1	SPECIES
in vitro (Mouse BU-11/BMS2 Cells)	1	SPECIES
in vitro (Rat Adrenal Microsomes, Female, Immature)	1	SPECIES
in vitro (Rat Adrenal Microsomes, Female, Mature)	1	SPECIES
in vitro (Bronchiole Mucosa)	1	SPECIES
in vitro (Olfactory Mucosa)	1	SPECIES
in vitro (Nasal Mucosa)	1	SPECIES
Human (Myeloperoxidase-463AA/AG Genotype)	1	SPECIES
in vitro (Human Monocyte Microsomes, U937)	1	SPECIES
in vitro (Human Monocyte Microsomes, THP-1)	1	SPECIES
in vitro (Dolphin Skin)	1	SPECIES
in vitro (Human Monocytes, Pneumonia Patients)	1	SPECIES
in vitro (Sheep Right Liver Lobe Cytosol, Fetal)	1	SPECIES
in vitro (Sheep Left Liver Lobe Cytosol, Fetal)	1	SPECIES
in vitro (Hamster V79 Cells Expressing Human CYP)	1	SPECIES
in vitro (Hamster V79 Cells Expressing Rat CYP)	1	SPECIES
in vitro (Hamster Liver Microsomes, Male, Castrated)	1	SPECIES
in vitro (Hamster Kidney Microsomes, Male, Castrated)	1	SPECIES
in vitro (Human Skin Nuclei)	1	SPECIES
in vitro (Chicken Lung Microsomes, Embryonic)	1	SPECIES
in vitro (Chicken Lung Microsomes)	1	SPECIES
in vitro (Brook Trout Liver Microsomes, Female)	1	SPECIES
in vitro (Brook Trout Liver Microsomes, Male)	1	SPECIES
in vitro (Pigeon Liver Supernatant)	1	SPECIES
in vitro (Pigeon Kidney Supernatant)	1	SPECIES
in vitro (House Crow Liver Supernatant)	1	SPECIES
in vitro (House Crow Kidney Supernatant)	1	SPECIES
in vitro (Kite Liver Supernatant)	1	SPECIES
in vitro (Kite Kidney Supernatant)	1	SPECIES
in vitro (Cattle Egret Liver Supernatant)	1	SPECIES
in vitro (Human Monocytes, U937)	1	SPECIES
in vitro (Human Hep G2 Cells Expressing Human CYP2C18)	1	SPECIES
in vitro (Mouse Brain Cells)	1	SPECIES
in vitro (Human Lung Epithelium Cells, HPL1A)	1	SPECIES
Human (Atrial Arrhythmia Patients)	1	SPECIES
in vitro (Rat Homogenate)	1	SPECIES
in vitro (Rabbit Homogenate)	1	SPECIES
in vitro (Human Colon Adenocarcinoma LS174T Cells Expressing Human CAR)	1	SPECIES
Human (Male, Depression Patients)	1	SPECIES
in vitro (COS-1 Cell Extract, Transfected)	1	SPECIES
in vitro (Huh-7 Cell Extract, Transfected)	1	SPECIES
in vitro (COS-1 Cell Microsomes Expressing Human CYP2B6)	1	SPECIES
in vitro (COS-1 Cell Microsomes Expressing Human CYP2B6-Q21L,R22C)	1	SPECIES
in vitro (COS-1 Cell Microsomes Expressing Human CYP2B6-R140Q)	1	SPECIES
in vitro (COS-1 Cell Microsomes Expressing Human CYP Isoenzymes)	1	SPECIES
in vitro (Rat Liver Microsomes, Male, Liver Injury-Induced)	1	SPECIES
in vitro (Rat Liver Microsomes, Female, Liver Injury-Induced)	1	SPECIES
in vitro (Mouse Liver Microsomes, Cyp2c/Cyp3a/Cyp2d Knockout)	1	SPECIES
in vitro (Human Colon Carcinoma Cells, LS180)	1	SPECIES
in vitro (Human Colon Carcinoma Cells, LS180, tRNA/MicroRNA-27b-149nt Tra+	1	SPECIES
in vitro (Human Colon Carcinoma Cells, LS180, tRNA/MicroRNA-27b-123nt Tra+	1	SPECIES
in vitro (Human Hepatoma Cells, HepaRG, Rifamin-Treated)	1	SPECIES
in vitro (Chicken Duodenum Microsomes)	1	SPECIES
in vitro (Chicken Jejunum Microsomes)	1	SPECIES
in vitro (Chicken Ileum Microsomes)	1	SPECIES
in vitro (Human Intestine Epithelium Cells, LS180)	1	SPECIES
in vitro (Rat Intestine Cells, IEC-18, Transfected)	1	SPECIES
in vitro (Human Liver Microsomes, CYP3A5*3/*3 Genotype)	1	SPECIES
in vitro (Human Liver Microsomes, CYP3A5*1/*3 Genotype)	1	SPECIES
in vitro (Mouse Liver Microsomes, Transgenic, Expressing Human CYP3A4)	1	SPECIES
Mouse (Transgenic, Human PXR)	1	SPECIES
in vitro (Human Pancreas Adenocarcinoma Cells)	1	SPECIES
in vitro (Human Stomach Carcinoma Cells, Hs746T)	1	SPECIES
in vitro (Human Small Intestine)	1	SPECIES
in vitro (Liver)	1	SPECIES
in vitro (Intestine)	1	SPECIES
in vitro (Rat Everted Intestine Sac Contents)	1	SPECIES
Mouse (Oat3(-/-))	1	SPECIES
Human (Vietnamese)	1	SPECIES
in vitro (Glutathione Transferase)	1	SPECIES
in vitro (Human Hmy Cells)	1	SPECIES
in vitro (Human Ovary Cancer Cell Cytosol, OVCAR-3)	1	SPECIES
in vitro (Human Ovary Cancer Cell Cytosol, MRI-H-207)	1	SPECIES
in vitro (Rat Colorectal Tumor Cell Cytosol, WARD)	1	SPECIES
in vitro (Human Red Blood Cells, Children, Cancer Patients)	1	SPECIES
in vitro (Human Red Blood Cells, Children, Autoimmune Hepatitis Patients)	1	SPECIES
in vitro (Human Red Blood Cells, Children, Leukemia Patients)	1	SPECIES
in vitro (Cat Red Blood Cells)	1	SPECIES
in vitro (COS-1 Cells Expressing Cat Thiopurine S-Methyltransferase, Wild+	1	SPECIES
in vitro (COS-1 Cells Expressing Cat Thiopurine S-Methyltransferase-Val22+	1	SPECIES
in vitro (COS-1 Cells Expressing Cat Thiopurine S-Methyltransferase-Leu11+	1	SPECIES
in vitro (COS-1 Cells Expressing Cat Thiopurine S-Methyltransferase-Thr8)	1	SPECIES
in vitro (COS-1 Cells Expressing Cat Thiopurine S-Methyltransferase-Ser7)	1	SPECIES
in vitro (Human Erythrocytes, Chinese, Children)	1	SPECIES
in vitro (Red Blood Cell Lysate)	1	SPECIES
Human (Cancer Patients, Poor Metabolizer)	1	SPECIES
Human (Cancer Patients, Intermediate Metabolizer)	1	SPECIES
Human (Cancer Patients, Extensive Metabolizer)	1	SPECIES
in vitro (Human Red Blood Cells, Adult)	1	SPECIES
in vitro (Mouse Leukemia Cells, L1210, Transfected)	1	SPECIES
in vitro (Human Mononuclear Cells)	1	SPECIES
in vitro (Human Kidney 293 Cells Expressing IMPDH1, Embryonic)	1	SPECIES
in vitro (Human Kidney 293 Cells Expressing IMPDH2, Embryonic)	1	SPECIES
in vitro (Human B Lymphocyte Supernatant, Cultured)	1	SPECIES
in vitro (Monkey Heart Cytosol)	1	SPECIES
in vitro (Monkey Pancreas Cytosol)	1	SPECIES
in vitro (Dog Heart Cytosol)	1	SPECIES
in vitro (Dog Pancreas Cytosol)	1	SPECIES
in vitro (Rabbit Small Intestine Cytosol)	1	SPECIES
in vitro (Rabbit Pancreas Cytosol)	1	SPECIES
in vitro (Suncus Murinus Liver Microsomes)	1	SPECIES
Suncus Murinus	1	SPECIES
in vitro (Suncus Murinus Lung Microsomes)	1	SPECIES
in vitro (Human Kidney 293 Cell Membranes Expressing Baboon UGT2B41, Embr+	1	SPECIES
in vitro (Human Kidney 293 Cell Membranes Expressing Baboon UGT2B45, Embr+	1	SPECIES
in vitro (Human Kidney HEK 293 Cells Expressing Human UGT2B7)	1	SPECIES
in vitro (HK 293 Cell Microsomes Expressing Human UGT2B7)	1	SPECIES
Human (Steatohepatitis Patients)	1	SPECIES
in vitro (Human Kidney 293 Cell Membranes Expressing Baboon UGT2B40, Embr+	1	SPECIES
in vitro (Human Kidney 293 Cell Membranes Expressing Baboon UGT2B42, Embr+	1	SPECIES
Mouse (Glutamate Receptor 5 Knockout)	1	SPECIES
Mouse (Mrp1(-/-))	1	SPECIES
in vitro (COS-1 Cells Expressing UGT2B7)	1	SPECIES
in vitro (Guinea Pig Gastric Mucosa Cells)	1	SPECIES
in vitro (Human Lymphoblast Cell Microsomes Expressing Human CYP2C18)	1	SPECIES
in vitro (Human Liver Microsomes, Indinavir Treated)	1	SPECIES
in vitro (Mouse Liver Microsomes, Transgenic, Human CYP2D6.2, Heterozygou+	1	SPECIES
Human (HIV Infected Patients, CYP2D6 Extensive Metabolizer)	1	SPECIES
Human (HIV Infected Patients, CYP2D6 Intermediate Metabolizer)	1	SPECIES
Human (HIV Infected Patients, CYP2D6 Poor Metabolizer)	1	SPECIES
Human (Male, Poor Metabolizer)	1	SPECIES
Human (Black American)	1	SPECIES
in vitro (COS Cell S9 Fraction, Transfected)	1	SPECIES
in vitro (Dog Liver Microsomes, Female, Mixed-Breed)	1	SPECIES
in vitro (Dog Liver Microsomes, Male, Mixed-Breed)	1	SPECIES
in vitro (Dog Liver Microsomes, Mixed-Breed)	1	SPECIES
Mouse (Bile Duct Cannulated, Abcb1a/1b(-/-))	1	SPECIES
Mouse (Bile Duct Cannulated, Abcc2(-/-))	1	SPECIES
Mouse (Bile Duct Cannulated, Abcb1a/1b(-/-)/Abcc2(-/-))	1	SPECIES
Human (CYP1A2*1F/*1F Genotype)	1	SPECIES
Human (CYP1A2*1C/*1F Genotype)	1	SPECIES
Human (Kwashiorkor Patients)	1	SPECIES
Dog (7 Weeks)	1	SPECIES
in vitro (Glucuronyltransferase)	1	SPECIES
in vitro (Human 293 Cells Expressing Human CYP3A7)	1	SPECIES
in vitro (Human B-Lymphoblastoid Cells Expressing CYP3A5)	1	SPECIES
in vitro (Human Lymphoblastoid Cells Expressing Human Isoenzymes)	1	SPECIES
in vitro (Cattle Liver Cytosol, Male)	1	SPECIES
in vitro (Cattle Liver Cytosol, Female)	1	SPECIES
in vitro (Mouse Jejunum Cytosol, Transgenic)	1	SPECIES
in vitro (Mouse Colon Cytosol, Transgenic)	1	SPECIES
in vitro (Mouse Lung Cytosol, Transgenic)	1	SPECIES
in vitro (Mouse Liver Cytosol, Transgenic)	1	SPECIES
in vitro (Mouse Kidney Cytosol, Transgenic)	1	SPECIES
in vitro (COS-1 Cell Cytosol Expressing Human SULT1A1)	1	SPECIES
in vitro (COS-1 Cell Cytosol Expressing Human SULT1A2)	1	SPECIES
in vitro (COS-1 Cell Cytosol Expressing Human SULT1A3)	1	SPECIES
in vitro (Mouse Liver Microsomes, IL-4(-/-))	1	SPECIES
in vitro (Mouse Liver Microsomes, Caveolin-1(-/-))	1	SPECIES
in vitro (Mouse Liver Microsomes, RXRalpha-Null)	1	SPECIES
in vitro (Mouse Liver Microsomes, Retinoid X Receptor-Deficient)	1	SPECIES
in vitro (Mouse Liver Microsomes, Steatohepatitic)	1	SPECIES
in vitro (Mouse Liver Microsomes, Diabetic)	1	SPECIES
in vitro (Rat Kidney Microsomes, Diabetic)	1	SPECIES
in vitro (Rat Brain Microsomes, Diabetic)	1	SPECIES
in vitro (Rat Pancreas Microsomes, Diabetic)	1	SPECIES
in vitro (Human Hepatoma Hep G2 Cell Microsomes, Transfected)	1	SPECIES
in vitro (WIF-B Cell Microsomes)	1	SPECIES
in vitro (Human Liver Microsomes, Steatohepatitis Patients)	1	SPECIES
in vitro (Mouse Liver Microsomes, Cyp2e(-/-))	1	SPECIES
in vitro (Rat Liver Microsomes, Fasted with Coprophagy)	1	SPECIES
in vitro (Rat Liver Microsomes, Male, 5 Weeks)	1	SPECIES
in vitro (Rat Liver Microsomes, Pyridine Treated)	1	SPECIES
in vitro (Rat Lobar Bronchus/Major Daughter Airway Microsomes)	1	SPECIES
in vitro (Rat Minor Daughter Airway Microsomes)	1	SPECIES
in vitro (Rat Distal Bronchiole Microsomes)	1	SPECIES
in vitro (Human Hepatoma Hep G2 Cell Microsomes Expressing CYP2E1)	1	SPECIES
in vitro (Rat Hepatocyte Nonparenchymal Cells)	1	SPECIES
in vitro (Human Hepatoma Microsomes)	1	SPECIES
in vitro (Mouse Small Intestine Microsomes, Obese)	1	SPECIES
in vitro (COS Cell Microsomes Expressing Rat UGT Isoenzymes)	1	SPECIES
in vitro (COS Cell Microsomes Expressing Rat UGT1A6-Ser Isoenzymes)	1	SPECIES
in vitro (COS Cell Microsomes Expressing Rat UGT1A6-Ser154)	1	SPECIES
in vitro (Rat Salivary Gland Microsomes)	1	SPECIES
in vitro (Dog Liver, Male)	1	SPECIES
in vitro (Human Kidney 293 Cells Overexpressing UGT2B12)	1	SPECIES
in vitro (Mouse Hepatocytes, Glycogen-Depleted)	1	SPECIES
in vitro (Rat Liver Nodule Microsomes)	1	SPECIES
in vitro (Hamster V79 Cells Expressing Human UGT1*6)	1	SPECIES
in vitro (Rat Liver Microsomes, Female, Non-Lactating)	1	SPECIES
in vitro (Rat Intestine Microsomes, Neonatal)	1	SPECIES
in vitro (Rat Liver Microsomes, Streptozotocin Treated)	1	SPECIES
in vitro (Human Colon Cells, CCL227, Transfected)	1	SPECIES
in vitro (Mouse Tumor, Human Pancreas Cancer Cells Inoculated, Transduced+	1	SPECIES
in vitro (Rat Hepatocytes, Transfected)	1	SPECIES
in vitro (Mouse Liver Extract, Tumor Bearing)	1	SPECIES
in vitro (Human Lymphoblastoid Cells Expressing Human CYP1B1)	1	SPECIES
Human (2-6 Years)	1	SPECIES
in vitro (Gerbil Plasma)	1	SPECIES
Pig (Neonatal)	1	SPECIES
in vitro (Murine Yoshida Sarcoma Cells)	1	SPECIES
in vitro (HEK 293T/c17 Cells, Transfected)	1	SPECIES
in vitro (Rat Liver Cytosol, Colorectal Cancer-Induced)	1	SPECIES
in vitro (Human Colon Cancer Cell Cytosol, HCA-7)	1	SPECIES
in vitro (Mouse Tumor Cell Cytosol, Human HT-29 Xenograft)	1	SPECIES
in vitro (Mouse Tumor Cells, Human Tumor Cells Implanted)	1	SPECIES
in vitro (Human Colon Homogenate, Inflammatory)	1	SPECIES
in vitro (Human Liver Homogenate, Inflammatory)	1	SPECIES
in vitro (Human Kidney Proximal Tubule Cell Microsomes)	1	SPECIES
in vitro (Human Pulmonary Cell Culture NCI-H322)	1	SPECIES
Rat (Female, Pregnant, Midgestation)	1	SPECIES
Rat (Female, Pregnant, Late-Gestation)	1	SPECIES
in vitro (Guinea Pig Fetal Plasma, Maternal Plasma, Amniotic Fluid)	1	SPECIES
in vitro (Human Blood Homogenate)	1	SPECIES
Human (Gouty Patients)	1	SPECIES
in vitro (Human Ileum Mucosa Sheets)	1	SPECIES
in vitro (Various Microorganisms)	1	SPECIES
in vitro (Mouse Liver Microsomes, Transgenic, Human CYP2D6.1, Heterozygou+	1	SPECIES
in vitro (Mouse Liver Microsomes, Male, Cyp1a2(-/-))	1	SPECIES
in vitro (Mouse Liver Microsomes, Female, Cyp1a2(-/-))	1	SPECIES
in vitro (Human Hep G2 Cells Expressing Human CYP2D6 and Human Cytochrome+	1	SPECIES
in vitro (Monkey Kidney COS-1 Cell Lysate, Transfected)	1	SPECIES
in vitro (Monkey Kidney COS-1 Cell Lysate)	1	SPECIES
in vitro (Hamster V79 Cells Expressing Human CYP2D6)	1	SPECIES
in vitro (Human Kidney 293 Cells Expressing Rabbit CYP2D Isoenzymes, Embr+	1	SPECIES
in vitro (Guinea Pig Adrenal Cortex Reticulum Microsomes)	1	SPECIES
in vitro (Guinea Pig Adrenal Cortex Fasciculum Microsomes)	1	SPECIES
Human (Female, Non-Pregnant)	1	SPECIES
Human (Nonitcher)	1	SPECIES
in vitro (Horse Cecum Contents)	1	SPECIES
in vitro (Human Placenta Microsomes and Rat Liver Cytosol)	1	SPECIES
Rat (Female, Pregnant and Lactating)	1	SPECIES
Mouse (Cyp2abfgs(-/-))	1	SPECIES
Mouse (Transgenic, Cyp2abfgs(-/-), Human CYP2B6)	1	SPECIES
in vitro (Mouse Liver Cytosol and Microsomes, Cyp2a(4/5)bgs-Null)	1	SPECIES
Mouse (nAChRalpha4(-/-))	1	SPECIES
Mouse (nAChRalpha7(-/-))	1	SPECIES
Mouse (Transgenic, Mouse Cyp2a5-Null, Human CYP2A6(+/-))	1	SPECIES
in vitro (Mouse Liver Microsomes, Transgenic, Cyp2a5-Null, Human CYP2A6(++	1	SPECIES
Human (Hispanic)	1	SPECIES
in vitro (Rabbit Liver Microsomes, Female, Pregnant)	1	SPECIES
in vitro (Rabbit Liver Microsomes, Fetal)	1	SPECIES
Rat (Stressed)	1	SPECIES
Rat (Non-Stressed)	1	SPECIES
in vitro (Rat Hair)	1	SPECIES
in vitro (Hep G2 Cell Lysate Expressing Rat UGT2B2)	1	SPECIES
in vitro (Hep G2 Cell Lysate Expressing Rat UGT2B3)	1	SPECIES
in vitro (COS-7 Cell Homogenate Expressing Human UGT1A3)	1	SPECIES
in vitro (HEK 293 Cell Microsomes Expressing Human UGT2B17)	1	SPECIES
in vitro (Human Kidney 293 Cell Microsomes Expressing Human UGT2B7, Embry+	1	SPECIES
in vitro (Human Endometrium Homogenate)	1	SPECIES
in vitro (Human Endometrium Homogenate, Polycystic Ovarian Syndrome Patie+	1	SPECIES
in vitro (Rat Liver Microsomes, Sprague-Dawley, Immature)	1	SPECIES
in vitro (Rat Liver Microsomes, Sprague-Dawley, Mature)	1	SPECIES
in vitro (Fish Ovary Follicles)	1	SPECIES
in vitro (Fish Ovary Nuclei)	1	SPECIES
in vitro (Fish Ovary Mitochondria)	1	SPECIES
in vitro (Fish Ovary Soluble Fraction)	1	SPECIES
in vitro (Fish Liver Soluble Fraction)	1	SPECIES
in vitro (Fish Brain Nuclei)	1	SPECIES
in vitro (Fish Brain Mitochondria)	1	SPECIES
in vitro (Fish Brain Soluble Fraction)	1	SPECIES
in vitro (Rat Ulterus Microsomes)	1	SPECIES
in vitro (Mouse Tumor Cytosol, Human MCF-7 Xenograft)	1	SPECIES
in vitro (Human Hep G2 Cell Cytosol)	1	SPECIES
in vitro (Human Hep G2 Cell Cytosol, Transfected)	1	SPECIES
in vitro (Human Hepatocyte Lysate, Alcohol User)	1	SPECIES
in vitro (Human Hepatocyte Lysate, Alcohol Nonuser)	1	SPECIES
in vitro (Human Breast Epithelium Cells, Cultured)	1	SPECIES
in vitro (Human Breast Cancer Cells, Cultured)	1	SPECIES
in vitro (Rat Spinal Cord Perfusion)	1	SPECIES
in vitro (Mouse Liver Mitochondria, Infected)	1	SPECIES
in vitro (Chicken Liver Supernatant, Embryonic)	1	SPECIES
in vitro (Baboon Liver)	1	SPECIES
in vitro (Hep G2 Cells Expressing Human CYP1A2 and CYP2E1)	1	SPECIES
in vitro (Human Cancer Cell Lysate, HeLa)	1	SPECIES
in vitro (Human Liver Cancer Cell Lysate, Hep G2)	1	SPECIES
in vitro (Human Breast Cancer Cell Lysate, ZR-75-1)	1	SPECIES
in vitro (Human Keratinocyte Lysate, HaCaT)	1	SPECIES
in vitro (Mouse Liver Cytosol Expressing Human NAT1)	1	SPECIES
in vitro (Mouse Lung Cytosol Expressing Human NAT1)	1	SPECIES
in vitro (Mouse Brain Cytosol Expressing Human NAT1)	1	SPECIES
in vitro (Mouse Kidney Cytosol Expressing Human NAT1)	1	SPECIES
in vitro (Human Peripheral Blood Mononuclear Cell Supernatant)	1	SPECIES
in vitro (Mouse Kidney Cytosol, CD-1)	1	SPECIES
in vitro (Mouse Liver Cytosol, CD-1)	1	SPECIES
in vitro (Mouse Blood, CD-1)	1	SPECIES
in vitro (Hamster Blood Lysate)	1	SPECIES
in vitro (Horseradish Prostaglandin Synthase)	1	SPECIES
Rat (Osborne-Mendel Strain)	1	SPECIES
in vitro (Human AHH-1 TK+/- B-Lymphoblastoid Cells Expressing Human CYP2A+	1	SPECIES
in vitro (Human AHH-1 TK+/- B-Lymphoblastoid Cells Expressing Human CYP2B+	1	SPECIES
in vitro (Human AHH-1 TK+/- B-Lymphoblastoid Cells Expressing Human CYP2E+	1	SPECIES
in vitro (Rat Cerebral Cortex Perfusion)	1	SPECIES
in vitro (COS-7 Cells Expressing Human CYP2A1)	1	SPECIES
in vitro (Chinese Hamster V79 Cell Cytosol, Transfected)	1	SPECIES
in vitro (Guinea Pig Stomach Pieces)	1	SPECIES
in vitro (Guinea Pig Stomach Cells)	1	SPECIES
in vitro (Rat Astrocyte Lysate)	1	SPECIES
in vitro (Chinese Hamster Lung Fibroblast Cell Microsomes Expressing Huma+	1	SPECIES
in vitro (Pig Corpus Luteum Microsomes)	1	SPECIES
in vitro (Pig Corpus Luteum Homogenate)	1	SPECIES
in vitro (Pig Corpus Luteum Mitoplasts)	1	SPECIES
in vitro (Rat Hepatoma Homogenate, 5L)	1	SPECIES
in vitro (Rat Hepatoma Homogenate, 5L, AhR-Deficient)	1	SPECIES
in vitro (Bovine Alveolar Macrophage Microsomes)	1	SPECIES
in vitro (Human Colon Carcinoma Cells, Caco-2, Clone PD7)	1	SPECIES
in vitro (Human Colon Carcinoma Cells, Caco-2, Clone PF11)	1	SPECIES
in vitro (Rat Olfactory Bulb Homogenate)	1	SPECIES
in vitro (Rat Ovary Microsomes, Female)	1	SPECIES
in vitro (Rat Vascular Small Intestine Perfusion)	1	SPECIES
in vitro (Guinea Pig Liver Microsomes, Female, Pregnant)	1	SPECIES
in vitro (Guinea Pig Liver Microsomes, Female, Lactating)	1	SPECIES
in vitro (Mouse Skin Premicrosomal Fraction)	1	SPECIES
in vitro (Rat Skin Premicrosomal Fraction)	1	SPECIES
in vitro (Human beta-Lymphoblastoid Cells Expressing CYP2D6)	1	SPECIES
in vitro (Human beta-Lymphoblastoid Cells Expressing CYP1A1)	1	SPECIES
in vitro (Human beta-Lymphoblastoid Cells Expressing CYP1A2)	1	SPECIES
in vitro (Human beta-Lymphoblastoid Cells Expressing CYP2A6)	1	SPECIES
in vitro (Human beta-Lymphoblastoid Cells Expressing CYP2B6)	1	SPECIES
in vitro (Human beta-Lymphoblastoid Cells Expressing CYP2C9)	1	SPECIES
in vitro (Human beta-Lymphoblastoid Cells Expressing CYP2C19)	1	SPECIES
in vitro (Human beta-Lymphoblastoid Cells Expressing CYP2E1)	1	SPECIES
in vitro (Human beta-Lymphoblastoid Cells Expressing CYP3A4)	1	SPECIES
in vitro (Rat Artificial Intestinal Fluid)	1	SPECIES
in vitro (Mouse Adrenal Gland Cytosol)	1	SPECIES
in vitro (Mouse Adipose Tissue Cytosol, Female)	1	SPECIES
in vitro (Mouse Uterus Microsomes)	1	SPECIES
in vitro (Mouse Ovary Cytosol)	1	SPECIES
in vitro (Mouse Adipose Tissue Cytosol, Male)	1	SPECIES
in vitro (Frog)	1	SPECIES
Mouse (Transgenic, Expressing Human OATP1B1)	1	SPECIES
in vitro (Human Liver Tumor, Carboxypeptidase G2-Ab Treated)	1	SPECIES
in vitro (Human Plasma, Carboxypeptidase G2-Ab Treated)	1	SPECIES
in vitro (Mouse Ehrlich Ascites Carcinoma)	1	SPECIES
in vitro (Mitochondria)	1	SPECIES
in vitro (Caco-2 Cell Suspension)	1	SPECIES
Human (Herpes Zoster Patients)	1	SPECIES
Human (Neuralgia Patients)	1	SPECIES
in vitro (Rat Liver Cytochrome P4502C11)	1	SPECIES
in vitro (Mouse Tumor Microsomes, Rat 9L Xenograft Bearing, CYP2B11 Trans+	1	SPECIES
in vitro (Mouse Liver Microsomes, Rat 9L Tumor Bearing)	1	SPECIES
Mouse (Liver NADPH-Cytochrome P450 Reductase-Null)	1	SPECIES
Mouse (Extrahepatic NADPH-Cytochrome P450 Reductase-Low, Liver NADPH-Cyto+	1	SPECIES
in vitro (Human Brain Tumor Cells, U251, Transfected)	1	SPECIES
in vitro (Human Tumor Cells, U251)	1	SPECIES
in vitro (Rabbit Reticulocyte 15-Lipoxygenase)	1	SPECIES
in vitro (Human Lymphoblast Microsomes Expressing CYP3A4)	1	SPECIES
in vitro (Human Lymphoblast Microsomes Expressing CYP1A2)	1	SPECIES
in vitro (Human Kidney 293 Cells Expressing Rabbit CYP2D23, Embryonic)	1	SPECIES
in vitro (Human Kidney 293 Cells Expressing Rabbit CYP2D24, Embryonic)	1	SPECIES
Human (Children, Dravet Syndrome Patients)	1	SPECIES
Human (Swedes)	1	SPECIES
in vitro (Cat Liver Perfusion)	1	SPECIES
in vitro (Dog Lung Perfusion)	1	SPECIES
in vitro (Calf Liver Enzymes)	1	SPECIES
in vitro (Horse Liver Enzymes)	1	SPECIES
in vitro (Pig Liver Enzymes)	1	SPECIES
in vitro (Unspecified Horse Enzymes)	1	SPECIES
in vitro (Unspecified Cow Enzymes)	1	SPECIES
in vitro (Unspecified Pig Enzymes)	1	SPECIES
in vitro (Cow)	1	SPECIES
in vitro (Horse)	1	SPECIES
in vitro (Guinea Pig Stomach Juice)	1	SPECIES
Mouse (Transgenic, Human CYP3A4/CYP3A7)	1	SPECIES
Mouse (Transgenic, Human CYP3A4/CYP3A7, Human PXR/CAR)	1	SPECIES
in vitro (Rainbow Trout Plasma)	1	SPECIES
in vitro (Rat Olfactory Mucosa S9 Fraction)	1	SPECIES
in vitro (Human Hemoglobin)	1	SPECIES
in vitro (Rat Brain Substantia Nigra Homogenate)	1	SPECIES
in vitro (Monkey Epididymis Microsomes)	1	SPECIES
in vitro (Mouse Blood, Acidic)	1	SPECIES
in vitro (Mouse Plasma, Acidic)	1	SPECIES
in vitro (Rat Kidney Proximal Tubule Cytosol)	1	SPECIES
in vitro (Rat Kidney Distal Tubule Cytosol)	1	SPECIES
in vitro (Pig Kidney Epithelium Cells Transfected with beta-Lyase)	1	SPECIES
in vitro (Pig Kidney Epithelium Cells Transfected with Human beta-Lyase)	1	SPECIES
in vitro (Pig Kidney Epithelium Cells Transfected with Rat beta-Lyase)	1	SPECIES
in vitro (Human Red Blood Cells, Renal Transplant Patients)	1	SPECIES
in vitro (Human Red Blood Cells, Crohn's Disease Patients)	1	SPECIES
in vitro (Human Lymphoblast Cells, Molt-F4)	1	SPECIES
in vitro (Human Feces Aspirate)	1	SPECIES
in vitro (Human Jejunum Aspirate)	1	SPECIES
in vitro (Rat Pancreas Islet Cell Microsomes, BRIN BD11, Transfected)	1	SPECIES
in vitro (Pancreas Cell Microsomes, INS-1, Transfected)	1	SPECIES
in vitro (Mouse Liver Microsomes, 2E1+/+)	1	SPECIES
in vitro (Mouse Liver Microsomes, 2E1-/-)	1	SPECIES
in vitro (Human Microsomes, Hep G2-v2E1)	1	SPECIES
in vitro (GM2E1 Cells, Transfected)	1	SPECIES
in vitro (Human Fibroblast Cells, GM2E1)	1	SPECIES
in vitro (Mouse Liver Microsomes, Transgenic, Expressing Human CYP4B1)	1	SPECIES
in vitro (Rat Liver Cytochrome P4504A1)	1	SPECIES
in vitro (Green Monkey COS-7 Cells Expressing Rainbow Trout CYP2M1)	1	SPECIES
in vitro (Guinea Pig Lung Homogenate)	1	SPECIES
Mouse (jvs(+/-))	1	SPECIES
in vitro (Rabbit Heart Perfusion, Neonatal)	1	SPECIES
in vitro (Human Lymphoblast Cells Expressing Human CYP Isoenzyme)	1	SPECIES
in vitro (Human Lymphoblast Cells Expressing Human CYP1A2, CYP2B6, CYP3A4+	1	SPECIES
in vitro (Human Kidney Ad293 Cells)	1	SPECIES
in vitro (Human Kidney Ad293 Cells Expressing Human CYP3A4 and NADPH-Cyto+	1	SPECIES
in vitro (Human Kidney Ad293 Cells Expressing Human CYP3A5 and NADPH-Cyto+	1	SPECIES
in vitro (Human Kidney Ad293 Cells Expressing Human CYP3A7 and NADPH-Cyto+	1	SPECIES
in vitro (Human Kidney Ad293 Cells Expressing Human CYP3C8)	1	SPECIES
in vitro (Human Kidney Ad293 Cells Expressing Human CYP Isoenzymes)	1	SPECIES
in vitro (Human Kidney Ad293 Cells, Transfected)	1	SPECIES
in vitro (Mouse Brain Homogenate, Cyp1b1-Null)	1	SPECIES
in vitro (Almond Mandelonitrile Lyase)	1	SPECIES
in vitro (HEK 293 Cells Overexpressing UGT1A1)	1	SPECIES
in vitro (HEK 293 Cells Overexpressing UGT1A8)	1	SPECIES
in vitro (HEK 293 Cells Overexpressing UGT1A10)	1	SPECIES
in vitro (Human Kidney 293T Cells Expressing Human UGT1A3)	1	SPECIES
in vitro (Human Kidney 293T Cells Expressing Human UGT1A7)	1	SPECIES
in vitro (Human Kidney 293T Cells Expressing Human UGT1A8)	1	SPECIES
in vitro (Human Kidney 293T Cells Expressing Human UGT1A10)	1	SPECIES
in vitro (Human Kidney 293T Cells Expressing Human UGT2B17)	1	SPECIES
in vitro (LS180 Cell Homogenate)	1	SPECIES
in vitro (Human Kidney HEK 293 Cell Supernatant Expressing Human UGT1A1)	1	SPECIES
in vitro (Human Kidney HEK 293 Cell Supernatant Expressing Human UGT1A6)	1	SPECIES
in vitro (Hep G2 Cell Lysate Expressing Rat UGT1A3)	1	SPECIES
in vitro (Human Kidney 293 Cell Supernatant, Embryonic, Transfected)	1	SPECIES
in vitro (Rat Liver, Chronic Renal Failure)	1	SPECIES
in vitro (Rat Kidney, Chronic Renal Failure)	1	SPECIES
in vitro (Human Placenta Trophoblast Cells, JEG-3)	1	SPECIES
in vitro (Human Placenta Trophoblast Cells, JAR)	1	SPECIES
in vitro (Human Placenta Trophoblast Cells, BeWo)	1	SPECIES
in vitro (Human Placenta Amnion Cells, AV3)	1	SPECIES
in vitro (Human Placenta Amnion Cells, WISH)	1	SPECIES
in vitro (Human Colon Carcinoma Caco-2 Cells Expressing Human UGT1A6)	1	SPECIES
in vitro (Human Colon Carcinoma Caco-2 Cells Expressing Human UGT1A9)	1	SPECIES
in vitro (Human Colon Carcinoma Caco-2 Cells Expressing Human UGT2B7)	1	SPECIES
in vitro (Hamster V79 Cell Membranes Expressing Human UGT1A6)	1	SPECIES
in vitro (COS-1 Cells Expressing Human UGTh-1 and UGTh-2)	1	SPECIES
in vitro (RAW Cells)	1	SPECIES
in vitro (Rat Spleen Cells)	1	SPECIES
in vitro (Mouse Pleura Lavage Fluid)	1	SPECIES
in vitro (Mouse Duodenum Homogenate, iNOS Knockout)	1	SPECIES
in vitro (Rat Buccal Gingiva Supernatant)	1	SPECIES
in vitro (Mouse Ear Supernatant)	1	SPECIES
in vitro (Mouse Liver Homogenate, Myeloid Cell-Specific Tissue Factor-Def+	1	SPECIES
in vitro (Mouse Duodenum Homogenate, PAFR(-/-))	1	SPECIES
in vitro (Rat Lung Homogenate, Post-Traumatic)	1	SPECIES
in vitro (Rat Ear Supernatant)	1	SPECIES
in vitro (Rat Reticulocytes)	1	SPECIES
Human (Adenomatous Polyposis Patients)	1	SPECIES
in vitro (Guinea Pig Spleen Cytosol)	1	SPECIES
in vitro (Guinea Pig Intestine Cytosol)	1	SPECIES
in vitro (Guinea Pig Bladder Cytosol)	1	SPECIES
in vitro (Guinea Pig Brain Cytosol)	1	SPECIES
in vitro (Chicken Hepatocytes, Embryonic, Phenobarbital Treated)	1	SPECIES
in vitro (Mouse Liver Microsomes, P-Glycoprotein-Deficient)	1	SPECIES
in vitro (Mouse Small Intestine Microsomes, P-Glycoprotein-Deficient)	1	SPECIES
in vitro (Human Intestine FHs74 Int Cells)	1	SPECIES
in vitro (Hepatoma 3924A Cell Culture)	1	SPECIES
in vitro (Murine Leukemia Cells, P388, Cultured)	1	SPECIES
in vitro (Hamster Ovary Cells, Adenosine Kinase-Deficient)	1	SPECIES
Human (Children, Chagas Disease Patients)	1	SPECIES
in vitro (Rat Liver Microsomes, Sodium Cholate Treated)	1	SPECIES
in vitro (Rat Esophagus Mucosa Microsomes)	1	SPECIES
in vitro (HEK 293 Cells Expressing Human SRD5A2)	1	SPECIES
in vitro (Human Prostate Nuclei)	1	SPECIES
in vitro (Rat Leydig Cells, Immature)	1	SPECIES
in vitro (Rat Leydig Cells, Adult)	1	SPECIES
in vitro (Human Prostate Hyperplasia Tissue Microsomes)	1	SPECIES
in vitro (Hamster Prostate Homogenate)	1	SPECIES
in vitro (Hamster Seminal Vesicle Homogenate, Male, Castrated)	1	SPECIES
in vitro (Rat Malignant Neoplastic Prostate Cells, NRP-154)	1	SPECIES
in vitro (Rat Benign Prostate Hyperplasia Cells, NRP-152)	1	SPECIES
in vitro (Human Prostate Epithelium)	1	SPECIES
in vitro (Human Prostate Stroma)	1	SPECIES
in vitro (Rat A1 Cells, Transfected)	1	SPECIES
in vitro (Rat A1 Cell Microsomes, Transfected)	1	SPECIES
in vitro (Human Skin Homogenate, Scalp)	1	SPECIES
in vitro (COS-1 Cells Expressing Rat Steroid 5alpha-Reductase)	1	SPECIES
in vitro (Human Prostate Cells, LNCaP)	1	SPECIES
in vitro (Human Scalp Skin Microsomes)	1	SPECIES
in vitro (Human Prostate Adenocarcinoma DU-145 Cells)	1	SPECIES
in vitro (Human Benign Prostate Hyperplasia Tissue)	1	SPECIES
in vitro (Rat Osteoblast-like Cells, UMR 106-01)	1	SPECIES
in vitro (Dog Prostate Membranes)	1	SPECIES
in vitro (Monkey Prostate Membranes)	1	SPECIES
in vitro (Rat Prostate Membranes)	1	SPECIES
in vitro (Human Steroid 5alpha-Reductase 1)	1	SPECIES
in vitro (Human Choriocarcinoma Cell Microsomes, JEG-3)	1	SPECIES
in vitro (Human Breast Cancer Cells, T-47D, Transfected)	1	SPECIES
in vitro (Frog Brain, Female)	1	SPECIES
in vitro (Frog Brain, Male)	1	SPECIES
in vitro (Human Fat)	1	SPECIES
in vitro (Rat Leydig Tumor R2C Cells)	1	SPECIES
in vitro (Human Breast Tumor Slices)	1	SPECIES
in vitro (Mouse Brain Hypothalamus Homogenate)	1	SPECIES
in vitro (Mouse Brain Hypothalamus Homogenate, Neonatal)	1	SPECIES
in vitro (Mouse Brain Hypothalamus Homogenate, Embryonic)	1	SPECIES
in vitro (Human Breast Adipose Tissue, Stromal Vascular Cells, Female)	1	SPECIES
in vitro (HepaRG Cell Microsomes)	1	SPECIES
in vitro (Hep G2 Cells Overexpressing Human CYP3A4)	1	SPECIES
in vitro (Hep G2 Cells Overexpressing Human CYP3A4 and MicroRNA-223)	1	SPECIES
in vitro (Hep G2 Cells Overexpressing Human CYP3A4 and b5 SiRNA-223)	1	SPECIES
in vitro (Hep G2 Cells, Transfected, MicroRNA-223 Overexpressed)	1	SPECIES
in vitro (Hep G2 Cells, Transfected, b5 SiRNA-223 Overexpressed)	1	SPECIES
in vitro (Mouse Intestine, Mdr1a1(-/-))	1	SPECIES
in vitro (Monkey Stem Cells, Embryonic)	1	SPECIES
in vitro (Human Stem Cells, Hepatocyte-like, HNF6 Overexpressed)	1	SPECIES
in vitro (Human Stem Cells, Hepatocyte-like)	1	SPECIES
in vitro (Human Hepatoma Cells, Huh-7, Transfected)	1	SPECIES
in vitro (Human Hepatoma Cells, HLE, Transfected)	1	SPECIES
in vitro (Human Hepatoma Cells, HLF, Transfected)	1	SPECIES
in vitro (Human Hepatoma Cells, Huh-6, Transfected)	1	SPECIES
in vitro (Human Hepatoma Cells, Fa2N4, Transfected)	1	SPECIES
in vitro (Human Amnion Homogenate)	1	SPECIES
in vitro (Human Chorion and Decidua Homogenate)	1	SPECIES
in vitro (HepaRG Cells, Cryopreserved)	1	SPECIES
in vitro (Rat Small Intestine Microsomes, Liver Ischemia-Reperfusion Inju+	1	SPECIES
in vitro (Human Colon Carcinoma Cells, LS174T)	1	SPECIES
in vitro (Human Colon Adenocarcinoma Cells Expressing CAR)	1	SPECIES
in vitro (Mouse Liver S9 Fractions, Female, Pregnant)	1	SPECIES
in vitro (Mouse Liver S9 Fraction, Female)	1	SPECIES
in vitro (Mouse Intestine S9 Fraction, Female)	1	SPECIES
in vitro (Human Kupffer Cells)	1	SPECIES
in vitro (Rat Small Intestine Microsomes, Nephrectomized)	1	SPECIES
in vitro (Rat Small Intestine Microsomes, Bilateral Ureter Ligated)	1	SPECIES
in vitro (Rat Small Intestine Microsomes, Glycerol Treated)	1	SPECIES
in vitro (Rat Small Intestine Microsomes, Cisplatin Treated)	1	SPECIES
in vitro (Human Hepatocyte Microsomes, Cultured)	1	SPECIES
in vitro (Human Duodenum S9 Fraction, Fetal)	1	SPECIES
in vitro (Human Duodenum S9 Fraction, Children, Colic Disease Patients)	1	SPECIES
in vitro (Mouse Liver Microsomes, PXR Knockout)	1	SPECIES
in vitro (MDCK Cells, Transfected)	1	SPECIES
in vitro (Rat Enterocyte Microsomes)	1	SPECIES
in vitro (Mouse Liver, Female)	1	SPECIES
in vitro (Mouse Liver, Male)	1	SPECIES
in vitro (Hamster Ovary Cells Expressing Human CYP3A4 and Cytochrome P450+	1	SPECIES
in vitro (Human Lymphoblast Microsomes Expressing Human CYP3A4 and Oxidor+	1	SPECIES
in vitro (Rat Liver Microsomes, Hypophysectomized, Growth Hormone Treated+	1	SPECIES
in vitro (Rat Liver Microsomes, Hypophysectomized, 3-MC Treated)	1	SPECIES
in vitro (Rat Liver Microsomes, Male, Infant)	1	SPECIES
in vitro (Rat Liver Microsomes, Female, Infant)	1	SPECIES
in vitro (Wallaby Ovary Cells, Young)	1	SPECIES
in vitro (Bovine Adrenocortical Post-Mitochondrial Fraction)	1	SPECIES
in vitro (Human Hepatoblastoma C3A Cells Expressing Human CYP21A2)	1	SPECIES
in vitro (Human Hepatoblastoma C3A Cells Expressing Human CYP21A2-H365Y)	1	SPECIES
in vitro (Rat Adrenal Supernatant)	1	SPECIES
in vitro (Sea Lamprey Testis)	1	SPECIES
in vitro (HEK 293 Cells Expressing Mouse 11beta-HSD2-C264S)	1	SPECIES
in vitro (HEK 293 Cells Expressing Zebrafish 11beta-HSD2-A253C)	1	SPECIES
in vitro (HEK 293 Cell Lysate Expressing Human 11beta-HSD2)	1	SPECIES
in vitro (Pig Testis Leydig Cell Microsomes, Neonatal)	1	SPECIES
in vitro (Cat Kidney)	1	SPECIES
in vitro (Human Kidney 293 Cells Expressing Human 11beta-HSD2)	1	SPECIES
in vitro (Human Placenta Homogenate, Fetal)	1	SPECIES
in vitro (Human Kidney Homogenate, Fetal)	1	SPECIES
in vitro (Human Abdominal Fat)	1	SPECIES
in vitro (Guinea Pig Adrenal Mitochondria)	1	SPECIES
in vitro (Dog Adrenal Mitochondria)	1	SPECIES
in vitro (Human Kidney Cortex)	1	SPECIES
in vitro (Human Kidney Medulla)	1	SPECIES
in vitro (Human Peripheral Blood Mononuclear Cells, Inflammatory Bowel Di+	1	SPECIES
in vitro (CHO Cells Expressing Rat kappa-Opioid Receptor)	1	SPECIES
in vitro (Rat Cerebral Cortex Slices, Neonatal)	1	SPECIES
in vitro (Rat Cerebral Cortex Slices, Juvenile)	1	SPECIES
in vitro (Rat Cerebral Cortex Slices, Adult)	1	SPECIES
in vitro (Chicken Pineal Gland)	1	SPECIES
in vitro (Human Pancreas Cancer Cell Homogenate, ASPC-1)	1	SPECIES
in vitro (Mouse Tumor, Human HCT 116 Xenograft)	1	SPECIES
in vitro (Human Meconium, Neonatal)	1	SPECIES
in vitro (Human Amniotic Fluid, Female, Pregnant)	1	SPECIES
in vitro (Hep G2 Cells Expressing Liver Alcohol Dehydrogenase)	1	SPECIES
in vitro (Hep G2 Cells Expressing Liver Alcohol Dehydrogenase and Liver C+	1	SPECIES
in vitro (Human Oral Keratinocytes, Epithelium Differentiated)	1	SPECIES
in vitro (Rat Stomach Homogenate, Female)	1	SPECIES
in vitro (Rat Stomach Homogenate, Female, Pregnant)	1	SPECIES
in vitro (Adenocarcinoma Cells, CMT-64, Transfected)	1	SPECIES
in vitro (Adenocarcinoma Cells, CMT-64)	1	SPECIES
in vitro (WIF-B Cells)	1	SPECIES
in vitro (Rat Ovary Mitochondria)	1	SPECIES
in vitro (Tree Shrew Intestine Microsomes)	1	SPECIES
in vitro (Tree Shrew Jejunum Perfusion)	1	SPECIES
in vitro (Mouse Ehrlich Ascites Cancer Cell Microsomes)	1	SPECIES
in vitro (Cattle Placenta Microsomes)	1	SPECIES
in vitro (Human Microsomes, Transfected)	1	SPECIES
in vitro (Human Breast Cancer Cells, MCF-7aro, Disrupted)	1	SPECIES
in vitro (Human Osteoblast Cells, SV-HFO)	1	SPECIES
in vitro (Human Ovary Granulosa-like Cells, KGN)	1	SPECIES
in vitro (Human Breast Cancer Cells Expressing Human Aromatase)	1	SPECIES
in vitro (Dog Breast Adipose Fibroblasts)	1	SPECIES
in vitro (Mouse Lung Tumor, Human MDA-MB-231 Cells Inoculated)	1	SPECIES
in vitro (Human Breast Cancer Cells, MCF-7, Tamoxifen-Resistance)	1	SPECIES
in vitro (Human Breast Cancer Cells, MCF-7, Estrogen-Deficient)	1	SPECIES
in vitro (HEK 293 Cell Homogenate Expressing Human Aromatase)	1	SPECIES
in vitro (Rat Testes, Diabetic)	1	SPECIES
in vitro (Rat Adrenal Glands, Diabetic)	1	SPECIES
in vitro (Rat Adrenal Glands, Male, Castrated, Diabetic)	1	SPECIES
in vitro (Rat Kidney, Male, Castrated, Diabetic)	1	SPECIES
in vitro (Rat Retina, Diabetic)	1	SPECIES
in vitro (Rat Retina, Male, Castrated, Diabetic)	1	SPECIES
in vitro (COS-1 Cell Microsomes Expressing Human CYP19)	1	SPECIES
in vitro (COS-1 Cell Microsomes Expressing Human CYP19-Arg128)	1	SPECIES
in vitro (Human Ovary Granulosa-Luteal Cell Microsomes)	1	SPECIES
in vitro (Human Ovary Granulosa-Luteal Cells)	1	SPECIES
in vitro (Pig Hypothalamus Microsomes, Male)	1	SPECIES
in vitro (Pig Hypothalamus Microsomes, Female)	1	SPECIES
in vitro (Pig Pituitary Microsomes, Male)	1	SPECIES
in vitro (Pig Pituitary Microsomes, Female)	1	SPECIES
in vitro (Pig Hypothalamus)	1	SPECIES
in vitro (Human Granulosa-like Tumor Cells, KGN)	1	SPECIES
in vitro (Bird Gonad, Swallow)	1	SPECIES
in vitro (Bird Brain, Swallow)	1	SPECIES
in vitro (Rat Adipose Microsomes, Ovariectomized)	1	SPECIES
in vitro (Rat Brain Microsomes, Ovariectomized)	1	SPECIES
in vitro (COS-7 Cells Expressing Mouse Aromatase)	1	SPECIES
in vitro (COS-7 Cells Expressing Mouse Aromatase, Mutant S118A)	1	SPECIES
in vitro (COS-7 Cells Expressing Mouse Aromatase, Mutant S118D)	1	SPECIES
in vitro (Human Adenocarcinoma Cells, MCF-7)	1	SPECIES
in vitro (Human Osteoblast Cells, SV-HFO, Fetal)	1	SPECIES
in vitro (Chicken Ovary Homogenate, Embryonic)	1	SPECIES
in vitro (Placenta Cells, JEG-3)	1	SPECIES
in vitro (Fish Ovary S9 Fraction)	1	SPECIES
in vitro (Human Preadipocytes, Male)	1	SPECIES
in vitro (Human Preadipocytes, Female)	1	SPECIES
in vitro (Mouse Prostate Microsomes, Male)	1	SPECIES
in vitro (Human Breast Cancer Cells, MCF-7, Transfected, Monolayer)	1	SPECIES
in vitro (Human Breast Cancer Cells, T-47D, Transfected, Monolayer)	1	SPECIES
in vitro (Human Breast Cancer Cell Spheroids, MCF-7, Transfected)	1	SPECIES
in vitro (Human Breast Tumor Fibroblasts)	1	SPECIES
in vitro (Human Breast Fibroblasts, Proximal to Tumor)	1	SPECIES
in vitro (Human Breast Carcinoma Cells, MCF-7 CA, Transfected)	1	SPECIES
in vitro (Human Ovary Epithelium Carcinoma Cells, BG1)	1	SPECIES
in vitro (Human Ovary Epithelium Carcinoma Cells, PEO14)	1	SPECIES
in vitro (Human Ovary Epithelium Carcinoma Cells, PEO4)	1	SPECIES
in vitro (Rat Carcinoma Cells, R2C)	1	SPECIES
in vitro (Sea Turtle Testis Cells, GST-TS)	1	SPECIES
in vitro (Human Breast Adipose Tissue Fibroblasts)	1	SPECIES
in vitro (Rat Ovary Supernatant, Female, Pregnant)	1	SPECIES
in vitro (Rat Brain Homogenate, Male, Fetal)	1	SPECIES
in vitro (Rat Brain Homogenate, Female, Fetal)	1	SPECIES
in vitro (Rat Brain Homogenate, Male, Neonatal)	1	SPECIES
in vitro (Rat Brain Homogenate, Female, Neonatal)	1	SPECIES
Mouse (Human Breast Cancer MCF-7 Cells Inoculated)	1	SPECIES
in vitro (Human Osteoblast-like Cells, Fetal)	1	SPECIES
in vitro (Human THP-1 Cells)	1	SPECIES
in vitro (Human Breast Cancer Cells, Female)	1	SPECIES
in vitro (Human Breast Fibroblasts, IL-6 and IL-6 Soluble Receptor Treate+	1	SPECIES
in vitro (Human Choriocarcinoma JAR Cell Microsomes)	1	SPECIES
in vitro (Human Macrophage-like THP-1 Cells)	1	SPECIES
in vitro (CHO Cells Expressing Pig Aromatase)	1	SPECIES
in vitro (Horse Testis Microsomes)	1	SPECIES
in vitro (Human Breast Stromal Fibroblasts, Female)	1	SPECIES
in vitro (Rat Brain Homogenate, Newborn)	1	SPECIES
in vitro (Human Hydatidiform Mole Microsomes)	1	SPECIES
in vitro (Bird Hypothalamus Homogenate, Quail)	1	SPECIES
in vitro (Human Breast Adipose Tissue)	1	SPECIES
in vitro (Human Breast Adipose Fibroblasts, Cultured)	1	SPECIES
in vitro (Rat Brain Preoptic Area Homogenate)	1	SPECIES
in vitro (Rat Brain Preoptic Area Supernatant)	1	SPECIES
in vitro (Rat Brain Hypothalamus Homogenate)	1	SPECIES
in vitro (Rat Brain Hypothalamus Supernatant)	1	SPECIES
in vitro (Rat Brain Amygdala Supernatant)	1	SPECIES
in vitro (Rat Brain Preoptic Area Synaptosomes)	1	SPECIES
in vitro (Rat Brain Hypothalamus Synaptosomes)	1	SPECIES
in vitro (Rat Brain Amygdala Synaptosomes)	1	SPECIES
Mouse (Female, Ovariectomized, MCF-7 Tumor Bearing)	1	SPECIES
in vitro (Human Prostate Cancer Cells Expressing Human AKR1C3)	1	SPECIES
in vitro (Human Prostate Cancer Cells, CWR22R)	1	SPECIES
in vitro (HEK 293 Cells Expressing AKR1C3)	1	SPECIES
in vitro (MCF-7 Cells Expressing Human 17beta-HSD5)	1	SPECIES
in vitro (Rat Testis Microsomes, 60 Days)	1	SPECIES
in vitro (Rat Testis Microsomes, 90 Days)	1	SPECIES
in vitro (Rat Granulosa Cells and Oocytes)	1	SPECIES
in vitro (Horse Placenta Microsomes)	1	SPECIES
in vitro (Bovine Ovary Microsomes)	1	SPECIES
in vitro (Rat Liver Microsomes, Phenobarbital Neonatal Treated)	1	SPECIES
in vitro (HEK 293 Cells Expressing Human Steroid 5alpha-Reductase)	1	SPECIES
in vitro (Human Prostate Hyperplasia Epithelium)	1	SPECIES
in vitro (Human Prostate Hyperplasia Stroma)	1	SPECIES
in vitro (Microsomes Expressing UGT1A9)	1	SPECIES
in vitro (Mouse Liver Microsomes, Nrf2-Deficient)	1	SPECIES
in vitro (Human Bronchoalveolar Epithelium Cells, A549)	1	SPECIES
in vitro (Human Bronchoalveolar Epithelium Cells, 16HBE)	1	SPECIES
in vitro (Mouse Epithelium Cells, mtCC1-2 Clara)	1	SPECIES
in vitro (Mouse Liver S9 Fraction, Fetal)	1	SPECIES
in vitro (Mouse Hepatoma Hepa 1c1c7 Cells Expressing Mouse CYP2E1)	1	SPECIES
in vitro (Mouse Hepatoma Hepa 1c1c7 Cells Expressing Mouse CYP1A2)	1	SPECIES
in vitro (Mouse NIH3T3 Cells)	1	SPECIES
in vitro (Mouse Liver Microsomes, High Fat Diet)	1	SPECIES
in vitro (Mouse Liver Microsomes, Glucose-6-phosphate Dehydrogenase-Defic+	1	SPECIES
in vitro (Minipig Liver Microsomes, Male)	1	SPECIES
in vitro (Minipig Liver Microsomes, Male, Castrated)	1	SPECIES
in vitro (Mouse Olfactory Mucosa Microsomes, Male, Wild-Type)	1	SPECIES
in vitro (Mouse Olfactory Mucosa Microsomes, Male, Cyp2g1-Null)	1	SPECIES
in vitro (Mouse Liver Microsomes, Male, Cyp2g1-Null)	1	SPECIES
in vitro (Mouse Kidney Microsomes, Male, Wild-Type)	1	SPECIES
in vitro (Mouse Kidney Microsomes, Male, Cyp2g1-Null)	1	SPECIES
in vitro (Mouse Olfactory Mucosa Microsomes, Female, Wild-Type)	1	SPECIES
in vitro (Mouse Olfactory Mucosa Microsomes, Female, Cyp2g1-Null)	1	SPECIES
in vitro (Mouse Kidney Microsomes, Female, Wild-Type)	1	SPECIES
in vitro (Mouse Kidney Microsomes, Female, Cyp2g1-Null)	1	SPECIES
in vitro (Lymphoblastoid Cells, Transfected)	1	SPECIES
in vitro (B-Lymphoblastoid Cells, Transfected)	1	SPECIES
in vitro (Rat Breast Microsomes, Female, Pregnant)	1	SPECIES
in vitro (Rat Breast Microsomes, Female, Lactating)	1	SPECIES
in vitro (Human Intestine Caco-2 Cells Expressing CYP2A6)	1	SPECIES
in vitro (Mouse Cytochrome P450)	1	SPECIES
in vitro (Human Breast Epithelium Cells, MCF-12A, pSP6-Transfected)	1	SPECIES
in vitro (Human Breast Epithelium Cells, MCF-12A, pSP8-Transfected)	1	SPECIES
in vitro (Human Breast Epithelium Cancer Cells, MCF-7, pSP6-Transfected)	1	SPECIES
in vitro (Human Breast Epithelium Cancer Cells, MCF-7, pSP8-Transfected)	1	SPECIES
in vitro (Human Breast Epithelium Cancer Cells, MDA-MB-231, pSP6-Transfec+	1	SPECIES
in vitro (Human Breast Epithelium Cancer Cells, MDA-MB-231, pSP8-Transfec+	1	SPECIES
in vitro (Mouse Tumor, Human Colon Xenograft)	1	SPECIES
in vitro (Mouse Tumor, Human Pancreas Xenograft)	1	SPECIES
in vitro (Mouse Tumor, Human Lung Xenograft)	1	SPECIES
in vitro (Mouse Tumor, Human Ovary Xenograft)	1	SPECIES
in vitro (U373MG Cells Expressing Rabbit Carboxylesterase)	1	SPECIES
in vitro (U373MG Cells)	1	SPECIES
in vitro (Human Glioblastoma Cells, A-172)	1	SPECIES
in vitro (Human Liver Tumor Cytosol)	1	SPECIES
in vitro (Human Liver Tumor S9 Fraction)	1	SPECIES
in vitro (Human Colon Tumor S9 Fraction)	1	SPECIES
in vitro (Rat Serum Carboxylesterase)	1	SPECIES
in vitro (Hep G2 Cells Expressing Human CYP2F1)	1	SPECIES
in vitro (Hep G2 Cells Expressing Human CYP2B7)	1	SPECIES
in vitro (Mouse Liver, Chimeric, Humanized Liver)	1	SPECIES
in vitro (Penguin Liver Microsomes)	1	SPECIES
in vitro (Green Monkey COS-7 Cell Microsomes Expressing Human CYP1A1)	1	SPECIES
in vitro (Green Monkey COS-7 Cell Microsomes Expressing Human CYP1A2)	1	SPECIES
in vitro (Rat Everted Jejunum Ring)	1	SPECIES
in vitro (Rat Everted Ileum Ring)	1	SPECIES
in vitro (Human Lymphoblastoma Microsomes Expressing Human CYP3A4)	1	SPECIES
in vitro (Human Lymphoblastoma Microsomes Expressing Human CYP1A2)	1	SPECIES
in vitro (Human Lymphoblastoma Microsomes Expressing Human CYP2C9)	1	SPECIES
in vitro (Human Lymphoblastoma Microsomes Expressing Human FMO3)	1	SPECIES
in vitro (Rat Striatum Neurons, Embryonic, Transfected)	1	SPECIES
in vitro (Guinea Pig Epidermis Supernatant, UV-Irradiated)	1	SPECIES
in vitro (Mouse Melanoma Supernatant)	1	SPECIES
in vitro (Human Melanoma Cells, HM3KO)	1	SPECIES
in vitro (Mouse Melanocyte Cell Lysate, Mel-Ab)	1	SPECIES
in vitro (Human Melanocytes)	1	SPECIES
in vitro (Human Hepatoma Cells Expressing Human Phenol Sulfotransferase)	1	SPECIES
in vitro (Mouse Melanoma Cell Post-Nuclear Fraction, B16)	1	SPECIES
in vitro (Rat Liver Microsomes, F344, Male)	1	SPECIES
in vitro (Rat Liver Microsomes, F344, Female)	1	SPECIES
Human (Severe Acne Patients)	1	SPECIES
in vitro (Rat Everted Jejunum Sac, Mrp2-Deficient)	1	SPECIES
in vitro (Rat Jejunum Fluid)	1	SPECIES
in vitro (Rat Cecum Fluid)	1	SPECIES
in vitro (Rat Duodenum Fluid)	1	SPECIES
Human (Chronic Pancreatitis Patients)	1	SPECIES
in vitro (Human Oral Fluid)	1	SPECIES
in vitro (Human Liver Cells, THLE-2)	1	SPECIES
in vitro (Human Serum, Hematologic Disease Patients)	1	SPECIES
in vitro (Human Kidney 293 Cells Expressing Human UGT2B7(H268))	1	SPECIES
in vitro (Human Kidney 293 Cells Expressing Human UGT2B7(Y268))	1	SPECIES
in vitro (Human Kidney 293 Cells Expressing UGT Isoenzymes)	1	SPECIES
in vitro (Mouse Abdominal Aorta)	1	SPECIES
in vitro (Rat Buccal Gingiva Homogenate)	1	SPECIES
in vitro (Rat Hypothalamus Supernatant, Female, Lactating)	1	SPECIES
in vitro (Rat Kidney Cortex Membranes)	1	SPECIES
in vitro (Rat Kidney Cortex Soluble Fraction)	1	SPECIES
in vitro (Rat Cortex Neurons, Fetal)	1	SPECIES
in vitro (Rat Hypothalamus, Hypertensive)	1	SPECIES
in vitro (Human Kidney Cancer Cell Supernatant, 786-O)	1	SPECIES
in vitro (Rat Kidney Medulla Cytosol)	1	SPECIES
in vitro (Rat Kidney Medulla Plasma Membranes)	1	SPECIES
in vitro (Rat Kidney Medulla Intracellular Membranes)	1	SPECIES
in vitro (Rat Mesenteric Vascular Bed)	1	SPECIES
in vitro (Hamster Cheek Pouch Homogenate)	1	SPECIES
in vitro (Human Platelets, Heart Failure Patients)	1	SPECIES
in vitro (Mouse Spinal Cord Slices)	1	SPECIES
in vitro (Mouse Cerebellum Slices)	1	SPECIES
in vitro (Rat Penis Supernatant)	1	SPECIES
in vitro (Bovine Aorta Endothelial Cell Membranes)	1	SPECIES
in vitro (Mouse Hypothalamus Cytosol)	1	SPECIES
in vitro (Mouse Hypothalamus Cytosol, Fasted)	1	SPECIES
in vitro (Rat Aorta, Female, Ovariectomized)	1	SPECIES
in vitro (Bull Adrenal Medulla Endothelial Cells)	1	SPECIES
in vitro (Mouse Brain Homogenate, C57BL/6)	1	SPECIES
in vitro (Mouse Brain Homogenate, DBA/2)	1	SPECIES
in vitro (Mouse Macrophage RAW 264.7 Cell Supernatant)	1	SPECIES
in vitro (Rat Hipothalamus Cytosol)	1	SPECIES
in vitro (Rat Hipothalamus Membranes)	1	SPECIES
in vitro (Rat Pituitary Cells)	1	SPECIES
in vitro (Murine Heart Muscle Cell Lysate, H9c2)	1	SPECIES
in vitro (Rat Parotid Gland Slices)	1	SPECIES
in vitro (Rabbit Bladder Detrusor Homogenate)	1	SPECIES
in vitro (Rabbit Bladder Trigone Homogenate)	1	SPECIES
in vitro (Rabbit Urethra Homogenate)	1	SPECIES
in vitro (Rat Hypothalamus, Male, Peripubertal)	1	SPECIES
in vitro (Rat Hypothalamus, Male, Prepubertal)	1	SPECIES
in vitro (Rabbit Heart Homogenate, Infarcted)	1	SPECIES
in vitro (Human Coronary Artery Endothelial Cells, Cultured)	1	SPECIES
in vitro (Rat Colon Epithelium Cells)	1	SPECIES
in vitro (Human Umbilical Vein Endothelial Cell Microsomes)	1	SPECIES
in vitro (Mouse RAW Cells)	1	SPECIES
in vitro (Bovine Heart Endothelial Cells)	1	SPECIES
in vitro (Murine Macrophages)	1	SPECIES
in vitro (Chinese Hamster Ovary K1 Cells Expressing Bovine NOSIII)	1	SPECIES
in vitro (Human Kidney 293 Cells Expressing Bovine NOSIII, Embryonic)	1	SPECIES
in vitro (Human Endothelial EA.hy926 Cells Expressing Bovine NOSIII)	1	SPECIES
in vitro (Hamster Ovary Cells Expressing Human Nitric Oxide Synthase)	1	SPECIES
in vitro (Mouse RAW 264.7 Cell Homogenate)	1	SPECIES
in vitro (Human Ovary Tumor Supernatant)	1	SPECIES
in vitro (Rat Penis Cytosol)	1	SPECIES
in vitro (Rat Pituitary GH3 Cells, Lysed)	1	SPECIES
in vitro (Mouse Macrophage Cell Cytosol)	1	SPECIES
in vitro (Bovine Lung Endothelial Cell Cytosol)	1	SPECIES
in vitro (Bovine Lung Endothelial Cells)	1	SPECIES
in vitro (Rat Proximal Tubules)	1	SPECIES
in vitro (Bovine Pulmonary Endothelial Cells)	1	SPECIES
in vitro (Mouse Cell Culture)	1	SPECIES
in vitro (Mouse Spleen Macrophages, Ehrlich Ascites Tumor Bearing)	1	SPECIES
in vitro (Mouse Peritoneal Macrophages, Ehrlich Ascites Tumor Bearing)	1	SPECIES
in vitro (Human Red Blood Cells, Hypertensive Patients)	1	SPECIES
in vitro (Human Plasma, Hypertensive Patients)	1	SPECIES
in vitro (Mouse Lung Homogenate, Asthma-Induced)	1	SPECIES
in vitro (Rat Polymorphonuclear Leukocytes, Bronchoalveolar, Silica Treat+	1	SPECIES
in vitro (Opossum Liver Homogenate)	1	SPECIES
in vitro (Opossum Muscle Homogenate)	1	SPECIES
in vitro (Opossum Brain Homogenate)	1	SPECIES
in vitro (Opossum Intestine Homogenate)	1	SPECIES
in vitro (Pig Jejunum Intraepithelial Lymphocytes)	1	SPECIES
in vitro (Rabbit Abdominal Aorta Supernatant)	1	SPECIES
in vitro (Bovine Thoracic Aorta Endothelial Cells)	1	SPECIES
in vitro (Mouse Brain Submitochondrial Membranes)	1	SPECIES
in vitro (Murine Peritoneal Macrophages)	1	SPECIES
in vitro (Murine RAW 264.7 Cells)	1	SPECIES
in vitro (Human Keratinocyte Microsome Membranes)	1	SPECIES
in vitro (Human Breast Epidermis)	1	SPECIES
in vitro (Human Hepatocellular Carcinoma Cells, Hep G2, Transfected)	1	SPECIES
in vitro (COS-7 Cell S9 Fraction Expressing Human CYP2C9)	1	SPECIES
in vitro (COS-7 Cell S9 Fraction Expressing Human CYP2C9, Mutant)	1	SPECIES
in vitro (Human AHH-1 Lymphoblastoid Cells, Transfected)	1	SPECIES
in vitro (Human AHH-1 Lymphoblastoid Cells)	1	SPECIES
in vitro (Human Liver Microsomes Expressing CYP2C9)	1	SPECIES
in vitro (Human Liver Epithelium Cells Expressing Human CYP Isoenzyme)	1	SPECIES
in vitro (HEK 293 Cells Expressing Human UGT2B1)	1	SPECIES
in vitro (HEK 293 Cell Homogenate Expressing Human 3beta-Hydroxysteroid D+	1	SPECIES
in vitro (Human Prostate Cancer LNCaP Cells Expressing Human AKR1C2)	1	SPECIES
in vitro (Human Cultured Leukemia Cells)	1	SPECIES
in vitro (Human Lymphoblast Cells Expressing CYP1A1)	1	SPECIES
in vitro (Human Kidney 293FT Cells Expressing Human CYP2C19*1)	1	SPECIES
in vitro (Human Kidney 293FT Cells Expressing Human CYP2C19*3)	1	SPECIES
in vitro (Mouse Liver Microsomes, Male, Transgenic, Human CYP2C18/CYP2C19+	1	SPECIES
in vitro (Mouse Liver Microsomes, Female, Transgenic, Human CYP2C18/CYP2C+	1	SPECIES
in vitro (Mouse Liver Microsomes, Male, Transgenic)	1	SPECIES
in vitro (Mouse Liver Microsomes, Female, Transgenic)	1	SPECIES
in vitro (Human B-Lymphoblastoid Cells Expressing CYP2C19)	1	SPECIES
in vitro (Human Lung Adenocarcinoma Cell Nuclei, A549)	1	SPECIES
in vitro (Rat Liver Endothelial Cells)	1	SPECIES
in vitro (Rat Liver Endothelial Cells, NP-26)	1	SPECIES
in vitro (Human Kidney 293T Cells Expressing Human UGT1A4)	1	SPECIES
in vitro (Hep G2 Cells Expressing ERalpha)	1	SPECIES
Human (Female, Pregnant, Epilepsy Patients)	1	SPECIES
in vitro (Human Kidney HEK 293 Cell Supernatant, Embryonic, Transfected)	1	SPECIES
Crayfish (Procambarus clarki)	1	SPECIES
in vitro (Human T-Lymphoblastoma Cells, Jurkat)	1	SPECIES
in vitro (Human B-Cells, RPMI 8866)	1	SPECIES
in vitro (Carcinoma Cells, UM-SCC-35)	1	SPECIES
in vitro (Human Lymphoblast Microsomes Expressing Human CYP1A1)	1	SPECIES
in vitro (Human Lymphoblast Microsomes Expressing Human CYP4A11)	1	SPECIES
in vitro (Human Kidney 293 Cells Expressing Human CYP2C9, Embryonic)	1	SPECIES
in vitro (Human Kidney 293 Cells Expressing Human CYP3A4, Embryonic)	1	SPECIES
in vitro (Human Kidney 293 Cells Expressing Human CYP3A5, Embryonic)	1	SPECIES
in vitro (Human AHH-1 Cell Microsomes Expressing Human CYP1A1)	1	SPECIES
in vitro (Human AHH-1 Cell Microsomes Expressing Human CYP1A2)	1	SPECIES
in vitro (Human AHH-1 Cell Microsomes Expressing Human CYP2A6)	1	SPECIES
in vitro (Human AHH-1 Cell Microsomes Expressing Human CYP2B6)	1	SPECIES
in vitro (Human AHH-1 Cell Microsomes Expressing Human CYP2C8)	1	SPECIES
in vitro (Human AHH-1 Cell Microsomes Expressing Human CYP2C9)	1	SPECIES
in vitro (Human AHH-1 Cell Microsomes Expressing Human CYP2C19)	1	SPECIES
in vitro (Human AHH-1 Cell Microsomes Expressing Human CYP2D6)	1	SPECIES
in vitro (Human AHH-1 Cell Microsomes Expressing Human CYP2E1)	1	SPECIES
in vitro (Human AHH-1 Cell Microsomes Expressing Human CYP3A4)	1	SPECIES
in vitro (Human AHH-1 Cell Microsomes Expressing Human CYP4A11)	1	SPECIES
in vitro (Mouse Cells, AB1, Wild-Type, Embryonic)	1	SPECIES
in vitro (Mouse Cells, AB1, CRABPI Knockout, Embryonic)	1	SPECIES
in vitro (Human Adrenal Microsomes)	1	SPECIES
in vitro (Human Cumulus Cells)	1	SPECIES
in vitro (Shark Spermatocyst Microsomes)	1	SPECIES
in vitro (Hamster Adrenal Microsomes)	1	SPECIES
in vitro (Human Breast Adipose Stromal Cells, Cultured)	1	SPECIES
in vitro (Hep G2 Cell Cytosol, LXRalpha Transfected)	1	SPECIES
in vitro (Hep G2 Cell Cytosol, VP-LXRalpha Transfected)	1	SPECIES
in vitro (Human Breast Cancer Cell Nuclei, T-47D)	1	SPECIES
in vitro (Human Astrocytoma Cell Cytosol)	1	SPECIES
in vitro (Human Glioblastoma Cell Cytosol)	1	SPECIES
in vitro (Human Meningioma Cell Cytosol)	1	SPECIES
in vitro (Human Pituitary Adenoma Cell Cytosol)	1	SPECIES
in vitro (COS-1 Cells Expressing Human SULT2A1)	1	SPECIES
in vitro (Human Stomach Mucosa)	1	SPECIES
in vitro (Human Liver Tissue)	1	SPECIES
in vitro (Rat Adrenal Cortex Homogenate, Male, Neonatal)	1	SPECIES
in vitro (Rat Adrenal Cortex Homogenate, Female, Neonatal)	1	SPECIES
in vitro (Frog Kidney Cells, Xenopus Laevis)	1	SPECIES
in vitro (Chinese Hamster V79 Cells Expressing Human CYP11B2)	1	SPECIES
in vitro (Chinese Hamster V79 Cells Expressing Human CYP11B1)	1	SPECIES
in vitro (Rat Ileum Slices)	1	SPECIES
in vitro (Rat Cecum Slices)	1	SPECIES
in vitro (Rat Jejunum Slices)	1	SPECIES
in vitro (Rat Renal Cortical Collecting Duct Cells, Transfected)	1	SPECIES
in vitro (Mouse Kidney Cells, M1)	1	SPECIES
in vitro (Osteoblast Cells, ROS 17/2.8, Transfected)	1	SPECIES
in vitro (Human Breast Cancer Cells, PMC42)	1	SPECIES
in vitro (Sheep Kidney Nuclei)	1	SPECIES
in vitro (Sheep Kidney Mitochondria)	1	SPECIES
in vitro (Sheep Kidney Cytosol)	1	SPECIES
in vitro (Human Choriocarcinoma JEG-3 Cells, Cultured)	1	SPECIES
in vitro (Human Choriocarcinoma JEG-3 Cell Homogenate)	1	SPECIES
in vitro (Human Choriocarcinoma JEG-3 Cell Nuclei)	1	SPECIES
in vitro (Human Choriocarcinoma JEG-3 Cell Mitochondria)	1	SPECIES
in vitro (Human Choriocarcinoma JEG-3 Cell Microsomes)	1	SPECIES
in vitro (Rat Anterior Pituitary Gland Homogenate, Adrenalectomized)	1	SPECIES
in vitro (Rat Aorta Smooth Muscle Homogenate)	1	SPECIES
in vitro (Rat Heart, Neonatal)	1	SPECIES
in vitro (Rat Adrenal Gland Homogenate, Neonatal)	1	SPECIES
in vitro (Monkey Lung)	1	SPECIES
in vitro (Dog Small Intestine)	1	SPECIES
in vitro (Dog Lung)	1	SPECIES
in vitro (Guinea Pig Small Intestine)	1	SPECIES
in vitro (Human Astrocytoma Cell Microsomes)	1	SPECIES
in vitro (Human Glioblastoma Cell Microsomes)	1	SPECIES
in vitro (Human Meningioma Cell Microsomes)	1	SPECIES
in vitro (Human Pituitary Adenoma Cell Microsomes)	1	SPECIES
in vitro (Monkey Kidney COS-1 Cells Expressing Steroid Sulfatase)	1	SPECIES
in vitro (Human Brain Microglia Cells, Fetal)	1	SPECIES
in vitro (Gerbil Lung Slices)	1	SPECIES
in vitro (Gerbil Brain Slices)	1	SPECIES
in vitro (Human Brain Microglia, Fetal)	1	SPECIES
in vitro (Rat Brain Cortex Slices)	1	SPECIES
in vitro (Rat Liver Nicotinamide Methyltransferase)	1	SPECIES
Rat (Fischer CDF)	1	SPECIES
in vitro (Human Liver Cytochrome P4501A2)	1	SPECIES
in vitro (Human Liver Cytochrome P4503A4)	1	SPECIES
Human (Rural)	1	SPECIES
Human (Urban)	1	SPECIES
in vitro (Bovine Mammary Epithelium Cells, BME-UV1)	1	SPECIES
Human (Dockers)	1	SPECIES
in vitro (Human Bronchial Epithelium Cell Cytosol Expressing Human CYP3A4+	1	SPECIES
in vitro (Human Bronchial Epithelium Cell Cytosol Expressing Human CYP1A2+	1	SPECIES
in vitro (Guinea Pig Gastric Cells)	1	SPECIES
in vitro (Guinea Pig Intestine Cells)	1	SPECIES
in vitro (Guinea Pig Colon Cells)	1	SPECIES
in vitro (Rat Striatum Astrocytes, Cultured)	1	SPECIES
in vitro (Human Epidermis, Reconstructed)	1	SPECIES
in vitro (Human Erythrocytes, Inflammatory Bowel Disease Patients)	1	SPECIES
in vitro (Human Hepatoma Cell Supernatant, Hep G2)	1	SPECIES
in vitro (Human Melanoma Cells, CAL1)	1	SPECIES
in vitro (Human Melanoma Cells, CAL1, Vincristine Resistent)	1	SPECIES
in vitro (Human Melanoma Cells, CAL1, Vindesine Resistent)	1	SPECIES
in vitro (Human Melanoma Cells, CAL1, Vinorelbine Resistent)	1	SPECIES
in vitro (Mouse Liver Homogenate, Transgenic, Expressing HCV Protein)	1	SPECIES
in vitro (Fish Cells, Embryonic, CHSE-214)	1	SPECIES
in vitro (Rat Testis Supernatant, Diabetic)	1	SPECIES
in vitro (Rat Heart, Renal Ischemia-Reperfusion Injury)	1	SPECIES
in vitro (Fish Liver Supernatant, Pale Chub)	1	SPECIES
in vitro (Fish Muscle Supernatant, Pale Chub)	1	SPECIES
in vitro (Fish Gill Supernatant, Pale Chub)	1	SPECIES
in vitro (Human Colorectal Adenocarcinoma)	1	SPECIES
in vitro (Human Colorectal Mucosa)	1	SPECIES
in vitro (Mouse Bone Marrow Cell Supernatant)	1	SPECIES
in vitro (Rat Liver Supernatant, Wistar)	1	SPECIES
in vitro (Rat Kidney Supernatant, Wistar)	1	SPECIES
in vitro (Rat Brain Supernatant, Wistar)	1	SPECIES
in vitro (Rat Heart Supernatant, Wistar)	1	SPECIES
in vitro (Rat Spleen Supernatant, Wistar)	1	SPECIES
in vitro (Rat Liver Supernatant, Norway)	1	SPECIES
in vitro (Rat Kidney Supernatant, Norway)	1	SPECIES
in vitro (Rat Brain Supernatant, Norway)	1	SPECIES
in vitro (Rat Heart Supernatant, Norway)	1	SPECIES
in vitro (Rat Spleen Supernatant, Norway)	1	SPECIES
in vitro (Sheep Liver Supernatant)	1	SPECIES
in vitro (Rat Liver Homogenate, Germ-free)	1	SPECIES
in vitro (Rat Liver Homogenate, Germ-free, Lignan-Converting Bacteria Col+	1	SPECIES
in vitro (Rat Plasma, Germ-free)	1	SPECIES
in vitro (Rat Plasma, Germ-free, Lignan-Converting Bacteria Colonized)	1	SPECIES
in vitro (Rat Lymphocyte Cytosol)	1	SPECIES
in vitro (Fish Hepatocyte Post-Mitochondrial Fraction)	1	SPECIES
in vitro (Fish Cytosol)	1	SPECIES
in vitro (Rat Kidney Supernatant, Female, Pregnant)	1	SPECIES
in vitro (Rat Liver Cytosol, Sprague-Dawley)	1	SPECIES
in vitro (Rat Liver Cytosol, Fischer CDF)	1	SPECIES
in vitro (Human Breast Cancer Cell Supernatant, MDA-MB-231)	1	SPECIES
in vitro (Mouse Cervix Supernatant)	1	SPECIES
in vitro (Rat Liver, Renal Ischemia-Reperfusion Injury)	1	SPECIES
in vitro (Deer Liver Cytosol)	1	SPECIES
in vitro (Rat Brain Post-Mitochondrial Fraction, Irradiated)	1	SPECIES
in vitro (Toad Serum)	1	SPECIES
in vitro (Toad Brain Supernatant)	1	SPECIES
in vitro (Toad Gastrointestinal Tract Supernatant)	1	SPECIES
in vitro (Sheep Duodenum Cytosol)	1	SPECIES
in vitro (Sheep Jejunum Cytosol)	1	SPECIES
in vitro (Sheep Ileum Cytosol)	1	SPECIES
in vitro (Human Glioblastoma Cell Lysate, T98G)	1	SPECIES
in vitro (Mouse Small Intestine Cytosol, Male)	1	SPECIES
in vitro (Mouse Small Intestine Cytosol, Female)	1	SPECIES
in vitro (Mouse Colon Cytosol, Male)	1	SPECIES
in vitro (Mouse Colon Cytosol, Female)	1	SPECIES
in vitro (Rat Jejunum Enterocyte Cytosol)	1	SPECIES
in vitro (Rat Intestine Mucosa S9 Fraction)	1	SPECIES
in vitro (Rat Heart Muscle Cytosol)	1	SPECIES
in vitro (Rat Pancreas Post-Mitochondrial Fraction, Diabetic)	1	SPECIES
in vitro (Mouse Liver Homogenate, BALB/cAJ)	1	SPECIES
in vitro (Mouse Liver Homogenate, CB7BL/6J)	1	SPECIES
in vitro (Mouse Liver Homogenate, DBA/2J)	1	SPECIES
in vitro (LLC-PK1 Cell Microsomes)	1	SPECIES
in vitro (Fish Liver Homogenate, Flounder)	1	SPECIES
in vitro (Fish Liver Cytosol, Crucian)	1	SPECIES
in vitro (Rat Brain Supernatant, Diabetic)	1	SPECIES
in vitro (Rat Heart Supernatant, Diabetic)	1	SPECIES
in vitro (Hamster Lung Fibroblast Cell Lysate, V79MZ)	1	SPECIES
in vitro (Mouse Plasma, Ehrlich Ascites Carcinoma Bearing)	1	SPECIES
in vitro (COS-1 Cell Supernatant, Transfected)	1	SPECIES
in vitro (Fish Liver Cytosol, Male)	1	SPECIES
in vitro (Fish Liver Cytosol, Female)	1	SPECIES
in vitro (Fish Cytosol, Yolk-Sac Fry)	1	SPECIES
in vitro (Fish Liver Supernatant, Goldfish)	1	SPECIES
in vitro (Fish Embryo Supernatant, Carp)	1	SPECIES
in vitro (Fish Liver Cytosol, Trematomus Bernacchii)	1	SPECIES
in vitro (Human Breast Carcinoma Cell Microsomes, MCF-7, Transfected)	1	SPECIES
in vitro (Rat Muscle Homogenate, Stressed)	1	SPECIES
in vitro (Mouse Liver Supernatant, GST A4-4 Knockout)	1	SPECIES
in vitro (Fish Embryo Soluble Fraction)	1	SPECIES
in vitro (Mouse Liver Supernatant, Fetal)	1	SPECIES
in vitro (Mouse Lung Supernatant, Fetal)	1	SPECIES
in vitro (Mouse Liver Mitochondria, Gstk1(-/-))	1	SPECIES
in vitro (Human Colon Adenoma Cells, HT-29)	1	SPECIES
in vitro (Rat Jejunum Loop Perfusion)	1	SPECIES
in vitro (Rat Ileum Perfusion, Eisai Hyperbilirubinemic)	1	SPECIES
in vitro (Human Head and Neck Cancer Cell Lysate, SQ20b)	1	SPECIES
in vitro (Fish Head Kidney Cytosol)	1	SPECIES
in vitro (Fish Spleen Cytosol)	1	SPECIES
in vitro (Rat Liver Slice Homogenate)	1	SPECIES
in vitro (HT-29 Cell Cytosol)	1	SPECIES
in vitro (Rat Intestine Cytosol, Partially Hepatectomized)	1	SPECIES
in vitro (Mouse Liver Cytosol, C57BL/6J)	1	SPECIES
in vitro (Mouse Kidney Cytosol, C57BL/6J)	1	SPECIES
in vitro (Mouse Liver Cytosol, DBA/2J)	1	SPECIES
in vitro (Dog Liver Cytosol, Male)	1	SPECIES
in vitro (Dog Liver Cytosol, Female)	1	SPECIES
in vitro (Mouse Liver Supernatant, Neonatal)	1	SPECIES
in vitro (Mouse Liver Supernatant, Adult)	1	SPECIES
in vitro (Mouse Liver Supernatant, Adult, Partially Hepatectomized)	1	SPECIES
in vitro (Human Cholangiocarcinoma Cells, HuCCT1)	1	SPECIES
in vitro (Mouse Tumor Cytosol, Human Cholangiocarcinoma Cells Inoculated)	1	SPECIES
in vitro (Human Colon Fibroblasts)	1	SPECIES
in vitro (Human Intestine Cells, 407)	1	SPECIES
in vitro (Rat Testis Interstitial Cells)	1	SPECIES
in vitro (Mouse Liver Cells, BNLCL.2, Embryonic)	1	SPECIES
in vitro (Mouse Adenocortical Tumor Cells, Y-1)	1	SPECIES
in vitro (Hamster Fibroblast Cells, V79, Transfected)	1	SPECIES
in vitro (Polecat Liver Microsomes, Male)	1	SPECIES
in vitro (Polecat Liver Microsomes, Female)	1	SPECIES
in vitro (Polecat Liver Cytosol)	1	SPECIES
in vitro (Polecat Kidney Cytosol)	1	SPECIES
in vitro (Bird Liver Cytosol)	1	SPECIES
in vitro (Seal Liver Cytosol)	1	SPECIES
in vitro (Human Prostate Epithelium Cells, RWPE-1)	1	SPECIES
in vitro (Mouse Skin Post-Mitochondrial Fraction, Low Iron State)	1	SPECIES
in vitro (Rat Skin Homogenate, Dark Agouti)	1	SPECIES
in vitro (Rat Skin Homogenate, Wistar)	1	SPECIES
in vitro (Mullet Liver Cytosol)	1	SPECIES
in vitro (Rat Kupffer Cell Homogenate)	1	SPECIES
in vitro (Human Bronchial Epithelium Cell Cytosol)	1	SPECIES
in vitro (Mink Liver Cytosol)	1	SPECIES
in vitro (Brown Trout Gills)	1	SPECIES
in vitro (Brown Trout Liver)	1	SPECIES
in vitro (Duck Kidney Cytosol)	1	SPECIES
in vitro (Rat Liver Supernatant, Dietary Protein-Deficient)	1	SPECIES
in vitro (Human Gastrointestinal Mucosa)	1	SPECIES
in vitro (Rat Hepatoma Cell Cytosol, Fa32)	1	SPECIES
in vitro (Human 3T3/pc Cells, Transfected)	1	SPECIES
in vitro (Human 3T3/pi Cells, Transfected)	1	SPECIES
in vitro (Human 3T3/GCS/pi Cells, Transfected)	1	SPECIES
in vitro (Human 3T3/MRP Cells, Transfected)	1	SPECIES
in vitro (Human 3T3/MRP/pi Cells, Transfected)	1	SPECIES
in vitro (Human 3T3/MRP/GCS/pi Cells, Transfected)	1	SPECIES
in vitro (Rat Liver Supernatant, Hepatoma 27 Transplanted)	1	SPECIES
in vitro (Rat Liver Microsomes, Hepatoma 27 Transplanted)	1	SPECIES
in vitro (Rat Tumor Supernatant, Hepatoma 27 Subcutaneously Transplanted)	1	SPECIES
in vitro (Rat Tumor Microsomes, Hepatoma 27 Subcutaneously Transplanted)	1	SPECIES
in vitro (Rat Tumor Supernatant, Hepatoma 27 Intrahepatic Transplanted)	1	SPECIES
in vitro (Rat Tumor Microsomes, Hepatoma 27 Intrahepatic Transplanted)	1	SPECIES
in vitro (Rat Liver Supernatant, Pancreatitis-Induced)	1	SPECIES
in vitro (Rat Lung Alveolar Epithelium Cells, Cultured)	1	SPECIES
in vitro (Rat Skin Post-Mitochondrial Fraction, Neonatal)	1	SPECIES
in vitro (Pig Skin Post-Mitochondrial Fraction)	1	SPECIES
in vitro (Human Plasma, Parkinson's Disease Patients)	1	SPECIES
in vitro (Salamander Erythrocytes)	1	SPECIES
in vitro (Rat Eye Homogenate)	1	SPECIES
in vitro (Mouse Liver Cytosol, Lean)	1	SPECIES
in vitro (Mouse Liver Cytosol, ob/ob)	1	SPECIES
in vitro (Human MCF-7 Cells Expressing GST P1-1 and/or Multidrug Resistan+	1	SPECIES
in vitro (Breast Carcinoma MCF7/WT Cell Cytosol)	1	SPECIES
in vitro (Breast Carcinoma MCF7/VP Cell Cytosol)	1	SPECIES
in vitro (Rat Kidney Carcinoma Cells)	1	SPECIES
in vitro (Human Kidney Cortex Cytosol)	1	SPECIES
in vitro (Human Breast Carcinoma Cells Expressing Human GST A1-1, MCF-7)	1	SPECIES
in vitro (Human Breast Carcinoma Cells Expressing Human GST M1-1, MCF-7)	1	SPECIES
in vitro (Human Breast Carcinoma Cells Expressing Human GST P1-1, MCF-7)	1	SPECIES
in vitro (Rat Intestine Epithelium Cytosol)	1	SPECIES
in vitro (Rat Intestine Epithelium Cytosol, Regenerated)	1	SPECIES
in vitro (Human Prostate Cancer Cell Line)	1	SPECIES
in vitro (Human Benign Prostate Cancer Cells)	1	SPECIES
in vitro (Human Malignant Prostate Cancer Cells)	1	SPECIES
in vitro (Human Prostate Xenograft Tumor Cells)	1	SPECIES
in vitro (Human Prostate Cancer Tissue)	1	SPECIES
in vitro (Hamster Ovary Cell Cytosol)	1	SPECIES
in vitro (Monkey Fibroblast-like Cell Line COS-1 Microsomes)	1	SPECIES
in vitro (Monkey Fibroblast-like Cell Line COS-1 Cytosol)	1	SPECIES
in vitro (Rat Mucosa Cytosol)	1	SPECIES
in vitro (Rat Skin Homogenate, Neonatal)	1	SPECIES
in vitro (Human Lung Cytosol, Cancer Patients)	1	SPECIES
in vitro (Human Lung Cytosol, Non-Smoker)	1	SPECIES
in vitro (Human Lung Cytosol, Smoker)	1	SPECIES
in vitro (Human Lung Cytosol, GST M1 Gene Positive)	1	SPECIES
in vitro (Human Lung Cytosol, GST M1 Gene Negative)	1	SPECIES
in vitro (Monkey COS Cells Expressing Rat Liver Glutathione Transferase)	1	SPECIES
in vitro (Human Liver Carcinoma Cytosol)	1	SPECIES
in vitro (Rat Liver Cytosol, Food Restricted)	1	SPECIES
in vitro (Rat Liver Cytosol, Newborn)	1	SPECIES
in vitro (Rat Liver Cytosol, Adult)	1	SPECIES
in vitro (Human Sigmoid Cytosol)	1	SPECIES
in vitro (Mouse Lung Airway Homogenate)	1	SPECIES
in vitro (Mouse Lung Parenchyma Homogenate)	1	SPECIES
in vitro (Mouse Pulmonary Artery Homogenate)	1	SPECIES
in vitro (Mouse Pulmonary Vein Homogenate)	1	SPECIES
in vitro (Rabbit Bladder Epithelium Cells)	1	SPECIES
in vitro (Guinea Pig Bladder Epithelium Cells)	1	SPECIES
in vitro (Hamster Bladder Epithelium Cells)	1	SPECIES
in vitro (Dog Bladder Epithelium Cells)	1	SPECIES
in vitro (Mouse Liver Cytosol, Female, Pregnant)	1	SPECIES
in vitro (Rat Liver Cytosol, Female, 3-12 Months)	1	SPECIES
in vitro (Toad Liver Microsomes)	1	SPECIES
in vitro (Rat Thymus Cytosol)	1	SPECIES
in vitro (Hamster Fibroblast Cells, V79-171b)	1	SPECIES
in vitro (Hamster Fibroblast Cells, AA8)	1	SPECIES
in vitro (Hamster Fibroblast Cells, UV4)	1	SPECIES
in vitro (Human Carcinoma Cells, WiDr)	1	SPECIES
in vitro (Mouse Mammary Carcinoma Cells, EMT6/AK)	1	SPECIES
Yellowtail	1	SPECIES
Red Sea Bream	1	SPECIES
in vitro (Mouse Bone Marrow Cell Lysate)	1	SPECIES
Mouse (Transgenic, Cyp2a5-Null, Human CYP2A13)	1	SPECIES
in vitro (Mouse Lung Microsomes, Akt2(+/+))	1	SPECIES
in vitro (Mouse Lung Microsomes, Akt2(+/-))	1	SPECIES
in vitro (Woodchuck Liver Cytosol)	1	SPECIES
in vitro (Woodchuck Liver Cytosol, Hepatitis Infected)	1	SPECIES
in vitro (Human Lymphoblast Cells, h3A4/OR)	1	SPECIES
in vitro (Rat Respiratory Epithelium Homogenate)	1	SPECIES
in vitro (Rat Olfactory Epithelium Homogenate)	1	SPECIES
Rat (Nude)	1	SPECIES
in vitro (Human B-Lymphoblastoid Cells Expressing Human CYP1A1 and Oxidor+	1	SPECIES
in vitro (Human B-Lymphoblastoid Cells Expressing Human CYP2C9 and Oxidor+	1	SPECIES
in vitro (Human B-Lymphoblastoid Cells Expressing Human CYP2D6 and Oxidor+	1	SPECIES
in vitro (Human B-Lymphoblastoid Cells Expressing Human CYP3A4 and Oxidor+	1	SPECIES
in vitro (Human B-Lymphoblastoid Cells Expressing Human CYP2A6 and Oxidor+	1	SPECIES
in vitro (Human B-Lymphoblastoid Cells Expressing Human CYP2C8 and Oxidor+	1	SPECIES
in vitro (Human B-Lymphoblastoid Cells Expressing Human CYP2E1 and Oxidor+	1	SPECIES
Dog (Adult)	1	SPECIES
Dog (Pediatric)	1	SPECIES
in vitro (Aldehyde Dehydrogenase)	1	SPECIES
in vitro (Human Pancreas Adenocarcinoma Cell Extract, PK9)	1	SPECIES
in vitro (Human Pancreas Adenocarcinoma Cell Extract, RPK9)	1	SPECIES
in vitro (Human Pancreas Adenocarcinoma Cells, PK9)	1	SPECIES
in vitro (Human Pancreas Adenocarcinoma Cells, RPK9)	1	SPECIES
in vitro (Monkey Cerebrospinal Fluid)	1	SPECIES
in vitro (Mouse Tumor Perfusion, Human Tumor Bearing)	1	SPECIES
in vitro (Dog Melanoma Cells)	1	SPECIES
in vitro (Human Colon Cancer WiDr Cells)	1	SPECIES
in vitro (Mouse Olfactory Mucosa Microsomes, Cyp2f2-Null)	1	SPECIES
in vitro (Mouse Pheochromocytoma Cells)	1	SPECIES
in vitro (Human Pheochromocytoma)	1	SPECIES
in vitro (Rabbit Reticulocytes Expressing Human Phenylethanolamine N-Meth+	1	SPECIES
in vitro (Human Erythrocytes, Parkinson's Disease Patients)	1	SPECIES
in vitro (Rat Erythrocyte Supernatant)	1	SPECIES
in vitro (Human Mesencephalon Neurons and Mouse Astrocytes, Cocultured)	1	SPECIES
in vitro (Human Mesencephalon Neurons)	1	SPECIES
in vitro (Rat Brain Microvessel Homogenate)	1	SPECIES
in vitro (Suncus Brain Microvessel Homogenate)	1	SPECIES
in vitro (Rat Cecum S9 Fraction)	1	SPECIES
in vitro (Rat Lung Perfusate)	1	SPECIES
Mouse (Mdr1a/1b/Cyp3a(-/-))	1	SPECIES
in vitro (Mouse Plasma, Mdr1a/1b(-/-))	1	SPECIES
in vitro (Mouse Plasma, Cyp3a(-/-))	1	SPECIES
in vitro (Mouse Plasma, Mdr1a/1b/Cyp3a(-/-))	1	SPECIES
in vitro (Human Umbilical Artery)	1	SPECIES
in vitro (Human Arterial Cytosol)	1	SPECIES
in vitro (Rat Lung Endothelial Cells)	1	SPECIES
Human (Gastric Cancer Patients)	1	SPECIES
Mouse (MCF-7 Xenograft Bearing)	1	SPECIES
in vitro (Human Prostate Cancer Cells, PC-3M-luc-C6)	1	SPECIES
in vitro (Heart Homogenate)	1	SPECIES
in vitro (Human Plasma, Inflammatory Bowel Disease Patients)	1	SPECIES
in vitro (Human Prostate Carcinoma Cell Lysate, PC-3)	1	SPECIES
in vitro (NIH3T3 Cells, Phorbol-12-myristate-13-acetate Treated)	1	SPECIES
Fish (Southern Flounder)	1	SPECIES
in vitro (Human Small Intestine Cell Cytosol)	1	SPECIES
in vitro (Human Skin Melanocytes, Cultured)	1	SPECIES
in vitro (Mouse Fibroblasts, Embryonic, DGAT1-Deficient)	1	SPECIES
in vitro (Human Carcinoma Cell Microsomes, SCC-25)	1	SPECIES
in vitro (Human Carcinoma SCC12 Cell Microsomes)	1	SPECIES
in vitro (Human Oral Cavity OKF4 Cell Microsomes)	1	SPECIES
in vitro (NIH3T3 Cells Expressing Human LRAT and Human RPE65-Gly244Val)	1	SPECIES
in vitro (A431 Cells)	1	SPECIES
in vitro (HCT-8 Cells)	1	SPECIES
in vitro (Human Leukemia Cell Supernatant, Nalm-6)	1	SPECIES
in vitro (Human Endocervical Epithelium Cell Supernatant)	1	SPECIES
in vitro (Colorectal Carcinoma Cells, HT-29)	1	SPECIES
in vitro (Colorectal Carcinoma Cells, DLD-1)	1	SPECIES
in vitro (Human Colorectal Carcinoma HT-29 Cells Expressing Human Thymidi+	1	SPECIES
in vitro (Human Colorectal Carcinoma LoVo Cells)	1	SPECIES
in vitro (Mouse Tumor, Human Colorectal Carcinoma LoVo Cells Implanted)	1	SPECIES
in vitro (Mouse Tumor, Human Colorectal Carcinoma HT-29 Cells Implanted)	1	SPECIES
in vitro (Mouse Tumor, Human Colorectal Carcinoma HT-29 Cells Expressing +	1	SPECIES
in vitro (Mouse Tissue, Human Colorectal Carcinoma LoVo Cells Implanted)	1	SPECIES
in vitro (Mouse Plasma, Human Colorectal Carcinoma LoVo Cells Implanted)	1	SPECIES
in vitro (Mouse Fibroblast Cells, C3H10T1/2, Transfected)	1	SPECIES
in vitro (Human Breast Cancer Cells, T-47D, 17beta-HSD1 Knockdown)	1	SPECIES
in vitro (Human Breast Cancer Cells, T-47D, 17beta-HSD7 Knockdown)	1	SPECIES
in vitro (Human Breast Cancer Cells, T-47D, 17beta-HSD12 Knockdown)	1	SPECIES
in vitro (Human Breast Cancer Cells, MCF-7, 17beta-HSD1 Knockdown)	1	SPECIES
in vitro (Human Breast Cancer Cells, MCF-7, 17beta-HSD7 Knockdown)	1	SPECIES
in vitro (Human Breast Cancer Cells, MCF-7, 17beta-HSD12 Knockdown)	1	SPECIES
in vitro (Human Choriocarcinoma Cells, JEG-3, 17beta-HSD1 Knockdown)	1	SPECIES
in vitro (Human Choriocarcinoma Cells, JEG-3, 17beta-HSD7 Knockdown)	1	SPECIES
in vitro (Human Choriocarcinoma Cells, JEG-3, 17beta-HSD12 Knockdown)	1	SPECIES
in vitro (Human Breast Cancer Cells, BT-20, 17beta-HSD1 Knockdown)	1	SPECIES
in vitro (Human Breast Cancer Cells, BT-20, 17beta-HSD7 Knockdown)	1	SPECIES
in vitro (Human Breast Cancer Cells, BT-20, 17beta-HSD12 Knockdown)	1	SPECIES
in vitro (HEK 293 Cell Homogenate Overexpressing Human 17beta-HSD1)	1	SPECIES
in vitro (Human Adipose Cells)	1	SPECIES
in vitro (HEK 293 Cells Expressing Human 17beta-HSD1)	1	SPECIES
in vitro (Human Trachea)	1	SPECIES
in vitro (Human Stomach)	1	SPECIES
in vitro (Human Spleen)	1	SPECIES
in vitro (Human Pancreas)	1	SPECIES
in vitro (Human Adrenal Glands)	1	SPECIES
in vitro (Human Thyroid)	1	SPECIES
in vitro (Human Adenocarcinoma Cell Cytosol)	1	SPECIES
in vitro (Mouse Pancreas Microsomes, Transgenic)	1	SPECIES
in vitro (Mouse Pancreas Microsomes)	1	SPECIES
in vitro (Pseudomonas aeruginosa p-Hydroxybenzoate Hydroxylase)	1	SPECIES
in vitro (Pig Duodenum Supernatant)	1	SPECIES
in vitro (Pig Jejunum Supernatant)	1	SPECIES
in vitro (Pig Ileum Supernatant)	1	SPECIES
in vitro (Pig Colon Supernatant)	1	SPECIES
in vitro (C6 Astroglial Cells)	1	SPECIES
in vitro (Rat Kidney Cortex Supernatant)	1	SPECIES
in vitro (Human Colon Adenocarcinoma Cells, HT-29, Transfected)	1	SPECIES
in vitro (Mouse Skeletal Myoblast Cell Mitochondria, C2C12)	1	SPECIES
in vitro (Rat Liver Spheroids)	1	SPECIES
in vitro (Human Hep G2 Spheroids)	1	SPECIES
in vitro (Human Pancreas Cancer Cells, LPC006)	1	SPECIES
in vitro (Rat Heart Perfusion, Ischemic)	1	SPECIES
in vitro (Rat Hepatocyte Supernatant)	1	SPECIES
in vitro (Human Breast Adipose Stromal Cell Lysate, Female)	1	SPECIES
in vitro (Human Leukemia Bone Marrow Cells)	1	SPECIES
Rat (Male, Fischer 344 Strain)	1	SPECIES
Rat (Male, SD Strain)	1	SPECIES
in vitro (Hep G2 Cells, Cultured)	1	SPECIES
in vitro (Human Cell Cytochrome P450)	1	SPECIES
in vitro (Mouse Cell Cytochrome P450)	1	SPECIES
in vitro (Rat Cells Cytochrome P450)	1	SPECIES
in vitro (Rat Liver LCS-3 Cells)	1	SPECIES
in vitro (Human Tissue)	1	SPECIES
in vitro (Human Red Blood Cells, Parkinson's Disease Patients)	1	SPECIES
in vitro (Rat Adrenal Medulla Homogenate, Cultured)	1	SPECIES
in vitro (Human Blood Cells, CD4+, Liver Transplanted Patients)	1	SPECIES
in vitro (Human Peripheral Blood Mononuclear Cells, Children)	1	SPECIES
in vitro (Human Blood Mononuclear Cells, Children, Kidney Transplanted Pa+	1	SPECIES
in vitro (Human Peripheral Blood Mononuclear Cell Lysate)	1	SPECIES
in vitro (Human Peripheral Blood Mononuclear Cells, Diabetic)	1	SPECIES
in vitro (Human Blood Mononuclear Cells, Renal Transplant Patients)	1	SPECIES
in vitro (Bovine Coronary Artery Homogenate)	1	SPECIES
in vitro (Human Kidney 293 Cell Lysate Expressing Human UGT2B10, Embryoni+	1	SPECIES
in vitro (Mouse Aorta Smooth Muscle Cells)	1	SPECIES
in vitro (Mouse Aorta Smooth Muscle Cells, Catechol O-Methyltransferase K+	1	SPECIES
in vitro (Mouse Liver Homogenate, Catechol O-Methyltransferase Knockout)	1	SPECIES
in vitro (Lymphocytes)	1	SPECIES
in vitro (Lymphocyte Extract)	1	SPECIES
in vitro (V79MZ Cells, Transfected)	1	SPECIES
in vitro (Rat Blood Cytosol)	1	SPECIES
Suncus Murinus (Male)	1	SPECIES
in vitro (Mouse Monocytes)	1	SPECIES
in vitro (RAW 264.7 Cell Cytosol)	1	SPECIES
in vitro (Mouse Macrophage Cytosol)	1	SPECIES
in vitro (Rat Alveole Macrophage Cytosol)	1	SPECIES
in vitro (Rat Cortical Cell Homogenate)	1	SPECIES
in vitro (Rat Cortical Cell Microsomes)	1	SPECIES
in vitro (Pig Cerebral Arteries)	1	SPECIES
in vitro (Human Prostate Epithelium Carcinoma Cells)	1	SPECIES
in vitro (COS-7 Cells Expressing Mouse Phenylalanine Hydroxylase)	1	SPECIES
in vitro (COS-7 Cells Expressing Mouse Phenylalanine Hydroxylase, Mutant)	1	SPECIES
in vitro (Human Breast Cells, MCF-7)	1	SPECIES
in vitro (Chinese Hamster Ovary Cells Expressing Human 5-HT2C Receptor)	1	SPECIES
in vitro (Chinese Hamster Ovary Cells Expressing Human 5-HT2B Receptor)	1	SPECIES
in vitro (Chinese Hamster Ovary Cells Expressing Human 5-HT2A Receptor)	1	SPECIES
in vitro (Rat Trachea Slices)	1	SPECIES
in vitro (Mouse Fibroblast Cells, A9L)	1	SPECIES
in vitro (Rat Dorsal Root Ganglion Neurons, Neonatal)	1	SPECIES
in vitro (Cat Iris Sphincter Muscle)	1	SPECIES
in vitro (Human B-Lymphoblastoid AHH-1 Cells Expressing Rat CYP2A1)	1	SPECIES
in vitro (Bovine Polymorphonuclear Leukocyte Homogenate)	1	SPECIES
in vitro (Human Lymphocyte B41-E95A Cells)	1	SPECIES
in vitro (HL-60 Cells, A23187 Stimulated)	1	SPECIES
in vitro (Rat Basophilic Leukemia Cell Cytosol)	1	SPECIES
in vitro (Pig Neutrophils)	1	SPECIES
in vitro (Human Neutrophil Blood Cell Supernatant)	1	SPECIES
in vitro (Mouse Brain Supernatant, Wild-Type)	1	SPECIES
in vitro (Mouse Brain Supernatant, COX-1(-/-))	1	SPECIES
in vitro (Human Lung Carcinoma Cells, H460, Transfected)	1	SPECIES
in vitro (Human Synovial Fibroblasts)	1	SPECIES
in vitro (Rat Microglia Cells, Neonatal)	1	SPECIES
in vitro (Rat Hepatocyte RALA 225-10G, Transformed)	1	SPECIES
in vitro (Rat Cortex Cells, Embryonic)	1	SPECIES
in vitro (Mouse Lung Alveolar Cells)	1	SPECIES
in vitro (Hamster Ovary Cells Expressing Human COX-1)	1	SPECIES
in vitro (Hamster Ovary Cells Expressing Human COX-2)	1	SPECIES
in vitro (CHO Cells Expressing Human COX-1)	1	SPECIES
in vitro (CHO Cells Expressing Human COX-2)	1	SPECIES
in vitro (Hamster Ovary AS52 Cells)	1	SPECIES
in vitro (Human Endothelial Cells, CRL-1998)	1	SPECIES
in vitro (Sheep Vesicular Gland)	1	SPECIES
in vitro (Rat Kidney Mesangial Cell Microsomes)	1	SPECIES
in vitro (Hamster Ovary Cells Expressing Human Prostaglandin Synthase 1)	1	SPECIES
in vitro (Hamster Ovary Cells Expressing Human Prostaglandin Synthase 2)	1	SPECIES
in vitro (Rat Kidney Mesangial Cells, Cultured)	1	SPECIES
in vitro (Rabbit Kidney Medulla Supernatant)	1	SPECIES
in vitro (Human Bladder Homogenate)	1	SPECIES
in vitro (Rat Pineal Gland Hemogenate)	1	SPECIES
in vitro (Human Breast Cancer Cells, MCF-7(ALOX12))	1	SPECIES
in vitro (Colorectal Cancer Cells, SW-480, Transfected)	1	SPECIES
in vitro (Colorectal Cancer Cells, SW-480)	1	SPECIES
in vitro (Mouse Prostate)	1	SPECIES
in vitro (Mouse Prostate, Transgenic, LPB-Tag)	1	SPECIES
in vitro (Rat Mesenterium Arteries)	1	SPECIES
in vitro (Rabbit Cornea Epithelium Cells, Transfected)	1	SPECIES
in vitro (Human Cells, HEL 92.1.7)	1	SPECIES
in vitro (Human Skin Fibroblast Cells, GM06127)	1	SPECIES
in vitro (Pig Pulmonary Artery Smooth Muscle Cells)	1	SPECIES
in vitro (Rat Carotid Artery)	1	SPECIES
in vitro (Mouse Tumor, Human A549 Xenograft)	1	SPECIES
in vitro (Mouse Tumor, Human A549-CYP4A11 Xenograft)	1	SPECIES
in vitro (HK 293 Cell Nuclear Membranes, Transfected)	1	SPECIES
in vitro (Macaque Monkey Liver Microsomes)	1	SPECIES
Fish (Rockfish)	1	SPECIES
in vitro (Rat Lung Slices, Cryopreserved)	1	SPECIES
Fish (Perch)	1	SPECIES
Human (GSTM1-Null)	1	SPECIES
in vitro (Human Rhabdomyosarcoma Cell Extract, RD)	1	SPECIES
in vitro (Human Osteosarcoma Cell Extract, HOS)	1	SPECIES
in vitro (Human Osteosarcoma Cell Supernatant, U20S)	1	SPECIES
in vitro (Human Osteosarcoma Cell Supernatant, Saos-2)	1	SPECIES
in vitro (Human Fibroblast Supernatant)	1	SPECIES
in vitro (Rat Jejunum Enterocytes)	1	SPECIES
in vitro (Human Hepatocarcinoma Cell Extract, Hep G2)	1	SPECIES
in vitro (Human Fibroblast Lysate)	1	SPECIES
in vitro (Rat Cardiomyoblast Supernatant, Embryonic, H9c2)	1	SPECIES
in vitro (Neuroblastoma Cell Supernatant, SH-SY5Y)	1	SPECIES
in vitro (Human Cells, ODC 4293)	1	SPECIES
in vitro (Human Pancreas Adenocarcinoma Cells, MIA PaCa-2)	1	SPECIES
in vitro (Human Colon Adenoma Cell Homogenate, HT-29)	1	SPECIES
in vitro (Mouse Skin Lysate)	1	SPECIES
in vitro (Mouse Skin Tumor Lysate)	1	SPECIES
in vitro (Human Adenocarcinoma Cells, AGS)	1	SPECIES
in vitro (Mouse Cells, JB6)	1	SPECIES
in vitro (Mouse Skin Cytosol, Low Iron State)	1	SPECIES
in vitro (Human Colorectal Cancer Cells, HCT-15)	1	SPECIES
in vitro (Rat Pulmonary Artery Endothelial Cells)	1	SPECIES
in vitro (Mouse Epidermis Cells, 308)	1	SPECIES
in vitro (Mouse Spinal Cord Supernatant)	1	SPECIES
in vitro (Human Colorectal Carcinoma CT-2 Cells)	1	SPECIES
in vitro (Human Colon Cells, HT-29)	1	SPECIES
in vitro (Rat Hypothalamus Cytosol)	1	SPECIES
in vitro (Rat Midbrain Cytosol)	1	SPECIES
in vitro (Murine Keratinocyte PA Cell Cytosol)	1	SPECIES
in vitro (Human Colorectal Carcinoma Supernatant)	1	SPECIES
in vitro (Human Colorectal Adenoma Supernatant)	1	SPECIES
in vitro (Mouse Tumor Homogenate, Transgenic)	1	SPECIES
in vitro (Mouse Epidermis Cells, ME-308)	1	SPECIES
in vitro (Rat Trachea Epithelium 2C5 Cells)	1	SPECIES
in vitro (Rat Pituitary Tumor Homogenate)	1	SPECIES
in vitro (Rat Liver Microsomes, Cyp2e1 Knockout)	1	SPECIES
in vitro (Hep G2 Cells Overexpressing Human CYP2E1)	1	SPECIES
in vitro (Hep G2 Cells Overexpressing Human CYP2E1 and MicroRNA-223)	1	SPECIES
in vitro (Hep G2 Cells Overexpressing Human CYP2E1 and b5 SiRNA-223)	1	SPECIES
in vitro (Human Hepatoma Cells, HepaRG, Monolayer)	1	SPECIES
in vitro (Human Hepatoma Cells, HepaRG, 3D Cultured)	1	SPECIES
in vitro (Rat Olfactory Bulb Membranes)	1	SPECIES
in vitro (Human Kidney HEK 293FT Cells Expressing Human CYP2E1)	1	SPECIES
in vitro (Human Kidney HEK 293FT Cells Expressing Pig CYP2E1)	1	SPECIES
in vitro (Human Kidney HEK 293FT Cells Expressing Pig CYP2A19)	1	SPECIES
in vitro (Human Kidney HEK 293FT Cells Expressing Pig CYP2C33)	1	SPECIES
in vitro (Human Kidney HEK 293FT Cells Expressing Pig CYP1A1)	1	SPECIES
in vitro (Mouse Liver Microsomes, Cytochrome P450 Oxidoreductase-Null)	1	SPECIES
in vitro (Mouse Hepatocytes, Cytochrome P450 Oxidoreductase-Null)	1	SPECIES
in vitro (Rat Liver Microsomes, Cirrhotic)	1	SPECIES
in vitro (Rat Liver Microsomes, Cirrhotic, Diabetic)	1	SPECIES
in vitro (NIH3T3 Cells, Transfected)	1	SPECIES
in vitro (Rat Liver S9 Fraction, Dehydrated)	1	SPECIES
in vitro (Rat Liver Microsomes, Dehydrated)	1	SPECIES
in vitro (Rat Cortex Glia Cell Microsomes)	1	SPECIES
Rat (Irradiated)	1	SPECIES
in vitro (Rabbit Bone Marrow Homogenate, Chinchilla)	1	SPECIES
in vitro (Rabbit Bone Marrow Homogenate, New Zealand White)	1	SPECIES
in vitro (Rabbit Liver Microsomes, Chinchilla)	1	SPECIES
in vitro (Rabbit Liver Microsomes, New Zealand White)	1	SPECIES
in vitro (Rat Cortex Microsomes)	1	SPECIES
in vitro (Hamster V79 Cell Microsomes Expressing Rat CYP2E1)	1	SPECIES
in vitro (Human B-Lymphoblastoid Cells Expressing Human CYP3A4/5)	1	SPECIES
in vitro (Rat Liver, Adult)	1	SPECIES
in vitro (HeLa Cells Expressing Rabbit CYP2E1)	1	SPECIES
in vitro (Winter Flounder Liver Nuclei)	1	SPECIES
in vitro (Winter Flounder Liver Cytosol)	1	SPECIES
in vitro (Winter Flounder Liver Mitochondria)	1	SPECIES
in vitro (Rat Brain Microsomes, Embryonic)	1	SPECIES
in vitro (Breast Tumor Cell Homogenate, Hc7)	1	SPECIES
in vitro (Rat Liver S9 Fraction, Hepatectomized)	1	SPECIES
in vitro (Sheep Jejunum Mucosa Microsomes)	1	SPECIES
in vitro (Sheep Ileum Mucosa Microsomes)	1	SPECIES
in vitro (Mouse Liver Microsomes, Chronic Renal Failure)	1	SPECIES
in vitro (Rat Small Intestine Microsomes, Fibrotic)	1	SPECIES
in vitro (Rat Liver Microsomes, Fibrotic)	1	SPECIES
in vitro (Rat Intestine Microsomes, Intestinal Ischemia-Reperfusion Injur+	1	SPECIES
in vitro (Mouse Liver Microsomes, PXR-Null, Male)	1	SPECIES
in vitro (Mouse Liver Microsomes, PXR-Null, Female)	1	SPECIES
in vitro (Human Intestine Enterocytes)	1	SPECIES
in vitro (Syrian Hamster Small Intestine Microsomes)	1	SPECIES
Human (CYP3A5*1 Carriers)	1	SPECIES
Human (CYP3A5*1 Noncarriers)	1	SPECIES
in vitro (Rat Kidney Perfusion, Proximal Tubule)	1	SPECIES
in vitro (Rat Kidney Perfusion, Distal Tubule)	1	SPECIES
Picea abies	1	SPECIES
in vitro (Mouse Kidney Mesangial Cells)	1	SPECIES
in vitro (Hamster V79-379A Cells)	1	SPECIES
in vitro (Rat Plasma, Bile Duct Exteriorized)	1	SPECIES
in vitro (Human Epithelium Neuroblastoma Cells, SH-EP)	1	SPECIES
in vitro (Pig Skeletal Muscle Cytosol)	1	SPECIES
in vitro (Rat Duodenum Serosa)	1	SPECIES
in vitro (Rat Ileum Serosa)	1	SPECIES
in vitro (Rat Colon Serosa)	1	SPECIES
in vitro (Guinea Pig Cytosol)	1	SPECIES
in vitro (Rat Liver Microsomes, Tolworth Albino)	1	SPECIES
in vitro (Rat Liver Microsomes, Scottish)	1	SPECIES
in vitro (Rat Liver Microsomes, Welsh)	1	SPECIES
in vitro (Rat Brain and Liver Mitochondria)	1	SPECIES
in vitro (Mouse Melanocytes, Albino, Transgenic)	1	SPECIES
in vitro (Rat Hypothalamus Cells, Fetal)	1	SPECIES
in vitro (Rat Hypothalamus Slices, Female)	1	SPECIES
in vitro (Rat Adrenal Grand Supernatant)	1	SPECIES
in vitro (Rat Cervical Ganglion Homogenate)	1	SPECIES
in vitro (Rat Salivary Gland Homogenate)	1	SPECIES
in vitro (Rat Arterial Supernatant)	1	SPECIES
in vitro (Bovine Eye Cornea Homogenate)	1	SPECIES
in vitro (Bovine Eye Iris-Ciliary Body Homogenate)	1	SPECIES
in vitro (Bovine Eye Retina Homogenate)	1	SPECIES
in vitro (Bovine Eye Choroid Homogenate)	1	SPECIES
in vitro (Rat Basal Hypothalamus Homogenate)	1	SPECIES
in vitro (Rat Cell Homogenate, PC-12)	1	SPECIES
in vitro (Human Hepatoma Cells, BEL-7402)	1	SPECIES
in vitro (Rat Hepatoma Cell Supernatant, H-4-II-E-C3)	1	SPECIES
in vitro (Fish Brain Homogenate, Teleost)	1	SPECIES
in vitro (Guinea Pig Ileum Mucosa Homogenate)	1	SPECIES
in vitro (Guinea Pig Ileum Muscle Homogenate)	1	SPECIES
in vitro (Rat Brown Adipose Tissue Homogenate)	1	SPECIES
in vitro (Rat White Adipose Tissue Homogenate)	1	SPECIES
in vitro (Human Kidney 293 Cell Microsomes)	1	SPECIES
in vitro (Human Small Intestine FHS 74 Cells)	1	SPECIES
in vitro (Rabbit Esophagus Microsomes)	1	SPECIES
in vitro (Turbot Liver Microsomes)	1	SPECIES
in vitro (Rabbit Lung Post-Mitochondrial Fraction)	1	SPECIES
in vitro (Rat Duodenum Contents)	1	SPECIES
in vitro (Cow Ovary Supernatant)	1	SPECIES
in vitro (Bovine Ovary Supernatant)	1	SPECIES
in vitro (Bird Red Blood Cells)	1	SPECIES
in vitro (Mouse Liver S1 Fraction)	1	SPECIES
in vitro (Mouse Kidney S1 Fraction)	1	SPECIES
in vitro (Tortoise Blood)	1	SPECIES
in vitro (Fish Red Blood Cells)	1	SPECIES
in vitro (Rabbit Hippocampus Supernatant)	1	SPECIES
in vitro (Rat Pancreas Islet Cell Homogenate)	1	SPECIES
Human (Allergic Rhinitis Patients)	1	SPECIES
in vitro (Rat Serum Protein)	1	SPECIES
in vitro (Human Serum Protein)	1	SPECIES
in vitro (Human Glycoprotein)	1	SPECIES
in vitro (Human Duodenum Mucosa Cytosol)	1	SPECIES
in vitro (Mouse Ascitic Fluid)	1	SPECIES
in vitro (Human JEG-3 Cells Expressing Mouse Raldh1)	1	SPECIES
Box Turtle	1	SPECIES
in vitro (Mouse Duodenum Perfusion)	1	SPECIES
in vitro (Mouse Ileum Perfusion)	1	SPECIES
Mouse (PepT1 Knockout)	1	SPECIES
in vitro (Hamster Ovary Cells Transfected with Human Peptide Transporter +	1	SPECIES
in vitro (Caco-2 Cells Transfected with Human Peptide Transporter Gene)	1	SPECIES
in vitro (Human Brain Microglia)	1	SPECIES
in vitro (Mouse Liver S9 Fraction, Diabetic)	1	SPECIES
in vitro (Mouse Intestine S9 Fraction, Diabetic)	1	SPECIES
in vitro (Rat Plasma, Female, Ovariectomized)	1	SPECIES
in vitro (Human Kidney HEK 293 Cell S9 Fraction, Transfected)	1	SPECIES
in vitro (Human Breast Cancer Cells, BT-549)	1	SPECIES
in vitro (Human Breast Cancer Cells, SUM149)	1	SPECIES
in vitro (Human Colon Cancer Cells, HCT 116, p53(+/+))	1	SPECIES
in vitro (Human Colon Cancer Cells, HCT 116, p53(-/-))	1	SPECIES
in vitro (Human Osteosarcoma Cells, Transfected)	1	SPECIES
in vitro (Rat Joint Supernatant)	1	SPECIES
in vitro (Mouse Spleen Lymphocytes)	1	SPECIES
in vitro (Cat Heart Ventricle Homogenate)	1	SPECIES
in vitro (Dog Myocardium)	1	SPECIES
in vitro (Mouse Colon 26 Tumor Homogenate)	1	SPECIES
in vitro (Human B-Lymphoblastoid Cell Lysate)	1	SPECIES
in vitro (Green Monkey Kidney COS-1 Cells, Transfected)	1	SPECIES
in vitro (Rat Skin, Dermal Extract)	1	SPECIES
in vitro (Rat Skin, Epidermal Extract)	1	SPECIES
in vitro (Human Esophagus Carcinoma Cells, KYSE-510)	1	SPECIES
in vitro (Fish Muscle Microsomes)	1	SPECIES
in vitro (Mouse Lung Microsomes, Transgenic, Trp53(+/+))	1	SPECIES
in vitro (Mouse Lung Microsomes, Transgenic, Trp53(+/-))	1	SPECIES
in vitro (Mouse Lung Microsomes, Transgenic, Trp53(-/-))	1	SPECIES
in vitro (Hep G2 Cells Overexpressing CYP1A1/1A2)	1	SPECIES
in vitro (Mouse Liver Microsomes, AhR-Null)	1	SPECIES
in vitro (Mouse Lung Microsomes, AhR-Null)	1	SPECIES
in vitro (Human Lung Cancer Cells, NCI-H292)	1	SPECIES
in vitro (Human Keratinocytes, AhR shRNA Transfected)	1	SPECIES
in vitro (Fish Liver Microsomes, Rockfish)	1	SPECIES
in vitro (Hep G2 Cells Overexpressing Human CYP1A2)	1	SPECIES
in vitro (Hep G2 Cells Overexpressing Human CYP1A2 and MicroRNA-223)	1	SPECIES
in vitro (Hep G2 Cells Overexpressing Human CYP1A2 and b5 SiRNA-223)	1	SPECIES
in vitro (Bird Hepatocytes)	1	SPECIES
in vitro (Fish Hepatocellular Carcinoma Cells, PLHC-1, beta-Naphthoflavon+	1	SPECIES
in vitro (Human Placenta Choriocarcinoma Cells, JEG-3, Glucocorticoid Rec+	1	SPECIES
in vitro (Human Bladder Cancer Cells, EJ138, Transfected)	1	SPECIES
in vitro (Human Bladder Cancer Cells, EJ138)	1	SPECIES
in vitro (Mouse Cells, Hepa 1c1c7, Transfected)	1	SPECIES
in vitro (Human Hepatocarcinoma Cells, Hep G2/C3A)	1	SPECIES
in vitro (Bovine Mammary Epithelium Cells, BME-UV)	1	SPECIES
in vitro (Fish S9 Fraction, Embryonic)	1	SPECIES
Fish (Prolarva)	1	SPECIES
in vitro (Fish S9 Fraction, Prolarva)	1	SPECIES
in vitro (Hepa-1 Cells)	1	SPECIES
in vitro (Fish Gill Epithelium Cells, RTG-W1)	1	SPECIES
in vitro (Cow Mammary Gland Epithelium Cells, Lactating)	1	SPECIES
in vitro (Fish Liver Microsomes, Gilthead Seabream)	1	SPECIES
in vitro (Mouse Lung Microsomes, Fetal)	1	SPECIES
in vitro (Mouse Lung Microsomes, Neonatal)	1	SPECIES
in vitro (Mouse Hepatoma Cells, C12)	1	SPECIES
Fish (Larva, Zebrafish)	1	SPECIES
in vitro (Human Pancreas Duct Epithelium Cells, HPDE6-C11)	1	SPECIES
in vitro (Human HaCaT Keratinocytes and Human Monocyte THP-1 Cells, Cocul+	1	SPECIES
in vitro (Mouse Cervix Microsomes)	1	SPECIES
in vitro (Fish S9 Fraction, Larva)	1	SPECIES
Fish (Embryo, AHR2 Knockdown)	1	SPECIES
in vitro (Mouse Lung Microsomes, Cyp1a2-Null)	1	SPECIES
in vitro (Bird Hepatocytes, Embryonic, Pheasant)	1	SPECIES
in vitro (Bird Hepatocytes, Embryonic, Quail)	1	SPECIES
in vitro (V79 Cells Expressing Mouse CYP Isoenzymes)	1	SPECIES
in vitro (Frog Cells, XLK-WG)	1	SPECIES
in vitro (Human Hepatoma Hep G2 Cells, AhR-Deficient)	1	SPECIES
in vitro (Fish Larva Microsomes)	1	SPECIES
in vitro (Bird Hepatocytes, Pheasant)	1	SPECIES
in vitro (Bird Hepatocytes, Quail)	1	SPECIES
in vitro (Human Nasal Turbinate Cells)	1	SPECIES
in vitro (Human Cells, MCF-10A)	1	SPECIES
in vitro (Human Prostate Cancer Cells, 22Rv1)	1	SPECIES
in vitro (Mouse Lung Adenocarcinoma Cells)	1	SPECIES
in vitro (Fish Liver Microsomes, Crucian)	1	SPECIES
in vitro (Human Urothelial Cells, 5637)	1	SPECIES
in vitro (MCF-7 Cells, Docetaxel Selected)	1	SPECIES
in vitro (Human Lung Cells, H441)	1	SPECIES
in vitro (Ringed Seal Liver Microsomes)	1	SPECIES
in vitro (Fish Liver Microsomes, Mosquitofish)	1	SPECIES
in vitro (Fish Membranes, Yolk-Sac Fry)	1	SPECIES
in vitro (Clone 9 Cells)	1	SPECIES
in vitro (Fish Liver, Rainbow Trout)	1	SPECIES
in vitro (Fish Gill Microsomes, Stickleback)	1	SPECIES
in vitro (Fish Liver Microsomes, Stickleback)	1	SPECIES
in vitro (Fish Fibroblast Cells, RTG-2)	1	SPECIES
in vitro (Hamster Liver Microsomes, Maternal)	1	SPECIES
in vitro (Guinea Pig Liver Microsomes, Maternal)	1	SPECIES
in vitro (Guinea Pig Liver Microsomes, Fetal)	1	SPECIES
in vitro (MCF-7 Cells, Transfected)	1	SPECIES
in vitro (Bird Liver Microsomes, Steller's Eider)	1	SPECIES
in vitro (Bird Liver Microsomes, Duck)	1	SPECIES
in vitro (Fish Gill Microsomes, Rainbow Trout)	1	SPECIES
in vitro (Fish Kidney Microsomes, Rainbow Trout)	1	SPECIES
in vitro (Rainbow Trout Liver S9 Fraction)	1	SPECIES
in vitro (Human B Lymphocytes, CD40L Activated)	1	SPECIES
in vitro (Rat Brain Neuron Microsomes)	1	SPECIES
in vitro (Rat Brain Glia Microsomes)	1	SPECIES
in vitro (Snake Hepatocytes)	1	SPECIES
in vitro (Fish Gill Epithelium Cells, Tilapia)	1	SPECIES
in vitro (Fish Hepatocytes, Tilapia)	1	SPECIES
in vitro (Fish Intestine S9 Fraction)	1	SPECIES
in vitro (Fish Liver S9 Fraction, Perch)	1	SPECIES
in vitro (Fish Liver Microsomes, Perch)	1	SPECIES
in vitro (Fish Gill Filaments, Catfish)	1	SPECIES
in vitro (Fish Liver Microsomes, Catfish)	1	SPECIES
in vitro (Dolphin Lung Endothelial Cells)	1	SPECIES
in vitro (Dolphin Kidney Endothelial Cells)	1	SPECIES
in vitro (Seal Liver S9 Fraction)	1	SPECIES
in vitro (Seal Skin S9 Fraction)	1	SPECIES
in vitro (Rat Kidney Microsomes, Female, Pregnant)	1	SPECIES
in vitro (Rat Heart Microsomes, Female, Pregnant)	1	SPECIES
in vitro (Rat Brain Microsomes, Female, Pregnant)	1	SPECIES
in vitro (Fish Liver Microsome S9 Fraction)	1	SPECIES
in vitro (Fish Liver Homogenate, Larval)	1	SPECIES
in vitro (Frog Hepatocytes)	1	SPECIES
in vitro (Mouse Hepatocytes, Wild-Type)	1	SPECIES
in vitro (Mouse Hepatocytes, HIF-1alpha-Null)	1	SPECIES
in vitro (Fish Liver Post-Mitochondrial Fraction, Male)	1	SPECIES
in vitro (Fish Liver Post-Mitochondrial Fraction, Female)	1	SPECIES
in vitro (HT-29 Cell Microsomes)	1	SPECIES
in vitro (Chinese Hamster V79 Cell Microsomes, Transfected)	1	SPECIES
Fish (Embryo, PCB Resistant)	1	SPECIES
in vitro (Human Breast Cancer MCF-7 Cell S9 Fraction)	1	SPECIES
in vitro (Frog Liver Microsomes, Tadpole)	1	SPECIES
in vitro (Frog Liver Microsomes, Metamorph)	1	SPECIES
in vitro (Human Hepatoma Hep 3B Cell Microsomes)	1	SPECIES
in vitro (Fish, Rainbow Trout)	1	SPECIES
in vitro (Mouse Lung Microsomes, Ah Receptor-Deficient)	1	SPECIES
in vitro (Mouse Ovary Epithelium Cancer Cells, ID8)	1	SPECIES
in vitro (Topminnow Liver Carcinoma Cells)	1	SPECIES
in vitro (Fish Intestine Microsomes, Rainbow Trout)	1	SPECIES
in vitro (Bovine Colon Epithelium Cell Microsomes, Freshly Isolated)	1	SPECIES
in vitro (Rat Liver S9 Fraction, Mutant)	1	SPECIES
in vitro (Fish Liver, Rainbowfish)	1	SPECIES
in vitro (Rat Brain Leptomeninges)	1	SPECIES
in vitro (Rat Brain Dura Mater Membranes)	1	SPECIES
in vitro (Human Endometrium Epithelial Cells, RL95-2)	1	SPECIES
in vitro (Human Endometrium Epithelial Cell Microsomes, RL95-2)	1	SPECIES
in vitro (Human AHH-1 Lymphoblastoid Cell Microsomes, Transfected)	1	SPECIES
in vitro (Mouse Olfactory Bulb Cytosol)	1	SPECIES
in vitro (Mouse Brain Cortex Microsomes)	1	SPECIES
in vitro (Mouse Brain Cortex Cytosol)	1	SPECIES
in vitro (Mouse Brain Subcortical White Matter Microsomes)	1	SPECIES
in vitro (Mouse Brain Subcortical White Matter Cytosol)	1	SPECIES
in vitro (COS-1 Cell Microsomes Expressing Mouse CYP1A1)	1	SPECIES
in vitro (COS-1 Cell Cytosol Expressing Mouse CYP1A1)	1	SPECIES
in vitro (Mouse Olfactory Bulb Microsomes)	1	SPECIES
in vitro (Rat Hepatocytes and Rat Liver Epithelium Cells, Cocultured)	1	SPECIES
in vitro (Chicken Liver, Embryonic)	1	SPECIES
in vitro (Fish Liver Microsomes, Tilapia)	1	SPECIES
in vitro (Fish Hepatocytes, Flounder)	1	SPECIES
in vitro (Fish Liver Microsomes, Medaka)	1	SPECIES
in vitro (Human Ovary Cancer IGROV-1 Cell Homogenate)	1	SPECIES
in vitro (Rat Brain Mitochondria and Microsomes)	1	SPECIES
in vitro (Fish Egg Supernatant, Fertilised)	1	SPECIES
in vitro (Fish Liver S9 Fraction, Greenback Flounder)	1	SPECIES
in vitro (Trout Liver)	1	SPECIES
in vitro (Human Breast Cancer Cell Microsomes, T-47D)	1	SPECIES
in vitro (Duck Liver Microsomes, Embryonic)	1	SPECIES
in vitro (Fish Larva Homogenate)	1	SPECIES
in vitro (Atlantic Cod Liver)	1	SPECIES
in vitro (Seal Lung Microsomes)	1	SPECIES
in vitro (Seal Adrenal Gland Microsomes)	1	SPECIES
in vitro (Seal Kidney Microsomes)	1	SPECIES
in vitro (Seal Heart Microsomes)	1	SPECIES
in vitro (Seal Spleen Microsomes)	1	SPECIES
in vitro (Seal Testis Microsomes)	1	SPECIES
in vitro (Seal Placenta Microsomes)	1	SPECIES
in vitro (Fish Gill Epithelium)	1	SPECIES
in vitro (Rat Keratinocyte Microsomes)	1	SPECIES
in vitro (Mouse Hepatoma Hepa-1 c37 Cells)	1	SPECIES
in vitro (Fish Swimbladder Post-Mitochondrial Fraction)	1	SPECIES
in vitro (Trout Hepatocytes)	1	SPECIES
in vitro (Mouse Hepatoma Hepa-1 Cells, Wild-Type)	1	SPECIES
in vitro (Mouse Hepatoma Hepa-1 Cells, Mutant)	1	SPECIES
in vitro (Human Mammary Carcinoma MCF-7 Cells, Aryl Hydrocarbon Receptor-+	1	SPECIES
in vitro (Fish Hepatocytes, Carp)	1	SPECIES
in vitro (Human Kidney Epithelium Cells, Fetal)	1	SPECIES
in vitro (Rodent Brain)	1	SPECIES
in vitro (Rodent Liver)	1	SPECIES
in vitro (Chicken Hepatocytes, Embryonic, 3-Methylcholanthrene Treated)	1	SPECIES
in vitro (Mouse Hepatoma Cells, TCDD Treated)	1	SPECIES
in vitro (Human Colon Carcinoma Caco-2 Cells Expressing Human CYP1A1)	1	SPECIES
in vitro (Duck Heart Homogenate, Embryonic)	1	SPECIES
in vitro (Duck Liver Homogenate, Embryonic)	1	SPECIES
in vitro (Mullet Liver)	1	SPECIES
in vitro (Sole Liver)	1	SPECIES
in vitro (Rat Liver Microsomes, DMBA Treated)	1	SPECIES
in vitro (Fish Hepatoma Cells)	1	SPECIES
in vitro (Human Breast Carcinoma MCF-7 Cells, DMBA Treated)	1	SPECIES
in vitro (Human Breast Carcinoma MCF-7 Cells, Curcumin Treated)	1	SPECIES
in vitro (Human Breast Carcinoma MCF-7 Cell Microsomes, DMBA Treated)	1	SPECIES
in vitro (Murine Hepatoma Cells)	1	SPECIES
in vitro (Rat Brain Microsomes, beta-Naphthoflavone Treated)	1	SPECIES
in vitro (Rat Brain Microsomes, Arachnoid and Choroid Removed, beta-Napht+	1	SPECIES
in vitro (Human Hepatocyte Cells, HHO9i)	1	SPECIES
in vitro (Human Hepatocyte Cells Expressing CYP Isoenzymes)	1	SPECIES
in vitro (Human Liver, Smoker)	1	SPECIES
in vitro (Human Liver, Non-Smoker)	1	SPECIES
in vitro (Human Liver, Female, Ovary Cancer Patients)	1	SPECIES
in vitro (COS-1 Cell Microsomes Expressing Guinea Pig CYP1A1 and CYP1A2)	1	SPECIES
in vitro (Chicken Kidney Microsomes, Embryonic)	1	SPECIES
in vitro (Human Adenocarcinoma Cells, MDA-MB-468)	1	SPECIES
in vitro (Chicken Hepatocytes, Neonatal)	1	SPECIES
in vitro (Pig Bladder Epithelium Cells, Fresh)	1	SPECIES
in vitro (Pig Bladder Epithelium Cells, Cultured)	1	SPECIES
in vitro (Rat Kidney Glomerular Mesangial Cell Microsomes, Cultured)	1	SPECIES
in vitro (Human Breast Cancer Microsomes)	1	SPECIES
in vitro (Chicken Liver Microsomes, Newborn)	1	SPECIES
in vitro (Pigeon Liver Microsomes, Embryonic)	1	SPECIES
in vitro (Pigeon Liver Microsomes, Newborn)	1	SPECIES
in vitro (Heron Liver Microsomes, Embryonic)	1	SPECIES
in vitro (Heron Liver Microsomes, Newborn)	1	SPECIES
in vitro (Human B-Lymphoblastoid Cells Expressing CYP1A)	1	SPECIES
in vitro (Mouse Spleen T Cells)	1	SPECIES
in vitro (Mouse Spleen Cells, Cultured)	1	SPECIES
in vitro (Rat Alveolar Macrophage Microsomes)	1	SPECIES
in vitro (Rat Kupffer Cell Microsomes)	1	SPECIES
in vitro (Rat Spleen Adherent Cell Microsomes)	1	SPECIES
in vitro (Rabbit Liver Microsome CYP1A2)	1	SPECIES
in vitro (Mouse Hepatoma Cells, Cultured)	1	SPECIES
in vitro (Mouse Liver Microsomes, Humanized)	1	SPECIES
in vitro (Rat Liver Microsomes, Iodine-Deficient)	1	SPECIES
in vitro (Mouse NIH3T3 Fibroblast Cells Expressing Rat CYP2B1)	1	SPECIES
in vitro (Mouse NIH3T3 Fibroblast Cells Expressing Rat CYP2B1 and Cytochr+	1	SPECIES
in vitro (Human Breast Tumor T-47D Cells Expressing Rat CYP2B1)	1	SPECIES
in vitro (Human Breast Tumor T-47D Cells Expressing Rat CYP2B1 and Cytoch+	1	SPECIES
in vitro (Human Breast Tumor Hs578-T Cells Expressing Rat CYP2B1)	1	SPECIES
in vitro (Human Breast Tumor Hs578-T Cells Expressing Rat CYP2B1 and Cyto+	1	SPECIES
in vitro (Rat Liver Microsomes, High Fat and High Sucrose Diet)	1	SPECIES
in vitro (Rat Jejunum Mucosa Microsomes)	1	SPECIES
in vitro (Rat Lung Microsomes, Newborn)	1	SPECIES
in vitro (Rat Blood Vessel Microsomes)	1	SPECIES
in vitro (Mouse Liver Microsomes, Phenobarbital Treated)	1	SPECIES
in vitro (Mouse Liver Microsomes, Phenobarbital, Neomycin, Tetracycline a+	1	SPECIES
in vitro (Rat Liver Microsomes, Phenobarbitone Treated)	1	SPECIES
in vitro (Human Carcinoma Hep G2 Cells)	1	SPECIES
in vitro (Turkey Liver Microsomes, Embryonic)	1	SPECIES
in vitro (Dog Liver Lysosomes)	1	SPECIES
in vitro (Dog Kidney Lysosomes)	1	SPECIES
in vitro (Human Liver Lysosomes)	1	SPECIES
in vitro (293F Cells Expressing Human Acylpeptide Hydrolase)	1	SPECIES
in vitro (Rat Intestine Tissue)	1	SPECIES
in vitro (Lymphoblast Microsomes Expressing Human CYP2E1)	1	SPECIES
in vitro (Monkey Liver Microsomes, Extensive Metabolizer)	1	SPECIES
in vitro (Monkey Liver Microsomes, Poor Metabolizer)	1	SPECIES
in vitro (Mouse Fibroblast Cells, 3521, Transfected)	1	SPECIES
in vitro (Rat Duodenum and Jejunum Mucosa)	1	SPECIES
in vitro (Human Plasma, Hemodialysis Patients)	1	SPECIES
in vitro (Rat Mammary Glands, Female, Lactating)	1	SPECIES
in vitro (Rat Prostate Homogenate, Castrated)	1	SPECIES
in vitro (Rat Liver Homogenate, Castrated)	1	SPECIES
in vitro (Rat Pituitary Tumor Cells, GH3)	1	SPECIES
in vitro (Rat Pituitary Gland Homogenate)	1	SPECIES
in vitro (Rat Kidney Homogenate, Female, Ovariectomized)	1	SPECIES
in vitro (Rat Thyroid Homogenate, Female, Ovariectomized)	1	SPECIES
in vitro (Rat Pituitary Gland Homogenate, Female, Ovariectomized)	1	SPECIES
in vitro (Mouse Neuroblastoma Cells, NB41A3)	1	SPECIES
in vitro (Rat Adipose Homogenate, Neonatal)	1	SPECIES
in vitro (Mouse Mesenteric Adipose Microsomes)	1	SPECIES
in vitro (Rat Skeletal Muscle Homogenate, Hypertriglyceridemic)	1	SPECIES
in vitro (Rat Subcutaneous Adipose Homogenate)	1	SPECIES
in vitro (Rat Subcutaneous Adipose Homogenate, Hypertriglyceridemic)	1	SPECIES
in vitro (Rat Liver Microsomes, Hypertriglyceridemic)	1	SPECIES
in vitro (Rat Mesenteric Lymph Node Homogenate)	1	SPECIES
in vitro (Rat Adipocytes, Salt Resistant)	1	SPECIES
in vitro (Rat Adipocytes, Salt Sensitive)	1	SPECIES
in vitro (alpha1-Acid Glycoprotein)	1	SPECIES
in vitro (Human Uterus Sarcoma Cell Post-Nuclear Fraction, MES-SA)	1	SPECIES
in vitro (Mouse Liver, CC57BR)	1	SPECIES
in vitro (Mouse Liver, C3H/a)	1	SPECIES
in vitro (COS-1 Cell Microsomes Expressing Guinea Pig CYP1A2)	1	SPECIES
in vitro (Human Phenol UDP-Glucuronosyltransferase)	1	SPECIES
in vitro (Rat Liver Cytosol, Zn(II), Cu(II) or Cd(II) Treated)	1	SPECIES
in vitro (INS-1 832/13 Cells)	1	SPECIES
in vitro (INS-1 832/13 Cells, Transfected)	1	SPECIES
in vitro (Mouse Heart Cytosol, Mammary Tumor Bearing)	1	SPECIES
in vitro (Human Skin Melanoma Cells, G-361)	1	SPECIES
in vitro (Human Skin Fibroblast Cells, ASF4-1)	1	SPECIES
in vitro (Human Squamous Carcinoma Cells, HSC-1)	1	SPECIES
in vitro (Rat Mammary Tissue Cytosol)	1	SPECIES
in vitro (Human Bone Marrow Endothelial Cell Supernatant, Transfected)	1	SPECIES
in vitro (Mouse Hepatoma Cell Supernatant, Hepa 1c1c7)	1	SPECIES
in vitro (Mouse Hepatoma Cell Homogenate, Hepa 1c1c7)	1	SPECIES
in vitro (Mouse Hepatoma Cell Homogenate, c12)	1	SPECIES
in vitro (Mouse Fibrosarcoma Cells, Fsa-II)	1	SPECIES
in vitro (Human Melanoma Cells, G-361)	1	SPECIES
in vitro (Human Colon Cancer Cells, BE)	1	SPECIES
in vitro (Human Breast Carcinoma Cells, T-47D-DT1)	1	SPECIES
in vitro (Human Breast Carcinoma Cells, T-47D-R3)	1	SPECIES
in vitro (Human Breast Cancer MCF Cells, ERalpha-positive)	1	SPECIES
in vitro (Human Breast Cancer MCF Cells, ERbeta-positive)	1	SPECIES
in vitro (Human Breast Cancer MCF Cells, ER-negative)	1	SPECIES
in vitro (Mouse Stomach S9 Fraction)	1	SPECIES
in vitro (Human Neuroblastoma SK-N-MC Cell Cytosol)	1	SPECIES
in vitro (Human Neuroblastoma SK-N-MC Cell Cytosol, Transfected)	1	SPECIES
in vitro (Human Lung Adenocarcinoma Cells, CL3R15)	1	SPECIES
in vitro (Human Urothelial Cells, MC-T2)	1	SPECIES
in vitro (Mouse Epididymis White Adipose Cytosol)	1	SPECIES
in vitro (Mouse Gallbladder Cytosol)	1	SPECIES
in vitro (Human Bone Marrow Endothelial Cells)	1	SPECIES
in vitro (Human Colon Adenocarcinoma Cell Cytosol, BE, Transfected)	1	SPECIES
in vitro (Human Colon Adenocarcinoma Cell Cytosol, BE)	1	SPECIES
in vitro (Human Bone Marrow Stroma)	1	SPECIES
Rat (Steatotic)	1	SPECIES
Rat (Liver Ischemia-Reperfusion Injury, Steatotic)	1	SPECIES
in vitro (Human Aorta Endothelial Cell Extract)	1	SPECIES
in vitro (Human Serum, Delipidized)	1	SPECIES
in vitro (Pig Spinal Cord)	1	SPECIES
in vitro (Bovine Spinal Cord)	1	SPECIES
in vitro (Monkey Spinal Cord)	1	SPECIES
in vitro (Cat Spinal Cord)	1	SPECIES
Human (Postdialysis)	1	SPECIES
in vitro (Rat Pancreas Cell Mitochondria)	1	SPECIES
in vitro (Rat Skeletal Muscle Cell Mitochondria)	1	SPECIES
in vitro (Rat Skeletal Muscle Cells)	1	SPECIES
in vitro (Mouse Muscle Mitochondria)	1	SPECIES
in vitro (Mouse Pancreas Mitochondria)	1	SPECIES
Human (Ultrarapid Metabolizer, Schizophrenia Patients)	1	SPECIES
Human (Extensive Metabolizer, Schizophrenia Patients)	1	SPECIES
Human (Intermediate Metabolizer, Schizophrenia Patients)	1	SPECIES
Human (Poor Metabolizer, Schizophrenia Patients)	1	SPECIES
in vitro (Mouse Liver Microsomes, Transgenic, Male, Castrated)	1	SPECIES
in vitro (Human Hepatoblasts, Fetal)	1	SPECIES
in vitro (Mouse Liver Microsomes, Male, Castrated)	1	SPECIES
in vitro (Rat Gliosarcoma Cells)	1	SPECIES
in vitro (Rat Gliosarcoma Cells, Transfected)	1	SPECIES
in vitro (Rat Lung ATII Cell Microsomes)	1	SPECIES
in vitro (Hen Plasma)	1	SPECIES
in vitro (Mouse Spleen CD4+ T Cell Membranes)	1	SPECIES
in vitro (Mouse Spleen CD8+ T Cell Membranes)	1	SPECIES
in vitro (Human Gastric Carcinoma Cells, TMK-1)	1	SPECIES
in vitro (Human Gastric Carcinoma Cells, TMK-1, Transfected)	1	SPECIES
in vitro (Rat Hepatoma 5L Cells, Clone BP8)	1	SPECIES
in vitro (Human Lymphoblast Cells Expressing Human UGT01.6)	1	SPECIES
in vitro (Human Lymphoblast Cells Expressing Human UGT2B10)	1	SPECIES
in vitro (Human Lymphoblast Cells Expressing Human UGT1.1)	1	SPECIES
in vitro (Human Lymphoblast Cells Expressing Human UDP-Glucuronosyltransf+	1	SPECIES
in vitro (Guinea Pig Stomach)	1	SPECIES
in vitro (Guinea Pig Striatum Supernatant)	1	SPECIES
in vitro (Guinea Pig Medulla Supernatant)	1	SPECIES
in vitro (Guinea Pig Hippocampus Supernatant)	1	SPECIES
in vitro (Guinea Pig Brain Frontal Cortex)	1	SPECIES
in vitro (Fish Spinal Cord)	1	SPECIES
in vitro (Bank Vole Brain)	1	SPECIES
in vitro (Turtle Brain Supernatant)	1	SPECIES
in vitro (Guinea Pig Cerebellum Supernatant)	1	SPECIES
in vitro (Human Myoblasts)	1	SPECIES
in vitro (Mouse Red Blood Cells, Female)	1	SPECIES
in vitro (Mouse Plasma, Female)	1	SPECIES
in vitro (Mouse Brain, Female)	1	SPECIES
in vitro (Mouse Red Blood Cells, Male, Postnatal Day 21)	1	SPECIES
in vitro (Mouse Plasma, Male, Postnatal Day 21)	1	SPECIES
in vitro (Mouse Brain, Male, Postnatal Day 21)	1	SPECIES
in vitro (Mouse Red Blood Cells, Male, Postnatal Day 77)	1	SPECIES
in vitro (Mouse Plasma, Male, Postnatal Day 77)	1	SPECIES
in vitro (Mouse Brain, Male, Postnatal Day 77)	1	SPECIES
in vitro (Human Glioblastoma Homogenate)	1	SPECIES
in vitro (Rhesus Monkey Muscle Homogenate)	1	SPECIES
in vitro (Rat Hippocampus S1 Fraction)	1	SPECIES
in vitro (Rat Striatum S1 Fraction)	1	SPECIES
in vitro (Monkey Erythrocyte Ghosts)	1	SPECIES
in vitro (Guinea Pig Brain Cortex)	1	SPECIES
in vitro (Monkey Muscle Homogenate)	1	SPECIES
in vitro (Guinea Pig Esophagus Supernatant)	1	SPECIES
in vitro (Guinea Pig Stomach Supernatant)	1	SPECIES
in vitro (Guinea Pig Duodenum Supernatant)	1	SPECIES
in vitro (Guinea Pig Jejunum Supernatant)	1	SPECIES
in vitro (Guinea Pig Ileum Supernatant)	1	SPECIES
in vitro (Guinea Pig Cecum Supernatant)	1	SPECIES
in vitro (Guinea Pig Colon Supernatant)	1	SPECIES
in vitro (Rat Brain Homogenate, Female, Pregnant)	1	SPECIES
in vitro (Rat Submaxillary Gland)	1	SPECIES
in vitro (Guinea Pig Sceletal Muscle Supernatant)	1	SPECIES
in vitro (Rat Brain Lysate)	1	SPECIES
in vitro (Monkey Hemidiaphragm Supernatant)	1	SPECIES
in vitro (Human Kidney 293 Cells Expressing Human AChE)	1	SPECIES
in vitro (HEK 293F Cells, Transfected)	1	SPECIES
in vitro (Donkey Blood)	1	SPECIES
in vitro (Donkey Plasma)	1	SPECIES
in vitro (Donkey Erythrocytes)	1	SPECIES
in vitro (Guinea Pig Skeletal Muscle Supernatant)	1	SPECIES
in vitro (Fish Heart)	1	SPECIES
in vitro (Frog Brain, Tadpole)	1	SPECIES
in vitro (Fish Brain Homogenate, Snakehead)	1	SPECIES
in vitro (Mouse Neuroblastoma Cells)	1	SPECIES
in vitro (Mouse Neuroblastoma Cell Homogenate, Neuro-2a)	1	SPECIES
in vitro (Mouse Neuroblastoma Neuro-2a Cell Homogenate Expressing Mouse N+	1	SPECIES
in vitro (Fish Embryo, Cultured)	1	SPECIES
in vitro (Fish Nerve Homogenate)	1	SPECIES
in vitro (Fish Telencephalon Homogenate)	1	SPECIES
in vitro (Fish Olfactory Homogenate)	1	SPECIES
in vitro (Rat Brain Extract, Diabetic)	1	SPECIES
in vitro (Rat Brain Frontal Cortex Homogenate)	1	SPECIES
in vitro (Rat Basal Ganglia Homogenate)	1	SPECIES
in vitro (Rat Cervical Ganglion Neurons)	1	SPECIES
in vitro (Guinea Pig Spinal Cord)	1	SPECIES
in vitro (Mouse Muscle, Transgenic)	1	SPECIES
in vitro (Mouse Serum, Transgenic)	1	SPECIES
in vitro (Rat Brainstem, Male)	1	SPECIES
in vitro (Rat Brainstem, Female)	1	SPECIES
in vitro (Rat Diaphragm Muscle Membranes)	1	SPECIES
in vitro (Rat Red Blood Cell Membranes)	1	SPECIES
in vitro (Human Blood, Cancer Patients)	1	SPECIES
in vitro (Rat Brain, Maternal)	1	SPECIES
in vitro (Rat Spinal Cord, Maternal)	1	SPECIES
in vitro (Rat Liver, Maternal)	1	SPECIES
in vitro (Rat Cortical Neurons, Cultured)	1	SPECIES
in vitro (Rat Brain Homogenate, Maternal)	1	SPECIES
in vitro (Cattle Blood)	1	SPECIES
in vitro (Cattle Erythrocytes)	1	SPECIES
in vitro (Cattle Plasma)	1	SPECIES
in vitro (Rat Cerebrum)	1	SPECIES
in vitro (Human Retina)	1	SPECIES
in vitro (Rat Medulla Pons Homogenate)	1	SPECIES
in vitro (Mouse Cerebellum Homogenate, Postnatal Day 21)	1	SPECIES
in vitro (Mouse Forebrain Homogenate, Postnatal Day 1)	1	SPECIES
in vitro (Mouse Cerebellum Homogenate, Postnatal Day 21, Irradiated)	1	SPECIES
in vitro (Mouse Forebrain Homogenate, Postnatal Day 1, Irradiated)	1	SPECIES
in vitro (Camel Retina Supernatant)	1	SPECIES
in vitro (Rat Diaphragm Muscle Homogenate)	1	SPECIES
in vitro (Torpedo Electric Organ Membranes)	1	SPECIES
in vitro (Human Kidney Epithelium Cells, HEK 293A, Transfected)	1	SPECIES
in vitro (Mouse Plasma, BChE(-/-), Expressing Mouse Recombinant BChE)	1	SPECIES
in vitro (Mouse Liver, BChE(-/-), Expressing Mouse Recombinant BChE)	1	SPECIES
in vitro (Mouse Brain, BChE(-/-), Expressing Mouse Recombinant BChE)	1	SPECIES
in vitro (Mouse Salivary Glands, BChE(-/-), Expressing Mouse Recombinant +	1	SPECIES
in vitro (Mouse Lung, BChE(-/-), Expressing Mouse Recombinant BChE)	1	SPECIES
in vitro (Mouse Heart, BChE(-/-), Expressing Mouse Recombinant BChE)	1	SPECIES
in vitro (Mouse Diaphragm, BChE(-/-), Expressing Mouse Recombinant BChE)	1	SPECIES
in vitro (Mouse Intestine, BChE(-/-), Expressing Mouse Recombinant BChE)	1	SPECIES
in vitro (Mouse Fat, BChE(-/-), Expressing Mouse Recombinant BChE)	1	SPECIES
in vitro (Mouse Muscle, BChE(-/-), Expressing Mouse Recombinant BChE)	1	SPECIES
in vitro (Mouse Ovary, BChE(-/-), Expressing Mouse Recombinant BChE)	1	SPECIES
in vitro (Mouse Spleen, BChE(-/-), Expressing Mouse Recombinant BChE)	1	SPECIES
in vitro (Mouse Kidney, BChE(-/-), Expressing Mouse Recombinant BChE)	1	SPECIES
in vitro (Mouse Skin, BChE(-/-), Expressing Mouse Recombinant BChE)	1	SPECIES
in vitro (Mouse Bladder, BChE(-/-), Expressing Mouse Recombinant BChE)	1	SPECIES
in vitro (Fish Liver, Catfish)	1	SPECIES
in vitro (Rat Liver, Transduced)	1	SPECIES
in vitro (Rat Spleen, Transduced)	1	SPECIES
in vitro (Rat Heart, Transduced)	1	SPECIES
in vitro (Rat Kidney, Transduced)	1	SPECIES
in vitro (Rat Lung, Transduced)	1	SPECIES
in vitro (Rat Muscle, Transduced)	1	SPECIES
in vitro (Rat Brain, Transduced)	1	SPECIES
in vitro (Rat Liver Homogenate, Maternal)	1	SPECIES
in vitro (Hep G2 Cells, AKR1A1 Knockdown)	1	SPECIES
in vitro (Human Lymphocytes, Diabetic Patients)	1	SPECIES
in vitro (Monkey Kidney COS-1 Cell Microsomes, Transfected)	1	SPECIES
in vitro (Rat Liver Microsomes, 6 Month)	1	SPECIES
in vitro (Rat Liver Microsomes, 20 Month)	1	SPECIES
in vitro (Mouse Liver Microsomes, Ehrlich Ascites Tumor Bearing)	1	SPECIES
in vitro (Sheep Liver Homogenate, Fetal)	1	SPECIES
in vitro (Polecat Kidney)	1	SPECIES
in vitro (Mouse Cerebellum Neuron Cell Microsomes, EtC)	1	SPECIES
in vitro (Toad Ovary Cytosol)	1	SPECIES
in vitro (Toad Ovary Supernatant)	1	SPECIES
in vitro (Bird Liver)	1	SPECIES
in vitro (Bird Kidney)	1	SPECIES
in vitro (Chicken Brain Supernatant, Embryonic)	1	SPECIES
in vitro (Fish Hepatocytes, European Flounder)	1	SPECIES
in vitro (Human Aorta Smooth Muscle Cells, Nrf2-Deficient)	1	SPECIES
in vitro (Human Brain Cortex Supernatant, Postmortem)	1	SPECIES
in vitro (MCF-7 Cell Microsomes)	1	SPECIES
in vitro (Human Promyelocytic Leukemia Cell Cytosol, HL-60)	1	SPECIES
in vitro (Human Ovary Carcinoma Cells, cDDP Resistant, Transfected)	1	SPECIES
in vitro (Green Monkey COS-7 Cells, Transfected)	1	SPECIES
in vitro (Snake Skin Homogenate)	1	SPECIES
in vitro (Rat Neurons, Embryonic)	1	SPECIES
in vitro (Rabbit Heart Supernatant)	1	SPECIES
in vitro (Mouse Plasma, Apolipoprotein E-Deficient)	1	SPECIES
in vitro (Dog Plasma, Oxidative Stress-Induced)	1	SPECIES
in vitro (Human Plasma, HIV Infected Patients)	1	SPECIES
in vitro (Human Serum, Renal Impairment Patients)	1	SPECIES
in vitro (Baboon Serum)	1	SPECIES
in vitro (Human Serum, Liver Cirrhosis Patients)	1	SPECIES
in vitro (Preudomonas diminuta Phosphotriesterase)	1	SPECIES
in vitro (Rat Small Intestine Microsomes, Pyrazole Treated)	1	SPECIES
in vitro (Mouse Brain Homogenate, FAAH(-/-))	1	SPECIES
in vitro (Rat Hepatoma McA-RH7777 Cells Expressing Supernatant Protein Fa+	1	SPECIES
in vitro (Pseudomonas putida Catechol 2,3-Dioxygenase)	1	SPECIES
in vitro (Human Leukemia Cells, K-562, COMT Knockdown)	1	SPECIES
in vitro (Chinese Hamster Ovary Cell Lysate, Transfected)	1	SPECIES
in vitro (Rat Ganglion Extract)	1	SPECIES
in vitro (Human Thoracic Aorta Homogenate)	1	SPECIES
in vitro (Rat Thoracic Aorta Homogenate)	1	SPECIES
in vitro (Rat Thoracic Aorta Slices)	1	SPECIES
in vitro (Human Abdominal Adipose Tissue Homogenate)	1	SPECIES
in vitro (Human Mammary Adipose Tissue Homogenate)	1	SPECIES
in vitro (Rat Gastric Mucosa Mitochondria)	1	SPECIES
in vitro (Rat Cortex Synaptosomes)	1	SPECIES
in vitro (Hamster Liver Cytosol Acetyltransferase)	1	SPECIES
in vitro (Hamster Liver Cytosol Acetyltransferase-Nat 1)	1	SPECIES
in vitro (Hamster Liver Cytosol Acetyltransferase-Nat 2)	1	SPECIES
in vitro (Dog Respiratory Nasal Cavity Homogenate)	1	SPECIES
in vitro (Sheep Respiratory Part of Nasal Cavity Homogenate)	1	SPECIES
in vitro (Dog Respiratory Nasal Cavity Mucosa)	1	SPECIES
in vitro (Sheep Respiratory Nasal Cavity Mucosa)	1	SPECIES
in vitro (Dog Olfactory Nasal Cavity Homogenate)	1	SPECIES
in vitro (Sheep Olfactory Nasal Cavity Homogenate)	1	SPECIES
in vitro (Dog Olfactory Nasal Cavity Mucosa)	1	SPECIES
in vitro (Sheep Olfactory Nasal Cavity Mucosa)	1	SPECIES
in vitro (Dog Nasopharynx Homogenate)	1	SPECIES
in vitro (Sheep Nasopharynx Homogenate)	1	SPECIES
in vitro (Dog Nasopharynx Mucosa)	1	SPECIES
in vitro (Sheep Nasopharynx Mucosa)	1	SPECIES
in vitro (Dog Common Pharynx Homogenate)	1	SPECIES
in vitro (Sheep Common Pharynx Homogenate)	1	SPECIES
in vitro (Dog Common Pharynx Mucosa)	1	SPECIES
in vitro (Sheep Common Pharynx Mucosa)	1	SPECIES
in vitro (Dog Larynx Homogenate)	1	SPECIES
in vitro (Sheep Larynx Homogenate)	1	SPECIES
in vitro (Dog Larynx Mucosa)	1	SPECIES
in vitro (Sheep of Larynx Mucosa)	1	SPECIES
in vitro (Dog Cranial Trachea Homogenate)	1	SPECIES
in vitro (Sheep Cranial Trachea Homogenate)	1	SPECIES
in vitro (Dog Cranial Trachea Mucosa)	1	SPECIES
in vitro (Sheep Cranial Trachea Mucosa)	1	SPECIES
in vitro (Dog Middle Trachea Homogenate)	1	SPECIES
in vitro (Sheep Middle Trachea Homogenate)	1	SPECIES
in vitro (Dog Middle Trachea Mucosa)	1	SPECIES
in vitro (Sheep Middle Trachea Mucosa)	1	SPECIES
in vitro (Dog Bronchiole Homogenate)	1	SPECIES
in vitro (Sheep Bronchiole Homogenate)	1	SPECIES
in vitro (Sheep Bronchiole Mucosa)	1	SPECIES
in vitro (Dog Cranial Lung Homogenate)	1	SPECIES
in vitro (Sheep Cranial Lung Homogenate)	1	SPECIES
in vitro (Human Adrenal Cells, H295R)	1	SPECIES
in vitro (COS-7 Cell Membranes Expressing Human NTPDase 2)	1	SPECIES
in vitro (COS-7 Cell Membranes Expressing Human NTPDase 3)	1	SPECIES
in vitro (COS-7 Cell Membranes Expressing Human NTPDase 8)	1	SPECIES
in vitro (COS-7 Cells Expressing Human NTPDase 2)	1	SPECIES
in vitro (Human Pancreas Slices)	1	SPECIES
in vitro (Mouse Pancreas Slices)	1	SPECIES
in vitro (Human Myelogenous Leukemia Cells, K-562/DOX)	1	SPECIES
in vitro (Human Erythrocyte Membranes, Hyperlipidemic)	1	SPECIES
in vitro (Mouse Brain Synaptosomes)	1	SPECIES
in vitro (Rat Brain Medulla Membranes)	1	SPECIES
in vitro (Rat Midbrain Membranes)	1	SPECIES
in vitro (Rat Heart Ventricle Homogenate)	1	SPECIES
in vitro (Rat Jejunum Mucosa Membranes)	1	SPECIES
in vitro (Rat Kidney Membranes, Infant)	1	SPECIES
in vitro (Rat Kidney Membranes, Infant, Placental Malnutrition)	1	SPECIES
in vitro (Pig Cerebral Cortex)	1	SPECIES
in vitro (Rabbit Muscle Microsomes)	1	SPECIES
in vitro (Rat Brain Homogenate, Dietary Protein-Deficient)	1	SPECIES
in vitro (Human Colon Cancer Cell Mitochondria)	1	SPECIES
in vitro (Rat Heart Homogenate, Infarcted)	1	SPECIES
in vitro (Rat Brain Homogenate, Diabetic)	1	SPECIES
in vitro (Fish Gill, Dogfish)	1	SPECIES
in vitro (Fish Rectal Gland, Dogfish)	1	SPECIES
in vitro (Fish Intestine Supernatant, Atlantic Salmon)	1	SPECIES
in vitro (Fish Gill Membranes, Atlantic Salmon)	1	SPECIES
in vitro (Human Leukemia Cell Membranes, AML-2/D1000)	1	SPECIES
in vitro (Chinese Hamster Lung DC-3F Cell Membranes Overexpressing P-gp)	1	SPECIES
in vitro (Fish Posterior Intestine Homogenate)	1	SPECIES
in vitro (Fish Mid Intestine Homogenate)	1	SPECIES
in vitro (Fish Anterior Intestine Homogenate)	1	SPECIES
in vitro (Dog Stomach Homogenate)	1	SPECIES
in vitro (P388 Cell Membranes)	1	SPECIES
in vitro (P388 Cell Membranes, Adriamycin Resistant)	1	SPECIES
in vitro (Baboon Kidney, Premature Neonatal)	1	SPECIES
in vitro (Fish Stomach Supernatant)	1	SPECIES
in vitro (Fish Cecum Supernatant)	1	SPECIES
in vitro (Mouse Sciatic Nerve Membranes)	1	SPECIES
in vitro (Rat Brain Cortex Synaptosomes)	1	SPECIES
in vitro (Human Neuroblastoma Cell Microsomes, SH-SY5Y)	1	SPECIES
in vitro (Chicken Heart Myofibrils)	1	SPECIES
in vitro (Chicken Heart Mitochondria)	1	SPECIES
in vitro (Human Kidney Membranes)	1	SPECIES
in vitro (Rat Brain Hemisphere Membranes)	1	SPECIES
in vitro (Rat Kidney Basolateral Membranes)	1	SPECIES
in vitro (Human Liver Cell Microsomes, Chang Liver)	1	SPECIES
in vitro (Pig Kidney Cortex Basolateral Membrane)	1	SPECIES
in vitro (Pig Gastric Mucosa Microsomes)	1	SPECIES
in vitro (Mouse Kidney Cell Membrane Vesicles, mPCT-A2, Transfected)	1	SPECIES
in vitro (Mouse Kidney Cell Membrane Vesicles, mPCT-A2)	1	SPECIES
in vitro (HEK 293 Cell Membranes, Transfected)	1	SPECIES
in vitro (Rat Small Intestine Plasma Membrane Vesicles)	1	SPECIES
in vitro (Fish Intestine)	1	SPECIES
in vitro (Pig Adrenal Gland Chromaffin Granule Membranes)	1	SPECIES
in vitro (Mouse Brain Stem)	1	SPECIES
in vitro (Mouse Cerebral Cortex Membranes)	1	SPECIES
in vitro (Mouse Aorta, Entpd1(-/-))	1	SPECIES
in vitro (Mouse Brain Homogenate, Ischemic)	1	SPECIES
in vitro (Rat Brain Plasma Membranes)	1	SPECIES
in vitro (Rat Heart Plasma Membranes)	1	SPECIES
in vitro (Rat Skeletal Muscle Sarcoplasmic Reticulum)	1	SPECIES
in vitro (Fish Gill Homogenate, Rainbow Trout)	1	SPECIES
in vitro (Fish Intestine Homogenate, Rainbow Trout)	1	SPECIES
in vitro (Fish Brain Homogenate, Rainbow Trout)	1	SPECIES
in vitro (Rat Jejunum Membranes)	1	SPECIES
in vitro (Human Membrane Vesicle Overexpressing ABCG2 Protein)	1	SPECIES
in vitro (Fish Gill Supernatant, Salmon)	1	SPECIES
in vitro (Fish Gill Homogenate, Catfish)	1	SPECIES
in vitro (Fish Intestine Homogenate, Catfish)	1	SPECIES
in vitro (Fish Gill, Salmon)	1	SPECIES
in vitro (Human Breast Cancer Cell Membranes, MDR1 Transfected)	1	SPECIES
in vitro (Rat Ovary Granulosa Cell Membranes)	1	SPECIES
in vitro (Human Lung Cancer Cell Membranes Overexpressing BCRP)	1	SPECIES
in vitro (Toad Bladder Homogenate)	1	SPECIES
in vitro (Fish Gill Homogenate, Yellow Perch)	1	SPECIES
in vitro (Human Membranes)	1	SPECIES
in vitro (Fish Gill, Tidepool Sculpins)	1	SPECIES
in vitro (Fish Intestine, Tidepool Sculpins)	1	SPECIES
in vitro (Fish Gill, Plainfin Midshipmen)	1	SPECIES
in vitro (Fish Intestine, Plainfin Midshipmen)	1	SPECIES
in vitro (Fish Gill, Rainbow Trout)	1	SPECIES
in vitro (Hen Brain Synaptosomes)	1	SPECIES
in vitro (Fish Gill Supernatant, Flounder)	1	SPECIES
in vitro (Human Erythrocyte Vesicles)	1	SPECIES
in vitro (Pig Stomach Mucosa Microsomes)	1	SPECIES
in vitro (Human T-Lymphoblast CCRF-CEM Cell Membranes)	1	SPECIES
in vitro (Human T-Lymphoblast CCRF ADR5000 CM Cell Membranes)	1	SPECIES
in vitro (Rabbit Skeletal Muscle Myofibrils)	1	SPECIES
in vitro (Human Erythrocyte Membranes, Trypsin Treated)	1	SPECIES
in vitro (Bovine Oviduct Cell Microsomes)	1	SPECIES
in vitro (Bovine Endometrium Cell Microsomes)	1	SPECIES
in vitro (Rat Aorta Post-Nuclear Fraction)	1	SPECIES
in vitro (Rat Caudal Artery Post-Nuclear Fraction)	1	SPECIES
in vitro (Mouse Brainstem Membrane Homogenate)	1	SPECIES
in vitro (Mouse Periaqueductal Gray Region Membrane Homogenate)	1	SPECIES
in vitro (Human Kidney Cell Lysate, HEK 293T)	1	SPECIES
in vitro (Human Kidney Cells, HEK 293, Transfected)	1	SPECIES
in vitro (Human Bronchial Smooth Muscle Cell Membranes)	1	SPECIES
in vitro (Rat C6 Glioma Cell Membranes)	1	SPECIES
in vitro (Rat Glioma Cell Membranes)	1	SPECIES
in vitro (Rat Glioma Cell Membranes Expressing Human P2Y14 Receptor)	1	SPECIES
in vitro (Human Neutrophil Supernatant)	1	SPECIES
in vitro (Hamster Ovary Cell Membranes Expressing Thyrotropin Receptor)	1	SPECIES
in vitro (Rat Brain Cortex Membranes)	1	SPECIES
in vitro (Hamster Adipose Cell Membranes)	1	SPECIES
in vitro (Mouse Striatum Membranes)	1	SPECIES
in vitro (Mouse Brain Stem Membranes)	1	SPECIES
in vitro (Mouse Midbrain Membranes)	1	SPECIES
in vitro (Mouse Cortex Membranes)	1	SPECIES
in vitro (Rabbit Heart Membranes)	1	SPECIES
in vitro (Fish Liver Membranes)	1	SPECIES
in vitro (Bovine Aorta Endothelial Cells, BE-CRLR-293)	1	SPECIES
in vitro (Bovine Aorta Endothelial Cells, BE-CRLR/RAMP1)	1	SPECIES
in vitro (Bovine Aorta Endothelial Cells, BE-CRLR/RAMP2)	1	SPECIES
in vitro (Bovine Aorta Endothelial Cells, BE-CRLR/RAMP3)	1	SPECIES
in vitro (Rat Muscle Membrane)	1	SPECIES
in vitro (GH3 Cells Expressing delta-Opioid Receptor)	1	SPECIES
in vitro (Rat Aorta Smooth Muscle Cells, A-10, Embryonic)	1	SPECIES
in vitro (Human Neuroblastoma Cell Membranes)	1	SPECIES
in vitro (Human Melanoma M-6 Cells)	1	SPECIES
in vitro (Dog Heart Sarcolemma Membranes)	1	SPECIES
in vitro (Dog Heart Sarcolemma Membranes, MnCl2 Treated)	1	SPECIES
in vitro (Rat Heart Membrane)	1	SPECIES
in vitro (Quinea Pig Ventricular Muscle Membranes)	1	SPECIES
in vitro (Dog Eye Smooth Muscle Membranes)	1	SPECIES
in vitro (Cat Iris Sphincter Muscle Microsomes)	1	SPECIES
in vitro (Rat Ventricular Tissue Membranes)	1	SPECIES
in vitro (Leydig Tumor MA-10 Cells)	1	SPECIES
in vitro (Rabbit Smooth Muscle Cells)	1	SPECIES
in vitro (Human Hepatoma Hep G2 Cell Membranes)	1	SPECIES
in vitro (Guinea Pig Cerebellum Membranes)	1	SPECIES
in vitro (Human Erythrocyte Membranes, Sickle Cell Disease Patients, Calm+	1	SPECIES
in vitro (Fish Testis S12 Fraction)	1	SPECIES
in vitro (Paracoccus denitrificans Strontium-Substituted Methanol Dehydro+	1	SPECIES
Human (Cancer Patients, DPD-Deficient)	1	SPECIES
in vitro (Human Osteosarcoma Cells, Cultured)	1	SPECIES
in vitro (Human Bone Marrow-Derived Mesenchymal Stem Cells)	1	SPECIES
in vitro (Human Placenta Epithelium Cytotrophoblasts)	1	SPECIES
in vitro (Rat Colon, Colitis-Induced)	1	SPECIES
in vitro (Murine Preosteoblast Cells, MC3T3-E1)	1	SPECIES
in vitro (Mouse Osteoblast-like Cells, UMR-106)	1	SPECIES
in vitro (Rat Bone Marrow Stromal Cells, Female, Ovariectomized)	1	SPECIES
in vitro (Rat Osteoblast Homogenate)	1	SPECIES
in vitro (Chicken Chondrocyte Supernatant)	1	SPECIES
in vitro (Human Plasma, Bone Surgery Patients)	1	SPECIES
in vitro (Rat Liver Epithelium Cell Membranes, F258)	1	SPECIES
in vitro (Rat Colon Homogenate, Colitis-Induced)	1	SPECIES
in vitro (Chicken Heart Homogenate)	1	SPECIES
in vitro (Chicken Crop Homogenate)	1	SPECIES
in vitro (Chicken Gizzard Homogenate)	1	SPECIES
in vitro (Mouse Chondrocyte-like Cells, ATDC5)	1	SPECIES
in vitro (Mouse Mammary Carcinoma Cells, EAT)	1	SPECIES
in vitro (Mouse Calvaria-Derived Mesenchymal Progenitor Cells, Embryonic)	1	SPECIES
in vitro (Human Osteosarcoma Cells, HOS58)	1	SPECIES
in vitro (Rabbit Bone Marrow Mesenchymal Stem Cells, Transfected)	1	SPECIES
in vitro (Rabbit Bone Marrow Mesenchymal Stem Cells)	1	SPECIES
in vitro (Human Mesenchymal Stem Cells, Transfected)	1	SPECIES
in vitro (Human Endometrium Cells, Ishikawa Var-1)	1	SPECIES
in vitro (Mouse Bone Marrow Stromal Cells)	1	SPECIES
in vitro (Human Osteoblast-like Cells)	1	SPECIES
in vitro (Human Serum, Osteoporosis Patients)	1	SPECIES
in vitro (Rat Serum, Ovariectomized)	1	SPECIES
in vitro (Chicken Brain Extract)	1	SPECIES
in vitro (Chicken Brain Extract, Epileptic)	1	SPECIES
in vitro (Human Osteoblast Cells, Fetal, ERalpha9)	1	SPECIES
in vitro (Human Osteoblast Cells, Fetal, ERbeta6)	1	SPECIES
in vitro (Human Colon Carcinoma Cells, KNC)	1	SPECIES
in vitro (Bone Cells, KS483)	1	SPECIES
in vitro (Rat Fibroblasts, Transfected)	1	SPECIES
in vitro (Rat Costal Chondrocytes)	1	SPECIES
in vitro (MC3T3-E1 Cells)	1	SPECIES
in vitro (Rat Osteoblast Cells, Neonatal)	1	SPECIES
in vitro (Pig Corpus Luteum Lysosomes)	1	SPECIES
in vitro (Chinese Hamster Ovary Cells, CHO, Transfected)	1	SPECIES
in vitro (Ishikawa Cells)	1	SPECIES
in vitro (Human Gastric Carcinoma TMK-1 Cells)	1	SPECIES
in vitro (Rat Cartilage Chondrocytes)	1	SPECIES
in vitro (Rat Choriocarcinoma Cells)	1	SPECIES
in vitro (Mouse Osteosarcoma Cells)	1	SPECIES
in vitro (Guinea Pig Bone Supernatant)	1	SPECIES
in vitro (Human C8166 Lymphocytes)	1	SPECIES
in vitro (Green Monkey Fibroblastoid Kidney Cells, Vero)	1	SPECIES
in vitro (Human Bladder Cancer Cells, EJ/mbetaG)	1	SPECIES
in vitro (Mouse Tumor Homogenate, Human EJ/mbetaG Xenograft)	1	SPECIES
in vitro (Mouse Tumor Homogenate, Human EJ Xenograft)	1	SPECIES
in vitro (Rat Liver S9 Fraction, Female, Pregnant)	1	SPECIES
in vitro (Rat Placenta S9 Fraction)	1	SPECIES
in vitro (Rat Liver S9 Fraction, Fetal)	1	SPECIES
in vitro (Rat Feces, Human Flora Associated)	1	SPECIES
in vitro (Yeast Recombinant FMO-1A1 Microsomes)	1	SPECIES
in vitro (Human Fibrinogen)	1	SPECIES
in vitro (Human gamma-Globulins)	1	SPECIES
in vitro (Human alpha- and beta-Globulins)	1	SPECIES
in vitro (Human Preosteoblast Cells, MG-63)	1	SPECIES
in vitro (Human Preosteoblast Cell Microsomes, MG-63)	1	SPECIES
in vitro (Human Peripheral Blood Lymphocytes, Female, Breast Cancer Patie+	1	SPECIES
in vitro (Dog Peripheral Blood Mononuclear Cells)	1	SPECIES
in vitro (Mouse Liver Homogenate, MCF-7 Tumor Bearing)	1	SPECIES
in vitro (Mouse Tumor Homogenate, MCF-7 Tumor Bearing)	1	SPECIES
in vitro (Mouse Tumor, Human ZR-75-1 Xenograft)	1	SPECIES
in vitro (Human Osteosarcoma Cells, HOS-TE-85)	1	SPECIES
in vitro (Mouse Liver Homogenate, Human Breast Cancer MCF-7 Cells Implant+	1	SPECIES
in vitro (Mouse Tumor Homogenate, Human Breast Cancer MCF-7 Cells Implant+	1	SPECIES
in vitro (Rat Breast Carcinoma Cells)	1	SPECIES
in vitro (Human MCF-7 Cell Xenograft)	1	SPECIES
in vitro (Mouse Tissue, Tumor Bearing)	1	SPECIES
in vitro (Rat Hepatocyte S9 Fraction)	1	SPECIES
in vitro (Rat Heart Supernatant, Hypertensive, Male, Castrated)	1	SPECIES
in vitro (Rat Liver Supernatant, Hypertensive, Male, Castrated)	1	SPECIES
in vitro (Rat Kidney Supernatant, Hypertensive, Male, Castrated)	1	SPECIES
in vitro (Rat Adrenal Gland Supernatant, Hypertensive)	1	SPECIES
in vitro (Rat Adrenal Gland Supernatant, Hypertensive, Male, Castrated)	1	SPECIES
in vitro (Rat Granulosa Cells, POGS5)	1	SPECIES
in vitro (Rat Granulosa Cell Microsomes, POGS5)	1	SPECIES
in vitro (Rat Granulosa Cells, POGRS1)	1	SPECIES
in vitro (JEG-3 Cell Homogenate)	1	SPECIES
in vitro (Human Placenta Microsomes, Female)	1	SPECIES
in vitro (Rat Uterus Homogenate, Pregnant)	1	SPECIES
in vitro (Marmoset Lung Cytosol)	1	SPECIES
in vitro (Human Cervix Carcinoma Cell Microsomes, HeLa)	1	SPECIES
in vitro (Human Lung Epithelium Cell Microsomes, A549)	1	SPECIES
in vitro (Human Colon Cancer Cell Microsomes)	1	SPECIES
in vitro (Human Colon Cancer Cell Cytosol)	1	SPECIES
in vitro (Mouse Colon Adenocarcinoma Cytosol)	1	SPECIES
in vitro (Mouse Colon Adenocarcinoma Microsomes)	1	SPECIES
in vitro (Mouse Colon Adenocarcinoma Homogenate)	1	SPECIES
in vitro (Mouse Breast Carcinoma Cell Microsomes, EMT6)	1	SPECIES
in vitro (Mouse Breast Carcinoma Cell Cytosol, EMT6)	1	SPECIES
in vitro (Mouse Breast Carcinoma Cell Mitochondria, EMT6)	1	SPECIES
in vitro (COS-1 Cell Microsomes Expressing Human CYP7A-Ala16)	1	SPECIES
in vitro (COS-1 Cell Microsomes Expressing Human CYP7A-Ala17)	1	SPECIES
in vitro (COS-1 Cell Microsomes Expressing Human CYP7A-Ala44)	1	SPECIES
in vitro (COS-1 Cell Microsomes Expressing Human CYP7A-Ala69)	1	SPECIES
in vitro (COS-1 Cell Microsomes Expressing Human CYP7A-Ala90)	1	SPECIES
in vitro (COS-1 Cell Microsomes Expressing Human CYP7A-Ala175)	1	SPECIES
in vitro (COS-1 Cell Microsomes Expressing Human CYP7A-Ala444)	1	SPECIES
in vitro (COS-1 Cell Microsomes Expressing Human CYP7A-Ala476)	1	SPECIES
in vitro (Rat Hepatoma Cell Microsomes, RH7777)	1	SPECIES
in vitro (Mouse Liver Microsomes, Human Cholesterol 7alpha-Hydroxylase Ex+	1	SPECIES
in vitro (Pig Testis Mitochondria)	1	SPECIES
in vitro (Rat Supraspinal Nuclei Homogenate)	1	SPECIES
in vitro (Rat Somatosensory Cortex Homogenate)	1	SPECIES
in vitro (Bovine Adrenal Cytosol)	1	SPECIES
in vitro (Human Hepatoblastoma Cell Mitochondria)	1	SPECIES
in vitro (Rat Hepatocytes Overexpressing Steroidogenic Acute Regulatory P+	1	SPECIES
in vitro (Rat Hepatocytes Overexpressing CYP7A1)	1	SPECIES
in vitro (Rabbit Endometrium Homogenate)	1	SPECIES
in vitro (Dehydroepiandrosterone Sulfotransferase)	1	SPECIES
in vitro (Fish Liver Homogenate, Rainbow Trout, Vitamin D-Deficient)	1	SPECIES
in vitro (Human Osteoblasts, Male)	1	SPECIES
in vitro (Mouse Kidney Cortex Homogenate, Leptin-Deficient)	1	SPECIES
in vitro (Mouse Kidney Cortex Homogenate, Leptin Receptor-Deficient)	1	SPECIES
in vitro (Rat Glioblastoma Cells)	1	SPECIES
in vitro (Mouse Macrophage RAW 264.7 Cells, Transfected)	1	SPECIES
in vitro (Human Kidney Cells, HKC-8)	1	SPECIES
in vitro (Chicken Kidney Mitochondria)	1	SPECIES
in vitro (Monkey Kidney COS-7 Cells)	1	SPECIES
in vitro (Pig Kidney AOK-B50 Cells)	1	SPECIES
in vitro (Rat Osteosarcoma Cell Homogenate, UMR-106)	1	SPECIES
in vitro (Rat Osteosarcoma Cell Nuclei, UMR-106)	1	SPECIES
in vitro (Rat Osteosarcoma Cell Mitochondria, UMR-106)	1	SPECIES
in vitro (Rat Osteosarcoma Cell Supernatant, UMR-106)	1	SPECIES
in vitro (Human Osteosarcoma Cell Microsomes, MG-63)	1	SPECIES
in vitro (Human Colon Adenocarcinoma Cell Microsomes, Caco-2)	1	SPECIES
in vitro (Human Hepatoma Cell Microsomes, Huh-7)	1	SPECIES
in vitro (Human Colon Adenocarcinoma Cells, HCT 116, Transfected)	1	SPECIES
in vitro (Human Erythrocyte Cytosol, Female)	1	SPECIES
in vitro (Human Lung Microsomes, Fetal)	1	SPECIES
in vitro (Human Intestine Microsomes, Fetal)	1	SPECIES
in vitro (Human Placenta Microsomes, Fetal)	1	SPECIES
in vitro (Guinea Pig Adrenal Cortex Cytosol)	1	SPECIES
in vitro (Human Lung Cytosol, Fetal)	1	SPECIES
in vitro (Human Kidney Cytosol, Fetal)	1	SPECIES
in vitro (Human Intestine Cytosol, Fetal)	1	SPECIES
in vitro (Human Placenta Cytosol, Fetal)	1	SPECIES
in vitro (Goat Milk)	1	SPECIES
in vitro (Dog Serum Albumin)	1	SPECIES
in vitro (Mouse Heart Ventricle Mitoplasts)	1	SPECIES
in vitro (Mouse Atrium Mitoplasts)	1	SPECIES
in vitro (Mouse Kidney Mitoplasts)	1	SPECIES
in vitro (Mouse Lung Mitoplasts)	1	SPECIES
in vitro (Mouse Spleen Mitoplasts)	1	SPECIES
in vitro (Fish Muscle Mitochondria)	1	SPECIES
in vitro (Pseudomonas putida Oxalate Decarboxylase)	1	SPECIES
in vitro (Pyruvate Kinase)	1	SPECIES
in vitro (Rabbit Kidney Cortex Mitochondria)	1	SPECIES
in vitro (Rabbit Kidney Cortex Cytosol)	1	SPECIES
in vitro (Rabbit Kidney Cortex Mitochondria, Diabetic)	1	SPECIES
in vitro (Rabbit Kidney Cortex Cytosol, Diabetic)	1	SPECIES
Rhesus Monkey (Infant)	1	SPECIES
in vitro (Mouse Brain Mitochondria, Stressed)	1	SPECIES
in vitro (Rat Ganglion)	1	SPECIES
in vitro (Rat Telencephalon Supernatant)	1	SPECIES
in vitro (Rat Diencephalon Supernatant)	1	SPECIES
in vitro (Rat Midbrain Supernatant)	1	SPECIES
in vitro (Rat Medulla and Pons Supernatant)	1	SPECIES
in vitro (Goldfish Retina)	1	SPECIES
in vitro (Mouse Cerebrum Homogenate)	1	SPECIES
in vitro (Human Kidney HEK 293T Cells, Embryonic, Transfected)	1	SPECIES
in vitro (Monkey Platelets)	1	SPECIES
in vitro (Rat Ovary Granulosa Cells)	1	SPECIES
in vitro (COS-1 Cells Expressing Baboon CYP11A1-T291A)	1	SPECIES
Human (Neutropenia Patients)	1	SPECIES
Human (Children, Hematopoietic Stem Cell Transplanted Patients)	1	SPECIES
Human (Hematopoietic Stem Cell Transplanted Patients)	1	SPECIES
in vitro (Mouse Liver Homogenate, db/db)	1	SPECIES
in vitro (Mouse Adipose Homogenate, db/db)	1	SPECIES
in vitro (Mouse Brain Homogenate, db/db)	1	SPECIES
in vitro (CHO Cells Expressing Human 11beta-HSD1)	1	SPECIES
in vitro (Mouse Mesenteric Fat)	1	SPECIES
in vitro (Mouse Myotubes, C2C12)	1	SPECIES
in vitro (Human Synovial Fibroblast Cells, SW-982)	1	SPECIES
in vitro (Mouse Mesenteric Fat Homogenate)	1	SPECIES
in vitro (Hamster Ovary Cells Expressing Human 11beta-HSD1)	1	SPECIES
in vitro (Hamster Ovary Cells Expressing Mouse 11beta-HSD1)	1	SPECIES
in vitro (Hamster Ovary Cells Expressing Mouse 11beta-HSD1 and Human Seru+	1	SPECIES
in vitro (Hamster Ovary Cells Expressing Human 11beta-HSD2)	1	SPECIES
in vitro (Mouse Epididymis Fat)	1	SPECIES
in vitro (HEK 293 Cell Microsomes Expressing Human 11beta-HSD1)	1	SPECIES
in vitro (HEK 293 Cell Microsomes Expressing Mouse 11beta-HSD1)	1	SPECIES
in vitro (Human Subcutaneous Adipose Cells, Chub-S7)	1	SPECIES
in vitro (Human Subcutaneous Stromal Vascular Cells)	1	SPECIES
in vitro (Human Peritoneal Surface Epithelial Cells)	1	SPECIES
in vitro (Monkey Mesenteric Fat)	1	SPECIES
in vitro (Human Omental Preadipocytes)	1	SPECIES
in vitro (Human Subcutaneous Preadipocytes)	1	SPECIES
in vitro (Mouse Adrenal Cells)	1	SPECIES
in vitro (Rat Brain O-2A Progenitor Cells)	1	SPECIES
in vitro (Bat Ovary)	1	SPECIES
in vitro (Rat Testis Leydig Cell Supernatant)	1	SPECIES
in vitro (Human Hepatoma Cell Microsomes, Hep G2, Nrf2 Knockout)	1	SPECIES
in vitro (Dog Liver Cytosol, Low GST Activity)	1	SPECIES
Mouse (Gstm1(-/-))	1	SPECIES
Mouse (Gstm1-Null)	1	SPECIES
in vitro (Human Erythrocytes, Children, Cardiopathy Patients)	1	SPECIES
in vitro (Human Colorectal Adenocarcinoma Cells, LoVo/ADR)	1	SPECIES
in vitro (Human Astrocytoma Cells, 1321N1)	1	SPECIES
in vitro (Macrophage J774.1 Cells)	1	SPECIES
in vitro (Human Serum, Children, Epilepsy Patients)	1	SPECIES
in vitro (Gerbil Hippocampus Supernatant)	1	SPECIES
in vitro (Lung Epithelium Cells, L2)	1	SPECIES
in vitro (Human Lung Fibroblast-like Cells, 11Lu)	1	SPECIES
in vitro (Chicken Liver Cytosol, Embryonic)	1	SPECIES
in vitro (Human Fibrosarcoma Cells, HT1080/DR4)	1	SPECIES
in vitro (Human Melanoma Cell Supernatant)	1	SPECIES
in vitro (Cat Peripheral Blood Leukocytes)	1	SPECIES
in vitro (Human Lung Cancinoma Cells, A427)	1	SPECIES
in vitro (Human Polymorphonuclear Leukocyte Cytosol)	1	SPECIES
in vitro (INS-1 Cells)	1	SPECIES
in vitro (Human Leukemia Cell Membranes, HL-60)	1	SPECIES
in vitro (Rat Brawn Fat Homogenate)	1	SPECIES
in vitro (Guinea Pig Kidney Mitochondria)	1	SPECIES
in vitro (Mouse Liver Cytosol, Transgenic, Trp53(+/+))	1	SPECIES
in vitro (Mouse Liver Cytosol, Transgenic, Trp53(+/-))	1	SPECIES
in vitro (Mouse Liver Cytosol, Transgenic, Trp53(-/-))	1	SPECIES
in vitro (Mouse Lung Cytosol, Transgenic, Trp53(+/+))	1	SPECIES
in vitro (Mouse Lung Cytosol, Transgenic, Trp53(+/-))	1	SPECIES
in vitro (Mouse Lung Cytosol, Transgenic, Trp53(-/-))	1	SPECIES
in vitro (Human Prostate Cancer Cells, CWR22Rv1)	1	SPECIES
in vitro (Human Prostate Cancer Cells, CWR22Rv1, NQO2 Knockdown)	1	SPECIES
in vitro (Human Breast Epithelium Cell Homogenate, MCF-10A)	1	SPECIES
in vitro (Mouse Lung Cytosol, Cyp1a1(-/-))	1	SPECIES
in vitro (Mouse Lung Cytosol, Cyp1a2(-/-))	1	SPECIES
in vitro (Mouse Lung Cytosol, Cyp1a1/1a2(-/-))	1	SPECIES
in vitro (Mouse Lung Cytosol, Transgenic, Cyp1a1/1a2(-/-), Human CYP1A1/1+	1	SPECIES
in vitro (Human Carcinoma Cell Lysate, HT-29)	1	SPECIES
in vitro (Human Carcinoma Cell Lysate, A549)	1	SPECIES
in vitro (Human Carcinoma Cell Lysate, HCT 116)	1	SPECIES
in vitro (Human Carcinoma Cell Lysate, HCT 116 BVPp53(-/-))	1	SPECIES
in vitro (Human Carcinoma Cell Lysate, MIA PaCa-2)	1	SPECIES
in vitro (Human Carcinoma Cell Lysate, MDA-MB-231)	1	SPECIES
in vitro (Human Carcinoma Cell Lysate, MDA-MB-231, Transfected)	1	SPECIES
in vitro (Human Carcinoma Cell Lysate, MDA-MB-468)	1	SPECIES
in vitro (Human Carcinoma Cell Lysate, MDA-MB-468, Transfected)	1	SPECIES
in vitro (Human Carcinoma Cell Lysate, T-47D)	1	SPECIES
in vitro (Human Carcinoma Cell Lysate, T-47D, Transfected)	1	SPECIES
in vitro (RCSN-3 Cells)	1	SPECIES
in vitro (Human Adenocarcinoma Cell Cytosol, HeLa)	1	SPECIES
in vitro (Mouse Hepatoma Cells, c1)	1	SPECIES
in vitro (Mouse Hepatocarcinoma Cells, Hepa 1c1c7)	1	SPECIES
in vitro (Mouse Hepatocarcinoma Cells, BpRc1)	1	SPECIES
in vitro (Mouse Fibroblasts, Embryonic, Nrf2(-/-))	1	SPECIES
in vitro (Mouse Kidney Homogenate, Tumor Bearing)	1	SPECIES
in vitro (Rat Ovary Cytosol, Female)	1	SPECIES
in vitro (Syrian Hamster Kidney Cytosol)	1	SPECIES
in vitro (Human Kidney Carcinoma Nuclei and Mitochondria)	1	SPECIES
in vitro (Human Kidney Carcinoma Microsomes)	1	SPECIES
in vitro (Mouse Leukemia Cell Supernatant, L1210, Deoxyguanosine Resistan+	1	SPECIES
in vitro (Human alpha1-Acid-glycoprobin)	1	SPECIES
in vitro (Human Spleen Microsomes)	1	SPECIES
in vitro (Rat Smooth Muscle Cells, A-10)	1	SPECIES
in vitro (Pig Brain Capillary Endothelial Cells)	1	SPECIES
in vitro (Pig Brain Capillary Endothelial Cells and Rat Astrocytes, Cocul+	1	SPECIES
in vitro (Rat Brain Endothelial Cells)	1	SPECIES
in vitro (Rat Liver Oval Cells)	1	SPECIES
in vitro (Rat Liver Oval Cell Membranes)	1	SPECIES
in vitro (Rat Liver Sinusoidal Endothelial Cells)	1	SPECIES
in vitro (Rat Seminal Vesicle Homogenate)	1	SPECIES
in vitro (Human Ovary Carcinoma Cells, ES-2)	1	SPECIES
in vitro (Chinese Hamster Ovary Cell Membrane Homogenate)	1	SPECIES
in vitro (Cow Vagina Mucosa)	1	SPECIES
in vitro (COS-7 Cell Supernatant, Transfected)	1	SPECIES
in vitro (Dog Eye Lens Homogenate)	1	SPECIES
in vitro (Dog Adrenal Gland Homogenate)	1	SPECIES
in vitro (Dog Spleen Homogenate)	1	SPECIES
in vitro (Dog Lung Homogenate)	1	SPECIES
in vitro (Dog Heart Homogenate)	1	SPECIES
in vitro (COS-7 Cells Expressing Human AKR1B10)	1	SPECIES
in vitro (COS-7 Cells Expressing Human AKR1B10, Mutant)	1	SPECIES
in vitro (Mouse Kidney Supernatant, Diabetic)	1	SPECIES
in vitro (Rat Mesangial Cells, HBZY-1)	1	SPECIES
in vitro (Rabbit Eye Lens Extract)	1	SPECIES
in vitro (Rat Lung Alveolar Macrophages, NR8383)	1	SPECIES
in vitro (Rat Pancreas Cells, INS-1E)	1	SPECIES
in vitro (Rat Left Ventricle Supernatant)	1	SPECIES
in vitro (Rat Left Atrium Supernatant)	1	SPECIES
in vitro (Bovine Trachea Supernatant)	1	SPECIES
in vitro (Chinese Hamster Ovary Cell Extract)	1	SPECIES
in vitro (Human CD14+ Monocyte Lysate)	1	SPECIES
in vitro (Mouse Cell Lysate, RAW 264.7)	1	SPECIES
in vitro (Monkey Kidney COS-7 Cell Homogenate, Transfected)	1	SPECIES
in vitro (Pig Heart Homogenate)	1	SPECIES
in vitro (Pig Brain Cytosol)	1	SPECIES
in vitro (Human Lung Carcinoma Cell Cytosol)	1	SPECIES
in vitro (Human Lung Carcinoma Cell Membranes)	1	SPECIES
in vitro (Human Uterus Homogenate)	1	SPECIES
in vitro (Hamster Ovary Cell Homogenate)	1	SPECIES
in vitro (U937 Cells Overexpressing Human H2R)	1	SPECIES
in vitro (Human Myocardium Microsomes)	1	SPECIES
in vitro (Mouse Myocardium Microsomes)	1	SPECIES
in vitro (COS-7 Cells Expressing Human PDE5A1)	1	SPECIES
in vitro (Rat Artery Homogenate)	1	SPECIES
in vitro (Rat Vein Homogenate)	1	SPECIES
in vitro (Bovine Retina, Rod Outer Segment)	1	SPECIES
in vitro (COS-7 Cell Lysate, Transfected)	1	SPECIES
in vitro (Cattle Trachea Smooth Muscle Membranes)	1	SPECIES
in vitro (Cattle Trachea Smooth Muscle Cytosol)	1	SPECIES
in vitro (Frog Retina Membranes)	1	SPECIES
Macaque Monkey	1	SPECIES
in vitro (Human Liver Cells, WRL-68, Fetal)	1	SPECIES
in vitro (Human Lymphoblast Cells Expressing CYP1A2, CYP2A6, CYP2C8, CYP2+	1	SPECIES
Buffalo (Calf, Febrile)	1	SPECIES
Cat (Adult)	1	SPECIES
Goat (Febrile)	1	SPECIES
in vitro (Cow Milk)	1	SPECIES
in vitro (Rat Cerebral Cortex Slices)	1	SPECIES
in vitro (Rat Cerebral Cortex Cytosol)	1	SPECIES
in vitro (Rat Cerebral Cortex Nuclei)	1	SPECIES
in vitro (Human Liver Mitochondria, Embryonic)	1	SPECIES
Human (Adolescent, HIV Infected Patients)	1	SPECIES
in vitro (Human Kidney HEK 293 Cells Expressing Human CYP2R1)	1	SPECIES
in vitro (Human Kidney HEK 293 Cells Expressing Human CYP2R1-L99P)	1	SPECIES
in vitro (Murine Leukemia Cells, Cultured)	1	SPECIES
in vitro (Rat Adrenal Cells)	1	SPECIES
in vitro (Rat Interstitial Cells)	1	SPECIES
in vitro (Sheep Cornea Homogenate)	1	SPECIES
in vitro (Rat Liver Microsomes, Digitonin Treated)	1	SPECIES
in vitro (Rat Stomach Mitochondria)	1	SPECIES
in vitro (Sheep Liver Aldehyde Dehydrogenase)	1	SPECIES
in vitro (Bovine Pituitaries Peptidylglycine alpha-Amidating Monooxygenas+	1	SPECIES
Bird (Gosahawk)	1	SPECIES
Fish (Skipjack Tuna)	1	SPECIES
in vitro (Human Blood Monocytes, Asthmatics)	1	SPECIES
in vitro (Sarcoplasmic Reticulum Ca-ATPase)	1	SPECIES
in vitro (Human Platelets, Sonicated)	1	SPECIES
in vitro (Toad Intestine Supernatant)	1	SPECIES
in vitro (Toad Oocyte Supernatant)	1	SPECIES
in vitro (Toad Testis Supernatant)	1	SPECIES
in vitro (Toad Spleen Supernatant)	1	SPECIES
in vitro (Toad Kidney Supernatant)	1	SPECIES
in vitro (Toad Heart Supernatant)	1	SPECIES
in vitro (Toad Blood)	1	SPECIES
in vitro (Fused Enzyme between Rat Cytochrome P450 1A1 and Yeast NADPH-Cy+	1	SPECIES
in vitro (Trichosporon cutaneum Chloromuconate Cycloisomerase)	1	SPECIES
in vitro (Trichosporon cutaneum Muconolactone Isomerase)	1	SPECIES
in vitro (Trichosporon cutaneum Enol-Lactone Hydrolase)	1	SPECIES
in vitro (Mouse Liver Microsomes, HNF4alpha-Null)	1	SPECIES
in vitro (Mouse Liver Microsomes, Cyp8b1-Null)	1	SPECIES
in vitro (Escherichia coli PurK)	1	SPECIES
in vitro (Escherichia coli PurE)	1	SPECIES
in vitro (Mouse Buccal Epithelium)	1	SPECIES
in vitro (Rat Oral Cavity Mucosa Homogenate)	1	SPECIES
in vitro (Mouse Oral Cavity Mucosa Homogenate)	1	SPECIES
in vitro (Rat Nasal Mucosa Homogenate, Male)	1	SPECIES
in vitro (Rat Nasal Mucosa Homogenate, Female)	1	SPECIES
in vitro (Mouse Nasal Mucosa Homogenate, Male)	1	SPECIES
in vitro (Mouse Nasal Mucosa Homogenate, Female)	1	SPECIES
in vitro (Mouse Leukemia Cells, Thymidine Kinase-Deficient)	1	SPECIES
Hamster (Neonatal)	1	SPECIES
Rat (Bile Duct and Bladder Ligated)	1	SPECIES
in vitro (Rat Heart Cells)	1	SPECIES
in vitro (Rat Liver Cytoplasm)	1	SPECIES
in vitro (Cattle Ovary Corpus Luteum Cells)	1	SPECIES
in vitro (Human Leukocyte Cell Extract)	1	SPECIES
in vitro (Human Epidermal Cells, SIK)	1	SPECIES
in vitro (Human Malignant Keratinocytes, SCC-9)	1	SPECIES
in vitro (Bovine Rod Outer Segment Homogenate)	1	SPECIES
in vitro (Mouse Hepatocytes, PPARalpha-Null)	1	SPECIES
in vitro (Hamster Ovary Cell Microsomes)	1	SPECIES
in vitro (Human Proximal Tubule Cells, HK-2)	1	SPECIES
in vitro (Buttermilk Xanthine Oxidase)	1	SPECIES
in vitro (Monkey Kidney COS-7 Cell Homogenate Expressing Human Carboxyles+	1	SPECIES
in vitro (Monkey Kidney COS-7 Cell Homogenate Expressing Human Arylacetam+	1	SPECIES
in vitro (Mouse Kidney Mitochondria, Diabetic)	1	SPECIES
in vitro (Mouse Kidney Cytosol, Diabetic)	1	SPECIES
in vitro (Rat Liver Homogenate, Liver Ischemia-Reperfusion Injury)	1	SPECIES
in vitro (Rat Small Intestine Cells)	1	SPECIES
in vitro (HEK 293 Cell Homogenate Expressing Human UGT2B11)	1	SPECIES
in vitro (Human Kidney 293 Cell Homogenate Expressing UGT1A10, Embryonic)	1	SPECIES
in vitro (Human Kidney 293 Cell Homogenate Expressing UGT2B17, Embryonic)	1	SPECIES
in vitro (Human Kidney 293 Cell Homogenate Expressing UGT1A4, Embryonic)	1	SPECIES
in vitro (HK 293 Cells, Transfected)	1	SPECIES
in vitro (Human Kidney 293 Cells Expressing Human UGT2B7, Embryonic)	1	SPECIES
in vitro (Human Liver Outer Membrane Vesicles)	1	SPECIES
in vitro (Pig Thyroid Cytosol)	1	SPECIES
in vitro (Pig Thyroid Homogenate)	1	SPECIES
in vitro (Pig Thyroid Post-Nuclear Fraction)	1	SPECIES
in vitro (Human Fibroblasts, NADH Cytochrome b5 Reductase-Deficient)	1	SPECIES
in vitro (Human Villous Trophoblasts, Nonlabor)	1	SPECIES
in vitro (Human Villous Trophoblasts, Labor)	1	SPECIES
in vitro (Human Chorion Trophoblasts, Nonlabor)	1	SPECIES
in vitro (Human Chorion Trophoblasts, Labor)	1	SPECIES
in vitro (Human Chorion, Nonlabor)	1	SPECIES
in vitro (Human Chorion, Labor)	1	SPECIES
in vitro (Rabbit Colon Supernatant)	1	SPECIES
in vitro (Human AB589 Cells)	1	SPECIES
in vitro (Rabbit Liver Esterase)	1	SPECIES
in vitro (Bovine Liver Extract)	1	SPECIES
in vitro (Rabbit Liver Extract)	1	SPECIES
in vitro (Pigeon Liver Extract)	1	SPECIES
in vitro (Goat Liver Extract)	1	SPECIES
in vitro (Pig Liver Extract)	1	SPECIES
in vitro (Horse Liver Extract)	1	SPECIES
in vitro (Sheep Liver Extract)	1	SPECIES
in vitro (Chicken Liver Extract)	1	SPECIES
in vitro (Cat Liver Extract)	1	SPECIES
in vitro (Shark Liver Extract)	1	SPECIES
in vitro (Trout Liver Extract)	1	SPECIES
in vitro (Rat Vas Deferens)	1	SPECIES
in vitro (Rat Adrenal Cortex)	1	SPECIES
in vitro (Rat Pituitary Supernatant, Orchidectomized)	1	SPECIES
in vitro (Rat Thyroid Supernatant, Orchidectomized)	1	SPECIES
in vitro (Rat Liver Supernatant, Orchidectomized)	1	SPECIES
in vitro (Rat Hypothalamus Homogenate, Ovariectomized)	1	SPECIES
in vitro (Rat Uterus Homogenate, Ovariectomized)	1	SPECIES
in vitro (Rat Brown Adipose Homogenate, Ovariectomized)	1	SPECIES
in vitro (Mouse Liver Supernatant, Metallothionein-Deficient)	1	SPECIES
in vitro (Rat Testis Germ Cells)	1	SPECIES
in vitro (Rat Testis Somatic Cells)	1	SPECIES
in vitro (Rat Liver Cytosol, Gunn)	1	SPECIES
in vitro (Escherichia coli Cytidine Deaminase)	1	SPECIES
in vitro (Human Lymphoblast Cell Microsomes Expressing Human UGT1A6)	1	SPECIES
in vitro (Human Lymphoblast Cell Microsomes Expressing Human UGT1A4)	1	SPECIES
in vitro (COS-7 Cells Expressing UGT2B7)	1	SPECIES
in vitro (Human Microsomes Expressing Human FMO3 Isoenzymes)	1	SPECIES
in vitro (Human Lymphoblastoid Cell Microsomes Expressing CYP Isoenzymes)	1	SPECIES
in vitro (Dog Intestine Contents)	1	SPECIES
in vitro (Dog Cecum Flora)	1	SPECIES
in vitro (Human Ileum Effluents)	1	SPECIES
in vitro (Dog Intestine Epithelium Cells)	1	SPECIES
in vitro (Human B-Lymphoblastoid Cell Microsomes Expressing Human CYP4A1)	1	SPECIES
in vitro (Human Liver Epithelium THLE-5 Cells Expressing Human CYP1A2)	1	SPECIES
in vitro (Human Liver Epithelium THLE-5 Cells Expressing Human CYP Isoenz+	1	SPECIES
in vitro (Human Liver Epithelium THLE-5 Cells)	1	SPECIES
in vitro (Rat Liver DT-Diaphorase)	1	SPECIES
in vitro (Rat Lung Cytosol, Male, 24 Months)	1	SPECIES
in vitro (Rat Liver Cytosol, Female, 3 Months)	1	SPECIES
in vitro (Rat Lung Cytosol, Male, 12 Months)	1	SPECIES
in vitro (Rat Liver Cytosol, Female, 12 Months)	1	SPECIES
in vitro (Turkey Liver Supernatant, Embryonic)	1	SPECIES
in vitro (Dog Mastocytoma Supernatant)	1	SPECIES
in vitro (Dog Sarcoma Supernatant)	1	SPECIES
in vitro (Dog Melanoma Supernatant)	1	SPECIES
in vitro (Dog Osteosarcoma Supernatant)	1	SPECIES
in vitro (Dog Rectal Carcinoma Supernatant)	1	SPECIES
in vitro (Cat Sarcoma Supernatant)	1	SPECIES
in vitro (Cat Breast Tumor Supernatant)	1	SPECIES
in vitro (Cat Hemangiosarcoma Supernatant)	1	SPECIES
in vitro (Dog Pancreas Fluid)	1	SPECIES
in vitro (Human Pancreas Fluid)	1	SPECIES
in vitro (Rat Synovial Cells, Cultured)	1	SPECIES
in vitro (B-Lymphoblastoid Cell Microsomes Expressing Human CYP2A6)	1	SPECIES
in vitro (Pig Mucosa)	1	SPECIES
in vitro (INS-1 Cells, Cultured)	1	SPECIES
in vitro (Human Acute Lymphoblastic Leukemia Cells, COG-LL-317)	1	SPECIES
in vitro (Human Acute Lymphoblastic Leukemia Cells, MOLT-3)	1	SPECIES
in vitro (Human Acute Lymphoblastic Leukemia Cells, RS411)	1	SPECIES
in vitro (Human Neuroblastoma Cells, CHLA-90)	1	SPECIES
in vitro (Human Neuroblastoma Cells, CHLA-136)	1	SPECIES
Mouse (Human Neuroblastoma HTLA-230 Cells Inoculated)	1	SPECIES
in vitro (Human Mammary Epithelium Cells, 184-B5/HER)	1	SPECIES
in vitro (Human Breast Carcinoma UISO-BCA-1 Cells)	1	SPECIES
in vitro (Human Breast Carcinoma UISO-BCA-4 Cells)	1	SPECIES
in vitro (Human Melanoma UISO-Mel-1 Cells)	1	SPECIES
in vitro (Human Melanoma UISO-Mel-6 Cells)	1	SPECIES
in vitro (Rat Hepatocytes, Random Hooded)	1	SPECIES
in vitro (Mouse Tumor, Human OS31 Xenograft)	1	SPECIES
in vitro (Mouse Tumor, Human OS33 Xenograft)	1	SPECIES
in vitro (Human Breast Cancer Cells, MCF-7/O)	1	SPECIES
in vitro (Human Breast Cancer Cells, MCF-7/OAP)	1	SPECIES
in vitro (Human Breast Adenocarcinoma MCF-7/0 Cells)	1	SPECIES
in vitro (Mouse Macrophage Membranes)	1	SPECIES
in vitro (Deermouse Liver Cytosol)	1	SPECIES
in vitro (Human Kidney Carcinoma Cells, SN12K1)	1	SPECIES
in vitro (Mouse Liver Lysate, Human Tumor Bearing)	1	SPECIES
in vitro (Mouse Tumor Lysate, Human Tumor Bearing)	1	SPECIES
in vitro (Rat Liver Mitochondria, Female, Pregnant)	1	SPECIES
in vitro (Mouse Liver Mitochondria, Male)	1	SPECIES
in vitro (Mouse Liver Microsomes, Strains C57BL16, DBA/2, Balb/c)	1	SPECIES
in vitro (Mouse Liver Microsomes, Strain C3H)	1	SPECIES
in vitro (HEp-2 Cells, Azaserine Treated)	1	SPECIES
in vitro (Human Peripheral Blood Mononuclear Cells, Colorectal Cancer Pat+	1	SPECIES
in vitro (Human Peripheral Blood Mononuclear Cells, Cancer Patients)	1	SPECIES
in vitro (Human Buccal Mucosa Cells, Cancer Patients)	1	SPECIES
in vitro (Guinea Pig Homogenate)	1	SPECIES
in vitro (Human Hepatoma Hep G2 Homogenate)	1	SPECIES
in vitro (Rat Testis Lysosomes and Mitochondria)	1	SPECIES
in vitro (Monkey Testis Lysosomes and Mitochondria)	1	SPECIES
in vitro (Monkey Fibroblast Cell Lysosomes and Mitochondria, COS-7, Trans+	1	SPECIES
in vitro (Monkey Fibroblast Cell Cytosol, COS-7, Transfected)	1	SPECIES
in vitro (Human Kidney 293 Cell Microsomes Expressing Human UGT2B15)	1	SPECIES
in vitro (Human Colon Cancer Cell Supernatant, WiDr)	1	SPECIES
in vitro (Chinese Hamster Lung RJK88.13 Cells, Transfected)	1	SPECIES
in vitro (Hep G2 Hepatoma Cells Expressing Human CYP1A2)	1	SPECIES
in vitro (Hep G2 Hepatoma Cells Expressing Human CYP2B6)	1	SPECIES
in vitro (Hep G2 Hepatoma Cells Expressing Human CYP2C8)	1	SPECIES
in vitro (Hep G2 Hepatoma Cells Expressing Human CYP2C9)	1	SPECIES
in vitro (Hep G2 Hepatoma Cells Expressing Human CYP2E1)	1	SPECIES
in vitro (Hep G2 Hepatoma Cells Expressing Human CYP3A4)	1	SPECIES
in vitro (Sheep Bile)	1	SPECIES
Human (2 Months - 2 Years)	1	SPECIES
in vitro (Human Serum, Neonatal)	1	SPECIES
in vitro (Mouse Intestine Extract)	1	SPECIES
in vitro (Dog Intestine Extract)	1	SPECIES
in vitro (Monkey Liver Extract)	1	SPECIES
in vitro (Monkey Intestine Extract)	1	SPECIES
in vitro (Human Intestine Extract)	1	SPECIES
in vitro (Human Colon Carcinoma Extract)	1	SPECIES
in vitro (Human Breast Carcinoma Extract)	1	SPECIES
in vitro (Human Liver Microsomes Expressing Human CYP2C9)	1	SPECIES
in vitro (Human Hepatoma Huh-7 Cells Expressing HCV Protein)	1	SPECIES
in vitro (Guinea Pig Myometrium, Female, Pregnant)	1	SPECIES
in vitro (Guinea Pig Myometrium, Female, Non-Pregnant)	1	SPECIES
in vitro (Rat Hippocampus Membranes, Young)	1	SPECIES
in vitro (Rat Hippocampus Membranes, Adult)	1	SPECIES
in vitro (Rat Cerebral Cortex Membranes, MgCl2 Treated)	1	SPECIES
in vitro (Rat Cerebral Cortex Membranes, Porcine Neuropeptide Y Treated)	1	SPECIES
in vitro (Human Kidney 293T Cells Expressing Rat Guanylyl Cyclase A)	1	SPECIES
in vitro (Human Kidney 293T Cells Expressing Rat Guanylyl Cyclase B)	1	SPECIES
in vitro (Mouse Cavernous Body Cytosol)	1	SPECIES
in vitro (Human Colon Carcinoma Cell Membranes, T-84)	1	SPECIES
in vitro (Bovine Trachea Smooth Muscle Particulate Fraction)	1	SPECIES
in vitro (Bovine Plasma Membranes)	1	SPECIES
in vitro (Rabbit Peritoneum Neutrophils, N-Formyl Met-Leu-Phe Treated)	1	SPECIES
in vitro (Rat Kidney Microsomes, Wistar)	1	SPECIES
in vitro (Rat Kidney Microsomes, TR- Strain)	1	SPECIES
in vitro (Hamster V79 Cells Expressing Human UGT2B15)	1	SPECIES
Human (Noncirrhotic Liver Disease Patients)	1	SPECIES
in vitro (Rat Proximal Colon)	1	SPECIES
in vitro (Rat Distal Colon)	1	SPECIES
in vitro (Dog Duodenum Mucosa)	1	SPECIES
in vitro (Cynomolgus Monkey Duodenum Mucosa)	1	SPECIES
in vitro (Rhesus Monkey Duodenum Mucosa)	1	SPECIES
in vitro (Dog Jejunum Mucosa)	1	SPECIES
in vitro (Cynomolgus Monkey Jejunum Mucosa)	1	SPECIES
in vitro (Rhesus Monkey Jejunum Mucosa)	1	SPECIES
in vitro (Dog Ileum Mucosa)	1	SPECIES
in vitro (Cynomolgus Monkey Ileum Mucosa)	1	SPECIES
in vitro (Rhesus Monkey Ileum Mucosa)	1	SPECIES
in vitro (Dog Red Blood Cells)	1	SPECIES
in vitro (Cynomolgus Monkey Red Blood Cells)	1	SPECIES
in vitro (Rhesus Monkey Red Blood Cells)	1	SPECIES
Rat (Stomach Ligated)	1	SPECIES
in vitro (Chinese Hamster Fibroblast Cell Microsomes Expressing Human UGT+	1	SPECIES
in vitro (Human Colon Adenocarcinoma Cells, DLD-1)	1	SPECIES
in vitro (Rat Intestine Crypt Cells)	1	SPECIES
in vitro (Human Kidney Cancer TK-10 Cells)	1	SPECIES
in vitro (Human Kidney Cancer A498 Cells)	1	SPECIES
in vitro (Human Kidney Cancer CAKI-1 Cells)	1	SPECIES
in vitro (Human A431 Cells)	1	SPECIES
in vitro (Rat Brown Adipocytes)	1	SPECIES
in vitro (Rat R2C Cells)	1	SPECIES
in vitro (Human T-Lymphoblastoid Cytosol)	1	SPECIES
in vitro (Rat Small Intestine Epithelium Cells)	1	SPECIES
in vitro (Human T-Lymphoblastoid MT-2 Cells)	1	SPECIES
in vitro (Human Oral Carcinoma KB Cells)	1	SPECIES
in vitro (Human Stomach Carcinoma Cells, SNU-5)	1	SPECIES
in vitro (Human Stomach Carcinoma Cells, SNU-484)	1	SPECIES
in vitro (Human Stomach Carcinoma Cells, SNU-620)	1	SPECIES
in vitro (Human Stomach Carcinoma Cells, SNU-638)	1	SPECIES
in vitro (Human Stomach Carcinoma Cells, SNU-719)	1	SPECIES
in vitro (Human Colon Carcinoma Cells, SNU-C2A)	1	SPECIES
in vitro (Human Colon Carcinoma Cells, SNU-C4)	1	SPECIES
in vitro (Human Colon Carcinoma Cells, SNU-C5)	1	SPECIES
in vitro (Human Colon Carcinoma Cells, SNU-61)	1	SPECIES
in vitro (Human Colon Carcinoma Cells, SNU-81)	1	SPECIES
in vitro (Human Colon Carcinoma Cells, SNU-175)	1	SPECIES
in vitro (Human Colon Carcinoma Cells, SNU-1047)	1	SPECIES
in vitro (Human Liver Carcinoma Cells, SNU-182)	1	SPECIES
in vitro (Human Liver Carcinoma Cells, SNU-354)	1	SPECIES
in vitro (Human Liver Carcinoma Cells, SNU-368)	1	SPECIES
in vitro (Human Liver Carcinoma Cells, SNU-387)	1	SPECIES
in vitro (Human Liver Carcinoma Cells, SNU-398)	1	SPECIES
in vitro (Human Liver Carcinoma Cells, SNU-423)	1	SPECIES
in vitro (Rat Brain Tumor B12 Cells)	1	SPECIES
in vitro (Rat Brain Tumor B12 Cell Mitochondria)	1	SPECIES
in vitro (Rat Brain Tumor B12 Cell Nuclei)	1	SPECIES
in vitro (Rat Brain Tumor B12 Cell Microsomes)	1	SPECIES
in vitro (Rat Brain Tumor B12 Cell Cytosol)	1	SPECIES
in vitro (Human Lung Epithelium Cell Cytosol, A549)	1	SPECIES
in vitro (Human Lung Epithelium Cell Mitochondria, A549)	1	SPECIES
in vitro (Rat Sciatic Nerve)	1	SPECIES
in vitro (Human Myeloid Leukemia Cells, K-562/ADM)	1	SPECIES
in vitro (Human Lung Carcinoma Cells, H292)	1	SPECIES
in vitro (Human T Lymphoma Cell Mitochondria, Jurkat)	1	SPECIES
in vitro (Human T Lymphoma Cell Cytosol, Jurkat)	1	SPECIES
in vitro (Pig Kidney Cell Cytosol, LLC-PK1)	1	SPECIES
in vitro (Pig Kidney Cell Mitochondria, LLC-PK1)	1	SPECIES
in vitro (Pig Kidney LLC-PK1 Cell Cytosol Expressing Human ALDH2)	1	SPECIES
in vitro (Pig Kidney LLC-PK1 Cell Mitochondria Expressing Human ALDH2)	1	SPECIES
in vitro (Rat Mammary Gland Mitochondria)	1	SPECIES
in vitro (Rat Prostate Mitochondria)	1	SPECIES
in vitro (Human Lung Cancer Cells, SW-210.5)	1	SPECIES
in vitro (Human Lung Cancer Cells, ADLC-5M2)	1	SPECIES
in vitro (Mouse Leukemia Cell Lysate, L1210, Transfected)	1	SPECIES
in vitro (Murine Bone Marrow Cell Lysate, BAF3)	1	SPECIES
in vitro (Murine Bone Marrow Cell Lysate, BAF3, Transfected)	1	SPECIES
in vitro (Rat Kupffer Cell Mitochondria)	1	SPECIES
in vitro (Rat Colon Mucosa Cells)	1	SPECIES
in vitro (Human Cervix Carcinoma, Me-180 Xenograft)	1	SPECIES
in vitro (Human Cervix Carcinoma, Ca Ski Xenograft)	1	SPECIES
in vitro (Rat Intestine Epithelium Cell Homogenate)	1	SPECIES
in vitro (Human Fibroblast Cells, BJ)	1	SPECIES
in vitro (Human Hepatocytes, Hep 3B)	1	SPECIES
in vitro (Mouse Eye Lens Homogenate)	1	SPECIES
in vitro (Hamster V79 Cell Cytosol Expressing Human SULT1A1)	1	SPECIES
in vitro (Human Kidney HEK 293 Cell Cytosol)	1	SPECIES
in vitro (Mouse Lymphoma Cell Cytosol, L5178Y)	1	SPECIES
in vitro (Rat Liver Microsomes, Thyroidectomized)	1	SPECIES
in vitro (Human Fibroblast Cell Homogenate)	1	SPECIES
in vitro (Rat Heart Microsomes, Hypertensive)	1	SPECIES
in vitro (Rat Aorta Microsomes, Hypertensive)	1	SPECIES
in vitro (Rat Kidney Microsomes, Hypertensive)	1	SPECIES
in vitro (Human Kidney HEK 293 Cell Cytosol, Transfected)	1	SPECIES
in vitro (Mouse Fibrosarcoma Cells, L929)	1	SPECIES
in vitro (Mouse Peritoneal Macrophage Nuclei)	1	SPECIES
in vitro (Mouse Fibroblast Cytosol, 3T6)	1	SPECIES
in vitro (Human Monocyte Cell Cytosol, U937)	1	SPECIES
in vitro (Minipig Platelet Membranes)	1	SPECIES
in vitro (Rat Colon Mucosa and Tumor Supernatant)	1	SPECIES
in vitro (Monkey Lymphocytes)	1	SPECIES
in vitro (Dog Lymphocytes)	1	SPECIES
in vitro (Hamster V79 Cells Expressing Human Cytochrome P450 Reductase)	1	SPECIES
in vitro (Rat Oviduct Homogenate)	1	SPECIES
in vitro (Rat Liver Mitochondrial Inner Membranes)	1	SPECIES
in vitro (Rat Liver Mitochondrial Matrix)	1	SPECIES
in vitro (Rat Liver Smooth ER)	1	SPECIES
in vitro (Rat Liver Rough ER)	1	SPECIES
in vitro (Human Adenoma Cell Plasma Membranes, HT-29)	1	SPECIES
in vitro (Hamster Kidney Fibroblasts)	1	SPECIES
in vitro (Guinea Pig Slices)	1	SPECIES
in vitro (Rat Brain Dialysate)	1	SPECIES
in vitro (Rat Aorta Smooth Muscle Cell Mitochondria, A-10)	1	SPECIES
in vitro (COS-7 Cell Membranes Expressing Human NTPDase 1)	1	SPECIES
in vitro (Rat Liver Microsomes, Long-Evans Cinnamon)	1	SPECIES
in vitro (Rat Cell Mitochondria, PC-12)	1	SPECIES
in vitro (Rat Cell Cytosol, PC-12)	1	SPECIES
in vitro (Rat Colon Content Supernatant)	1	SPECIES
in vitro (Axolotl Embryo)	1	SPECIES
in vitro (Chicken Eye Homogenate, Embryonic)	1	SPECIES
in vitro (Rat Intestine Mucosa Supernatant)	1	SPECIES
in vitro (Rat Striatum Homogenate, Diabetic)	1	SPECIES
in vitro (Rat Liver, Liver Ischemia-Reperfusion Injury)	1	SPECIES
in vitro (Mouse Muscle, Diabetic)	1	SPECIES
in vitro (Rat Hippocampus Mitochondria, Morphine-Dependent)	1	SPECIES
in vitro (Human Neuroblastoma Cell Cytosol, SH-SY5Y)	1	SPECIES
in vitro (Rat Paw Edema Post-Mitochondrial Supernatant)	1	SPECIES
in vitro (Rat Paw Post-Mitochondrial Supernatant)	1	SPECIES
in vitro (Fish Spleen)	1	SPECIES
in vitro (Rat Testis Leydig Cells, High Fat Diet)	1	SPECIES
in vitro (Mouse Lung Supernatant, MT(-/-))	1	SPECIES
in vitro (Mouse Miocardium, Diabetic)	1	SPECIES
in vitro (Mouse Miocardium)	1	SPECIES
in vitro (Rat Serum, Intestinal Ischemia-Reperfusion Injury)	1	SPECIES
in vitro (Rat Small Intestine, Intestinal Ischemia-Reperfusion Injury)	1	SPECIES
in vitro (Rat Brain Supernatant, Infarcted)	1	SPECIES
in vitro (Rat Eye Lens Supernatant)	1	SPECIES
in vitro (Mouse Liver Homogenate, Ovariectomized)	1	SPECIES
in vitro (Mouse Uterus Homogenate, Ovariectomized)	1	SPECIES
in vitro (Mouse Liver, Aging)	1	SPECIES
in vitro (Mouse Serum, Aging)	1	SPECIES
in vitro (Rat Pancreas, Diabetic)	1	SPECIES
in vitro (Bird Liver Supernatant, Japanese Quail)	1	SPECIES
in vitro (Rat Plasma, Newborn)	1	SPECIES
in vitro (Rat Liver, Irradiated)	1	SPECIES
in vitro (Rat Blood, Maternal)	1	SPECIES
in vitro (Rat Blood, Newborn)	1	SPECIES
in vitro (Human Glioma Cells, U-251-MG)	1	SPECIES
in vitro (Human Acute Monocytic Leukemia Cells, Mono Mac 6)	1	SPECIES
in vitro (Chicken Spleen Supernatant)	1	SPECIES
in vitro (Rat Brain Homogenate, C6 Glioma Bearing)	1	SPECIES
in vitro (Mouse Liver Homogenate, Obese)	1	SPECIES
in vitro (Mouse Erythrocytes, Obese)	1	SPECIES
in vitro (Mouse Cervix Squamous Cell Carcinoma Cells, AT478)	1	SPECIES
in vitro (Human Breast Cancer Cells, MCF-7, Transfected)	1	SPECIES
in vitro (Mouse Liver Mitochondria, Transgenic, Overexpressing MnSOD)	1	SPECIES
in vitro (Mouse Liver Mitochondria, Transgenic, MnSOD Knockout)	1	SPECIES
in vitro (Human Lymphocytes, X-Ray Irradiated)	1	SPECIES
in vitro (Human Red Blood Cell Hemolysate)	1	SPECIES
in vitro (Human Red Blood Cell Hemolysate, Cancer Patients)	1	SPECIES
in vitro (Rat Serum, Walker 256/B Cells Inoculated)	1	SPECIES
in vitro (Rat Bone, Walker 256/B Cells Inoculated)	1	SPECIES
in vitro (Rat Bone Marrow, Walker 256/B Cells Inoculated)	1	SPECIES
in vitro (Human Hepatocytes, HL-7702)	1	SPECIES
in vitro (Rat Mammary Tissue)	1	SPECIES
in vitro (Rat Mammary Tumor)	1	SPECIES
in vitro (Pig Hippocampus)	1	SPECIES
in vitro (Mouse Blood, Ehrlich Ascites Carcinoma Bearing)	1	SPECIES
in vitro (Human Skin Carcinoma Cells, A431)	1	SPECIES
in vitro (Fish Liver Homogenate, Atlantic Salmon)	1	SPECIES
in vitro (Rat Medulla Pons)	1	SPECIES
in vitro (Rat Breast)	1	SPECIES
in vitro (Mouse Liver Supernatant, Dietary Selenium-Deficient)	1	SPECIES
in vitro (Mouse Kidney Supernatant, Dietary Selenium-Deficient)	1	SPECIES
in vitro (Rat Liver Homogenate, Tumor Bearing)	1	SPECIES
in vitro (Rat Kidney Homogenate, Tumor Bearing)	1	SPECIES
in vitro (Rat Breast Tumor Homogenate, Tumor Bearing)	1	SPECIES
in vitro (Rat Breast Tumor Homogenate)	1	SPECIES
in vitro (Rat Spinal Cord Supernatant, Spinal Trauma)	1	SPECIES
in vitro (Rat Kidney Homogenate, Nephrectomized)	1	SPECIES
in vitro (Mouse Liver Supernatant, X-Ray Irradiated)	1	SPECIES
in vitro (Rat Left Ventricle, Cardiac Hypertrophy)	1	SPECIES
in vitro (Rat Plasma, Chronic Kidney Failure)	1	SPECIES
in vitro (Rat Liver Cytosol, CCl4 Intoxicated)	1	SPECIES
in vitro (Mouse Brain Homogenate, Female)	1	SPECIES
in vitro (Mouse Brain Homogenate, Male)	1	SPECIES
in vitro (Human Melanoma ME 18 Cells)	1	SPECIES
in vitro (Human CLV98 Cells, Embryonic)	1	SPECIES
in vitro (Green Monkey Kidney V3 Cells)	1	SPECIES
in vitro (Hamster Skin Homogenate)	1	SPECIES
in vitro (Hamster Heart Homogenate)	1	SPECIES
in vitro (Hamster Lung Homogenate)	1	SPECIES
in vitro (Hamster Spleen Homogenate)	1	SPECIES
in vitro (Hamster Bladder Homogenate)	1	SPECIES
in vitro (Mouse Liver Homogenate, Nrf2-Null)	1	SPECIES
in vitro (Mouse Liver Homogenate, Keap1 Knockdown)	1	SPECIES
in vitro (Chicken Aorta Smooth Cells)	1	SPECIES
in vitro (Bovine Endothelial Cells)	1	SPECIES
in vitro (Human Placenta, Smoker)	1	SPECIES
in vitro (Chicken Aorta Smooth Muscle Cells)	1	SPECIES
in vitro (Cattle Endothelial Cells)	1	SPECIES
in vitro (Human Leukemia Cell Homogenate)	1	SPECIES
in vitro (HEK 293 Cells Expressing Human SphK1)	1	SPECIES
in vitro (HEK 293 Cells Expressing Human SphK1, Mutant G82D)	1	SPECIES
in vitro (B-Lymphoblastoid Cell Microsomes)	1	SPECIES
in vitro (Mouse Liver Homogenate, Peroxisome-Deficient)	1	SPECIES
in vitro (Rat Liver Supernatant, Diabetic, Streptozotocin-Induced)	1	SPECIES
in vitro (Guinea Pig Liver Peroxisomes)	1	SPECIES
in vitro (Mouse Skeletal Muscle Mitochondria, CD36 Knockout)	1	SPECIES
in vitro (Mouse Heart Mitochondria, CD36 Knockout)	1	SPECIES
in vitro (Mouse Skeletal Muscle Mitochondria)	1	SPECIES
in vitro (Mouse Liver Homogenate, rasH2)	1	SPECIES
in vitro (Duck Blood)	1	SPECIES
in vitro (Mouse Brain, Diabetic)	1	SPECIES
in vitro (SK-N-MC Cells, Transfected)	1	SPECIES
in vitro (Rat Intestine Membranes)	1	SPECIES
in vitro (Mouse Intestine Membranes)	1	SPECIES
in vitro (Mouse Brain Membranes, Fatty Acid Amide Hydrolase-Null)	1	SPECIES
in vitro (Mouse Intestine Membranes, Fatty Acid Amide Hydrolase-Null)	1	SPECIES
in vitro (Mouse Neuroblastoma N18TG2 Cell Membranes)	1	SPECIES
in vitro (Bovine Leukemia Cells, RBL-2H3)	1	SPECIES
in vitro (RBL-2H3 Cells)	1	SPECIES
in vitro (Chicken Brain Soluble Fraction)	1	SPECIES
in vitro (Chicken Spinal Cord)	1	SPECIES
in vitro (Mouse Spermatogonial Stem Cell Supernatant)	1	SPECIES
in vitro (Chicken Brain Membranes)	1	SPECIES
in vitro (Hen Sciatic Nerve Homogenate)	1	SPECIES
in vitro (Monkey Kidney COS-7 Cells Expressing Chicken Neuropathy Target +	1	SPECIES
in vitro (Monkey Kidney COS-7 Cells Expressing Human Neuropathy Target Es+	1	SPECIES
in vitro (Bovine Adrenal Gland Chromaffin Cells, Transfected)	1	SPECIES
in vitro (Human Neuroblastoma Cell Homogenate, SH-SY5Y)	1	SPECIES
in vitro (Bovine Adrenal Medulla)	1	SPECIES
in vitro (Pig Adrenal Medulla)	1	SPECIES
in vitro (Pig Adrenal Gland Chromaffin Cells)	1	SPECIES
in vitro (Horse Adrenal Medulla)	1	SPECIES
in vitro (Sheep Adrenal Medulla)	1	SPECIES
in vitro (Goat Adrenal Medulla)	1	SPECIES
in vitro (Mouse Neuroblastoma Cell Homogenate, N2a)	1	SPECIES
in vitro (Cattle Adrenal Medulla Supernatant)	1	SPECIES
in vitro (Cattle Chromaffin Cells, Cultured)	1	SPECIES
in vitro (Hen Lymphocytes)	1	SPECIES
in vitro (Hen Blood)	1	SPECIES
in vitro (Hen Peripheral Nerve)	1	SPECIES
in vitro (Human Lymphocyte Homogenate)	1	SPECIES
in vitro (Mouse Plasma, BChE(-/-))	1	SPECIES
in vitro (Mouse Kidney Perfusion, BChE(-/-))	1	SPECIES
in vitro (Mouse Lung Perfusion, BChE(-/-))	1	SPECIES
in vitro (Mouse Fat Perfusion, BChE(-/-))	1	SPECIES
in vitro (Mouse Liver Perfusion, BChE(-/-))	1	SPECIES
in vitro (Mouse Spleen Perfusion, BChE(-/-))	1	SPECIES
in vitro (Mouse Diaphragm Perfusion, BChE(-/-))	1	SPECIES
in vitro (Mouse Brain Perfusion, BChE(-/-))	1	SPECIES
in vitro (Mouse Heart Perfusion, BChE(-/-))	1	SPECIES
in vitro (Mouse Salivary Gland Perfusion, BChE(-/-))	1	SPECIES
in vitro (Mouse Stomach Perfusion, BChE(-/-))	1	SPECIES
in vitro (Mouse Duodenum Perfusion, BChE(-/-))	1	SPECIES
in vitro (Mouse Plasma, Transgenic, Expressing Human BChe Gene)	1	SPECIES
in vitro (Human Kidney 293T Cells Expressing Human BChE)	1	SPECIES
in vitro (Human Kidney 293T Cells Expressing Human BChE-I99M)	1	SPECIES
in vitro (Human Kidney 293T Cells Expressing Human BChE-G75R)	1	SPECIES
in vitro (CHO Cells Expressing Human BChE-E90D)	1	SPECIES
in vitro (Lizard Plasma)	1	SPECIES
in vitro (Human Fibroblasts Expressing Human Butyrylcholine Esterase)	1	SPECIES
Human (Shoulder Surgery Patients)	1	SPECIES
in vitro (Rat Liver Microsomes, Mutant, Nagase Analbuminemic)	1	SPECIES
in vitro (Human H69 Xenograft Homogenate)	1	SPECIES
in vitro (Human H69 Xenograft Nuclei)	1	SPECIES
in vitro (Human H69 Xenograft Mitochondria)	1	SPECIES
in vitro (Human H69 Xenograft Microsomes)	1	SPECIES
in vitro (Human H69 Xenograft Cytosol)	1	SPECIES
Human (Children, Systemic Lupus Erythematosus Patients)	1	SPECIES
Human (Chidren, Lupus Erythematosus Patients)	1	SPECIES
Human (Lupus Erythematosus Patients)	1	SPECIES
Human (Children, Renal Disease Patients)	1	SPECIES
Human (Children, Nephrotic Patients)	1	SPECIES
Human (Children, Heart Transplanted Patients)	1	SPECIES
Human (Graft versus Host Disease Patients)	1	SPECIES
Human (Chinese, Renal Transplant Patients)	1	SPECIES
in vitro (Human Breast Skin Stratum Corneum)	1	SPECIES
in vitro (Human Breast Skin Epidermis)	1	SPECIES
in vitro (Human Breast Skin Dermis)	1	SPECIES
Human (Kidney and Lung Transplanted Patients)	1	SPECIES
in vitro (Pig Intestine Perfusion, Tacrolimus Treated)	1	SPECIES
in vitro (Syrian Hamster Liver Supernatant)	1	SPECIES
in vitro (Mouse Uterus)	1	SPECIES
in vitro (Human Lymphoblast Cell Line HGRPT1)	1	SPECIES
in vitro (Chicken Pineal Gland Supernatant)	1	SPECIES
in vitro (Rabbit Macrophage Microsomes)	1	SPECIES
in vitro (Rat Jejunum Enterocyte Homogenate)	1	SPECIES
in vitro (Rabbit Jejunum Enterocyte Homogenate)	1	SPECIES
in vitro (Rabbit Artery Microsomes)	1	SPECIES
in vitro (Marmoset Monkey Jejunum Enterocyte Homogenate)	1	SPECIES
in vitro (Marmoset Monkey Adrenal Microsomes)	1	SPECIES
in vitro (Human Cell Cytosol, Caco-2)	1	SPECIES
in vitro (Rat Rectum Mucosa Cytosol)	1	SPECIES
in vitro (Rat Nasal Epithelium Cell Cytosol)	1	SPECIES
in vitro (Rat Alveolar Cell Cytosol)	1	SPECIES
in vitro (Bovine Cornea Fibroblasts)	1	SPECIES
in vitro (Rabbit Kidney Cortex Homogenate)	1	SPECIES
in vitro (Rabbit Kidney Cells)	1	SPECIES
in vitro (Rat Liver Microsomes, Female, Gunn)	1	SPECIES
in vitro (Bird Blood, Quail)	1	SPECIES
in vitro (Mouse Synaptosome Membranes)	1	SPECIES
in vitro (Hamster Kidney Tumor Homogenate)	1	SPECIES
in vitro (Human Kidney Tumor Homogenate)	1	SPECIES
in vitro (Mouse Ascites Cell Homogenate)	1	SPECIES
in vitro (Osteosarcoma Cells, Saos-2, Transfected)	1	SPECIES
in vitro (LS180 Cells, Transfected)	1	SPECIES
in vitro (Osteosarcoma Cells, Saos-2)	1	SPECIES
in vitro (COS-7 Cells Expressing Human Carboxylesterase)	1	SPECIES
in vitro (COS-7 Cells Expressing Mouse Carboxylesterase)	1	SPECIES
in vitro (Pig Myocardium)	1	SPECIES
in vitro (Rat Testis Membranes)	1	SPECIES
in vitro (Rat Duodenum Brush Border Membrane Microsomes)	1	SPECIES
in vitro (Human Erythrocyte Cytosol, Lysed)	1	SPECIES
in vitro (Mouse Submaxilla Homogenate)	1	SPECIES
in vitro (Mouse Parotid Gland Homogenate)	1	SPECIES
in vitro (Mouse Plasma Macrophage Lysate)	1	SPECIES
in vitro (Rat Liver Plasma Membrane)	1	SPECIES
in vitro (Mouse Liver Homogenate, SMP30Y/+)	1	SPECIES
in vitro (Mouse Liver Homogenate, SMP30Y/-)	1	SPECIES
in vitro (Pig Tissue Homogenate)	1	SPECIES
in vitro (Mouse Diaphragm Muscle)	1	SPECIES
in vitro (Rat Diaphragm Membranes)	1	SPECIES
in vitro (Mouse Cerebral Cortex Homogenate)	1	SPECIES
in vitro (Rat Blood, Stressed)	1	SPECIES
in vitro (Rat Cortex, Stressed)	1	SPECIES
in vitro (Rat Cerebellum, Stressed)	1	SPECIES
in vitro (Rat Hippocampus, Stressed)	1	SPECIES
in vitro (Mouse Cerebrum)	1	SPECIES
in vitro (Rat Mesencephalon Homogenate)	1	SPECIES
in vitro (Guinea Pig Pancreas Segments)	1	SPECIES
in vitro (Mouse Liver, Transduced)	1	SPECIES
in vitro (Mouse Kidney, Transduced)	1	SPECIES
in vitro (Mouse Lung, Transduced)	1	SPECIES
in vitro (Mouse Brain, Transduced)	1	SPECIES
in vitro (Mouse Spleen, Transduced)	1	SPECIES
in vitro (Mouse Intestine, Transduced)	1	SPECIES
in vitro (COS-7 Cells Expressing Human Alkaline Sphingomyelinase)	1	SPECIES
Human (Fasted, Rapid Acetylator)	1	SPECIES
Human (Fasted, Intermediate Acetylator)	1	SPECIES
Human (Fasted, Slow Acetylator)	1	SPECIES
Human (Fed, Rapid Acetylator)	1	SPECIES
Human (Fed, Intermediate Acetylator)	1	SPECIES
Human (Fed, Slow Acetylator)	1	SPECIES
in vitro (Guinea Pig Midbrain)	1	SPECIES
in vitro (Guinea Pig Medulla)	1	SPECIES
in vitro (Mouse Hippocampus Homogenate, Postnatal Day 21)	1	SPECIES
in vitro (Mouse Septum Homogenate, Postnatal Day 21)	1	SPECIES
in vitro (Mouse Hippocampus Homogenate, Postnatal Day 21, Irradiated)	1	SPECIES
in vitro (Mouse Septum Homogenate, Postnatal Day 21, Irradiated)	1	SPECIES
in vitro (Rat Heart Myocyte Cytosol, Neonatal)	1	SPECIES
in vitro (Rat Heart Myocyte Mitochondria, Neonatal)	1	SPECIES
in vitro (Human Plasma, Infant)	1	SPECIES
in vitro (Human Serum, Liver Disease Patients)	1	SPECIES
in vitro (Rat Colon Membranes)	1	SPECIES
in vitro (Human Colon Carcinoma Cell Lysate, Caco-2)	1	SPECIES
in vitro (Rat Thymocyte Homogenate)	1	SPECIES
in vitro (Rabbit Aorta Smooth Muscle Cell Cytosol)	1	SPECIES
in vitro (Rat Plasma, Boiled)	1	SPECIES
in vitro (Rat Liver Homogenate, Boiled)	1	SPECIES
in vitro (Rat Intestine Homogenate, Boiled)	1	SPECIES
Rat (Dark Agouti, Male)	1	SPECIES
in vitro (Chinese Hamster Lung RJK88.13 Cells, Transfected with Human Thy+	1	SPECIES
in vitro (Rat Tumor Cytosol, Human Colon Carcinoma Cells Implanted)	1	SPECIES
in vitro (Monkey Kidney COS-7 Cells Expressing Human 3alpha/beta-Hydroxys+	1	SPECIES
in vitro (Human Esophagus Carcinoma Microsomes)	1	SPECIES
in vitro (Human Breast Cancer MDA-MB-231 Cells, Transfected)	1	SPECIES
in vitro (Pig Aorta Smooth Muscle AG08473 Cells)	1	SPECIES
in vitro (Pig Aorta Endothelial AG08472 Cells)	1	SPECIES
in vitro (Pig Adipocytes)	1	SPECIES
in vitro (Mouse 3T3-L1 Adipocyte Supernatant)	1	SPECIES
in vitro (Rat Pancreas Islet Cell Cytosol)	1	SPECIES
in vitro (Rat Spleen S9 Fraction)	1	SPECIES
Human (Psychiatric Patients, Smoker)	1	SPECIES
in vitro (Rabbit Platelet Lysate)	1	SPECIES
in vitro (Rat Brain Supernatant, Adult)	1	SPECIES
in vitro (Rat Brain Supernatant, Immature)	1	SPECIES
in vitro (Mouse Brain Homogenate, Female, Pregnant)	1	SPECIES
in vitro (Mouse Brain Homogenate, PON1(-/-), Female, Pregnant)	1	SPECIES
in vitro (Mouse Brain Homogenate, Fetal)	1	SPECIES
in vitro (Mouse Brain Homogenate, PON1(-/-), Fetal)	1	SPECIES
in vitro (Mouse Brain Frontal Cortex)	1	SPECIES
in vitro (Guinea Pig Brain Frontal Cortex Homogenate)	1	SPECIES
in vitro (Guinea Pig Hind Cortex Homogenate)	1	SPECIES
in vitro (Guinea Pig Mid Brain Homogenate)	1	SPECIES
in vitro (Guinea Pig Hippocampus Homogenate)	1	SPECIES
in vitro (Human Hemidiaphragm Homogenate)	1	SPECIES
in vitro (Mouse Neuroblastoma Cells, N2a)	1	SPECIES
in vitro (Lizard Brain Homogenate)	1	SPECIES
in vitro (Fish Brain Homogenate, Zebrafish)	1	SPECIES
in vitro (Rat Pheochromocytoma Cells, PC-12, Transfected)	1	SPECIES
in vitro (Mouse Brain Cortex, Transgenic)	1	SPECIES
in vitro (Mouse Hippocampus, Transgenic)	1	SPECIES
in vitro (Mouse Brain, Transgenic, Expressing Human PON1Q192)	1	SPECIES
in vitro (Mouse Diaphragm, Transgenic, Expressing Human PON1Q192)	1	SPECIES
in vitro (Mouse Brain, Transgenic, Expressing Human PON1R192)	1	SPECIES
in vitro (Mouse Diaphragm, Transgenic, Expressing Human PON1R192)	1	SPECIES
in vitro (Mouse Brain, PON1(-/-))	1	SPECIES
in vitro (Mouse Diaphragm, PON1(-/-))	1	SPECIES
in vitro (Rat Lung Homogenate, Neonatal)	1	SPECIES
in vitro (Fish Muscle Extract)	1	SPECIES
in vitro (Mouse Lung, AChe(+/-) Genotype)	1	SPECIES
in vitro (Mouse Brain, AChe(-/-) Genotype)	1	SPECIES
in vitro (Mouse Lung, AChe(-/-) Genotype)	1	SPECIES
in vitro (Mouse Triceps Muscle)	1	SPECIES
in vitro (Goat Serum, Female, Lactating)	1	SPECIES
in vitro (Microsomes Expressing Human CYP2A6)	1	SPECIES
in vitro (Microsomes Expressing Human CYP2B6)	1	SPECIES
in vitro (Rat Gut Wall Homogenate)	1	SPECIES
in vitro (Rat Pancreas INS-1 Cell Post-Nuclear Fraction)	1	SPECIES
in vitro (Rat Pancreas INS-1 Cell Cytosol)	1	SPECIES
in vitro (Mouse Spleen Lysosomes)	1	SPECIES
in vitro (Mouse P388D1 Cells)	1	SPECIES
in vitro (Rat Cerebellum Granule Cell Homogenate)	1	SPECIES
in vitro (Rat Pulmonary Microvascular Endothelial Cells)	1	SPECIES
in vitro (Human Lymphoblast Cell Microsomes Expressing Human CYP4A11)	1	SPECIES
in vitro (Mouse Macrophage Cell Homogenate, J774)	1	SPECIES
in vitro (Mouse Plasma, Human Ovary Carcinoma Cells Injected)	1	SPECIES
in vitro (Human Ovary Carcinoma Cells, Transfected)	1	SPECIES
in vitro (Rat Cerebellum Supernatant, Female)	1	SPECIES
in vitro (Rat Cerebellum Supernatant, Male)	1	SPECIES
in vitro (Human Lung Carcinoma Cells, H23)	1	SPECIES
in vitro (Rat Lung Type II Cell Cytosol, Fetal)	1	SPECIES
in vitro (Rat Lung Type II Cell Microsomes, Fetal)	1	SPECIES
Rat (Nephrectomized)	1	SPECIES
in vitro (Human Lung Cells, HEL 12469)	1	SPECIES
in vitro (Bird Plasma, Mallard)	1	SPECIES
in vitro (Human Cornea Epithelium Cells, Immortalized)	1	SPECIES
in vitro (Dog Intestine Supernatant)	1	SPECIES
in vitro (Rhesus Monkey Liver Post-Mitochondrial Fraction)	1	SPECIES
in vitro (Rhesus Monkey Intestine Supernatant)	1	SPECIES
in vitro (Human Lymphoblast Cells Expressing Human FMO Isoenzymes)	1	SPECIES
in vitro (Rat Liver Peroxisomes, Male)	1	SPECIES
in vitro (Rat Liver Mitochondria, Male)	1	SPECIES
in vitro (Rat Liver Peroxisomes, Female)	1	SPECIES
Rat (Inflamed Colon)	1	SPECIES
in vitro (Dog Heart Slices)	1	SPECIES
in vitro (Dog Muscle Slices)	1	SPECIES
in vitro (Rabbit Heart Slices)	1	SPECIES
in vitro (Rabbit Muscle Slices)	1	SPECIES
in vitro (Rat Muscle Slices)	1	SPECIES
in vitro (COS-7 Cell Microsomes Expressing Human UGT1A10)	1	SPECIES
in vitro (COS-7 Cell Microsomes Expressing Human UGT Isoenzymes)	1	SPECIES
in vitro (COS-1 Cell Membranes Expressing Human UGT1A9)	1	SPECIES
in vitro (COS-1 Cell Membranes Expressing Human UGT1A9-Asn256)	1	SPECIES
in vitro (COS-1 Cells Expressing Human UGT1A6)	1	SPECIES
in vitro (Human Kidney 293 Cell Membranes Expressing Human UGT1A1)	1	SPECIES
in vitro (Human Liver Microsomes, UGT1-Deficient)	1	SPECIES
in vitro (Human Lung Carcinoma Cells, PC-7)	1	SPECIES
in vitro (Human Lung Carcinoma Cells, PC-7/CPT)	1	SPECIES
in vitro (Rat Liver, Dexamethasone Treated)	1	SPECIES
in vitro (Hamster Lung V79 Cells Expressing Human SULT1A1)	1	SPECIES
in vitro (Hamster Lung V79 Cells Expressing Human SULT1A2)	1	SPECIES
in vitro (Hamster Lung V79 Cells Expressing Human SULT1A3)	1	SPECIES
in vitro (Hamster Lung V79 Cells Expressing Human SULT1B1)	1	SPECIES
Rat (Normotensive)	1	SPECIES
in vitro (Human Glioblastoma Cells, U373, Transfected)	1	SPECIES
in vitro (Mouse Brain, Deprenyl Treated)	1	SPECIES
in vitro (Mouse Brain, Clorgyline Treated)	1	SPECIES
in vitro (Mouse Brain Cortex Mitochondria)	1	SPECIES
in vitro (Mouse Hippocampus Mitochondria)	1	SPECIES
in vitro (Rat Ventricle Mitochondria)	1	SPECIES
in vitro (Human Neuroblastoma Cell Mitochondria, SH-SY5Y, Transfected)	1	SPECIES
in vitro (Cattle Brain Mitochondria)	1	SPECIES
in vitro (Human Lung Epithelium Cell Supernatant, A549)	1	SPECIES
in vitro (Rat Myocardial Cells, Newborn)	1	SPECIES
Human (Anabolic Steroid Abuser)	1	SPECIES
Human (Actinic Keratosis Patients)	1	SPECIES
in vitro (Human B-Lymphoblast Cell Microsomes Expressing Human CYP2C9)	1	SPECIES
in vitro (Hamster Ovary Cells Expressing Rat Phosphatidylethanolamine N-M+	1	SPECIES
in vitro (Pig Sperm, Male)	1	SPECIES
Human (Pancreas Cancer Patients)	1	SPECIES
in vitro (Rat Liver S12 Fraction)	1	SPECIES
in vitro (Rat Medulla Homogenate)	1	SPECIES
in vitro (Human Lymphoblast Cell Microsomes Expressing Human UGT1A10)	1	SPECIES
in vitro (Rat Jejunum Perfusion, Portal Vein Cannulated)	1	SPECIES
in vitro (Human Gastrointestinal Mucosa Mitochondria)	1	SPECIES
Human (Infants, HIV-1 Infected Patients)	1	SPECIES
in vitro (Rat Peritoneal Fluid)	1	SPECIES
in vitro (Rat Plasma, Isoniazid Treated)	1	SPECIES
in vitro (Rat Plasma, m-Xylene Treated)	1	SPECIES
in vitro (Human Plasma, Female, Pregnant, Umbilical Cord)	1	SPECIES
in vitro (Rabbit Serum, Dislipidemic)	1	SPECIES
in vitro (Rabbit Serum, Diabetic)	1	SPECIES
in vitro (Mouse Plasma, Transgenic, Expressing Human PON1Q192)	1	SPECIES
in vitro (Mouse Plasma, Transgenic, Expressing Human PON1R192)	1	SPECIES
in vitro (Mouse Plasma, PON1(-/-))	1	SPECIES
Rat (Human Low VEGF Glioma Bearing)	1	SPECIES
Rat (Human High VEGF Glioma Bearing)	1	SPECIES
in vitro (Mouse Small Intestine Microsomes, Male)	1	SPECIES
in vitro (Mouse Small Intestine Microsomes, Female)	1	SPECIES
in vitro (Human Blood 9L Cells)	1	SPECIES
in vitro (Rat Liver Microsomes, Gunn, Transfected)	1	SPECIES
in vitro (Rat Intestine Microsomes, Gunn, Transfected)	1	SPECIES
in vitro (Rat Colon Microsomes, Gunn, Transfected)	1	SPECIES
in vitro (Rat Intestine Microsomes, Gunn, Heterozygous)	1	SPECIES
in vitro (Rat Colon Microsomes, Gunn, Heterozygous)	1	SPECIES
in vitro (Human Lung Carcinoma Cells, PC-6)	1	SPECIES
in vitro (Hamster Lung Fibroblast V79 Cells Expressing Human UGT1A9)	1	SPECIES
in vitro (Human Brain Microvascular Endothelial Cell Mitochondria)	1	SPECIES
in vitro (Human Lung Carcinoma Cell Extract, A549)	1	SPECIES
in vitro (Human Lung Carcinoma Cell Mitochondria, A549)	1	SPECIES
in vitro (Mouse Striatum Mitochondria, Gclm(+/+))	1	SPECIES
in vitro (Mouse Striatum Mitochondria, Gclm(-/-))	1	SPECIES
in vitro (Mouse Striatum Mitochondria, Gclm(-/+))	1	SPECIES
in vitro (Rat Heart Myocyte Lysate, Doxorubicin Treated)	1	SPECIES
in vitro (Rat Liver Polysomes)	1	SPECIES
in vitro (Rat Brain Polysomes)	1	SPECIES
in vitro (Rat Hypophysis Homogenate)	1	SPECIES
in vitro (Rat Ganglion Homogenate)	1	SPECIES
in vitro (Rat Septum Homogenate)	1	SPECIES
in vitro (Rat Plasma Homogenate)	1	SPECIES
in vitro (Rat Plasma Supernatant)	1	SPECIES
in vitro (Guinea Pig Diaphragm Homogenate)	1	SPECIES
in vitro (Monkey Heart Microsomes)	1	SPECIES
in vitro (Monkey Salivary Gland Microsomes)	1	SPECIES
in vitro (Monkey Skin Microsomes)	1	SPECIES
in vitro (Monkey Lung Supernatant)	1	SPECIES
in vitro (Monkey Small Intestine Supernatant)	1	SPECIES
in vitro (Dog Lung Supernatant)	1	SPECIES
in vitro (Rabbit Small Intestine Supernatant)	1	SPECIES
in vitro (Monkey Large Intestine Supernatant)	1	SPECIES
in vitro (Monkey Heart Supernatant)	1	SPECIES
in vitro (Monkey Stomach Supernatant)	1	SPECIES
in vitro (Human Rabdomiosarcoma TE-671 Cells)	1	SPECIES
in vitro (HEp-2 Cells)	1	SPECIES
in vitro (Rat Brain Prefrontal Cortex Homogenate)	1	SPECIES
in vitro (Rabbit Muscle)	1	SPECIES
in vitro (Rabbit Stomach Mucosa Homogenate)	1	SPECIES
in vitro (Mouse Uterus Supernatant)	1	SPECIES
in vitro (Rat Hepatocytes, Anaerobic Conditions)	1	SPECIES
in vitro (Rat Cecum Flora, Anaerobic Conditions)	1	SPECIES
in vitro (Mouse Leukemia Cells, P388, Anaerobic Conditions)	1	SPECIES
in vitro (Rat Intestine Lumen Wash)	1	SPECIES
in vitro (Human Liver Microsomes Expressing Human CYP3A4)	1	SPECIES
in vitro (Mouse Liver Microsomes, PON1(-/-), Female, Pregnant)	1	SPECIES
in vitro (Mouse Liver Microsomes, Transgenic, Expressing Human PON1-R192,+	1	SPECIES
in vitro (Mouse Liver Microsomes, Transgenic, Expressing Human PON1-Q192,+	1	SPECIES
in vitro (Mouse Heart Membranes, KIAA1363(-/-))	1	SPECIES
in vitro (Mouse Spinal Cord Homogenate)	1	SPECIES
in vitro (Mouse Spinal Cord Homogenate, KIAA1363(-/-))	1	SPECIES
in vitro (Mouse Kidney Membranes, KIAA1363(-/-))	1	SPECIES
in vitro (Mouse Lung Membranes)	1	SPECIES
in vitro (Mouse Lung Membranes, KIAA1363(-/-))	1	SPECIES
in vitro (Mouse Muscle Homogenate, KIAA1363(-/-))	1	SPECIES
in vitro (Mouse Testis Membranes)	1	SPECIES
in vitro (Mouse Testis Membranes, KIAA1363(-/-))	1	SPECIES
in vitro (Mouse Liver Membranes, KIAA1363(-/-))	1	SPECIES
in vitro (Rat Olfactory Turbinates)	1	SPECIES
in vitro (Rat Respiratory Turbinates)	1	SPECIES
Human (Adult, Cancer Patients)	1	SPECIES
Human (Cancer Patients, Young)	1	SPECIES
in vitro (Chinese Hamster Ovary Cell Microsomes Expressing Human CYP2D6)	1	SPECIES
in vitro (Chinese Hamster Ovary Cell Microsomes Expressing Human CYP3A4)	1	SPECIES
in vitro (Human Hep G2 Cells Expressing CYP Isoenzymes)	1	SPECIES
in vitro (Hamster V79 Cells Expressing Rat CYP2B1)	1	SPECIES
in vitro (Human Lymphoblastoid Cell Microsomes Expressing Human CYP3A)	1	SPECIES
in vitro (Human B-Lymphoblastoid Cells Expressing Rat CYP2C6)	1	SPECIES
in vitro (Human B-Lymphoblastoid Cells Expressing Rat CYP1A1)	1	SPECIES
in vitro (Human B-Lymphoblastoid Cells Expressing Rat CYP1A2)	1	SPECIES
in vitro (Human B-Lymphoblastoid Cells Expressing Rat CYP Isoenzymes)	1	SPECIES
in vitro (Hamster Skin Microsomes)	1	SPECIES
in vitro (Human B-Lymphoblastoid Cell Microsomes Expressing Cytochrome P4+	1	SPECIES
in vitro (Human Leukemia Cells, HL-60/S)	1	SPECIES
in vitro (Human Leukemia Cells, HL-60/AR)	1	SPECIES
in vitro (Human Myeloma Cells, 8226/DOX40)	1	SPECIES
Jird	1	SPECIES
in vitro (Jird Liver S9 Fraction)	1	SPECIES
in vitro (Chinese Hamster Ovary UV5 Cells)	1	SPECIES
in vitro (Chinese Hamster Ovary UV5 Cells Expressing Human CYP1A2)	1	SPECIES
in vitro (Human Lung Carcinoma Homogenate)	1	SPECIES
in vitro (Human Lung Perfusion, Cancer Patients)	1	SPECIES
in vitro (Human Bronchus Carcinoma)	1	SPECIES
in vitro (V79 Cell Cytosol Expressing Human Sulfotransferase)	1	SPECIES
in vitro (Goldfish Intestine Mucosa)	1	SPECIES
in vitro (Mouse Liver Microsomes, Hsd11b1(-/-))	1	SPECIES
in vitro (Hamster Red Blood Cells)	1	SPECIES
in vitro (Human Endothelial Cell Supernatant, ECV304)	1	SPECIES
in vitro (Human Nasopharynx Carcinoma Cells)	1	SPECIES
in vitro (Human Plasma, Multiple Sclerosis Patients)	1	SPECIES
Human and Monkey	1	SPECIES
in vitro (Pig Brain Microvascular Endothelial Cells)	1	SPECIES
in vitro (Human Breast Cancer Cells, MDA-MB-436)	1	SPECIES
in vitro (Human Myeloma Cells, NCI-H929)	1	SPECIES
Baboon (Female)	1	SPECIES
in vitro (Human Kidney 293 Cell Membranes Expressing Human UGT1A3, Embryo+	1	SPECIES
in vitro (Human Kidney 293 Cell Membranes Expressing Human UGT1A7, Embryo+	1	SPECIES
in vitro (Human Kidney 293 Cell Membranes Expressing Human UGT1A8, Embryo+	1	SPECIES
in vitro (Human Kidney 293 Cell Membranes Expressing Human UGT1A10, Embry+	1	SPECIES
in vitro (Microsomes Expressing Human UGT1A10)	1	SPECIES
in vitro (Human Endometrial Carcinoma Stromal Cells)	1	SPECIES
in vitro (Human Endometrial Carcinoma Cells, RL95-2)	1	SPECIES
in vitro (Frog Skin RK13 Cells Expressing Dipeptidyl Aminopeptidase IV)	1	SPECIES
in vitro (AHH-1 TK+/- Cells, Transfected)	1	SPECIES
in vitro (Dog Duodenum Contents)	1	SPECIES
in vitro (Dog Colon Homogenate)	1	SPECIES
in vitro (Dog Jejunum Homogenate)	1	SPECIES
in vitro (Dog Ileum Homogenate)	1	SPECIES
in vitro (Human AHH-1 TK+/- Cell Microsomes Expressing CYP450 Isoenzyme)	1	SPECIES
in vitro (Rat Liver Lysosomes and Mitochondria)	1	SPECIES
in vitro (Mouse Colo26 Cells)	1	SPECIES
in vitro (Mouse MNVColo5 Cells)	1	SPECIES
in vitro (Mouse CMT167 Cells)	1	SPECIES
in vitro (Human A2780 Cells)	1	SPECIES
in vitro (Rat Liver Perfusion, Malaria Infected)	1	SPECIES
in vitro (Salmon Testes)	1	SPECIES
in vitro (Rat Olfactory Nasal Mucosa Microsomes)	1	SPECIES
in vitro (Rat Respiratory Nasal Mucosa Microsomes)	1	SPECIES
in vitro (Rat Duodenum Membranes)	1	SPECIES
in vitro (Mouse Duodenum Membranes)	1	SPECIES
in vitro (Mouse Duodenum Membranes, Fatty Acid Amide Hydrolase-Null)	1	SPECIES
in vitro (COS-7 Cell Membranes Expressing Human FAAH-2)	1	SPECIES
in vitro (Rat Mammary Glands)	1	SPECIES
in vitro (Minipig Gastric Juice)	1	SPECIES
in vitro (Rat Vena Supernatant)	1	SPECIES
in vitro (Human Pancreas Carcinoid Cells, BON)	1	SPECIES
in vitro (Rat Pancreas Tumor Cells, AR42J)	1	SPECIES
in vitro (Rat Cardiomyocytes, H9c2, Transfected)	1	SPECIES
in vitro (Mouse Plasma, Bile Duct Ligated)	1	SPECIES
in vitro (Guinea Pig Heart Fibroblasts)	1	SPECIES
in vitro (Rat Pancreas Islet Cells, RIN-m5F)	1	SPECIES
in vitro (Rat Pancreas Islet Cells, RIN-m5F, Transfected)	1	SPECIES
in vitro (Human Endometrial Adenocarcinoma Cell Microsomes, RL95-2, CYP1B+	1	SPECIES
in vitro (Rat Glioblastoma Cells, U138MG)	1	SPECIES
in vitro (Human Leukemia Cells, HL-60, X-Ray Irradiated)	1	SPECIES
in vitro (Rat Testis Cytosol, Testis Ischemia-Reperfusion Injury)	1	SPECIES
in vitro (Mouse Splenocytes, Neonatal)	1	SPECIES
in vitro (Human T-Lymphoblastoid Cells, L-MAT)	1	SPECIES
in vitro (Malignant Peripheral Nerve Sheath Tumor Cell Lysate, STS-26T)	1	SPECIES
in vitro (Rat Adrenal Pheochromocytoma Cell Cytosol, PC-12)	1	SPECIES
in vitro (Human Mesothelioma Cells)	1	SPECIES
in vitro (Human Lung Epithelium Cells, Cl1-0)	1	SPECIES
in vitro (Rat Histiocytoma Cells, BC-8)	1	SPECIES
in vitro (Rat Kidney Cell Lysate, NRK-52E)	1	SPECIES
in vitro (Human Lymphoblastoma T-Cells, L-MAT)	1	SPECIES
in vitro (Rat Liver Lysate)	1	SPECIES
in vitro (Rat Colon Mucosa Supernatant)	1	SPECIES
in vitro (HeLa S Cells)	1	SPECIES
in vitro (Human Malignant Peripheral Nerve Sheath Tumor Cells)	1	SPECIES
in vitro (Human Neuroblastoma Cell Extract, SH-SY5Y)	1	SPECIES
in vitro (Human Cholangiocarcinoma Cells)	1	SPECIES
in vitro (Human Breast Cancer Cell Lysate, MDA-MB-231)	1	SPECIES
in vitro (Mouse Striatum Cytosol)	1	SPECIES
in vitro (Mouse Cortex Cytosol, Male, Hypoxia-Ischemia-Induced)	1	SPECIES
in vitro (Mouse Cortex Cytosol, Female, Hypoxia-Ischemia-Induced)	1	SPECIES
in vitro (Mouse Striatum Cytosol, Male, Hypoxia-Ischemia-Induced)	1	SPECIES
in vitro (Mouse Striatum Cytosol, Female, Hypoxia-Ischemia-Induced)	1	SPECIES
in vitro (HIT-T15 Cells)	1	SPECIES
in vitro (Rat Brain, Ischemic)	1	SPECIES
in vitro (Rat Oligodendrocytes, MO3/13)	1	SPECIES
in vitro (Rat Brain Homogenate, Ischemic, Neonatal)	1	SPECIES
in vitro (Mouse Pituitary Tumor Cells, AtT-20)	1	SPECIES
in vitro (Human Lymphoma Cells, SUDHL-4)	1	SPECIES
in vitro (Rat Cerebral Cortex Cell Lysate)	1	SPECIES
in vitro (Rat Glioblastoma Cell Supernatant, C6)	1	SPECIES
in vitro (Mouse Hypothalamus Cell Supernatant, GT1-7)	1	SPECIES
in vitro (Human T Cells, U937)	1	SPECIES
in vitro (Human Jurkat Cells)	1	SPECIES
in vitro (Rat Ovary Follicle Homogenate)	1	SPECIES
in vitro (Neuroblastoma BE(2)-M17 Cells)	1	SPECIES
in vitro (Jurkat T Lymphocyte Cells, Transfected)	1	SPECIES
in vitro (Rat Cerebral Cortex Cells, Fetal)	1	SPECIES
in vitro (Jurkat Cells Lysate)	1	SPECIES
in vitro (Human Leukemia Cells, Hydrogen Peroxide Resistant)	1	SPECIES
in vitro (Hep G2 Cell Lysate)	1	SPECIES
in vitro (Lymphoblast Cells, HSC536/N)	1	SPECIES
in vitro (Lymphoblast Cells, HSC99)	1	SPECIES
in vitro (Human Prostate Cancer Cell Extract, LNCaP)	1	SPECIES
in vitro (Human Breast Cancer MCF-7 Cell Extract)	1	SPECIES
in vitro (Human Head and Neck Cancer PCI-13 Cell Extract)	1	SPECIES
in vitro (Human Prostate Cancer DU-145 Cell Extract)	1	SPECIES
in vitro (Human Fibroblast Cell Extract, WI-38)	1	SPECIES
in vitro (Human Fibroblast Cell Extract, VA-13)	1	SPECIES
in vitro (Human Melanoma Cell Supernatant, A2058)	1	SPECIES
in vitro (Rat Striatum Cells, M213-20)	1	SPECIES
in vitro (Rat Mesencephalon, Embryonic)	1	SPECIES
in vitro (Human T Cells, HuT-78)	1	SPECIES
in vitro (Human T-Lymphoblastic Lymphoma Cells, Jurkat)	1	SPECIES
in vitro (Murine Neuroblastoma Cells, N1E-115)	1	SPECIES
in vitro (COS-7 Cell Extract)	1	SPECIES
in vitro (Human Ovary Carcinoma Cells, IGROV-1)	1	SPECIES
in vitro (Human Ovary Carcinoma Cells, H134)	1	SPECIES
in vitro (Rat Lung Epithelium Cells, RLF-6TN)	1	SPECIES
in vitro (Human Gastric Cancer Cells, NUGC-3)	1	SPECIES
in vitro (Rat Vascular Smooth Muscle Cells, A10)	1	SPECIES
in vitro (Rat Liver Cell Nuclei)	1	SPECIES
in vitro (Mouse Skin Homogenate, Hairless)	1	SPECIES
in vitro (Rat Skin Homogenate, Hairless)	1	SPECIES
in vitro (Human Epidermis Homogenate)	1	SPECIES
in vitro (Guinea Pig Epidermis Homogenate)	1	SPECIES
in vitro (Rabbit Epidermis Homogenate)	1	SPECIES
in vitro (Mouse Epidermis Homogenate, Hairless)	1	SPECIES
in vitro (Rat Epidermis Homogenate, Hairless)	1	SPECIES
in vitro (Human Dermis Homogenate)	1	SPECIES
in vitro (Guinea Pig Dermis Homogenate)	1	SPECIES
in vitro (Rabbit Dermis Homogenate)	1	SPECIES
in vitro (Mouse Dermis Homogenate, Hairless)	1	SPECIES
in vitro (Rat Dermis Homogenate)	1	SPECIES
in vitro (Rat Dermis Homogenate, Hairless)	1	SPECIES
in vitro (Mouse Serum, Male)	1	SPECIES
in vitro (Human Tumor BON-I Cells)	1	SPECIES
Rat (Aflatoxin B1 Treated)	1	SPECIES
in vitro (Rat Bladder Tumor Cells)	1	SPECIES
Hamster (2-Hydroxy-4-glutathion-S-yl-17beta-estradiol Treated)	1	SPECIES
in vitro (Rat Liver Cytosol, TR- Strain)	1	SPECIES
in vitro (Rat Kidney, Female, Pregnant)	1	SPECIES
in vitro (Rat Granuloma Pouch Exudate)	1	SPECIES
in vitro (Human Sputum Cells)	1	SPECIES
in vitro (Human Nasal Lavage Fluid)	1	SPECIES
in vitro (Pig Eye Retina Pigment Epithelium Cells)	1	SPECIES
in vitro (Rat Mucosa Cell Supernatant, RBL-2H3)	1	SPECIES
in vitro (Mouse Hepatoma Cell Microsomes, Hepa 1c1c7)	1	SPECIES
in vitro (beta-Lymphoblastoid Cell Microsomes Expressing Human CYP1A2)	1	SPECIES
in vitro (beta-Lymphoblastoid Cell Microsomes Expressing Human CYP2C19)	1	SPECIES
in vitro (beta-Lymphoblastoid Cell Microsomes Expressing Human CYP2D6)	1	SPECIES
in vitro (Human B-Lymphoblastoid Cell Microsomes Expressing CYP2E)	1	SPECIES
in vitro (Rat Pancreas Cells, INS 832/13)	1	SPECIES
in vitro (Human Medulloblastoma Cells, UW228)	1	SPECIES
in vitro (Human Colon Adenocarcinoma)	1	SPECIES
in vitro (Human Ovary Adenocarcinoma)	1	SPECIES
in vitro (Human Ovary)	1	SPECIES
in vitro (Human Kidney Carcinoma)	1	SPECIES
in vitro (Human Kidney Wilms' Tumor)	1	SPECIES
in vitro (Rabbit Uterus)	1	SPECIES
in vitro (Rat Testes, Newborn)	1	SPECIES
in vitro (Rat Epididymis, Newborn)	1	SPECIES
in vitro (Rat Prostate, Newborn)	1	SPECIES
in vitro (Rat Seminal Vesicles, Newborn)	1	SPECIES
in vitro (Rat Brain Myelin)	1	SPECIES
in vitro (Human Kidney 293 Cells Expressing Mouse Legumain, Embryonic)	1	SPECIES
in vitro (Human Serum, Cardiopulmonary Bypass Surgery Patients)	1	SPECIES
in vitro (Human Retina Ganglion Cells, RGC-5)	1	SPECIES
in vitro (Human Leukemia Cells, MEG-01)	1	SPECIES
in vitro (Human Burkitt Lymphoma Cells, RAJI)	1	SPECIES
in vitro (Rabbit Lung Epithelium Cells)	1	SPECIES
in vitro (Mouse Cortical Neurons, Fetal)	1	SPECIES
in vitro (Mouse MBEC4 Cells)	1	SPECIES
in vitro (Human Colon Caco-2 Cells and Human Polymorphonuclear Leukocytes+	1	SPECIES
Rat (Hydronephrotic)	1	SPECIES
Rat (Hypospermatogenic)	1	SPECIES
in vitro (Rat Liver S9 Fraction, Hydronephrotic)	1	SPECIES
in vitro (Rat Kidney S9 Fraction, Hydronephrotic)	1	SPECIES
in vitro (Rat Liver S9 Fraction, Hypospermatogenic)	1	SPECIES
in vitro (Rat Kidney S9 Fraction, Hypospermatogenic)	1	SPECIES
in vitro (Human Melanoma Cell Homogenate)	1	SPECIES
in vitro (Cynomolgus Monkey Microsomes)	1	SPECIES
in vitro (Human Tumor Cell Homogenate)	1	SPECIES
in vitro (Human Bone Marrow Erythrocytes)	1	SPECIES
in vitro (Human Bone Marrow Mononuclear Cells)	1	SPECIES
in vitro (Human Pancreas Cancer MIA PaCa-2 Cells Expressing Human Superox+	1	SPECIES
in vitro (Human Breast Cancer MDA 468 Cells, Transfected)	1	SPECIES
in vitro (Rat Brain Extracellular Fluid)	1	SPECIES
in vitro (V79 Cells Expressing Human and Rat UGT Isoenzymes)	1	SPECIES
in vitro (V79 Cells Expressing Rat UGT Isoenzymes)	1	SPECIES
Fish (Female, Arctic Charr)	1	SPECIES
Fish (Female, Arctic Charr, Immature)	1	SPECIES
in vitro (Horse Erythrocytes)	1	SPECIES
in vitro (Rat Gut Perfusion)	1	SPECIES
in vitro (Human B-Lymphoblastoid Cells Expressing Human CYP2C9-Arg)	1	SPECIES
in vitro (Human Breast Cancer MDA-MB-435 Cell Homogenate)	1	SPECIES
in vitro (Adipocyte 3T3-L1 Membranes)	1	SPECIES
in vitro (Fish Liver Cells)	1	SPECIES
in vitro (Fish Gonad Cells)	1	SPECIES
in vitro (Fish Head Kidney Cells)	1	SPECIES
in vitro (Fish Brain Cells)	1	SPECIES
in vitro (Human B-Lymphoblastoid AHH-1 Cells Expressing Human CYP2A6 and +	1	SPECIES
in vitro (Human Colon Cancer Cells, H630)	1	SPECIES
in vitro (Rat Hepatocytes, Fischer 344)	1	SPECIES
Mouse (Ugt2 Knockout)	1	SPECIES
in vitro (Human Lymphoblastoid Cells Expressing Human UGT1A9)	1	SPECIES
in vitro (Human Lymphoblastoid Cells Expressing Human UGT2B7)	1	SPECIES
in vitro (Human Lymphoblastoid Cells Expressing Human UGT1A8)	1	SPECIES
in vitro (Human Lymphoblastoid Cells Expressing Human UGT1A1)	1	SPECIES
in vitro (Human Lymphoblastoid Cells Expressing Human UGT1A3)	1	SPECIES
Fish (Embryo, Brown Trout)	1	SPECIES
in vitro (Fish Proximal Intestine Perfusion)	1	SPECIES
in vitro (Fish Middle Intestine Perfusion)	1	SPECIES
in vitro (Fish Distal Intestine Perfusion)	1	SPECIES
in vitro (Human Lymphoblastoid Cells Expressing CYP3A5)	1	SPECIES
in vitro (Human Lymphoblastoid Cells Expressing CYP2C9)	1	SPECIES
in vitro (Human Saliva Dialysate)	1	SPECIES
in vitro (Rat Cardiomyocytes, H9c2, Attached)	1	SPECIES
in vitro (Rat Cardiomyocytes, H9c2, Detached)	1	SPECIES
in vitro (V79 Cells Expressing Human UGT)	1	SPECIES
in vitro (Lymphoblastoid Cell Microsomes Expressing Human CYP2D6*1)	1	SPECIES
in vitro (Lymphoblastoid Cell Microsomes Expressing Human CYP2C19)	1	SPECIES
in vitro (Lymphoblastoid Cell Microsomes Expressing Human CYP2C9*1)	1	SPECIES
in vitro (Lymphoblastoid Cell Microsomes Expressing Human CYP2C9*2)	1	SPECIES
in vitro (Monkey Liver Nuclei)	1	SPECIES
in vitro (Cow Liver Homogenate)	1	SPECIES
in vitro (Cow Liver Supernatant)	1	SPECIES
in vitro (Fish Gland Homogenate)	1	SPECIES
in vitro (Human Erythroleukemia Cell Extract, K-562)	1	SPECIES
in vitro (Human Endothelial Cells, EA.hy926, Irradiated)	1	SPECIES
in vitro (Human Dental Pulp Cell Microsomes)	1	SPECIES
in vitro (Rat Rostral Ventrolateral Medulla)	1	SPECIES
in vitro (Rat Rostral Ventrolateral Medulla, Hypertensive)	1	SPECIES
in vitro (Rat Cerebral Cortex Cell Microsomes)	1	SPECIES
in vitro (Rat Pheochromocytoma PC-12 Cell Microsomes Expressing Dominant-+	1	SPECIES
in vitro (Rat Liver Microsomes and Homogenate)	1	SPECIES
in vitro (Rat Liver Homogenate and Lung Microsomes)	1	SPECIES
in vitro (Mouse Brain Cortex Neuron-Glia Cells)	1	SPECIES
in vitro (Human Kidney 293 Cells Expressing Monkey UGT2B19, Embryonic)	1	SPECIES
in vitro (Human Kidney 293 Cells Expressing Human UGT1A7, Embryonic)	1	SPECIES
in vitro (Mouse Mammary Sarcoma Cells, EMT6)	1	SPECIES
in vitro (Mouse Fibrosarcoma Cell S9 Fraction)	1	SPECIES
in vitro (Mouse Fibrosarcoma Cell S9 Fraction, Transfected)	1	SPECIES
in vitro (Mouse Peritoneal Mast Cells)	1	SPECIES
in vitro (Human Mast Cells, LUVA)	1	SPECIES
in vitro (Mouse Peritoneal Mast Cells, mMCP-4(-/-))	1	SPECIES
in vitro (Human Placenta Choriocarcinoma Cell Extract)	1	SPECIES
in vitro (Mouse Ileum Mucosa Membrane Homogenate)	1	SPECIES
in vitro (Human Breast Cancer Cell Extract, MDA-MB-231)	1	SPECIES
in vitro (Pig Brain Endothelial Cells)	1	SPECIES
in vitro (Human Leukemia Jurkat T Cell Extract)	1	SPECIES
in vitro (Rat Retina Pigment Epithelium Cell Supernatant)	1	SPECIES
in vitro (Human Umbilical Vein Endothelial Cells, Cultured)	1	SPECIES
in vitro (Rat Ventricle Supernatant)	1	SPECIES
in vitro (C6 Glioma Cells, Cultured)	1	SPECIES
in vitro (Mouse Kidney Proximal Tubule Cytosol)	1	SPECIES
in vitro (Human Carcinoma Cells, Caki-1)	1	SPECIES
in vitro (Human Carcinoma Cells, MDA-MB-435)	1	SPECIES
in vitro (Human Carcinoma Cells, M14-MEL)	1	SPECIES
in vitro (V79 Cells Expressing Human CYP1A1 and Human SULT1A1 Mutants)	1	SPECIES
in vitro (Human Aorta Smooth Muscle Cell Cytosol)	1	SPECIES
in vitro (Murine Macrophage Cells, J774A.1)	1	SPECIES
in vitro (Murine Macrophage Hybridoma, Clone 63)	1	SPECIES
in vitro (Mouse Peritoneal Exudate Cells)	1	SPECIES
in vitro (Mouse Calvaria)	1	SPECIES
in vitro (Mouse Calvaria, Ovariectomized)	1	SPECIES
in vitro (Hamster V79MZ Cells Expressing Rat CYP Isoenzymes)	1	SPECIES
in vitro (Rat Testis S10 Fraction)	1	SPECIES
in vitro (Human Breast Tumor Cytosol)	1	SPECIES
in vitro (Human Lymphoblast Microsomes Expressing Human UGT1A6)	1	SPECIES
in vitro (Human Lymphoblast Microsomes Expressing Human UGT1A7)	1	SPECIES
Marmoset (Bile Duct Ligated)	1	SPECIES
in vitro (Rat Ileum Diffusion System)	1	SPECIES
in vitro (Pig Colon Mucosa Microsomes)	1	SPECIES
in vitro (Hamster Lung Fibroblast V79 Cells Expressing Horse CYP3A89)	1	SPECIES
in vitro (Hamster Lung Fibroblast V79 Cells Expressing Horse CYP3A94)	1	SPECIES
in vitro (Rat Upper Small Intestine Microsomes)	1	SPECIES
in vitro (Rat Lower Small Intestine Microsomes)	1	SPECIES
in vitro (Mouse Upper Small Intestine Microsomes)	1	SPECIES
in vitro (Mouse Lower Small Intestine Microsomes)	1	SPECIES
in vitro (Monkey Upper Small Intestine Microsomes)	1	SPECIES
in vitro (Monkey Lower Small Intestine Microsomes)	1	SPECIES
in vitro (Monkey Large Intestine Microsomes)	1	SPECIES
in vitro (Human Upper Small Intestine Microsomes)	1	SPECIES
in vitro (Rat Brain Myelin Fraction)	1	SPECIES
in vitro (Mouse Spleen Cells)	1	SPECIES
in vitro (Rat Cerebral Cortex Neuron and Brain Glia Cell Lysate, Cocultur+	1	SPECIES
in vitro (Human Vascular Endothelial Cells)	1	SPECIES
in vitro (Rat Kidney Proximal Tubule Cell Cytosol, SKPT-0193, Transfected+	1	SPECIES
in vitro (Rat Kidney Proximal Tubule Supernatant, SKPT-0193)	1	SPECIES
in vitro (Rat Colon Adenocarcinoma Cells, CC531)	1	SPECIES
in vitro (Human Duodenum and Jejunum Microsomes)	1	SPECIES
in vitro (Rat Liver Microsomes, Eisai Hyperbilirubinemic Mutant)	1	SPECIES
in vitro (Rat Cortical Neurons, Cultured, Embryonic)	1	SPECIES
in vitro (Rat Skin Diffusion System)	1	SPECIES
in vitro (Guinea Pig Large Intestine)	1	SPECIES
in vitro (Human Glioma Cells, U251)	1	SPECIES
in vitro (Hep G2 Cells Overexpressing CYP2E1, E47 Cell Line)	1	SPECIES
in vitro (Hep G2 Cells, C34 Cell Line)	1	SPECIES
in vitro (Human Hepatoma Hep G2 Cells Expressing Human CYP2E1)	1	SPECIES
in vitro (Pig Pulmonary Endothelial Cells)	1	SPECIES
in vitro (Mouse Kidney Cortex)	1	SPECIES
in vitro (Mouse Liver Cytosol, db/db)	1	SPECIES
in vitro (Fish Heart Mitochondria)	1	SPECIES
in vitro (Hamster Ovary Cells Expressing Human D-Amino Acid Oxidase)	1	SPECIES
in vitro (Hamster Ovary Cells Expressing Rat D-Amino Acid Oxidase)	1	SPECIES
in vitro (Rat Kidney Homogenate, F344)	1	SPECIES
in vitro (Rat Kidney Homogenate, LEA/SENDAI)	1	SPECIES
in vitro (Fish Hepatopancreas Supernatant)	1	SPECIES
in vitro (Human Liver Epithelium T5 Cells)	1	SPECIES
in vitro (Rat Brain Mitochondria and Synaptosomes)	1	SPECIES
in vitro (HeLa Cell Microsomes)	1	SPECIES
in vitro (COS-7 Cell Microsomes)	1	SPECIES
in vitro (Human Skin Fibroblasts, Adrenoleukodystrophy Patients)	1	SPECIES
in vitro (Human Skin Fibroblasts, Peroxisome Biogenesis Disorder Patients+	1	SPECIES
in vitro (Human Skin Fibroblasts, Acyl-CoA Oxidase-Deficient Patients)	1	SPECIES
in vitro (Human Skin Fibroblasts, Bifunctional Protein-Deficient Patients+	1	SPECIES
Human (CD36-Deficient)	1	SPECIES
in vitro (Human Gastric Cancer Cells, AGS)	1	SPECIES
in vitro (Human Gastric Cancer Cells, NCI-N87)	1	SPECIES
in vitro (Human Ovary Cancer Cells, H134)	1	SPECIES
in vitro (Mouse Fibroblasts, Embryonic, Bax/Bak-Deficient)	1	SPECIES
in vitro (Rat Glioma Cell Supernatant, C6)	1	SPECIES
in vitro (Human Colon Cancer Cells, RKO)	1	SPECIES
in vitro (Fish Gill Cell Lysate, Rainbow Trout)	1	SPECIES
in vitro (Human Esophagus Adenocarcinoma Cells, OE-33)	1	SPECIES
in vitro (Carcinoma Cells, KB-3)	1	SPECIES
in vitro (Human Lymphoblastoid Cell Microsomes Expressing Human UGT1A1)	1	SPECIES
in vitro (Human Lung Carcinoma Cells, H69AR)	1	SPECIES
in vitro (Human Oral Squamous Cell Carcinoma Cell Cytosol, SCC-9)	1	SPECIES
in vitro (Human Lung Cancer Cells, COR-L23/P)	1	SPECIES
in vitro (Human Lung Cancer Cells, NCI-H69/P)	1	SPECIES
in vitro (Human Lung Adenocarcinoma Cells, MOR/P)	1	SPECIES
in vitro (Mouse Heart, Juvenile)	1	SPECIES
in vitro (Mouse Heart, Adult)	1	SPECIES
in vitro (Bovine Kidney Homogenate)	1	SPECIES
in vitro (Human Dermis Fibroblasts)	1	SPECIES
in vitro (Human Prostate Cancer Cells, PC-3, ERbeta-Deficient)	1	SPECIES
in vitro (Human Keloid Fibroblasts)	1	SPECIES
in vitro (Mouse Melanoma Cell Supernatant, B16-F10)	1	SPECIES
in vitro (HEI-OC1 Cells)	1	SPECIES
in vitro (Human Breast Cells, MCF-12A)	1	SPECIES
in vitro (Fish Kidney Macrophages)	1	SPECIES
in vitro (Human Hepatocellular Carcinoma Cells, SK-Hep-1)	1	SPECIES
in vitro (Human Kaposi's Sarcoma Cell Lysate, HIV Infected)	1	SPECIES
in vitro (CHO-K1 Cell Extract)	1	SPECIES
in vitro (Mouse Epidermis Cells, JB6)	1	SPECIES
in vitro (Human Leukemia Jurkat T Cells, Transfected)	1	SPECIES
in vitro (Hepa 1c1c7 Cell Supernatant)	1	SPECIES
in vitro (Rat Liver Stellate Cells, CFSC-2G)	1	SPECIES
in vitro (Opossum Kidney Cells Expressing NF-kappaB p65)	1	SPECIES
in vitro (Human Colon Cancer Cells, HCT-8)	1	SPECIES
in vitro (Human Pancreas Carcinoma Cell Lysate, PANC-1)	1	SPECIES
in vitro (Human Lung Epithelium Adenocarcinoma Cells, A549)	1	SPECIES
in vitro (Opossum Kidney Epithelium Cells)	1	SPECIES
in vitro (Human Lung Carcinoma Cells, CH27)	1	SPECIES
in vitro (Human Kidney Cancer Cells, Caki)	1	SPECIES
in vitro (Human Glioma Cells, U87MG)	1	SPECIES
in vitro (Human Glioma Cells, U373MG)	1	SPECIES
in vitro (Mouse Mammary Carcinoma Cells, 4T1)	1	SPECIES
in vitro (Human Breast Cancer Cells, Transfected)	1	SPECIES
in vitro (Human Lymphoblast Leukemia Cells, BV 173)	1	SPECIES
in vitro (Human Lymphoblast Leukemia Cells, CCRF-CEM)	1	SPECIES
in vitro (Rat Astrocyte Extract)	1	SPECIES
in vitro (Mouse Pancreas Islet Cells, HIT T15)	1	SPECIES
in vitro (Human Leukemia Cells Expressing Bcl-2)	1	SPECIES
in vitro (Human Lymphoma Cells, U937 GTB)	1	SPECIES
in vitro (Cynomolgus Monkey Liver Homogenate)	1	SPECIES
in vitro (Cynomolgus Monkey Brain Gray Matter Homogenate)	1	SPECIES
in vitro (Cynomolgus Monkey Brain White Matter Homogenate)	1	SPECIES
in vitro (Human Melanoma Cells, A375-VR8)	1	SPECIES
in vitro (Human Brain Microvascular Endothelial Cell Supernatant)	1	SPECIES
in vitro (Human Hepatocellular Carcinoma Cells, Hep G2, Adherent)	1	SPECIES
in vitro (Human Hepatocellular Carcinoma Cells, Hep G2, Non-Adherent)	1	SPECIES
in vitro (Human Pancreas Adenocarcinoma Cells, Colo-357)	1	SPECIES
in vitro (Human Hepatoma Hep G2 Cells Expressing ATG5)	1	SPECIES
in vitro (Human Hepatoma Hep G2 Cells Expressing BNIP3)	1	SPECIES
in vitro (Human Leukemia Cells, HL-60, Sonicated)	1	SPECIES
in vitro (Human Hepatoma Hep G2 Cell Cytoplasm)	1	SPECIES
in vitro (P388D1 Cells)	1	SPECIES
in vitro (Pig Kidney Cell Lysate, LLC-PK1)	1	SPECIES
in vitro (Human Jurkat T Cells, LNCX2)	1	SPECIES
in vitro (Human Jurkat T Cells, LNCX2-DRG2)	1	SPECIES
in vitro (SK-Hep-1 Cells)	1	SPECIES
in vitro (Leukemia Cell Cytosol Extracts, Jurkat)	1	SPECIES
in vitro (Hep G2 Cells Expressing Mouse Alcohol Dehydrogenase)	1	SPECIES
in vitro (Pig Pulmonary Artery Endothelial Cells)	1	SPECIES
in vitro (293F Cells, Transfected)	1	SPECIES
in vitro (Mouse Duodenum)	1	SPECIES
in vitro (Mouse Jejunum)	1	SPECIES
in vitro (Mouse Duodenum, Abcc3(-/-))	1	SPECIES
in vitro (Mouse Jejunum, Abcc3(-/-))	1	SPECIES
in vitro (Mouse Ileum, Abcc3(-/-))	1	SPECIES
in vitro (Rat Intestine Microsomes, Wistar)	1	SPECIES
in vitro (Rat Intestine Microsomes, Gunn)	1	SPECIES
in vitro (Human Skin Fibroblasts, Niemann-Pick A Disease Patients)	1	SPECIES
in vitro (Human Skin Fibroblasts, Krabbe Disease Patients)	1	SPECIES
in vitro (Mouse Liver Cytosol, NEUT2 Heterozygous)	1	SPECIES
in vitro (Mouse Liver Cytosol, NEUT2 Homozygous)	1	SPECIES
in vitro (Chinese Hamster V79 Cells Expressing Human UGT1A9)	1	SPECIES
in vitro (Chinese Hamster V79 Cells Expressing Human UGT2B7)	1	SPECIES
in vitro (Chinese Hamster V79 Cells Expressing Human UGT Isoenzymes)	1	SPECIES
in vitro (Human Prostate Cancer LNCaP Cells Expressing CYP27B1)	1	SPECIES
in vitro (Human Lymphoma Cells, BCBL-1)	1	SPECIES
in vitro (Rat Cardiomyocytes, H9c2, Miocardial Ischemia-Reperfusion Injur+	1	SPECIES
in vitro (Rat Testis Supernatant, Arthritic)	1	SPECIES
in vitro (Mouse Mammary Tumor Cells, LM3)	1	SPECIES
in vitro (Human Hepatoma Cells, Hep G2, Atg5 siRNA Transfected)	1	SPECIES
in vitro (Human Hepatocarcinoma Cells, QGY-7701)	1	SPECIES
in vitro (Human Neural Progenitor Cells)	1	SPECIES
in vitro (Rat Granulosa Cells, Preovulatory)	1	SPECIES
in vitro (Human Buccal Fibroblasts)	1	SPECIES
in vitro (Human Stomach Adenocarcinoma Cells, AGS)	1	SPECIES
in vitro (Rat Myocardium Supernatant)	1	SPECIES
in vitro (Mouse Myocardium Supernatant)	1	SPECIES
in vitro (Human Epidermoid Cells, KB)	1	SPECIES
in vitro (Human Pancreas Cancer Cell Supernatant, PANC-1)	1	SPECIES
in vitro (Human Pancreas Cancer Cell Supernatant, BxPC-3)	1	SPECIES
in vitro (Fish Head Kidney Macrophage Lysate)	1	SPECIES
in vitro (Human Melanoma Cells, SK-28)	1	SPECIES
in vitro (Human Osteosarcoma Cells, CAL72)	1	SPECIES
in vitro (Human Stomach Cancer AGS Cell Lysate, Transfected)	1	SPECIES
in vitro (HL-60/MX2 Cells)	1	SPECIES
in vitro (Human Oral Squamous Cell Carcinoma Cells, KB)	1	SPECIES
in vitro (Hamster Pancreas Cells, HIT-T15)	1	SPECIES
in vitro (Rat Pituitary Gland Cells)	1	SPECIES
in vitro (Human Colon Cancer Cells, SNU-C4)	1	SPECIES
in vitro (Hep G2 Cell Supernatant Expressing Human CYP2E1)	1	SPECIES
in vitro (Rat Liver Epithelium Cells, TRL 1215)	1	SPECIES
in vitro (Rat Cerebellum Neurons)	1	SPECIES
in vitro (Human Hepatocarcinoma Cells, Hep 3B)	1	SPECIES
in vitro (Murine Melanoma Cells, B16-BL6)	1	SPECIES
in vitro (Mouse Mammary Adenocarcinoma Cells, F3II)	1	SPECIES
in vitro (HeLaTR Cells)	1	SPECIES
in vitro (Mouse Skin Cells, 291-GFP)	1	SPECIES
in vitro (Mouse Skin Cells, 291-Trim32)	1	SPECIES
in vitro (Murine Leukemia Cell Cytosol, P388)	1	SPECIES
in vitro (Rat Pancreas Cells, INS)	1	SPECIES
in vitro (Rat Pancreas Cells, HIT-T15)	1	SPECIES
in vitro (Rat Brain Cortex, Newborn)	1	SPECIES
in vitro (Rat Hippocampus, Newborn)	1	SPECIES
in vitro (Syrian Hamster Lung Cytosol)	1	SPECIES
in vitro (Human Intestine Cells)	1	SPECIES
in vitro (Rat Intestine Muscle Homogenate)	1	SPECIES
in vitro (Large Bowel Contents)	1	SPECIES
in vitro (Human Fibroblasts, XPE-Deficient)	1	SPECIES
in vitro (Human Fibroblast Cells, VH10)	1	SPECIES
in vitro (Rat Brain Homogenate, Female, Ovariectomized)	1	SPECIES
in vitro (Rat Retina Homogenate, Female, Ovariectomized)	1	SPECIES
in vitro (Rat Abdominal Fat Cytosol)	1	SPECIES
in vitro (CHO Cell Culture and Calf Serum)	1	SPECIES
in vitro (CHO Cell Culture)	1	SPECIES
in vitro (Rat Ileum Epithelium)	1	SPECIES
in vitro (Human Eye Lens Supernatant, Adult)	1	SPECIES
in vitro (Mouse Red Blood Cells, Female, Pregnant)	1	SPECIES
in vitro (Mouse Red Blood Cells, PON1(-/-), Female, Pregnant)	1	SPECIES
in vitro (Mouse Red Blood Cells, Fetal)	1	SPECIES
in vitro (Mouse Red Blood Cells, PON1(-/-), Fetal)	1	SPECIES
in vitro (Mouse Intestine, AChe(+/-) Genotype)	1	SPECIES
in vitro (Rat Liver and Striatum Homogenate)	1	SPECIES
in vitro (Rat Brain Caudate Putamen)	1	SPECIES
in vitro (Rat Brain Dorsal Raphe Nucleus)	1	SPECIES
Human (Glioma Patients)	1	SPECIES
in vitro (Human T2 Cells)	1	SPECIES
in vitro (Rat Bile and Human Urine)	1	SPECIES
in vitro (Human Sarcoma Cells, SK-LMS-1)	1	SPECIES
in vitro (Green Monkey Kidney Fibroblast Cell Cytosol, COS-7)	1	SPECIES
in vitro (Dog Nasal Mucosa Homogenate)	1	SPECIES
in vitro (Rabbit Nasal Mucosa Homogenate)	1	SPECIES
in vitro (Mouse Brain Prefrontal Cortex Homogenate)	1	SPECIES
in vitro (Pig Bronchoalveolar Lavage Fluid Leukocytes)	1	SPECIES
in vitro (Rat Liver S9 Fraction, Female, Ovariectomized)	1	SPECIES
in vitro (Rat Oral Cavity Mucosa)	1	SPECIES
in vitro (Mouse Oral Cavity Mucosa)	1	SPECIES
in vitro (Human Multiple Myeloma Cells, IM-9)	1	SPECIES
in vitro (Human Prostate Cancer Cells, PPC-1)	1	SPECIES
in vitro (Mouse Hepatocarcinoma Cells)	1	SPECIES
in vitro (Human Kidney Epithelium Cells)	1	SPECIES
in vitro (Human Kidney Carcinoma Cells, Caki-1)	1	SPECIES
in vitro (Human Kidney Carcinoma Cells, Deoxytubercidin Resistant)	1	SPECIES
in vitro (Mouse Palate Mesenchymal Cells, Embryonic)	1	SPECIES
in vitro (Mouse Spleen Cell Suspension)	1	SPECIES
in vitro (Human Adenocarcinoma HT-29 Cell Spheroids)	1	SPECIES
in vitro (Human Lymphoma Cells, Jurkat)	1	SPECIES
in vitro (Human Oral Cavity Carcinoma Cells, OSC-2)	1	SPECIES
in vitro (Human Oral Cavity Carcinoma Cells, OSC-4)	1	SPECIES
in vitro (Rat Lymphoma Cells, Nb2)	1	SPECIES
in vitro (Human Umbilical Cord Vein Cells, ECV304)	1	SPECIES
in vitro (Human Leukemia Cell Extract, HL-60)	1	SPECIES
in vitro (293T Cell Supernatant)	1	SPECIES
in vitro (Human Lymphoblastic Leukemia Cell Lysate, 1301)	1	SPECIES
in vitro (Jurkat Cells Overexpressing RXRalpha)	1	SPECIES
in vitro (Mouse Brain Microglia)	1	SPECIES
in vitro (Mouse Brain Cortex, p53-Deficient)	1	SPECIES
in vitro (Mouse Brain Microglia, p53-Deficient)	1	SPECIES
in vitro (Human Bladder Carcinoma Cells, 5637)	1	SPECIES
in vitro (Human Bladder Carcinoma Cells, TCCSUP)	1	SPECIES
in vitro (Human Kidney 293 Cell Microsomes Expressing Human UGT1A10)	1	SPECIES
in vitro (Human Kidney 293 Cell Homogenate Expressing Human UGT1A10)	1	SPECIES
in vitro (Rat Lung Extract)	1	SPECIES
in vitro (Rat Kidney Extract)	1	SPECIES
in vitro (Rat Muscle Extract)	1	SPECIES
in vitro (Rat Bone Extract)	1	SPECIES
in vitro (Mouse Pituitary Tumor Cell Lysate, AtT-20)	1	SPECIES
in vitro (Red Sea Bream Liver Cytosol)	1	SPECIES
in vitro (Goldfish Liver Cytosol)	1	SPECIES
in vitro (HeLa Cell Microsomes, Transfected)	1	SPECIES
in vitro (Rat Hepatocytes, Eisai Hyperbilirubinemic)	1	SPECIES
in vitro (Rat Hepatocytes, Mrp2-Deficient)	1	SPECIES
in vitro (Human Lymphoblast Cells Expressing Human UGT1A1)	1	SPECIES
in vitro (Human Lymphoblast Cells Expressing Human UGT1A3)	1	SPECIES
in vitro (Human Lymphoblast Cells Expressing Human UGT1A9)	1	SPECIES
in vitro (Human Lymphoblast Cells Expressing Human UGT2B7)	1	SPECIES
in vitro (Human Lymphoblast Cells Expressing Human UGT Isoenzymes)	1	SPECIES
in vitro (Mouse Adrenal Glands)	1	SPECIES
in vitro (Human Nasal Epithelium Cells, CF15)	1	SPECIES
in vitro (COS-7 Cells Expressing Cystic Fibrosis Transmembrane Conductanc+	1	SPECIES
in vitro (Human Kidney HEK 293 Cell Homogenate, Embryonic)	1	SPECIES
in vitro (Chicken Cerebellum Granule Neurons, Embryonic)	1	SPECIES
in vitro (Mouse Colonocytes)	1	SPECIES
in vitro (Human Bone Sarcoma Cells)	1	SPECIES
in vitro (Mouse Colon Adenocarcinoma CT26 Cells Expressing Human NK4)	1	SPECIES
in vitro (Mouse Colon Adenocarcinoma Cells, CT26)	1	SPECIES
in vitro (Lymphoma Cells, CCRF-CEM)	1	SPECIES
in vitro (Human Hepatoma Cells, Mahlavu)	1	SPECIES
in vitro (Human Cells, HCT 116)	1	SPECIES
in vitro (Human Hepatoma Mahlavu Cells)	1	SPECIES
in vitro (SH-SY5Y Cell Supernatant)	1	SPECIES
in vitro (Human Breast Adenocarcinoma Cell Lysate, MCF-7)	1	SPECIES
in vitro (Rat Midbrain Homogenate)	1	SPECIES
Human (CYP2C19*17/*17 Genotype)	1	SPECIES
in vitro (Rat Glandular Stomach Supernatant)	1	SPECIES
Mouse (Human Glioma D54 Cells Inoculated)	1	SPECIES
in vitro (Mouse Melanoma Cells, Transfected)	1	SPECIES
in vitro (Rat Liver Cells, Fetal)	1	SPECIES
in vitro (Mouse Intestine Supernatant)	1	SPECIES
in vitro (Dog Small Intestine Slices)	1	SPECIES
in vitro (Human Hepatoblastoma Cells Expressing Human CYP2E1)	1	SPECIES
in vitro (Human and Rat Liver Microsomes)	1	SPECIES
in vitro (Mouse Colon Cancer Cells, AJ02-NMo)	1	SPECIES
in vitro (Murine Thymus Lymphoma Cells)	1	SPECIES
in vitro (Pig Pancreas Extract)	1	SPECIES
in vitro (Pig Small Intestine Perfusion)	1	SPECIES
in vitro (Pig Small Intestine Homogenate)	1	SPECIES
in vitro (Mouse Endothelial Cells)	1	SPECIES
in vitro (Rat Lung Homogenate Extract)	1	SPECIES
Pig (Male, Castrated)	1	SPECIES
in vitro (Dog Aorta Homogenate)	1	SPECIES
in vitro (Dog Aorta Cytosol)	1	SPECIES
in vitro (Dog Aorta S9 Fraction)	1	SPECIES
in vitro (Dog Aorta Microsomes)	1	SPECIES
in vitro (Mouse Feces Supernatant)	1	SPECIES
Mouse (Nude, Human Lung Adenocarcinoma CL1-5 Bearing)	1	SPECIES
Mouse (Nude, Human Colorectal Adenocarcinoma LS174T Bearing)	1	SPECIES
Mouse (NOD/SCID, Human Lung Adenocarcinoma CL1-5 Bearing)	1	SPECIES
in vitro (Mouse Heart, Transgenic)	1	SPECIES
in vitro (Mouse Kidney, Transgenic)	1	SPECIES
in vitro (Mouse Spleen, Transgenic)	1	SPECIES
in vitro (Human Skin Fibroblasts, Mutant)	1	SPECIES
in vitro (Sheep Plasma, Female, Pregnant)	1	SPECIES
in vitro (Human Skin Fibroblast Supernatant)	1	SPECIES
in vitro (Human Breast Cancer Cell Homogenate, MDA-MB-231)	1	SPECIES
in vitro (Human Serum, Asthma Patients)	1	SPECIES
in vitro (Rat Tendon Supernatant)	1	SPECIES
in vitro (Mouse Osteoblasts)	1	SPECIES
in vitro (Dog Kidney Epithelium Cells)	1	SPECIES
in vitro (Human Hepatocytes, Extensive Metabolizer)	1	SPECIES
in vitro (Human Hepatocytes, Poor Metabolizer)	1	SPECIES
in vitro (COS-1 Cells Expressing Human SULT1A1)	1	SPECIES
in vitro (COS-1 Cells Expressing Human SULT2B)	1	SPECIES
in vitro (COS-1 Cells Expressing Human SULT Isoenzymes)	1	SPECIES
in vitro (Hamster Liver Mitochondria and Nuclei)	1	SPECIES
in vitro (Hamster Pancreas Homogenate)	1	SPECIES
in vitro (Hamster Mitochondria and Nuclei)	1	SPECIES
in vitro (Hamster Pancreas Microsomes)	1	SPECIES
in vitro (Hamster Pancreas Cytosol)	1	SPECIES
in vitro (Human Cancer Cell Nuclei)	1	SPECIES
in vitro (Human Cancer Cell Mitochondria)	1	SPECIES
in vitro (Human Cancer Cell Microsomes)	1	SPECIES
in vitro (Human Ovary Cancer Cell Microsomes)	1	SPECIES
in vitro (Human Ovary Cancer Cell Cytosol)	1	SPECIES
in vitro (Human Kidney Cancer Cell Nuclei)	1	SPECIES
in vitro (Human Kidney Cancer Cell Mitochondria)	1	SPECIES
in vitro (Human Kidney Cancer Cell Microsomes)	1	SPECIES
in vitro (Human Kidney Cancer Cell Cytosol)	1	SPECIES
in vitro (Rabbit Duodenum Homogenate)	1	SPECIES
in vitro (Rabbit Jejunum Homogenate)	1	SPECIES
in vitro (Rabbit Ileum Homogenate)	1	SPECIES
in vitro (Rabbit Ascending Colon Homogenate)	1	SPECIES
in vitro (Rabbit Descending Colon Homogenate)	1	SPECIES
in vitro (AS52 Cell Extract)	1	SPECIES
in vitro (COS-7 Cell Homogenate Expressing Rabbit UGT1A7)	1	SPECIES
in vitro (COS-7 Cell Homogenate Expressing Rabbit UGT2B16)	1	SPECIES
in vitro (COS-7 Cell Homogenate Expressing Rabbit UGT Isoenzymes)	1	SPECIES
in vitro (Human Skin Papilla Cells)	1	SPECIES
in vitro (Human Sebaceous Gland Cells, SZ95)	1	SPECIES
in vitro (Pig Kidney S9 Fraction)	1	SPECIES
in vitro (Cattle Brain Homogenate)	1	SPECIES
in vitro (Cattle Brain Capillary Suspension)	1	SPECIES
in vitro (Human Lymphocytes, YT)	1	SPECIES
in vitro (Rat Liver Submitochondrial Particles)	1	SPECIES
in vitro (Rat Gastrointestinal Fluid)	1	SPECIES
in vitro (Sheep Liver S9 Fraction)	1	SPECIES
in vitro (Sheep Lung S9 Fraction)	1	SPECIES
in vitro (Caco-2 Cell Nuclei)	1	SPECIES
in vitro (Human Plasma, Diabetic Patients)	1	SPECIES
in vitro (Mouse Plasma, ob/ob, Diabetic)	1	SPECIES
in vitro (Mouse Skin, ob/ob, Diabetic)	1	SPECIES
in vitro (Human Prostate Carcinoma Cell Supernatant, LNCaP)	1	SPECIES
in vitro (HK 293 Cell Microsomes Expressing Human UGT2B4D)	1	SPECIES
in vitro (HK 293 Cell Microsomes Expressing Human UGT2B4E)	1	SPECIES
in vitro (HK 293 Cell Microsomes Expressing Monkey UGT2B18)	1	SPECIES
in vitro (HK 293 Cell Microsomes Expressing Monkey UGT2B9)	1	SPECIES
in vitro (HK 293 Cell Microsomes Expressing Monkey UGT2B20)	1	SPECIES
in vitro (HK 293 Cell Microsomes Expressing Monkey UGT2B23)	1	SPECIES
in vitro (HK 293 Cell Microsomes Expressing Human UGT2B18)	1	SPECIES
in vitro (Mouse Thalamus)	1	SPECIES
in vitro (Mouse Spinal Cord)	1	SPECIES
in vitro (Human Liver Microsomes, CYP2D6 Poor Metabolizer)	1	SPECIES
in vitro (COS-7 Cells Expressing Human NPP1)	1	SPECIES
in vitro (COS-7 Cells Expressing Human NPP3)	1	SPECIES
in vitro (Human Breast Tumor Epithelium Cells, COH-BR1, Transfected)	1	SPECIES
in vitro (Human Breast Tumor Epithelium Cells, COH-BR1)	1	SPECIES
in vitro (Mouse Liver Microsomes, Human Tumor Bearing)	1	SPECIES
in vitro (Mouse Tumor Microsomes, Human Tumor Bearing)	1	SPECIES
in vitro (Human B-Lymphoblastoid Cancer Cells Overexpressing Human CYP2E1+	1	SPECIES
in vitro (COS-1 Cell S9 Fraction, Transfected)	1	SPECIES
Rabbit (Lipopolysaccharide Treated)	1	SPECIES
in vitro (Monkey Eye)	1	SPECIES
in vitro (Human Thyroid Supernatant)	1	SPECIES
in vitro (Human Erythrocytes, Kidney Transplanted Patients)	1	SPECIES
in vitro (Human Erythrocytes, Male)	1	SPECIES
in vitro (Rat Liver Cytosol, Tumor Bearing)	1	SPECIES
in vitro (Human Skin Perfusion)	1	SPECIES
in vitro (HEK 293 Cell Microsomes Expressing Human UGT1A4)	1	SPECIES
in vitro (Rabbit Colon Contents)	1	SPECIES
in vitro (Rabbit Jejunum Contents)	1	SPECIES
in vitro (Rabbit Ileum Contents)	1	SPECIES
in vitro (Human Umbilical Artery Cells)	1	SPECIES
in vitro (Human Kidney Proximal Tubule Epihelium Cells, HKC-8)	1	SPECIES
in vitro (Human Colorectal Carcinoma Cells, DLD-1)	1	SPECIES
in vitro (Rat Hepatocyte Membranes)	1	SPECIES
in vitro (Leukemia Cell Homogenate, L1210)	1	SPECIES
in vitro (Leukemia Cell Homogenate, AML2)	1	SPECIES
Mouse (ApoE-Deficient)	1	SPECIES
in vitro (Rat Liver Cytosol Extract)	1	SPECIES
in vitro (Mouse Teratocarcinoma Cells)	1	SPECIES
in vitro (Human Ovary Adenocarcinoma Cells)	1	SPECIES
in vitro (Mouse Tumor)	1	SPECIES
in vitro (Human Stratum Corneum Membranes)	1	SPECIES
in vitro (Human Lymphoma Cell Membranes, U937)	1	SPECIES
in vitro (Human Kidney 293 Cells, Human Oligopeptide Transporter Gene Tra+	1	SPECIES
in vitro (Human Kidney HEK 293 Cells Expressing Human Nitrilase 1)	1	SPECIES
in vitro (Human Kidney HEK 293 Cells Expressing Human Nitrilase 2)	1	SPECIES
Rat (Fischer 344, Dipeptidyl Peptidase-4-Deficient)	1	SPECIES
in vitro (Human Melanoma Cells, SK-MEL-5)	1	SPECIES
in vitro (Human Lung Adenocarcinoma Cells, NCI-H522)	1	SPECIES
in vitro (Human Foreskin Fibroblasts)	1	SPECIES
in vitro (Human Cancer Cells, H460)	1	SPECIES
in vitro (Human Cancer HCT 116 Cells Expressing AKR1C3)	1	SPECIES
Rat (CCl4 Intoxicated)	1	SPECIES
in vitro (Human Ovary Carcinoma KOC-7c Cells)	1	SPECIES
in vitro (Human Ovary Carcinoma KOC-7c Cells, Transfected)	1	SPECIES
in vitro (Rabbit Corneal Epithelium, Aqueous Humor Homogenate)	1	SPECIES
Prairie Vole	1	SPECIES
in vitro (Hamster Intestine)	1	SPECIES
Human (Thromboembolism Patients)	1	SPECIES
Human (Thrombocythemia Patients)	1	SPECIES
in vitro (Monkey Peripheral Blood Mononuclear Cells)	1	SPECIES
in vitro (Rat Intestine-Liver Perfusion)	1	SPECIES
in vitro (Human Burkitt Lymphoma Cells, Daudi)	1	SPECIES
in vitro (Lymphoblast Cells, Transfected)	1	SPECIES
in vitro (Chicken Intestine Mucosa)	1	SPECIES
in vitro (Mouse Cell Lysate, NIH3T3)	1	SPECIES
in vitro (Mouse Cell Lysate, NIH3T3, Transfected)	1	SPECIES
in vitro (Rat Myocardium Homogenate)	1	SPECIES
in vitro (Human Atrial Myocardium Homogenate)	1	SPECIES
in vitro (Human Ventricular Myocardium Homogenate)	1	SPECIES
in vitro (Hep G2 Cell Cytosol, Isocitrate Dehydrogenase Knockdown)	1	SPECIES
in vitro (Human Lymphoma Cells, Granta-549)	1	SPECIES
in vitro (Human Lymphoma Cells, JVM-2)	1	SPECIES
in vitro (Human Lymphoma Cells, Z-138)	1	SPECIES
in vitro (Human Glioma Cells, LN229)	1	SPECIES
in vitro (Human Cancer Cells, UPN-2)	1	SPECIES
in vitro (Human Cancer Cells, SP-53)	1	SPECIES
in vitro (Human Neuroepithelioma Cells, SK-N-MC)	1	SPECIES
in vitro (Pig Small Intestine Epithelium Cells, IPEC-1)	1	SPECIES
in vitro (Pig Small Intestine Epithelium Cells, IPEC-J2)	1	SPECIES
in vitro (Human Cervix Cancer Cells, NF-kappaB-bla ME-180)	1	SPECIES
in vitro (Mouse Squamous Cell Carcinoma Cells, Ca3/7)	1	SPECIES
in vitro (Human Medullary Thyroid Carcinoma Cells)	1	SPECIES
in vitro (Fish Embryo Supernatant, Medaka)	1	SPECIES
Frog (Embryo, Xenopus Laevis)	1	SPECIES
in vitro (Human Colon Adenocarcinoma Cell S9 Fraction, Caco-2)	1	SPECIES
in vitro (Rat Colon Wash)	1	SPECIES
in vitro (Monkey Colon Wash)	1	SPECIES
in vitro (Mouse Nasal Mucosa)	1	SPECIES
in vitro (Mouse Brain Stem Homogenate)	1	SPECIES
in vitro (Mouse Brain Substantia Nigra Homogenate)	1	SPECIES
in vitro (Mouse Brain Nucleus Accumbes Homogenate)	1	SPECIES
in vitro (Mouse Cerebral Cortex Neurons)	1	SPECIES
in vitro (Mouse Cerebral Cortex Astrocytes)	1	SPECIES
in vitro (Mouse Striatum Neurons)	1	SPECIES
in vitro (Mouse Striatum Astrocytes)	1	SPECIES
in vitro (Rat Heart Mitochondria, Ischemic)	1	SPECIES
in vitro (Mouse Ascitic Fluid, Human OVCAR-3 Injected)	1	SPECIES
Impala	1	SPECIES
in vitro (Fish Liver Extract, Lamprey)	1	SPECIES
in vitro (Rat Thalamus Supernatant, Male)	1	SPECIES
in vitro (Rat Thalamus Supernatant, Female)	1	SPECIES
in vitro (Human Bronchial Epithelium Cells and Fibroblasts, Cocultered)	1	SPECIES
in vitro (Human Lung Cancer Cells, BEAS-2B)	1	SPECIES
in vitro (Mouse Cervix Homogenate)	1	SPECIES
in vitro (PC6-3 Cell Cytosol)	1	SPECIES
in vitro (Dog Kidney MDCK Cells Coexpressing Human OCT1 and Human CYP3A4)	1	SPECIES
in vitro (Dog Kidney MDCK Cells Expressing Human CYP3A4)	1	SPECIES
in vitro (Dog Kidney MDCK Cells)	1	SPECIES
in vitro (Dog Kidney MDCK Cells Expressing Human OCT1)	1	SPECIES
in vitro (Human Hepatoma Cells, DPX-2)	1	SPECIES
in vitro (Human Hepatocytes and Mouse Fibroblast 3T3 Cells, Cocultured)	1	SPECIES
in vitro (Human Hepatocellular Carcinoma Cells, DPX-2)	1	SPECIES
in vitro (Horse Duodenum Microsomes)	1	SPECIES
in vitro (Horse Jejunum Microsomes)	1	SPECIES
in vitro (Huh-7 Cells Expressing Rat CYP2C22)	1	SPECIES
in vitro (Human Lung Fibroblast Cells, WI-38, Transfected)	1	SPECIES
in vitro (Human Hepatocarcinoma Cells, Hep G2, Transfected, HPL-A3 Line)	1	SPECIES
Human (Elderly, Extensive Metabolizer)	1	SPECIES
Human (Elderly, Poor Metabolizer)	1	SPECIES
Human (Young, Extensive Metabolizer)	1	SPECIES
Human (Young, Poor Metabolizer)	1	SPECIES
in vitro (Human Urine, Glomerular Disease Patients)	1	SPECIES
in vitro (Bovine Liver S9 Fraction)	1	SPECIES
in vitro (Cat Liver S9 Fraction)	1	SPECIES
in vitro (Human Kidney Epithelium Cells, 293T)	1	SPECIES
in vitro (Dog Skin Slices)	1	SPECIES
in vitro (Human Polymorphonuclear Leukocyte Lysate)	1	SPECIES
in vitro (Human Hepatoma Hep 3B Cells, Phosphatase-Deficient)	1	SPECIES
in vitro (Human Hepatoma Hep 3B Cells Overexpressing Epoxide Hydrolase)	1	SPECIES
in vitro (Human Hepatoma Hep 3B Cells, Epoxide Hydrolase-Deficient)	1	SPECIES
in vitro (Mouse Eye Vitreous Body)	1	SPECIES
in vitro (Green Monkey Kidney Fibroblast Cells, COS-7, Transfected)	1	SPECIES
in vitro (Human Leukocytes, Acute Myeloid Leukemia Patients)	1	SPECIES
in vitro (Human Bone Marrow, Acute Myeloid Leukemia Patients)	1	SPECIES
in vitro (CHO Cells)	1	SPECIES
in vitro (Chinese Hamster Ovary Cells, UV4)	1	SPECIES
in vitro (Mouse Hepatocytes, Chimeric, Rat Liver)	1	SPECIES
in vitro (Human Foreskin Fibroblasts, Fetal)	1	SPECIES
in vitro (Mouse Serum, Hyperlipidemic)	1	SPECIES
in vitro (Mouse Liver, Hyperlipidemic)	1	SPECIES
in vitro (Human Colon Fistula Homogenate, Crohn's Disease Patients)	1	SPECIES
in vitro (Human Colon Fistula Homogenate)	1	SPECIES
in vitro (Mouse Liver, COX-2 Knockout)	1	SPECIES
in vitro (Human Colon Adenocarcinoma Cell Cytosol, HT-29)	1	SPECIES
in vitro (Mouse Tumor, Human HT1080 Xenograft)	1	SPECIES
in vitro (Mouse Tumor, Human MCF-7 Xenograft)	1	SPECIES
in vitro (Human Prostate Cancer Cells, Primary Culture)	1	SPECIES
in vitro (Rat Brain Substantia Nigra Supernatant)	1	SPECIES
in vitro (Rat Peripheral Blood Lymphocyte Supernatant)	1	SPECIES
in vitro (Human Lymphoblastic Leukemia Cells, 1301)	1	SPECIES
in vitro (Mini Pig Myocardium Supernatant)	1	SPECIES
in vitro (Mouse Spleen, Septic)	1	SPECIES
in vitro (Mouse Bronchoalveolar Lavage Fluid)	1	SPECIES
in vitro (Mouse Bronchoalveolar Lavage Fluid, Allergen Challenged)	1	SPECIES
Fish (Embryo, Zebrafish)	1	SPECIES
in vitro (Ad 293 Cells Expressing Human CYP3A5)	1	SPECIES
in vitro (Ad 293 Cells Expressing Human CYP3A7)	1	SPECIES
in vitro (Ad 293 Cells Expressing Human CYP1A2)	1	SPECIES
in vitro (Ad 293 Cells Expressing Human CYP2B6)	1	SPECIES
in vitro (Ad 293 Cells Expressing Human CYP2C8)	1	SPECIES
in vitro (Ad 293 Cells Expressing Human CYP2C18)	1	SPECIES
in vitro (Human Bronchoalveolar Lavage Fluid, Neonatal)	1	SPECIES
in vitro (Human Epidermis Keratinocyte Lysate, HaCaT)	1	SPECIES
in vitro (Rat Hepatoma Cell Lysate, McA-RH7777)	1	SPECIES
in vitro (Monkey Small Intestine Homogenate)	1	SPECIES
Goat (Hepatopathy-Induced)	1	SPECIES
in vitro (Rabbit Eye Retina Choroid Homogenate)	1	SPECIES
in vitro (Human Colon Cancer Cells, Colo-320)	1	SPECIES
in vitro (Human Breast Cancer Cells, MDA-MB-231, Thioredoxin Knockdown)	1	SPECIES
in vitro (MDCK-II Cells, Transfected)	1	SPECIES
in vitro (Human Cervix Carcinoma Cells, MS751)	1	SPECIES
in vitro (Human Cervix Carcinoma Cells, HT-3)	1	SPECIES
in vitro (Human Tongue Squamous Carcinoma Cells, SCC-4)	1	SPECIES
in vitro (Human Cervix Carcinoma Cells, ME-180)	1	SPECIES
in vitro (Human Cervix Carcinoma Cell Extract, SiHa)	1	SPECIES
in vitro (Human Kidney HEK 293T Cells Expressing Human NPP1)	1	SPECIES
in vitro (Human Kidney HEK 293T Cells Expressing Human NPP3)	1	SPECIES
Fish (Flounder)	1	SPECIES
in vitro (Pig Pancreas Mitochondria)	1	SPECIES
in vitro (Human Breast Cancer Cells, MCF-7, SULT2B1b Knockdown)	1	SPECIES
in vitro (HEK 293T Cell Microsomes, Transfected)	1	SPECIES
in vitro (Human Epidermis Supernatant)	1	SPECIES
in vitro (Guinea Pig Epidermis Supernatant)	1	SPECIES
in vitro (Rabbit Epidermis Supernatant)	1	SPECIES
in vitro (Mouse Epidermis Supernatant, Hairless)	1	SPECIES
in vitro (Rat Epidermis Supernatant)	1	SPECIES
in vitro (Rat Epidermis Supernatant, Hairless)	1	SPECIES
in vitro (Human Dermis Supernatant)	1	SPECIES
in vitro (Guinea Pig Dermis Supernatant)	1	SPECIES
in vitro (Rabbit Dermis Supernatant)	1	SPECIES
in vitro (Mouse Dermis Supernatant, Hairless)	1	SPECIES
in vitro (Rat Dermis Supernatant)	1	SPECIES
in vitro (Rat Dermis Supernatant, Hairless)	1	SPECIES
in vitro (Guinea Pig Skin Supernatant)	1	SPECIES
in vitro (Rabbit Skin Supernatant)	1	SPECIES
in vitro (Mouse Skin Supernatant, Hairless)	1	SPECIES
in vitro (Rat Skin Supernatant, Hairless)	1	SPECIES
in vitro (Mouse Liver Homogenate, IL-6(-/-))	1	SPECIES
in vitro (Mouse Liver Supernatant, Hepatitis-Induced)	1	SPECIES
in vitro (Human Tumor Cells, MDA-MB-231)	1	SPECIES
in vitro (Human Tumor Cells, SiHa, POR(-/-))	1	SPECIES
in vitro (Human Tumor HCT 116 Cells Expressing Human AKR Isoenzymes)	1	SPECIES
in vitro (Human Tumor HCT 116 Cells Expressing Human CYB5R3)	1	SPECIES
in vitro (Human Tumor HCT 116 Cells Expressing Human FDXR)	1	SPECIES
in vitro (Human Tumor HCT 116 Cells Expressing Human MTRR)	1	SPECIES
in vitro (Human Tumor HCT 116 Cells Expressing Human NOS2A)	1	SPECIES
in vitro (Human Tumor HCT 116 Cells Expressing Human NQO1)	1	SPECIES
in vitro (Human Tumor HCT 116 Cells Expressing Human POR)	1	SPECIES
in vitro (Human Tumor HCT 116 Cells Expressing Human XDH)	1	SPECIES
in vitro (HEK 293 Cells Expressing Human FOXRED2)	1	SPECIES
Rat (Glycosylated Naringinase Treated)	1	SPECIES
in vitro (Mouse Myeloma Cells Expressing CES1)	1	SPECIES
in vitro (Mouse Myeloma Cells Expressing CES2)	1	SPECIES
in vitro (Mouse Myeloma NS0 Cells Expressing Human Alkaline Phosphatase)	1	SPECIES
in vitro (Bird Serum)	1	SPECIES
in vitro (Bird Urine)	1	SPECIES
in vitro (HeLa Cells Expressing Human UGT1A1)	1	SPECIES
in vitro (Human Astrocytoma Cells, CCF-STTG1)	1	SPECIES
in vitro (Human B-Lymphoblastoma Cells Expressing Rat CYP2D1)	1	SPECIES
in vitro (Human B-Lymphoblastoma Cells Expressing Rat Isoenzymes)	1	SPECIES
in vitro (Human Tumor Cells, MCF-7)	1	SPECIES
in vitro (Human Tumor Cells, Caco-2)	1	SPECIES
in vitro (Human Tumor Cells, THP-1)	1	SPECIES
in vitro (Human Tumor Cells, CNE)	1	SPECIES
in vitro (Human Tumor Cells, K-562)	1	SPECIES
in vitro (Human Tumor Cells, HGC-27)	1	SPECIES
in vitro (Human Tumor Cells, Tca-8113)	1	SPECIES
in vitro (Human Tumor Cells, HL-7702)	1	SPECIES
Mouse (Neutropenia, Staphylococcus aureus Infected)	1	SPECIES
in vitro (Human Synovial Fluid)	1	SPECIES
in vitro (Mouse 4T1 Tumor)	1	SPECIES
in vitro (Mouse Liver Homogenate, 4T1 Tumor Bearing)	1	SPECIES
in vitro (Mouse Spleen Homogenate, 4T1 Tumor Bearing)	1	SPECIES
in vitro (Mouse Kidney Homogenate, 4T1 Tumor Bearing)	1	SPECIES
in vitro (Mouse Lung Homogenate, 4T1 Tumor Bearing)	1	SPECIES
