term	count	field
MTB705	444	SCHEMEID
MTB2171	380	SCHEMEID
MTB805	356	SCHEMEID
MTB970	284	SCHEMEID
MTB707	276	SCHEMEID
MTB1708	254	SCHEMEID
MTB1466	243	SCHEMEID
MTB1561	240	SCHEMEID
MTB1915	239	SCHEMEID
MTB513	235	SCHEMEID
MTB29	229	SCHEMEID
MTB50	225	SCHEMEID
MTB1678	221	SCHEMEID
MTB1969	217	SCHEMEID
MTB552	204	SCHEMEID
MTB2090	197	SCHEMEID
MTB1739	190	SCHEMEID
MTB1917	188	SCHEMEID
MTB1559	179	SCHEMEID
MTB1791	179	SCHEMEID
MTB2253	175	SCHEMEID
MTB211	173	SCHEMEID
MTB2512	171	SCHEMEID
MTB1560	169	SCHEMEID
MTB75	163	SCHEMEID
MTB704	163	SCHEMEID
MTB4205	161	SCHEMEID
MTB1329	160	SCHEMEID
MTB9336	159	SCHEMEID
MTB2986	157	SCHEMEID
MTB14932	156	SCHEMEID
MTB1817	155	SCHEMEID
MTB7692	154	SCHEMEID
MTB210	148	SCHEMEID
MTB383	148	SCHEMEID
MTB3181	148	SCHEMEID
MTB493	146	SCHEMEID
MTB7243	144	SCHEMEID
MTB2829	136	SCHEMEID
MTB686	134	SCHEMEID
MTB2266	134	SCHEMEID
MTB1834	133	SCHEMEID
MTB6201	133	SCHEMEID
MTB2110	132	SCHEMEID
MTB951	131	SCHEMEID
MTB1483	131	SCHEMEID
MTB867	130	SCHEMEID
MTB2166	130	SCHEMEID
MTB8677	130	SCHEMEID
MTB3830	126	SCHEMEID
MTB1723	122	SCHEMEID
MTB3020	122	SCHEMEID
MTB9987	121	SCHEMEID
MTB15912	119	SCHEMEID
MTB1518	118	SCHEMEID
MTB5482	117	SCHEMEID
MTB1112	115	SCHEMEID
MTB6	114	SCHEMEID
MTB1964	114	SCHEMEID
MTB51	113	SCHEMEID
MTB8739	113	SCHEMEID
MTB5785	112	SCHEMEID
MTB6202	112	SCHEMEID
MTB5384	111	SCHEMEID
MTB6248	108	SCHEMEID
MTB15287	108	SCHEMEID
MTB1182	107	SCHEMEID
MTB8777	107	SCHEMEID
MTB2385	105	SCHEMEID
MTB780	102	SCHEMEID
MTB1810	102	SCHEMEID
MTB3987	102	SCHEMEID
MTB13597	102	SCHEMEID
MTB792	101	SCHEMEID
MTB1714	100	SCHEMEID
MTB749	99	SCHEMEID
MTB2068	99	SCHEMEID
MTB3478	99	SCHEMEID
MTB14979	99	SCHEMEID
MTB17217	99	SCHEMEID
MTB381	98	SCHEMEID
MTB1398	98	SCHEMEID
MTB1426	98	SCHEMEID
MTB251	97	SCHEMEID
MTB8737	97	SCHEMEID
MTB6837	95	SCHEMEID
MTB12311	95	SCHEMEID
MTB11758	94	SCHEMEID
MTB1852	92	SCHEMEID
MTB14732	92	SCHEMEID
MTB696	91	SCHEMEID
MTB706	91	SCHEMEID
MTB906	91	SCHEMEID
MTB15082	90	SCHEMEID
MTB666	89	SCHEMEID
MTB224	88	SCHEMEID
MTB723	88	SCHEMEID
MTB2902	88	SCHEMEID
MTB5055	88	SCHEMEID
MTB1490	87	SCHEMEID
MTB2049	87	SCHEMEID
MTB3341	86	SCHEMEID
MTB6670	86	SCHEMEID
MTB9019	86	SCHEMEID
MTB756	85	SCHEMEID
MTB2923	85	SCHEMEID
MTB7146	85	SCHEMEID
MTB10777	85	SCHEMEID
MTB11218	85	SCHEMEID
MTB15712	85	SCHEMEID
MTB223	84	SCHEMEID
MTB877	84	SCHEMEID
MTB16785	84	SCHEMEID
MTB752	83	SCHEMEID
MTB16348	83	SCHEMEID
MTB16395	83	SCHEMEID
MTB563	82	SCHEMEID
MTB1366	82	SCHEMEID
MTB4365	82	SCHEMEID
MTB9256	82	SCHEMEID
MTB9939	82	SCHEMEID
MTB15408	82	SCHEMEID
MTB713	81	SCHEMEID
MTB2109	81	SCHEMEID
MTB2119	81	SCHEMEID
MTB9826	81	SCHEMEID
MTB12173	81	SCHEMEID
MTB3962	80	SCHEMEID
MTB5708	80	SCHEMEID
MTB727	79	SCHEMEID
MTB2864	79	SCHEMEID
MTB3240	79	SCHEMEID
MTB11960	78	SCHEMEID
MTB13318	78	SCHEMEID
MTB331	77	SCHEMEID
MTB432	77	SCHEMEID
MTB434	77	SCHEMEID
MTB768	77	SCHEMEID
MTB1700	77	SCHEMEID
MTB8539	77	SCHEMEID
MTB8738	77	SCHEMEID
MTB15260	77	SCHEMEID
MTB904	76	SCHEMEID
MTB2717	76	SCHEMEID
MTB2947	76	SCHEMEID
MTB1303	75	SCHEMEID
MTB2574	75	SCHEMEID
MTB5071	75	SCHEMEID
MTB6095	75	SCHEMEID
MTB17	74	SCHEMEID
MTB693	74	SCHEMEID
MTB1902	74	SCHEMEID
MTB3236	74	SCHEMEID
MTB233	73	SCHEMEID
MTB6893	73	SCHEMEID
MTB1565	72	SCHEMEID
MTB1916	72	SCHEMEID
MTB2907	72	SCHEMEID
MTB5699	72	SCHEMEID
MTB382	71	SCHEMEID
MTB885	71	SCHEMEID
MTB1675	71	SCHEMEID
MTB7885	71	SCHEMEID
MTB12029	71	SCHEMEID
MTB70	70	SCHEMEID
MTB195	70	SCHEMEID
MTB800	70	SCHEMEID
MTB2099	70	SCHEMEID
MTB6044	70	SCHEMEID
MTB11857	70	SCHEMEID
MTB17717	70	SCHEMEID
MTB861	69	SCHEMEID
MTB1300	69	SCHEMEID
MTB1944	69	SCHEMEID
MTB3568	69	SCHEMEID
MTB410	68	SCHEMEID
MTB3187	68	SCHEMEID
MTB6287	68	SCHEMEID
MTB7970	68	SCHEMEID
MTB9018	68	SCHEMEID
MTB16945	68	SCHEMEID
MTB6066	67	SCHEMEID
MTB7694	67	SCHEMEID
MTB17156	67	SCHEMEID
MTB1571	66	SCHEMEID
MTB1666	66	SCHEMEID
MTB2036	66	SCHEMEID
MTB2319	66	SCHEMEID
MTB2971	66	SCHEMEID
MTB6677	66	SCHEMEID
MTB7434	66	SCHEMEID
MTB7714	66	SCHEMEID
MTB8933	66	SCHEMEID
MTB12415	66	SCHEMEID
MTB13657	66	SCHEMEID
MTB15911	66	SCHEMEID
MTB16946	66	SCHEMEID
MTB2985	65	SCHEMEID
MTB3029	65	SCHEMEID
MTB6157	65	SCHEMEID
MTB6234	65	SCHEMEID
MTB7907	65	SCHEMEID
MTB1386	64	SCHEMEID
MTB1582	64	SCHEMEID
MTB3699	64	SCHEMEID
MTB12811	64	SCHEMEID
MTB1311	63	SCHEMEID
MTB1967	63	SCHEMEID
MTB2469	63	SCHEMEID
MTB7508	63	SCHEMEID
MTB8501	63	SCHEMEID
MTB16472	63	SCHEMEID
MTB16601	63	SCHEMEID
MTB818	62	SCHEMEID
MTB1724	62	SCHEMEID
MTB2054	62	SCHEMEID
MTB11256	62	SCHEMEID
MTB11271	62	SCHEMEID
MTB11370	62	SCHEMEID
MTB17216	62	SCHEMEID
MTB132	61	SCHEMEID
MTB571	61	SCHEMEID
MTB717	61	SCHEMEID
MTB875	61	SCHEMEID
MTB1103	61	SCHEMEID
MTB8349	61	SCHEMEID
MTB8590	61	SCHEMEID
MTB9739	61	SCHEMEID
MTB14765	61	SCHEMEID
MTB440	60	SCHEMEID
MTB1785	60	SCHEMEID
MTB5812	60	SCHEMEID
MTB5895	60	SCHEMEID
MTB13644	60	SCHEMEID
MTB719	59	SCHEMEID
MTB762	59	SCHEMEID
MTB1094	59	SCHEMEID
MTB1553	59	SCHEMEID
MTB2062	59	SCHEMEID
MTB4240	59	SCHEMEID
MTB8457	59	SCHEMEID
MTB10125	59	SCHEMEID
MTB10355	59	SCHEMEID
MTB12138	59	SCHEMEID
MTB12175	59	SCHEMEID
MTB1314	58	SCHEMEID
MTB1327	58	SCHEMEID
MTB4506	58	SCHEMEID
MTB4825	58	SCHEMEID
MTB8745	58	SCHEMEID
MTB10643	58	SCHEMEID
MTB11832	58	SCHEMEID
MTB793	57	SCHEMEID
MTB1520	57	SCHEMEID
MTB2123	57	SCHEMEID
MTB3886	57	SCHEMEID
MTB5416	57	SCHEMEID
MTB8994	57	SCHEMEID
MTB13639	57	SCHEMEID
MTB15288	57	SCHEMEID
MTB631	56	SCHEMEID
MTB962	56	SCHEMEID
MTB1287	56	SCHEMEID
MTB1929	56	SCHEMEID
MTB2030	56	SCHEMEID
MTB2750	56	SCHEMEID
MTB4923	56	SCHEMEID
MTB5002	56	SCHEMEID
MTB12265	56	SCHEMEID
MTB12567	56	SCHEMEID
MTB13252	56	SCHEMEID
MTB13638	56	SCHEMEID
MTB16554	56	SCHEMEID
MTB16975	56	SCHEMEID
MTB17463	56	SCHEMEID
MTB209	55	SCHEMEID
MTB853	55	SCHEMEID
MTB914	55	SCHEMEID
MTB1179	55	SCHEMEID
MTB1758	55	SCHEMEID
MTB1792	55	SCHEMEID
MTB2968	55	SCHEMEID
MTB4355	55	SCHEMEID
MTB5651	55	SCHEMEID
MTB6200	55	SCHEMEID
MTB13353	55	SCHEMEID
MTB16415	55	SCHEMEID
MTB16466	55	SCHEMEID
MTB697	54	SCHEMEID
MTB1768	54	SCHEMEID
MTB4154	54	SCHEMEID
MTB8932	54	SCHEMEID
MTB10909	54	SCHEMEID
MTB16723	54	SCHEMEID
MTB17259	54	SCHEMEID
MTB124	53	SCHEMEID
MTB285	53	SCHEMEID
MTB1226	53	SCHEMEID
MTB1970	53	SCHEMEID
MTB2970	53	SCHEMEID
MTB3567	53	SCHEMEID
MTB3786	53	SCHEMEID
MTB4385	53	SCHEMEID
MTB4421	53	SCHEMEID
MTB5054	53	SCHEMEID
MTB8044	53	SCHEMEID
MTB8862	53	SCHEMEID
MTB12552	53	SCHEMEID
MTB2644	52	SCHEMEID
MTB3047	52	SCHEMEID
MTB4838	52	SCHEMEID
MTB6818	52	SCHEMEID
MTB9732	52	SCHEMEID
MTB10512	52	SCHEMEID
MTB12616	52	SCHEMEID
MTB14186	52	SCHEMEID
MTB543	51	SCHEMEID
MTB770	51	SCHEMEID
MTB883	51	SCHEMEID
MTB1818	51	SCHEMEID
MTB1863	51	SCHEMEID
MTB2018	51	SCHEMEID
MTB2497	51	SCHEMEID
MTB2546	51	SCHEMEID
MTB2804	51	SCHEMEID
MTB3175	51	SCHEMEID
MTB3189	51	SCHEMEID
MTB4882	51	SCHEMEID
MTB5173	51	SCHEMEID
MTB12674	51	SCHEMEID
MTB12957	51	SCHEMEID
MTB13893	51	SCHEMEID
MTB16228	51	SCHEMEID
MTB16939	51	SCHEMEID
MTB271	50	SCHEMEID
MTB608	50	SCHEMEID
MTB1113	50	SCHEMEID
MTB1975	50	SCHEMEID
MTB2121	50	SCHEMEID
MTB2647	50	SCHEMEID
MTB2876	50	SCHEMEID
MTB3048	50	SCHEMEID
MTB4097	50	SCHEMEID
MTB4835	50	SCHEMEID
MTB5373	50	SCHEMEID
MTB6213	50	SCHEMEID
MTB10955	50	SCHEMEID
MTB11594	50	SCHEMEID
MTB13759	50	SCHEMEID
MTB14214	50	SCHEMEID
MTB15865	50	SCHEMEID
MTB541	49	SCHEMEID
MTB1041	49	SCHEMEID
MTB1212	49	SCHEMEID
MTB2352	49	SCHEMEID
MTB3552	49	SCHEMEID
MTB5725	49	SCHEMEID
MTB9159	49	SCHEMEID
MTB9842	49	SCHEMEID
MTB11147	49	SCHEMEID
MTB13256	49	SCHEMEID
MTB13641	49	SCHEMEID
MTB13642	49	SCHEMEID
MTB14776	49	SCHEMEID
MTB15066	49	SCHEMEID
MTB17167	49	SCHEMEID
MTB17258	49	SCHEMEID
MTB102	48	SCHEMEID
MTB453	48	SCHEMEID
MTB599	48	SCHEMEID
MTB922	48	SCHEMEID
MTB1022	48	SCHEMEID
MTB2037	48	SCHEMEID
MTB2479	48	SCHEMEID
MTB4827	48	SCHEMEID
MTB5351	48	SCHEMEID
MTB5377	48	SCHEMEID
MTB5465	48	SCHEMEID
MTB7771	48	SCHEMEID
MTB8252	48	SCHEMEID
MTB10251	48	SCHEMEID
MTB11152	48	SCHEMEID
MTB12224	48	SCHEMEID
MTB12845	48	SCHEMEID
MTB13314	48	SCHEMEID
MTB17252	48	SCHEMEID
MTB8	47	SCHEMEID
MTB412	47	SCHEMEID
MTB784	47	SCHEMEID
MTB1332	47	SCHEMEID
MTB1802	47	SCHEMEID
MTB1812	47	SCHEMEID
MTB1945	47	SCHEMEID
MTB2198	47	SCHEMEID
MTB2292	47	SCHEMEID
MTB2810	47	SCHEMEID
MTB3074	47	SCHEMEID
MTB3451	47	SCHEMEID
MTB3547	47	SCHEMEID
MTB5501	47	SCHEMEID
MTB10658	47	SCHEMEID
MTB12714	47	SCHEMEID
MTB15541	47	SCHEMEID
MTB212	46	SCHEMEID
MTB433	46	SCHEMEID
MTB718	46	SCHEMEID
MTB782	46	SCHEMEID
MTB1208	46	SCHEMEID
MTB1223	46	SCHEMEID
MTB1274	46	SCHEMEID
MTB1533	46	SCHEMEID
MTB1832	46	SCHEMEID
MTB1946	46	SCHEMEID
MTB2148	46	SCHEMEID
MTB2209	46	SCHEMEID
MTB2337	46	SCHEMEID
MTB2495	46	SCHEMEID
MTB6188	46	SCHEMEID
MTB7436	46	SCHEMEID
MTB9815	46	SCHEMEID
MTB10034	46	SCHEMEID
MTB11941	46	SCHEMEID
MTB12435	46	SCHEMEID
MTB13773	46	SCHEMEID
MTB14594	46	SCHEMEID
MTB15132	46	SCHEMEID
MTB15465	46	SCHEMEID
MTB15662	46	SCHEMEID
MTB16337	46	SCHEMEID
MTB16927	46	SCHEMEID
MTB17091	46	SCHEMEID
MTB536	45	SCHEMEID
MTB771	45	SCHEMEID
MTB1556	45	SCHEMEID
MTB2087	45	SCHEMEID
MTB2097	45	SCHEMEID
MTB2812	45	SCHEMEID
MTB4427	45	SCHEMEID
MTB5306	45	SCHEMEID
MTB6606	45	SCHEMEID
MTB7350	45	SCHEMEID
MTB7462	45	SCHEMEID
MTB7905	45	SCHEMEID
MTB9021	45	SCHEMEID
MTB9702	45	SCHEMEID
MTB11136	45	SCHEMEID
MTB14997	45	SCHEMEID
MTB17266	45	SCHEMEID
MTB729	44	SCHEMEID
MTB857	44	SCHEMEID
MTB915	44	SCHEMEID
MTB1213	44	SCHEMEID
MTB1325	44	SCHEMEID
MTB1359	44	SCHEMEID
MTB2897	44	SCHEMEID
MTB2909	44	SCHEMEID
MTB5375	44	SCHEMEID
MTB6025	44	SCHEMEID
MTB6787	44	SCHEMEID
MTB7894	44	SCHEMEID
MTB8779	44	SCHEMEID
MTB14592	44	SCHEMEID
MTB14948	44	SCHEMEID
MTB16382	44	SCHEMEID
MTB16479	44	SCHEMEID
MTB321	43	SCHEMEID
MTB714	43	SCHEMEID
MTB1357	43	SCHEMEID
MTB1417	43	SCHEMEID
MTB2919	43	SCHEMEID
MTB3100	43	SCHEMEID
MTB4122	43	SCHEMEID
MTB4503	43	SCHEMEID
MTB4896	43	SCHEMEID
MTB5197	43	SCHEMEID
MTB5371	43	SCHEMEID
MTB5464	43	SCHEMEID
MTB7091	43	SCHEMEID
MTB8143	43	SCHEMEID
MTB8428	43	SCHEMEID
MTB8809	43	SCHEMEID
MTB10203	43	SCHEMEID
MTB11476	43	SCHEMEID
MTB12257	43	SCHEMEID
MTB12307	43	SCHEMEID
MTB12647	43	SCHEMEID
MTB14546	43	SCHEMEID
MTB16397	43	SCHEMEID
MTB16402	43	SCHEMEID
MTB16429	43	SCHEMEID
MTB16762	43	SCHEMEID
MTB623	42	SCHEMEID
MTB1793	42	SCHEMEID
MTB1798	42	SCHEMEID
MTB2004	42	SCHEMEID
MTB2199	42	SCHEMEID
MTB2880	42	SCHEMEID
MTB3559	42	SCHEMEID
MTB4319	42	SCHEMEID
MTB6508	42	SCHEMEID
MTB7955	42	SCHEMEID
MTB10893	42	SCHEMEID
MTB13447	42	SCHEMEID
MTB13474	42	SCHEMEID
MTB15930	42	SCHEMEID
MTB16786	42	SCHEMEID
MTB218	41	SCHEMEID
MTB420	41	SCHEMEID
MTB881	41	SCHEMEID
MTB963	41	SCHEMEID
MTB1296	41	SCHEMEID
MTB1651	41	SCHEMEID
MTB1686	41	SCHEMEID
MTB2733	41	SCHEMEID
MTB3052	41	SCHEMEID
MTB3365	41	SCHEMEID
MTB4515	41	SCHEMEID
MTB5213	41	SCHEMEID
MTB6761	41	SCHEMEID
MTB7088	41	SCHEMEID
MTB7349	41	SCHEMEID
MTB7958	41	SCHEMEID
MTB8430	41	SCHEMEID
MTB10139	41	SCHEMEID
MTB14324	41	SCHEMEID
MTB14933	41	SCHEMEID
MTB15581	41	SCHEMEID
MTB16848	41	SCHEMEID
MTB137	40	SCHEMEID
MTB597	40	SCHEMEID
MTB807	40	SCHEMEID
MTB974	40	SCHEMEID
MTB1151	40	SCHEMEID
MTB1609	40	SCHEMEID
MTB1911	40	SCHEMEID
MTB1952	40	SCHEMEID
MTB2013	40	SCHEMEID
MTB2223	40	SCHEMEID
MTB2260	40	SCHEMEID
MTB2688	40	SCHEMEID
MTB3339	40	SCHEMEID
MTB3887	40	SCHEMEID
MTB5409	40	SCHEMEID
MTB6087	40	SCHEMEID
MTB8934	40	SCHEMEID
MTB12690	40	SCHEMEID
MTB14468	40	SCHEMEID
MTB14683	40	SCHEMEID
MTB14961	40	SCHEMEID
MTB16492	40	SCHEMEID
MTB17257	40	SCHEMEID
MTB802	39	SCHEMEID
MTB950	39	SCHEMEID
MTB1111	39	SCHEMEID
MTB1313	39	SCHEMEID
MTB1317	39	SCHEMEID
MTB2154	39	SCHEMEID
MTB2300	39	SCHEMEID
MTB2363	39	SCHEMEID
MTB3178	39	SCHEMEID
MTB4103	39	SCHEMEID
MTB4120	39	SCHEMEID
MTB4148	39	SCHEMEID
MTB6075	39	SCHEMEID
MTB6098	39	SCHEMEID
MTB6535	39	SCHEMEID
MTB6969	39	SCHEMEID
MTB7696	39	SCHEMEID
MTB7772	39	SCHEMEID
MTB8059	39	SCHEMEID
MTB13659	39	SCHEMEID
MTB15734	39	SCHEMEID
MTB16328	39	SCHEMEID
MTB47	38	SCHEMEID
MTB451	38	SCHEMEID
MTB825	38	SCHEMEID
MTB1593	38	SCHEMEID
MTB1868	38	SCHEMEID
MTB2499	38	SCHEMEID
MTB2668	38	SCHEMEID
MTB2856	38	SCHEMEID
MTB3234	38	SCHEMEID
MTB3235	38	SCHEMEID
MTB3743	38	SCHEMEID
MTB3784	38	SCHEMEID
MTB4152	38	SCHEMEID
MTB5577	38	SCHEMEID
MTB6359	38	SCHEMEID
MTB6365	38	SCHEMEID
MTB8137	38	SCHEMEID
MTB10898	38	SCHEMEID
MTB11010	38	SCHEMEID
MTB12637	38	SCHEMEID
MTB13223	38	SCHEMEID
MTB15335	38	SCHEMEID
MTB320	37	SCHEMEID
MTB833	37	SCHEMEID
MTB1085	37	SCHEMEID
MTB2033	37	SCHEMEID
MTB2061	37	SCHEMEID
MTB3083	37	SCHEMEID
MTB4418	37	SCHEMEID
MTB4795	37	SCHEMEID
MTB5386	37	SCHEMEID
MTB6174	37	SCHEMEID
MTB7322	37	SCHEMEID
MTB7746	37	SCHEMEID
MTB7900	37	SCHEMEID
MTB7979	37	SCHEMEID
MTB8055	37	SCHEMEID
MTB8773	37	SCHEMEID
MTB9297	37	SCHEMEID
MTB9671	37	SCHEMEID
MTB11141	37	SCHEMEID
MTB11425	37	SCHEMEID
MTB12551	37	SCHEMEID
MTB12639	37	SCHEMEID
MTB12719	37	SCHEMEID
MTB12922	37	SCHEMEID
MTB13448	37	SCHEMEID
MTB15760	37	SCHEMEID
MTB16997	37	SCHEMEID
MTB17256	37	SCHEMEID
MTB17608	37	SCHEMEID
MTB222	36	SCHEMEID
MTB492	36	SCHEMEID
MTB512	36	SCHEMEID
MTB979	36	SCHEMEID
MTB1189	36	SCHEMEID
MTB1301	36	SCHEMEID
MTB1628	36	SCHEMEID
MTB1640	36	SCHEMEID
MTB1680	36	SCHEMEID
MTB1718	36	SCHEMEID
MTB1811	36	SCHEMEID
MTB2824	36	SCHEMEID
MTB3030	36	SCHEMEID
MTB3098	36	SCHEMEID
MTB3560	36	SCHEMEID
MTB4895	36	SCHEMEID
MTB5533	36	SCHEMEID
MTB5955	36	SCHEMEID
MTB6734	36	SCHEMEID
MTB6821	36	SCHEMEID
MTB7379	36	SCHEMEID
MTB7836	36	SCHEMEID
MTB8426	36	SCHEMEID
MTB10150	36	SCHEMEID
MTB10888	36	SCHEMEID
MTB12148	36	SCHEMEID
MTB13449	36	SCHEMEID
MTB14249	36	SCHEMEID
MTB14306	36	SCHEMEID
MTB14307	36	SCHEMEID
MTB14924	36	SCHEMEID
MTB16112	36	SCHEMEID
MTB17261	36	SCHEMEID
MTB17352	36	SCHEMEID
MTB296	35	SCHEMEID
MTB364	35	SCHEMEID
MTB3061	35	SCHEMEID
MTB3097	35	SCHEMEID
MTB3394	35	SCHEMEID
MTB3744	35	SCHEMEID
MTB3989	35	SCHEMEID
MTB4472	35	SCHEMEID
MTB5398	35	SCHEMEID
MTB7382	35	SCHEMEID
MTB8160	35	SCHEMEID
MTB8747	35	SCHEMEID
MTB10378	35	SCHEMEID
MTB10593	35	SCHEMEID
MTB11183	35	SCHEMEID
MTB11487	35	SCHEMEID
MTB11509	35	SCHEMEID
MTB12563	35	SCHEMEID
MTB13251	35	SCHEMEID
MTB14239	35	SCHEMEID
MTB14649	35	SCHEMEID
MTB14883	35	SCHEMEID
MTB16446	35	SCHEMEID
MTB17117	35	SCHEMEID
MTB17119	35	SCHEMEID
MTB17354	35	SCHEMEID
MTB9	34	SCHEMEID
MTB44	34	SCHEMEID
MTB341	34	SCHEMEID
MTB379	34	SCHEMEID
MTB606	34	SCHEMEID
MTB986	34	SCHEMEID
MTB1340	34	SCHEMEID
MTB1411	34	SCHEMEID
MTB1697	34	SCHEMEID
MTB1769	34	SCHEMEID
MTB1862	34	SCHEMEID
MTB2276	34	SCHEMEID
MTB2481	34	SCHEMEID
MTB2526	34	SCHEMEID
MTB2536	34	SCHEMEID
MTB2592	34	SCHEMEID
MTB2754	34	SCHEMEID
MTB3040	34	SCHEMEID
MTB3499	34	SCHEMEID
MTB4798	34	SCHEMEID
MTB5574	34	SCHEMEID
MTB5919	34	SCHEMEID
MTB6076	34	SCHEMEID
MTB6205	34	SCHEMEID
MTB6352	34	SCHEMEID
MTB6692	34	SCHEMEID
MTB7055	34	SCHEMEID
MTB8718	34	SCHEMEID
MTB10162	34	SCHEMEID
MTB10446	34	SCHEMEID
MTB11895	34	SCHEMEID
MTB11963	34	SCHEMEID
MTB12325	34	SCHEMEID
MTB12693	34	SCHEMEID
MTB13313	34	SCHEMEID
MTB14328	34	SCHEMEID
MTB15313	34	SCHEMEID
MTB15398	34	SCHEMEID
MTB15750	34	SCHEMEID
MTB16961	34	SCHEMEID
MTB17071	34	SCHEMEID
MTB17450	34	SCHEMEID
MTB17542	34	SCHEMEID
MTB436	33	SCHEMEID
MTB797	33	SCHEMEID
MTB1065	33	SCHEMEID
MTB1304	33	SCHEMEID
MTB1747	33	SCHEMEID
MTB1953	33	SCHEMEID
MTB2063	33	SCHEMEID
MTB2862	33	SCHEMEID
MTB3002	33	SCHEMEID
MTB3060	33	SCHEMEID
MTB3087	33	SCHEMEID
MTB4855	33	SCHEMEID
MTB6067	33	SCHEMEID
MTB6632	33	SCHEMEID
MTB7980	33	SCHEMEID
MTB8045	33	SCHEMEID
MTB8808	33	SCHEMEID
MTB9485	33	SCHEMEID
MTB10661	33	SCHEMEID
MTB10809	33	SCHEMEID
MTB11424	33	SCHEMEID
MTB12434	33	SCHEMEID
MTB12640	33	SCHEMEID
MTB13532	33	SCHEMEID
MTB14058	33	SCHEMEID
MTB14526	33	SCHEMEID
MTB15136	33	SCHEMEID
MTB15443	33	SCHEMEID
MTB15506	33	SCHEMEID
MTB15991	33	SCHEMEID
MTB16342	33	SCHEMEID
MTB16381	33	SCHEMEID
MTB16704	33	SCHEMEID
MTB17616	33	SCHEMEID
MTB154	32	SCHEMEID
MTB427	32	SCHEMEID
MTB585	32	SCHEMEID
MTB661	32	SCHEMEID
MTB786	32	SCHEMEID
MTB887	32	SCHEMEID
MTB918	32	SCHEMEID
MTB1067	32	SCHEMEID
MTB1133	32	SCHEMEID
MTB1184	32	SCHEMEID
MTB1326	32	SCHEMEID
MTB1335	32	SCHEMEID
MTB1367	32	SCHEMEID
MTB1731	32	SCHEMEID
MTB1980	32	SCHEMEID
MTB1993	32	SCHEMEID
MTB2371	32	SCHEMEID
MTB2560	32	SCHEMEID
MTB2844	32	SCHEMEID
MTB3055	32	SCHEMEID
MTB3381	32	SCHEMEID
MTB4099	32	SCHEMEID
MTB4409	32	SCHEMEID
MTB4640	32	SCHEMEID
MTB4856	32	SCHEMEID
MTB5184	32	SCHEMEID
MTB5198	32	SCHEMEID
MTB5724	32	SCHEMEID
MTB5894	32	SCHEMEID
MTB5920	32	SCHEMEID
MTB6169	32	SCHEMEID
MTB6710	32	SCHEMEID
MTB6780	32	SCHEMEID
MTB8226	32	SCHEMEID
MTB8960	32	SCHEMEID
MTB9575	32	SCHEMEID
MTB10382	32	SCHEMEID
MTB10434	32	SCHEMEID
MTB10592	32	SCHEMEID
MTB11116	32	SCHEMEID
MTB11129	32	SCHEMEID
MTB11259	32	SCHEMEID
MTB11401	32	SCHEMEID
MTB12485	32	SCHEMEID
MTB12717	32	SCHEMEID
MTB13525	32	SCHEMEID
MTB13535	32	SCHEMEID
MTB14711	32	SCHEMEID
MTB15153	32	SCHEMEID
MTB15243	32	SCHEMEID
MTB15390	32	SCHEMEID
MTB15574	32	SCHEMEID
MTB16221	32	SCHEMEID
MTB16547	32	SCHEMEID
MTB5	31	SCHEMEID
MTB235	31	SCHEMEID
MTB653	31	SCHEMEID
MTB925	31	SCHEMEID
MTB1416	31	SCHEMEID
MTB1567	31	SCHEMEID
MTB1634	31	SCHEMEID
MTB1710	31	SCHEMEID
MTB1774	31	SCHEMEID
MTB2003	31	SCHEMEID
MTB2069	31	SCHEMEID
MTB2538	31	SCHEMEID
MTB2820	31	SCHEMEID
MTB4860	31	SCHEMEID
MTB4929	31	SCHEMEID
MTB5072	31	SCHEMEID
MTB5500	31	SCHEMEID
MTB6682	31	SCHEMEID
MTB6724	31	SCHEMEID
MTB6859	31	SCHEMEID
MTB7045	31	SCHEMEID
MTB7112	31	SCHEMEID
MTB7364	31	SCHEMEID
MTB8822	31	SCHEMEID
MTB9555	31	SCHEMEID
MTB10205	31	SCHEMEID
MTB10706	31	SCHEMEID
MTB14577	31	SCHEMEID
MTB14615	31	SCHEMEID
MTB14812	31	SCHEMEID
MTB15089	31	SCHEMEID
MTB16035	31	SCHEMEID
MTB16159	31	SCHEMEID
MTB16528	31	SCHEMEID
MTB16529	31	SCHEMEID
MTB16897	31	SCHEMEID
MTB17127	31	SCHEMEID
MTB17196	31	SCHEMEID
MTB17290	31	SCHEMEID
MTB17607	31	SCHEMEID
MTB17637	31	SCHEMEID
MTB339	30	SCHEMEID
MTB708	30	SCHEMEID
MTB779	30	SCHEMEID
MTB794	30	SCHEMEID
MTB834	30	SCHEMEID
MTB953	30	SCHEMEID
MTB1605	30	SCHEMEID
MTB2031	30	SCHEMEID
MTB2344	30	SCHEMEID
MTB2488	30	SCHEMEID
MTB3702	30	SCHEMEID
MTB4125	30	SCHEMEID
MTB4291	30	SCHEMEID
MTB6183	30	SCHEMEID
MTB6735	30	SCHEMEID
MTB6880	30	SCHEMEID
MTB7125	30	SCHEMEID
MTB7127	30	SCHEMEID
MTB7804	30	SCHEMEID
MTB8279	30	SCHEMEID
MTB8554	30	SCHEMEID
MTB9752	30	SCHEMEID
MTB10344	30	SCHEMEID
MTB10471	30	SCHEMEID
MTB10599	30	SCHEMEID
MTB10608	30	SCHEMEID
MTB10763	30	SCHEMEID
MTB10875	30	SCHEMEID
MTB11143	30	SCHEMEID
MTB11579	30	SCHEMEID
MTB12362	30	SCHEMEID
MTB12439	30	SCHEMEID
MTB13731	30	SCHEMEID
MTB14296	30	SCHEMEID
MTB15329	30	SCHEMEID
MTB15330	30	SCHEMEID
MTB16101	30	SCHEMEID
MTB16329	30	SCHEMEID
MTB16922	30	SCHEMEID
MTB17096	30	SCHEMEID
MTB17168	30	SCHEMEID
MTB17375	30	SCHEMEID
MTB17409	30	SCHEMEID
MTB96	29	SCHEMEID
MTB446	29	SCHEMEID
MTB637	29	SCHEMEID
MTB721	29	SCHEMEID
MTB798	29	SCHEMEID
MTB960	29	SCHEMEID
MTB965	29	SCHEMEID
MTB1493	29	SCHEMEID
MTB1780	29	SCHEMEID
MTB2020	29	SCHEMEID
MTB3313	29	SCHEMEID
MTB3376	29	SCHEMEID
MTB3377	29	SCHEMEID
MTB3856	29	SCHEMEID
MTB3903	29	SCHEMEID
MTB3928	29	SCHEMEID
MTB4047	29	SCHEMEID
MTB4048	29	SCHEMEID
MTB4606	29	SCHEMEID
MTB4931	29	SCHEMEID
MTB4959	29	SCHEMEID
MTB5383	29	SCHEMEID
MTB5619	29	SCHEMEID
MTB5782	29	SCHEMEID
MTB6023	29	SCHEMEID
MTB7151	29	SCHEMEID
MTB8255	29	SCHEMEID
MTB8540	29	SCHEMEID
MTB8819	29	SCHEMEID
MTB8988	29	SCHEMEID
MTB9014	29	SCHEMEID
MTB10360	29	SCHEMEID
MTB12147	29	SCHEMEID
MTB12461	29	SCHEMEID
MTB12618	29	SCHEMEID
MTB12638	29	SCHEMEID
MTB13485	29	SCHEMEID
MTB13568	29	SCHEMEID
MTB14851	29	SCHEMEID
MTB15033	29	SCHEMEID
MTB15137	29	SCHEMEID
MTB16033	29	SCHEMEID
MTB16426	29	SCHEMEID
MTB16586	29	SCHEMEID
MTB17236	29	SCHEMEID
MTB17291	29	SCHEMEID
MTB58	28	SCHEMEID
MTB177	28	SCHEMEID
MTB486	28	SCHEMEID
MTB673	28	SCHEMEID
MTB684	28	SCHEMEID
MTB699	28	SCHEMEID
MTB734	28	SCHEMEID
MTB799	28	SCHEMEID
MTB813	28	SCHEMEID
MTB903	28	SCHEMEID
MTB1033	28	SCHEMEID
MTB1196	28	SCHEMEID
MTB1535	28	SCHEMEID
MTB1576	28	SCHEMEID
MTB1583	28	SCHEMEID
MTB1631	28	SCHEMEID
MTB1745	28	SCHEMEID
MTB2083	28	SCHEMEID
MTB2122	28	SCHEMEID
MTB2389	28	SCHEMEID
MTB2800	28	SCHEMEID
MTB3001	28	SCHEMEID
MTB3208	28	SCHEMEID
MTB4029	28	SCHEMEID
MTB5113	28	SCHEMEID
MTB5314	28	SCHEMEID
MTB5744	28	SCHEMEID
MTB5807	28	SCHEMEID
MTB5890	28	SCHEMEID
MTB6412	28	SCHEMEID
MTB6514	28	SCHEMEID
MTB6799	28	SCHEMEID
MTB7484	28	SCHEMEID
MTB7518	28	SCHEMEID
MTB7637	28	SCHEMEID
MTB7853	28	SCHEMEID
MTB8129	28	SCHEMEID
MTB8246	28	SCHEMEID
MTB8820	28	SCHEMEID
MTB9022	28	SCHEMEID
MTB9298	28	SCHEMEID
MTB9299	28	SCHEMEID
MTB10140	28	SCHEMEID
MTB10383	28	SCHEMEID
MTB10455	28	SCHEMEID
MTB10758	28	SCHEMEID
MTB10828	28	SCHEMEID
MTB12493	28	SCHEMEID
MTB12742	28	SCHEMEID
MTB12754	28	SCHEMEID
MTB13496	28	SCHEMEID
MTB14347	28	SCHEMEID
MTB15073	28	SCHEMEID
MTB16016	28	SCHEMEID
MTB16377	28	SCHEMEID
MTB16428	28	SCHEMEID
MTB16496	28	SCHEMEID
MTB16682	28	SCHEMEID
MTB16819	28	SCHEMEID
MTB17365	28	SCHEMEID
MTB17655	28	SCHEMEID
MTB36	27	SCHEMEID
MTB117	27	SCHEMEID
MTB428	27	SCHEMEID
MTB591	27	SCHEMEID
MTB764	27	SCHEMEID
MTB801	27	SCHEMEID
MTB879	27	SCHEMEID
MTB989	27	SCHEMEID
MTB1178	27	SCHEMEID
MTB1360	27	SCHEMEID
MTB1516	27	SCHEMEID
MTB1540	27	SCHEMEID
MTB1601	27	SCHEMEID
MTB1615	27	SCHEMEID
MTB1629	27	SCHEMEID
MTB1643	27	SCHEMEID
MTB1650	27	SCHEMEID
MTB1663	27	SCHEMEID
MTB1772	27	SCHEMEID
MTB1846	27	SCHEMEID
MTB1978	27	SCHEMEID
MTB2094	27	SCHEMEID
MTB2643	27	SCHEMEID
MTB2749	27	SCHEMEID
MTB3018	27	SCHEMEID
MTB3272	27	SCHEMEID
MTB3357	27	SCHEMEID
MTB3382	27	SCHEMEID
MTB3549	27	SCHEMEID
MTB3606	27	SCHEMEID
MTB3932	27	SCHEMEID
MTB4531	27	SCHEMEID
MTB5208	27	SCHEMEID
MTB5387	27	SCHEMEID
MTB5569	27	SCHEMEID
MTB6357	27	SCHEMEID
MTB6560	27	SCHEMEID
MTB6709	27	SCHEMEID
MTB6745	27	SCHEMEID
MTB7124	27	SCHEMEID
MTB8175	27	SCHEMEID
MTB8458	27	SCHEMEID
MTB8921	27	SCHEMEID
MTB9782	27	SCHEMEID
MTB10178	27	SCHEMEID
MTB11316	27	SCHEMEID
MTB12331	27	SCHEMEID
MTB13254	27	SCHEMEID
MTB14444	27	SCHEMEID
MTB15286	27	SCHEMEID
MTB15317	27	SCHEMEID
MTB15898	27	SCHEMEID
MTB16003	27	SCHEMEID
MTB16031	27	SCHEMEID
MTB16567	27	SCHEMEID
MTB16632	27	SCHEMEID
MTB17260	27	SCHEMEID
MTB17393	27	SCHEMEID
MTB17636	27	SCHEMEID
MTB21	26	SCHEMEID
MTB56	26	SCHEMEID
MTB275	26	SCHEMEID
MTB431	26	SCHEMEID
MTB459	26	SCHEMEID
MTB605	26	SCHEMEID
MTB774	26	SCHEMEID
MTB832	26	SCHEMEID
MTB957	26	SCHEMEID
MTB1084	26	SCHEMEID
MTB1277	26	SCHEMEID
MTB1281	26	SCHEMEID
MTB1446	26	SCHEMEID
MTB1701	26	SCHEMEID
MTB1940	26	SCHEMEID
MTB2015	26	SCHEMEID
MTB2567	26	SCHEMEID
MTB2575	26	SCHEMEID
MTB2859	26	SCHEMEID
MTB2994	26	SCHEMEID
MTB3092	26	SCHEMEID
MTB3169	26	SCHEMEID
MTB4224	26	SCHEMEID
MTB4239	26	SCHEMEID
MTB4366	26	SCHEMEID
MTB4367	26	SCHEMEID
MTB5158	26	SCHEMEID
MTB5806	26	SCHEMEID
MTB5944	26	SCHEMEID
MTB6581	26	SCHEMEID
MTB7094	26	SCHEMEID
MTB7138	26	SCHEMEID
MTB7370	26	SCHEMEID
MTB7630	26	SCHEMEID
MTB7867	26	SCHEMEID
MTB7869	26	SCHEMEID
MTB7892	26	SCHEMEID
MTB8139	26	SCHEMEID
MTB8205	26	SCHEMEID
MTB8436	26	SCHEMEID
MTB8477	26	SCHEMEID
MTB8714	26	SCHEMEID
MTB10352	26	SCHEMEID
MTB11365	26	SCHEMEID
MTB11733	26	SCHEMEID
MTB11734	26	SCHEMEID
MTB11993	26	SCHEMEID
MTB12398	26	SCHEMEID
MTB12684	26	SCHEMEID
MTB13319	26	SCHEMEID
MTB14994	26	SCHEMEID
MTB15138	26	SCHEMEID
MTB15932	26	SCHEMEID
MTB16089	26	SCHEMEID
MTB16117	26	SCHEMEID
MTB16238	26	SCHEMEID
MTB17111	26	SCHEMEID
MTB116	25	SCHEMEID
MTB156	25	SCHEMEID
MTB281	25	SCHEMEID
MTB325	25	SCHEMEID
MTB329	25	SCHEMEID
MTB384	25	SCHEMEID
MTB457	25	SCHEMEID
MTB694	25	SCHEMEID
MTB709	25	SCHEMEID
MTB715	25	SCHEMEID
MTB1305	25	SCHEMEID
MTB1341	25	SCHEMEID
MTB1434	25	SCHEMEID
MTB1463	25	SCHEMEID
MTB1531	25	SCHEMEID
MTB1570	25	SCHEMEID
MTB1598	25	SCHEMEID
MTB1606	25	SCHEMEID
MTB1960	25	SCHEMEID
MTB2017	25	SCHEMEID
MTB2035	25	SCHEMEID
MTB2065	25	SCHEMEID
MTB2170	25	SCHEMEID
MTB2301	25	SCHEMEID
MTB2333	25	SCHEMEID
MTB2700	25	SCHEMEID
MTB2886	25	SCHEMEID
MTB3064	25	SCHEMEID
MTB3317	25	SCHEMEID
MTB3417	25	SCHEMEID
MTB4096	25	SCHEMEID
MTB4995	25	SCHEMEID
MTB5268	25	SCHEMEID
MTB6100	25	SCHEMEID
MTB6443	25	SCHEMEID
MTB6517	25	SCHEMEID
MTB6800	25	SCHEMEID
MTB7156	25	SCHEMEID
MTB7856	25	SCHEMEID
MTB8050	25	SCHEMEID
MTB8471	25	SCHEMEID
MTB8778	25	SCHEMEID
MTB8861	25	SCHEMEID
MTB9163	25	SCHEMEID
MTB10874	25	SCHEMEID
MTB11027	25	SCHEMEID
MTB11838	25	SCHEMEID
MTB12134	25	SCHEMEID
MTB12203	25	SCHEMEID
MTB12326	25	SCHEMEID
MTB12764	25	SCHEMEID
MTB12777	25	SCHEMEID
MTB12855	25	SCHEMEID
MTB14026	25	SCHEMEID
MTB14089	25	SCHEMEID
MTB14484	25	SCHEMEID
MTB14572	25	SCHEMEID
MTB14815	25	SCHEMEID
MTB15018	25	SCHEMEID
MTB15189	25	SCHEMEID
MTB15215	25	SCHEMEID
MTB15444	25	SCHEMEID
MTB15635	25	SCHEMEID
MTB15713	25	SCHEMEID
MTB15730	25	SCHEMEID
MTB15777	25	SCHEMEID
MTB15920	25	SCHEMEID
MTB16105	25	SCHEMEID
MTB16356	25	SCHEMEID
MTB16486	25	SCHEMEID
MTB16582	25	SCHEMEID
MTB17129	25	SCHEMEID
MTB17721	25	SCHEMEID
MTB35	24	SCHEMEID
MTB411	24	SCHEMEID
MTB423	24	SCHEMEID
MTB452	24	SCHEMEID
MTB458	24	SCHEMEID
MTB647	24	SCHEMEID
MTB1077	24	SCHEMEID
MTB1078	24	SCHEMEID
MTB1089	24	SCHEMEID
MTB1168	24	SCHEMEID
MTB1477	24	SCHEMEID
MTB1764	24	SCHEMEID
MTB1909	24	SCHEMEID
MTB2012	24	SCHEMEID
MTB2085	24	SCHEMEID
MTB2118	24	SCHEMEID
MTB2247	24	SCHEMEID
MTB2256	24	SCHEMEID
MTB2383	24	SCHEMEID
MTB2895	24	SCHEMEID
MTB3392	24	SCHEMEID
MTB3411	24	SCHEMEID
MTB3692	24	SCHEMEID
MTB3700	24	SCHEMEID
MTB4155	24	SCHEMEID
MTB4376	24	SCHEMEID
MTB4400	24	SCHEMEID
MTB4643	24	SCHEMEID
MTB4891	24	SCHEMEID
MTB4960	24	SCHEMEID
MTB5003	24	SCHEMEID
MTB5073	24	SCHEMEID
MTB5385	24	SCHEMEID
MTB6019	24	SCHEMEID
MTB6026	24	SCHEMEID
MTB6096	24	SCHEMEID
MTB6097	24	SCHEMEID
MTB6272	24	SCHEMEID
MTB6474	24	SCHEMEID
MTB6597	24	SCHEMEID
MTB6738	24	SCHEMEID
MTB7185	24	SCHEMEID
MTB8204	24	SCHEMEID
MTB8405	24	SCHEMEID
MTB9973	24	SCHEMEID
MTB10315	24	SCHEMEID
MTB10443	24	SCHEMEID
MTB10703	24	SCHEMEID
MTB10945	24	SCHEMEID
MTB11930	24	SCHEMEID
MTB11951	24	SCHEMEID
MTB13079	24	SCHEMEID
MTB13219	24	SCHEMEID
MTB13338	24	SCHEMEID
MTB13762	24	SCHEMEID
MTB13842	24	SCHEMEID
MTB14254	24	SCHEMEID
MTB14488	24	SCHEMEID
MTB14716	24	SCHEMEID
MTB14852	24	SCHEMEID
MTB15671	24	SCHEMEID
MTB15926	24	SCHEMEID
MTB16932	24	SCHEMEID
MTB16966	24	SCHEMEID
MTB17215	24	SCHEMEID
MTB17334	24	SCHEMEID
MTB123	23	SCHEMEID
MTB273	23	SCHEMEID
MTB368	23	SCHEMEID
MTB445	23	SCHEMEID
MTB488	23	SCHEMEID
MTB745	23	SCHEMEID
MTB822	23	SCHEMEID
MTB854	23	SCHEMEID
MTB901	23	SCHEMEID
MTB1194	23	SCHEMEID
MTB1283	23	SCHEMEID
MTB1402	23	SCHEMEID
MTB1694	23	SCHEMEID
MTB1719	23	SCHEMEID
MTB1888	23	SCHEMEID
MTB1903	23	SCHEMEID
MTB1943	23	SCHEMEID
MTB1968	23	SCHEMEID
MTB2117	23	SCHEMEID
MTB2205	23	SCHEMEID
MTB2216	23	SCHEMEID
MTB2833	23	SCHEMEID
MTB2924	23	SCHEMEID
MTB3273	23	SCHEMEID
MTB4117	23	SCHEMEID
MTB4549	23	SCHEMEID
MTB4926	23	SCHEMEID
MTB5057	23	SCHEMEID
MTB5262	23	SCHEMEID
MTB6167	23	SCHEMEID
MTB6307	23	SCHEMEID
MTB6526	23	SCHEMEID
MTB6883	23	SCHEMEID
MTB7975	23	SCHEMEID
MTB8839	23	SCHEMEID
MTB8968	23	SCHEMEID
MTB8998	23	SCHEMEID
MTB9024	23	SCHEMEID
MTB9161	23	SCHEMEID
MTB9207	23	SCHEMEID
MTB9355	23	SCHEMEID
MTB9462	23	SCHEMEID
MTB9949	23	SCHEMEID
MTB10345	23	SCHEMEID
MTB10501	23	SCHEMEID
MTB11949	23	SCHEMEID
MTB12098	23	SCHEMEID
MTB12328	23	SCHEMEID
MTB12441	23	SCHEMEID
MTB12573	23	SCHEMEID
MTB12636	23	SCHEMEID
MTB12755	23	SCHEMEID
MTB12798	23	SCHEMEID
MTB12981	23	SCHEMEID
MTB13275	23	SCHEMEID
MTB13293	23	SCHEMEID
MTB14300	23	SCHEMEID
MTB14372	23	SCHEMEID
MTB14593	23	SCHEMEID
MTB14782	23	SCHEMEID
MTB15016	23	SCHEMEID
MTB15096	23	SCHEMEID
MTB15192	23	SCHEMEID
MTB15248	23	SCHEMEID
MTB15473	23	SCHEMEID
MTB16383	23	SCHEMEID
MTB16552	23	SCHEMEID
MTB16874	23	SCHEMEID
MTB16898	23	SCHEMEID
MTB16974	23	SCHEMEID
MTB16990	23	SCHEMEID
MTB16995	23	SCHEMEID
MTB76	22	SCHEMEID
MTB245	22	SCHEMEID
MTB276	22	SCHEMEID
MTB293	22	SCHEMEID
MTB503	22	SCHEMEID
MTB691	22	SCHEMEID
MTB722	22	SCHEMEID
MTB870	22	SCHEMEID
MTB1154	22	SCHEMEID
MTB1328	22	SCHEMEID
MTB1403	22	SCHEMEID
MTB1649	22	SCHEMEID
MTB1669	22	SCHEMEID
MTB1761	22	SCHEMEID
MTB1950	22	SCHEMEID
MTB2052	22	SCHEMEID
MTB2058	22	SCHEMEID
MTB2130	22	SCHEMEID
MTB2158	22	SCHEMEID
MTB2519	22	SCHEMEID
MTB2520	22	SCHEMEID
MTB2978	22	SCHEMEID
MTB2987	22	SCHEMEID
MTB3067	22	SCHEMEID
MTB3385	22	SCHEMEID
MTB4161	22	SCHEMEID
MTB4476	22	SCHEMEID
MTB4527	22	SCHEMEID
MTB4760	22	SCHEMEID
MTB5461	22	SCHEMEID
MTB5860	22	SCHEMEID
MTB5916	22	SCHEMEID
MTB6442	22	SCHEMEID
MTB6492	22	SCHEMEID
MTB6626	22	SCHEMEID
MTB6633	22	SCHEMEID
MTB6643	22	SCHEMEID
MTB6737	22	SCHEMEID
MTB6806	22	SCHEMEID
MTB6965	22	SCHEMEID
MTB7398	22	SCHEMEID
MTB7423	22	SCHEMEID
MTB7527	22	SCHEMEID
MTB7528	22	SCHEMEID
MTB8616	22	SCHEMEID
MTB8791	22	SCHEMEID
MTB8983	22	SCHEMEID
MTB9059	22	SCHEMEID
MTB9264	22	SCHEMEID
MTB9714	22	SCHEMEID
MTB10311	22	SCHEMEID
MTB10381	22	SCHEMEID
MTB10610	22	SCHEMEID
MTB10727	22	SCHEMEID
MTB11206	22	SCHEMEID
MTB11446	22	SCHEMEID
MTB12728	22	SCHEMEID
MTB13072	22	SCHEMEID
MTB13182	22	SCHEMEID
MTB13643	22	SCHEMEID
MTB13658	22	SCHEMEID
MTB14061	22	SCHEMEID
MTB14150	22	SCHEMEID
MTB14842	22	SCHEMEID
MTB15080	22	SCHEMEID
MTB15320	22	SCHEMEID
MTB15496	22	SCHEMEID
MTB15631	22	SCHEMEID
MTB15861	22	SCHEMEID
MTB16124	22	SCHEMEID
MTB16230	22	SCHEMEID
MTB17008	22	SCHEMEID
MTB135	21	SCHEMEID
MTB225	21	SCHEMEID
MTB226	21	SCHEMEID
MTB277	21	SCHEMEID
MTB484	21	SCHEMEID
MTB712	21	SCHEMEID
MTB747	21	SCHEMEID
MTB791	21	SCHEMEID
MTB856	21	SCHEMEID
MTB987	21	SCHEMEID
MTB1072	21	SCHEMEID
MTB1200	21	SCHEMEID
MTB1407	21	SCHEMEID
MTB1467	21	SCHEMEID
MTB1671	21	SCHEMEID
MTB1805	21	SCHEMEID
MTB2197	21	SCHEMEID
MTB2237	21	SCHEMEID
MTB2528	21	SCHEMEID
MTB2576	21	SCHEMEID
MTB2636	21	SCHEMEID
MTB2857	21	SCHEMEID
MTB2993	21	SCHEMEID
MTB3274	21	SCHEMEID
MTB3362	21	SCHEMEID
MTB3546	21	SCHEMEID
MTB3667	21	SCHEMEID
MTB3901	21	SCHEMEID
MTB4049	21	SCHEMEID
MTB4308	21	SCHEMEID
MTB4474	21	SCHEMEID
MTB4800	21	SCHEMEID
MTB4831	21	SCHEMEID
MTB5033	21	SCHEMEID
MTB5428	21	SCHEMEID
MTB5956	21	SCHEMEID
MTB6276	21	SCHEMEID
MTB6431	21	SCHEMEID
MTB6451	21	SCHEMEID
MTB6635	21	SCHEMEID
MTB7012	21	SCHEMEID
MTB7095	21	SCHEMEID
MTB7206	21	SCHEMEID
MTB7649	21	SCHEMEID
MTB7842	21	SCHEMEID
MTB8077	21	SCHEMEID
MTB8144	21	SCHEMEID
MTB8313	21	SCHEMEID
MTB8315	21	SCHEMEID
MTB8609	21	SCHEMEID
MTB8800	21	SCHEMEID
MTB9152	21	SCHEMEID
MTB9317	21	SCHEMEID
MTB9410	21	SCHEMEID
MTB9602	21	SCHEMEID
MTB10133	21	SCHEMEID
MTB10605	21	SCHEMEID
MTB11124	21	SCHEMEID
MTB11240	21	SCHEMEID
MTB12492	21	SCHEMEID
MTB12671	21	SCHEMEID
MTB13712	21	SCHEMEID
MTB14088	21	SCHEMEID
MTB14226	21	SCHEMEID
MTB14318	21	SCHEMEID
MTB15035	21	SCHEMEID
MTB15117	21	SCHEMEID
MTB15254	21	SCHEMEID
MTB15255	21	SCHEMEID
MTB15259	21	SCHEMEID
MTB16169	21	SCHEMEID
MTB16170	21	SCHEMEID
MTB16229	21	SCHEMEID
MTB16278	21	SCHEMEID
MTB16540	21	SCHEMEID
MTB17219	21	SCHEMEID
MTB17408	21	SCHEMEID
MTB17705	21	SCHEMEID
MTB172	20	SCHEMEID
MTB332	20	SCHEMEID
MTB413	20	SCHEMEID
MTB510	20	SCHEMEID
MTB544	20	SCHEMEID
MTB679	20	SCHEMEID
MTB690	20	SCHEMEID
MTB750	20	SCHEMEID
MTB769	20	SCHEMEID
MTB789	20	SCHEMEID
MTB828	20	SCHEMEID
MTB896	20	SCHEMEID
MTB911	20	SCHEMEID
MTB976	20	SCHEMEID
MTB1119	20	SCHEMEID
MTB1177	20	SCHEMEID
MTB1278	20	SCHEMEID
MTB1321	20	SCHEMEID
MTB1499	20	SCHEMEID
MTB1639	20	SCHEMEID
MTB1687	20	SCHEMEID
MTB1725	20	SCHEMEID
MTB1790	20	SCHEMEID
MTB1833	20	SCHEMEID
MTB1926	20	SCHEMEID
MTB2022	20	SCHEMEID
MTB2310	20	SCHEMEID
MTB2315	20	SCHEMEID
MTB2346	20	SCHEMEID
MTB2380	20	SCHEMEID
MTB2619	20	SCHEMEID
MTB2673	20	SCHEMEID
MTB2855	20	SCHEMEID
MTB3016	20	SCHEMEID
MTB3616	20	SCHEMEID
MTB3753	20	SCHEMEID
MTB3768	20	SCHEMEID
MTB3918	20	SCHEMEID
MTB4079	20	SCHEMEID
MTB4373	20	SCHEMEID
MTB4608	20	SCHEMEID
MTB4754	20	SCHEMEID
MTB5393	20	SCHEMEID
MTB5412	20	SCHEMEID
MTB5429	20	SCHEMEID
MTB6164	20	SCHEMEID
MTB6289	20	SCHEMEID
MTB6372	20	SCHEMEID
MTB6936	20	SCHEMEID
MTB7167	20	SCHEMEID
MTB8031	20	SCHEMEID
MTB8508	20	SCHEMEID
MTB8710	20	SCHEMEID
MTB8830	20	SCHEMEID
MTB9493	20	SCHEMEID
MTB9501	20	SCHEMEID
MTB9535	20	SCHEMEID
MTB9845	20	SCHEMEID
MTB10055	20	SCHEMEID
MTB10385	20	SCHEMEID
MTB10394	20	SCHEMEID
MTB10679	20	SCHEMEID
MTB10680	20	SCHEMEID
MTB10681	20	SCHEMEID
MTB10790	20	SCHEMEID
MTB11434	20	SCHEMEID
MTB11624	20	SCHEMEID
MTB11710	20	SCHEMEID
MTB11737	20	SCHEMEID
MTB11977	20	SCHEMEID
MTB11978	20	SCHEMEID
MTB11998	20	SCHEMEID
MTB12202	20	SCHEMEID
MTB13145	20	SCHEMEID
MTB13146	20	SCHEMEID
MTB13147	20	SCHEMEID
MTB13520	20	SCHEMEID
MTB13546	20	SCHEMEID
MTB14813	20	SCHEMEID
MTB15107	20	SCHEMEID
MTB15578	20	SCHEMEID
MTB16203	20	SCHEMEID
MTB17048	20	SCHEMEID
MTB17406	20	SCHEMEID
MTB17475	20	SCHEMEID
MTB17494	20	SCHEMEID
MTB17495	20	SCHEMEID
MTB17657	20	SCHEMEID
MTB17714	20	SCHEMEID
MTB130	19	SCHEMEID
MTB171	19	SCHEMEID
MTB261	19	SCHEMEID
MTB359	19	SCHEMEID
MTB363	19	SCHEMEID
MTB443	19	SCHEMEID
MTB561	19	SCHEMEID
MTB592	19	SCHEMEID
MTB620	19	SCHEMEID
MTB804	19	SCHEMEID
MTB817	19	SCHEMEID
MTB851	19	SCHEMEID
MTB880	19	SCHEMEID
MTB886	19	SCHEMEID
MTB1104	19	SCHEMEID
MTB1246	19	SCHEMEID
MTB1422	19	SCHEMEID
MTB1566	19	SCHEMEID
MTB1730	19	SCHEMEID
MTB1750	19	SCHEMEID
MTB1821	19	SCHEMEID
MTB1840	19	SCHEMEID
MTB1910	19	SCHEMEID
MTB1976	19	SCHEMEID
MTB1999	19	SCHEMEID
MTB2278	19	SCHEMEID
MTB2342	19	SCHEMEID
MTB2737	19	SCHEMEID
MTB3019	19	SCHEMEID
MTB3207	19	SCHEMEID
MTB3347	19	SCHEMEID
MTB3370	19	SCHEMEID
MTB3375	19	SCHEMEID
MTB3686	19	SCHEMEID
MTB3754	19	SCHEMEID
MTB4031	19	SCHEMEID
MTB4077	19	SCHEMEID
MTB4206	19	SCHEMEID
MTB4258	19	SCHEMEID
MTB4544	19	SCHEMEID
MTB4598	19	SCHEMEID
MTB4854	19	SCHEMEID
MTB5110	19	SCHEMEID
MTB5134	19	SCHEMEID
MTB5318	19	SCHEMEID
MTB5423	19	SCHEMEID
MTB5505	19	SCHEMEID
MTB6220	19	SCHEMEID
MTB6311	19	SCHEMEID
MTB6973	19	SCHEMEID
MTB7111	19	SCHEMEID
MTB7334	19	SCHEMEID
MTB7478	19	SCHEMEID
MTB7682	19	SCHEMEID
MTB7847	19	SCHEMEID
MTB8053	19	SCHEMEID
MTB8153	19	SCHEMEID
MTB8707	19	SCHEMEID
MTB8775	19	SCHEMEID
MTB9013	19	SCHEMEID
MTB9185	19	SCHEMEID
MTB9267	19	SCHEMEID
MTB9798	19	SCHEMEID
MTB9948	19	SCHEMEID
MTB10127	19	SCHEMEID
MTB10233	19	SCHEMEID
MTB10517	19	SCHEMEID
MTB10806	19	SCHEMEID
MTB11574	19	SCHEMEID
MTB11708	19	SCHEMEID
MTB11754	19	SCHEMEID
MTB12006	19	SCHEMEID
MTB12201	19	SCHEMEID
MTB12269	19	SCHEMEID
MTB12522	19	SCHEMEID
MTB13174	19	SCHEMEID
MTB13336	19	SCHEMEID
MTB13857	19	SCHEMEID
MTB14373	19	SCHEMEID
MTB15039	19	SCHEMEID
MTB15149	19	SCHEMEID
MTB15176	19	SCHEMEID
MTB15864	19	SCHEMEID
MTB15995	19	SCHEMEID
MTB16118	19	SCHEMEID
MTB16391	19	SCHEMEID
MTB16483	19	SCHEMEID
MTB16500	19	SCHEMEID
MTB16981	19	SCHEMEID
MTB16991	19	SCHEMEID
MTB17121	19	SCHEMEID
MTB17123	19	SCHEMEID
MTB17200	19	SCHEMEID
MTB17281	19	SCHEMEID
MTB17317	19	SCHEMEID
MTB17344	19	SCHEMEID
MTB17645	19	SCHEMEID
MTB48	18	SCHEMEID
MTB64	18	SCHEMEID
MTB146	18	SCHEMEID
MTB163	18	SCHEMEID
MTB354	18	SCHEMEID
MTB441	18	SCHEMEID
MTB460	18	SCHEMEID
MTB744	18	SCHEMEID
MTB746	18	SCHEMEID
MTB759	18	SCHEMEID
MTB776	18	SCHEMEID
MTB814	18	SCHEMEID
MTB966	18	SCHEMEID
MTB1202	18	SCHEMEID
MTB1219	18	SCHEMEID
MTB1322	18	SCHEMEID
MTB1365	18	SCHEMEID
MTB1420	18	SCHEMEID
MTB1427	18	SCHEMEID
MTB1562	18	SCHEMEID
MTB1563	18	SCHEMEID
MTB1627	18	SCHEMEID
MTB1635	18	SCHEMEID
MTB1771	18	SCHEMEID
MTB1819	18	SCHEMEID
MTB1865	18	SCHEMEID
MTB1884	18	SCHEMEID
MTB1933	18	SCHEMEID
MTB2066	18	SCHEMEID
MTB2086	18	SCHEMEID
MTB2155	18	SCHEMEID
MTB2191	18	SCHEMEID
MTB2588	18	SCHEMEID
MTB2687	18	SCHEMEID
MTB2983	18	SCHEMEID
MTB3209	18	SCHEMEID
MTB3334	18	SCHEMEID
MTB3554	18	SCHEMEID
MTB3732	18	SCHEMEID
MTB3765	18	SCHEMEID
MTB3902	18	SCHEMEID
MTB3945	18	SCHEMEID
MTB3999	18	SCHEMEID
MTB4004	18	SCHEMEID
MTB4044	18	SCHEMEID
MTB4045	18	SCHEMEID
MTB4219	18	SCHEMEID
MTB4289	18	SCHEMEID
MTB4306	18	SCHEMEID
MTB4607	18	SCHEMEID
MTB4777	18	SCHEMEID
MTB4901	18	SCHEMEID
MTB4909	18	SCHEMEID
MTB4973	18	SCHEMEID
MTB5010	18	SCHEMEID
MTB5436	18	SCHEMEID
MTB5499	18	SCHEMEID
MTB5578	18	SCHEMEID
MTB5764	18	SCHEMEID
MTB5885	18	SCHEMEID
MTB5965	18	SCHEMEID
MTB6160	18	SCHEMEID
MTB6350	18	SCHEMEID
MTB6674	18	SCHEMEID
MTB6739	18	SCHEMEID
MTB6781	18	SCHEMEID
MTB7009	18	SCHEMEID
MTB7010	18	SCHEMEID
MTB7051	18	SCHEMEID
MTB7097	18	SCHEMEID
MTB7357	18	SCHEMEID
MTB7595	18	SCHEMEID
MTB7687	18	SCHEMEID
MTB7801	18	SCHEMEID
MTB7838	18	SCHEMEID
MTB8080	18	SCHEMEID
MTB8135	18	SCHEMEID
MTB8176	18	SCHEMEID
MTB8268	18	SCHEMEID
MTB8356	18	SCHEMEID
MTB8730	18	SCHEMEID
MTB8927	18	SCHEMEID
MTB9062	18	SCHEMEID
MTB9340	18	SCHEMEID
MTB9601	18	SCHEMEID
MTB9877	18	SCHEMEID
MTB9922	18	SCHEMEID
MTB9942	18	SCHEMEID
MTB9993	18	SCHEMEID
MTB10398	18	SCHEMEID
MTB10445	18	SCHEMEID
MTB11128	18	SCHEMEID
MTB11499	18	SCHEMEID
MTB11506	18	SCHEMEID
MTB11585	18	SCHEMEID
MTB11815	18	SCHEMEID
MTB11924	18	SCHEMEID
MTB11934	18	SCHEMEID
MTB11979	18	SCHEMEID
MTB12005	18	SCHEMEID
MTB12222	18	SCHEMEID
MTB12296	18	SCHEMEID
MTB12369	18	SCHEMEID
MTB12553	18	SCHEMEID
MTB12675	18	SCHEMEID
MTB12726	18	SCHEMEID
MTB12843	18	SCHEMEID
MTB13061	18	SCHEMEID
MTB13465	18	SCHEMEID
MTB13466	18	SCHEMEID
MTB13660	18	SCHEMEID
MTB13668	18	SCHEMEID
MTB14248	18	SCHEMEID
MTB14311	18	SCHEMEID
MTB14620	18	SCHEMEID
MTB14665	18	SCHEMEID
MTB14925	18	SCHEMEID
MTB14950	18	SCHEMEID
MTB15296	18	SCHEMEID
MTB15450	18	SCHEMEID
MTB15899	18	SCHEMEID
MTB15997	18	SCHEMEID
MTB16108	18	SCHEMEID
MTB16249	18	SCHEMEID
MTB16451	18	SCHEMEID
MTB16503	18	SCHEMEID
MTB16810	18	SCHEMEID
MTB16998	18	SCHEMEID
MTB17126	18	SCHEMEID
MTB17458	18	SCHEMEID
MTB17563	18	SCHEMEID
MTB2	17	SCHEMEID
MTB40	17	SCHEMEID
MTB133	17	SCHEMEID
MTB144	17	SCHEMEID
MTB213	17	SCHEMEID
MTB330	17	SCHEMEID
MTB338	17	SCHEMEID
MTB430	17	SCHEMEID
MTB450	17	SCHEMEID
MTB494	17	SCHEMEID
MTB590	17	SCHEMEID
MTB609	17	SCHEMEID
MTB624	17	SCHEMEID
MTB671	17	SCHEMEID
MTB940	17	SCHEMEID
MTB1057	17	SCHEMEID
MTB1139	17	SCHEMEID
MTB1265	17	SCHEMEID
MTB1409	17	SCHEMEID
MTB1424	17	SCHEMEID
MTB1514	17	SCHEMEID
MTB1630	17	SCHEMEID
MTB1660	17	SCHEMEID
MTB1681	17	SCHEMEID
MTB1965	17	SCHEMEID
MTB2001	17	SCHEMEID
MTB2080	17	SCHEMEID
MTB2285	17	SCHEMEID
MTB2464	17	SCHEMEID
MTB2582	17	SCHEMEID
MTB2869	17	SCHEMEID
MTB2903	17	SCHEMEID
MTB2913	17	SCHEMEID
MTB3344	17	SCHEMEID
MTB3398	17	SCHEMEID
MTB3480	17	SCHEMEID
MTB3555	17	SCHEMEID
MTB3609	17	SCHEMEID
MTB3763	17	SCHEMEID
MTB3881	17	SCHEMEID
MTB4140	17	SCHEMEID
MTB4307	17	SCHEMEID
MTB4396	17	SCHEMEID
MTB4445	17	SCHEMEID
MTB4529	17	SCHEMEID
MTB4601	17	SCHEMEID
MTB4806	17	SCHEMEID
MTB5172	17	SCHEMEID
MTB5689	17	SCHEMEID
MTB5697	17	SCHEMEID
MTB5845	17	SCHEMEID
MTB6416	17	SCHEMEID
MTB6681	17	SCHEMEID
MTB6975	17	SCHEMEID
MTB7099	17	SCHEMEID
MTB7240	17	SCHEMEID
MTB7241	17	SCHEMEID
MTB7631	17	SCHEMEID
MTB7677	17	SCHEMEID
MTB7855	17	SCHEMEID
MTB7861	17	SCHEMEID
MTB7964	17	SCHEMEID
MTB8196	17	SCHEMEID
MTB8267	17	SCHEMEID
MTB8435	17	SCHEMEID
MTB8538	17	SCHEMEID
MTB8542	17	SCHEMEID
MTB8790	17	SCHEMEID
MTB8847	17	SCHEMEID
MTB9026	17	SCHEMEID
MTB9139	17	SCHEMEID
MTB9176	17	SCHEMEID
MTB9242	17	SCHEMEID
MTB9346	17	SCHEMEID
MTB9370	17	SCHEMEID
MTB9458	17	SCHEMEID
MTB9475	17	SCHEMEID
MTB9568	17	SCHEMEID
MTB9966	17	SCHEMEID
MTB9967	17	SCHEMEID
MTB10056	17	SCHEMEID
MTB10110	17	SCHEMEID
MTB10134	17	SCHEMEID
MTB10247	17	SCHEMEID
MTB10637	17	SCHEMEID
MTB10722	17	SCHEMEID
MTB10959	17	SCHEMEID
MTB11486	17	SCHEMEID
MTB11731	17	SCHEMEID
MTB11769	17	SCHEMEID
MTB11962	17	SCHEMEID
MTB11997	17	SCHEMEID
MTB12491	17	SCHEMEID
MTB12685	17	SCHEMEID
MTB12868	17	SCHEMEID
MTB12870	17	SCHEMEID
MTB12950	17	SCHEMEID
MTB13220	17	SCHEMEID
MTB13247	17	SCHEMEID
MTB13401	17	SCHEMEID
MTB13629	17	SCHEMEID
MTB13724	17	SCHEMEID
MTB13894	17	SCHEMEID
MTB14371	17	SCHEMEID
MTB14579	17	SCHEMEID
MTB14802	17	SCHEMEID
MTB14864	17	SCHEMEID
MTB15188	17	SCHEMEID
MTB15216	17	SCHEMEID
MTB15323	17	SCHEMEID
MTB15396	17	SCHEMEID
MTB15483	17	SCHEMEID
MTB15553	17	SCHEMEID
MTB15630	17	SCHEMEID
MTB16017	17	SCHEMEID
MTB16142	17	SCHEMEID
MTB16209	17	SCHEMEID
MTB16543	17	SCHEMEID
MTB16741	17	SCHEMEID
MTB16747	17	SCHEMEID
MTB16784	17	SCHEMEID
MTB16787	17	SCHEMEID
MTB16996	17	SCHEMEID
MTB17199	17	SCHEMEID
MTB17206	17	SCHEMEID
MTB17222	17	SCHEMEID
MTB17488	17	SCHEMEID
MTB17561	17	SCHEMEID
MTB17615	17	SCHEMEID
MTB15	16	SCHEMEID
MTB34	16	SCHEMEID
MTB115	16	SCHEMEID
MTB170	16	SCHEMEID
MTB229	16	SCHEMEID
MTB234	16	SCHEMEID
MTB532	16	SCHEMEID
MTB558	16	SCHEMEID
MTB628	16	SCHEMEID
MTB638	16	SCHEMEID
MTB698	16	SCHEMEID
MTB819	16	SCHEMEID
MTB821	16	SCHEMEID
MTB894	16	SCHEMEID
MTB923	16	SCHEMEID
MTB981	16	SCHEMEID
MTB1005	16	SCHEMEID
MTB1043	16	SCHEMEID
MTB1126	16	SCHEMEID
MTB1295	16	SCHEMEID
MTB1302	16	SCHEMEID
MTB1309	16	SCHEMEID
MTB1342	16	SCHEMEID
MTB1414	16	SCHEMEID
MTB1496	16	SCHEMEID
MTB1536	16	SCHEMEID
MTB1564	16	SCHEMEID
MTB1612	16	SCHEMEID
MTB1711	16	SCHEMEID
MTB1875	16	SCHEMEID
MTB1876	16	SCHEMEID
MTB1883	16	SCHEMEID
MTB1924	16	SCHEMEID
MTB1979	16	SCHEMEID
MTB2116	16	SCHEMEID
MTB2228	16	SCHEMEID
MTB2303	16	SCHEMEID
MTB2314	16	SCHEMEID
MTB2343	16	SCHEMEID
MTB2414	16	SCHEMEID
MTB2473	16	SCHEMEID
MTB2529	16	SCHEMEID
MTB2553	16	SCHEMEID
MTB2577	16	SCHEMEID
MTB2589	16	SCHEMEID
MTB2692	16	SCHEMEID
MTB2770	16	SCHEMEID
MTB2991	16	SCHEMEID
MTB3012	16	SCHEMEID
MTB3071	16	SCHEMEID
MTB3670	16	SCHEMEID
MTB4024	16	SCHEMEID
MTB4368	16	SCHEMEID
MTB4392	16	SCHEMEID
MTB4477	16	SCHEMEID
MTB4479	16	SCHEMEID
MTB4480	16	SCHEMEID
MTB4930	16	SCHEMEID
MTB4943	16	SCHEMEID
MTB5216	16	SCHEMEID
MTB5230	16	SCHEMEID
MTB5347	16	SCHEMEID
MTB5567	16	SCHEMEID
MTB5728	16	SCHEMEID
MTB5846	16	SCHEMEID
MTB5912	16	SCHEMEID
MTB6148	16	SCHEMEID
MTB6429	16	SCHEMEID
MTB6634	16	SCHEMEID
MTB6784	16	SCHEMEID
MTB6876	16	SCHEMEID
MTB6918	16	SCHEMEID
MTB6970	16	SCHEMEID
MTB6982	16	SCHEMEID
MTB7213	16	SCHEMEID
MTB7217	16	SCHEMEID
MTB7248	16	SCHEMEID
MTB7408	16	SCHEMEID
MTB7587	16	SCHEMEID
MTB7809	16	SCHEMEID
MTB8027	16	SCHEMEID
MTB8069	16	SCHEMEID
MTB8536	16	SCHEMEID
MTB8859	16	SCHEMEID
MTB8910	16	SCHEMEID
MTB8964	16	SCHEMEID
MTB9814	16	SCHEMEID
MTB9855	16	SCHEMEID
MTB9944	16	SCHEMEID
MTB10149	16	SCHEMEID
MTB10189	16	SCHEMEID
MTB10238	16	SCHEMEID
MTB10771	16	SCHEMEID
MTB10786	16	SCHEMEID
MTB10895	16	SCHEMEID
MTB11149	16	SCHEMEID
MTB11306	16	SCHEMEID
MTB11883	16	SCHEMEID
MTB12480	16	SCHEMEID
MTB12545	16	SCHEMEID
MTB12568	16	SCHEMEID
MTB12665	16	SCHEMEID
MTB12782	16	SCHEMEID
MTB13076	16	SCHEMEID
MTB13084	16	SCHEMEID
MTB13099	16	SCHEMEID
MTB13307	16	SCHEMEID
MTB13566	16	SCHEMEID
MTB14146	16	SCHEMEID
MTB14149	16	SCHEMEID
MTB14159	16	SCHEMEID
MTB14163	16	SCHEMEID
MTB14227	16	SCHEMEID
MTB14247	16	SCHEMEID
MTB14277	16	SCHEMEID
MTB14379	16	SCHEMEID
MTB15123	16	SCHEMEID
MTB15256	16	SCHEMEID
MTB15257	16	SCHEMEID
MTB15337	16	SCHEMEID
MTB15426	16	SCHEMEID
MTB15474	16	SCHEMEID
MTB15530	16	SCHEMEID
MTB15666	16	SCHEMEID
MTB15723	16	SCHEMEID
MTB16081	16	SCHEMEID
MTB16152	16	SCHEMEID
MTB16442	16	SCHEMEID
MTB16481	16	SCHEMEID
MTB16493	16	SCHEMEID
MTB16497	16	SCHEMEID
MTB16561	16	SCHEMEID
MTB16574	16	SCHEMEID
MTB16800	16	SCHEMEID
MTB16830	16	SCHEMEID
MTB16889	16	SCHEMEID
MTB16929	16	SCHEMEID
MTB17061	16	SCHEMEID
MTB17405	16	SCHEMEID
MTB17413	16	SCHEMEID
MTB42	15	SCHEMEID
MTB151	15	SCHEMEID
MTB249	15	SCHEMEID
MTB262	15	SCHEMEID
MTB472	15	SCHEMEID
MTB495	15	SCHEMEID
MTB501	15	SCHEMEID
MTB602	15	SCHEMEID
MTB607	15	SCHEMEID
MTB735	15	SCHEMEID
MTB748	15	SCHEMEID
MTB823	15	SCHEMEID
MTB860	15	SCHEMEID
MTB897	15	SCHEMEID
MTB972	15	SCHEMEID
MTB988	15	SCHEMEID
MTB1011	15	SCHEMEID
MTB1169	15	SCHEMEID
MTB1173	15	SCHEMEID
MTB1316	15	SCHEMEID
MTB1408	15	SCHEMEID
MTB1458	15	SCHEMEID
MTB1475	15	SCHEMEID
MTB1495	15	SCHEMEID
MTB1508	15	SCHEMEID
MTB1665	15	SCHEMEID
MTB1676	15	SCHEMEID
MTB1796	15	SCHEMEID
MTB1941	15	SCHEMEID
MTB1958	15	SCHEMEID
MTB2006	15	SCHEMEID
MTB2100	15	SCHEMEID
MTB2277	15	SCHEMEID
MTB2311	15	SCHEMEID
MTB2359	15	SCHEMEID
MTB2370	15	SCHEMEID
MTB2393	15	SCHEMEID
MTB2482	15	SCHEMEID
MTB2502	15	SCHEMEID
MTB2564	15	SCHEMEID
MTB2678	15	SCHEMEID
MTB2689	15	SCHEMEID
MTB2696	15	SCHEMEID
MTB2720	15	SCHEMEID
MTB2950	15	SCHEMEID
MTB3028	15	SCHEMEID
MTB3183	15	SCHEMEID
MTB3270	15	SCHEMEID
MTB3281	15	SCHEMEID
MTB3386	15	SCHEMEID
MTB3787	15	SCHEMEID
MTB3882	15	SCHEMEID
MTB3975	15	SCHEMEID
MTB4046	15	SCHEMEID
MTB4055	15	SCHEMEID
MTB4094	15	SCHEMEID
MTB4105	15	SCHEMEID
MTB4181	15	SCHEMEID
MTB4415	15	SCHEMEID
MTB4552	15	SCHEMEID
MTB4620	15	SCHEMEID
MTB4691	15	SCHEMEID
MTB4709	15	SCHEMEID
MTB4728	15	SCHEMEID
MTB4776	15	SCHEMEID
MTB4809	15	SCHEMEID
MTB4836	15	SCHEMEID
MTB4921	15	SCHEMEID
MTB4970	15	SCHEMEID
MTB5144	15	SCHEMEID
MTB5170	15	SCHEMEID
MTB5190	15	SCHEMEID
MTB5426	15	SCHEMEID
MTB5440	15	SCHEMEID
MTB5868	15	SCHEMEID
MTB6355	15	SCHEMEID
MTB6364	15	SCHEMEID
MTB6466	15	SCHEMEID
MTB6482	15	SCHEMEID
MTB6645	15	SCHEMEID
MTB6801	15	SCHEMEID
MTB6829	15	SCHEMEID
MTB6984	15	SCHEMEID
MTB7005	15	SCHEMEID
MTB7242	15	SCHEMEID
MTB7333	15	SCHEMEID
MTB7347	15	SCHEMEID
MTB7573	15	SCHEMEID
MTB7724	15	SCHEMEID
MTB8124	15	SCHEMEID
MTB8231	15	SCHEMEID
MTB8258	15	SCHEMEID
MTB8259	15	SCHEMEID
MTB8318	15	SCHEMEID
MTB8319	15	SCHEMEID
MTB8397	15	SCHEMEID
MTB8480	15	SCHEMEID
MTB8487	15	SCHEMEID
MTB8549	15	SCHEMEID
MTB8678	15	SCHEMEID
MTB8772	15	SCHEMEID
MTB8812	15	SCHEMEID
MTB8901	15	SCHEMEID
MTB8961	15	SCHEMEID
MTB9030	15	SCHEMEID
MTB9057	15	SCHEMEID
MTB9098	15	SCHEMEID
MTB9140	15	SCHEMEID
MTB9182	15	SCHEMEID
MTB9183	15	SCHEMEID
MTB9306	15	SCHEMEID
MTB9419	15	SCHEMEID
MTB9420	15	SCHEMEID
MTB9438	15	SCHEMEID
MTB9913	15	SCHEMEID
MTB10210	15	SCHEMEID
MTB10255	15	SCHEMEID
MTB10489	15	SCHEMEID
MTB10774	15	SCHEMEID
MTB10794	15	SCHEMEID
MTB10796	15	SCHEMEID
MTB11016	15	SCHEMEID
MTB11061	15	SCHEMEID
MTB11202	15	SCHEMEID
MTB11220	15	SCHEMEID
MTB11388	15	SCHEMEID
MTB11477	15	SCHEMEID
MTB11622	15	SCHEMEID
MTB11896	15	SCHEMEID
MTB11974	15	SCHEMEID
MTB12031	15	SCHEMEID
MTB12127	15	SCHEMEID
MTB12178	15	SCHEMEID
MTB12185	15	SCHEMEID
MTB12308	15	SCHEMEID
MTB12332	15	SCHEMEID
MTB12601	15	SCHEMEID
MTB12698	15	SCHEMEID
MTB12763	15	SCHEMEID
MTB13019	15	SCHEMEID
MTB13039	15	SCHEMEID
MTB13269	15	SCHEMEID
MTB13407	15	SCHEMEID
MTB13538	15	SCHEMEID
MTB13630	15	SCHEMEID
MTB14037	15	SCHEMEID
MTB14322	15	SCHEMEID
MTB14336	15	SCHEMEID
MTB14378	15	SCHEMEID
MTB14764	15	SCHEMEID
MTB14927	15	SCHEMEID
MTB15181	15	SCHEMEID
MTB15620	15	SCHEMEID
MTB16018	15	SCHEMEID
MTB16146	15	SCHEMEID
MTB16272	15	SCHEMEID
MTB16334	15	SCHEMEID
MTB16427	15	SCHEMEID
MTB16568	15	SCHEMEID
MTB16663	15	SCHEMEID
MTB16976	15	SCHEMEID
MTB17103	15	SCHEMEID
MTB17203	15	SCHEMEID
MTB17333	15	SCHEMEID
MTB17342	15	SCHEMEID
MTB17464	15	SCHEMEID
MTB17540	15	SCHEMEID
MTB17557	15	SCHEMEID
MTB17558	15	SCHEMEID
MTB17588	15	SCHEMEID
MTB208	14	SCHEMEID
MTB284	14	SCHEMEID
MTB301	14	SCHEMEID
MTB471	14	SCHEMEID
MTB553	14	SCHEMEID
MTB641	14	SCHEMEID
MTB724	14	SCHEMEID
MTB973	14	SCHEMEID
MTB1068	14	SCHEMEID
MTB1114	14	SCHEMEID
MTB1207	14	SCHEMEID
MTB1324	14	SCHEMEID
MTB1354	14	SCHEMEID
MTB1430	14	SCHEMEID
MTB1525	14	SCHEMEID
MTB1661	14	SCHEMEID
MTB1695	14	SCHEMEID
MTB1749	14	SCHEMEID
MTB1763	14	SCHEMEID
MTB1815	14	SCHEMEID
MTB1866	14	SCHEMEID
MTB1928	14	SCHEMEID
MTB2008	14	SCHEMEID
MTB2029	14	SCHEMEID
MTB2077	14	SCHEMEID
MTB2138	14	SCHEMEID
MTB2139	14	SCHEMEID
MTB2503	14	SCHEMEID
MTB2518	14	SCHEMEID
MTB2531	14	SCHEMEID
MTB2543	14	SCHEMEID
MTB2743	14	SCHEMEID
MTB2818	14	SCHEMEID
MTB2830	14	SCHEMEID
MTB2980	14	SCHEMEID
MTB3166	14	SCHEMEID
MTB3186	14	SCHEMEID
MTB3319	14	SCHEMEID
MTB3437	14	SCHEMEID
MTB3469	14	SCHEMEID
MTB3571	14	SCHEMEID
MTB3990	14	SCHEMEID
MTB4006	14	SCHEMEID
MTB4010	14	SCHEMEID
MTB4391	14	SCHEMEID
MTB4614	14	SCHEMEID
MTB4650	14	SCHEMEID
MTB4699	14	SCHEMEID
MTB4750	14	SCHEMEID
MTB4794	14	SCHEMEID
MTB4977	14	SCHEMEID
MTB5147	14	SCHEMEID
MTB5360	14	SCHEMEID
MTB5396	14	SCHEMEID
MTB5417	14	SCHEMEID
MTB5580	14	SCHEMEID
MTB5690	14	SCHEMEID
MTB5788	14	SCHEMEID
MTB5847	14	SCHEMEID
MTB5901	14	SCHEMEID
MTB5928	14	SCHEMEID
MTB6001	14	SCHEMEID
MTB6034	14	SCHEMEID
MTB6071	14	SCHEMEID
MTB6191	14	SCHEMEID
MTB6294	14	SCHEMEID
MTB6300	14	SCHEMEID
MTB6418	14	SCHEMEID
MTB6454	14	SCHEMEID
MTB6636	14	SCHEMEID
MTB6845	14	SCHEMEID
MTB6976	14	SCHEMEID
MTB7013	14	SCHEMEID
MTB7015	14	SCHEMEID
MTB7178	14	SCHEMEID
MTB7510	14	SCHEMEID
MTB7767	14	SCHEMEID
MTB7837	14	SCHEMEID
MTB7864	14	SCHEMEID
MTB8043	14	SCHEMEID
MTB8051	14	SCHEMEID
MTB8101	14	SCHEMEID
MTB8130	14	SCHEMEID
MTB8147	14	SCHEMEID
MTB8437	14	SCHEMEID
MTB8463	14	SCHEMEID
MTB8591	14	SCHEMEID
MTB8670	14	SCHEMEID
MTB8742	14	SCHEMEID
MTB9016	14	SCHEMEID
MTB9020	14	SCHEMEID
MTB9058	14	SCHEMEID
MTB9115	14	SCHEMEID
MTB9212	14	SCHEMEID
MTB9228	14	SCHEMEID
MTB9246	14	SCHEMEID
MTB9434	14	SCHEMEID
MTB9910	14	SCHEMEID
MTB9943	14	SCHEMEID
MTB9969	14	SCHEMEID
MTB10037	14	SCHEMEID
MTB10148	14	SCHEMEID
MTB10656	14	SCHEMEID
MTB11009	14	SCHEMEID
MTB11201	14	SCHEMEID
MTB11498	14	SCHEMEID
MTB11694	14	SCHEMEID
MTB11752	14	SCHEMEID
MTB11894	14	SCHEMEID
MTB11980	14	SCHEMEID
MTB11987	14	SCHEMEID
MTB12122	14	SCHEMEID
MTB12139	14	SCHEMEID
MTB12144	14	SCHEMEID
MTB12306	14	SCHEMEID
MTB12852	14	SCHEMEID
MTB12920	14	SCHEMEID
MTB12979	14	SCHEMEID
MTB13217	14	SCHEMEID
MTB13270	14	SCHEMEID
MTB13298	14	SCHEMEID
MTB13416	14	SCHEMEID
MTB13521	14	SCHEMEID
MTB13522	14	SCHEMEID
MTB13541	14	SCHEMEID
MTB13862	14	SCHEMEID
MTB13960	14	SCHEMEID
MTB14655	14	SCHEMEID
MTB14762	14	SCHEMEID
MTB14965	14	SCHEMEID
MTB15013	14	SCHEMEID
MTB15031	14	SCHEMEID
MTB15293	14	SCHEMEID
MTB15566	14	SCHEMEID
MTB15576	14	SCHEMEID
MTB16026	14	SCHEMEID
MTB16055	14	SCHEMEID
MTB16109	14	SCHEMEID
MTB16374	14	SCHEMEID
MTB16465	14	SCHEMEID
MTB16478	14	SCHEMEID
MTB16502	14	SCHEMEID
MTB16703	14	SCHEMEID
MTB16901	14	SCHEMEID
MTB16911	14	SCHEMEID
MTB16992	14	SCHEMEID
MTB17023	14	SCHEMEID
MTB17039	14	SCHEMEID
MTB17321	14	SCHEMEID
MTB17363	14	SCHEMEID
MTB17370	14	SCHEMEID
MTB17556	14	SCHEMEID
MTB17654	14	SCHEMEID
MTB17666	14	SCHEMEID
MTB20	13	SCHEMEID
MTB22	13	SCHEMEID
MTB155	13	SCHEMEID
MTB158	13	SCHEMEID
MTB200	13	SCHEMEID
MTB231	13	SCHEMEID
MTB238	13	SCHEMEID
MTB333	13	SCHEMEID
MTB352	13	SCHEMEID
MTB422	13	SCHEMEID
MTB531	13	SCHEMEID
MTB538	13	SCHEMEID
MTB546	13	SCHEMEID
MTB557	13	SCHEMEID
MTB667	13	SCHEMEID
MTB687	13	SCHEMEID
MTB728	13	SCHEMEID
MTB754	13	SCHEMEID
MTB790	13	SCHEMEID
MTB831	13	SCHEMEID
MTB869	13	SCHEMEID
MTB991	13	SCHEMEID
MTB992	13	SCHEMEID
MTB1023	13	SCHEMEID
MTB1201	13	SCHEMEID
MTB1203	13	SCHEMEID
MTB1256	13	SCHEMEID
MTB1279	13	SCHEMEID
MTB1280	13	SCHEMEID
MTB1413	13	SCHEMEID
MTB1479	13	SCHEMEID
MTB1537	13	SCHEMEID
MTB1602	13	SCHEMEID
MTB1653	13	SCHEMEID
MTB1683	13	SCHEMEID
MTB1803	13	SCHEMEID
MTB1921	13	SCHEMEID
MTB1936	13	SCHEMEID
MTB1971	13	SCHEMEID
MTB2093	13	SCHEMEID
MTB2126	13	SCHEMEID
MTB2146	13	SCHEMEID
MTB2218	13	SCHEMEID
MTB2360	13	SCHEMEID
MTB2379	13	SCHEMEID
MTB2498	13	SCHEMEID
MTB2522	13	SCHEMEID
MTB2599	13	SCHEMEID
MTB2666	13	SCHEMEID
MTB2728	13	SCHEMEID
MTB2764	13	SCHEMEID
MTB2847	13	SCHEMEID
MTB2848	13	SCHEMEID
MTB2885	13	SCHEMEID
MTB2936	13	SCHEMEID
MTB3082	13	SCHEMEID
MTB3165	13	SCHEMEID
MTB3231	13	SCHEMEID
MTB3238	13	SCHEMEID
MTB3267	13	SCHEMEID
MTB3470	13	SCHEMEID
MTB3581	13	SCHEMEID
MTB3729	13	SCHEMEID
MTB3842	13	SCHEMEID
MTB4058	13	SCHEMEID
MTB4114	13	SCHEMEID
MTB4124	13	SCHEMEID
MTB4532	13	SCHEMEID
MTB4704	13	SCHEMEID
MTB4764	13	SCHEMEID
MTB4768	13	SCHEMEID
MTB4919	13	SCHEMEID
MTB4922	13	SCHEMEID
MTB4950	13	SCHEMEID
MTB5005	13	SCHEMEID
MTB5463	13	SCHEMEID
MTB5830	13	SCHEMEID
MTB6036	13	SCHEMEID
MTB6068	13	SCHEMEID
MTB6086	13	SCHEMEID
MTB6211	13	SCHEMEID
MTB6264	13	SCHEMEID
MTB6400	13	SCHEMEID
MTB6582	13	SCHEMEID
MTB6726	13	SCHEMEID
MTB6728	13	SCHEMEID
MTB6743	13	SCHEMEID
MTB6904	13	SCHEMEID
MTB6985	13	SCHEMEID
MTB7143	13	SCHEMEID
MTB7153	13	SCHEMEID
MTB7216	13	SCHEMEID
MTB7271	13	SCHEMEID
MTB7285	13	SCHEMEID
MTB7287	13	SCHEMEID
MTB7348	13	SCHEMEID
MTB7380	13	SCHEMEID
MTB7480	13	SCHEMEID
MTB7511	13	SCHEMEID
MTB7536	13	SCHEMEID
MTB7636	13	SCHEMEID
MTB7814	13	SCHEMEID
MTB7969	13	SCHEMEID
MTB8278	13	SCHEMEID
MTB8285	13	SCHEMEID
MTB8585	13	SCHEMEID
MTB8621	13	SCHEMEID
MTB8637	13	SCHEMEID
MTB8792	13	SCHEMEID
MTB8813	13	SCHEMEID
MTB8898	13	SCHEMEID
MTB8966	13	SCHEMEID
MTB8985	13	SCHEMEID
MTB9038	13	SCHEMEID
MTB9048	13	SCHEMEID
MTB9053	13	SCHEMEID
MTB9081	13	SCHEMEID
MTB9181	13	SCHEMEID
MTB9416	13	SCHEMEID
MTB9496	13	SCHEMEID
MTB9534	13	SCHEMEID
MTB9577	13	SCHEMEID
MTB9777	13	SCHEMEID
MTB9935	13	SCHEMEID
MTB10082	13	SCHEMEID
MTB10208	13	SCHEMEID
MTB10403	13	SCHEMEID
MTB10493	13	SCHEMEID
MTB10521	13	SCHEMEID
MTB10689	13	SCHEMEID
MTB10731	13	SCHEMEID
MTB10795	13	SCHEMEID
MTB10845	13	SCHEMEID
MTB10870	13	SCHEMEID
MTB10956	13	SCHEMEID
MTB11019	13	SCHEMEID
MTB11162	13	SCHEMEID
MTB11167	13	SCHEMEID
MTB11199	13	SCHEMEID
MTB11361	13	SCHEMEID
MTB11956	13	SCHEMEID
MTB11966	13	SCHEMEID
MTB12112	13	SCHEMEID
MTB12190	13	SCHEMEID
MTB12305	13	SCHEMEID
MTB12412	13	SCHEMEID
MTB12918	13	SCHEMEID
MTB12942	13	SCHEMEID
MTB12968	13	SCHEMEID
MTB13003	13	SCHEMEID
MTB13042	13	SCHEMEID
MTB13097	13	SCHEMEID
MTB13281	13	SCHEMEID
MTB13458	13	SCHEMEID
MTB13468	13	SCHEMEID
MTB13494	13	SCHEMEID
MTB13544	13	SCHEMEID
MTB13547	13	SCHEMEID
MTB13601	13	SCHEMEID
MTB13603	13	SCHEMEID
MTB13835	13	SCHEMEID
MTB14034	13	SCHEMEID
MTB14161	13	SCHEMEID
MTB14258	13	SCHEMEID
MTB14451	13	SCHEMEID
MTB14820	13	SCHEMEID
MTB14931	13	SCHEMEID
MTB15005	13	SCHEMEID
MTB15158	13	SCHEMEID
MTB15253	13	SCHEMEID
MTB15297	13	SCHEMEID
MTB15397	13	SCHEMEID
MTB15619	13	SCHEMEID
MTB15668	13	SCHEMEID
MTB15722	13	SCHEMEID
MTB15766	13	SCHEMEID
MTB15773	13	SCHEMEID
MTB15806	13	SCHEMEID
MTB15807	13	SCHEMEID
MTB15896	13	SCHEMEID
MTB15999	13	SCHEMEID
MTB16168	13	SCHEMEID
MTB16177	13	SCHEMEID
MTB16279	13	SCHEMEID
MTB16280	13	SCHEMEID
MTB16320	13	SCHEMEID
MTB16322	13	SCHEMEID
MTB16345	13	SCHEMEID
MTB16455	13	SCHEMEID
MTB16625	13	SCHEMEID
MTB16630	13	SCHEMEID
MTB16728	13	SCHEMEID
MTB16807	13	SCHEMEID
MTB16820	13	SCHEMEID
MTB16940	13	SCHEMEID
MTB16982	13	SCHEMEID
MTB16983	13	SCHEMEID
MTB16988	13	SCHEMEID
MTB16993	13	SCHEMEID
MTB17024	13	SCHEMEID
MTB17102	13	SCHEMEID
MTB17193	13	SCHEMEID
MTB17244	13	SCHEMEID
MTB17265	13	SCHEMEID
MTB17298	13	SCHEMEID
MTB17377	13	SCHEMEID
MTB17652	13	SCHEMEID
MTB139	12	SCHEMEID
MTB184	12	SCHEMEID
MTB221	12	SCHEMEID
MTB236	12	SCHEMEID
MTB256	12	SCHEMEID
MTB274	12	SCHEMEID
MTB286	12	SCHEMEID
MTB328	12	SCHEMEID
MTB511	12	SCHEMEID
MTB520	12	SCHEMEID
MTB562	12	SCHEMEID
MTB669	12	SCHEMEID
MTB670	12	SCHEMEID
MTB675	12	SCHEMEID
MTB700	12	SCHEMEID
MTB755	12	SCHEMEID
MTB765	12	SCHEMEID
MTB787	12	SCHEMEID
MTB811	12	SCHEMEID
MTB847	12	SCHEMEID
MTB927	12	SCHEMEID
MTB949	12	SCHEMEID
MTB954	12	SCHEMEID
MTB995	12	SCHEMEID
MTB1004	12	SCHEMEID
MTB1123	12	SCHEMEID
MTB1138	12	SCHEMEID
MTB1140	12	SCHEMEID
MTB1254	12	SCHEMEID
MTB1258	12	SCHEMEID
MTB1263	12	SCHEMEID
MTB1266	12	SCHEMEID
MTB1538	12	SCHEMEID
MTB1547	12	SCHEMEID
MTB1595	12	SCHEMEID
MTB1737	12	SCHEMEID
MTB1904	12	SCHEMEID
MTB1948	12	SCHEMEID
MTB1949	12	SCHEMEID
MTB2057	12	SCHEMEID
MTB2064	12	SCHEMEID
MTB2140	12	SCHEMEID
MTB2293	12	SCHEMEID
MTB2351	12	SCHEMEID
MTB2384	12	SCHEMEID
MTB2674	12	SCHEMEID
MTB2756	12	SCHEMEID
MTB2767	12	SCHEMEID
MTB2893	12	SCHEMEID
MTB2918	12	SCHEMEID
MTB2949	12	SCHEMEID
MTB2979	12	SCHEMEID
MTB2992	12	SCHEMEID
MTB3136	12	SCHEMEID
MTB3232	12	SCHEMEID
MTB3282	12	SCHEMEID
MTB3299	12	SCHEMEID
MTB3539	12	SCHEMEID
MTB3691	12	SCHEMEID
MTB3961	12	SCHEMEID
MTB4076	12	SCHEMEID
MTB4082	12	SCHEMEID
MTB4138	12	SCHEMEID
MTB4165	12	SCHEMEID
MTB4340	12	SCHEMEID
MTB4349	12	SCHEMEID
MTB4404	12	SCHEMEID
MTB4469	12	SCHEMEID
MTB4726	12	SCHEMEID
MTB4731	12	SCHEMEID
MTB4932	12	SCHEMEID
MTB5004	12	SCHEMEID
MTB5007	12	SCHEMEID
MTB5056	12	SCHEMEID
MTB5130	12	SCHEMEID
MTB5131	12	SCHEMEID
MTB5191	12	SCHEMEID
MTB5194	12	SCHEMEID
MTB5246	12	SCHEMEID
MTB5374	12	SCHEMEID
MTB5454	12	SCHEMEID
MTB5704	12	SCHEMEID
MTB5881	12	SCHEMEID
MTB5884	12	SCHEMEID
MTB5906	12	SCHEMEID
MTB5918	12	SCHEMEID
MTB6033	12	SCHEMEID
MTB6187	12	SCHEMEID
MTB6212	12	SCHEMEID
MTB6268	12	SCHEMEID
MTB6356	12	SCHEMEID
MTB6394	12	SCHEMEID
MTB6395	12	SCHEMEID
MTB6500	12	SCHEMEID
MTB6621	12	SCHEMEID
MTB6902	12	SCHEMEID
MTB6989	12	SCHEMEID
MTB7078	12	SCHEMEID
MTB7090	12	SCHEMEID
MTB7332	12	SCHEMEID
MTB7352	12	SCHEMEID
MTB7360	12	SCHEMEID
MTB7399	12	SCHEMEID
MTB7482	12	SCHEMEID
MTB7747	12	SCHEMEID
MTB7748	12	SCHEMEID
MTB7774	12	SCHEMEID
MTB7865	12	SCHEMEID
MTB7889	12	SCHEMEID
MTB8035	12	SCHEMEID
MTB8194	12	SCHEMEID
MTB8333	12	SCHEMEID
MTB8339	12	SCHEMEID
MTB8395	12	SCHEMEID
MTB8464	12	SCHEMEID
MTB8470	12	SCHEMEID
MTB8474	12	SCHEMEID
MTB8513	12	SCHEMEID
MTB8514	12	SCHEMEID
MTB8576	12	SCHEMEID
MTB8586	12	SCHEMEID
MTB8593	12	SCHEMEID
MTB8635	12	SCHEMEID
MTB8712	12	SCHEMEID
MTB8721	12	SCHEMEID
MTB8727	12	SCHEMEID
MTB8891	12	SCHEMEID
MTB8929	12	SCHEMEID
MTB8956	12	SCHEMEID
MTB8997	12	SCHEMEID
MTB9052	12	SCHEMEID
MTB9223	12	SCHEMEID
MTB9251	12	SCHEMEID
MTB9327	12	SCHEMEID
MTB9373	12	SCHEMEID
MTB9476	12	SCHEMEID
MTB9841	12	SCHEMEID
MTB9864	12	SCHEMEID
MTB9879	12	SCHEMEID
MTB9908	12	SCHEMEID
MTB10057	12	SCHEMEID
MTB10068	12	SCHEMEID
MTB10093	12	SCHEMEID
MTB10161	12	SCHEMEID
MTB10191	12	SCHEMEID
MTB10248	12	SCHEMEID
MTB10252	12	SCHEMEID
MTB10379	12	SCHEMEID
MTB10402	12	SCHEMEID
MTB10502	12	SCHEMEID
MTB10662	12	SCHEMEID
MTB10860	12	SCHEMEID
MTB10982	12	SCHEMEID
MTB11089	12	SCHEMEID
MTB11243	12	SCHEMEID
MTB11293	12	SCHEMEID
MTB11399	12	SCHEMEID
MTB11537	12	SCHEMEID
MTB11679	12	SCHEMEID
MTB11680	12	SCHEMEID
MTB11753	12	SCHEMEID
MTB12034	12	SCHEMEID
MTB12040	12	SCHEMEID
MTB12103	12	SCHEMEID
MTB12191	12	SCHEMEID
MTB12267	12	SCHEMEID
MTB12371	12	SCHEMEID
MTB12399	12	SCHEMEID
MTB12437	12	SCHEMEID
MTB12495	12	SCHEMEID
MTB12547	12	SCHEMEID
MTB12629	12	SCHEMEID
MTB12670	12	SCHEMEID
MTB12705	12	SCHEMEID
MTB12788	12	SCHEMEID
MTB12857	12	SCHEMEID
MTB12891	12	SCHEMEID
MTB12925	12	SCHEMEID
MTB12975	12	SCHEMEID
MTB13014	12	SCHEMEID
MTB13045	12	SCHEMEID
MTB13047	12	SCHEMEID
MTB13077	12	SCHEMEID
MTB13235	12	SCHEMEID
MTB13241	12	SCHEMEID
MTB13267	12	SCHEMEID
MTB13443	12	SCHEMEID
MTB13602	12	SCHEMEID
MTB13785	12	SCHEMEID
MTB14028	12	SCHEMEID
MTB14123	12	SCHEMEID
MTB14162	12	SCHEMEID
MTB14256	12	SCHEMEID
MTB14380	12	SCHEMEID
MTB14415	12	SCHEMEID
MTB14448	12	SCHEMEID
MTB14843	12	SCHEMEID
MTB14859	12	SCHEMEID
MTB14935	12	SCHEMEID
MTB14936	12	SCHEMEID
MTB14952	12	SCHEMEID
MTB15246	12	SCHEMEID
MTB15247	12	SCHEMEID
MTB15300	12	SCHEMEID
MTB15363	12	SCHEMEID
MTB15385	12	SCHEMEID
MTB15409	12	SCHEMEID
MTB15447	12	SCHEMEID
MTB15759	12	SCHEMEID
MTB15764	12	SCHEMEID
MTB15866	12	SCHEMEID
MTB16034	12	SCHEMEID
MTB16038	12	SCHEMEID
MTB16111	12	SCHEMEID
MTB16173	12	SCHEMEID
MTB16300	12	SCHEMEID
MTB16323	12	SCHEMEID
MTB16400	12	SCHEMEID
MTB16480	12	SCHEMEID
MTB16613	12	SCHEMEID
MTB16614	12	SCHEMEID
MTB16626	12	SCHEMEID
MTB16705	12	SCHEMEID
MTB16707	12	SCHEMEID
MTB16809	12	SCHEMEID
MTB16912	12	SCHEMEID
MTB16985	12	SCHEMEID
MTB17225	12	SCHEMEID
MTB17227	12	SCHEMEID
MTB17537	12	SCHEMEID
MTB17551	12	SCHEMEID
MTB17720	12	SCHEMEID
MTB33	11	SCHEMEID
MTB45	11	SCHEMEID
MTB134	11	SCHEMEID
MTB183	11	SCHEMEID
MTB194	11	SCHEMEID
MTB356	11	SCHEMEID
MTB365	11	SCHEMEID
MTB369	11	SCHEMEID
MTB444	11	SCHEMEID
MTB514	11	SCHEMEID
MTB529	11	SCHEMEID
MTB560	11	SCHEMEID
MTB634	11	SCHEMEID
MTB674	11	SCHEMEID
MTB703	11	SCHEMEID
MTB783	11	SCHEMEID
MTB796	11	SCHEMEID
MTB837	11	SCHEMEID
MTB850	11	SCHEMEID
MTB891	11	SCHEMEID
MTB926	11	SCHEMEID
MTB993	11	SCHEMEID
MTB1007	11	SCHEMEID
MTB1034	11	SCHEMEID
MTB1117	11	SCHEMEID
MTB1163	11	SCHEMEID
MTB1193	11	SCHEMEID
MTB1251	11	SCHEMEID
MTB1273	11	SCHEMEID
MTB1315	11	SCHEMEID
MTB1395	11	SCHEMEID
MTB1436	11	SCHEMEID
MTB1487	11	SCHEMEID
MTB1497	11	SCHEMEID
MTB1522	11	SCHEMEID
MTB1539	11	SCHEMEID
MTB1545	11	SCHEMEID
MTB1554	11	SCHEMEID
MTB1604	11	SCHEMEID
MTB1608	11	SCHEMEID
MTB1642	11	SCHEMEID
MTB1720	11	SCHEMEID
MTB1751	11	SCHEMEID
MTB1794	11	SCHEMEID
MTB1799	11	SCHEMEID
MTB1824	11	SCHEMEID
MTB1878	11	SCHEMEID
MTB1892	11	SCHEMEID
MTB1913	11	SCHEMEID
MTB1951	11	SCHEMEID
MTB1994	11	SCHEMEID
MTB2038	11	SCHEMEID
MTB2150	11	SCHEMEID
MTB2213	11	SCHEMEID
MTB2259	11	SCHEMEID
MTB2323	11	SCHEMEID
MTB2465	11	SCHEMEID
MTB2544	11	SCHEMEID
MTB2572	11	SCHEMEID
MTB2586	11	SCHEMEID
MTB2697	11	SCHEMEID
MTB2746	11	SCHEMEID
MTB2805	11	SCHEMEID
MTB2863	11	SCHEMEID
MTB2939	11	SCHEMEID
MTB2963	11	SCHEMEID
MTB2965	11	SCHEMEID
MTB2981	11	SCHEMEID
MTB2995	11	SCHEMEID
MTB3033	11	SCHEMEID
MTB3069	11	SCHEMEID
MTB3081	11	SCHEMEID
MTB3367	11	SCHEMEID
MTB3443	11	SCHEMEID
MTB3496	11	SCHEMEID
MTB3500	11	SCHEMEID
MTB3668	11	SCHEMEID
MTB3816	11	SCHEMEID
MTB3942	11	SCHEMEID
MTB3986	11	SCHEMEID
MTB3992	11	SCHEMEID
MTB4007	11	SCHEMEID
MTB4008	11	SCHEMEID
MTB4054	11	SCHEMEID
MTB4081	11	SCHEMEID
MTB4177	11	SCHEMEID
MTB4201	11	SCHEMEID
MTB4287	11	SCHEMEID
MTB4369	11	SCHEMEID
MTB4398	11	SCHEMEID
MTB4796	11	SCHEMEID
MTB4837	11	SCHEMEID
MTB4899	11	SCHEMEID
MTB4993	11	SCHEMEID
MTB5006	11	SCHEMEID
MTB5063	11	SCHEMEID
MTB5066	11	SCHEMEID
MTB5108	11	SCHEMEID
MTB5143	11	SCHEMEID
MTB5149	11	SCHEMEID
MTB5189	11	SCHEMEID
MTB5214	11	SCHEMEID
MTB5219	11	SCHEMEID
MTB5339	11	SCHEMEID
MTB5345	11	SCHEMEID
MTB5771	11	SCHEMEID
MTB5776	11	SCHEMEID
MTB5823	11	SCHEMEID
MTB5866	11	SCHEMEID
MTB5882	11	SCHEMEID
MTB5904	11	SCHEMEID
MTB5927	11	SCHEMEID
MTB5934	11	SCHEMEID
MTB5951	11	SCHEMEID
MTB6147	11	SCHEMEID
MTB6161	11	SCHEMEID
MTB6360	11	SCHEMEID
MTB6513	11	SCHEMEID
MTB6652	11	SCHEMEID
MTB6731	11	SCHEMEID
MTB6746	11	SCHEMEID
MTB6809	11	SCHEMEID
MTB6994	11	SCHEMEID
MTB7056	11	SCHEMEID
MTB7154	11	SCHEMEID
MTB7177	11	SCHEMEID
MTB7299	11	SCHEMEID
MTB7321	11	SCHEMEID
MTB7371	11	SCHEMEID
MTB7467	11	SCHEMEID
MTB7517	11	SCHEMEID
MTB7619	11	SCHEMEID
MTB7679	11	SCHEMEID
MTB8021	11	SCHEMEID
MTB8409	11	SCHEMEID
MTB8465	11	SCHEMEID
MTB8490	11	SCHEMEID
MTB8507	11	SCHEMEID
MTB8555	11	SCHEMEID
MTB8619	11	SCHEMEID
MTB8725	11	SCHEMEID
MTB8814	11	SCHEMEID
MTB8835	11	SCHEMEID
MTB8931	11	SCHEMEID
MTB9196	11	SCHEMEID
MTB9257	11	SCHEMEID
MTB9328	11	SCHEMEID
MTB9361	11	SCHEMEID
MTB9436	11	SCHEMEID
MTB9446	11	SCHEMEID
MTB9685	11	SCHEMEID
MTB9804	11	SCHEMEID
MTB9846	11	SCHEMEID
MTB9905	11	SCHEMEID
MTB10002	11	SCHEMEID
MTB10064	11	SCHEMEID
MTB10075	11	SCHEMEID
MTB10094	11	SCHEMEID
MTB10095	11	SCHEMEID
MTB10200	11	SCHEMEID
MTB10231	11	SCHEMEID
MTB10272	11	SCHEMEID
MTB10351	11	SCHEMEID
MTB10405	11	SCHEMEID
MTB10678	11	SCHEMEID
MTB10908	11	SCHEMEID
MTB10916	11	SCHEMEID
MTB11026	11	SCHEMEID
MTB11219	11	SCHEMEID
MTB11241	11	SCHEMEID
MTB11612	11	SCHEMEID
MTB11621	11	SCHEMEID
MTB11766	11	SCHEMEID
MTB11928	11	SCHEMEID
MTB12033	11	SCHEMEID
MTB12036	11	SCHEMEID
MTB12037	11	SCHEMEID
MTB12041	11	SCHEMEID
MTB12095	11	SCHEMEID
MTB12198	11	SCHEMEID
MTB12205	11	SCHEMEID
MTB12242	11	SCHEMEID
MTB12252	11	SCHEMEID
MTB12517	11	SCHEMEID
MTB12548	11	SCHEMEID
MTB12641	11	SCHEMEID
MTB12731	11	SCHEMEID
MTB12799	11	SCHEMEID
MTB12846	11	SCHEMEID
MTB12853	11	SCHEMEID
MTB13164	11	SCHEMEID
MTB13165	11	SCHEMEID
MTB13166	11	SCHEMEID
MTB13167	11	SCHEMEID
MTB13218	11	SCHEMEID
MTB13299	11	SCHEMEID
MTB13339	11	SCHEMEID
MTB13399	11	SCHEMEID
MTB13595	11	SCHEMEID
MTB13609	11	SCHEMEID
MTB13765	11	SCHEMEID
MTB13817	11	SCHEMEID
MTB13846	11	SCHEMEID
MTB13951	11	SCHEMEID
MTB13958	11	SCHEMEID
MTB13973	11	SCHEMEID
MTB14388	11	SCHEMEID
MTB14498	11	SCHEMEID
MTB14499	11	SCHEMEID
MTB14502	11	SCHEMEID
MTB14639	11	SCHEMEID
MTB14644	11	SCHEMEID
MTB14668	11	SCHEMEID
MTB14787	11	SCHEMEID
MTB14844	11	SCHEMEID
MTB14881	11	SCHEMEID
MTB14978	11	SCHEMEID
MTB15007	11	SCHEMEID
MTB15008	11	SCHEMEID
MTB15030	11	SCHEMEID
MTB15108	11	SCHEMEID
MTB15124	11	SCHEMEID
MTB15177	11	SCHEMEID
MTB15308	11	SCHEMEID
MTB15319	11	SCHEMEID
MTB15322	11	SCHEMEID
MTB15342	11	SCHEMEID
MTB15432	11	SCHEMEID
MTB15543	11	SCHEMEID
MTB15663	11	SCHEMEID
MTB15664	11	SCHEMEID
MTB15803	11	SCHEMEID
MTB15827	11	SCHEMEID
MTB15860	11	SCHEMEID
MTB15892	11	SCHEMEID
MTB15935	11	SCHEMEID
MTB15994	11	SCHEMEID
MTB16125	11	SCHEMEID
MTB16167	11	SCHEMEID
MTB16268	11	SCHEMEID
MTB16319	11	SCHEMEID
MTB16335	11	SCHEMEID
MTB16390	11	SCHEMEID
MTB16401	11	SCHEMEID
MTB16404	11	SCHEMEID
MTB16471	11	SCHEMEID
MTB16570	11	SCHEMEID
MTB16654	11	SCHEMEID
MTB16657	11	SCHEMEID
MTB16706	11	SCHEMEID
MTB16825	11	SCHEMEID
MTB16880	11	SCHEMEID
MTB17015	11	SCHEMEID
MTB17157	11	SCHEMEID
MTB17207	11	SCHEMEID
MTB17218	11	SCHEMEID
MTB17228	11	SCHEMEID
MTB17251	11	SCHEMEID
MTB17376	11	SCHEMEID
MTB17539	11	SCHEMEID
MTB17599	11	SCHEMEID
MTB17730	11	SCHEMEID
MTB63	10	SCHEMEID
MTB74	10	SCHEMEID
MTB89	10	SCHEMEID
MTB90	10	SCHEMEID
MTB160	10	SCHEMEID
MTB215	10	SCHEMEID
MTB241	10	SCHEMEID
MTB242	10	SCHEMEID
MTB289	10	SCHEMEID
MTB306	10	SCHEMEID
MTB322	10	SCHEMEID
MTB342	10	SCHEMEID
MTB351	10	SCHEMEID
MTB391	10	SCHEMEID
MTB397	10	SCHEMEID
MTB417	10	SCHEMEID
MTB466	10	SCHEMEID
MTB476	10	SCHEMEID
MTB551	10	SCHEMEID
MTB556	10	SCHEMEID
MTB601	10	SCHEMEID
MTB681	10	SCHEMEID
MTB733	10	SCHEMEID
MTB775	10	SCHEMEID
MTB810	10	SCHEMEID
MTB872	10	SCHEMEID
MTB895	10	SCHEMEID
MTB952	10	SCHEMEID
MTB1008	10	SCHEMEID
MTB1010	10	SCHEMEID
MTB1038	10	SCHEMEID
MTB1076	10	SCHEMEID
MTB1099	10	SCHEMEID
MTB1170	10	SCHEMEID
MTB1195	10	SCHEMEID
MTB1228	10	SCHEMEID
MTB1276	10	SCHEMEID
MTB1282	10	SCHEMEID
MTB1308	10	SCHEMEID
MTB1392	10	SCHEMEID
MTB1396	10	SCHEMEID
MTB1509	10	SCHEMEID
MTB1521	10	SCHEMEID
MTB1527	10	SCHEMEID
MTB1529	10	SCHEMEID
MTB1572	10	SCHEMEID
MTB1652	10	SCHEMEID
MTB1677	10	SCHEMEID
MTB1736	10	SCHEMEID
MTB1752	10	SCHEMEID
MTB1757	10	SCHEMEID
MTB1766	10	SCHEMEID
MTB1848	10	SCHEMEID
MTB1849	10	SCHEMEID
MTB1922	10	SCHEMEID
MTB1925	10	SCHEMEID
MTB1972	10	SCHEMEID
MTB1981	10	SCHEMEID
MTB1984	10	SCHEMEID
MTB2002	10	SCHEMEID
MTB2072	10	SCHEMEID
MTB2073	10	SCHEMEID
MTB2125	10	SCHEMEID
MTB2167	10	SCHEMEID
MTB2214	10	SCHEMEID
MTB2242	10	SCHEMEID
MTB2248	10	SCHEMEID
MTB2258	10	SCHEMEID
MTB2288	10	SCHEMEID
MTB2378	10	SCHEMEID
MTB2381	10	SCHEMEID
MTB2616	10	SCHEMEID
MTB2695	10	SCHEMEID
MTB2702	10	SCHEMEID
MTB2799	10	SCHEMEID
MTB2887	10	SCHEMEID
MTB3021	10	SCHEMEID
MTB3096	10	SCHEMEID
MTB3150	10	SCHEMEID
MTB3205	10	SCHEMEID
MTB3248	10	SCHEMEID
MTB3329	10	SCHEMEID
MTB3335	10	SCHEMEID
MTB3561	10	SCHEMEID
MTB3564	10	SCHEMEID
MTB3669	10	SCHEMEID
MTB3755	10	SCHEMEID
MTB3832	10	SCHEMEID
MTB3895	10	SCHEMEID
MTB3944	10	SCHEMEID
MTB3969	10	SCHEMEID
MTB4005	10	SCHEMEID
MTB4035	10	SCHEMEID
MTB4064	10	SCHEMEID
MTB4104	10	SCHEMEID
MTB4109	10	SCHEMEID
MTB4296	10	SCHEMEID
MTB4330	10	SCHEMEID
MTB4454	10	SCHEMEID
MTB4623	10	SCHEMEID
MTB4804	10	SCHEMEID
MTB4889	10	SCHEMEID
MTB4890	10	SCHEMEID
MTB4915	10	SCHEMEID
MTB5013	10	SCHEMEID
MTB5014	10	SCHEMEID
MTB5019	10	SCHEMEID
MTB5030	10	SCHEMEID
MTB5112	10	SCHEMEID
MTB5145	10	SCHEMEID
MTB5199	10	SCHEMEID
MTB5231	10	SCHEMEID
MTB5233	10	SCHEMEID
MTB5235	10	SCHEMEID
MTB5285	10	SCHEMEID
MTB5295	10	SCHEMEID
MTB5309	10	SCHEMEID
MTB5372	10	SCHEMEID
MTB5376	10	SCHEMEID
MTB5413	10	SCHEMEID
MTB5414	10	SCHEMEID
MTB5418	10	SCHEMEID
MTB5421	10	SCHEMEID
MTB5438	10	SCHEMEID
MTB5439	10	SCHEMEID
MTB5529	10	SCHEMEID
MTB5646	10	SCHEMEID
MTB5734	10	SCHEMEID
MTB5810	10	SCHEMEID
MTB5844	10	SCHEMEID
MTB5966	10	SCHEMEID
MTB6018	10	SCHEMEID
MTB6037	10	SCHEMEID
MTB6056	10	SCHEMEID
MTB6085	10	SCHEMEID
MTB6094	10	SCHEMEID
MTB6199	10	SCHEMEID
MTB6379	10	SCHEMEID
MTB6392	10	SCHEMEID
MTB6723	10	SCHEMEID
MTB6751	10	SCHEMEID
MTB6974	10	SCHEMEID
MTB6998	10	SCHEMEID
MTB6999	10	SCHEMEID
MTB7014	10	SCHEMEID
MTB7046	10	SCHEMEID
MTB7047	10	SCHEMEID
MTB7053	10	SCHEMEID
MTB7093	10	SCHEMEID
MTB7100	10	SCHEMEID
MTB7110	10	SCHEMEID
MTB7176	10	SCHEMEID
MTB7280	10	SCHEMEID
MTB7292	10	SCHEMEID
MTB7476	10	SCHEMEID
MTB7479	10	SCHEMEID
MTB7566	10	SCHEMEID
MTB7567	10	SCHEMEID
MTB7590	10	SCHEMEID
MTB7614	10	SCHEMEID
MTB7640	10	SCHEMEID
MTB7739	10	SCHEMEID
MTB7800	10	SCHEMEID
MTB7831	10	SCHEMEID
MTB7896	10	SCHEMEID
MTB7897	10	SCHEMEID
MTB7927	10	SCHEMEID
MTB7942	10	SCHEMEID
MTB8004	10	SCHEMEID
MTB8007	10	SCHEMEID
MTB8011	10	SCHEMEID
MTB8029	10	SCHEMEID
MTB8049	10	SCHEMEID
MTB8064	10	SCHEMEID
MTB8079	10	SCHEMEID
MTB8125	10	SCHEMEID
MTB8149	10	SCHEMEID
MTB8239	10	SCHEMEID
MTB8317	10	SCHEMEID
MTB8322	10	SCHEMEID
MTB8396	10	SCHEMEID
MTB8411	10	SCHEMEID
MTB8638	10	SCHEMEID
MTB8733	10	SCHEMEID
MTB8746	10	SCHEMEID
MTB8805	10	SCHEMEID
MTB8815	10	SCHEMEID
MTB8821	10	SCHEMEID
MTB8826	10	SCHEMEID
MTB8860	10	SCHEMEID
MTB8915	10	SCHEMEID
MTB8920	10	SCHEMEID
MTB8923	10	SCHEMEID
MTB9017	10	SCHEMEID
MTB9060	10	SCHEMEID
MTB9061	10	SCHEMEID
MTB9097	10	SCHEMEID
MTB9165	10	SCHEMEID
MTB9184	10	SCHEMEID
MTB9201	10	SCHEMEID
MTB9342	10	SCHEMEID
MTB9344	10	SCHEMEID
MTB9377	10	SCHEMEID
MTB9449	10	SCHEMEID
MTB9709	10	SCHEMEID
MTB9802	10	SCHEMEID
MTB9809	10	SCHEMEID
MTB9860	10	SCHEMEID
MTB9862	10	SCHEMEID
MTB9884	10	SCHEMEID
MTB9904	10	SCHEMEID
MTB9914	10	SCHEMEID
MTB9933	10	SCHEMEID
MTB9997	10	SCHEMEID
MTB10043	10	SCHEMEID
MTB10160	10	SCHEMEID
MTB10228	10	SCHEMEID
MTB10229	10	SCHEMEID
MTB10230	10	SCHEMEID
MTB10250	10	SCHEMEID
MTB10270	10	SCHEMEID
MTB10313	10	SCHEMEID
MTB10353	10	SCHEMEID
MTB10697	10	SCHEMEID
MTB10730	10	SCHEMEID
MTB10783	10	SCHEMEID
MTB10824	10	SCHEMEID
MTB10846	10	SCHEMEID
MTB10914	10	SCHEMEID
MTB10918	10	SCHEMEID
MTB11029	10	SCHEMEID
MTB11182	10	SCHEMEID
MTB11364	10	SCHEMEID
MTB11366	10	SCHEMEID
MTB11566	10	SCHEMEID
MTB11600	10	SCHEMEID
MTB11616	10	SCHEMEID
MTB11675	10	SCHEMEID
MTB11813	10	SCHEMEID
MTB11981	10	SCHEMEID
MTB11982	10	SCHEMEID
MTB12018	10	SCHEMEID
MTB12032	10	SCHEMEID
MTB12074	10	SCHEMEID
MTB12145	10	SCHEMEID
MTB12204	10	SCHEMEID
MTB12270	10	SCHEMEID
MTB12293	10	SCHEMEID
MTB12294	10	SCHEMEID
MTB12383	10	SCHEMEID
MTB12414	10	SCHEMEID
MTB12506	10	SCHEMEID
MTB12570	10	SCHEMEID
MTB12697	10	SCHEMEID
MTB12699	10	SCHEMEID
MTB12700	10	SCHEMEID
MTB12766	10	SCHEMEID
MTB12856	10	SCHEMEID
MTB12888	10	SCHEMEID
MTB12948	10	SCHEMEID
MTB13121	10	SCHEMEID
MTB13122	10	SCHEMEID
MTB13148	10	SCHEMEID
MTB13216	10	SCHEMEID
MTB13250	10	SCHEMEID
MTB13389	10	SCHEMEID
MTB13393	10	SCHEMEID
MTB13456	10	SCHEMEID
MTB13464	10	SCHEMEID
MTB13469	10	SCHEMEID
MTB13524	10	SCHEMEID
MTB13631	10	SCHEMEID
MTB13730	10	SCHEMEID
MTB13760	10	SCHEMEID
MTB13848	10	SCHEMEID
MTB13929	10	SCHEMEID
MTB14023	10	SCHEMEID
MTB14076	10	SCHEMEID
MTB14170	10	SCHEMEID
MTB14303	10	SCHEMEID
MTB14312	10	SCHEMEID
MTB14654	10	SCHEMEID
MTB14733	10	SCHEMEID
MTB14777	10	SCHEMEID
MTB14853	10	SCHEMEID
MTB14854	10	SCHEMEID
MTB14855	10	SCHEMEID
MTB14856	10	SCHEMEID
MTB14857	10	SCHEMEID
MTB14958	10	SCHEMEID
MTB14976	10	SCHEMEID
MTB14990	10	SCHEMEID
MTB15014	10	SCHEMEID
MTB15057	10	SCHEMEID
MTB15081	10	SCHEMEID
MTB15148	10	SCHEMEID
MTB15175	10	SCHEMEID
MTB15178	10	SCHEMEID
MTB15195	10	SCHEMEID
MTB15326	10	SCHEMEID
MTB15445	10	SCHEMEID
MTB15475	10	SCHEMEID
MTB15512	10	SCHEMEID
MTB15625	10	SCHEMEID
MTB15638	10	SCHEMEID
MTB15667	10	SCHEMEID
MTB15669	10	SCHEMEID
MTB15693	10	SCHEMEID
MTB15784	10	SCHEMEID
MTB15919	10	SCHEMEID
MTB15998	10	SCHEMEID
MTB16139	10	SCHEMEID
MTB16190	10	SCHEMEID
MTB16251	10	SCHEMEID
MTB16270	10	SCHEMEID
MTB16312	10	SCHEMEID
MTB16339	10	SCHEMEID
MTB16354	10	SCHEMEID
MTB16384	10	SCHEMEID
MTB16459	10	SCHEMEID
MTB16504	10	SCHEMEID
MTB16539	10	SCHEMEID
MTB16603	10	SCHEMEID
MTB16796	10	SCHEMEID
MTB16837	10	SCHEMEID
MTB17004	10	SCHEMEID
MTB17114	10	SCHEMEID
MTB17234	10	SCHEMEID
MTB17241	10	SCHEMEID
MTB17391	10	SCHEMEID
MTB17422	10	SCHEMEID
MTB17427	10	SCHEMEID
MTB17482	10	SCHEMEID
MTB17543	10	SCHEMEID
MTB17667	10	SCHEMEID
MTB65	9	SCHEMEID
MTB83	9	SCHEMEID
MTB105	9	SCHEMEID
MTB138	9	SCHEMEID
MTB162	9	SCHEMEID
MTB197	9	SCHEMEID
MTB205	9	SCHEMEID
MTB237	9	SCHEMEID
MTB278	9	SCHEMEID
MTB282	9	SCHEMEID
MTB299	9	SCHEMEID
MTB340	9	SCHEMEID
MTB355	9	SCHEMEID
MTB435	9	SCHEMEID
MTB439	9	SCHEMEID
MTB461	9	SCHEMEID
MTB463	9	SCHEMEID
MTB481	9	SCHEMEID
MTB507	9	SCHEMEID
MTB610	9	SCHEMEID
MTB645	9	SCHEMEID
MTB658	9	SCHEMEID
MTB664	9	SCHEMEID
MTB820	9	SCHEMEID
MTB836	9	SCHEMEID
MTB846	9	SCHEMEID
MTB855	9	SCHEMEID
MTB924	9	SCHEMEID
MTB1063	9	SCHEMEID
MTB1091	9	SCHEMEID
MTB1116	9	SCHEMEID
MTB1121	9	SCHEMEID
MTB1141	9	SCHEMEID
MTB1156	9	SCHEMEID
MTB1204	9	SCHEMEID
MTB1211	9	SCHEMEID
MTB1288	9	SCHEMEID
MTB1361	9	SCHEMEID
MTB1364	9	SCHEMEID
MTB1432	9	SCHEMEID
MTB1437	9	SCHEMEID
MTB1452	9	SCHEMEID
MTB1534	9	SCHEMEID
MTB1584	9	SCHEMEID
MTB1641	9	SCHEMEID
MTB1685	9	SCHEMEID
MTB1709	9	SCHEMEID
MTB1712	9	SCHEMEID
MTB1713	9	SCHEMEID
MTB1755	9	SCHEMEID
MTB1814	9	SCHEMEID
MTB1860	9	SCHEMEID
MTB1867	9	SCHEMEID
MTB1877	9	SCHEMEID
MTB1900	9	SCHEMEID
MTB1987	9	SCHEMEID
MTB1989	9	SCHEMEID
MTB2019	9	SCHEMEID
MTB2089	9	SCHEMEID
MTB2095	9	SCHEMEID
MTB2131	9	SCHEMEID
MTB2134	9	SCHEMEID
MTB2195	9	SCHEMEID
MTB2196	9	SCHEMEID
MTB2211	9	SCHEMEID
MTB2283	9	SCHEMEID
MTB2392	9	SCHEMEID
MTB2486	9	SCHEMEID
MTB2496	9	SCHEMEID
MTB2517	9	SCHEMEID
MTB2676	9	SCHEMEID
MTB2685	9	SCHEMEID
MTB2744	9	SCHEMEID
MTB2751	9	SCHEMEID
MTB2763	9	SCHEMEID
MTB2845	9	SCHEMEID
MTB2854	9	SCHEMEID
MTB2998	9	SCHEMEID
MTB3007	9	SCHEMEID
MTB3026	9	SCHEMEID
MTB3034	9	SCHEMEID
MTB3131	9	SCHEMEID
MTB3142	9	SCHEMEID
MTB3154	9	SCHEMEID
MTB3323	9	SCHEMEID
MTB3325	9	SCHEMEID
MTB3393	9	SCHEMEID
MTB3514	9	SCHEMEID
MTB3594	9	SCHEMEID
MTB3615	9	SCHEMEID
MTB3742	9	SCHEMEID
MTB3785	9	SCHEMEID
MTB3812	9	SCHEMEID
MTB3917	9	SCHEMEID
MTB3984	9	SCHEMEID
MTB3998	9	SCHEMEID
MTB4192	9	SCHEMEID
MTB4318	9	SCHEMEID
MTB4341	9	SCHEMEID
MTB4356	9	SCHEMEID
MTB4431	9	SCHEMEID
MTB4468	9	SCHEMEID
MTB4483	9	SCHEMEID
MTB4518	9	SCHEMEID
MTB4524	9	SCHEMEID
MTB4594	9	SCHEMEID
MTB4605	9	SCHEMEID
MTB4649	9	SCHEMEID
MTB4700	9	SCHEMEID
MTB4742	9	SCHEMEID
MTB4746	9	SCHEMEID
MTB4748	9	SCHEMEID
MTB4751	9	SCHEMEID
MTB4752	9	SCHEMEID
MTB4753	9	SCHEMEID
MTB4824	9	SCHEMEID
MTB4859	9	SCHEMEID
MTB4902	9	SCHEMEID
MTB4910	9	SCHEMEID
MTB4952	9	SCHEMEID
MTB4984	9	SCHEMEID
MTB4996	9	SCHEMEID
MTB5080	9	SCHEMEID
MTB5167	9	SCHEMEID
MTB5183	9	SCHEMEID
MTB5289	9	SCHEMEID
MTB5291	9	SCHEMEID
MTB5317	9	SCHEMEID
MTB5334	9	SCHEMEID
MTB5337	9	SCHEMEID
MTB5343	9	SCHEMEID
MTB5391	9	SCHEMEID
MTB5395	9	SCHEMEID
MTB5575	9	SCHEMEID
MTB5597	9	SCHEMEID
MTB5598	9	SCHEMEID
MTB5599	9	SCHEMEID
MTB5867	9	SCHEMEID
MTB5958	9	SCHEMEID
MTB5962	9	SCHEMEID
MTB6022	9	SCHEMEID
MTB6266	9	SCHEMEID
MTB6267	9	SCHEMEID
MTB6458	9	SCHEMEID
MTB6532	9	SCHEMEID
MTB6561	9	SCHEMEID
MTB6583	9	SCHEMEID
MTB6584	9	SCHEMEID
MTB6586	9	SCHEMEID
MTB6630	9	SCHEMEID
MTB6657	9	SCHEMEID
MTB6706	9	SCHEMEID
MTB6755	9	SCHEMEID
MTB6756	9	SCHEMEID
MTB6758	9	SCHEMEID
MTB6759	9	SCHEMEID
MTB6762	9	SCHEMEID
MTB6830	9	SCHEMEID
MTB6851	9	SCHEMEID
MTB6863	9	SCHEMEID
MTB6869	9	SCHEMEID
MTB6882	9	SCHEMEID
MTB6951	9	SCHEMEID
MTB7033	9	SCHEMEID
MTB7098	9	SCHEMEID
MTB7104	9	SCHEMEID
MTB7105	9	SCHEMEID
MTB7109	9	SCHEMEID
MTB7113	9	SCHEMEID
MTB7114	9	SCHEMEID
MTB7119	9	SCHEMEID
MTB7150	9	SCHEMEID
MTB7194	9	SCHEMEID
MTB7246	9	SCHEMEID
MTB7247	9	SCHEMEID
MTB7305	9	SCHEMEID
MTB7331	9	SCHEMEID
MTB7353	9	SCHEMEID
MTB7378	9	SCHEMEID
MTB7455	9	SCHEMEID
MTB7463	9	SCHEMEID
MTB7494	9	SCHEMEID
MTB7502	9	SCHEMEID
MTB7617	9	SCHEMEID
MTB7647	9	SCHEMEID
MTB7796	9	SCHEMEID
MTB7839	9	SCHEMEID
MTB7891	9	SCHEMEID
MTB7893	9	SCHEMEID
MTB7902	9	SCHEMEID
MTB7978	9	SCHEMEID
MTB8047	9	SCHEMEID
MTB8132	9	SCHEMEID
MTB8235	9	SCHEMEID
MTB8320	9	SCHEMEID
MTB8321	9	SCHEMEID
MTB8331	9	SCHEMEID
MTB8577	9	SCHEMEID
MTB8708	9	SCHEMEID
MTB8724	9	SCHEMEID
MTB8817	9	SCHEMEID
MTB8824	9	SCHEMEID
MTB8825	9	SCHEMEID
MTB8872	9	SCHEMEID
MTB8989	9	SCHEMEID
MTB9009	9	SCHEMEID
MTB9041	9	SCHEMEID
MTB9047	9	SCHEMEID
MTB9054	9	SCHEMEID
MTB9065	9	SCHEMEID
MTB9241	9	SCHEMEID
MTB9302	9	SCHEMEID
MTB9303	9	SCHEMEID
MTB9406	9	SCHEMEID
MTB9460	9	SCHEMEID
MTB9474	9	SCHEMEID
MTB9500	9	SCHEMEID
MTB9718	9	SCHEMEID
MTB9735	9	SCHEMEID
MTB9792	9	SCHEMEID
MTB9835	9	SCHEMEID
MTB9859	9	SCHEMEID
MTB9870	9	SCHEMEID
MTB9936	9	SCHEMEID
MTB9937	9	SCHEMEID
MTB10017	9	SCHEMEID
MTB10183	9	SCHEMEID
MTB10188	9	SCHEMEID
MTB10278	9	SCHEMEID
MTB10339	9	SCHEMEID
MTB10393	9	SCHEMEID
MTB10469	9	SCHEMEID
MTB10503	9	SCHEMEID
MTB10520	9	SCHEMEID
MTB10627	9	SCHEMEID
MTB10675	9	SCHEMEID
MTB10682	9	SCHEMEID
MTB10712	9	SCHEMEID
MTB10808	9	SCHEMEID
MTB11017	9	SCHEMEID
MTB11035	9	SCHEMEID
MTB11095	9	SCHEMEID
MTB11104	9	SCHEMEID
MTB11313	9	SCHEMEID
MTB11358	9	SCHEMEID
MTB11359	9	SCHEMEID
MTB11578	9	SCHEMEID
MTB11581	9	SCHEMEID
MTB11638	9	SCHEMEID
MTB11655	9	SCHEMEID
MTB11692	9	SCHEMEID
MTB11700	9	SCHEMEID
MTB11713	9	SCHEMEID
MTB11837	9	SCHEMEID
MTB11932	9	SCHEMEID
MTB11996	9	SCHEMEID
MTB12124	9	SCHEMEID
MTB12126	9	SCHEMEID
MTB12141	9	SCHEMEID
MTB12256	9	SCHEMEID
MTB12261	9	SCHEMEID
MTB12315	9	SCHEMEID
MTB12534	9	SCHEMEID
MTB12542	9	SCHEMEID
MTB12564	9	SCHEMEID
MTB12576	9	SCHEMEID
MTB12662	9	SCHEMEID
MTB12886	9	SCHEMEID
MTB13080	9	SCHEMEID
MTB13168	9	SCHEMEID
MTB13221	9	SCHEMEID
MTB13305	9	SCHEMEID
MTB13340	9	SCHEMEID
MTB13342	9	SCHEMEID
MTB13344	9	SCHEMEID
MTB13345	9	SCHEMEID
MTB13396	9	SCHEMEID
MTB13398	9	SCHEMEID
MTB13418	9	SCHEMEID
MTB13444	9	SCHEMEID
MTB13460	9	SCHEMEID
MTB13462	9	SCHEMEID
MTB13477	9	SCHEMEID
MTB13483	9	SCHEMEID
MTB13637	9	SCHEMEID
MTB13649	9	SCHEMEID
MTB13753	9	SCHEMEID
MTB13851	9	SCHEMEID
MTB14257	9	SCHEMEID
MTB14439	9	SCHEMEID
MTB14511	9	SCHEMEID
MTB14542	9	SCHEMEID
MTB14584	9	SCHEMEID
MTB14786	9	SCHEMEID
MTB14789	9	SCHEMEID
MTB14863	9	SCHEMEID
MTB15028	9	SCHEMEID
MTB15118	9	SCHEMEID
MTB15180	9	SCHEMEID
MTB15285	9	SCHEMEID
MTB15431	9	SCHEMEID
MTB15442	9	SCHEMEID
MTB15479	9	SCHEMEID
MTB15569	9	SCHEMEID
MTB15639	9	SCHEMEID
MTB15676	9	SCHEMEID
MTB15700	9	SCHEMEID
MTB15792	9	SCHEMEID
MTB15893	9	SCHEMEID
MTB16045	9	SCHEMEID
MTB16083	9	SCHEMEID
MTB16277	9	SCHEMEID
MTB16326	9	SCHEMEID
MTB16330	9	SCHEMEID
MTB16347	9	SCHEMEID
MTB16430	9	SCHEMEID
MTB16461	9	SCHEMEID
MTB16536	9	SCHEMEID
MTB16537	9	SCHEMEID
MTB16562	9	SCHEMEID
MTB16650	9	SCHEMEID
MTB16652	9	SCHEMEID
MTB16671	9	SCHEMEID
MTB16761	9	SCHEMEID
MTB16805	9	SCHEMEID
MTB16891	9	SCHEMEID
MTB16977	9	SCHEMEID
MTB17028	9	SCHEMEID
MTB17085	9	SCHEMEID
MTB17104	9	SCHEMEID
MTB17238	9	SCHEMEID
MTB17282	9	SCHEMEID
MTB17283	9	SCHEMEID
MTB17293	9	SCHEMEID
MTB17295	9	SCHEMEID
MTB17297	9	SCHEMEID
MTB17343	9	SCHEMEID
MTB17394	9	SCHEMEID
MTB17446	9	SCHEMEID
MTB17499	9	SCHEMEID
MTB17520	9	SCHEMEID
MTB17538	9	SCHEMEID
MTB17634	9	SCHEMEID
MTB17658	9	SCHEMEID
MTB17731	9	SCHEMEID
MTB60	8	SCHEMEID
MTB78	8	SCHEMEID
MTB91	8	SCHEMEID
MTB100	8	SCHEMEID
MTB150	8	SCHEMEID
MTB159	8	SCHEMEID
MTB206	8	SCHEMEID
MTB207	8	SCHEMEID
MTB279	8	SCHEMEID
MTB291	8	SCHEMEID
MTB298	8	SCHEMEID
MTB327	8	SCHEMEID
MTB350	8	SCHEMEID
MTB353	8	SCHEMEID
MTB374	8	SCHEMEID
MTB437	8	SCHEMEID
MTB456	8	SCHEMEID
MTB467	8	SCHEMEID
MTB485	8	SCHEMEID
MTB506	8	SCHEMEID
MTB526	8	SCHEMEID
MTB540	8	SCHEMEID
MTB695	8	SCHEMEID
MTB742	8	SCHEMEID
MTB751	8	SCHEMEID
MTB826	8	SCHEMEID
MTB827	8	SCHEMEID
MTB829	8	SCHEMEID
MTB835	8	SCHEMEID
MTB849	8	SCHEMEID
MTB859	8	SCHEMEID
MTB868	8	SCHEMEID
MTB908	8	SCHEMEID
MTB931	8	SCHEMEID
MTB933	8	SCHEMEID
MTB985	8	SCHEMEID
MTB1019	8	SCHEMEID
MTB1040	8	SCHEMEID
MTB1066	8	SCHEMEID
MTB1088	8	SCHEMEID
MTB1115	8	SCHEMEID
MTB1188	8	SCHEMEID
MTB1192	8	SCHEMEID
MTB1199	8	SCHEMEID
MTB1222	8	SCHEMEID
MTB1227	8	SCHEMEID
MTB1247	8	SCHEMEID
MTB1250	8	SCHEMEID
MTB1255	8	SCHEMEID
MTB1269	8	SCHEMEID
MTB1294	8	SCHEMEID
MTB1299	8	SCHEMEID
MTB1307	8	SCHEMEID
MTB1331	8	SCHEMEID
MTB1333	8	SCHEMEID
MTB1377	8	SCHEMEID
MTB1406	8	SCHEMEID
MTB1435	8	SCHEMEID
MTB1462	8	SCHEMEID
MTB1470	8	SCHEMEID
MTB1491	8	SCHEMEID
MTB1511	8	SCHEMEID
MTB1546	8	SCHEMEID
MTB1550	8	SCHEMEID
MTB1555	8	SCHEMEID
MTB1644	8	SCHEMEID
MTB1655	8	SCHEMEID
MTB1679	8	SCHEMEID
MTB1682	8	SCHEMEID
MTB1734	8	SCHEMEID
MTB1735	8	SCHEMEID
MTB1741	8	SCHEMEID
MTB1744	8	SCHEMEID
MTB1895	8	SCHEMEID
MTB1937	8	SCHEMEID
MTB1982	8	SCHEMEID
MTB1986	8	SCHEMEID
MTB2000	8	SCHEMEID
MTB2014	8	SCHEMEID
MTB2016	8	SCHEMEID
MTB2229	8	SCHEMEID
MTB2282	8	SCHEMEID
MTB2340	8	SCHEMEID
MTB2376	8	SCHEMEID
MTB2442	8	SCHEMEID
MTB2485	8	SCHEMEID
MTB2508	8	SCHEMEID
MTB2537	8	SCHEMEID
MTB2562	8	SCHEMEID
MTB2587	8	SCHEMEID
MTB2600	8	SCHEMEID
MTB2602	8	SCHEMEID
MTB2609	8	SCHEMEID
MTB2610	8	SCHEMEID
MTB2623	8	SCHEMEID
MTB2629	8	SCHEMEID
MTB2667	8	SCHEMEID
MTB2682	8	SCHEMEID
MTB2742	8	SCHEMEID
MTB2745	8	SCHEMEID
MTB2837	8	SCHEMEID
MTB2839	8	SCHEMEID
MTB2843	8	SCHEMEID
MTB2850	8	SCHEMEID
MTB2853	8	SCHEMEID
MTB2858	8	SCHEMEID
MTB2882	8	SCHEMEID
MTB2904	8	SCHEMEID
MTB2928	8	SCHEMEID
MTB3043	8	SCHEMEID
MTB3044	8	SCHEMEID
MTB3077	8	SCHEMEID
MTB3174	8	SCHEMEID
MTB3243	8	SCHEMEID
MTB3292	8	SCHEMEID
MTB3397	8	SCHEMEID
MTB3406	8	SCHEMEID
MTB3410	8	SCHEMEID
MTB3468	8	SCHEMEID
MTB3556	8	SCHEMEID
MTB3573	8	SCHEMEID
MTB3585	8	SCHEMEID
MTB3595	8	SCHEMEID
MTB3614	8	SCHEMEID
MTB3720	8	SCHEMEID
MTB3831	8	SCHEMEID
MTB3843	8	SCHEMEID
MTB3854	8	SCHEMEID
MTB3889	8	SCHEMEID
MTB3891	8	SCHEMEID
MTB3964	8	SCHEMEID
MTB3982	8	SCHEMEID
MTB4085	8	SCHEMEID
MTB4089	8	SCHEMEID
MTB4144	8	SCHEMEID
MTB4174	8	SCHEMEID
MTB4238	8	SCHEMEID
MTB4276	8	SCHEMEID
MTB4314	8	SCHEMEID
MTB4316	8	SCHEMEID
MTB4357	8	SCHEMEID
MTB4448	8	SCHEMEID
MTB4463	8	SCHEMEID
MTB4464	8	SCHEMEID
MTB4470	8	SCHEMEID
MTB4537	8	SCHEMEID
MTB4542	8	SCHEMEID
MTB4612	8	SCHEMEID
MTB4639	8	SCHEMEID
MTB4648	8	SCHEMEID
MTB4720	8	SCHEMEID
MTB4734	8	SCHEMEID
MTB4741	8	SCHEMEID
MTB4787	8	SCHEMEID
MTB4918	8	SCHEMEID
MTB4928	8	SCHEMEID
MTB4940	8	SCHEMEID
MTB4951	8	SCHEMEID
MTB5017	8	SCHEMEID
MTB5022	8	SCHEMEID
MTB5136	8	SCHEMEID
MTB5221	8	SCHEMEID
MTB5250	8	SCHEMEID
MTB5331	8	SCHEMEID
MTB5394	8	SCHEMEID
MTB5422	8	SCHEMEID
MTB5583	8	SCHEMEID
MTB5667	8	SCHEMEID
MTB5706	8	SCHEMEID
MTB5773	8	SCHEMEID
MTB5777	8	SCHEMEID
MTB5786	8	SCHEMEID
MTB5822	8	SCHEMEID
MTB5843	8	SCHEMEID
MTB5959	8	SCHEMEID
MTB5967	8	SCHEMEID
MTB5989	8	SCHEMEID
MTB6073	8	SCHEMEID
MTB6074	8	SCHEMEID
MTB6132	8	SCHEMEID
MTB6153	8	SCHEMEID
MTB6274	8	SCHEMEID
MTB6502	8	SCHEMEID
MTB6590	8	SCHEMEID
MTB6620	8	SCHEMEID
MTB6650	8	SCHEMEID
MTB6691	8	SCHEMEID
MTB6701	8	SCHEMEID
MTB6711	8	SCHEMEID
MTB6891	8	SCHEMEID
MTB6972	8	SCHEMEID
MTB7031	8	SCHEMEID
MTB7036	8	SCHEMEID
MTB7037	8	SCHEMEID
MTB7089	8	SCHEMEID
MTB7096	8	SCHEMEID
MTB7120	8	SCHEMEID
MTB7126	8	SCHEMEID
MTB7175	8	SCHEMEID
MTB7232	8	SCHEMEID
MTB7239	8	SCHEMEID
MTB7270	8	SCHEMEID
MTB7273	8	SCHEMEID
MTB7284	8	SCHEMEID
MTB7288	8	SCHEMEID
MTB7295	8	SCHEMEID
MTB7298	8	SCHEMEID
MTB7328	8	SCHEMEID
MTB7329	8	SCHEMEID
MTB7336	8	SCHEMEID
MTB7369	8	SCHEMEID
MTB7393	8	SCHEMEID
MTB7432	8	SCHEMEID
MTB7481	8	SCHEMEID
MTB7506	8	SCHEMEID
MTB7593	8	SCHEMEID
MTB7594	8	SCHEMEID
MTB7650	8	SCHEMEID
MTB7653	8	SCHEMEID
MTB7654	8	SCHEMEID
MTB7870	8	SCHEMEID
MTB7895	8	SCHEMEID
MTB7924	8	SCHEMEID
MTB7983	8	SCHEMEID
MTB7987	8	SCHEMEID
MTB7989	8	SCHEMEID
MTB8041	8	SCHEMEID
MTB8048	8	SCHEMEID
MTB8054	8	SCHEMEID
MTB8126	8	SCHEMEID
MTB8165	8	SCHEMEID
MTB8227	8	SCHEMEID
MTB8257	8	SCHEMEID
MTB8287	8	SCHEMEID
MTB8358	8	SCHEMEID
MTB8359	8	SCHEMEID
MTB8361	8	SCHEMEID
MTB8431	8	SCHEMEID
MTB8579	8	SCHEMEID
MTB8582	8	SCHEMEID
MTB8583	8	SCHEMEID
MTB8605	8	SCHEMEID
MTB8636	8	SCHEMEID
MTB8713	8	SCHEMEID
MTB8723	8	SCHEMEID
MTB8857	8	SCHEMEID
MTB8863	8	SCHEMEID
MTB8918	8	SCHEMEID
MTB8940	8	SCHEMEID
MTB8941	8	SCHEMEID
MTB9123	8	SCHEMEID
MTB9157	8	SCHEMEID
MTB9195	8	SCHEMEID
MTB9245	8	SCHEMEID
MTB9268	8	SCHEMEID
MTB9275	8	SCHEMEID
MTB9296	8	SCHEMEID
MTB9305	8	SCHEMEID
MTB9322	8	SCHEMEID
MTB9341	8	SCHEMEID
MTB9497	8	SCHEMEID
MTB9686	8	SCHEMEID
MTB9793	8	SCHEMEID
MTB9799	8	SCHEMEID
MTB9800	8	SCHEMEID
MTB9938	8	SCHEMEID
MTB10181	8	SCHEMEID
MTB10209	8	SCHEMEID
MTB10400	8	SCHEMEID
MTB10404	8	SCHEMEID
MTB10413	8	SCHEMEID
MTB10500	8	SCHEMEID
MTB10699	8	SCHEMEID
MTB10720	8	SCHEMEID
MTB10823	8	SCHEMEID
MTB10856	8	SCHEMEID
MTB10951	8	SCHEMEID
MTB10958	8	SCHEMEID
MTB11034	8	SCHEMEID
MTB11085	8	SCHEMEID
MTB11177	8	SCHEMEID
MTB11236	8	SCHEMEID
MTB11244	8	SCHEMEID
MTB11245	8	SCHEMEID
MTB11270	8	SCHEMEID
MTB11283	8	SCHEMEID
MTB11296	8	SCHEMEID
MTB11372	8	SCHEMEID
MTB11375	8	SCHEMEID
MTB11392	8	SCHEMEID
MTB11433	8	SCHEMEID
MTB11466	8	SCHEMEID
MTB11478	8	SCHEMEID
MTB11479	8	SCHEMEID
MTB11490	8	SCHEMEID
MTB11643	8	SCHEMEID
MTB11803	8	SCHEMEID
MTB11817	8	SCHEMEID
MTB11913	8	SCHEMEID
MTB11942	8	SCHEMEID
MTB11990	8	SCHEMEID
MTB12028	8	SCHEMEID
MTB12030	8	SCHEMEID
MTB12035	8	SCHEMEID
MTB12129	8	SCHEMEID
MTB12174	8	SCHEMEID
MTB12206	8	SCHEMEID
MTB12207	8	SCHEMEID
MTB12210	8	SCHEMEID
MTB12258	8	SCHEMEID
MTB12303	8	SCHEMEID
MTB12529	8	SCHEMEID
MTB12577	8	SCHEMEID
MTB12579	8	SCHEMEID
MTB12582	8	SCHEMEID
MTB12584	8	SCHEMEID
MTB12630	8	SCHEMEID
MTB12686	8	SCHEMEID
MTB12988	8	SCHEMEID
MTB13010	8	SCHEMEID
MTB13041	8	SCHEMEID
MTB13046	8	SCHEMEID
MTB13120	8	SCHEMEID
MTB13248	8	SCHEMEID
MTB13266	8	SCHEMEID
MTB13272	8	SCHEMEID
MTB13341	8	SCHEMEID
MTB13343	8	SCHEMEID
MTB13441	8	SCHEMEID
MTB13455	8	SCHEMEID
MTB13471	8	SCHEMEID
MTB13526	8	SCHEMEID
MTB13533	8	SCHEMEID
MTB13558	8	SCHEMEID
MTB13596	8	SCHEMEID
MTB13628	8	SCHEMEID
MTB13640	8	SCHEMEID
MTB13729	8	SCHEMEID
MTB13739	8	SCHEMEID
MTB13811	8	SCHEMEID
MTB13812	8	SCHEMEID
MTB13860	8	SCHEMEID
MTB14022	8	SCHEMEID
MTB14036	8	SCHEMEID
MTB14141	8	SCHEMEID
MTB14172	8	SCHEMEID
MTB14187	8	SCHEMEID
MTB14218	8	SCHEMEID
MTB14219	8	SCHEMEID
MTB14220	8	SCHEMEID
MTB14260	8	SCHEMEID
MTB14276	8	SCHEMEID
MTB14376	8	SCHEMEID
MTB14438	8	SCHEMEID
MTB14446	8	SCHEMEID
MTB14449	8	SCHEMEID
MTB14458	8	SCHEMEID
MTB14705	8	SCHEMEID
MTB14731	8	SCHEMEID
MTB14736	8	SCHEMEID
MTB14737	8	SCHEMEID
MTB14740	8	SCHEMEID
MTB14761	8	SCHEMEID
MTB14825	8	SCHEMEID
MTB14876	8	SCHEMEID
MTB14926	8	SCHEMEID
MTB15034	8	SCHEMEID
MTB15083	8	SCHEMEID
MTB15104	8	SCHEMEID
MTB15112	8	SCHEMEID
MTB15163	8	SCHEMEID
MTB15261	8	SCHEMEID
MTB15294	8	SCHEMEID
MTB15318	8	SCHEMEID
MTB15446	8	SCHEMEID
MTB15509	8	SCHEMEID
MTB15510	8	SCHEMEID
MTB15539	8	SCHEMEID
MTB15687	8	SCHEMEID
MTB15719	8	SCHEMEID
MTB15724	8	SCHEMEID
MTB15809	8	SCHEMEID
MTB15828	8	SCHEMEID
MTB15851	8	SCHEMEID
MTB15852	8	SCHEMEID
MTB15853	8	SCHEMEID
MTB15854	8	SCHEMEID
MTB15908	8	SCHEMEID
MTB15986	8	SCHEMEID
MTB16047	8	SCHEMEID
MTB16062	8	SCHEMEID
MTB16182	8	SCHEMEID
MTB16227	8	SCHEMEID
MTB16246	8	SCHEMEID
MTB16331	8	SCHEMEID
MTB16341	8	SCHEMEID
MTB16359	8	SCHEMEID
MTB16399	8	SCHEMEID
MTB16441	8	SCHEMEID
MTB16463	8	SCHEMEID
MTB16635	8	SCHEMEID
MTB16640	8	SCHEMEID
MTB16666	8	SCHEMEID
MTB16674	8	SCHEMEID
MTB16724	8	SCHEMEID
MTB16824	8	SCHEMEID
MTB16890	8	SCHEMEID
MTB16944	8	SCHEMEID
MTB17003	8	SCHEMEID
MTB17087	8	SCHEMEID
MTB17152	8	SCHEMEID
MTB17211	8	SCHEMEID
MTB17243	8	SCHEMEID
MTB17521	8	SCHEMEID
MTB17576	8	SCHEMEID
MTB17727	8	SCHEMEID
MTB7	7	SCHEMEID
MTB18	7	SCHEMEID
MTB27	7	SCHEMEID
MTB28	7	SCHEMEID
MTB49	7	SCHEMEID
MTB53	7	SCHEMEID
MTB68	7	SCHEMEID
MTB113	7	SCHEMEID
MTB145	7	SCHEMEID
MTB149	7	SCHEMEID
MTB190	7	SCHEMEID
MTB232	7	SCHEMEID
MTB283	7	SCHEMEID
MTB295	7	SCHEMEID
MTB304	7	SCHEMEID
MTB310	7	SCHEMEID
MTB323	7	SCHEMEID
MTB349	7	SCHEMEID
MTB360	7	SCHEMEID
MTB442	7	SCHEMEID
MTB483	7	SCHEMEID
MTB500	7	SCHEMEID
MTB505	7	SCHEMEID
MTB522	7	SCHEMEID
MTB547	7	SCHEMEID
MTB568	7	SCHEMEID
MTB574	7	SCHEMEID
MTB632	7	SCHEMEID
MTB635	7	SCHEMEID
MTB636	7	SCHEMEID
MTB642	7	SCHEMEID
MTB649	7	SCHEMEID
MTB663	7	SCHEMEID
MTB665	7	SCHEMEID
MTB710	7	SCHEMEID
MTB736	7	SCHEMEID
MTB753	7	SCHEMEID
MTB766	7	SCHEMEID
MTB772	7	SCHEMEID
MTB773	7	SCHEMEID
MTB788	7	SCHEMEID
MTB809	7	SCHEMEID
MTB841	7	SCHEMEID
MTB845	7	SCHEMEID
MTB865	7	SCHEMEID
MTB899	7	SCHEMEID
MTB913	7	SCHEMEID
MTB935	7	SCHEMEID
MTB1003	7	SCHEMEID
MTB1026	7	SCHEMEID
MTB1049	7	SCHEMEID
MTB1051	7	SCHEMEID
MTB1143	7	SCHEMEID
MTB1197	7	SCHEMEID
MTB1198	7	SCHEMEID
MTB1205	7	SCHEMEID
MTB1214	7	SCHEMEID
MTB1264	7	SCHEMEID
MTB1271	7	SCHEMEID
MTB1349	7	SCHEMEID
MTB1376	7	SCHEMEID
MTB1382	7	SCHEMEID
MTB1410	7	SCHEMEID
MTB1419	7	SCHEMEID
MTB1510	7	SCHEMEID
MTB1515	7	SCHEMEID
MTB1541	7	SCHEMEID
MTB1543	7	SCHEMEID
MTB1548	7	SCHEMEID
MTB1574	7	SCHEMEID
MTB1575	7	SCHEMEID
MTB1600	7	SCHEMEID
MTB1607	7	SCHEMEID
MTB1613	7	SCHEMEID
MTB1619	7	SCHEMEID
MTB1646	7	SCHEMEID
MTB1647	7	SCHEMEID
MTB1654	7	SCHEMEID
MTB1746	7	SCHEMEID
MTB1806	7	SCHEMEID
MTB1813	7	SCHEMEID
MTB1828	7	SCHEMEID
MTB1894	7	SCHEMEID
MTB1920	7	SCHEMEID
MTB1962	7	SCHEMEID
MTB2034	7	SCHEMEID
MTB2043	7	SCHEMEID
MTB2081	7	SCHEMEID
MTB2082	7	SCHEMEID
MTB2113	7	SCHEMEID
MTB2120	7	SCHEMEID
MTB2136	7	SCHEMEID
MTB2160	7	SCHEMEID
MTB2164	7	SCHEMEID
MTB2169	7	SCHEMEID
MTB2193	7	SCHEMEID
MTB2219	7	SCHEMEID
MTB2238	7	SCHEMEID
MTB2279	7	SCHEMEID
MTB2284	7	SCHEMEID
MTB2355	7	SCHEMEID
MTB2358	7	SCHEMEID
MTB2364	7	SCHEMEID
MTB2387	7	SCHEMEID
MTB2394	7	SCHEMEID
MTB2413	7	SCHEMEID
MTB2501	7	SCHEMEID
MTB2514	7	SCHEMEID
MTB2542	7	SCHEMEID
MTB2627	7	SCHEMEID
MTB2639	7	SCHEMEID
MTB2681	7	SCHEMEID
MTB2752	7	SCHEMEID
MTB2765	7	SCHEMEID
MTB2769	7	SCHEMEID
MTB2777	7	SCHEMEID
MTB2823	7	SCHEMEID
MTB2828	7	SCHEMEID
MTB2846	7	SCHEMEID
MTB2889	7	SCHEMEID
MTB2926	7	SCHEMEID
MTB2927	7	SCHEMEID
MTB2932	7	SCHEMEID
MTB3058	7	SCHEMEID
MTB3065	7	SCHEMEID
MTB3126	7	SCHEMEID
MTB3160	7	SCHEMEID
MTB3245	7	SCHEMEID
MTB3263	7	SCHEMEID
MTB3291	7	SCHEMEID
MTB3310	7	SCHEMEID
MTB3318	7	SCHEMEID
MTB3320	7	SCHEMEID
MTB3324	7	SCHEMEID
MTB3363	7	SCHEMEID
MTB3391	7	SCHEMEID
MTB3399	7	SCHEMEID
MTB3445	7	SCHEMEID
MTB3446	7	SCHEMEID
MTB3447	7	SCHEMEID
MTB3448	7	SCHEMEID
MTB3471	7	SCHEMEID
MTB3509	7	SCHEMEID
MTB3529	7	SCHEMEID
MTB3536	7	SCHEMEID
MTB3611	7	SCHEMEID
MTB3798	7	SCHEMEID
MTB3845	7	SCHEMEID
MTB3875	7	SCHEMEID
MTB3880	7	SCHEMEID
MTB3893	7	SCHEMEID
MTB3897	7	SCHEMEID
MTB3996	7	SCHEMEID
MTB4028	7	SCHEMEID
MTB4030	7	SCHEMEID
MTB4061	7	SCHEMEID
MTB4162	7	SCHEMEID
MTB4182	7	SCHEMEID
MTB4183	7	SCHEMEID
MTB4198	7	SCHEMEID
MTB4313	7	SCHEMEID
MTB4347	7	SCHEMEID
MTB4370	7	SCHEMEID
MTB4430	7	SCHEMEID
MTB4501	7	SCHEMEID
MTB4502	7	SCHEMEID
MTB4519	7	SCHEMEID
MTB4523	7	SCHEMEID
MTB4526	7	SCHEMEID
MTB4530	7	SCHEMEID
MTB4551	7	SCHEMEID
MTB4592	7	SCHEMEID
MTB4633	7	SCHEMEID
MTB4641	7	SCHEMEID
MTB4642	7	SCHEMEID
MTB4654	7	SCHEMEID
MTB4673	7	SCHEMEID
MTB4678	7	SCHEMEID
MTB4759	7	SCHEMEID
MTB4784	7	SCHEMEID
MTB4790	7	SCHEMEID
MTB4808	7	SCHEMEID
MTB4810	7	SCHEMEID
MTB4968	7	SCHEMEID
MTB4982	7	SCHEMEID
MTB4994	7	SCHEMEID
MTB5052	7	SCHEMEID
MTB5109	7	SCHEMEID
MTB5181	7	SCHEMEID
MTB5288	7	SCHEMEID
MTB5292	7	SCHEMEID
MTB5299	7	SCHEMEID
MTB5355	7	SCHEMEID
MTB5390	7	SCHEMEID
MTB5466	7	SCHEMEID
MTB5528	7	SCHEMEID
MTB5530	7	SCHEMEID
MTB5769	7	SCHEMEID
MTB5781	7	SCHEMEID
MTB5821	7	SCHEMEID
MTB5834	7	SCHEMEID
MTB5864	7	SCHEMEID
MTB5865	7	SCHEMEID
MTB5872	7	SCHEMEID
MTB5946	7	SCHEMEID
MTB5947	7	SCHEMEID
MTB5949	7	SCHEMEID
MTB5952	7	SCHEMEID
MTB6016	7	SCHEMEID
MTB6024	7	SCHEMEID
MTB6028	7	SCHEMEID
MTB6031	7	SCHEMEID
MTB6060	7	SCHEMEID
MTB6061	7	SCHEMEID
MTB6062	7	SCHEMEID
MTB6077	7	SCHEMEID
MTB6079	7	SCHEMEID
MTB6081	7	SCHEMEID
MTB6082	7	SCHEMEID
MTB6247	7	SCHEMEID
MTB6273	7	SCHEMEID
MTB6284	7	SCHEMEID
MTB6295	7	SCHEMEID
MTB6321	7	SCHEMEID
MTB6366	7	SCHEMEID
MTB6438	7	SCHEMEID
MTB6440	7	SCHEMEID
MTB6445	7	SCHEMEID
MTB6447	7	SCHEMEID
MTB6496	7	SCHEMEID
MTB6497	7	SCHEMEID
MTB6501	7	SCHEMEID
MTB6505	7	SCHEMEID
MTB6720	7	SCHEMEID
MTB6732	7	SCHEMEID
MTB7000	7	SCHEMEID
MTB7025	7	SCHEMEID
MTB7054	7	SCHEMEID
MTB7115	7	SCHEMEID
MTB7121	7	SCHEMEID
MTB7132	7	SCHEMEID
MTB7144	7	SCHEMEID
MTB7196	7	SCHEMEID
MTB7208	7	SCHEMEID
MTB7209	7	SCHEMEID
MTB7210	7	SCHEMEID
MTB7286	7	SCHEMEID
MTB7330	7	SCHEMEID
MTB7397	7	SCHEMEID
MTB7477	7	SCHEMEID
MTB7539	7	SCHEMEID
MTB7562	7	SCHEMEID
MTB7673	7	SCHEMEID
MTB7741	7	SCHEMEID
MTB7833	7	SCHEMEID
MTB7903	7	SCHEMEID
MTB7904	7	SCHEMEID
MTB7906	7	SCHEMEID
MTB7928	7	SCHEMEID
MTB7949	7	SCHEMEID
MTB7963	7	SCHEMEID
MTB7984	7	SCHEMEID
MTB7994	7	SCHEMEID
MTB8030	7	SCHEMEID
MTB8046	7	SCHEMEID
MTB8052	7	SCHEMEID
MTB8122	7	SCHEMEID
MTB8131	7	SCHEMEID
MTB8178	7	SCHEMEID
MTB8189	7	SCHEMEID
MTB8325	7	SCHEMEID
MTB8377	7	SCHEMEID
MTB8394	7	SCHEMEID
MTB8402	7	SCHEMEID
MTB8418	7	SCHEMEID
MTB8505	7	SCHEMEID
MTB8565	7	SCHEMEID
MTB8587	7	SCHEMEID
MTB8594	7	SCHEMEID
MTB8618	7	SCHEMEID
MTB8629	7	SCHEMEID
MTB8639	7	SCHEMEID
MTB8640	7	SCHEMEID
MTB8668	7	SCHEMEID
MTB8674	7	SCHEMEID
MTB8711	7	SCHEMEID
MTB8766	7	SCHEMEID
MTB8781	7	SCHEMEID
MTB8818	7	SCHEMEID
MTB8957	7	SCHEMEID
MTB8972	7	SCHEMEID
MTB8979	7	SCHEMEID
MTB9028	7	SCHEMEID
MTB9029	7	SCHEMEID
MTB9046	7	SCHEMEID
MTB9049	7	SCHEMEID
MTB9050	7	SCHEMEID
MTB9056	7	SCHEMEID
MTB9074	7	SCHEMEID
MTB9077	7	SCHEMEID
MTB9095	7	SCHEMEID
MTB9131	7	SCHEMEID
MTB9132	7	SCHEMEID
MTB9149	7	SCHEMEID
MTB9192	7	SCHEMEID
MTB9244	7	SCHEMEID
MTB9274	7	SCHEMEID
MTB9288	7	SCHEMEID
MTB9326	7	SCHEMEID
MTB9334	7	SCHEMEID
MTB9343	7	SCHEMEID
MTB9348	7	SCHEMEID
MTB9362	7	SCHEMEID
MTB9365	7	SCHEMEID
MTB9383	7	SCHEMEID
MTB9412	7	SCHEMEID
MTB9459	7	SCHEMEID
MTB9466	7	SCHEMEID
MTB9490	7	SCHEMEID
MTB9507	7	SCHEMEID
MTB9605	7	SCHEMEID
MTB9626	7	SCHEMEID
MTB9670	7	SCHEMEID
MTB9707	7	SCHEMEID
MTB9712	7	SCHEMEID
MTB9734	7	SCHEMEID
MTB9786	7	SCHEMEID
MTB9840	7	SCHEMEID
MTB9857	7	SCHEMEID
MTB9888	7	SCHEMEID
MTB9926	7	SCHEMEID
MTB9958	7	SCHEMEID
MTB9972	7	SCHEMEID
MTB9974	7	SCHEMEID
MTB10028	7	SCHEMEID
MTB10159	7	SCHEMEID
MTB10350	7	SCHEMEID
MTB10359	7	SCHEMEID
MTB10412	7	SCHEMEID
MTB10417	7	SCHEMEID
MTB10447	7	SCHEMEID
MTB10448	7	SCHEMEID
MTB10451	7	SCHEMEID
MTB10456	7	SCHEMEID
MTB10457	7	SCHEMEID
MTB10603	7	SCHEMEID
MTB10669	7	SCHEMEID
MTB10738	7	SCHEMEID
MTB10779	7	SCHEMEID
MTB10822	7	SCHEMEID
MTB10889	7	SCHEMEID
MTB11024	7	SCHEMEID
MTB11037	7	SCHEMEID
MTB11094	7	SCHEMEID
MTB11123	7	SCHEMEID
MTB11134	7	SCHEMEID
MTB11135	7	SCHEMEID
MTB11165	7	SCHEMEID
MTB11176	7	SCHEMEID
MTB11215	7	SCHEMEID
MTB11302	7	SCHEMEID
MTB11382	7	SCHEMEID
MTB11400	7	SCHEMEID
MTB11412	7	SCHEMEID
MTB11427	7	SCHEMEID
MTB11432	7	SCHEMEID
MTB11440	7	SCHEMEID
MTB11473	7	SCHEMEID
MTB11496	7	SCHEMEID
MTB11527	7	SCHEMEID
MTB11593	7	SCHEMEID
MTB11639	7	SCHEMEID
MTB11640	7	SCHEMEID
MTB11661	7	SCHEMEID
MTB11695	7	SCHEMEID
MTB11696	7	SCHEMEID
MTB11705	7	SCHEMEID
MTB11765	7	SCHEMEID
MTB11775	7	SCHEMEID
MTB11818	7	SCHEMEID
MTB11820	7	SCHEMEID
MTB11821	7	SCHEMEID
MTB11905	7	SCHEMEID
MTB11912	7	SCHEMEID
MTB11988	7	SCHEMEID
MTB12004	7	SCHEMEID
MTB12021	7	SCHEMEID
MTB12183	7	SCHEMEID
MTB12200	7	SCHEMEID
MTB12260	7	SCHEMEID
MTB12263	7	SCHEMEID
MTB12299	7	SCHEMEID
MTB12345	7	SCHEMEID
MTB12346	7	SCHEMEID
MTB12360	7	SCHEMEID
MTB12423	7	SCHEMEID
MTB12444	7	SCHEMEID
MTB12483	7	SCHEMEID
MTB12514	7	SCHEMEID
MTB12566	7	SCHEMEID
MTB12578	7	SCHEMEID
MTB12587	7	SCHEMEID
MTB12607	7	SCHEMEID
MTB12617	7	SCHEMEID
MTB12711	7	SCHEMEID
MTB12723	7	SCHEMEID
MTB12752	7	SCHEMEID
MTB12775	7	SCHEMEID
MTB12825	7	SCHEMEID
MTB12833	7	SCHEMEID
MTB12835	7	SCHEMEID
MTB12967	7	SCHEMEID
MTB12996	7	SCHEMEID
MTB13009	7	SCHEMEID
MTB13075	7	SCHEMEID
MTB13096	7	SCHEMEID
MTB13228	7	SCHEMEID
MTB13258	7	SCHEMEID
MTB13260	7	SCHEMEID
MTB13295	7	SCHEMEID
MTB13348	7	SCHEMEID
MTB13400	7	SCHEMEID
MTB13457	7	SCHEMEID
MTB13467	7	SCHEMEID
MTB13555	7	SCHEMEID
MTB13600	7	SCHEMEID
MTB13716	7	SCHEMEID
MTB13755	7	SCHEMEID
MTB13756	7	SCHEMEID
MTB13864	7	SCHEMEID
MTB13959	7	SCHEMEID
MTB14021	7	SCHEMEID
MTB14040	7	SCHEMEID
MTB14063	7	SCHEMEID
MTB14067	7	SCHEMEID
MTB14189	7	SCHEMEID
MTB14291	7	SCHEMEID
MTB14330	7	SCHEMEID
MTB14334	7	SCHEMEID
MTB14335	7	SCHEMEID
MTB14342	7	SCHEMEID
MTB14390	7	SCHEMEID
MTB14433	7	SCHEMEID
MTB14443	7	SCHEMEID
MTB14450	7	SCHEMEID
MTB14456	7	SCHEMEID
MTB14463	7	SCHEMEID
MTB14500	7	SCHEMEID
MTB14501	7	SCHEMEID
MTB14512	7	SCHEMEID
MTB14513	7	SCHEMEID
MTB14514	7	SCHEMEID
MTB14515	7	SCHEMEID
MTB14516	7	SCHEMEID
MTB14517	7	SCHEMEID
MTB14518	7	SCHEMEID
MTB14519	7	SCHEMEID
MTB14520	7	SCHEMEID
MTB14521	7	SCHEMEID
MTB14522	7	SCHEMEID
MTB14523	7	SCHEMEID
MTB14524	7	SCHEMEID
MTB14552	7	SCHEMEID
MTB14715	7	SCHEMEID
MTB14738	7	SCHEMEID
MTB14800	7	SCHEMEID
MTB14816	7	SCHEMEID
MTB14819	7	SCHEMEID
MTB14884	7	SCHEMEID
MTB14885	7	SCHEMEID
MTB14886	7	SCHEMEID
MTB14887	7	SCHEMEID
MTB14953	7	SCHEMEID
MTB14969	7	SCHEMEID
MTB15002	7	SCHEMEID
MTB15015	7	SCHEMEID
MTB15032	7	SCHEMEID
MTB15070	7	SCHEMEID
MTB15110	7	SCHEMEID
MTB15150	7	SCHEMEID
MTB15154	7	SCHEMEID
MTB15159	7	SCHEMEID
MTB15278	7	SCHEMEID
MTB15311	7	SCHEMEID
MTB15314	7	SCHEMEID
MTB15321	7	SCHEMEID
MTB15399	7	SCHEMEID
MTB15429	7	SCHEMEID
MTB15460	7	SCHEMEID
MTB15478	7	SCHEMEID
MTB15497	7	SCHEMEID
MTB15575	7	SCHEMEID
MTB15624	7	SCHEMEID
MTB15640	7	SCHEMEID
MTB15672	7	SCHEMEID
MTB15977	7	SCHEMEID
MTB16022	7	SCHEMEID
MTB16059	7	SCHEMEID
MTB16115	7	SCHEMEID
MTB16119	7	SCHEMEID
MTB16121	7	SCHEMEID
MTB16151	7	SCHEMEID
MTB16181	7	SCHEMEID
MTB16211	7	SCHEMEID
MTB16224	7	SCHEMEID
MTB16248	7	SCHEMEID
MTB16324	7	SCHEMEID
MTB16358	7	SCHEMEID
MTB16433	7	SCHEMEID
MTB16464	7	SCHEMEID
MTB16469	7	SCHEMEID
MTB16513	7	SCHEMEID
MTB16534	7	SCHEMEID
MTB16546	7	SCHEMEID
MTB16576	7	SCHEMEID
MTB16588	7	SCHEMEID
MTB16629	7	SCHEMEID
MTB16719	7	SCHEMEID
MTB16806	7	SCHEMEID
MTB16846	7	SCHEMEID
MTB16847	7	SCHEMEID
MTB16902	7	SCHEMEID
MTB16943	7	SCHEMEID
MTB16984	7	SCHEMEID
MTB17001	7	SCHEMEID
MTB17120	7	SCHEMEID
MTB17122	7	SCHEMEID
MTB17162	7	SCHEMEID
MTB17201	7	SCHEMEID
MTB17213	7	SCHEMEID
MTB17226	7	SCHEMEID
MTB17235	7	SCHEMEID
MTB17253	7	SCHEMEID
MTB17264	7	SCHEMEID
MTB17308	7	SCHEMEID
MTB17340	7	SCHEMEID
MTB17423	7	SCHEMEID
MTB17443	7	SCHEMEID
MTB17448	7	SCHEMEID
MTB17451	7	SCHEMEID
MTB17481	7	SCHEMEID
MTB17498	7	SCHEMEID
MTB17506	7	SCHEMEID
MTB17507	7	SCHEMEID
MTB17596	7	SCHEMEID
MTB17611	7	SCHEMEID
MTB17668	7	SCHEMEID
MTB17669	7	SCHEMEID
MTB17708	7	SCHEMEID
MTB17710	7	SCHEMEID
MTB17712	7	SCHEMEID
MTB13	6	SCHEMEID
MTB26	6	SCHEMEID
MTB82	6	SCHEMEID
MTB93	6	SCHEMEID
MTB122	6	SCHEMEID
MTB202	6	SCHEMEID
MTB268	6	SCHEMEID
MTB348	6	SCHEMEID
MTB371	6	SCHEMEID
MTB387	6	SCHEMEID
MTB396	6	SCHEMEID
MTB421	6	SCHEMEID
MTB426	6	SCHEMEID
MTB478	6	SCHEMEID
MTB504	6	SCHEMEID
MTB523	6	SCHEMEID
MTB534	6	SCHEMEID
MTB535	6	SCHEMEID
MTB582	6	SCHEMEID
MTB677	6	SCHEMEID
MTB741	6	SCHEMEID
MTB806	6	SCHEMEID
MTB815	6	SCHEMEID
MTB840	6	SCHEMEID
MTB874	6	SCHEMEID
MTB898	6	SCHEMEID
MTB909	6	SCHEMEID
MTB932	6	SCHEMEID
MTB941	6	SCHEMEID
MTB999	6	SCHEMEID
MTB1046	6	SCHEMEID
MTB1052	6	SCHEMEID
MTB1100	6	SCHEMEID
MTB1145	6	SCHEMEID
MTB1167	6	SCHEMEID
MTB1174	6	SCHEMEID
MTB1225	6	SCHEMEID
MTB1236	6	SCHEMEID
MTB1248	6	SCHEMEID
MTB1261	6	SCHEMEID
MTB1270	6	SCHEMEID
MTB1290	6	SCHEMEID
MTB1291	6	SCHEMEID
MTB1293	6	SCHEMEID
MTB1320	6	SCHEMEID
MTB1344	6	SCHEMEID
MTB1355	6	SCHEMEID
MTB1378	6	SCHEMEID
MTB1383	6	SCHEMEID
MTB1423	6	SCHEMEID
MTB1428	6	SCHEMEID
MTB1448	6	SCHEMEID
MTB1459	6	SCHEMEID
MTB1468	6	SCHEMEID
MTB1502	6	SCHEMEID
MTB1542	6	SCHEMEID
MTB1558	6	SCHEMEID
MTB1688	6	SCHEMEID
MTB1704	6	SCHEMEID
MTB1705	6	SCHEMEID
MTB1760	6	SCHEMEID
MTB1777	6	SCHEMEID
MTB1784	6	SCHEMEID
MTB1808	6	SCHEMEID
MTB1826	6	SCHEMEID
MTB1836	6	SCHEMEID
MTB1837	6	SCHEMEID
MTB1838	6	SCHEMEID
MTB1855	6	SCHEMEID
MTB1870	6	SCHEMEID
MTB1874	6	SCHEMEID
MTB1942	6	SCHEMEID
MTB1956	6	SCHEMEID
MTB1983	6	SCHEMEID
MTB1985	6	SCHEMEID
MTB1998	6	SCHEMEID
MTB2024	6	SCHEMEID
MTB2059	6	SCHEMEID
MTB2149	6	SCHEMEID
MTB2181	6	SCHEMEID
MTB2239	6	SCHEMEID
MTB2246	6	SCHEMEID
MTB2297	6	SCHEMEID
MTB2298	6	SCHEMEID
MTB2313	6	SCHEMEID
MTB2328	6	SCHEMEID
MTB2330	6	SCHEMEID
MTB2338	6	SCHEMEID
MTB2345	6	SCHEMEID
MTB2348	6	SCHEMEID
MTB2368	6	SCHEMEID
MTB2513	6	SCHEMEID
MTB2535	6	SCHEMEID
MTB2547	6	SCHEMEID
MTB2548	6	SCHEMEID
MTB2549	6	SCHEMEID
MTB2570	6	SCHEMEID
MTB2571	6	SCHEMEID
MTB2595	6	SCHEMEID
MTB2624	6	SCHEMEID
MTB2659	6	SCHEMEID
MTB2665	6	SCHEMEID
MTB2675	6	SCHEMEID
MTB2686	6	SCHEMEID
MTB2718	6	SCHEMEID
MTB2757	6	SCHEMEID
MTB2814	6	SCHEMEID
MTB2817	6	SCHEMEID
MTB2872	6	SCHEMEID
MTB2883	6	SCHEMEID
MTB2952	6	SCHEMEID
MTB2953	6	SCHEMEID
MTB2972	6	SCHEMEID
MTB2982	6	SCHEMEID
MTB2990	6	SCHEMEID
MTB3008	6	SCHEMEID
MTB3050	6	SCHEMEID
MTB3068	6	SCHEMEID
MTB3078	6	SCHEMEID
MTB3114	6	SCHEMEID
MTB3167	6	SCHEMEID
MTB3173	6	SCHEMEID
MTB3180	6	SCHEMEID
MTB3190	6	SCHEMEID
MTB3200	6	SCHEMEID
MTB3206	6	SCHEMEID
MTB3219	6	SCHEMEID
MTB3285	6	SCHEMEID
MTB3289	6	SCHEMEID
MTB3300	6	SCHEMEID
MTB3305	6	SCHEMEID
MTB3352	6	SCHEMEID
MTB3368	6	SCHEMEID
MTB3369	6	SCHEMEID
MTB3485	6	SCHEMEID
MTB3516	6	SCHEMEID
MTB3521	6	SCHEMEID
MTB3543	6	SCHEMEID
MTB3553	6	SCHEMEID
MTB3582	6	SCHEMEID
MTB3584	6	SCHEMEID
MTB3683	6	SCHEMEID
MTB3697	6	SCHEMEID
MTB3716	6	SCHEMEID
MTB3802	6	SCHEMEID
MTB3844	6	SCHEMEID
MTB3858	6	SCHEMEID
MTB3883	6	SCHEMEID
MTB3888	6	SCHEMEID
MTB3937	6	SCHEMEID
MTB4026	6	SCHEMEID
MTB4071	6	SCHEMEID
MTB4115	6	SCHEMEID
MTB4131	6	SCHEMEID
MTB4136	6	SCHEMEID
MTB4146	6	SCHEMEID
MTB4200	6	SCHEMEID
MTB4298	6	SCHEMEID
MTB4342	6	SCHEMEID
MTB4364	6	SCHEMEID
MTB4399	6	SCHEMEID
MTB4522	6	SCHEMEID
MTB4609	6	SCHEMEID
MTB4644	6	SCHEMEID
MTB4655	6	SCHEMEID
MTB4715	6	SCHEMEID
MTB4737	6	SCHEMEID
MTB4743	6	SCHEMEID
MTB4762	6	SCHEMEID
MTB4769	6	SCHEMEID
MTB4826	6	SCHEMEID
MTB4840	6	SCHEMEID
MTB4864	6	SCHEMEID
MTB4865	6	SCHEMEID
MTB4866	6	SCHEMEID
MTB4883	6	SCHEMEID
MTB4912	6	SCHEMEID
MTB4937	6	SCHEMEID
MTB4946	6	SCHEMEID
MTB4972	6	SCHEMEID
MTB5020	6	SCHEMEID
MTB5064	6	SCHEMEID
MTB5118	6	SCHEMEID
MTB5119	6	SCHEMEID
MTB5135	6	SCHEMEID
MTB5151	6	SCHEMEID
MTB5175	6	SCHEMEID
MTB5176	6	SCHEMEID
MTB5177	6	SCHEMEID
MTB5178	6	SCHEMEID
MTB5241	6	SCHEMEID
MTB5282	6	SCHEMEID
MTB5290	6	SCHEMEID
MTB5330	6	SCHEMEID
MTB5392	6	SCHEMEID
MTB5397	6	SCHEMEID
MTB5399	6	SCHEMEID
MTB5435	6	SCHEMEID
MTB5488	6	SCHEMEID
MTB5494	6	SCHEMEID
MTB5497	6	SCHEMEID
MTB5531	6	SCHEMEID
MTB5570	6	SCHEMEID
MTB5579	6	SCHEMEID
MTB5659	6	SCHEMEID
MTB5671	6	SCHEMEID
MTB5755	6	SCHEMEID
MTB5761	6	SCHEMEID
MTB5763	6	SCHEMEID
MTB5805	6	SCHEMEID
MTB5840	6	SCHEMEID
MTB5841	6	SCHEMEID
MTB5869	6	SCHEMEID
MTB5871	6	SCHEMEID
MTB5876	6	SCHEMEID
MTB5879	6	SCHEMEID
MTB5883	6	SCHEMEID
MTB5892	6	SCHEMEID
MTB5954	6	SCHEMEID
MTB5960	6	SCHEMEID
MTB5964	6	SCHEMEID
MTB5969	6	SCHEMEID
MTB6035	6	SCHEMEID
MTB6058	6	SCHEMEID
MTB6059	6	SCHEMEID
MTB6063	6	SCHEMEID
MTB6072	6	SCHEMEID
MTB6105	6	SCHEMEID
MTB6111	6	SCHEMEID
MTB6143	6	SCHEMEID
MTB6149	6	SCHEMEID
MTB6154	6	SCHEMEID
MTB6168	6	SCHEMEID
MTB6197	6	SCHEMEID
MTB6198	6	SCHEMEID
MTB6208	6	SCHEMEID
MTB6370	6	SCHEMEID
MTB6381	6	SCHEMEID
MTB6408	6	SCHEMEID
MTB6411	6	SCHEMEID
MTB6428	6	SCHEMEID
MTB6475	6	SCHEMEID
MTB6516	6	SCHEMEID
MTB6521	6	SCHEMEID
MTB6534	6	SCHEMEID
MTB6545	6	SCHEMEID
MTB6598	6	SCHEMEID
MTB6651	6	SCHEMEID
MTB6697	6	SCHEMEID
MTB6698	6	SCHEMEID
MTB6699	6	SCHEMEID
MTB6712	6	SCHEMEID
MTB6715	6	SCHEMEID
MTB6727	6	SCHEMEID
MTB6729	6	SCHEMEID
MTB6733	6	SCHEMEID
MTB6740	6	SCHEMEID
MTB6752	6	SCHEMEID
MTB6753	6	SCHEMEID
MTB6754	6	SCHEMEID
MTB6757	6	SCHEMEID
MTB6836	6	SCHEMEID
MTB6838	6	SCHEMEID
MTB6867	6	SCHEMEID
MTB6884	6	SCHEMEID
MTB6885	6	SCHEMEID
MTB6889	6	SCHEMEID
MTB6980	6	SCHEMEID
MTB6986	6	SCHEMEID
MTB7003	6	SCHEMEID
MTB7075	6	SCHEMEID
MTB7152	6	SCHEMEID
MTB7193	6	SCHEMEID
MTB7197	6	SCHEMEID
MTB7257	6	SCHEMEID
MTB7261	6	SCHEMEID
MTB7303	6	SCHEMEID
MTB7381	6	SCHEMEID
MTB7385	6	SCHEMEID
MTB7394	6	SCHEMEID
MTB7411	6	SCHEMEID
MTB7513	6	SCHEMEID
MTB7526	6	SCHEMEID
MTB7532	6	SCHEMEID
MTB7588	6	SCHEMEID
MTB7613	6	SCHEMEID
MTB7621	6	SCHEMEID
MTB7648	6	SCHEMEID
MTB7719	6	SCHEMEID
MTB7740	6	SCHEMEID
MTB7770	6	SCHEMEID
MTB7788	6	SCHEMEID
MTB7816	6	SCHEMEID
MTB7846	6	SCHEMEID
MTB7954	6	SCHEMEID
MTB7966	6	SCHEMEID
MTB7972	6	SCHEMEID
MTB7981	6	SCHEMEID
MTB7985	6	SCHEMEID
MTB7986	6	SCHEMEID
MTB8020	6	SCHEMEID
MTB8032	6	SCHEMEID
MTB8086	6	SCHEMEID
MTB8094	6	SCHEMEID
MTB8096	6	SCHEMEID
MTB8133	6	SCHEMEID
MTB8181	6	SCHEMEID
MTB8347	6	SCHEMEID
MTB8348	6	SCHEMEID
MTB8365	6	SCHEMEID
MTB8379	6	SCHEMEID
MTB8380	6	SCHEMEID
MTB8390	6	SCHEMEID
MTB8401	6	SCHEMEID
MTB8453	6	SCHEMEID
MTB8503	6	SCHEMEID
MTB8551	6	SCHEMEID
MTB8567	6	SCHEMEID
MTB8574	6	SCHEMEID
MTB8608	6	SCHEMEID
MTB8612	6	SCHEMEID
MTB8617	6	SCHEMEID
MTB8632	6	SCHEMEID
MTB8734	6	SCHEMEID
MTB8837	6	SCHEMEID
MTB8870	6	SCHEMEID
MTB8881	6	SCHEMEID
MTB8907	6	SCHEMEID
MTB8917	6	SCHEMEID
MTB8954	6	SCHEMEID
MTB8967	6	SCHEMEID
MTB8978	6	SCHEMEID
MTB8984	6	SCHEMEID
MTB8995	6	SCHEMEID
MTB9042	6	SCHEMEID
MTB9043	6	SCHEMEID
MTB9044	6	SCHEMEID
MTB9055	6	SCHEMEID
MTB9067	6	SCHEMEID
MTB9153	6	SCHEMEID
MTB9175	6	SCHEMEID
MTB9186	6	SCHEMEID
MTB9193	6	SCHEMEID
MTB9202	6	SCHEMEID
MTB9265	6	SCHEMEID
MTB9266	6	SCHEMEID
MTB9289	6	SCHEMEID
MTB9324	6	SCHEMEID
MTB9332	6	SCHEMEID
MTB9356	6	SCHEMEID
MTB9368	6	SCHEMEID
MTB9425	6	SCHEMEID
MTB9506	6	SCHEMEID
MTB9558	6	SCHEMEID
MTB9603	6	SCHEMEID
MTB9604	6	SCHEMEID
MTB9640	6	SCHEMEID
MTB9658	6	SCHEMEID
MTB9708	6	SCHEMEID
MTB9733	6	SCHEMEID
MTB9789	6	SCHEMEID
MTB9790	6	SCHEMEID
MTB9801	6	SCHEMEID
MTB9805	6	SCHEMEID
MTB9829	6	SCHEMEID
MTB9834	6	SCHEMEID
MTB9858	6	SCHEMEID
MTB9921	6	SCHEMEID
MTB9956	6	SCHEMEID
MTB9965	6	SCHEMEID
MTB9968	6	SCHEMEID
MTB9978	6	SCHEMEID
MTB9980	6	SCHEMEID
MTB9983	6	SCHEMEID
MTB10033	6	SCHEMEID
MTB10061	6	SCHEMEID
MTB10084	6	SCHEMEID
MTB10113	6	SCHEMEID
MTB10143	6	SCHEMEID
MTB10164	6	SCHEMEID
MTB10177	6	SCHEMEID
MTB10180	6	SCHEMEID
MTB10201	6	SCHEMEID
MTB10202	6	SCHEMEID
MTB10226	6	SCHEMEID
MTB10236	6	SCHEMEID
MTB10266	6	SCHEMEID
MTB10274	6	SCHEMEID
MTB10285	6	SCHEMEID
MTB10332	6	SCHEMEID
MTB10387	6	SCHEMEID
MTB10395	6	SCHEMEID
MTB10419	6	SCHEMEID
MTB10594	6	SCHEMEID
MTB10623	6	SCHEMEID
MTB10631	6	SCHEMEID
MTB10636	6	SCHEMEID
MTB10687	6	SCHEMEID
MTB10688	6	SCHEMEID
MTB10698	6	SCHEMEID
MTB10701	6	SCHEMEID
MTB10708	6	SCHEMEID
MTB10717	6	SCHEMEID
MTB10825	6	SCHEMEID
MTB10834	6	SCHEMEID
MTB10847	6	SCHEMEID
MTB10848	6	SCHEMEID
MTB10849	6	SCHEMEID
MTB10871	6	SCHEMEID
MTB10872	6	SCHEMEID
MTB10912	6	SCHEMEID
MTB10932	6	SCHEMEID
MTB10942	6	SCHEMEID
MTB10963	6	SCHEMEID
MTB10983	6	SCHEMEID
MTB11025	6	SCHEMEID
MTB11045	6	SCHEMEID
MTB11051	6	SCHEMEID
MTB11068	6	SCHEMEID
MTB11092	6	SCHEMEID
MTB11093	6	SCHEMEID
MTB11140	6	SCHEMEID
MTB11156	6	SCHEMEID
MTB11184	6	SCHEMEID
MTB11255	6	SCHEMEID
MTB11260	6	SCHEMEID
MTB11261	6	SCHEMEID
MTB11262	6	SCHEMEID
MTB11263	6	SCHEMEID
MTB11287	6	SCHEMEID
MTB11363	6	SCHEMEID
MTB11369	6	SCHEMEID
MTB11415	6	SCHEMEID
MTB11449	6	SCHEMEID
MTB11468	6	SCHEMEID
MTB11470	6	SCHEMEID
MTB11471	6	SCHEMEID
MTB11483	6	SCHEMEID
MTB11502	6	SCHEMEID
MTB11505	6	SCHEMEID
MTB11567	6	SCHEMEID
MTB11580	6	SCHEMEID
MTB11659	6	SCHEMEID
MTB11724	6	SCHEMEID
MTB11756	6	SCHEMEID
MTB11761	6	SCHEMEID
MTB11777	6	SCHEMEID
MTB11778	6	SCHEMEID
MTB11780	6	SCHEMEID
MTB11828	6	SCHEMEID
MTB11876	6	SCHEMEID
MTB11882	6	SCHEMEID
MTB11884	6	SCHEMEID
MTB11900	6	SCHEMEID
MTB11922	6	SCHEMEID
MTB11926	6	SCHEMEID
MTB11957	6	SCHEMEID
MTB11972	6	SCHEMEID
MTB11989	6	SCHEMEID
MTB11992	6	SCHEMEID
MTB11995	6	SCHEMEID
MTB12091	6	SCHEMEID
MTB12151	6	SCHEMEID
MTB12262	6	SCHEMEID
MTB12309	6	SCHEMEID
MTB12310	6	SCHEMEID
MTB12312	6	SCHEMEID
MTB12337	6	SCHEMEID
MTB12347	6	SCHEMEID
MTB12352	6	SCHEMEID
MTB12356	6	SCHEMEID
MTB12357	6	SCHEMEID
MTB12358	6	SCHEMEID
MTB12361	6	SCHEMEID
MTB12363	6	SCHEMEID
MTB12388	6	SCHEMEID
MTB12411	6	SCHEMEID
MTB12420	6	SCHEMEID
MTB12447	6	SCHEMEID
MTB12448	6	SCHEMEID
MTB12449	6	SCHEMEID
MTB12452	6	SCHEMEID
MTB12456	6	SCHEMEID
MTB12462	6	SCHEMEID
MTB12482	6	SCHEMEID
MTB12525	6	SCHEMEID
MTB12543	6	SCHEMEID
MTB12544	6	SCHEMEID
MTB12546	6	SCHEMEID
MTB12581	6	SCHEMEID
MTB12583	6	SCHEMEID
MTB12585	6	SCHEMEID
MTB12678	6	SCHEMEID
MTB12681	6	SCHEMEID
MTB12682	6	SCHEMEID
MTB12687	6	SCHEMEID
MTB12688	6	SCHEMEID
MTB12689	6	SCHEMEID
MTB12691	6	SCHEMEID
MTB12695	6	SCHEMEID
MTB12701	6	SCHEMEID
MTB12709	6	SCHEMEID
MTB12725	6	SCHEMEID
MTB12802	6	SCHEMEID
MTB12841	6	SCHEMEID
MTB12849	6	SCHEMEID
MTB12850	6	SCHEMEID
MTB12858	6	SCHEMEID
MTB12889	6	SCHEMEID
MTB12890	6	SCHEMEID
MTB12916	6	SCHEMEID
MTB12933	6	SCHEMEID
MTB12956	6	SCHEMEID
MTB12959	6	SCHEMEID
MTB12965	6	SCHEMEID
MTB12976	6	SCHEMEID
MTB13098	6	SCHEMEID
MTB13154	6	SCHEMEID
MTB13155	6	SCHEMEID
MTB13157	6	SCHEMEID
MTB13227	6	SCHEMEID
MTB13255	6	SCHEMEID
MTB13284	6	SCHEMEID
MTB13297	6	SCHEMEID
MTB13334	6	SCHEMEID
MTB13391	6	SCHEMEID
MTB13435	6	SCHEMEID
MTB13442	6	SCHEMEID
MTB13480	6	SCHEMEID
MTB13531	6	SCHEMEID
MTB13665	6	SCHEMEID
MTB13676	6	SCHEMEID
MTB13717	6	SCHEMEID
MTB13740	6	SCHEMEID
MTB13741	6	SCHEMEID
MTB13786	6	SCHEMEID
MTB13787	6	SCHEMEID
MTB13809	6	SCHEMEID
MTB13841	6	SCHEMEID
MTB13930	6	SCHEMEID
MTB14087	6	SCHEMEID
MTB14147	6	SCHEMEID
MTB14206	6	SCHEMEID
MTB14209	6	SCHEMEID
MTB14222	6	SCHEMEID
MTB14261	6	SCHEMEID
MTB14262	6	SCHEMEID
MTB14274	6	SCHEMEID
MTB14275	6	SCHEMEID
MTB14295	6	SCHEMEID
MTB14304	6	SCHEMEID
MTB14316	6	SCHEMEID
MTB14332	6	SCHEMEID
MTB14333	6	SCHEMEID
MTB14401	6	SCHEMEID
MTB14493	6	SCHEMEID
MTB14535	6	SCHEMEID
MTB14607	6	SCHEMEID
MTB14642	6	SCHEMEID
MTB14653	6	SCHEMEID
MTB14734	6	SCHEMEID
MTB14735	6	SCHEMEID
MTB14741	6	SCHEMEID
MTB14757	6	SCHEMEID
MTB14779	6	SCHEMEID
MTB14888	6	SCHEMEID
MTB14915	6	SCHEMEID
MTB14949	6	SCHEMEID
MTB14964	6	SCHEMEID
MTB14985	6	SCHEMEID
MTB15019	6	SCHEMEID
MTB15021	6	SCHEMEID
MTB15037	6	SCHEMEID
MTB15038	6	SCHEMEID
MTB15060	6	SCHEMEID
MTB15103	6	SCHEMEID
MTB15109	6	SCHEMEID
MTB15126	6	SCHEMEID
MTB15133	6	SCHEMEID
MTB15205	6	SCHEMEID
MTB15307	6	SCHEMEID
MTB15343	6	SCHEMEID
MTB15413	6	SCHEMEID
MTB15452	6	SCHEMEID
MTB15456	6	SCHEMEID
MTB15462	6	SCHEMEID
MTB15514	6	SCHEMEID
MTB15515	6	SCHEMEID
MTB15522	6	SCHEMEID
MTB15525	6	SCHEMEID
MTB15540	6	SCHEMEID
MTB15561	6	SCHEMEID
MTB15562	6	SCHEMEID
MTB15563	6	SCHEMEID
MTB15564	6	SCHEMEID
MTB15616	6	SCHEMEID
MTB15617	6	SCHEMEID
MTB15704	6	SCHEMEID
MTB15716	6	SCHEMEID
MTB15717	6	SCHEMEID
MTB15718	6	SCHEMEID
MTB15721	6	SCHEMEID
MTB15733	6	SCHEMEID
MTB15746	6	SCHEMEID
MTB15765	6	SCHEMEID
MTB15774	6	SCHEMEID
MTB15791	6	SCHEMEID
MTB15810	6	SCHEMEID
MTB15832	6	SCHEMEID
MTB15839	6	SCHEMEID
MTB15840	6	SCHEMEID
MTB15841	6	SCHEMEID
MTB15842	6	SCHEMEID
MTB15843	6	SCHEMEID
MTB15844	6	SCHEMEID
MTB15847	6	SCHEMEID
MTB15848	6	SCHEMEID
MTB15952	6	SCHEMEID
MTB15978	6	SCHEMEID
MTB15981	6	SCHEMEID
MTB16019	6	SCHEMEID
MTB16039	6	SCHEMEID
MTB16058	6	SCHEMEID
MTB16075	6	SCHEMEID
MTB16085	6	SCHEMEID
MTB16094	6	SCHEMEID
MTB16120	6	SCHEMEID
MTB16122	6	SCHEMEID
MTB16123	6	SCHEMEID
MTB16129	6	SCHEMEID
MTB16178	6	SCHEMEID
MTB16185	6	SCHEMEID
MTB16189	6	SCHEMEID
MTB16197	6	SCHEMEID
MTB16198	6	SCHEMEID
MTB16222	6	SCHEMEID
MTB16223	6	SCHEMEID
MTB16237	6	SCHEMEID
MTB16265	6	SCHEMEID
MTB16282	6	SCHEMEID
MTB16403	6	SCHEMEID
MTB16431	6	SCHEMEID
MTB16445	6	SCHEMEID
MTB16448	6	SCHEMEID
MTB16458	6	SCHEMEID
MTB16460	6	SCHEMEID
MTB16470	6	SCHEMEID
MTB16477	6	SCHEMEID
MTB16498	6	SCHEMEID
MTB16538	6	SCHEMEID
MTB16569	6	SCHEMEID
MTB16578	6	SCHEMEID
MTB16620	6	SCHEMEID
MTB16639	6	SCHEMEID
MTB16642	6	SCHEMEID
MTB16648	6	SCHEMEID
MTB16651	6	SCHEMEID
MTB16653	6	SCHEMEID
MTB16683	6	SCHEMEID
MTB16684	6	SCHEMEID
MTB16685	6	SCHEMEID
MTB16686	6	SCHEMEID
MTB16690	6	SCHEMEID
MTB16702	6	SCHEMEID
MTB16708	6	SCHEMEID
MTB16709	6	SCHEMEID
MTB16710	6	SCHEMEID
MTB16711	6	SCHEMEID
MTB16712	6	SCHEMEID
MTB16713	6	SCHEMEID
MTB16714	6	SCHEMEID
MTB16715	6	SCHEMEID
MTB16716	6	SCHEMEID
MTB16717	6	SCHEMEID
MTB16718	6	SCHEMEID
MTB16895	6	SCHEMEID
MTB16917	6	SCHEMEID
MTB16948	6	SCHEMEID
MTB17006	6	SCHEMEID
MTB17062	6	SCHEMEID
MTB17230	6	SCHEMEID
MTB17296	6	SCHEMEID
MTB17358	6	SCHEMEID
MTB17407	6	SCHEMEID
MTB17411	6	SCHEMEID
MTB17415	6	SCHEMEID
MTB17426	6	SCHEMEID
MTB17434	6	SCHEMEID
MTB17436	6	SCHEMEID
MTB17459	6	SCHEMEID
MTB17476	6	SCHEMEID
MTB17483	6	SCHEMEID
MTB17487	6	SCHEMEID
MTB17505	6	SCHEMEID
MTB17513	6	SCHEMEID
MTB17571	6	SCHEMEID
MTB17585	6	SCHEMEID
MTB17595	6	SCHEMEID
MTB17612	6	SCHEMEID
MTB17649	6	SCHEMEID
MTB17651	6	SCHEMEID
MTB17660	6	SCHEMEID
MTB17724	6	SCHEMEID
MTB14	5	SCHEMEID
MTB41	5	SCHEMEID
MTB46	5	SCHEMEID
MTB94	5	SCHEMEID
MTB103	5	SCHEMEID
MTB114	5	SCHEMEID
MTB129	5	SCHEMEID
MTB136	5	SCHEMEID
MTB201	5	SCHEMEID
MTB204	5	SCHEMEID
MTB307	5	SCHEMEID
MTB324	5	SCHEMEID
MTB347	5	SCHEMEID
MTB367	5	SCHEMEID
MTB370	5	SCHEMEID
MTB377	5	SCHEMEID
MTB389	5	SCHEMEID
MTB399	5	SCHEMEID
MTB403	5	SCHEMEID
MTB407	5	SCHEMEID
MTB416	5	SCHEMEID
MTB419	5	SCHEMEID
MTB470	5	SCHEMEID
MTB482	5	SCHEMEID
MTB497	5	SCHEMEID
MTB519	5	SCHEMEID
MTB528	5	SCHEMEID
MTB537	5	SCHEMEID
MTB549	5	SCHEMEID
MTB572	5	SCHEMEID
MTB580	5	SCHEMEID
MTB583	5	SCHEMEID
MTB589	5	SCHEMEID
MTB593	5	SCHEMEID
MTB594	5	SCHEMEID
MTB600	5	SCHEMEID
MTB644	5	SCHEMEID
MTB651	5	SCHEMEID
MTB657	5	SCHEMEID
MTB672	5	SCHEMEID
MTB680	5	SCHEMEID
MTB731	5	SCHEMEID
MTB732	5	SCHEMEID
MTB760	5	SCHEMEID
MTB763	5	SCHEMEID
MTB781	5	SCHEMEID
MTB830	5	SCHEMEID
MTB838	5	SCHEMEID
MTB858	5	SCHEMEID
MTB876	5	SCHEMEID
MTB878	5	SCHEMEID
MTB900	5	SCHEMEID
MTB938	5	SCHEMEID
MTB944	5	SCHEMEID
MTB947	5	SCHEMEID
MTB1031	5	SCHEMEID
MTB1048	5	SCHEMEID
MTB1073	5	SCHEMEID
MTB1075	5	SCHEMEID
MTB1097	5	SCHEMEID
MTB1109	5	SCHEMEID
MTB1120	5	SCHEMEID
MTB1128	5	SCHEMEID
MTB1142	5	SCHEMEID
MTB1147	5	SCHEMEID
MTB1148	5	SCHEMEID
MTB1150	5	SCHEMEID
MTB1155	5	SCHEMEID
MTB1187	5	SCHEMEID
MTB1217	5	SCHEMEID
MTB1230	5	SCHEMEID
MTB1235	5	SCHEMEID
MTB1244	5	SCHEMEID
MTB1267	5	SCHEMEID
MTB1298	5	SCHEMEID
MTB1312	5	SCHEMEID
MTB1318	5	SCHEMEID
MTB1319	5	SCHEMEID
MTB1330	5	SCHEMEID
MTB1343	5	SCHEMEID
MTB1348	5	SCHEMEID
MTB1363	5	SCHEMEID
MTB1397	5	SCHEMEID
MTB1404	5	SCHEMEID
MTB1440	5	SCHEMEID
MTB1444	5	SCHEMEID
MTB1453	5	SCHEMEID
MTB1465	5	SCHEMEID
MTB1472	5	SCHEMEID
MTB1482	5	SCHEMEID
MTB1492	5	SCHEMEID
MTB1506	5	SCHEMEID
MTB1519	5	SCHEMEID
MTB1526	5	SCHEMEID
MTB1528	5	SCHEMEID
MTB1557	5	SCHEMEID
MTB1577	5	SCHEMEID
MTB1594	5	SCHEMEID
MTB1597	5	SCHEMEID
MTB1618	5	SCHEMEID
MTB1658	5	SCHEMEID
MTB1664	5	SCHEMEID
MTB1692	5	SCHEMEID
MTB1706	5	SCHEMEID
MTB1716	5	SCHEMEID
MTB1732	5	SCHEMEID
MTB1753	5	SCHEMEID
MTB1759	5	SCHEMEID
MTB1767	5	SCHEMEID
MTB1858	5	SCHEMEID
MTB1859	5	SCHEMEID
MTB1912	5	SCHEMEID
MTB1930	5	SCHEMEID
MTB1988	5	SCHEMEID
MTB2028	5	SCHEMEID
MTB2039	5	SCHEMEID
MTB2050	5	SCHEMEID
MTB2056	5	SCHEMEID
MTB2078	5	SCHEMEID
MTB2079	5	SCHEMEID
MTB2091	5	SCHEMEID
MTB2092	5	SCHEMEID
MTB2165	5	SCHEMEID
MTB2179	5	SCHEMEID
MTB2202	5	SCHEMEID
MTB2240	5	SCHEMEID
MTB2263	5	SCHEMEID
MTB2264	5	SCHEMEID
MTB2265	5	SCHEMEID
MTB2273	5	SCHEMEID
MTB2275	5	SCHEMEID
MTB2289	5	SCHEMEID
MTB2324	5	SCHEMEID
MTB2331	5	SCHEMEID
MTB2356	5	SCHEMEID
MTB2357	5	SCHEMEID
MTB2372	5	SCHEMEID
MTB2388	5	SCHEMEID
MTB2466	5	SCHEMEID
MTB2515	5	SCHEMEID
MTB2516	5	SCHEMEID
MTB2527	5	SCHEMEID
MTB2530	5	SCHEMEID
MTB2539	5	SCHEMEID
MTB2552	5	SCHEMEID
MTB2607	5	SCHEMEID
MTB2625	5	SCHEMEID
MTB2628	5	SCHEMEID
MTB2660	5	SCHEMEID
MTB2662	5	SCHEMEID
MTB2663	5	SCHEMEID
MTB2664	5	SCHEMEID
MTB2669	5	SCHEMEID
MTB2671	5	SCHEMEID
MTB2683	5	SCHEMEID
MTB2699	5	SCHEMEID
MTB2701	5	SCHEMEID
MTB2802	5	SCHEMEID
MTB2832	5	SCHEMEID
MTB2896	5	SCHEMEID
MTB2920	5	SCHEMEID
MTB2930	5	SCHEMEID
MTB2940	5	SCHEMEID
MTB2961	5	SCHEMEID
MTB2969	5	SCHEMEID
MTB2973	5	SCHEMEID
MTB2975	5	SCHEMEID
MTB3022	5	SCHEMEID
MTB3031	5	SCHEMEID
MTB3045	5	SCHEMEID
MTB3095	5	SCHEMEID
MTB3122	5	SCHEMEID
MTB3156	5	SCHEMEID
MTB3195	5	SCHEMEID
MTB3213	5	SCHEMEID
MTB3218	5	SCHEMEID
MTB3227	5	SCHEMEID
MTB3246	5	SCHEMEID
MTB3262	5	SCHEMEID
MTB3301	5	SCHEMEID
MTB3316	5	SCHEMEID
MTB3338	5	SCHEMEID
MTB3355	5	SCHEMEID
MTB3364	5	SCHEMEID
MTB3383	5	SCHEMEID
MTB3387	5	SCHEMEID
MTB3441	5	SCHEMEID
MTB3452	5	SCHEMEID
MTB3507	5	SCHEMEID
MTB3538	5	SCHEMEID
MTB3548	5	SCHEMEID
MTB3572	5	SCHEMEID
MTB3574	5	SCHEMEID
MTB3577	5	SCHEMEID
MTB3579	5	SCHEMEID
MTB3583	5	SCHEMEID
MTB3625	5	SCHEMEID
MTB3687	5	SCHEMEID
MTB3701	5	SCHEMEID
MTB3709	5	SCHEMEID
MTB3712	5	SCHEMEID
MTB3722	5	SCHEMEID
MTB3728	5	SCHEMEID
MTB3730	5	SCHEMEID
MTB3766	5	SCHEMEID
MTB3782	5	SCHEMEID
MTB3783	5	SCHEMEID
MTB3809	5	SCHEMEID
MTB3810	5	SCHEMEID
MTB3811	5	SCHEMEID
MTB3857	5	SCHEMEID
MTB3859	5	SCHEMEID
MTB3863	5	SCHEMEID
MTB3877	5	SCHEMEID
MTB3900	5	SCHEMEID
MTB3936	5	SCHEMEID
MTB3968	5	SCHEMEID
MTB4025	5	SCHEMEID
MTB4033	5	SCHEMEID
MTB4059	5	SCHEMEID
MTB4069	5	SCHEMEID
MTB4073	5	SCHEMEID
MTB4075	5	SCHEMEID
MTB4078	5	SCHEMEID
MTB4098	5	SCHEMEID
MTB4108	5	SCHEMEID
MTB4112	5	SCHEMEID
MTB4129	5	SCHEMEID
MTB4156	5	SCHEMEID
MTB4166	5	SCHEMEID
MTB4189	5	SCHEMEID
MTB4193	5	SCHEMEID
MTB4195	5	SCHEMEID
MTB4199	5	SCHEMEID
MTB4284	5	SCHEMEID
MTB4301	5	SCHEMEID
MTB4304	5	SCHEMEID
MTB4305	5	SCHEMEID
MTB4310	5	SCHEMEID
MTB4331	5	SCHEMEID
MTB4334	5	SCHEMEID
MTB4348	5	SCHEMEID
MTB4351	5	SCHEMEID
MTB4375	5	SCHEMEID
MTB4397	5	SCHEMEID
MTB4417	5	SCHEMEID
MTB4449	5	SCHEMEID
MTB4466	5	SCHEMEID
MTB4467	5	SCHEMEID
MTB4499	5	SCHEMEID
MTB4533	5	SCHEMEID
MTB4615	5	SCHEMEID
MTB4645	5	SCHEMEID
MTB4690	5	SCHEMEID
MTB4692	5	SCHEMEID
MTB4693	5	SCHEMEID
MTB4718	5	SCHEMEID
MTB4725	5	SCHEMEID
MTB4739	5	SCHEMEID
MTB4740	5	SCHEMEID
MTB4761	5	SCHEMEID
MTB4775	5	SCHEMEID
MTB4819	5	SCHEMEID
MTB4832	5	SCHEMEID
MTB4892	5	SCHEMEID
MTB4894	5	SCHEMEID
MTB4920	5	SCHEMEID
MTB4956	5	SCHEMEID
MTB4997	5	SCHEMEID
MTB5021	5	SCHEMEID
MTB5023	5	SCHEMEID
MTB5087	5	SCHEMEID
MTB5168	5	SCHEMEID
MTB5182	5	SCHEMEID
MTB5232	5	SCHEMEID
MTB5244	5	SCHEMEID
MTB5260	5	SCHEMEID
MTB5263	5	SCHEMEID
MTB5293	5	SCHEMEID
MTB5300	5	SCHEMEID
MTB5305	5	SCHEMEID
MTB5335	5	SCHEMEID
MTB5338	5	SCHEMEID
MTB5340	5	SCHEMEID
MTB5348	5	SCHEMEID
MTB5353	5	SCHEMEID
MTB5379	5	SCHEMEID
MTB5415	5	SCHEMEID
MTB5498	5	SCHEMEID
MTB5502	5	SCHEMEID
MTB5518	5	SCHEMEID
MTB5547	5	SCHEMEID
MTB5549	5	SCHEMEID
MTB5593	5	SCHEMEID
MTB5596	5	SCHEMEID
MTB5658	5	SCHEMEID
MTB5700	5	SCHEMEID
MTB5712	5	SCHEMEID
MTB5716	5	SCHEMEID
MTB5717	5	SCHEMEID
MTB5732	5	SCHEMEID
MTB5745	5	SCHEMEID
MTB5756	5	SCHEMEID
MTB5765	5	SCHEMEID
MTB5801	5	SCHEMEID
MTB5803	5	SCHEMEID
MTB5818	5	SCHEMEID
MTB5839	5	SCHEMEID
MTB5842	5	SCHEMEID
MTB5861	5	SCHEMEID
MTB5887	5	SCHEMEID
MTB5896	5	SCHEMEID
MTB5910	5	SCHEMEID
MTB5922	5	SCHEMEID
MTB5924	5	SCHEMEID
MTB5940	5	SCHEMEID
MTB5950	5	SCHEMEID
MTB6030	5	SCHEMEID
MTB6055	5	SCHEMEID
MTB6080	5	SCHEMEID
MTB6112	5	SCHEMEID
MTB6146	5	SCHEMEID
MTB6165	5	SCHEMEID
MTB6189	5	SCHEMEID
MTB6194	5	SCHEMEID
MTB6195	5	SCHEMEID
MTB6203	5	SCHEMEID
MTB6204	5	SCHEMEID
MTB6206	5	SCHEMEID
MTB6229	5	SCHEMEID
MTB6277	5	SCHEMEID
MTB6296	5	SCHEMEID
MTB6308	5	SCHEMEID
MTB6317	5	SCHEMEID
MTB6333	5	SCHEMEID
MTB6346	5	SCHEMEID
MTB6349	5	SCHEMEID
MTB6426	5	SCHEMEID
MTB6452	5	SCHEMEID
MTB6455	5	SCHEMEID
MTB6459	5	SCHEMEID
MTB6498	5	SCHEMEID
MTB6528	5	SCHEMEID
MTB6530	5	SCHEMEID
MTB6617	5	SCHEMEID
MTB6618	5	SCHEMEID
MTB6627	5	SCHEMEID
MTB6654	5	SCHEMEID
MTB6655	5	SCHEMEID
MTB6656	5	SCHEMEID
MTB6658	5	SCHEMEID
MTB6660	5	SCHEMEID
MTB6662	5	SCHEMEID
MTB6664	5	SCHEMEID
MTB6665	5	SCHEMEID
MTB6667	5	SCHEMEID
MTB6672	5	SCHEMEID
MTB6675	5	SCHEMEID
MTB6705	5	SCHEMEID
MTB6786	5	SCHEMEID
MTB6802	5	SCHEMEID
MTB6812	5	SCHEMEID
MTB6817	5	SCHEMEID
MTB6872	5	SCHEMEID
MTB6908	5	SCHEMEID
MTB6913	5	SCHEMEID
MTB6922	5	SCHEMEID
MTB6929	5	SCHEMEID
MTB6941	5	SCHEMEID
MTB6979	5	SCHEMEID
MTB6981	5	SCHEMEID
MTB6992	5	SCHEMEID
MTB7007	5	SCHEMEID
MTB7032	5	SCHEMEID
MTB7077	5	SCHEMEID
MTB7079	5	SCHEMEID
MTB7080	5	SCHEMEID
MTB7081	5	SCHEMEID
MTB7082	5	SCHEMEID
MTB7083	5	SCHEMEID
MTB7116	5	SCHEMEID
MTB7129	5	SCHEMEID
MTB7130	5	SCHEMEID
MTB7131	5	SCHEMEID
MTB7142	5	SCHEMEID
MTB7145	5	SCHEMEID
MTB7147	5	SCHEMEID
MTB7198	5	SCHEMEID
MTB7207	5	SCHEMEID
MTB7211	5	SCHEMEID
MTB7265	5	SCHEMEID
MTB7267	5	SCHEMEID
MTB7274	5	SCHEMEID
MTB7275	5	SCHEMEID
MTB7304	5	SCHEMEID
MTB7308	5	SCHEMEID
MTB7320	5	SCHEMEID
MTB7356	5	SCHEMEID
MTB7409	5	SCHEMEID
MTB7420	5	SCHEMEID
MTB7421	5	SCHEMEID
MTB7422	5	SCHEMEID
MTB7435	5	SCHEMEID
MTB7444	5	SCHEMEID
MTB7452	5	SCHEMEID
MTB7465	5	SCHEMEID
MTB7474	5	SCHEMEID
MTB7486	5	SCHEMEID
MTB7565	5	SCHEMEID
MTB7574	5	SCHEMEID
MTB7580	5	SCHEMEID
MTB7585	5	SCHEMEID
MTB7608	5	SCHEMEID
MTB7634	5	SCHEMEID
MTB7668	5	SCHEMEID
MTB7691	5	SCHEMEID
MTB7697	5	SCHEMEID
MTB7769	5	SCHEMEID
MTB7810	5	SCHEMEID
MTB7834	5	SCHEMEID
MTB7840	5	SCHEMEID
MTB7860	5	SCHEMEID
MTB7868	5	SCHEMEID
MTB7871	5	SCHEMEID
MTB7888	5	SCHEMEID
MTB7923	5	SCHEMEID
MTB7968	5	SCHEMEID
MTB7999	5	SCHEMEID
MTB8078	5	SCHEMEID
MTB8087	5	SCHEMEID
MTB8088	5	SCHEMEID
MTB8089	5	SCHEMEID
MTB8090	5	SCHEMEID
MTB8092	5	SCHEMEID
MTB8108	5	SCHEMEID
MTB8136	5	SCHEMEID
MTB8138	5	SCHEMEID
MTB8247	5	SCHEMEID
MTB8253	5	SCHEMEID
MTB8324	5	SCHEMEID
MTB8342	5	SCHEMEID
MTB8355	5	SCHEMEID
MTB8375	5	SCHEMEID
MTB8376	5	SCHEMEID
MTB8389	5	SCHEMEID
MTB8391	5	SCHEMEID
MTB8406	5	SCHEMEID
MTB8466	5	SCHEMEID
MTB8502	5	SCHEMEID
MTB8520	5	SCHEMEID
MTB8521	5	SCHEMEID
MTB8541	5	SCHEMEID
MTB8550	5	SCHEMEID
MTB8569	5	SCHEMEID
MTB8630	5	SCHEMEID
MTB8641	5	SCHEMEID
MTB8705	5	SCHEMEID
MTB8706	5	SCHEMEID
MTB8722	5	SCHEMEID
MTB8768	5	SCHEMEID
MTB8841	5	SCHEMEID
MTB8868	5	SCHEMEID
MTB8887	5	SCHEMEID
MTB8897	5	SCHEMEID
MTB8908	5	SCHEMEID
MTB8911	5	SCHEMEID
MTB8935	5	SCHEMEID
MTB8936	5	SCHEMEID
MTB8959	5	SCHEMEID
MTB8976	5	SCHEMEID
MTB8977	5	SCHEMEID
MTB9023	5	SCHEMEID
MTB9031	5	SCHEMEID
MTB9072	5	SCHEMEID
MTB9121	5	SCHEMEID
MTB9133	5	SCHEMEID
MTB9138	5	SCHEMEID
MTB9145	5	SCHEMEID
MTB9146	5	SCHEMEID
MTB9155	5	SCHEMEID
MTB9167	5	SCHEMEID
MTB9194	5	SCHEMEID
MTB9224	5	SCHEMEID
MTB9243	5	SCHEMEID
MTB9269	5	SCHEMEID
MTB9358	5	SCHEMEID
MTB9359	5	SCHEMEID
MTB9399	5	SCHEMEID
MTB9421	5	SCHEMEID
MTB9432	5	SCHEMEID
MTB9454	5	SCHEMEID
MTB9478	5	SCHEMEID
MTB9480	5	SCHEMEID
MTB9483	5	SCHEMEID
MTB9488	5	SCHEMEID
MTB9615	5	SCHEMEID
MTB9631	5	SCHEMEID
MTB9641	5	SCHEMEID
MTB9654	5	SCHEMEID
MTB9657	5	SCHEMEID
MTB9672	5	SCHEMEID
MTB9731	5	SCHEMEID
MTB9750	5	SCHEMEID
MTB9753	5	SCHEMEID
MTB9754	5	SCHEMEID
MTB9780	5	SCHEMEID
MTB9787	5	SCHEMEID
MTB9828	5	SCHEMEID
MTB9837	5	SCHEMEID
MTB9838	5	SCHEMEID
MTB9839	5	SCHEMEID
MTB9865	5	SCHEMEID
MTB9892	5	SCHEMEID
MTB9893	5	SCHEMEID
MTB9900	5	SCHEMEID
MTB9927	5	SCHEMEID
MTB9928	5	SCHEMEID
MTB9934	5	SCHEMEID
MTB9946	5	SCHEMEID
MTB9955	5	SCHEMEID
MTB9957	5	SCHEMEID
MTB9975	5	SCHEMEID
MTB9979	5	SCHEMEID
MTB10026	5	SCHEMEID
MTB10059	5	SCHEMEID
MTB10060	5	SCHEMEID
MTB10129	5	SCHEMEID
MTB10130	5	SCHEMEID
MTB10131	5	SCHEMEID
MTB10132	5	SCHEMEID
MTB10186	5	SCHEMEID
MTB10204	5	SCHEMEID
MTB10207	5	SCHEMEID
MTB10219	5	SCHEMEID
MTB10242	5	SCHEMEID
MTB10246	5	SCHEMEID
MTB10271	5	SCHEMEID
MTB10316	5	SCHEMEID
MTB10358	5	SCHEMEID
MTB10375	5	SCHEMEID
MTB10427	5	SCHEMEID
MTB10431	5	SCHEMEID
MTB10437	5	SCHEMEID
MTB10454	5	SCHEMEID
MTB10474	5	SCHEMEID
MTB10475	5	SCHEMEID
MTB10476	5	SCHEMEID
MTB10477	5	SCHEMEID
MTB10478	5	SCHEMEID
MTB10481	5	SCHEMEID
MTB10504	5	SCHEMEID
MTB10515	5	SCHEMEID
MTB10518	5	SCHEMEID
MTB10590	5	SCHEMEID
MTB10595	5	SCHEMEID
MTB10641	5	SCHEMEID
MTB10657	5	SCHEMEID
MTB10667	5	SCHEMEID
MTB10676	5	SCHEMEID
MTB10677	5	SCHEMEID
MTB10767	5	SCHEMEID
MTB10773	5	SCHEMEID
MTB10797	5	SCHEMEID
MTB10799	5	SCHEMEID
MTB10800	5	SCHEMEID
MTB10802	5	SCHEMEID
MTB10803	5	SCHEMEID
MTB10804	5	SCHEMEID
MTB10805	5	SCHEMEID
MTB10835	5	SCHEMEID
MTB10852	5	SCHEMEID
MTB10897	5	SCHEMEID
MTB10899	5	SCHEMEID
MTB10907	5	SCHEMEID
MTB10913	5	SCHEMEID
MTB10915	5	SCHEMEID
MTB10969	5	SCHEMEID
MTB10986	5	SCHEMEID
MTB10991	5	SCHEMEID
MTB10992	5	SCHEMEID
MTB11015	5	SCHEMEID
MTB11018	5	SCHEMEID
MTB11047	5	SCHEMEID
MTB11048	5	SCHEMEID
MTB11057	5	SCHEMEID
MTB11060	5	SCHEMEID
MTB11069	5	SCHEMEID
MTB11070	5	SCHEMEID
MTB11073	5	SCHEMEID
MTB11122	5	SCHEMEID
MTB11125	5	SCHEMEID
MTB11142	5	SCHEMEID
MTB11166	5	SCHEMEID
MTB11205	5	SCHEMEID
MTB11212	5	SCHEMEID
MTB11248	5	SCHEMEID
MTB11264	5	SCHEMEID
MTB11278	5	SCHEMEID
MTB11301	5	SCHEMEID
MTB11335	5	SCHEMEID
MTB11371	5	SCHEMEID
MTB11373	5	SCHEMEID
MTB11402	5	SCHEMEID
MTB11403	5	SCHEMEID
MTB11404	5	SCHEMEID
MTB11405	5	SCHEMEID
MTB11406	5	SCHEMEID
MTB11407	5	SCHEMEID
MTB11411	5	SCHEMEID
MTB11426	5	SCHEMEID
MTB11441	5	SCHEMEID
MTB11445	5	SCHEMEID
MTB11462	5	SCHEMEID
MTB11464	5	SCHEMEID
MTB11467	5	SCHEMEID
MTB11469	5	SCHEMEID
MTB11480	5	SCHEMEID
MTB11484	5	SCHEMEID
MTB11497	5	SCHEMEID
MTB11501	5	SCHEMEID
MTB11514	5	SCHEMEID
MTB11517	5	SCHEMEID
MTB11528	5	SCHEMEID
MTB11613	5	SCHEMEID
MTB11617	5	SCHEMEID
MTB11618	5	SCHEMEID
MTB11619	5	SCHEMEID
MTB11620	5	SCHEMEID
MTB11623	5	SCHEMEID
MTB11641	5	SCHEMEID
MTB11642	5	SCHEMEID
MTB11651	5	SCHEMEID
MTB11656	5	SCHEMEID
MTB11657	5	SCHEMEID
MTB11676	5	SCHEMEID
MTB11693	5	SCHEMEID
MTB11703	5	SCHEMEID
MTB11716	5	SCHEMEID
MTB11763	5	SCHEMEID
MTB11776	5	SCHEMEID
MTB11779	5	SCHEMEID
MTB11781	5	SCHEMEID
MTB11806	5	SCHEMEID
MTB11819	5	SCHEMEID
MTB11824	5	SCHEMEID
MTB11860	5	SCHEMEID
MTB11862	5	SCHEMEID
MTB11870	5	SCHEMEID
MTB11897	5	SCHEMEID
MTB11947	5	SCHEMEID
MTB11950	5	SCHEMEID
MTB11955	5	SCHEMEID
MTB11958	5	SCHEMEID
MTB11964	5	SCHEMEID
MTB11971	5	SCHEMEID
MTB12007	5	SCHEMEID
MTB12008	5	SCHEMEID
MTB12020	5	SCHEMEID
MTB12102	5	SCHEMEID
MTB12142	5	SCHEMEID
MTB12154	5	SCHEMEID
MTB12166	5	SCHEMEID
MTB12179	5	SCHEMEID
MTB12245	5	SCHEMEID
MTB12246	5	SCHEMEID
MTB12247	5	SCHEMEID
MTB12251	5	SCHEMEID
MTB12268	5	SCHEMEID
MTB12271	5	SCHEMEID
MTB12272	5	SCHEMEID
MTB12273	5	SCHEMEID
MTB12274	5	SCHEMEID
MTB12275	5	SCHEMEID
MTB12300	5	SCHEMEID
MTB12301	5	SCHEMEID
MTB12302	5	SCHEMEID
MTB12327	5	SCHEMEID
MTB12333	5	SCHEMEID
MTB12336	5	SCHEMEID
MTB12359	5	SCHEMEID
MTB12424	5	SCHEMEID
MTB12446	5	SCHEMEID
MTB12451	5	SCHEMEID
MTB12459	5	SCHEMEID
MTB12484	5	SCHEMEID
MTB12487	5	SCHEMEID
MTB12489	5	SCHEMEID
MTB12538	5	SCHEMEID
MTB12574	5	SCHEMEID
MTB12575	5	SCHEMEID
MTB12586	5	SCHEMEID
MTB12650	5	SCHEMEID
MTB12657	5	SCHEMEID
MTB12660	5	SCHEMEID
MTB12680	5	SCHEMEID
MTB12683	5	SCHEMEID
MTB12694	5	SCHEMEID
MTB12712	5	SCHEMEID
MTB12721	5	SCHEMEID
MTB12786	5	SCHEMEID
MTB12836	5	SCHEMEID
MTB12848	5	SCHEMEID
MTB12865	5	SCHEMEID
MTB12871	5	SCHEMEID
MTB12872	5	SCHEMEID
MTB12879	5	SCHEMEID
MTB12954	5	SCHEMEID
MTB12978	5	SCHEMEID
MTB12982	5	SCHEMEID
MTB13002	5	SCHEMEID
MTB13006	5	SCHEMEID
MTB13020	5	SCHEMEID
MTB13037	5	SCHEMEID
MTB13062	5	SCHEMEID
MTB13087	5	SCHEMEID
MTB13171	5	SCHEMEID
MTB13230	5	SCHEMEID
MTB13242	5	SCHEMEID
MTB13273	5	SCHEMEID
MTB13292	5	SCHEMEID
MTB13337	5	SCHEMEID
MTB13421	5	SCHEMEID
MTB13423	5	SCHEMEID
MTB13432	5	SCHEMEID
MTB13454	5	SCHEMEID
MTB13463	5	SCHEMEID
MTB13472	5	SCHEMEID
MTB13523	5	SCHEMEID
MTB13545	5	SCHEMEID
MTB13571	5	SCHEMEID
MTB13586	5	SCHEMEID
MTB13604	5	SCHEMEID
MTB13625	5	SCHEMEID
MTB13626	5	SCHEMEID
MTB13680	5	SCHEMEID
MTB13723	5	SCHEMEID
MTB13727	5	SCHEMEID
MTB13728	5	SCHEMEID
MTB13771	5	SCHEMEID
MTB13780	5	SCHEMEID
MTB13793	5	SCHEMEID
MTB13806	5	SCHEMEID
MTB13813	5	SCHEMEID
MTB13832	5	SCHEMEID
MTB13833	5	SCHEMEID
MTB13836	5	SCHEMEID
MTB13878	5	SCHEMEID
MTB13880	5	SCHEMEID
MTB14024	5	SCHEMEID
MTB14038	5	SCHEMEID
MTB14039	5	SCHEMEID
MTB14050	5	SCHEMEID
MTB14068	5	SCHEMEID
MTB14069	5	SCHEMEID
MTB14070	5	SCHEMEID
MTB14071	5	SCHEMEID
MTB14086	5	SCHEMEID
MTB14143	5	SCHEMEID
MTB14148	5	SCHEMEID
MTB14184	5	SCHEMEID
MTB14216	5	SCHEMEID
MTB14308	5	SCHEMEID
MTB14309	5	SCHEMEID
MTB14314	5	SCHEMEID
MTB14323	5	SCHEMEID
MTB14346	5	SCHEMEID
MTB14355	5	SCHEMEID
MTB14391	5	SCHEMEID
MTB14398	5	SCHEMEID
MTB14412	5	SCHEMEID
MTB14418	5	SCHEMEID
MTB14461	5	SCHEMEID
MTB14467	5	SCHEMEID
MTB14487	5	SCHEMEID
MTB14530	5	SCHEMEID
MTB14532	5	SCHEMEID
MTB14564	5	SCHEMEID
MTB14587	5	SCHEMEID
MTB14596	5	SCHEMEID
MTB14621	5	SCHEMEID
MTB14622	5	SCHEMEID
MTB14623	5	SCHEMEID
MTB14624	5	SCHEMEID
MTB14625	5	SCHEMEID
MTB14631	5	SCHEMEID
MTB14643	5	SCHEMEID
MTB14645	5	SCHEMEID
MTB14679	5	SCHEMEID
MTB14680	5	SCHEMEID
MTB14681	5	SCHEMEID
MTB14707	5	SCHEMEID
MTB14712	5	SCHEMEID
MTB14746	5	SCHEMEID
MTB14793	5	SCHEMEID
MTB14821	5	SCHEMEID
MTB14845	5	SCHEMEID
MTB14892	5	SCHEMEID
MTB14900	5	SCHEMEID
MTB14930	5	SCHEMEID
MTB14962	5	SCHEMEID
MTB14988	5	SCHEMEID
MTB14992	5	SCHEMEID
MTB14993	5	SCHEMEID
MTB15003	5	SCHEMEID
MTB15040	5	SCHEMEID
MTB15058	5	SCHEMEID
MTB15059	5	SCHEMEID
MTB15099	5	SCHEMEID
MTB15121	5	SCHEMEID
MTB15139	5	SCHEMEID
MTB15186	5	SCHEMEID
MTB15204	5	SCHEMEID
MTB15206	5	SCHEMEID
MTB15310	5	SCHEMEID
MTB15316	5	SCHEMEID
MTB15324	5	SCHEMEID
MTB15333	5	SCHEMEID
MTB15338	5	SCHEMEID
MTB15341	5	SCHEMEID
MTB15347	5	SCHEMEID
MTB15348	5	SCHEMEID
MTB15349	5	SCHEMEID
MTB15350	5	SCHEMEID
MTB15351	5	SCHEMEID
MTB15352	5	SCHEMEID
MTB15353	5	SCHEMEID
MTB15354	5	SCHEMEID
MTB15355	5	SCHEMEID
MTB15356	5	SCHEMEID
MTB15357	5	SCHEMEID
MTB15358	5	SCHEMEID
MTB15359	5	SCHEMEID
MTB15360	5	SCHEMEID
MTB15361	5	SCHEMEID
MTB15393	5	SCHEMEID
MTB15523	5	SCHEMEID
MTB15532	5	SCHEMEID
MTB15534	5	SCHEMEID
MTB15535	5	SCHEMEID
MTB15536	5	SCHEMEID
MTB15570	5	SCHEMEID
MTB15621	5	SCHEMEID
MTB15622	5	SCHEMEID
MTB15623	5	SCHEMEID
MTB15626	5	SCHEMEID
MTB15627	5	SCHEMEID
MTB15628	5	SCHEMEID
MTB15665	5	SCHEMEID
MTB15715	5	SCHEMEID
MTB15725	5	SCHEMEID
MTB15751	5	SCHEMEID
MTB15783	5	SCHEMEID
MTB15785	5	SCHEMEID
MTB15801	5	SCHEMEID
MTB15863	5	SCHEMEID
MTB15985	5	SCHEMEID
MTB15989	5	SCHEMEID
MTB15992	5	SCHEMEID
MTB16004	5	SCHEMEID
MTB16015	5	SCHEMEID
MTB16028	5	SCHEMEID
MTB16090	5	SCHEMEID
MTB16091	5	SCHEMEID
MTB16092	5	SCHEMEID
MTB16093	5	SCHEMEID
MTB16131	5	SCHEMEID
MTB16133	5	SCHEMEID
MTB16258	5	SCHEMEID
MTB16285	5	SCHEMEID
MTB16286	5	SCHEMEID
MTB16287	5	SCHEMEID
MTB16288	5	SCHEMEID
MTB16289	5	SCHEMEID
MTB16290	5	SCHEMEID
MTB16291	5	SCHEMEID
MTB16292	5	SCHEMEID
MTB16293	5	SCHEMEID
MTB16294	5	SCHEMEID
MTB16301	5	SCHEMEID
MTB16313	5	SCHEMEID
MTB16325	5	SCHEMEID
MTB16338	5	SCHEMEID
MTB16420	5	SCHEMEID
MTB16434	5	SCHEMEID
MTB16435	5	SCHEMEID
MTB16436	5	SCHEMEID
MTB16444	5	SCHEMEID
MTB16450	5	SCHEMEID
MTB16475	5	SCHEMEID
MTB16494	5	SCHEMEID
MTB16507	5	SCHEMEID
MTB16527	5	SCHEMEID
MTB16533	5	SCHEMEID
MTB16535	5	SCHEMEID
MTB16542	5	SCHEMEID
MTB16560	5	SCHEMEID
MTB16572	5	SCHEMEID
MTB16592	5	SCHEMEID
MTB16595	5	SCHEMEID
MTB16604	5	SCHEMEID
MTB16607	5	SCHEMEID
MTB16623	5	SCHEMEID
MTB16636	5	SCHEMEID
MTB16672	5	SCHEMEID
MTB16789	5	SCHEMEID
MTB16803	5	SCHEMEID
MTB16870	5	SCHEMEID
MTB16888	5	SCHEMEID
MTB16894	5	SCHEMEID
MTB16916	5	SCHEMEID
MTB16918	5	SCHEMEID
MTB16951	5	SCHEMEID
MTB16953	5	SCHEMEID
MTB16954	5	SCHEMEID
MTB16955	5	SCHEMEID
MTB16959	5	SCHEMEID
MTB16979	5	SCHEMEID
MTB16989	5	SCHEMEID
MTB17009	5	SCHEMEID
MTB17016	5	SCHEMEID
MTB17022	5	SCHEMEID
MTB17075	5	SCHEMEID
MTB17083	5	SCHEMEID
MTB17112	5	SCHEMEID
MTB17140	5	SCHEMEID
MTB17164	5	SCHEMEID
MTB17249	5	SCHEMEID
MTB17250	5	SCHEMEID
MTB17285	5	SCHEMEID
MTB17319	5	SCHEMEID
MTB17324	5	SCHEMEID
MTB17330	5	SCHEMEID
MTB17331	5	SCHEMEID
MTB17367	5	SCHEMEID
MTB17378	5	SCHEMEID
MTB17381	5	SCHEMEID
MTB17382	5	SCHEMEID
MTB17383	5	SCHEMEID
MTB17384	5	SCHEMEID
MTB17385	5	SCHEMEID
MTB17386	5	SCHEMEID
MTB17387	5	SCHEMEID
MTB17388	5	SCHEMEID
MTB17389	5	SCHEMEID
MTB17399	5	SCHEMEID
MTB17414	5	SCHEMEID
MTB17430	5	SCHEMEID
MTB17465	5	SCHEMEID
MTB17467	5	SCHEMEID
MTB17473	5	SCHEMEID
MTB17484	5	SCHEMEID
MTB17485	5	SCHEMEID
MTB17486	5	SCHEMEID
MTB17541	5	SCHEMEID
MTB17590	5	SCHEMEID
MTB17591	5	SCHEMEID
MTB17593	5	SCHEMEID
MTB17594	5	SCHEMEID
MTB1	4	SCHEMEID
MTB12	4	SCHEMEID
MTB39	4	SCHEMEID
MTB43	4	SCHEMEID
MTB69	4	SCHEMEID
MTB73	4	SCHEMEID
MTB80	4	SCHEMEID
MTB126	4	SCHEMEID
MTB167	4	SCHEMEID
MTB169	4	SCHEMEID
MTB176	4	SCHEMEID
MTB179	4	SCHEMEID
MTB203	4	SCHEMEID
MTB217	4	SCHEMEID
MTB240	4	SCHEMEID
MTB259	4	SCHEMEID
MTB272	4	SCHEMEID
MTB280	4	SCHEMEID
MTB290	4	SCHEMEID
MTB294	4	SCHEMEID
MTB297	4	SCHEMEID
MTB303	4	SCHEMEID
MTB308	4	SCHEMEID
MTB309	4	SCHEMEID
MTB335	4	SCHEMEID
MTB336	4	SCHEMEID
MTB343	4	SCHEMEID
MTB388	4	SCHEMEID
MTB393	4	SCHEMEID
MTB400	4	SCHEMEID
MTB402	4	SCHEMEID
MTB447	4	SCHEMEID
MTB469	4	SCHEMEID
MTB487	4	SCHEMEID
MTB490	4	SCHEMEID
MTB499	4	SCHEMEID
MTB508	4	SCHEMEID
MTB530	4	SCHEMEID
MTB569	4	SCHEMEID
MTB586	4	SCHEMEID
MTB604	4	SCHEMEID
MTB618	4	SCHEMEID
MTB652	4	SCHEMEID
MTB730	4	SCHEMEID
MTB757	4	SCHEMEID
MTB808	4	SCHEMEID
MTB866	4	SCHEMEID
MTB871	4	SCHEMEID
MTB892	4	SCHEMEID
MTB893	4	SCHEMEID
MTB907	4	SCHEMEID
MTB912	4	SCHEMEID
MTB916	4	SCHEMEID
MTB919	4	SCHEMEID
MTB939	4	SCHEMEID
MTB959	4	SCHEMEID
MTB980	4	SCHEMEID
MTB1000	4	SCHEMEID
MTB1028	4	SCHEMEID
MTB1035	4	SCHEMEID
MTB1036	4	SCHEMEID
MTB1060	4	SCHEMEID
MTB1062	4	SCHEMEID
MTB1070	4	SCHEMEID
MTB1136	4	SCHEMEID
MTB1144	4	SCHEMEID
MTB1164	4	SCHEMEID
MTB1175	4	SCHEMEID
MTB1185	4	SCHEMEID
MTB1221	4	SCHEMEID
MTB1231	4	SCHEMEID
MTB1245	4	SCHEMEID
MTB1259	4	SCHEMEID
MTB1272	4	SCHEMEID
MTB1306	4	SCHEMEID
MTB1334	4	SCHEMEID
MTB1336	4	SCHEMEID
MTB1337	4	SCHEMEID
MTB1339	4	SCHEMEID
MTB1346	4	SCHEMEID
MTB1356	4	SCHEMEID
MTB1368	4	SCHEMEID
MTB1371	4	SCHEMEID
MTB1372	4	SCHEMEID
MTB1390	4	SCHEMEID
MTB1393	4	SCHEMEID
MTB1405	4	SCHEMEID
MTB1415	4	SCHEMEID
MTB1445	4	SCHEMEID
MTB1450	4	SCHEMEID
MTB1455	4	SCHEMEID
MTB1474	4	SCHEMEID
MTB1476	4	SCHEMEID
MTB1512	4	SCHEMEID
MTB1513	4	SCHEMEID
MTB1568	4	SCHEMEID
MTB1698	4	SCHEMEID
MTB1707	4	SCHEMEID
MTB1721	4	SCHEMEID
MTB1756	4	SCHEMEID
MTB1762	4	SCHEMEID
MTB1765	4	SCHEMEID
MTB1778	4	SCHEMEID
MTB1822	4	SCHEMEID
MTB1827	4	SCHEMEID
MTB1829	4	SCHEMEID
MTB1847	4	SCHEMEID
MTB1853	4	SCHEMEID
MTB1869	4	SCHEMEID
MTB1889	4	SCHEMEID
MTB1891	4	SCHEMEID
MTB1927	4	SCHEMEID
MTB1939	4	SCHEMEID
MTB1991	4	SCHEMEID
MTB1996	4	SCHEMEID
MTB2009	4	SCHEMEID
MTB2032	4	SCHEMEID
MTB2055	4	SCHEMEID
MTB2067	4	SCHEMEID
MTB2101	4	SCHEMEID
MTB2104	4	SCHEMEID
MTB2108	4	SCHEMEID
MTB2111	4	SCHEMEID
MTB2112	4	SCHEMEID
MTB2143	4	SCHEMEID
MTB2152	4	SCHEMEID
MTB2153	4	SCHEMEID
MTB2156	4	SCHEMEID
MTB2194	4	SCHEMEID
MTB2210	4	SCHEMEID
MTB2215	4	SCHEMEID
MTB2217	4	SCHEMEID
MTB2221	4	SCHEMEID
MTB2268	4	SCHEMEID
MTB2272	4	SCHEMEID
MTB2325	4	SCHEMEID
MTB2339	4	SCHEMEID
MTB2341	4	SCHEMEID
MTB2400	4	SCHEMEID
MTB2404	4	SCHEMEID
MTB2461	4	SCHEMEID
MTB2480	4	SCHEMEID
MTB2504	4	SCHEMEID
MTB2555	4	SCHEMEID
MTB2556	4	SCHEMEID
MTB2557	4	SCHEMEID
MTB2558	4	SCHEMEID
MTB2563	4	SCHEMEID
MTB2565	4	SCHEMEID
MTB2579	4	SCHEMEID
MTB2584	4	SCHEMEID
MTB2585	4	SCHEMEID
MTB2608	4	SCHEMEID
MTB2612	4	SCHEMEID
MTB2679	4	SCHEMEID
MTB2736	4	SCHEMEID
MTB2741	4	SCHEMEID
MTB2747	4	SCHEMEID
MTB2762	4	SCHEMEID
MTB2766	4	SCHEMEID
MTB2822	4	SCHEMEID
MTB2849	4	SCHEMEID
MTB2879	4	SCHEMEID
MTB2894	4	SCHEMEID
MTB2910	4	SCHEMEID
MTB2925	4	SCHEMEID
MTB2960	4	SCHEMEID
MTB2967	4	SCHEMEID
MTB2984	4	SCHEMEID
MTB2999	4	SCHEMEID
MTB3014	4	SCHEMEID
MTB3015	4	SCHEMEID
MTB3017	4	SCHEMEID
MTB3049	4	SCHEMEID
MTB3062	4	SCHEMEID
MTB3089	4	SCHEMEID
MTB3094	4	SCHEMEID
MTB3101	4	SCHEMEID
MTB3129	4	SCHEMEID
MTB3132	4	SCHEMEID
MTB3135	4	SCHEMEID
MTB3185	4	SCHEMEID
MTB3188	4	SCHEMEID
MTB3198	4	SCHEMEID
MTB3203	4	SCHEMEID
MTB3221	4	SCHEMEID
MTB3244	4	SCHEMEID
MTB3247	4	SCHEMEID
MTB3283	4	SCHEMEID
MTB3284	4	SCHEMEID
MTB3327	4	SCHEMEID
MTB3346	4	SCHEMEID
MTB3356	4	SCHEMEID
MTB3358	4	SCHEMEID
MTB3473	4	SCHEMEID
MTB3481	4	SCHEMEID
MTB3531	4	SCHEMEID
MTB3532	4	SCHEMEID
MTB3542	4	SCHEMEID
MTB3562	4	SCHEMEID
MTB3601	4	SCHEMEID
MTB3605	4	SCHEMEID
MTB3608	4	SCHEMEID
MTB3610	4	SCHEMEID
MTB3612	4	SCHEMEID
MTB3623	4	SCHEMEID
MTB3624	4	SCHEMEID
MTB3646	4	SCHEMEID
MTB3655	4	SCHEMEID
MTB3675	4	SCHEMEID
MTB3680	4	SCHEMEID
MTB3690	4	SCHEMEID
MTB3698	4	SCHEMEID
MTB3705	4	SCHEMEID
MTB3713	4	SCHEMEID
MTB3714	4	SCHEMEID
MTB3715	4	SCHEMEID
MTB3731	4	SCHEMEID
MTB3733	4	SCHEMEID
MTB3761	4	SCHEMEID
MTB3767	4	SCHEMEID
MTB3795	4	SCHEMEID
MTB3796	4	SCHEMEID
MTB3797	4	SCHEMEID
MTB3799	4	SCHEMEID
MTB3804	4	SCHEMEID
MTB3806	4	SCHEMEID
MTB3807	4	SCHEMEID
MTB3841	4	SCHEMEID
MTB3851	4	SCHEMEID
MTB3852	4	SCHEMEID
MTB3860	4	SCHEMEID
MTB3896	4	SCHEMEID
MTB3898	4	SCHEMEID
MTB3933	4	SCHEMEID
MTB3963	4	SCHEMEID
MTB3967	4	SCHEMEID
MTB3976	4	SCHEMEID
MTB4001	4	SCHEMEID
MTB4022	4	SCHEMEID
MTB4032	4	SCHEMEID
MTB4034	4	SCHEMEID
MTB4051	4	SCHEMEID
MTB4060	4	SCHEMEID
MTB4062	4	SCHEMEID
MTB4068	4	SCHEMEID
MTB4080	4	SCHEMEID
MTB4110	4	SCHEMEID
MTB4149	4	SCHEMEID
MTB4153	4	SCHEMEID
MTB4160	4	SCHEMEID
MTB4269	4	SCHEMEID
MTB4290	4	SCHEMEID
MTB4292	4	SCHEMEID
MTB4295	4	SCHEMEID
MTB4302	4	SCHEMEID
MTB4322	4	SCHEMEID
MTB4327	4	SCHEMEID
MTB4328	4	SCHEMEID
MTB4332	4	SCHEMEID
MTB4333	4	SCHEMEID
MTB4335	4	SCHEMEID
MTB4337	4	SCHEMEID
MTB4338	4	SCHEMEID
MTB4339	4	SCHEMEID
MTB4352	4	SCHEMEID
MTB4354	4	SCHEMEID
MTB4371	4	SCHEMEID
MTB4372	4	SCHEMEID
MTB4378	4	SCHEMEID
MTB4450	4	SCHEMEID
MTB4475	4	SCHEMEID
MTB4504	4	SCHEMEID
MTB4505	4	SCHEMEID
MTB4540	4	SCHEMEID
MTB4618	4	SCHEMEID
MTB4626	4	SCHEMEID
MTB4629	4	SCHEMEID
MTB4652	4	SCHEMEID
MTB4674	4	SCHEMEID
MTB4681	4	SCHEMEID
MTB4724	4	SCHEMEID
MTB4727	4	SCHEMEID
MTB4738	4	SCHEMEID
MTB4763	4	SCHEMEID
MTB4766	4	SCHEMEID
MTB4792	4	SCHEMEID
MTB4822	4	SCHEMEID
MTB4833	4	SCHEMEID
MTB4839	4	SCHEMEID
MTB4863	4	SCHEMEID
MTB4884	4	SCHEMEID
MTB4893	4	SCHEMEID
MTB4900	4	SCHEMEID
MTB4907	4	SCHEMEID
MTB4908	4	SCHEMEID
MTB4953	4	SCHEMEID
MTB4978	4	SCHEMEID
MTB4979	4	SCHEMEID
MTB5012	4	SCHEMEID
MTB5026	4	SCHEMEID
MTB5035	4	SCHEMEID
MTB5050	4	SCHEMEID
MTB5065	4	SCHEMEID
MTB5114	4	SCHEMEID
MTB5129	4	SCHEMEID
MTB5165	4	SCHEMEID
MTB5196	4	SCHEMEID
MTB5204	4	SCHEMEID
MTB5220	4	SCHEMEID
MTB5239	4	SCHEMEID
MTB5261	4	SCHEMEID
MTB5269	4	SCHEMEID
MTB5297	4	SCHEMEID
MTB5307	4	SCHEMEID
MTB5315	4	SCHEMEID
MTB5324	4	SCHEMEID
MTB5328	4	SCHEMEID
MTB5363	4	SCHEMEID
MTB5368	4	SCHEMEID
MTB5369	4	SCHEMEID
MTB5388	4	SCHEMEID
MTB5406	4	SCHEMEID
MTB5411	4	SCHEMEID
MTB5442	4	SCHEMEID
MTB5450	4	SCHEMEID
MTB5483	4	SCHEMEID
MTB5504	4	SCHEMEID
MTB5509	4	SCHEMEID
MTB5515	4	SCHEMEID
MTB5532	4	SCHEMEID
MTB5576	4	SCHEMEID
MTB5581	4	SCHEMEID
MTB5710	4	SCHEMEID
MTB5711	4	SCHEMEID
MTB5713	4	SCHEMEID
MTB5714	4	SCHEMEID
MTB5715	4	SCHEMEID
MTB5750	4	SCHEMEID
MTB5752	4	SCHEMEID
MTB5766	4	SCHEMEID
MTB5779	4	SCHEMEID
MTB5791	4	SCHEMEID
MTB5833	4	SCHEMEID
MTB5862	4	SCHEMEID
MTB5898	4	SCHEMEID
MTB5913	4	SCHEMEID
MTB5915	4	SCHEMEID
MTB5930	4	SCHEMEID
MTB5943	4	SCHEMEID
MTB5957	4	SCHEMEID
MTB5978	4	SCHEMEID
MTB6000	4	SCHEMEID
MTB6078	4	SCHEMEID
MTB6152	4	SCHEMEID
MTB6162	4	SCHEMEID
MTB6163	4	SCHEMEID
MTB6171	4	SCHEMEID
MTB6172	4	SCHEMEID
MTB6173	4	SCHEMEID
MTB6175	4	SCHEMEID
MTB6179	4	SCHEMEID
MTB6184	4	SCHEMEID
MTB6196	4	SCHEMEID
MTB6207	4	SCHEMEID
MTB6235	4	SCHEMEID
MTB6250	4	SCHEMEID
MTB6288	4	SCHEMEID
MTB6318	4	SCHEMEID
MTB6439	4	SCHEMEID
MTB6446	4	SCHEMEID
MTB6471	4	SCHEMEID
MTB6472	4	SCHEMEID
MTB6533	4	SCHEMEID
MTB6575	4	SCHEMEID
MTB6628	4	SCHEMEID
MTB6629	4	SCHEMEID
MTB6713	4	SCHEMEID
MTB6714	4	SCHEMEID
MTB6730	4	SCHEMEID
MTB6741	4	SCHEMEID
MTB6742	4	SCHEMEID
MTB6820	4	SCHEMEID
MTB6826	4	SCHEMEID
MTB6839	4	SCHEMEID
MTB6840	4	SCHEMEID
MTB6841	4	SCHEMEID
MTB6847	4	SCHEMEID
MTB6858	4	SCHEMEID
MTB6871	4	SCHEMEID
MTB6879	4	SCHEMEID
MTB6881	4	SCHEMEID
MTB6900	4	SCHEMEID
MTB6923	4	SCHEMEID
MTB6991	4	SCHEMEID
MTB6993	4	SCHEMEID
MTB7004	4	SCHEMEID
MTB7026	4	SCHEMEID
MTB7027	4	SCHEMEID
MTB7073	4	SCHEMEID
MTB7074	4	SCHEMEID
MTB7085	4	SCHEMEID
MTB7087	4	SCHEMEID
MTB7102	4	SCHEMEID
MTB7136	4	SCHEMEID
MTB7183	4	SCHEMEID
MTB7204	4	SCHEMEID
MTB7289	4	SCHEMEID
MTB7306	4	SCHEMEID
MTB7309	4	SCHEMEID
MTB7314	4	SCHEMEID
MTB7315	4	SCHEMEID
MTB7323	4	SCHEMEID
MTB7324	4	SCHEMEID
MTB7354	4	SCHEMEID
MTB7460	4	SCHEMEID
MTB7466	4	SCHEMEID
MTB7468	4	SCHEMEID
MTB7469	4	SCHEMEID
MTB7470	4	SCHEMEID
MTB7488	4	SCHEMEID
MTB7500	4	SCHEMEID
MTB7543	4	SCHEMEID
MTB7551	4	SCHEMEID
MTB7552	4	SCHEMEID
MTB7554	4	SCHEMEID
MTB7563	4	SCHEMEID
MTB7576	4	SCHEMEID
MTB7583	4	SCHEMEID
MTB7584	4	SCHEMEID
MTB7592	4	SCHEMEID
MTB7596	4	SCHEMEID
MTB7598	4	SCHEMEID
MTB7599	4	SCHEMEID
MTB7601	4	SCHEMEID
MTB7604	4	SCHEMEID
MTB7606	4	SCHEMEID
MTB7615	4	SCHEMEID
MTB7618	4	SCHEMEID
MTB7657	4	SCHEMEID
MTB7667	4	SCHEMEID
MTB7671	4	SCHEMEID
MTB7815	4	SCHEMEID
MTB7887	4	SCHEMEID
MTB7898	4	SCHEMEID
MTB7901	4	SCHEMEID
MTB7929	4	SCHEMEID
MTB7959	4	SCHEMEID
MTB7960	4	SCHEMEID
MTB7961	4	SCHEMEID
MTB7962	4	SCHEMEID
MTB7973	4	SCHEMEID
MTB7992	4	SCHEMEID
MTB7993	4	SCHEMEID
MTB8008	4	SCHEMEID
MTB8009	4	SCHEMEID
MTB8038	4	SCHEMEID
MTB8083	4	SCHEMEID
MTB8134	4	SCHEMEID
MTB8179	4	SCHEMEID
MTB8187	4	SCHEMEID
MTB8197	4	SCHEMEID
MTB8203	4	SCHEMEID
MTB8208	4	SCHEMEID
MTB8229	4	SCHEMEID
MTB8230	4	SCHEMEID
MTB8254	4	SCHEMEID
MTB8277	4	SCHEMEID
MTB8288	4	SCHEMEID
MTB8327	4	SCHEMEID
MTB8336	4	SCHEMEID
MTB8341	4	SCHEMEID
MTB8364	4	SCHEMEID
MTB8386	4	SCHEMEID
MTB8392	4	SCHEMEID
MTB8393	4	SCHEMEID
MTB8421	4	SCHEMEID
MTB8438	4	SCHEMEID
MTB8439	4	SCHEMEID
MTB8441	4	SCHEMEID
MTB8442	4	SCHEMEID
MTB8443	4	SCHEMEID
MTB8444	4	SCHEMEID
MTB8445	4	SCHEMEID
MTB8446	4	SCHEMEID
MTB8447	4	SCHEMEID
MTB8448	4	SCHEMEID
MTB8467	4	SCHEMEID
MTB8478	4	SCHEMEID
MTB8489	4	SCHEMEID
MTB8504	4	SCHEMEID
MTB8510	4	SCHEMEID
MTB8516	4	SCHEMEID
MTB8545	4	SCHEMEID
MTB8548	4	SCHEMEID
MTB8598	4	SCHEMEID
MTB8611	4	SCHEMEID
MTB8623	4	SCHEMEID
MTB8624	4	SCHEMEID
MTB8669	4	SCHEMEID
MTB8682	4	SCHEMEID
MTB8683	4	SCHEMEID
MTB8702	4	SCHEMEID
MTB8703	4	SCHEMEID
MTB8719	4	SCHEMEID
MTB8728	4	SCHEMEID
MTB8740	4	SCHEMEID
MTB8765	4	SCHEMEID
MTB8767	4	SCHEMEID
MTB8787	4	SCHEMEID
MTB8793	4	SCHEMEID
MTB8799	4	SCHEMEID
MTB8833	4	SCHEMEID
MTB8858	4	SCHEMEID
MTB8888	4	SCHEMEID
MTB8903	4	SCHEMEID
MTB8922	4	SCHEMEID
MTB8925	4	SCHEMEID
MTB8981	4	SCHEMEID
MTB9027	4	SCHEMEID
MTB9039	4	SCHEMEID
MTB9068	4	SCHEMEID
MTB9069	4	SCHEMEID
MTB9070	4	SCHEMEID
MTB9083	4	SCHEMEID
MTB9156	4	SCHEMEID
MTB9160	4	SCHEMEID
MTB9187	4	SCHEMEID
MTB9304	4	SCHEMEID
MTB9330	4	SCHEMEID
MTB9335	4	SCHEMEID
MTB9351	4	SCHEMEID
MTB9354	4	SCHEMEID
MTB9366	4	SCHEMEID
MTB9381	4	SCHEMEID
MTB9390	4	SCHEMEID
MTB9396	4	SCHEMEID
MTB9414	4	SCHEMEID
MTB9428	4	SCHEMEID
MTB9429	4	SCHEMEID
MTB9441	4	SCHEMEID
MTB9447	4	SCHEMEID
MTB9452	4	SCHEMEID
MTB9464	4	SCHEMEID
MTB9477	4	SCHEMEID
MTB9508	4	SCHEMEID
MTB9545	4	SCHEMEID
MTB9547	4	SCHEMEID
MTB9551	4	SCHEMEID
MTB9553	4	SCHEMEID
MTB9572	4	SCHEMEID
MTB9606	4	SCHEMEID
MTB9609	4	SCHEMEID
MTB9618	4	SCHEMEID
MTB9632	4	SCHEMEID
MTB9646	4	SCHEMEID
MTB9647	4	SCHEMEID
MTB9648	4	SCHEMEID
MTB9649	4	SCHEMEID
MTB9667	4	SCHEMEID
MTB9668	4	SCHEMEID
MTB9676	4	SCHEMEID
MTB9677	4	SCHEMEID
MTB9725	4	SCHEMEID
MTB9729	4	SCHEMEID
MTB9742	4	SCHEMEID
MTB9747	4	SCHEMEID
MTB9755	4	SCHEMEID
MTB9756	4	SCHEMEID
MTB9757	4	SCHEMEID
MTB9758	4	SCHEMEID
MTB9785	4	SCHEMEID
MTB9788	4	SCHEMEID
MTB9812	4	SCHEMEID
MTB9827	4	SCHEMEID
MTB9831	4	SCHEMEID
MTB9849	4	SCHEMEID
MTB9854	4	SCHEMEID
MTB9861	4	SCHEMEID
MTB9863	4	SCHEMEID
MTB9866	4	SCHEMEID
MTB9881	4	SCHEMEID
MTB9901	4	SCHEMEID
MTB9912	4	SCHEMEID
MTB9918	4	SCHEMEID
MTB9932	4	SCHEMEID
MTB9990	4	SCHEMEID
MTB9998	4	SCHEMEID
MTB9999	4	SCHEMEID
MTB10013	4	SCHEMEID
MTB10031	4	SCHEMEID
MTB10039	4	SCHEMEID
MTB10049	4	SCHEMEID
MTB10050	4	SCHEMEID
MTB10108	4	SCHEMEID
MTB10112	4	SCHEMEID
MTB10120	4	SCHEMEID
MTB10121	4	SCHEMEID
MTB10137	4	SCHEMEID
MTB10138	4	SCHEMEID
MTB10163	4	SCHEMEID
MTB10179	4	SCHEMEID
MTB10227	4	SCHEMEID
MTB10317	4	SCHEMEID
MTB10318	4	SCHEMEID
MTB10333	4	SCHEMEID
MTB10337	4	SCHEMEID
MTB10361	4	SCHEMEID
MTB10362	4	SCHEMEID
MTB10363	4	SCHEMEID
MTB10364	4	SCHEMEID
MTB10365	4	SCHEMEID
MTB10366	4	SCHEMEID
MTB10374	4	SCHEMEID
MTB10408	4	SCHEMEID
MTB10411	4	SCHEMEID
MTB10415	4	SCHEMEID
MTB10416	4	SCHEMEID
MTB10423	4	SCHEMEID
MTB10425	4	SCHEMEID
MTB10426	4	SCHEMEID
MTB10428	4	SCHEMEID
MTB10432	4	SCHEMEID
MTB10439	4	SCHEMEID
MTB10492	4	SCHEMEID
MTB10494	4	SCHEMEID
MTB10498	4	SCHEMEID
MTB10499	4	SCHEMEID
MTB10596	4	SCHEMEID
MTB10597	4	SCHEMEID
MTB10624	4	SCHEMEID
MTB10625	4	SCHEMEID
MTB10626	4	SCHEMEID
MTB10632	4	SCHEMEID
MTB10668	4	SCHEMEID
MTB10728	4	SCHEMEID
MTB10729	4	SCHEMEID
MTB10765	4	SCHEMEID
MTB10766	4	SCHEMEID
MTB10770	4	SCHEMEID
MTB10775	4	SCHEMEID
MTB10780	4	SCHEMEID
MTB10788	4	SCHEMEID
MTB10832	4	SCHEMEID
MTB10853	4	SCHEMEID
MTB10857	4	SCHEMEID
MTB10861	4	SCHEMEID
MTB10892	4	SCHEMEID
MTB10906	4	SCHEMEID
MTB10917	4	SCHEMEID
MTB10987	4	SCHEMEID
MTB10993	4	SCHEMEID
MTB10994	4	SCHEMEID
MTB11014	4	SCHEMEID
MTB11046	4	SCHEMEID
MTB11081	4	SCHEMEID
MTB11120	4	SCHEMEID
MTB11133	4	SCHEMEID
MTB11137	4	SCHEMEID
MTB11151	4	SCHEMEID
MTB11153	4	SCHEMEID
MTB11178	4	SCHEMEID
MTB11179	4	SCHEMEID
MTB11198	4	SCHEMEID
MTB11224	4	SCHEMEID
MTB11249	4	SCHEMEID
MTB11250	4	SCHEMEID
MTB11251	4	SCHEMEID
MTB11265	4	SCHEMEID
MTB11267	4	SCHEMEID
MTB11288	4	SCHEMEID
MTB11289	4	SCHEMEID
MTB11307	4	SCHEMEID
MTB11320	4	SCHEMEID
MTB11337	4	SCHEMEID
MTB11338	4	SCHEMEID
MTB11339	4	SCHEMEID
MTB11340	4	SCHEMEID
MTB11341	4	SCHEMEID
MTB11342	4	SCHEMEID
MTB11343	4	SCHEMEID
MTB11344	4	SCHEMEID
MTB11345	4	SCHEMEID
MTB11346	4	SCHEMEID
MTB11347	4	SCHEMEID
MTB11348	4	SCHEMEID
MTB11349	4	SCHEMEID
MTB11350	4	SCHEMEID
MTB11355	4	SCHEMEID
MTB11381	4	SCHEMEID
MTB11435	4	SCHEMEID
MTB11437	4	SCHEMEID
MTB11438	4	SCHEMEID
MTB11450	4	SCHEMEID
MTB11452	4	SCHEMEID
MTB11463	4	SCHEMEID
MTB11475	4	SCHEMEID
MTB11513	4	SCHEMEID
MTB11606	4	SCHEMEID
MTB11629	4	SCHEMEID
MTB11653	4	SCHEMEID
MTB11662	4	SCHEMEID
MTB11663	4	SCHEMEID
MTB11669	4	SCHEMEID
MTB11670	4	SCHEMEID
MTB11690	4	SCHEMEID
MTB11718	4	SCHEMEID
MTB11725	4	SCHEMEID
MTB11747	4	SCHEMEID
MTB11748	4	SCHEMEID
MTB11749	4	SCHEMEID
MTB11750	4	SCHEMEID
MTB11767	4	SCHEMEID
MTB11782	4	SCHEMEID
MTB11822	4	SCHEMEID
MTB11856	4	SCHEMEID
MTB11869	4	SCHEMEID
MTB11885	4	SCHEMEID
MTB11887	4	SCHEMEID
MTB11891	4	SCHEMEID
MTB11936	4	SCHEMEID
MTB11969	4	SCHEMEID
MTB11986	4	SCHEMEID
MTB11991	4	SCHEMEID
MTB12001	4	SCHEMEID
MTB12002	4	SCHEMEID
MTB12003	4	SCHEMEID
MTB12133	4	SCHEMEID
MTB12136	4	SCHEMEID
MTB12199	4	SCHEMEID
MTB12233	4	SCHEMEID
MTB12288	4	SCHEMEID
MTB12304	4	SCHEMEID
MTB12366	4	SCHEMEID
MTB12413	4	SCHEMEID
MTB12438	4	SCHEMEID
MTB12453	4	SCHEMEID
MTB12463	4	SCHEMEID
MTB12474	4	SCHEMEID
MTB12513	4	SCHEMEID
MTB12518	4	SCHEMEID
MTB12533	4	SCHEMEID
MTB12580	4	SCHEMEID
MTB12642	4	SCHEMEID
MTB12658	4	SCHEMEID
MTB12744	4	SCHEMEID
MTB12756	4	SCHEMEID
MTB12781	4	SCHEMEID
MTB12787	4	SCHEMEID
MTB12789	4	SCHEMEID
MTB12830	4	SCHEMEID
MTB12847	4	SCHEMEID
MTB12861	4	SCHEMEID
MTB12892	4	SCHEMEID
MTB12917	4	SCHEMEID
MTB12921	4	SCHEMEID
MTB12991	4	SCHEMEID
MTB13015	4	SCHEMEID
MTB13021	4	SCHEMEID
MTB13058	4	SCHEMEID
MTB13082	4	SCHEMEID
MTB13086	4	SCHEMEID
MTB13094	4	SCHEMEID
MTB13222	4	SCHEMEID
MTB13243	4	SCHEMEID
MTB13253	4	SCHEMEID
MTB13279	4	SCHEMEID
MTB13325	4	SCHEMEID
MTB13326	4	SCHEMEID
MTB13420	4	SCHEMEID
MTB13429	4	SCHEMEID
MTB13434	4	SCHEMEID
MTB13470	4	SCHEMEID
MTB13481	4	SCHEMEID
MTB13484	4	SCHEMEID
MTB13529	4	SCHEMEID
MTB13534	4	SCHEMEID
MTB13563	4	SCHEMEID
MTB13620	4	SCHEMEID
MTB13624	4	SCHEMEID
MTB13651	4	SCHEMEID
MTB13707	4	SCHEMEID
MTB13713	4	SCHEMEID
MTB13719	4	SCHEMEID
MTB13734	4	SCHEMEID
MTB13752	4	SCHEMEID
MTB13788	4	SCHEMEID
MTB13796	4	SCHEMEID
MTB13797	4	SCHEMEID
MTB13798	4	SCHEMEID
MTB13804	4	SCHEMEID
MTB13849	4	SCHEMEID
MTB13853	4	SCHEMEID
MTB13879	4	SCHEMEID
MTB13926	4	SCHEMEID
MTB13950	4	SCHEMEID
MTB13954	4	SCHEMEID
MTB13955	4	SCHEMEID
MTB13956	4	SCHEMEID
MTB13957	4	SCHEMEID
MTB14030	4	SCHEMEID
MTB14047	4	SCHEMEID
MTB14048	4	SCHEMEID
MTB14064	4	SCHEMEID
MTB14074	4	SCHEMEID
MTB14075	4	SCHEMEID
MTB14127	4	SCHEMEID
MTB14133	4	SCHEMEID
MTB14135	4	SCHEMEID
MTB14167	4	SCHEMEID
MTB14177	4	SCHEMEID
MTB14251	4	SCHEMEID
MTB14293	4	SCHEMEID
MTB14301	4	SCHEMEID
MTB14338	4	SCHEMEID
MTB14354	4	SCHEMEID
MTB14360	4	SCHEMEID
MTB14368	4	SCHEMEID
MTB14375	4	SCHEMEID
MTB14447	4	SCHEMEID
MTB14527	4	SCHEMEID
MTB14536	4	SCHEMEID
MTB14568	4	SCHEMEID
MTB14580	4	SCHEMEID
MTB14589	4	SCHEMEID
MTB14599	4	SCHEMEID
MTB14629	4	SCHEMEID
MTB14704	4	SCHEMEID
MTB14747	4	SCHEMEID
MTB14794	4	SCHEMEID
MTB14805	4	SCHEMEID
MTB14826	4	SCHEMEID
MTB14846	4	SCHEMEID
MTB14847	4	SCHEMEID
MTB14850	4	SCHEMEID
MTB14871	4	SCHEMEID
MTB14889	4	SCHEMEID
MTB14912	4	SCHEMEID
MTB14913	4	SCHEMEID
MTB14951	4	SCHEMEID
MTB14966	4	SCHEMEID
MTB14986	4	SCHEMEID
MTB14995	4	SCHEMEID
MTB15006	4	SCHEMEID
MTB15022	4	SCHEMEID
MTB15029	4	SCHEMEID
MTB15067	4	SCHEMEID
MTB15085	4	SCHEMEID
MTB15102	4	SCHEMEID
MTB15105	4	SCHEMEID
MTB15116	4	SCHEMEID
MTB15155	4	SCHEMEID
MTB15161	4	SCHEMEID
MTB15182	4	SCHEMEID
MTB15183	4	SCHEMEID
MTB15187	4	SCHEMEID
MTB15190	4	SCHEMEID
MTB15191	4	SCHEMEID
MTB15302	4	SCHEMEID
MTB15303	4	SCHEMEID
MTB15304	4	SCHEMEID
MTB15305	4	SCHEMEID
MTB15306	4	SCHEMEID
MTB15386	4	SCHEMEID
MTB15387	4	SCHEMEID
MTB15415	4	SCHEMEID
MTB15416	4	SCHEMEID
MTB15417	4	SCHEMEID
MTB15428	4	SCHEMEID
MTB15457	4	SCHEMEID
MTB15488	4	SCHEMEID
MTB15513	4	SCHEMEID
MTB15537	4	SCHEMEID
MTB15538	4	SCHEMEID
MTB15551	4	SCHEMEID
MTB15565	4	SCHEMEID
MTB15579	4	SCHEMEID
MTB15694	4	SCHEMEID
MTB15697	4	SCHEMEID
MTB15699	4	SCHEMEID
MTB15753	4	SCHEMEID
MTB15754	4	SCHEMEID
MTB15755	4	SCHEMEID
MTB15790	4	SCHEMEID
MTB15798	4	SCHEMEID
MTB15859	4	SCHEMEID
MTB15882	4	SCHEMEID
MTB15885	4	SCHEMEID
MTB15890	4	SCHEMEID
MTB15891	4	SCHEMEID
MTB15895	4	SCHEMEID
MTB15934	4	SCHEMEID
MTB15947	4	SCHEMEID
MTB15987	4	SCHEMEID
MTB15993	4	SCHEMEID
MTB16029	4	SCHEMEID
MTB16046	4	SCHEMEID
MTB16049	4	SCHEMEID
MTB16050	4	SCHEMEID
MTB16066	4	SCHEMEID
MTB16072	4	SCHEMEID
MTB16084	4	SCHEMEID
MTB16102	4	SCHEMEID
MTB16113	4	SCHEMEID
MTB16128	4	SCHEMEID
MTB16132	4	SCHEMEID
MTB16134	4	SCHEMEID
MTB16135	4	SCHEMEID
MTB16136	4	SCHEMEID
MTB16137	4	SCHEMEID
MTB16143	4	SCHEMEID
MTB16150	4	SCHEMEID
MTB16166	4	SCHEMEID
MTB16216	4	SCHEMEID
MTB16273	4	SCHEMEID
MTB16302	4	SCHEMEID
MTB16315	4	SCHEMEID
MTB16318	4	SCHEMEID
MTB16336	4	SCHEMEID
MTB16346	4	SCHEMEID
MTB16373	4	SCHEMEID
MTB16389	4	SCHEMEID
MTB16392	4	SCHEMEID
MTB16416	4	SCHEMEID
MTB16419	4	SCHEMEID
MTB16422	4	SCHEMEID
MTB16467	4	SCHEMEID
MTB16508	4	SCHEMEID
MTB16577	4	SCHEMEID
MTB16587	4	SCHEMEID
MTB16593	4	SCHEMEID
MTB16608	4	SCHEMEID
MTB16621	4	SCHEMEID
MTB16622	4	SCHEMEID
MTB16627	4	SCHEMEID
MTB16634	4	SCHEMEID
MTB16655	4	SCHEMEID
MTB16669	4	SCHEMEID
MTB16748	4	SCHEMEID
MTB16759	4	SCHEMEID
MTB16773	4	SCHEMEID
MTB16774	4	SCHEMEID
MTB16802	4	SCHEMEID
MTB16816	4	SCHEMEID
MTB16831	4	SCHEMEID
MTB16885	4	SCHEMEID
MTB16926	4	SCHEMEID
MTB17013	4	SCHEMEID
MTB17014	4	SCHEMEID
MTB17033	4	SCHEMEID
MTB17035	4	SCHEMEID
MTB17063	4	SCHEMEID
MTB17092	4	SCHEMEID
MTB17100	4	SCHEMEID
MTB17130	4	SCHEMEID
MTB17169	4	SCHEMEID
MTB17174	4	SCHEMEID
MTB17178	4	SCHEMEID
MTB17195	4	SCHEMEID
MTB17197	4	SCHEMEID
MTB17212	4	SCHEMEID
MTB17223	4	SCHEMEID
MTB17267	4	SCHEMEID
MTB17271	4	SCHEMEID
MTB17302	4	SCHEMEID
MTB17369	4	SCHEMEID
MTB17397	4	SCHEMEID
MTB17428	4	SCHEMEID
MTB17429	4	SCHEMEID
MTB17449	4	SCHEMEID
MTB17460	4	SCHEMEID
MTB17489	4	SCHEMEID
MTB17516	4	SCHEMEID
MTB17524	4	SCHEMEID
MTB17552	4	SCHEMEID
MTB17559	4	SCHEMEID
MTB17656	4	SCHEMEID
MTB17661	4	SCHEMEID
MTB17662	4	SCHEMEID
MTB17665	4	SCHEMEID
MTB17711	4	SCHEMEID
MTB17718	4	SCHEMEID
MTB17734	4	SCHEMEID
MTB4	3	SCHEMEID
MTB11	3	SCHEMEID
MTB37	3	SCHEMEID
MTB57	3	SCHEMEID
MTB66	3	SCHEMEID
MTB77	3	SCHEMEID
MTB84	3	SCHEMEID
MTB87	3	SCHEMEID
MTB88	3	SCHEMEID
MTB101	3	SCHEMEID
MTB104	3	SCHEMEID
MTB121	3	SCHEMEID
MTB128	3	SCHEMEID
MTB131	3	SCHEMEID
MTB140	3	SCHEMEID
MTB157	3	SCHEMEID
MTB165	3	SCHEMEID
MTB168	3	SCHEMEID
MTB175	3	SCHEMEID
MTB185	3	SCHEMEID
MTB199	3	SCHEMEID
MTB216	3	SCHEMEID
MTB247	3	SCHEMEID
MTB248	3	SCHEMEID
MTB253	3	SCHEMEID
MTB255	3	SCHEMEID
MTB270	3	SCHEMEID
MTB287	3	SCHEMEID
MTB292	3	SCHEMEID
MTB326	3	SCHEMEID
MTB357	3	SCHEMEID
MTB361	3	SCHEMEID
MTB362	3	SCHEMEID
MTB385	3	SCHEMEID
MTB386	3	SCHEMEID
MTB401	3	SCHEMEID
MTB405	3	SCHEMEID
MTB438	3	SCHEMEID
MTB448	3	SCHEMEID
MTB449	3	SCHEMEID
MTB474	3	SCHEMEID
MTB477	3	SCHEMEID
MTB489	3	SCHEMEID
MTB509	3	SCHEMEID
MTB515	3	SCHEMEID
MTB550	3	SCHEMEID
MTB554	3	SCHEMEID
MTB570	3	SCHEMEID
MTB613	3	SCHEMEID
MTB615	3	SCHEMEID
MTB616	3	SCHEMEID
MTB617	3	SCHEMEID
MTB619	3	SCHEMEID
MTB621	3	SCHEMEID
MTB626	3	SCHEMEID
MTB629	3	SCHEMEID
MTB668	3	SCHEMEID
MTB716	3	SCHEMEID
MTB720	3	SCHEMEID
MTB725	3	SCHEMEID
MTB743	3	SCHEMEID
MTB803	3	SCHEMEID
MTB842	3	SCHEMEID
MTB844	3	SCHEMEID
MTB873	3	SCHEMEID
MTB882	3	SCHEMEID
MTB890	3	SCHEMEID
MTB905	3	SCHEMEID
MTB929	3	SCHEMEID
MTB930	3	SCHEMEID
MTB934	3	SCHEMEID
MTB984	3	SCHEMEID
MTB1006	3	SCHEMEID
MTB1015	3	SCHEMEID
MTB1020	3	SCHEMEID
MTB1024	3	SCHEMEID
MTB1042	3	SCHEMEID
MTB1050	3	SCHEMEID
MTB1053	3	SCHEMEID
MTB1059	3	SCHEMEID
MTB1061	3	SCHEMEID
MTB1080	3	SCHEMEID
MTB1081	3	SCHEMEID
MTB1083	3	SCHEMEID
MTB1096	3	SCHEMEID
MTB1101	3	SCHEMEID
MTB1107	3	SCHEMEID
MTB1125	3	SCHEMEID
MTB1137	3	SCHEMEID
MTB1149	3	SCHEMEID
MTB1159	3	SCHEMEID
MTB1166	3	SCHEMEID
MTB1171	3	SCHEMEID
MTB1180	3	SCHEMEID
MTB1206	3	SCHEMEID
MTB1218	3	SCHEMEID
MTB1232	3	SCHEMEID
MTB1239	3	SCHEMEID
MTB1241	3	SCHEMEID
MTB1249	3	SCHEMEID
MTB1260	3	SCHEMEID
MTB1289	3	SCHEMEID
MTB1323	3	SCHEMEID
MTB1338	3	SCHEMEID
MTB1391	3	SCHEMEID
MTB1400	3	SCHEMEID
MTB1425	3	SCHEMEID
MTB1438	3	SCHEMEID
MTB1454	3	SCHEMEID
MTB1469	3	SCHEMEID
MTB1500	3	SCHEMEID
MTB1524	3	SCHEMEID
MTB1530	3	SCHEMEID
MTB1549	3	SCHEMEID
MTB1596	3	SCHEMEID
MTB1599	3	SCHEMEID
MTB1603	3	SCHEMEID
MTB1610	3	SCHEMEID
MTB1645	3	SCHEMEID
MTB1648	3	SCHEMEID
MTB1656	3	SCHEMEID
MTB1672	3	SCHEMEID
MTB1696	3	SCHEMEID
MTB1727	3	SCHEMEID
MTB1733	3	SCHEMEID
MTB1779	3	SCHEMEID
MTB1795	3	SCHEMEID
MTB1816	3	SCHEMEID
MTB1825	3	SCHEMEID
MTB1841	3	SCHEMEID
MTB1854	3	SCHEMEID
MTB1861	3	SCHEMEID
MTB1871	3	SCHEMEID
MTB1872	3	SCHEMEID
MTB1893	3	SCHEMEID
MTB1899	3	SCHEMEID
MTB1901	3	SCHEMEID
MTB1931	3	SCHEMEID
MTB1957	3	SCHEMEID
MTB1963	3	SCHEMEID
MTB1977	3	SCHEMEID
MTB1990	3	SCHEMEID
MTB1995	3	SCHEMEID
MTB1997	3	SCHEMEID
MTB2005	3	SCHEMEID
MTB2023	3	SCHEMEID
MTB2051	3	SCHEMEID
MTB2053	3	SCHEMEID
MTB2060	3	SCHEMEID
MTB2070	3	SCHEMEID
MTB2084	3	SCHEMEID
MTB2098	3	SCHEMEID
MTB2135	3	SCHEMEID
MTB2142	3	SCHEMEID
MTB2161	3	SCHEMEID
MTB2163	3	SCHEMEID
MTB2180	3	SCHEMEID
MTB2188	3	SCHEMEID
MTB2250	3	SCHEMEID
MTB2251	3	SCHEMEID
MTB2335	3	SCHEMEID
MTB2350	3	SCHEMEID
MTB2353	3	SCHEMEID
MTB2361	3	SCHEMEID
MTB2362	3	SCHEMEID
MTB2367	3	SCHEMEID
MTB2374	3	SCHEMEID
MTB2386	3	SCHEMEID
MTB2390	3	SCHEMEID
MTB2417	3	SCHEMEID
MTB2441	3	SCHEMEID
MTB2452	3	SCHEMEID
MTB2460	3	SCHEMEID
MTB2462	3	SCHEMEID
MTB2463	3	SCHEMEID
MTB2474	3	SCHEMEID
MTB2475	3	SCHEMEID
MTB2476	3	SCHEMEID
MTB2534	3	SCHEMEID
MTB2540	3	SCHEMEID
MTB2559	3	SCHEMEID
MTB2561	3	SCHEMEID
MTB2569	3	SCHEMEID
MTB2573	3	SCHEMEID
MTB2580	3	SCHEMEID
MTB2583	3	SCHEMEID
MTB2591	3	SCHEMEID
MTB2598	3	SCHEMEID
MTB2626	3	SCHEMEID
MTB2630	3	SCHEMEID
MTB2631	3	SCHEMEID
MTB2633	3	SCHEMEID
MTB2642	3	SCHEMEID
MTB2645	3	SCHEMEID
MTB2658	3	SCHEMEID
MTB2661	3	SCHEMEID
MTB2670	3	SCHEMEID
MTB2677	3	SCHEMEID
MTB2684	3	SCHEMEID
MTB2691	3	SCHEMEID
MTB2693	3	SCHEMEID
MTB2703	3	SCHEMEID
MTB2707	3	SCHEMEID
MTB2708	3	SCHEMEID
MTB2709	3	SCHEMEID
MTB2711	3	SCHEMEID
MTB2732	3	SCHEMEID
MTB2734	3	SCHEMEID
MTB2798	3	SCHEMEID
MTB2803	3	SCHEMEID
MTB2809	3	SCHEMEID
MTB2813	3	SCHEMEID
MTB2815	3	SCHEMEID
MTB2819	3	SCHEMEID
MTB2831	3	SCHEMEID
MTB2838	3	SCHEMEID
MTB2840	3	SCHEMEID
MTB2842	3	SCHEMEID
MTB2852	3	SCHEMEID
MTB2865	3	SCHEMEID
MTB2870	3	SCHEMEID
MTB2884	3	SCHEMEID
MTB2892	3	SCHEMEID
MTB2911	3	SCHEMEID
MTB2912	3	SCHEMEID
MTB2929	3	SCHEMEID
MTB2945	3	SCHEMEID
MTB2946	3	SCHEMEID
MTB2951	3	SCHEMEID
MTB2966	3	SCHEMEID
MTB2974	3	SCHEMEID
MTB2976	3	SCHEMEID
MTB2988	3	SCHEMEID
MTB2989	3	SCHEMEID
MTB2997	3	SCHEMEID
MTB3000	3	SCHEMEID
MTB3051	3	SCHEMEID
MTB3057	3	SCHEMEID
MTB3076	3	SCHEMEID
MTB3085	3	SCHEMEID
MTB3103	3	SCHEMEID
MTB3113	3	SCHEMEID
MTB3116	3	SCHEMEID
MTB3117	3	SCHEMEID
MTB3120	3	SCHEMEID
MTB3134	3	SCHEMEID
MTB3138	3	SCHEMEID
MTB3151	3	SCHEMEID
MTB3161	3	SCHEMEID
MTB3176	3	SCHEMEID
MTB3191	3	SCHEMEID
MTB3196	3	SCHEMEID
MTB3197	3	SCHEMEID
MTB3217	3	SCHEMEID
MTB3220	3	SCHEMEID
MTB3222	3	SCHEMEID
MTB3223	3	SCHEMEID
MTB3224	3	SCHEMEID
MTB3225	3	SCHEMEID
MTB3226	3	SCHEMEID
MTB3228	3	SCHEMEID
MTB3229	3	SCHEMEID
MTB3259	3	SCHEMEID
MTB3260	3	SCHEMEID
MTB3268	3	SCHEMEID
MTB3269	3	SCHEMEID
MTB3298	3	SCHEMEID
MTB3306	3	SCHEMEID
MTB3311	3	SCHEMEID
MTB3312	3	SCHEMEID
MTB3326	3	SCHEMEID
MTB3342	3	SCHEMEID
MTB3343	3	SCHEMEID
MTB3378	3	SCHEMEID
MTB3388	3	SCHEMEID
MTB3407	3	SCHEMEID
MTB3413	3	SCHEMEID
MTB3498	3	SCHEMEID
MTB3503	3	SCHEMEID
MTB3506	3	SCHEMEID
MTB3508	3	SCHEMEID
MTB3510	3	SCHEMEID
MTB3522	3	SCHEMEID
MTB3527	3	SCHEMEID
MTB3540	3	SCHEMEID
MTB3558	3	SCHEMEID
MTB3563	3	SCHEMEID
MTB3576	3	SCHEMEID
MTB3586	3	SCHEMEID
MTB3587	3	SCHEMEID
MTB3621	3	SCHEMEID
MTB3622	3	SCHEMEID
MTB3626	3	SCHEMEID
MTB3628	3	SCHEMEID
MTB3633	3	SCHEMEID
MTB3639	3	SCHEMEID
MTB3640	3	SCHEMEID
MTB3641	3	SCHEMEID
MTB3643	3	SCHEMEID
MTB3681	3	SCHEMEID
MTB3693	3	SCHEMEID
MTB3718	3	SCHEMEID
MTB3726	3	SCHEMEID
MTB3727	3	SCHEMEID
MTB3751	3	SCHEMEID
MTB3752	3	SCHEMEID
MTB3788	3	SCHEMEID
MTB3800	3	SCHEMEID
MTB3803	3	SCHEMEID
MTB3805	3	SCHEMEID
MTB3813	3	SCHEMEID
MTB3833	3	SCHEMEID
MTB3834	3	SCHEMEID
MTB3835	3	SCHEMEID
MTB3836	3	SCHEMEID
MTB3837	3	SCHEMEID
MTB3838	3	SCHEMEID
MTB3839	3	SCHEMEID
MTB3840	3	SCHEMEID
MTB3855	3	SCHEMEID
MTB3865	3	SCHEMEID
MTB3876	3	SCHEMEID
MTB3927	3	SCHEMEID
MTB3930	3	SCHEMEID
MTB3931	3	SCHEMEID
MTB3934	3	SCHEMEID
MTB3935	3	SCHEMEID
MTB3938	3	SCHEMEID
MTB3972	3	SCHEMEID
MTB3973	3	SCHEMEID
MTB3974	3	SCHEMEID
MTB3979	3	SCHEMEID
MTB3985	3	SCHEMEID
MTB4003	3	SCHEMEID
MTB4018	3	SCHEMEID
MTB4040	3	SCHEMEID
MTB4041	3	SCHEMEID
MTB4067	3	SCHEMEID
MTB4084	3	SCHEMEID
MTB4086	3	SCHEMEID
MTB4101	3	SCHEMEID
MTB4102	3	SCHEMEID
MTB4106	3	SCHEMEID
MTB4107	3	SCHEMEID
MTB4111	3	SCHEMEID
MTB4126	3	SCHEMEID
MTB4135	3	SCHEMEID
MTB4139	3	SCHEMEID
MTB4150	3	SCHEMEID
MTB4151	3	SCHEMEID
MTB4168	3	SCHEMEID
MTB4170	3	SCHEMEID
MTB4173	3	SCHEMEID
MTB4179	3	SCHEMEID
MTB4194	3	SCHEMEID
MTB4196	3	SCHEMEID
MTB4207	3	SCHEMEID
MTB4208	3	SCHEMEID
MTB4220	3	SCHEMEID
MTB4241	3	SCHEMEID
MTB4277	3	SCHEMEID
MTB4285	3	SCHEMEID
MTB4286	3	SCHEMEID
MTB4297	3	SCHEMEID
MTB4303	3	SCHEMEID
MTB4309	3	SCHEMEID
MTB4311	3	SCHEMEID
MTB4323	3	SCHEMEID
MTB4343	3	SCHEMEID
MTB4353	3	SCHEMEID
MTB4358	3	SCHEMEID
MTB4361	3	SCHEMEID
MTB4362	3	SCHEMEID
MTB4363	3	SCHEMEID
MTB4377	3	SCHEMEID
MTB4389	3	SCHEMEID
MTB4407	3	SCHEMEID
MTB4408	3	SCHEMEID
MTB4433	3	SCHEMEID
MTB4439	3	SCHEMEID
MTB4451	3	SCHEMEID
MTB4539	3	SCHEMEID
MTB4541	3	SCHEMEID
MTB4546	3	SCHEMEID
MTB4554	3	SCHEMEID
MTB4555	3	SCHEMEID
MTB4557	3	SCHEMEID
MTB4564	3	SCHEMEID
MTB4565	3	SCHEMEID
MTB4566	3	SCHEMEID
MTB4567	3	SCHEMEID
MTB4568	3	SCHEMEID
MTB4570	3	SCHEMEID
MTB4572	3	SCHEMEID
MTB4575	3	SCHEMEID
MTB4576	3	SCHEMEID
MTB4578	3	SCHEMEID
MTB4587	3	SCHEMEID
MTB4590	3	SCHEMEID
MTB4591	3	SCHEMEID
MTB4596	3	SCHEMEID
MTB4603	3	SCHEMEID
MTB4604	3	SCHEMEID
MTB4610	3	SCHEMEID
MTB4617	3	SCHEMEID
MTB4624	3	SCHEMEID
MTB4627	3	SCHEMEID
MTB4628	3	SCHEMEID
MTB4631	3	SCHEMEID
MTB4646	3	SCHEMEID
MTB4647	3	SCHEMEID
MTB4656	3	SCHEMEID
MTB4696	3	SCHEMEID
MTB4706	3	SCHEMEID
MTB4717	3	SCHEMEID
MTB4729	3	SCHEMEID
MTB4730	3	SCHEMEID
MTB4733	3	SCHEMEID
MTB4757	3	SCHEMEID
MTB4770	3	SCHEMEID
MTB4780	3	SCHEMEID
MTB4783	3	SCHEMEID
MTB4807	3	SCHEMEID
MTB4811	3	SCHEMEID
MTB4818	3	SCHEMEID
MTB4828	3	SCHEMEID
MTB4834	3	SCHEMEID
MTB4858	3	SCHEMEID
MTB4885	3	SCHEMEID
MTB4887	3	SCHEMEID
MTB4898	3	SCHEMEID
MTB4903	3	SCHEMEID
MTB4911	3	SCHEMEID
MTB4914	3	SCHEMEID
MTB4916	3	SCHEMEID
MTB4939	3	SCHEMEID
MTB4947	3	SCHEMEID
MTB4948	3	SCHEMEID
MTB4957	3	SCHEMEID
MTB4958	3	SCHEMEID
MTB4967	3	SCHEMEID
MTB4976	3	SCHEMEID
MTB4987	3	SCHEMEID
MTB4988	3	SCHEMEID
MTB5000	3	SCHEMEID
MTB5008	3	SCHEMEID
MTB5009	3	SCHEMEID
MTB5024	3	SCHEMEID
MTB5025	3	SCHEMEID
MTB5062	3	SCHEMEID
MTB5077	3	SCHEMEID
MTB5085	3	SCHEMEID
MTB5091	3	SCHEMEID
MTB5101	3	SCHEMEID
MTB5102	3	SCHEMEID
MTB5103	3	SCHEMEID
MTB5104	3	SCHEMEID
MTB5105	3	SCHEMEID
MTB5107	3	SCHEMEID
MTB5138	3	SCHEMEID
MTB5140	3	SCHEMEID
MTB5156	3	SCHEMEID
MTB5157	3	SCHEMEID
MTB5160	3	SCHEMEID
MTB5162	3	SCHEMEID
MTB5169	3	SCHEMEID
MTB5188	3	SCHEMEID
MTB5207	3	SCHEMEID
MTB5234	3	SCHEMEID
MTB5240	3	SCHEMEID
MTB5242	3	SCHEMEID
MTB5243	3	SCHEMEID
MTB5245	3	SCHEMEID
MTB5266	3	SCHEMEID
MTB5267	3	SCHEMEID
MTB5270	3	SCHEMEID
MTB5272	3	SCHEMEID
MTB5273	3	SCHEMEID
MTB5279	3	SCHEMEID
MTB5284	3	SCHEMEID
MTB5287	3	SCHEMEID
MTB5294	3	SCHEMEID
MTB5301	3	SCHEMEID
MTB5302	3	SCHEMEID
MTB5303	3	SCHEMEID
MTB5327	3	SCHEMEID
MTB5332	3	SCHEMEID
MTB5336	3	SCHEMEID
MTB5346	3	SCHEMEID
MTB5370	3	SCHEMEID
MTB5380	3	SCHEMEID
MTB5381	3	SCHEMEID
MTB5382	3	SCHEMEID
MTB5389	3	SCHEMEID
MTB5401	3	SCHEMEID
MTB5407	3	SCHEMEID
MTB5424	3	SCHEMEID
MTB5434	3	SCHEMEID
MTB5481	3	SCHEMEID
MTB5484	3	SCHEMEID
MTB5485	3	SCHEMEID
MTB5486	3	SCHEMEID
MTB5487	3	SCHEMEID
MTB5489	3	SCHEMEID
MTB5490	3	SCHEMEID
MTB5491	3	SCHEMEID
MTB5492	3	SCHEMEID
MTB5493	3	SCHEMEID
MTB5496	3	SCHEMEID
MTB5516	3	SCHEMEID
MTB5548	3	SCHEMEID
MTB5550	3	SCHEMEID
MTB5561	3	SCHEMEID
MTB5562	3	SCHEMEID
MTB5563	3	SCHEMEID
MTB5564	3	SCHEMEID
MTB5565	3	SCHEMEID
MTB5566	3	SCHEMEID
MTB5572	3	SCHEMEID
MTB5584	3	SCHEMEID
MTB5657	3	SCHEMEID
MTB5668	3	SCHEMEID
MTB5698	3	SCHEMEID
MTB5705	3	SCHEMEID
MTB5723	3	SCHEMEID
MTB5751	3	SCHEMEID
MTB5762	3	SCHEMEID
MTB5774	3	SCHEMEID
MTB5775	3	SCHEMEID
MTB5778	3	SCHEMEID
MTB5789	3	SCHEMEID
MTB5790	3	SCHEMEID
MTB5796	3	SCHEMEID
MTB5798	3	SCHEMEID
MTB5799	3	SCHEMEID
MTB5800	3	SCHEMEID
MTB5802	3	SCHEMEID
MTB5819	3	SCHEMEID
MTB5831	3	SCHEMEID
MTB5835	3	SCHEMEID
MTB5836	3	SCHEMEID
MTB5837	3	SCHEMEID
MTB5838	3	SCHEMEID
MTB5848	3	SCHEMEID
MTB5849	3	SCHEMEID
MTB5886	3	SCHEMEID
MTB5907	3	SCHEMEID
MTB5917	3	SCHEMEID
MTB5939	3	SCHEMEID
MTB5941	3	SCHEMEID
MTB5942	3	SCHEMEID
MTB5981	3	SCHEMEID
MTB5982	3	SCHEMEID
MTB5984	3	SCHEMEID
MTB5985	3	SCHEMEID
MTB5986	3	SCHEMEID
MTB5998	3	SCHEMEID
MTB6014	3	SCHEMEID
MTB6027	3	SCHEMEID
MTB6029	3	SCHEMEID
MTB6040	3	SCHEMEID
MTB6043	3	SCHEMEID
MTB6057	3	SCHEMEID
MTB6069	3	SCHEMEID
MTB6070	3	SCHEMEID
MTB6088	3	SCHEMEID
MTB6089	3	SCHEMEID
MTB6090	3	SCHEMEID
MTB6091	3	SCHEMEID
MTB6092	3	SCHEMEID
MTB6093	3	SCHEMEID
MTB6104	3	SCHEMEID
MTB6106	3	SCHEMEID
MTB6151	3	SCHEMEID
MTB6186	3	SCHEMEID
MTB6233	3	SCHEMEID
MTB6249	3	SCHEMEID
MTB6253	3	SCHEMEID
MTB6254	3	SCHEMEID
MTB6255	3	SCHEMEID
MTB6256	3	SCHEMEID
MTB6258	3	SCHEMEID
MTB6260	3	SCHEMEID
MTB6261	3	SCHEMEID
MTB6262	3	SCHEMEID
MTB6263	3	SCHEMEID
MTB6265	3	SCHEMEID
MTB6278	3	SCHEMEID
MTB6279	3	SCHEMEID
MTB6280	3	SCHEMEID
MTB6281	3	SCHEMEID
MTB6282	3	SCHEMEID
MTB6283	3	SCHEMEID
MTB6285	3	SCHEMEID
MTB6305	3	SCHEMEID
MTB6314	3	SCHEMEID
MTB6315	3	SCHEMEID
MTB6316	3	SCHEMEID
MTB6323	3	SCHEMEID
MTB6324	3	SCHEMEID
MTB6325	3	SCHEMEID
MTB6326	3	SCHEMEID
MTB6331	3	SCHEMEID
MTB6332	3	SCHEMEID
MTB6345	3	SCHEMEID
MTB6348	3	SCHEMEID
MTB6354	3	SCHEMEID
MTB6361	3	SCHEMEID
MTB6362	3	SCHEMEID
MTB6374	3	SCHEMEID
MTB6380	3	SCHEMEID
MTB6386	3	SCHEMEID
MTB6391	3	SCHEMEID
MTB6393	3	SCHEMEID
MTB6397	3	SCHEMEID
MTB6398	3	SCHEMEID
MTB6399	3	SCHEMEID
MTB6401	3	SCHEMEID
MTB6402	3	SCHEMEID
MTB6403	3	SCHEMEID
MTB6404	3	SCHEMEID
MTB6405	3	SCHEMEID
MTB6407	3	SCHEMEID
MTB6413	3	SCHEMEID
MTB6414	3	SCHEMEID
MTB6415	3	SCHEMEID
MTB6421	3	SCHEMEID
MTB6423	3	SCHEMEID
MTB6424	3	SCHEMEID
MTB6427	3	SCHEMEID
MTB6436	3	SCHEMEID
MTB6444	3	SCHEMEID
MTB6449	3	SCHEMEID
MTB6456	3	SCHEMEID
MTB6457	3	SCHEMEID
MTB6460	3	SCHEMEID
MTB6481	3	SCHEMEID
MTB6483	3	SCHEMEID
MTB6510	3	SCHEMEID
MTB6520	3	SCHEMEID
MTB6527	3	SCHEMEID
MTB6529	3	SCHEMEID
MTB6531	3	SCHEMEID
MTB6552	3	SCHEMEID
MTB6553	3	SCHEMEID
MTB6554	3	SCHEMEID
MTB6558	3	SCHEMEID
MTB6559	3	SCHEMEID
MTB6591	3	SCHEMEID
MTB6599	3	SCHEMEID
MTB6601	3	SCHEMEID
MTB6602	3	SCHEMEID
MTB6603	3	SCHEMEID
MTB6608	3	SCHEMEID
MTB6659	3	SCHEMEID
MTB6676	3	SCHEMEID
MTB6693	3	SCHEMEID
MTB6694	3	SCHEMEID
MTB6695	3	SCHEMEID
MTB6696	3	SCHEMEID
MTB6702	3	SCHEMEID
MTB6703	3	SCHEMEID
MTB6708	3	SCHEMEID
MTB6744	3	SCHEMEID
MTB6749	3	SCHEMEID
MTB6750	3	SCHEMEID
MTB6782	3	SCHEMEID
MTB6790	3	SCHEMEID
MTB6797	3	SCHEMEID
MTB6798	3	SCHEMEID
MTB6803	3	SCHEMEID
MTB6804	3	SCHEMEID
MTB6808	3	SCHEMEID
MTB6827	3	SCHEMEID
MTB6831	3	SCHEMEID
MTB6835	3	SCHEMEID
MTB6844	3	SCHEMEID
MTB6846	3	SCHEMEID
MTB6857	3	SCHEMEID
MTB6866	3	SCHEMEID
MTB6877	3	SCHEMEID
MTB6887	3	SCHEMEID
MTB6888	3	SCHEMEID
MTB6909	3	SCHEMEID
MTB6912	3	SCHEMEID
MTB6914	3	SCHEMEID
MTB6930	3	SCHEMEID
MTB6931	3	SCHEMEID
MTB6932	3	SCHEMEID
MTB6937	3	SCHEMEID
MTB6938	3	SCHEMEID
MTB6939	3	SCHEMEID
MTB6945	3	SCHEMEID
MTB6961	3	SCHEMEID
MTB6962	3	SCHEMEID
MTB6983	3	SCHEMEID
MTB6990	3	SCHEMEID
MTB6995	3	SCHEMEID
MTB7022	3	SCHEMEID
MTB7023	3	SCHEMEID
MTB7024	3	SCHEMEID
MTB7035	3	SCHEMEID
MTB7043	3	SCHEMEID
MTB7048	3	SCHEMEID
MTB7052	3	SCHEMEID
MTB7057	3	SCHEMEID
MTB7058	3	SCHEMEID
MTB7059	3	SCHEMEID
MTB7060	3	SCHEMEID
MTB7061	3	SCHEMEID
MTB7062	3	SCHEMEID
MTB7063	3	SCHEMEID
MTB7064	3	SCHEMEID
MTB7065	3	SCHEMEID
MTB7066	3	SCHEMEID
MTB7067	3	SCHEMEID
MTB7068	3	SCHEMEID
MTB7069	3	SCHEMEID
MTB7070	3	SCHEMEID
MTB7071	3	SCHEMEID
MTB7072	3	SCHEMEID
MTB7076	3	SCHEMEID
MTB7108	3	SCHEMEID
MTB7134	3	SCHEMEID
MTB7139	3	SCHEMEID
MTB7140	3	SCHEMEID
MTB7141	3	SCHEMEID
MTB7162	3	SCHEMEID
MTB7163	3	SCHEMEID
MTB7164	3	SCHEMEID
MTB7165	3	SCHEMEID
MTB7166	3	SCHEMEID
MTB7186	3	SCHEMEID
MTB7192	3	SCHEMEID
MTB7195	3	SCHEMEID
MTB7199	3	SCHEMEID
MTB7200	3	SCHEMEID
MTB7201	3	SCHEMEID
MTB7212	3	SCHEMEID
MTB7214	3	SCHEMEID
MTB7215	3	SCHEMEID
MTB7222	3	SCHEMEID
MTB7231	3	SCHEMEID
MTB7259	3	SCHEMEID
MTB7260	3	SCHEMEID
MTB7262	3	SCHEMEID
MTB7278	3	SCHEMEID
MTB7300	3	SCHEMEID
MTB7302	3	SCHEMEID
MTB7307	3	SCHEMEID
MTB7310	3	SCHEMEID
MTB7311	3	SCHEMEID
MTB7312	3	SCHEMEID
MTB7327	3	SCHEMEID
MTB7341	3	SCHEMEID
MTB7342	3	SCHEMEID
MTB7355	3	SCHEMEID
MTB7359	3	SCHEMEID
MTB7368	3	SCHEMEID
MTB7391	3	SCHEMEID
MTB7413	3	SCHEMEID
MTB7414	3	SCHEMEID
MTB7433	3	SCHEMEID
MTB7437	3	SCHEMEID
MTB7454	3	SCHEMEID
MTB7456	3	SCHEMEID
MTB7457	3	SCHEMEID
MTB7458	3	SCHEMEID
MTB7459	3	SCHEMEID
MTB7472	3	SCHEMEID
MTB7498	3	SCHEMEID
MTB7501	3	SCHEMEID
MTB7509	3	SCHEMEID
MTB7514	3	SCHEMEID
MTB7515	3	SCHEMEID
MTB7534	3	SCHEMEID
MTB7537	3	SCHEMEID
MTB7540	3	SCHEMEID
MTB7558	3	SCHEMEID
MTB7560	3	SCHEMEID
MTB7561	3	SCHEMEID
MTB7564	3	SCHEMEID
MTB7597	3	SCHEMEID
MTB7602	3	SCHEMEID
MTB7610	3	SCHEMEID
MTB7625	3	SCHEMEID
MTB7633	3	SCHEMEID
MTB7642	3	SCHEMEID
MTB7644	3	SCHEMEID
MTB7651	3	SCHEMEID
MTB7652	3	SCHEMEID
MTB7660	3	SCHEMEID
MTB7664	3	SCHEMEID
MTB7669	3	SCHEMEID
MTB7675	3	SCHEMEID
MTB7680	3	SCHEMEID
MTB7688	3	SCHEMEID
MTB7703	3	SCHEMEID
MTB7710	3	SCHEMEID
MTB7711	3	SCHEMEID
MTB7721	3	SCHEMEID
MTB7722	3	SCHEMEID
MTB7723	3	SCHEMEID
MTB7738	3	SCHEMEID
MTB7742	3	SCHEMEID
MTB7743	3	SCHEMEID
MTB7752	3	SCHEMEID
MTB7753	3	SCHEMEID
MTB7754	3	SCHEMEID
MTB7755	3	SCHEMEID
MTB7756	3	SCHEMEID
MTB7760	3	SCHEMEID
MTB7761	3	SCHEMEID
MTB7762	3	SCHEMEID
MTB7763	3	SCHEMEID
MTB7764	3	SCHEMEID
MTB7768	3	SCHEMEID
MTB7773	3	SCHEMEID
MTB7775	3	SCHEMEID
MTB7798	3	SCHEMEID
MTB7811	3	SCHEMEID
MTB7818	3	SCHEMEID
MTB7830	3	SCHEMEID
MTB7832	3	SCHEMEID
MTB7841	3	SCHEMEID
MTB7843	3	SCHEMEID
MTB7850	3	SCHEMEID
MTB7851	3	SCHEMEID
MTB7852	3	SCHEMEID
MTB7854	3	SCHEMEID
MTB7857	3	SCHEMEID
MTB7858	3	SCHEMEID
MTB7859	3	SCHEMEID
MTB7873	3	SCHEMEID
MTB7917	3	SCHEMEID
MTB7918	3	SCHEMEID
MTB7919	3	SCHEMEID
MTB7920	3	SCHEMEID
MTB7921	3	SCHEMEID
MTB7922	3	SCHEMEID
MTB7943	3	SCHEMEID
MTB7948	3	SCHEMEID
MTB7951	3	SCHEMEID
MTB7952	3	SCHEMEID
MTB7953	3	SCHEMEID
MTB7956	3	SCHEMEID
MTB7971	3	SCHEMEID
MTB7977	3	SCHEMEID
MTB7988	3	SCHEMEID
MTB7998	3	SCHEMEID
MTB8016	3	SCHEMEID
MTB8017	3	SCHEMEID
MTB8019	3	SCHEMEID
MTB8066	3	SCHEMEID
MTB8067	3	SCHEMEID
MTB8070	3	SCHEMEID
MTB8084	3	SCHEMEID
MTB8095	3	SCHEMEID
MTB8098	3	SCHEMEID
MTB8099	3	SCHEMEID
MTB8100	3	SCHEMEID
MTB8102	3	SCHEMEID
MTB8103	3	SCHEMEID
MTB8104	3	SCHEMEID
MTB8105	3	SCHEMEID
MTB8127	3	SCHEMEID
MTB8128	3	SCHEMEID
MTB8145	3	SCHEMEID
MTB8148	3	SCHEMEID
MTB8155	3	SCHEMEID
MTB8161	3	SCHEMEID
MTB8163	3	SCHEMEID
MTB8164	3	SCHEMEID
MTB8192	3	SCHEMEID
MTB8206	3	SCHEMEID
MTB8207	3	SCHEMEID
MTB8228	3	SCHEMEID
MTB8233	3	SCHEMEID
MTB8242	3	SCHEMEID
MTB8244	3	SCHEMEID
MTB8260	3	SCHEMEID
MTB8261	3	SCHEMEID
MTB8262	3	SCHEMEID
MTB8265	3	SCHEMEID
MTB8269	3	SCHEMEID
MTB8270	3	SCHEMEID
MTB8271	3	SCHEMEID
MTB8272	3	SCHEMEID
MTB8273	3	SCHEMEID
MTB8274	3	SCHEMEID
MTB8275	3	SCHEMEID
MTB8276	3	SCHEMEID
MTB8326	3	SCHEMEID
MTB8340	3	SCHEMEID
MTB8357	3	SCHEMEID
MTB8360	3	SCHEMEID
MTB8362	3	SCHEMEID
MTB8363	3	SCHEMEID
MTB8366	3	SCHEMEID
MTB8367	3	SCHEMEID
MTB8368	3	SCHEMEID
MTB8369	3	SCHEMEID
MTB8370	3	SCHEMEID
MTB8371	3	SCHEMEID
MTB8372	3	SCHEMEID
MTB8373	3	SCHEMEID
MTB8378	3	SCHEMEID
MTB8381	3	SCHEMEID
MTB8382	3	SCHEMEID
MTB8383	3	SCHEMEID
MTB8384	3	SCHEMEID
MTB8385	3	SCHEMEID
MTB8388	3	SCHEMEID
MTB8479	3	SCHEMEID
MTB8481	3	SCHEMEID
MTB8492	3	SCHEMEID
MTB8493	3	SCHEMEID
MTB8494	3	SCHEMEID
MTB8495	3	SCHEMEID
MTB8496	3	SCHEMEID
MTB8497	3	SCHEMEID
MTB8498	3	SCHEMEID
MTB8499	3	SCHEMEID
MTB8500	3	SCHEMEID
MTB8506	3	SCHEMEID
MTB8509	3	SCHEMEID
MTB8515	3	SCHEMEID
MTB8519	3	SCHEMEID
MTB8528	3	SCHEMEID
MTB8529	3	SCHEMEID
MTB8530	3	SCHEMEID
MTB8531	3	SCHEMEID
MTB8532	3	SCHEMEID
MTB8533	3	SCHEMEID
MTB8544	3	SCHEMEID
MTB8566	3	SCHEMEID
MTB8570	3	SCHEMEID
MTB8571	3	SCHEMEID
MTB8572	3	SCHEMEID
MTB8604	3	SCHEMEID
MTB8606	3	SCHEMEID
MTB8620	3	SCHEMEID
MTB8625	3	SCHEMEID
MTB8633	3	SCHEMEID
MTB8642	3	SCHEMEID
MTB8645	3	SCHEMEID
MTB8646	3	SCHEMEID
MTB8658	3	SCHEMEID
MTB8659	3	SCHEMEID
MTB8661	3	SCHEMEID
MTB8663	3	SCHEMEID
MTB8688	3	SCHEMEID
MTB8692	3	SCHEMEID
MTB8696	3	SCHEMEID
MTB8701	3	SCHEMEID
MTB8709	3	SCHEMEID
MTB8756	3	SCHEMEID
MTB8759	3	SCHEMEID
MTB8769	3	SCHEMEID
MTB8794	3	SCHEMEID
MTB8810	3	SCHEMEID
MTB8823	3	SCHEMEID
MTB8828	3	SCHEMEID
MTB8829	3	SCHEMEID
MTB8831	3	SCHEMEID
MTB8836	3	SCHEMEID
MTB8842	3	SCHEMEID
MTB8850	3	SCHEMEID
MTB8852	3	SCHEMEID
MTB8853	3	SCHEMEID
MTB8854	3	SCHEMEID
MTB8855	3	SCHEMEID
MTB8856	3	SCHEMEID
MTB8869	3	SCHEMEID
MTB8876	3	SCHEMEID
MTB8878	3	SCHEMEID
MTB8879	3	SCHEMEID
MTB8892	3	SCHEMEID
MTB8893	3	SCHEMEID
MTB8894	3	SCHEMEID
MTB8895	3	SCHEMEID
MTB8896	3	SCHEMEID
MTB8913	3	SCHEMEID
MTB8930	3	SCHEMEID
MTB8958	3	SCHEMEID
MTB8965	3	SCHEMEID
MTB8973	3	SCHEMEID
MTB8982	3	SCHEMEID
MTB8990	3	SCHEMEID
MTB8991	3	SCHEMEID
MTB8992	3	SCHEMEID
MTB8993	3	SCHEMEID
MTB8999	3	SCHEMEID
MTB9000	3	SCHEMEID
MTB9001	3	SCHEMEID
MTB9002	3	SCHEMEID
MTB9011	3	SCHEMEID
MTB9032	3	SCHEMEID
MTB9035	3	SCHEMEID
MTB9036	3	SCHEMEID
MTB9037	3	SCHEMEID
MTB9051	3	SCHEMEID
MTB9064	3	SCHEMEID
MTB9075	3	SCHEMEID
MTB9082	3	SCHEMEID
MTB9088	3	SCHEMEID
MTB9096	3	SCHEMEID
MTB9101	3	SCHEMEID
MTB9116	3	SCHEMEID
MTB9126	3	SCHEMEID
MTB9128	3	SCHEMEID
MTB9129	3	SCHEMEID
MTB9130	3	SCHEMEID
MTB9141	3	SCHEMEID
MTB9158	3	SCHEMEID
MTB9162	3	SCHEMEID
MTB9166	3	SCHEMEID
MTB9177	3	SCHEMEID
MTB9178	3	SCHEMEID
MTB9179	3	SCHEMEID
MTB9180	3	SCHEMEID
MTB9197	3	SCHEMEID
MTB9199	3	SCHEMEID
MTB9203	3	SCHEMEID
MTB9229	3	SCHEMEID
MTB9233	3	SCHEMEID
MTB9255	3	SCHEMEID
MTB9270	3	SCHEMEID
MTB9272	3	SCHEMEID
MTB9273	3	SCHEMEID
MTB9277	3	SCHEMEID
MTB9278	3	SCHEMEID
MTB9285	3	SCHEMEID
MTB9292	3	SCHEMEID
MTB9318	3	SCHEMEID
MTB9319	3	SCHEMEID
MTB9320	3	SCHEMEID
MTB9333	3	SCHEMEID
MTB9384	3	SCHEMEID
MTB9386	3	SCHEMEID
MTB9391	3	SCHEMEID
MTB9393	3	SCHEMEID
MTB9402	3	SCHEMEID
MTB9404	3	SCHEMEID
MTB9405	3	SCHEMEID
MTB9407	3	SCHEMEID
MTB9413	3	SCHEMEID
MTB9417	3	SCHEMEID
MTB9443	3	SCHEMEID
MTB9444	3	SCHEMEID
MTB9456	3	SCHEMEID
MTB9457	3	SCHEMEID
MTB9471	3	SCHEMEID
MTB9482	3	SCHEMEID
MTB9484	3	SCHEMEID
MTB9486	3	SCHEMEID
MTB9489	3	SCHEMEID
MTB9494	3	SCHEMEID
MTB9495	3	SCHEMEID
MTB9499	3	SCHEMEID
MTB9510	3	SCHEMEID
MTB9525	3	SCHEMEID
MTB9526	3	SCHEMEID
MTB9536	3	SCHEMEID
MTB9537	3	SCHEMEID
MTB9538	3	SCHEMEID
MTB9539	3	SCHEMEID
MTB9540	3	SCHEMEID
MTB9541	3	SCHEMEID
MTB9543	3	SCHEMEID
MTB9556	3	SCHEMEID
MTB9557	3	SCHEMEID
MTB9570	3	SCHEMEID
MTB9578	3	SCHEMEID
MTB9590	3	SCHEMEID
MTB9607	3	SCHEMEID
MTB9608	3	SCHEMEID
MTB9610	3	SCHEMEID
MTB9611	3	SCHEMEID
MTB9612	3	SCHEMEID
MTB9613	3	SCHEMEID
MTB9614	3	SCHEMEID
MTB9616	3	SCHEMEID
MTB9617	3	SCHEMEID
MTB9620	3	SCHEMEID
MTB9621	3	SCHEMEID
MTB9622	3	SCHEMEID
MTB9624	3	SCHEMEID
MTB9625	3	SCHEMEID
MTB9627	3	SCHEMEID
MTB9628	3	SCHEMEID
MTB9629	3	SCHEMEID
MTB9630	3	SCHEMEID
MTB9633	3	SCHEMEID
MTB9634	3	SCHEMEID
MTB9635	3	SCHEMEID
MTB9636	3	SCHEMEID
MTB9637	3	SCHEMEID
MTB9638	3	SCHEMEID
MTB9639	3	SCHEMEID
MTB9642	3	SCHEMEID
MTB9643	3	SCHEMEID
MTB9644	3	SCHEMEID
MTB9645	3	SCHEMEID
MTB9650	3	SCHEMEID
MTB9651	3	SCHEMEID
MTB9653	3	SCHEMEID
MTB9675	3	SCHEMEID
MTB9688	3	SCHEMEID
MTB9690	3	SCHEMEID
MTB9692	3	SCHEMEID
MTB9693	3	SCHEMEID
MTB9694	3	SCHEMEID
MTB9706	3	SCHEMEID
MTB9710	3	SCHEMEID
MTB9743	3	SCHEMEID
MTB9744	3	SCHEMEID
MTB9749	3	SCHEMEID
MTB9761	3	SCHEMEID
MTB9763	3	SCHEMEID
MTB9769	3	SCHEMEID
MTB9771	3	SCHEMEID
MTB9795	3	SCHEMEID
MTB9810	3	SCHEMEID
MTB9825	3	SCHEMEID
MTB9843	3	SCHEMEID
MTB9871	3	SCHEMEID
MTB9872	3	SCHEMEID
MTB9873	3	SCHEMEID
MTB9874	3	SCHEMEID
MTB9875	3	SCHEMEID
MTB9876	3	SCHEMEID
MTB9878	3	SCHEMEID
MTB9890	3	SCHEMEID
MTB9891	3	SCHEMEID
MTB9896	3	SCHEMEID
MTB9897	3	SCHEMEID
MTB9898	3	SCHEMEID
MTB9899	3	SCHEMEID
MTB9906	3	SCHEMEID
MTB9911	3	SCHEMEID
MTB9920	3	SCHEMEID
MTB9923	3	SCHEMEID
MTB9924	3	SCHEMEID
MTB9925	3	SCHEMEID
MTB9929	3	SCHEMEID
MTB9930	3	SCHEMEID
MTB9931	3	SCHEMEID
MTB9945	3	SCHEMEID
MTB9951	3	SCHEMEID
MTB9981	3	SCHEMEID
MTB9988	3	SCHEMEID
MTB9992	3	SCHEMEID
MTB10019	3	SCHEMEID
MTB10029	3	SCHEMEID
MTB10047	3	SCHEMEID
MTB10070	3	SCHEMEID
MTB10076	3	SCHEMEID
MTB10077	3	SCHEMEID
MTB10085	3	SCHEMEID
MTB10102	3	SCHEMEID
MTB10103	3	SCHEMEID
MTB10104	3	SCHEMEID
MTB10114	3	SCHEMEID
MTB10141	3	SCHEMEID
MTB10142	3	SCHEMEID
MTB10145	3	SCHEMEID
MTB10147	3	SCHEMEID
MTB10154	3	SCHEMEID
MTB10157	3	SCHEMEID
MTB10165	3	SCHEMEID
MTB10170	3	SCHEMEID
MTB10171	3	SCHEMEID
MTB10174	3	SCHEMEID
MTB10184	3	SCHEMEID
MTB10185	3	SCHEMEID
MTB10187	3	SCHEMEID
MTB10234	3	SCHEMEID
MTB10240	3	SCHEMEID
MTB10260	3	SCHEMEID
MTB10282	3	SCHEMEID
MTB10284	3	SCHEMEID
MTB10301	3	SCHEMEID
MTB10319	3	SCHEMEID
MTB10320	3	SCHEMEID
MTB10321	3	SCHEMEID
MTB10322	3	SCHEMEID
MTB10323	3	SCHEMEID
MTB10324	3	SCHEMEID
MTB10325	3	SCHEMEID
MTB10326	3	SCHEMEID
MTB10327	3	SCHEMEID
MTB10328	3	SCHEMEID
MTB10329	3	SCHEMEID
MTB10331	3	SCHEMEID
MTB10335	3	SCHEMEID
MTB10336	3	SCHEMEID
MTB10340	3	SCHEMEID
MTB10346	3	SCHEMEID
MTB10348	3	SCHEMEID
MTB10367	3	SCHEMEID
MTB10368	3	SCHEMEID
MTB10370	3	SCHEMEID
MTB10371	3	SCHEMEID
MTB10372	3	SCHEMEID
MTB10373	3	SCHEMEID
MTB10390	3	SCHEMEID
MTB10397	3	SCHEMEID
MTB10429	3	SCHEMEID
MTB10430	3	SCHEMEID
MTB10444	3	SCHEMEID
MTB10452	3	SCHEMEID
MTB10453	3	SCHEMEID
MTB10460	3	SCHEMEID
MTB10461	3	SCHEMEID
MTB10462	3	SCHEMEID
MTB10463	3	SCHEMEID
MTB10464	3	SCHEMEID
MTB10485	3	SCHEMEID
MTB10486	3	SCHEMEID
MTB10591	3	SCHEMEID
MTB10600	3	SCHEMEID
MTB10606	3	SCHEMEID
MTB10630	3	SCHEMEID
MTB10635	3	SCHEMEID
MTB10638	3	SCHEMEID
MTB10639	3	SCHEMEID
MTB10640	3	SCHEMEID
MTB10642	3	SCHEMEID
MTB10663	3	SCHEMEID
MTB10666	3	SCHEMEID
MTB10692	3	SCHEMEID
MTB10693	3	SCHEMEID
MTB10695	3	SCHEMEID
MTB10696	3	SCHEMEID
MTB10702	3	SCHEMEID
MTB10705	3	SCHEMEID
MTB10707	3	SCHEMEID
MTB10709	3	SCHEMEID
MTB10711	3	SCHEMEID
MTB10716	3	SCHEMEID
MTB10734	3	SCHEMEID
MTB10737	3	SCHEMEID
MTB10741	3	SCHEMEID
MTB10744	3	SCHEMEID
MTB10751	3	SCHEMEID
MTB10752	3	SCHEMEID
MTB10754	3	SCHEMEID
MTB10764	3	SCHEMEID
MTB10778	3	SCHEMEID
MTB10781	3	SCHEMEID
MTB10789	3	SCHEMEID
MTB10826	3	SCHEMEID
MTB10829	3	SCHEMEID
MTB10830	3	SCHEMEID
MTB10851	3	SCHEMEID
MTB10854	3	SCHEMEID
MTB10858	3	SCHEMEID
MTB10866	3	SCHEMEID
MTB10867	3	SCHEMEID
MTB10868	3	SCHEMEID
MTB10869	3	SCHEMEID
MTB10873	3	SCHEMEID
MTB10876	3	SCHEMEID
MTB10878	3	SCHEMEID
MTB10880	3	SCHEMEID
MTB10881	3	SCHEMEID
MTB10887	3	SCHEMEID
MTB10891	3	SCHEMEID
MTB10946	3	SCHEMEID
MTB10949	3	SCHEMEID
MTB10954	3	SCHEMEID
MTB10957	3	SCHEMEID
MTB10970	3	SCHEMEID
MTB10988	3	SCHEMEID
MTB10989	3	SCHEMEID
MTB11008	3	SCHEMEID
MTB11054	3	SCHEMEID
MTB11062	3	SCHEMEID
MTB11082	3	SCHEMEID
MTB11086	3	SCHEMEID
MTB11112	3	SCHEMEID
MTB11117	3	SCHEMEID
MTB11118	3	SCHEMEID
MTB11119	3	SCHEMEID
MTB11158	3	SCHEMEID
MTB11160	3	SCHEMEID
MTB11161	3	SCHEMEID
MTB11168	3	SCHEMEID
MTB11174	3	SCHEMEID
MTB11207	3	SCHEMEID
MTB11208	3	SCHEMEID
MTB11209	3	SCHEMEID
MTB11210	3	SCHEMEID
MTB11211	3	SCHEMEID
MTB11222	3	SCHEMEID
MTB11223	3	SCHEMEID
MTB11229	3	SCHEMEID
MTB11237	3	SCHEMEID
MTB11238	3	SCHEMEID
MTB11246	3	SCHEMEID
MTB11258	3	SCHEMEID
MTB11280	3	SCHEMEID
MTB11284	3	SCHEMEID
MTB11294	3	SCHEMEID
MTB11297	3	SCHEMEID
MTB11300	3	SCHEMEID
MTB11304	3	SCHEMEID
MTB11318	3	SCHEMEID
MTB11319	3	SCHEMEID
MTB11336	3	SCHEMEID
MTB11356	3	SCHEMEID
MTB11362	3	SCHEMEID
MTB11377	3	SCHEMEID
MTB11398	3	SCHEMEID
MTB11428	3	SCHEMEID
MTB11430	3	SCHEMEID
MTB11455	3	SCHEMEID
MTB11456	3	SCHEMEID
MTB11507	3	SCHEMEID
MTB11508	3	SCHEMEID
MTB11510	3	SCHEMEID
MTB11519	3	SCHEMEID
MTB11520	3	SCHEMEID
MTB11521	3	SCHEMEID
MTB11522	3	SCHEMEID
MTB11523	3	SCHEMEID
MTB11524	3	SCHEMEID
MTB11525	3	SCHEMEID
MTB11526	3	SCHEMEID
MTB11538	3	SCHEMEID
MTB11539	3	SCHEMEID
MTB11540	3	SCHEMEID
MTB11541	3	SCHEMEID
MTB11568	3	SCHEMEID
MTB11570	3	SCHEMEID
MTB11571	3	SCHEMEID
MTB11572	3	SCHEMEID
MTB11573	3	SCHEMEID
MTB11575	3	SCHEMEID
MTB11576	3	SCHEMEID
MTB11577	3	SCHEMEID
MTB11590	3	SCHEMEID
MTB11592	3	SCHEMEID
MTB11595	3	SCHEMEID
MTB11598	3	SCHEMEID
MTB11607	3	SCHEMEID
MTB11608	3	SCHEMEID
MTB11609	3	SCHEMEID
MTB11630	3	SCHEMEID
MTB11645	3	SCHEMEID
MTB11671	3	SCHEMEID
MTB11672	3	SCHEMEID
MTB11674	3	SCHEMEID
MTB11688	3	SCHEMEID
MTB11701	3	SCHEMEID
MTB11702	3	SCHEMEID
MTB11704	3	SCHEMEID
MTB11706	3	SCHEMEID
MTB11712	3	SCHEMEID
MTB11720	3	SCHEMEID
MTB11751	3	SCHEMEID
MTB11760	3	SCHEMEID
MTB11762	3	SCHEMEID
MTB11804	3	SCHEMEID
MTB11808	3	SCHEMEID
MTB11825	3	SCHEMEID
MTB11826	3	SCHEMEID
MTB11827	3	SCHEMEID
MTB11833	3	SCHEMEID
MTB11834	3	SCHEMEID
MTB11846	3	SCHEMEID
MTB11847	3	SCHEMEID
MTB11848	3	SCHEMEID
MTB11849	3	SCHEMEID
MTB11850	3	SCHEMEID
MTB11851	3	SCHEMEID
MTB11852	3	SCHEMEID
MTB11853	3	SCHEMEID
MTB11854	3	SCHEMEID
MTB11864	3	SCHEMEID
MTB11866	3	SCHEMEID
MTB11868	3	SCHEMEID
MTB11872	3	SCHEMEID
MTB11873	3	SCHEMEID
MTB11875	3	SCHEMEID
MTB11881	3	SCHEMEID
MTB11886	3	SCHEMEID
MTB11929	3	SCHEMEID
MTB11931	3	SCHEMEID
MTB11938	3	SCHEMEID
MTB11943	3	SCHEMEID
MTB11953	3	SCHEMEID
MTB11961	3	SCHEMEID
MTB11965	3	SCHEMEID
MTB11970	3	SCHEMEID
MTB11973	3	SCHEMEID
MTB11975	3	SCHEMEID
MTB11976	3	SCHEMEID
MTB11984	3	SCHEMEID
MTB11985	3	SCHEMEID
MTB12019	3	SCHEMEID
MTB12022	3	SCHEMEID
MTB12023	3	SCHEMEID
MTB12024	3	SCHEMEID
MTB12025	3	SCHEMEID
MTB12026	3	SCHEMEID
MTB12027	3	SCHEMEID
MTB12081	3	SCHEMEID
MTB12085	3	SCHEMEID
MTB12088	3	SCHEMEID
MTB12092	3	SCHEMEID
MTB12093	3	SCHEMEID
MTB12094	3	SCHEMEID
MTB12100	3	SCHEMEID
MTB12130	3	SCHEMEID
MTB12140	3	SCHEMEID
MTB12146	3	SCHEMEID
MTB12156	3	SCHEMEID
MTB12165	3	SCHEMEID
MTB12192	3	SCHEMEID
MTB12211	3	SCHEMEID
MTB12236	3	SCHEMEID
MTB12276	3	SCHEMEID
MTB12277	3	SCHEMEID
MTB12278	3	SCHEMEID
MTB12279	3	SCHEMEID
MTB12280	3	SCHEMEID
MTB12281	3	SCHEMEID
MTB12292	3	SCHEMEID
MTB12320	3	SCHEMEID
MTB12355	3	SCHEMEID
MTB12370	3	SCHEMEID
MTB12416	3	SCHEMEID
MTB12419	3	SCHEMEID
MTB12440	3	SCHEMEID
MTB12442	3	SCHEMEID
MTB12443	3	SCHEMEID
MTB12450	3	SCHEMEID
MTB12458	3	SCHEMEID
MTB12472	3	SCHEMEID
MTB12475	3	SCHEMEID
MTB12479	3	SCHEMEID
MTB12504	3	SCHEMEID
MTB12508	3	SCHEMEID
MTB12523	3	SCHEMEID
MTB12526	3	SCHEMEID
MTB12530	3	SCHEMEID
MTB12532	3	SCHEMEID
MTB12535	3	SCHEMEID
MTB12536	3	SCHEMEID
MTB12537	3	SCHEMEID
MTB12571	3	SCHEMEID
MTB12588	3	SCHEMEID
MTB12598	3	SCHEMEID
MTB12599	3	SCHEMEID
MTB12608	3	SCHEMEID
MTB12628	3	SCHEMEID
MTB12632	3	SCHEMEID
MTB12633	3	SCHEMEID
MTB12634	3	SCHEMEID
MTB12635	3	SCHEMEID
MTB12659	3	SCHEMEID
MTB12661	3	SCHEMEID
MTB12679	3	SCHEMEID
MTB12702	3	SCHEMEID
MTB12706	3	SCHEMEID
MTB12707	3	SCHEMEID
MTB12708	3	SCHEMEID
MTB12713	3	SCHEMEID
MTB12716	3	SCHEMEID
MTB12718	3	SCHEMEID
MTB12730	3	SCHEMEID
MTB12743	3	SCHEMEID
MTB12748	3	SCHEMEID
MTB12749	3	SCHEMEID
MTB12753	3	SCHEMEID
MTB12758	3	SCHEMEID
MTB12768	3	SCHEMEID
MTB12770	3	SCHEMEID
MTB12772	3	SCHEMEID
MTB12774	3	SCHEMEID
MTB12776	3	SCHEMEID
MTB12778	3	SCHEMEID
MTB12796	3	SCHEMEID
MTB12800	3	SCHEMEID
MTB12801	3	SCHEMEID
MTB12803	3	SCHEMEID
MTB12808	3	SCHEMEID
MTB12823	3	SCHEMEID
MTB12840	3	SCHEMEID
MTB12842	3	SCHEMEID
MTB12851	3	SCHEMEID
MTB12859	3	SCHEMEID
MTB12860	3	SCHEMEID
MTB12862	3	SCHEMEID
MTB12863	3	SCHEMEID
MTB12930	3	SCHEMEID
MTB12931	3	SCHEMEID
MTB12934	3	SCHEMEID
MTB12939	3	SCHEMEID
MTB12961	3	SCHEMEID
MTB12990	3	SCHEMEID
MTB12994	3	SCHEMEID
MTB12997	3	SCHEMEID
MTB13005	3	SCHEMEID
MTB13007	3	SCHEMEID
MTB13012	3	SCHEMEID
MTB13013	3	SCHEMEID
MTB13033	3	SCHEMEID
MTB13053	3	SCHEMEID
MTB13069	3	SCHEMEID
MTB13071	3	SCHEMEID
MTB13073	3	SCHEMEID
MTB13091	3	SCHEMEID
MTB13092	3	SCHEMEID
MTB13093	3	SCHEMEID
MTB13100	3	SCHEMEID
MTB13134	3	SCHEMEID
MTB13135	3	SCHEMEID
MTB13139	3	SCHEMEID
MTB13149	3	SCHEMEID
MTB13150	3	SCHEMEID
MTB13156	3	SCHEMEID
MTB13158	3	SCHEMEID
MTB13159	3	SCHEMEID
MTB13160	3	SCHEMEID
MTB13161	3	SCHEMEID
MTB13162	3	SCHEMEID
MTB13163	3	SCHEMEID
MTB13169	3	SCHEMEID
MTB13170	3	SCHEMEID
MTB13172	3	SCHEMEID
MTB13185	3	SCHEMEID
MTB13195	3	SCHEMEID
MTB13196	3	SCHEMEID
MTB13197	3	SCHEMEID
MTB13198	3	SCHEMEID
MTB13199	3	SCHEMEID
MTB13200	3	SCHEMEID
MTB13201	3	SCHEMEID
MTB13202	3	SCHEMEID
MTB13226	3	SCHEMEID
MTB13234	3	SCHEMEID
MTB13238	3	SCHEMEID
MTB13246	3	SCHEMEID
MTB13249	3	SCHEMEID
MTB13257	3	SCHEMEID
MTB13285	3	SCHEMEID
MTB13301	3	SCHEMEID
MTB13303	3	SCHEMEID
MTB13309	3	SCHEMEID
MTB13310	3	SCHEMEID
MTB13331	3	SCHEMEID
MTB13349	3	SCHEMEID
MTB13359	3	SCHEMEID
MTB13360	3	SCHEMEID
MTB13364	3	SCHEMEID
MTB13366	3	SCHEMEID
MTB13367	3	SCHEMEID
MTB13372	3	SCHEMEID
MTB13374	3	SCHEMEID
MTB13376	3	SCHEMEID
MTB13377	3	SCHEMEID
MTB13378	3	SCHEMEID
MTB13380	3	SCHEMEID
MTB13381	3	SCHEMEID
MTB13382	3	SCHEMEID
MTB13385	3	SCHEMEID
MTB13387	3	SCHEMEID
MTB13392	3	SCHEMEID
MTB13394	3	SCHEMEID
MTB13402	3	SCHEMEID
MTB13405	3	SCHEMEID
MTB13410	3	SCHEMEID
MTB13415	3	SCHEMEID
MTB13422	3	SCHEMEID
MTB13431	3	SCHEMEID
MTB13433	3	SCHEMEID
MTB13451	3	SCHEMEID
MTB13453	3	SCHEMEID
MTB13461	3	SCHEMEID
MTB13473	3	SCHEMEID
MTB13475	3	SCHEMEID
MTB13486	3	SCHEMEID
MTB13487	3	SCHEMEID
MTB13489	3	SCHEMEID
MTB13490	3	SCHEMEID
MTB13491	3	SCHEMEID
MTB13492	3	SCHEMEID
MTB13493	3	SCHEMEID
MTB13528	3	SCHEMEID
MTB13536	3	SCHEMEID
MTB13548	3	SCHEMEID
MTB13561	3	SCHEMEID
MTB13587	3	SCHEMEID
MTB13588	3	SCHEMEID
MTB13589	3	SCHEMEID
MTB13590	3	SCHEMEID
MTB13591	3	SCHEMEID
MTB13592	3	SCHEMEID
MTB13593	3	SCHEMEID
MTB13594	3	SCHEMEID
MTB13605	3	SCHEMEID
MTB13606	3	SCHEMEID
MTB13607	3	SCHEMEID
MTB13621	3	SCHEMEID
MTB13635	3	SCHEMEID
MTB13636	3	SCHEMEID
MTB13645	3	SCHEMEID
MTB13647	3	SCHEMEID
MTB13650	3	SCHEMEID
MTB13662	3	SCHEMEID
MTB13663	3	SCHEMEID
MTB13669	3	SCHEMEID
MTB13670	3	SCHEMEID
MTB13671	3	SCHEMEID
MTB13672	3	SCHEMEID
MTB13673	3	SCHEMEID
MTB13674	3	SCHEMEID
MTB13675	3	SCHEMEID
MTB13677	3	SCHEMEID
MTB13678	3	SCHEMEID
MTB13679	3	SCHEMEID
MTB13682	3	SCHEMEID
MTB13683	3	SCHEMEID
MTB13684	3	SCHEMEID
MTB13685	3	SCHEMEID
MTB13686	3	SCHEMEID
MTB13687	3	SCHEMEID
MTB13688	3	SCHEMEID
MTB13689	3	SCHEMEID
MTB13690	3	SCHEMEID
MTB13691	3	SCHEMEID
MTB13692	3	SCHEMEID
MTB13693	3	SCHEMEID
MTB13694	3	SCHEMEID
MTB13695	3	SCHEMEID
MTB13696	3	SCHEMEID
MTB13697	3	SCHEMEID
MTB13698	3	SCHEMEID
MTB13699	3	SCHEMEID
MTB13700	3	SCHEMEID
MTB13701	3	SCHEMEID
MTB13702	3	SCHEMEID
MTB13703	3	SCHEMEID
MTB13704	3	SCHEMEID
MTB13705	3	SCHEMEID
MTB13706	3	SCHEMEID
MTB13708	3	SCHEMEID
MTB13709	3	SCHEMEID
MTB13714	3	SCHEMEID
MTB13718	3	SCHEMEID
MTB13720	3	SCHEMEID
MTB13721	3	SCHEMEID
MTB13725	3	SCHEMEID
MTB13726	3	SCHEMEID
MTB13742	3	SCHEMEID
MTB13767	3	SCHEMEID
MTB13795	3	SCHEMEID
MTB13807	3	SCHEMEID
MTB13810	3	SCHEMEID
MTB13816	3	SCHEMEID
MTB13823	3	SCHEMEID
MTB13840	3	SCHEMEID
MTB13863	3	SCHEMEID
MTB13866	3	SCHEMEID
MTB13876	3	SCHEMEID
MTB13931	3	SCHEMEID
MTB13948	3	SCHEMEID
MTB13949	3	SCHEMEID
MTB13963	3	SCHEMEID
MTB13971	3	SCHEMEID
MTB13972	3	SCHEMEID
MTB13974	3	SCHEMEID
MTB13975	3	SCHEMEID
MTB13976	3	SCHEMEID
MTB13977	3	SCHEMEID
MTB13978	3	SCHEMEID
MTB13979	3	SCHEMEID
MTB13980	3	SCHEMEID
MTB13981	3	SCHEMEID
MTB13982	3	SCHEMEID
MTB13983	3	SCHEMEID
MTB13984	3	SCHEMEID
MTB13985	3	SCHEMEID
MTB13986	3	SCHEMEID
MTB13987	3	SCHEMEID
MTB13988	3	SCHEMEID
MTB13989	3	SCHEMEID
MTB13990	3	SCHEMEID
MTB13991	3	SCHEMEID
MTB13992	3	SCHEMEID
MTB13993	3	SCHEMEID
MTB13994	3	SCHEMEID
MTB13995	3	SCHEMEID
MTB13996	3	SCHEMEID
MTB13997	3	SCHEMEID
MTB13998	3	SCHEMEID
MTB13999	3	SCHEMEID
MTB14000	3	SCHEMEID
MTB14001	3	SCHEMEID
MTB14002	3	SCHEMEID
MTB14003	3	SCHEMEID
MTB14004	3	SCHEMEID
MTB14005	3	SCHEMEID
MTB14006	3	SCHEMEID
MTB14007	3	SCHEMEID
MTB14008	3	SCHEMEID
MTB14009	3	SCHEMEID
MTB14010	3	SCHEMEID
MTB14011	3	SCHEMEID
MTB14012	3	SCHEMEID
MTB14013	3	SCHEMEID
MTB14014	3	SCHEMEID
MTB14015	3	SCHEMEID
MTB14016	3	SCHEMEID
MTB14017	3	SCHEMEID
MTB14018	3	SCHEMEID
MTB14019	3	SCHEMEID
MTB14027	3	SCHEMEID
MTB14045	3	SCHEMEID
MTB14046	3	SCHEMEID
MTB14049	3	SCHEMEID
MTB14055	3	SCHEMEID
MTB14062	3	SCHEMEID
MTB14072	3	SCHEMEID
MTB14079	3	SCHEMEID
MTB14080	3	SCHEMEID
MTB14081	3	SCHEMEID
MTB14082	3	SCHEMEID
MTB14083	3	SCHEMEID
MTB14084	3	SCHEMEID
MTB14103	3	SCHEMEID
MTB14104	3	SCHEMEID
MTB14105	3	SCHEMEID
MTB14107	3	SCHEMEID
MTB14108	3	SCHEMEID
MTB14110	3	SCHEMEID
MTB14114	3	SCHEMEID
MTB14115	3	SCHEMEID
MTB14116	3	SCHEMEID
MTB14117	3	SCHEMEID
MTB14118	3	SCHEMEID
MTB14119	3	SCHEMEID
MTB14120	3	SCHEMEID
MTB14128	3	SCHEMEID
MTB14132	3	SCHEMEID
MTB14139	3	SCHEMEID
MTB14155	3	SCHEMEID
MTB14156	3	SCHEMEID
MTB14157	3	SCHEMEID
MTB14168	3	SCHEMEID
MTB14169	3	SCHEMEID
MTB14173	3	SCHEMEID
MTB14204	3	SCHEMEID
MTB14217	3	SCHEMEID
MTB14221	3	SCHEMEID
MTB14228	3	SCHEMEID
MTB14229	3	SCHEMEID
MTB14230	3	SCHEMEID
MTB14231	3	SCHEMEID
MTB14232	3	SCHEMEID
MTB14237	3	SCHEMEID
MTB14246	3	SCHEMEID
MTB14263	3	SCHEMEID
MTB14297	3	SCHEMEID
MTB14313	3	SCHEMEID
MTB14315	3	SCHEMEID
MTB14319	3	SCHEMEID
MTB14320	3	SCHEMEID
MTB14321	3	SCHEMEID
MTB14331	3	SCHEMEID
MTB14337	3	SCHEMEID
MTB14339	3	SCHEMEID
MTB14341	3	SCHEMEID
MTB14352	3	SCHEMEID
MTB14366	3	SCHEMEID
MTB14374	3	SCHEMEID
MTB14381	3	SCHEMEID
MTB14386	3	SCHEMEID
MTB14392	3	SCHEMEID
MTB14402	3	SCHEMEID
MTB14419	3	SCHEMEID
MTB14426	3	SCHEMEID
MTB14427	3	SCHEMEID
MTB14437	3	SCHEMEID
MTB14454	3	SCHEMEID
MTB14457	3	SCHEMEID
MTB14462	3	SCHEMEID
MTB14464	3	SCHEMEID
MTB14465	3	SCHEMEID
MTB14471	3	SCHEMEID
MTB14478	3	SCHEMEID
MTB14479	3	SCHEMEID
MTB14483	3	SCHEMEID
MTB14489	3	SCHEMEID
MTB14494	3	SCHEMEID
MTB14496	3	SCHEMEID
MTB14529	3	SCHEMEID
MTB14531	3	SCHEMEID
MTB14543	3	SCHEMEID
MTB14548	3	SCHEMEID
MTB14558	3	SCHEMEID
MTB14559	3	SCHEMEID
MTB14585	3	SCHEMEID
MTB14595	3	SCHEMEID
MTB14598	3	SCHEMEID
MTB14602	3	SCHEMEID
MTB14603	3	SCHEMEID
MTB14604	3	SCHEMEID
MTB14605	3	SCHEMEID
MTB14608	3	SCHEMEID
MTB14609	3	SCHEMEID
MTB14610	3	SCHEMEID
MTB14611	3	SCHEMEID
MTB14612	3	SCHEMEID
MTB14613	3	SCHEMEID
MTB14614	3	SCHEMEID
MTB14616	3	SCHEMEID
MTB14617	3	SCHEMEID
MTB14618	3	SCHEMEID
MTB14619	3	SCHEMEID
MTB14626	3	SCHEMEID
MTB14640	3	SCHEMEID
MTB14641	3	SCHEMEID
MTB14646	3	SCHEMEID
MTB14651	3	SCHEMEID
MTB14652	3	SCHEMEID
MTB14656	3	SCHEMEID
MTB14657	3	SCHEMEID
MTB14664	3	SCHEMEID
MTB14684	3	SCHEMEID
MTB14685	3	SCHEMEID
MTB14686	3	SCHEMEID
MTB14687	3	SCHEMEID
MTB14688	3	SCHEMEID
MTB14689	3	SCHEMEID
MTB14690	3	SCHEMEID
MTB14691	3	SCHEMEID
MTB14692	3	SCHEMEID
MTB14693	3	SCHEMEID
MTB14694	3	SCHEMEID
MTB14695	3	SCHEMEID
MTB14696	3	SCHEMEID
MTB14697	3	SCHEMEID
MTB14698	3	SCHEMEID
MTB14699	3	SCHEMEID
MTB14700	3	SCHEMEID
MTB14701	3	SCHEMEID
MTB14702	3	SCHEMEID
MTB14703	3	SCHEMEID
MTB14713	3	SCHEMEID
MTB14718	3	SCHEMEID
MTB14719	3	SCHEMEID
MTB14720	3	SCHEMEID
MTB14721	3	SCHEMEID
MTB14722	3	SCHEMEID
MTB14727	3	SCHEMEID
MTB14728	3	SCHEMEID
MTB14739	3	SCHEMEID
MTB14748	3	SCHEMEID
MTB14749	3	SCHEMEID
MTB14750	3	SCHEMEID
MTB14751	3	SCHEMEID
MTB14752	3	SCHEMEID
MTB14753	3	SCHEMEID
MTB14754	3	SCHEMEID
MTB14755	3	SCHEMEID
MTB14756	3	SCHEMEID
MTB14758	3	SCHEMEID
MTB14759	3	SCHEMEID
MTB14767	3	SCHEMEID
MTB14773	3	SCHEMEID
MTB14775	3	SCHEMEID
MTB14792	3	SCHEMEID
MTB14795	3	SCHEMEID
MTB14801	3	SCHEMEID
MTB14803	3	SCHEMEID
MTB14828	3	SCHEMEID
MTB14829	3	SCHEMEID
MTB14848	3	SCHEMEID
MTB14849	3	SCHEMEID
MTB14877	3	SCHEMEID
MTB14879	3	SCHEMEID
MTB14880	3	SCHEMEID
MTB14890	3	SCHEMEID
MTB14891	3	SCHEMEID
MTB14899	3	SCHEMEID
MTB14906	3	SCHEMEID
MTB14910	3	SCHEMEID
MTB14916	3	SCHEMEID
MTB14923	3	SCHEMEID
MTB14934	3	SCHEMEID
MTB14937	3	SCHEMEID
MTB14938	3	SCHEMEID
MTB14939	3	SCHEMEID
MTB14940	3	SCHEMEID
MTB14941	3	SCHEMEID
MTB14942	3	SCHEMEID
MTB14943	3	SCHEMEID
MTB14944	3	SCHEMEID
MTB14945	3	SCHEMEID
MTB14946	3	SCHEMEID
MTB14947	3	SCHEMEID
MTB14954	3	SCHEMEID
MTB14955	3	SCHEMEID
MTB14956	3	SCHEMEID
MTB14957	3	SCHEMEID
MTB14975	3	SCHEMEID
MTB14981	3	SCHEMEID
MTB15004	3	SCHEMEID
MTB15017	3	SCHEMEID
MTB15025	3	SCHEMEID
MTB15026	3	SCHEMEID
MTB15027	3	SCHEMEID
MTB15090	3	SCHEMEID
MTB15100	3	SCHEMEID
MTB15106	3	SCHEMEID
MTB15113	3	SCHEMEID
MTB15119	3	SCHEMEID
MTB15120	3	SCHEMEID
MTB15122	3	SCHEMEID
MTB15125	3	SCHEMEID
MTB15127	3	SCHEMEID
MTB15128	3	SCHEMEID
MTB15135	3	SCHEMEID
MTB15140	3	SCHEMEID
MTB15152	3	SCHEMEID
MTB15169	3	SCHEMEID
MTB15170	3	SCHEMEID
MTB15171	3	SCHEMEID
MTB15172	3	SCHEMEID
MTB15194	3	SCHEMEID
MTB15196	3	SCHEMEID
MTB15202	3	SCHEMEID
MTB15207	3	SCHEMEID
MTB15208	3	SCHEMEID
MTB15209	3	SCHEMEID
MTB15211	3	SCHEMEID
MTB15212	3	SCHEMEID
MTB15249	3	SCHEMEID
MTB15252	3	SCHEMEID
MTB15262	3	SCHEMEID
MTB15264	3	SCHEMEID
MTB15265	3	SCHEMEID
MTB15268	3	SCHEMEID
MTB15274	3	SCHEMEID
MTB15275	3	SCHEMEID
MTB15276	3	SCHEMEID
MTB15277	3	SCHEMEID
MTB15279	3	SCHEMEID
MTB15280	3	SCHEMEID
MTB15281	3	SCHEMEID
MTB15282	3	SCHEMEID
MTB15283	3	SCHEMEID
MTB15284	3	SCHEMEID
MTB15295	3	SCHEMEID
MTB15328	3	SCHEMEID
MTB15339	3	SCHEMEID
MTB15375	3	SCHEMEID
MTB15378	3	SCHEMEID
MTB15394	3	SCHEMEID
MTB15401	3	SCHEMEID
MTB15402	3	SCHEMEID
MTB15403	3	SCHEMEID
MTB15410	3	SCHEMEID
MTB15412	3	SCHEMEID
MTB15427	3	SCHEMEID
MTB15430	3	SCHEMEID
MTB15438	3	SCHEMEID
MTB15439	3	SCHEMEID
MTB15448	3	SCHEMEID
MTB15453	3	SCHEMEID
MTB15454	3	SCHEMEID
MTB15455	3	SCHEMEID
MTB15458	3	SCHEMEID
MTB15459	3	SCHEMEID
MTB15461	3	SCHEMEID
MTB15469	3	SCHEMEID
MTB15470	3	SCHEMEID
MTB15471	3	SCHEMEID
MTB15472	3	SCHEMEID
MTB15486	3	SCHEMEID
MTB15504	3	SCHEMEID
MTB15505	3	SCHEMEID
MTB15516	3	SCHEMEID
MTB15526	3	SCHEMEID
MTB15528	3	SCHEMEID
MTB15531	3	SCHEMEID
MTB15533	3	SCHEMEID
MTB15542	3	SCHEMEID
MTB15550	3	SCHEMEID
MTB15577	3	SCHEMEID
MTB15596	3	SCHEMEID
MTB15597	3	SCHEMEID
MTB15598	3	SCHEMEID
MTB15599	3	SCHEMEID
MTB15600	3	SCHEMEID
MTB15601	3	SCHEMEID
MTB15602	3	SCHEMEID
MTB15603	3	SCHEMEID
MTB15604	3	SCHEMEID
MTB15605	3	SCHEMEID
MTB15612	3	SCHEMEID
MTB15613	3	SCHEMEID
MTB15614	3	SCHEMEID
MTB15629	3	SCHEMEID
MTB15637	3	SCHEMEID
MTB15659	3	SCHEMEID
MTB15660	3	SCHEMEID
MTB15661	3	SCHEMEID
MTB15670	3	SCHEMEID
MTB15681	3	SCHEMEID
MTB15683	3	SCHEMEID
MTB15698	3	SCHEMEID
MTB15702	3	SCHEMEID
MTB15703	3	SCHEMEID
MTB15706	3	SCHEMEID
MTB15731	3	SCHEMEID
MTB15737	3	SCHEMEID
MTB15744	3	SCHEMEID
MTB15747	3	SCHEMEID
MTB15757	3	SCHEMEID
MTB15788	3	SCHEMEID
MTB15789	3	SCHEMEID
MTB15799	3	SCHEMEID
MTB15800	3	SCHEMEID
MTB15802	3	SCHEMEID
MTB15829	3	SCHEMEID
MTB15830	3	SCHEMEID
MTB15833	3	SCHEMEID
MTB15834	3	SCHEMEID
MTB15835	3	SCHEMEID
MTB15856	3	SCHEMEID
MTB15862	3	SCHEMEID
MTB15881	3	SCHEMEID
MTB15883	3	SCHEMEID
MTB15884	3	SCHEMEID
MTB15900	3	SCHEMEID
MTB15913	3	SCHEMEID
MTB15914	3	SCHEMEID
MTB15915	3	SCHEMEID
MTB15916	3	SCHEMEID
MTB15936	3	SCHEMEID
MTB15951	3	SCHEMEID
MTB15953	3	SCHEMEID
MTB15954	3	SCHEMEID
MTB15955	3	SCHEMEID
MTB15956	3	SCHEMEID
MTB15959	3	SCHEMEID
MTB15963	3	SCHEMEID
MTB15972	3	SCHEMEID
MTB15990	3	SCHEMEID
MTB15996	3	SCHEMEID
MTB16005	3	SCHEMEID
MTB16006	3	SCHEMEID
MTB16007	3	SCHEMEID
MTB16008	3	SCHEMEID
MTB16009	3	SCHEMEID
MTB16010	3	SCHEMEID
MTB16011	3	SCHEMEID
MTB16012	3	SCHEMEID
MTB16013	3	SCHEMEID
MTB16014	3	SCHEMEID
MTB16048	3	SCHEMEID
MTB16054	3	SCHEMEID
MTB16056	3	SCHEMEID
MTB16057	3	SCHEMEID
MTB16061	3	SCHEMEID
MTB16068	3	SCHEMEID
MTB16069	3	SCHEMEID
MTB16070	3	SCHEMEID
MTB16071	3	SCHEMEID
MTB16074	3	SCHEMEID
MTB16078	3	SCHEMEID
MTB16082	3	SCHEMEID
MTB16096	3	SCHEMEID
MTB16103	3	SCHEMEID
MTB16106	3	SCHEMEID
MTB16107	3	SCHEMEID
MTB16110	3	SCHEMEID
MTB16116	3	SCHEMEID
MTB16127	3	SCHEMEID
MTB16130	3	SCHEMEID
MTB16153	3	SCHEMEID
MTB16156	3	SCHEMEID
MTB16157	3	SCHEMEID
MTB16158	3	SCHEMEID
MTB16160	3	SCHEMEID
MTB16161	3	SCHEMEID
MTB16162	3	SCHEMEID
MTB16163	3	SCHEMEID
MTB16164	3	SCHEMEID
MTB16165	3	SCHEMEID
MTB16174	3	SCHEMEID
MTB16175	3	SCHEMEID
MTB16176	3	SCHEMEID
MTB16183	3	SCHEMEID
MTB16186	3	SCHEMEID
MTB16199	3	SCHEMEID
MTB16200	3	SCHEMEID
MTB16201	3	SCHEMEID
MTB16202	3	SCHEMEID
MTB16208	3	SCHEMEID
MTB16220	3	SCHEMEID
MTB16242	3	SCHEMEID
MTB16257	3	SCHEMEID
MTB16274	3	SCHEMEID
MTB16275	3	SCHEMEID
MTB16281	3	SCHEMEID
MTB16283	3	SCHEMEID
MTB16295	3	SCHEMEID
MTB16327	3	SCHEMEID
MTB16332	3	SCHEMEID
MTB16351	3	SCHEMEID
MTB16357	3	SCHEMEID
MTB16360	3	SCHEMEID
MTB16361	3	SCHEMEID
MTB16362	3	SCHEMEID
MTB16363	3	SCHEMEID
MTB16364	3	SCHEMEID
MTB16365	3	SCHEMEID
MTB16366	3	SCHEMEID
MTB16367	3	SCHEMEID
MTB16368	3	SCHEMEID
MTB16369	3	SCHEMEID
MTB16370	3	SCHEMEID
MTB16371	3	SCHEMEID
MTB16376	3	SCHEMEID
MTB16380	3	SCHEMEID
MTB16394	3	SCHEMEID
MTB16398	3	SCHEMEID
MTB16411	3	SCHEMEID
MTB16418	3	SCHEMEID
MTB16421	3	SCHEMEID
MTB16432	3	SCHEMEID
MTB16447	3	SCHEMEID
MTB16456	3	SCHEMEID
MTB16457	3	SCHEMEID
MTB16462	3	SCHEMEID
MTB16473	3	SCHEMEID
MTB16484	3	SCHEMEID
MTB16509	3	SCHEMEID
MTB16514	3	SCHEMEID
MTB16515	3	SCHEMEID
MTB16518	3	SCHEMEID
MTB16531	3	SCHEMEID
MTB16532	3	SCHEMEID
MTB16544	3	SCHEMEID
MTB16545	3	SCHEMEID
MTB16563	3	SCHEMEID
MTB16565	3	SCHEMEID
MTB16580	3	SCHEMEID
MTB16594	3	SCHEMEID
MTB16598	3	SCHEMEID
MTB16599	3	SCHEMEID
MTB16616	3	SCHEMEID
MTB16624	3	SCHEMEID
MTB16633	3	SCHEMEID
MTB16647	3	SCHEMEID
MTB16658	3	SCHEMEID
MTB16659	3	SCHEMEID
MTB16662	3	SCHEMEID
MTB16679	3	SCHEMEID
MTB16687	3	SCHEMEID
MTB16729	3	SCHEMEID
MTB16730	3	SCHEMEID
MTB16731	3	SCHEMEID
MTB16732	3	SCHEMEID
MTB16733	3	SCHEMEID
MTB16742	3	SCHEMEID
MTB16749	3	SCHEMEID
MTB16750	3	SCHEMEID
MTB16752	3	SCHEMEID
MTB16771	3	SCHEMEID
MTB16772	3	SCHEMEID
MTB16776	3	SCHEMEID
MTB16777	3	SCHEMEID
MTB16778	3	SCHEMEID
MTB16780	3	SCHEMEID
MTB16788	3	SCHEMEID
MTB16790	3	SCHEMEID
MTB16791	3	SCHEMEID
MTB16792	3	SCHEMEID
MTB16793	3	SCHEMEID
MTB16794	3	SCHEMEID
MTB16804	3	SCHEMEID
MTB16871	3	SCHEMEID
MTB16872	3	SCHEMEID
MTB16879	3	SCHEMEID
MTB16886	3	SCHEMEID
MTB16896	3	SCHEMEID
MTB16909	3	SCHEMEID
MTB16937	3	SCHEMEID
MTB16941	3	SCHEMEID
MTB16969	3	SCHEMEID
MTB16973	3	SCHEMEID
MTB17000	3	SCHEMEID
MTB17019	3	SCHEMEID
MTB17020	3	SCHEMEID
MTB17027	3	SCHEMEID
MTB17045	3	SCHEMEID
MTB17055	3	SCHEMEID
MTB17056	3	SCHEMEID
MTB17080	3	SCHEMEID
MTB17084	3	SCHEMEID
MTB17097	3	SCHEMEID
MTB17098	3	SCHEMEID
MTB17110	3	SCHEMEID
MTB17128	3	SCHEMEID
MTB17148	3	SCHEMEID
MTB17155	3	SCHEMEID
MTB17158	3	SCHEMEID
MTB17171	3	SCHEMEID
MTB17172	3	SCHEMEID
MTB17173	3	SCHEMEID
MTB17205	3	SCHEMEID
MTB17209	3	SCHEMEID
MTB17210	3	SCHEMEID
MTB17232	3	SCHEMEID
MTB17237	3	SCHEMEID
MTB17242	3	SCHEMEID
MTB17245	3	SCHEMEID
MTB17246	3	SCHEMEID
MTB17247	3	SCHEMEID
MTB17248	3	SCHEMEID
MTB17276	3	SCHEMEID
MTB17280	3	SCHEMEID
MTB17284	3	SCHEMEID
MTB17286	3	SCHEMEID
MTB17294	3	SCHEMEID
MTB17307	3	SCHEMEID
MTB17310	3	SCHEMEID
MTB17335	3	SCHEMEID
MTB17336	3	SCHEMEID
MTB17337	3	SCHEMEID
MTB17338	3	SCHEMEID
MTB17346	3	SCHEMEID
MTB17359	3	SCHEMEID
MTB17360	3	SCHEMEID
MTB17364	3	SCHEMEID
MTB17368	3	SCHEMEID
MTB17371	3	SCHEMEID
MTB17372	3	SCHEMEID
MTB17398	3	SCHEMEID
MTB17412	3	SCHEMEID
MTB17421	3	SCHEMEID
MTB17424	3	SCHEMEID
MTB17425	3	SCHEMEID
MTB17435	3	SCHEMEID
MTB17437	3	SCHEMEID
MTB17444	3	SCHEMEID
MTB17496	3	SCHEMEID
MTB17500	3	SCHEMEID
MTB17512	3	SCHEMEID
MTB17514	3	SCHEMEID
MTB17515	3	SCHEMEID
MTB17526	3	SCHEMEID
MTB17535	3	SCHEMEID
MTB17562	3	SCHEMEID
MTB17566	3	SCHEMEID
MTB17567	3	SCHEMEID
MTB17568	3	SCHEMEID
MTB17569	3	SCHEMEID
MTB17570	3	SCHEMEID
MTB17575	3	SCHEMEID
MTB17589	3	SCHEMEID
MTB17598	3	SCHEMEID
MTB17610	3	SCHEMEID
MTB17653	3	SCHEMEID
MTB17725	3	SCHEMEID
MTB17726	3	SCHEMEID
MTB17737	3	SCHEMEID
MTB30	2	SCHEMEID
MTB32	2	SCHEMEID
MTB61	2	SCHEMEID
MTB71	2	SCHEMEID
MTB86	2	SCHEMEID
MTB97	2	SCHEMEID
MTB119	2	SCHEMEID
MTB174	2	SCHEMEID
MTB181	2	SCHEMEID
MTB187	2	SCHEMEID
MTB192	2	SCHEMEID
MTB219	2	SCHEMEID
MTB230	2	SCHEMEID
MTB239	2	SCHEMEID
MTB244	2	SCHEMEID
MTB254	2	SCHEMEID
MTB263	2	SCHEMEID
MTB267	2	SCHEMEID
MTB269	2	SCHEMEID
MTB288	2	SCHEMEID
MTB311	2	SCHEMEID
MTB313	2	SCHEMEID
MTB318	2	SCHEMEID
MTB319	2	SCHEMEID
MTB334	2	SCHEMEID
MTB345	2	SCHEMEID
MTB346	2	SCHEMEID
MTB358	2	SCHEMEID
MTB366	2	SCHEMEID
MTB372	2	SCHEMEID
MTB375	2	SCHEMEID
MTB378	2	SCHEMEID
MTB390	2	SCHEMEID
MTB394	2	SCHEMEID
MTB418	2	SCHEMEID
MTB429	2	SCHEMEID
MTB475	2	SCHEMEID
MTB491	2	SCHEMEID
MTB521	2	SCHEMEID
MTB542	2	SCHEMEID
MTB545	2	SCHEMEID
MTB559	2	SCHEMEID
MTB567	2	SCHEMEID
MTB575	2	SCHEMEID
MTB588	2	SCHEMEID
MTB596	2	SCHEMEID
MTB648	2	SCHEMEID
MTB650	2	SCHEMEID
MTB660	2	SCHEMEID
MTB662	2	SCHEMEID
MTB678	2	SCHEMEID
MTB701	2	SCHEMEID
MTB711	2	SCHEMEID
MTB758	2	SCHEMEID
MTB761	2	SCHEMEID
MTB778	2	SCHEMEID
MTB785	2	SCHEMEID
MTB816	2	SCHEMEID
MTB824	2	SCHEMEID
MTB848	2	SCHEMEID
MTB852	2	SCHEMEID
MTB862	2	SCHEMEID
MTB863	2	SCHEMEID
MTB884	2	SCHEMEID
MTB888	2	SCHEMEID
MTB889	2	SCHEMEID
MTB920	2	SCHEMEID
MTB921	2	SCHEMEID
MTB928	2	SCHEMEID
MTB945	2	SCHEMEID
MTB946	2	SCHEMEID
MTB964	2	SCHEMEID
MTB983	2	SCHEMEID
MTB1017	2	SCHEMEID
MTB1029	2	SCHEMEID
MTB1037	2	SCHEMEID
MTB1039	2	SCHEMEID
MTB1047	2	SCHEMEID
MTB1064	2	SCHEMEID
MTB1069	2	SCHEMEID
MTB1090	2	SCHEMEID
MTB1098	2	SCHEMEID
MTB1122	2	SCHEMEID
MTB1124	2	SCHEMEID
MTB1132	2	SCHEMEID
MTB1157	2	SCHEMEID
MTB1161	2	SCHEMEID
MTB1215	2	SCHEMEID
MTB1216	2	SCHEMEID
MTB1240	2	SCHEMEID
MTB1242	2	SCHEMEID
MTB1252	2	SCHEMEID
MTB1285	2	SCHEMEID
MTB1345	2	SCHEMEID
MTB1350	2	SCHEMEID
MTB1351	2	SCHEMEID
MTB1358	2	SCHEMEID
MTB1362	2	SCHEMEID
MTB1369	2	SCHEMEID
MTB1370	2	SCHEMEID
MTB1384	2	SCHEMEID
MTB1385	2	SCHEMEID
MTB1387	2	SCHEMEID
MTB1399	2	SCHEMEID
MTB1421	2	SCHEMEID
MTB1429	2	SCHEMEID
MTB1441	2	SCHEMEID
MTB1442	2	SCHEMEID
MTB1443	2	SCHEMEID
MTB1451	2	SCHEMEID
MTB1460	2	SCHEMEID
MTB1461	2	SCHEMEID
MTB1471	2	SCHEMEID
MTB1498	2	SCHEMEID
MTB1501	2	SCHEMEID
MTB1504	2	SCHEMEID
MTB1507	2	SCHEMEID
MTB1532	2	SCHEMEID
MTB1544	2	SCHEMEID
MTB1551	2	SCHEMEID
MTB1552	2	SCHEMEID
MTB1569	2	SCHEMEID
MTB1585	2	SCHEMEID
MTB1587	2	SCHEMEID
MTB1588	2	SCHEMEID
MTB1589	2	SCHEMEID
MTB1590	2	SCHEMEID
MTB1591	2	SCHEMEID
MTB1592	2	SCHEMEID
MTB1621	2	SCHEMEID
MTB1622	2	SCHEMEID
MTB1626	2	SCHEMEID
MTB1637	2	SCHEMEID
MTB1638	2	SCHEMEID
MTB1693	2	SCHEMEID
MTB1699	2	SCHEMEID
MTB1703	2	SCHEMEID
MTB1715	2	SCHEMEID
MTB1717	2	SCHEMEID
MTB1738	2	SCHEMEID
MTB1740	2	SCHEMEID
MTB1773	2	SCHEMEID
MTB1775	2	SCHEMEID
MTB1781	2	SCHEMEID
MTB1782	2	SCHEMEID
MTB1783	2	SCHEMEID
MTB1804	2	SCHEMEID
MTB1807	2	SCHEMEID
MTB1809	2	SCHEMEID
MTB1823	2	SCHEMEID
MTB1839	2	SCHEMEID
MTB1844	2	SCHEMEID
MTB1850	2	SCHEMEID
MTB1851	2	SCHEMEID
MTB1856	2	SCHEMEID
MTB1864	2	SCHEMEID
MTB1886	2	SCHEMEID
MTB1887	2	SCHEMEID
MTB1898	2	SCHEMEID
MTB1923	2	SCHEMEID
MTB1932	2	SCHEMEID
MTB1934	2	SCHEMEID
MTB1935	2	SCHEMEID
MTB1938	2	SCHEMEID
MTB1947	2	SCHEMEID
MTB1959	2	SCHEMEID
MTB1973	2	SCHEMEID
MTB1974	2	SCHEMEID
MTB1992	2	SCHEMEID
MTB2010	2	SCHEMEID
MTB2021	2	SCHEMEID
MTB2096	2	SCHEMEID
MTB2103	2	SCHEMEID
MTB2114	2	SCHEMEID
MTB2124	2	SCHEMEID
MTB2128	2	SCHEMEID
MTB2144	2	SCHEMEID
MTB2168	2	SCHEMEID
MTB2172	2	SCHEMEID
MTB2174	2	SCHEMEID
MTB2175	2	SCHEMEID
MTB2176	2	SCHEMEID
MTB2178	2	SCHEMEID
MTB2184	2	SCHEMEID
MTB2187	2	SCHEMEID
MTB2190	2	SCHEMEID
MTB2200	2	SCHEMEID
MTB2201	2	SCHEMEID
MTB2220	2	SCHEMEID
MTB2234	2	SCHEMEID
MTB2245	2	SCHEMEID
MTB2249	2	SCHEMEID
MTB2252	2	SCHEMEID
MTB2261	2	SCHEMEID
MTB2267	2	SCHEMEID
MTB2270	2	SCHEMEID
MTB2271	2	SCHEMEID
MTB2274	2	SCHEMEID
MTB2280	2	SCHEMEID
MTB2286	2	SCHEMEID
MTB2295	2	SCHEMEID
MTB2296	2	SCHEMEID
MTB2299	2	SCHEMEID
MTB2306	2	SCHEMEID
MTB2307	2	SCHEMEID
MTB2320	2	SCHEMEID
MTB2321	2	SCHEMEID
MTB2322	2	SCHEMEID
MTB2329	2	SCHEMEID
MTB2332	2	SCHEMEID
MTB2334	2	SCHEMEID
MTB2336	2	SCHEMEID
MTB2347	2	SCHEMEID
MTB2365	2	SCHEMEID
MTB2369	2	SCHEMEID
MTB2373	2	SCHEMEID
MTB2377	2	SCHEMEID
MTB2382	2	SCHEMEID
MTB2427	2	SCHEMEID
MTB2443	2	SCHEMEID
MTB2451	2	SCHEMEID
MTB2487	2	SCHEMEID
MTB2492	2	SCHEMEID
MTB2505	2	SCHEMEID
MTB2507	2	SCHEMEID
MTB2509	2	SCHEMEID
MTB2521	2	SCHEMEID
MTB2532	2	SCHEMEID
MTB2533	2	SCHEMEID
MTB2568	2	SCHEMEID
MTB2578	2	SCHEMEID
MTB2590	2	SCHEMEID
MTB2593	2	SCHEMEID
MTB2615	2	SCHEMEID
MTB2618	2	SCHEMEID
MTB2634	2	SCHEMEID
MTB2637	2	SCHEMEID
MTB2640	2	SCHEMEID
MTB2652	2	SCHEMEID
MTB2653	2	SCHEMEID
MTB2654	2	SCHEMEID
MTB2672	2	SCHEMEID
MTB2690	2	SCHEMEID
MTB2698	2	SCHEMEID
MTB2705	2	SCHEMEID
MTB2714	2	SCHEMEID
MTB2729	2	SCHEMEID
MTB2735	2	SCHEMEID
MTB2748	2	SCHEMEID
MTB2768	2	SCHEMEID
MTB2771	2	SCHEMEID
MTB2806	2	SCHEMEID
MTB2808	2	SCHEMEID
MTB2825	2	SCHEMEID
MTB2827	2	SCHEMEID
MTB2835	2	SCHEMEID
MTB2841	2	SCHEMEID
MTB2860	2	SCHEMEID
MTB2861	2	SCHEMEID
MTB2867	2	SCHEMEID
MTB2888	2	SCHEMEID
MTB2891	2	SCHEMEID
MTB2905	2	SCHEMEID
MTB2933	2	SCHEMEID
MTB2935	2	SCHEMEID
MTB2958	2	SCHEMEID
MTB2959	2	SCHEMEID
MTB3004	2	SCHEMEID
MTB3005	2	SCHEMEID
MTB3009	2	SCHEMEID
MTB3027	2	SCHEMEID
MTB3036	2	SCHEMEID
MTB3046	2	SCHEMEID
MTB3053	2	SCHEMEID
MTB3054	2	SCHEMEID
MTB3059	2	SCHEMEID
MTB3063	2	SCHEMEID
MTB3070	2	SCHEMEID
MTB3072	2	SCHEMEID
MTB3073	2	SCHEMEID
MTB3079	2	SCHEMEID
MTB3099	2	SCHEMEID
MTB3104	2	SCHEMEID
MTB3111	2	SCHEMEID
MTB3121	2	SCHEMEID
MTB3130	2	SCHEMEID
MTB3137	2	SCHEMEID
MTB3164	2	SCHEMEID
MTB3170	2	SCHEMEID
MTB3171	2	SCHEMEID
MTB3172	2	SCHEMEID
MTB3179	2	SCHEMEID
MTB3199	2	SCHEMEID
MTB3201	2	SCHEMEID
MTB3204	2	SCHEMEID
MTB3210	2	SCHEMEID
MTB3212	2	SCHEMEID
MTB3233	2	SCHEMEID
MTB3239	2	SCHEMEID
MTB3264	2	SCHEMEID
MTB3275	2	SCHEMEID
MTB3277	2	SCHEMEID
MTB3286	2	SCHEMEID
MTB3302	2	SCHEMEID
MTB3303	2	SCHEMEID
MTB3333	2	SCHEMEID
MTB3360	2	SCHEMEID
MTB3361	2	SCHEMEID
MTB3379	2	SCHEMEID
MTB3380	2	SCHEMEID
MTB3404	2	SCHEMEID
MTB3405	2	SCHEMEID
MTB3412	2	SCHEMEID
MTB3415	2	SCHEMEID
MTB3416	2	SCHEMEID
MTB3418	2	SCHEMEID
MTB3419	2	SCHEMEID
MTB3438	2	SCHEMEID
MTB3439	2	SCHEMEID
MTB3440	2	SCHEMEID
MTB3449	2	SCHEMEID
MTB3453	2	SCHEMEID
MTB3454	2	SCHEMEID
MTB3455	2	SCHEMEID
MTB3456	2	SCHEMEID
MTB3475	2	SCHEMEID
MTB3477	2	SCHEMEID
MTB3487	2	SCHEMEID
MTB3497	2	SCHEMEID
MTB3511	2	SCHEMEID
MTB3512	2	SCHEMEID
MTB3513	2	SCHEMEID
MTB3525	2	SCHEMEID
MTB3526	2	SCHEMEID
MTB3528	2	SCHEMEID
MTB3530	2	SCHEMEID
MTB3541	2	SCHEMEID
MTB3544	2	SCHEMEID
MTB3545	2	SCHEMEID
MTB3551	2	SCHEMEID
MTB3565	2	SCHEMEID
MTB3575	2	SCHEMEID
MTB3599	2	SCHEMEID
MTB3613	2	SCHEMEID
MTB3619	2	SCHEMEID
MTB3620	2	SCHEMEID
MTB3631	2	SCHEMEID
MTB3647	2	SCHEMEID
MTB3648	2	SCHEMEID
MTB3650	2	SCHEMEID
MTB3654	2	SCHEMEID
MTB3658	2	SCHEMEID
MTB3660	2	SCHEMEID
MTB3662	2	SCHEMEID
MTB3663	2	SCHEMEID
MTB3665	2	SCHEMEID
MTB3672	2	SCHEMEID
MTB3673	2	SCHEMEID
MTB3676	2	SCHEMEID
MTB3678	2	SCHEMEID
MTB3679	2	SCHEMEID
MTB3685	2	SCHEMEID
MTB3688	2	SCHEMEID
MTB3689	2	SCHEMEID
MTB3696	2	SCHEMEID
MTB3703	2	SCHEMEID
MTB3710	2	SCHEMEID
MTB3717	2	SCHEMEID
MTB3719	2	SCHEMEID
MTB3721	2	SCHEMEID
MTB3725	2	SCHEMEID
MTB3741	2	SCHEMEID
MTB3746	2	SCHEMEID
MTB3748	2	SCHEMEID
MTB3749	2	SCHEMEID
MTB3762	2	SCHEMEID
MTB3801	2	SCHEMEID
MTB3808	2	SCHEMEID
MTB3846	2	SCHEMEID
MTB3847	2	SCHEMEID
MTB3848	2	SCHEMEID
MTB3849	2	SCHEMEID
MTB3850	2	SCHEMEID
MTB3853	2	SCHEMEID
MTB3878	2	SCHEMEID
MTB3884	2	SCHEMEID
MTB3890	2	SCHEMEID
MTB3892	2	SCHEMEID
MTB3954	2	SCHEMEID
MTB3956	2	SCHEMEID
MTB3966	2	SCHEMEID
MTB3970	2	SCHEMEID
MTB3971	2	SCHEMEID
MTB3977	2	SCHEMEID
MTB3978	2	SCHEMEID
MTB3988	2	SCHEMEID
MTB3993	2	SCHEMEID
MTB3997	2	SCHEMEID
MTB4002	2	SCHEMEID
MTB4013	2	SCHEMEID
MTB4017	2	SCHEMEID
MTB4023	2	SCHEMEID
MTB4050	2	SCHEMEID
MTB4052	2	SCHEMEID
MTB4056	2	SCHEMEID
MTB4063	2	SCHEMEID
MTB4070	2	SCHEMEID
MTB4072	2	SCHEMEID
MTB4074	2	SCHEMEID
MTB4088	2	SCHEMEID
MTB4092	2	SCHEMEID
MTB4127	2	SCHEMEID
MTB4130	2	SCHEMEID
MTB4167	2	SCHEMEID
MTB4178	2	SCHEMEID
MTB4197	2	SCHEMEID
MTB4204	2	SCHEMEID
MTB4214	2	SCHEMEID
MTB4215	2	SCHEMEID
MTB4236	2	SCHEMEID
MTB4283	2	SCHEMEID
MTB4293	2	SCHEMEID
MTB4320	2	SCHEMEID
MTB4321	2	SCHEMEID
MTB4324	2	SCHEMEID
MTB4325	2	SCHEMEID
MTB4329	2	SCHEMEID
MTB4345	2	SCHEMEID
MTB4359	2	SCHEMEID
MTB4374	2	SCHEMEID
MTB4379	2	SCHEMEID
MTB4419	2	SCHEMEID
MTB4420	2	SCHEMEID
MTB4422	2	SCHEMEID
MTB4423	2	SCHEMEID
MTB4424	2	SCHEMEID
MTB4425	2	SCHEMEID
MTB4426	2	SCHEMEID
MTB4428	2	SCHEMEID
MTB4429	2	SCHEMEID
MTB4452	2	SCHEMEID
MTB4473	2	SCHEMEID
MTB4485	2	SCHEMEID
MTB4486	2	SCHEMEID
MTB4487	2	SCHEMEID
MTB4495	2	SCHEMEID
MTB4496	2	SCHEMEID
MTB4514	2	SCHEMEID
MTB4534	2	SCHEMEID
MTB4545	2	SCHEMEID
MTB4579	2	SCHEMEID
MTB4582	2	SCHEMEID
MTB4583	2	SCHEMEID
MTB4584	2	SCHEMEID
MTB4585	2	SCHEMEID
MTB4602	2	SCHEMEID
MTB4616	2	SCHEMEID
MTB4622	2	SCHEMEID
MTB4625	2	SCHEMEID
MTB4630	2	SCHEMEID
MTB4634	2	SCHEMEID
MTB4698	2	SCHEMEID
MTB4701	2	SCHEMEID
MTB4703	2	SCHEMEID
MTB4705	2	SCHEMEID
MTB4712	2	SCHEMEID
MTB4732	2	SCHEMEID
MTB4747	2	SCHEMEID
MTB4749	2	SCHEMEID
MTB4756	2	SCHEMEID
MTB4773	2	SCHEMEID
MTB4778	2	SCHEMEID
MTB4779	2	SCHEMEID
MTB4785	2	SCHEMEID
MTB4799	2	SCHEMEID
MTB4823	2	SCHEMEID
MTB4857	2	SCHEMEID
MTB4862	2	SCHEMEID
MTB4867	2	SCHEMEID
MTB4868	2	SCHEMEID
MTB4869	2	SCHEMEID
MTB4870	2	SCHEMEID
MTB4871	2	SCHEMEID
MTB4872	2	SCHEMEID
MTB4873	2	SCHEMEID
MTB4874	2	SCHEMEID
MTB4875	2	SCHEMEID
MTB4876	2	SCHEMEID
MTB4877	2	SCHEMEID
MTB4879	2	SCHEMEID
MTB4880	2	SCHEMEID
MTB4881	2	SCHEMEID
MTB4886	2	SCHEMEID
MTB4888	2	SCHEMEID
MTB4897	2	SCHEMEID
MTB4933	2	SCHEMEID
MTB4961	2	SCHEMEID
MTB4969	2	SCHEMEID
MTB4971	2	SCHEMEID
MTB4974	2	SCHEMEID
MTB4980	2	SCHEMEID
MTB4990	2	SCHEMEID
MTB5015	2	SCHEMEID
MTB5016	2	SCHEMEID
MTB5027	2	SCHEMEID
MTB5028	2	SCHEMEID
MTB5029	2	SCHEMEID
MTB5031	2	SCHEMEID
MTB5034	2	SCHEMEID
MTB5051	2	SCHEMEID
MTB5084	2	SCHEMEID
MTB5090	2	SCHEMEID
MTB5099	2	SCHEMEID
MTB5100	2	SCHEMEID
MTB5106	2	SCHEMEID
MTB5111	2	SCHEMEID
MTB5132	2	SCHEMEID
MTB5139	2	SCHEMEID
MTB5141	2	SCHEMEID
MTB5142	2	SCHEMEID
MTB5146	2	SCHEMEID
MTB5150	2	SCHEMEID
MTB5152	2	SCHEMEID
MTB5154	2	SCHEMEID
MTB5155	2	SCHEMEID
MTB5159	2	SCHEMEID
MTB5161	2	SCHEMEID
MTB5174	2	SCHEMEID
MTB5187	2	SCHEMEID
MTB5192	2	SCHEMEID
MTB5195	2	SCHEMEID
MTB5200	2	SCHEMEID
MTB5212	2	SCHEMEID
MTB5215	2	SCHEMEID
MTB5229	2	SCHEMEID
MTB5248	2	SCHEMEID
MTB5252	2	SCHEMEID
MTB5264	2	SCHEMEID
MTB5296	2	SCHEMEID
MTB5298	2	SCHEMEID
MTB5304	2	SCHEMEID
MTB5310	2	SCHEMEID
MTB5311	2	SCHEMEID
MTB5312	2	SCHEMEID
MTB5313	2	SCHEMEID
MTB5322	2	SCHEMEID
MTB5323	2	SCHEMEID
MTB5326	2	SCHEMEID
MTB5333	2	SCHEMEID
MTB5342	2	SCHEMEID
MTB5350	2	SCHEMEID
MTB5354	2	SCHEMEID
MTB5400	2	SCHEMEID
MTB5402	2	SCHEMEID
MTB5427	2	SCHEMEID
MTB5443	2	SCHEMEID
MTB5447	2	SCHEMEID
MTB5462	2	SCHEMEID
MTB5474	2	SCHEMEID
MTB5479	2	SCHEMEID
MTB5480	2	SCHEMEID
MTB5495	2	SCHEMEID
MTB5511	2	SCHEMEID
MTB5519	2	SCHEMEID
MTB5527	2	SCHEMEID
MTB5534	2	SCHEMEID
MTB5535	2	SCHEMEID
MTB5536	2	SCHEMEID
MTB5537	2	SCHEMEID
MTB5538	2	SCHEMEID
MTB5539	2	SCHEMEID
MTB5540	2	SCHEMEID
MTB5541	2	SCHEMEID
MTB5542	2	SCHEMEID
MTB5543	2	SCHEMEID
MTB5544	2	SCHEMEID
MTB5545	2	SCHEMEID
MTB5546	2	SCHEMEID
MTB5551	2	SCHEMEID
MTB5552	2	SCHEMEID
MTB5553	2	SCHEMEID
MTB5554	2	SCHEMEID
MTB5555	2	SCHEMEID
MTB5556	2	SCHEMEID
MTB5557	2	SCHEMEID
MTB5558	2	SCHEMEID
MTB5559	2	SCHEMEID
MTB5560	2	SCHEMEID
MTB5586	2	SCHEMEID
MTB5647	2	SCHEMEID
MTB5648	2	SCHEMEID
MTB5661	2	SCHEMEID
MTB5673	2	SCHEMEID
MTB5674	2	SCHEMEID
MTB5675	2	SCHEMEID
MTB5676	2	SCHEMEID
MTB5677	2	SCHEMEID
MTB5678	2	SCHEMEID
MTB5679	2	SCHEMEID
MTB5680	2	SCHEMEID
MTB5681	2	SCHEMEID
MTB5682	2	SCHEMEID
MTB5683	2	SCHEMEID
MTB5684	2	SCHEMEID
MTB5685	2	SCHEMEID
MTB5686	2	SCHEMEID
MTB5687	2	SCHEMEID
MTB5688	2	SCHEMEID
MTB5733	2	SCHEMEID
MTB5736	2	SCHEMEID
MTB5747	2	SCHEMEID
MTB5768	2	SCHEMEID
MTB5772	2	SCHEMEID
MTB5787	2	SCHEMEID
MTB5817	2	SCHEMEID
MTB5863	2	SCHEMEID
MTB5874	2	SCHEMEID
MTB5875	2	SCHEMEID
MTB5877	2	SCHEMEID
MTB5902	2	SCHEMEID
MTB5909	2	SCHEMEID
MTB5914	2	SCHEMEID
MTB5923	2	SCHEMEID
MTB5925	2	SCHEMEID
MTB5926	2	SCHEMEID
MTB5997	2	SCHEMEID
MTB6032	2	SCHEMEID
MTB6038	2	SCHEMEID
MTB6039	2	SCHEMEID
MTB6049	2	SCHEMEID
MTB6050	2	SCHEMEID
MTB6051	2	SCHEMEID
MTB6052	2	SCHEMEID
MTB6053	2	SCHEMEID
MTB6054	2	SCHEMEID
MTB6064	2	SCHEMEID
MTB6065	2	SCHEMEID
MTB6110	2	SCHEMEID
MTB6113	2	SCHEMEID
MTB6114	2	SCHEMEID
MTB6115	2	SCHEMEID
MTB6116	2	SCHEMEID
MTB6117	2	SCHEMEID
MTB6118	2	SCHEMEID
MTB6119	2	SCHEMEID
MTB6120	2	SCHEMEID
MTB6121	2	SCHEMEID
MTB6122	2	SCHEMEID
MTB6123	2	SCHEMEID
MTB6124	2	SCHEMEID
MTB6125	2	SCHEMEID
MTB6126	2	SCHEMEID
MTB6127	2	SCHEMEID
MTB6128	2	SCHEMEID
MTB6129	2	SCHEMEID
MTB6130	2	SCHEMEID
MTB6131	2	SCHEMEID
MTB6133	2	SCHEMEID
MTB6134	2	SCHEMEID
MTB6135	2	SCHEMEID
MTB6136	2	SCHEMEID
MTB6137	2	SCHEMEID
MTB6138	2	SCHEMEID
MTB6139	2	SCHEMEID
MTB6140	2	SCHEMEID
MTB6141	2	SCHEMEID
MTB6150	2	SCHEMEID
MTB6158	2	SCHEMEID
MTB6159	2	SCHEMEID
MTB6166	2	SCHEMEID
MTB6185	2	SCHEMEID
MTB6192	2	SCHEMEID
MTB6238	2	SCHEMEID
MTB6240	2	SCHEMEID
MTB6251	2	SCHEMEID
MTB6259	2	SCHEMEID
MTB6290	2	SCHEMEID
MTB6299	2	SCHEMEID
MTB6301	2	SCHEMEID
MTB6306	2	SCHEMEID
MTB6334	2	SCHEMEID
MTB6335	2	SCHEMEID
MTB6338	2	SCHEMEID
MTB6341	2	SCHEMEID
MTB6351	2	SCHEMEID
MTB6353	2	SCHEMEID
MTB6368	2	SCHEMEID
MTB6369	2	SCHEMEID
MTB6373	2	SCHEMEID
MTB6377	2	SCHEMEID
MTB6382	2	SCHEMEID
MTB6385	2	SCHEMEID
MTB6389	2	SCHEMEID
MTB6419	2	SCHEMEID
MTB6441	2	SCHEMEID
MTB6465	2	SCHEMEID
MTB6476	2	SCHEMEID
MTB6477	2	SCHEMEID
MTB6484	2	SCHEMEID
MTB6485	2	SCHEMEID
MTB6488	2	SCHEMEID
MTB6504	2	SCHEMEID
MTB6511	2	SCHEMEID
MTB6539	2	SCHEMEID
MTB6548	2	SCHEMEID
MTB6556	2	SCHEMEID
MTB6563	2	SCHEMEID
MTB6564	2	SCHEMEID
MTB6565	2	SCHEMEID
MTB6570	2	SCHEMEID
MTB6587	2	SCHEMEID
MTB6605	2	SCHEMEID
MTB6622	2	SCHEMEID
MTB6639	2	SCHEMEID
MTB6640	2	SCHEMEID
MTB6644	2	SCHEMEID
MTB6653	2	SCHEMEID
MTB6661	2	SCHEMEID
MTB6678	2	SCHEMEID
MTB6679	2	SCHEMEID
MTB6680	2	SCHEMEID
MTB6704	2	SCHEMEID
MTB6707	2	SCHEMEID
MTB6716	2	SCHEMEID
MTB6717	2	SCHEMEID
MTB6718	2	SCHEMEID
MTB6719	2	SCHEMEID
MTB6721	2	SCHEMEID
MTB6722	2	SCHEMEID
MTB6736	2	SCHEMEID
MTB6748	2	SCHEMEID
MTB6777	2	SCHEMEID
MTB6779	2	SCHEMEID
MTB6789	2	SCHEMEID
MTB6805	2	SCHEMEID
MTB6816	2	SCHEMEID
MTB6828	2	SCHEMEID
MTB6849	2	SCHEMEID
MTB6855	2	SCHEMEID
MTB6861	2	SCHEMEID
MTB6864	2	SCHEMEID
MTB6868	2	SCHEMEID
MTB6895	2	SCHEMEID
MTB6897	2	SCHEMEID
MTB6898	2	SCHEMEID
MTB6901	2	SCHEMEID
MTB6903	2	SCHEMEID
MTB6905	2	SCHEMEID
MTB6911	2	SCHEMEID
MTB6915	2	SCHEMEID
MTB6920	2	SCHEMEID
MTB6924	2	SCHEMEID
MTB6933	2	SCHEMEID
MTB6934	2	SCHEMEID
MTB6940	2	SCHEMEID
MTB6942	2	SCHEMEID
MTB6943	2	SCHEMEID
MTB6944	2	SCHEMEID
MTB6946	2	SCHEMEID
MTB6947	2	SCHEMEID
MTB6948	2	SCHEMEID
MTB6966	2	SCHEMEID
MTB6967	2	SCHEMEID
MTB6968	2	SCHEMEID
MTB6988	2	SCHEMEID
MTB6997	2	SCHEMEID
MTB7002	2	SCHEMEID
MTB7030	2	SCHEMEID
MTB7034	2	SCHEMEID
MTB7049	2	SCHEMEID
MTB7101	2	SCHEMEID
MTB7106	2	SCHEMEID
MTB7107	2	SCHEMEID
MTB7117	2	SCHEMEID
MTB7122	2	SCHEMEID
MTB7123	2	SCHEMEID
MTB7128	2	SCHEMEID
MTB7155	2	SCHEMEID
MTB7157	2	SCHEMEID
MTB7218	2	SCHEMEID
MTB7219	2	SCHEMEID
MTB7223	2	SCHEMEID
MTB7283	2	SCHEMEID
MTB7293	2	SCHEMEID
MTB7297	2	SCHEMEID
MTB7301	2	SCHEMEID
MTB7313	2	SCHEMEID
MTB7317	2	SCHEMEID
MTB7319	2	SCHEMEID
MTB7325	2	SCHEMEID
MTB7343	2	SCHEMEID
MTB7344	2	SCHEMEID
MTB7351	2	SCHEMEID
MTB7358	2	SCHEMEID
MTB7362	2	SCHEMEID
MTB7375	2	SCHEMEID
MTB7376	2	SCHEMEID
MTB7377	2	SCHEMEID
MTB7386	2	SCHEMEID
MTB7415	2	SCHEMEID
MTB7428	2	SCHEMEID
MTB7473	2	SCHEMEID
MTB7493	2	SCHEMEID
MTB7504	2	SCHEMEID
MTB7507	2	SCHEMEID
MTB7522	2	SCHEMEID
MTB7523	2	SCHEMEID
MTB7530	2	SCHEMEID
MTB7531	2	SCHEMEID
MTB7538	2	SCHEMEID
MTB7542	2	SCHEMEID
MTB7555	2	SCHEMEID
MTB7559	2	SCHEMEID
MTB7582	2	SCHEMEID
MTB7589	2	SCHEMEID
MTB7620	2	SCHEMEID
MTB7622	2	SCHEMEID
MTB7629	2	SCHEMEID
MTB7632	2	SCHEMEID
MTB7635	2	SCHEMEID
MTB7638	2	SCHEMEID
MTB7639	2	SCHEMEID
MTB7643	2	SCHEMEID
MTB7655	2	SCHEMEID
MTB7656	2	SCHEMEID
MTB7662	2	SCHEMEID
MTB7670	2	SCHEMEID
MTB7676	2	SCHEMEID
MTB7683	2	SCHEMEID
MTB7684	2	SCHEMEID
MTB7685	2	SCHEMEID
MTB7686	2	SCHEMEID
MTB7690	2	SCHEMEID
MTB7706	2	SCHEMEID
MTB7707	2	SCHEMEID
MTB7708	2	SCHEMEID
MTB7715	2	SCHEMEID
MTB7799	2	SCHEMEID
MTB7807	2	SCHEMEID
MTB7823	2	SCHEMEID
MTB7845	2	SCHEMEID
MTB7872	2	SCHEMEID
MTB7931	2	SCHEMEID
MTB7932	2	SCHEMEID
MTB7933	2	SCHEMEID
MTB7934	2	SCHEMEID
MTB7935	2	SCHEMEID
MTB7936	2	SCHEMEID
MTB7937	2	SCHEMEID
MTB7938	2	SCHEMEID
MTB7939	2	SCHEMEID
MTB7940	2	SCHEMEID
MTB7941	2	SCHEMEID
MTB7950	2	SCHEMEID
MTB7965	2	SCHEMEID
MTB7967	2	SCHEMEID
MTB7974	2	SCHEMEID
MTB7976	2	SCHEMEID
MTB7982	2	SCHEMEID
MTB7991	2	SCHEMEID
MTB7996	2	SCHEMEID
MTB8002	2	SCHEMEID
MTB8010	2	SCHEMEID
MTB8012	2	SCHEMEID
MTB8018	2	SCHEMEID
MTB8034	2	SCHEMEID
MTB8036	2	SCHEMEID
MTB8037	2	SCHEMEID
MTB8057	2	SCHEMEID
MTB8058	2	SCHEMEID
MTB8061	2	SCHEMEID
MTB8068	2	SCHEMEID
MTB8123	2	SCHEMEID
MTB8141	2	SCHEMEID
MTB8146	2	SCHEMEID
MTB8158	2	SCHEMEID
MTB8166	2	SCHEMEID
MTB8198	2	SCHEMEID
MTB8202	2	SCHEMEID
MTB8223	2	SCHEMEID
MTB8307	2	SCHEMEID
MTB8314	2	SCHEMEID
MTB8328	2	SCHEMEID
MTB8338	2	SCHEMEID
MTB8353	2	SCHEMEID
MTB8354	2	SCHEMEID
MTB8400	2	SCHEMEID
MTB8407	2	SCHEMEID
MTB8410	2	SCHEMEID
MTB8417	2	SCHEMEID
MTB8427	2	SCHEMEID
MTB8432	2	SCHEMEID
MTB8449	2	SCHEMEID
MTB8450	2	SCHEMEID
MTB8454	2	SCHEMEID
MTB8455	2	SCHEMEID
MTB8460	2	SCHEMEID
MTB8461	2	SCHEMEID
MTB8462	2	SCHEMEID
MTB8469	2	SCHEMEID
MTB8473	2	SCHEMEID
MTB8511	2	SCHEMEID
MTB8512	2	SCHEMEID
MTB8522	2	SCHEMEID
MTB8546	2	SCHEMEID
MTB8556	2	SCHEMEID
MTB8589	2	SCHEMEID
MTB8597	2	SCHEMEID
MTB8600	2	SCHEMEID
MTB8602	2	SCHEMEID
MTB8615	2	SCHEMEID
MTB8643	2	SCHEMEID
MTB8644	2	SCHEMEID
MTB8647	2	SCHEMEID
MTB8654	2	SCHEMEID
MTB8656	2	SCHEMEID
MTB8672	2	SCHEMEID
MTB8676	2	SCHEMEID
MTB8680	2	SCHEMEID
MTB8716	2	SCHEMEID
MTB8717	2	SCHEMEID
MTB8731	2	SCHEMEID
MTB8732	2	SCHEMEID
MTB8755	2	SCHEMEID
MTB8780	2	SCHEMEID
MTB8782	2	SCHEMEID
MTB8788	2	SCHEMEID
MTB8795	2	SCHEMEID
MTB8801	2	SCHEMEID
MTB8807	2	SCHEMEID
MTB8827	2	SCHEMEID
MTB8843	2	SCHEMEID
MTB8846	2	SCHEMEID
MTB8864	2	SCHEMEID
MTB8882	2	SCHEMEID
MTB8885	2	SCHEMEID
MTB8899	2	SCHEMEID
MTB8924	2	SCHEMEID
MTB8937	2	SCHEMEID
MTB8938	2	SCHEMEID
MTB8946	2	SCHEMEID
MTB8974	2	SCHEMEID
MTB8986	2	SCHEMEID
MTB8987	2	SCHEMEID
MTB9008	2	SCHEMEID
MTB9012	2	SCHEMEID
MTB9040	2	SCHEMEID
MTB9066	2	SCHEMEID
MTB9089	2	SCHEMEID
MTB9094	2	SCHEMEID
MTB9117	2	SCHEMEID
MTB9147	2	SCHEMEID
MTB9148	2	SCHEMEID
MTB9150	2	SCHEMEID
MTB9151	2	SCHEMEID
MTB9168	2	SCHEMEID
MTB9188	2	SCHEMEID
MTB9204	2	SCHEMEID
MTB9214	2	SCHEMEID
MTB9216	2	SCHEMEID
MTB9232	2	SCHEMEID
MTB9234	2	SCHEMEID
MTB9235	2	SCHEMEID
MTB9260	2	SCHEMEID
MTB9261	2	SCHEMEID
MTB9301	2	SCHEMEID
MTB9323	2	SCHEMEID
MTB9325	2	SCHEMEID
MTB9331	2	SCHEMEID
MTB9380	2	SCHEMEID
MTB9382	2	SCHEMEID
MTB9394	2	SCHEMEID
MTB9398	2	SCHEMEID
MTB9424	2	SCHEMEID
MTB9426	2	SCHEMEID
MTB9427	2	SCHEMEID
MTB9439	2	SCHEMEID
MTB9442	2	SCHEMEID
MTB9463	2	SCHEMEID
MTB9465	2	SCHEMEID
MTB9473	2	SCHEMEID
MTB9479	2	SCHEMEID
MTB9481	2	SCHEMEID
MTB9487	2	SCHEMEID
MTB9491	2	SCHEMEID
MTB9498	2	SCHEMEID
MTB9542	2	SCHEMEID
MTB9559	2	SCHEMEID
MTB9565	2	SCHEMEID
MTB9576	2	SCHEMEID
MTB9587	2	SCHEMEID
MTB9681	2	SCHEMEID
MTB9683	2	SCHEMEID
MTB9696	2	SCHEMEID
MTB9697	2	SCHEMEID
MTB9717	2	SCHEMEID
MTB9720	2	SCHEMEID
MTB9723	2	SCHEMEID
MTB9740	2	SCHEMEID
MTB9741	2	SCHEMEID
MTB9765	2	SCHEMEID
MTB9779	2	SCHEMEID
MTB9783	2	SCHEMEID
MTB9796	2	SCHEMEID
MTB9797	2	SCHEMEID
MTB9803	2	SCHEMEID
MTB9806	2	SCHEMEID
MTB9807	2	SCHEMEID
MTB9836	2	SCHEMEID
MTB9886	2	SCHEMEID
MTB9887	2	SCHEMEID
MTB9909	2	SCHEMEID
MTB9915	2	SCHEMEID
MTB9917	2	SCHEMEID
MTB9952	2	SCHEMEID
MTB9962	2	SCHEMEID
MTB9977	2	SCHEMEID
MTB9982	2	SCHEMEID
MTB9985	2	SCHEMEID
MTB10004	2	SCHEMEID
MTB10018	2	SCHEMEID
MTB10032	2	SCHEMEID
MTB10036	2	SCHEMEID
MTB10048	2	SCHEMEID
MTB10051	2	SCHEMEID
MTB10063	2	SCHEMEID
MTB10067	2	SCHEMEID
MTB10079	2	SCHEMEID
MTB10080	2	SCHEMEID
MTB10083	2	SCHEMEID
MTB10086	2	SCHEMEID
MTB10087	2	SCHEMEID
MTB10088	2	SCHEMEID
MTB10089	2	SCHEMEID
MTB10136	2	SCHEMEID
MTB10158	2	SCHEMEID
MTB10211	2	SCHEMEID
MTB10212	2	SCHEMEID
MTB10213	2	SCHEMEID
MTB10214	2	SCHEMEID
MTB10215	2	SCHEMEID
MTB10216	2	SCHEMEID
MTB10217	2	SCHEMEID
MTB10218	2	SCHEMEID
MTB10235	2	SCHEMEID
MTB10239	2	SCHEMEID
MTB10241	2	SCHEMEID
MTB10243	2	SCHEMEID
MTB10244	2	SCHEMEID
MTB10254	2	SCHEMEID
MTB10256	2	SCHEMEID
MTB10275	2	SCHEMEID
MTB10279	2	SCHEMEID
MTB10334	2	SCHEMEID
MTB10342	2	SCHEMEID
MTB10392	2	SCHEMEID
MTB10399	2	SCHEMEID
MTB10410	2	SCHEMEID
MTB10418	2	SCHEMEID
MTB10420	2	SCHEMEID
MTB10424	2	SCHEMEID
MTB10436	2	SCHEMEID
MTB10479	2	SCHEMEID
MTB10480	2	SCHEMEID
MTB10513	2	SCHEMEID
MTB10514	2	SCHEMEID
MTB10598	2	SCHEMEID
MTB10654	2	SCHEMEID
MTB10655	2	SCHEMEID
MTB10672	2	SCHEMEID
MTB10694	2	SCHEMEID
MTB10704	2	SCHEMEID
MTB10721	2	SCHEMEID
MTB10748	2	SCHEMEID
MTB10756	2	SCHEMEID
MTB10762	2	SCHEMEID
MTB10776	2	SCHEMEID
MTB10791	2	SCHEMEID
MTB10801	2	SCHEMEID
MTB10807	2	SCHEMEID
MTB10865	2	SCHEMEID
MTB10877	2	SCHEMEID
MTB10902	2	SCHEMEID
MTB10960	2	SCHEMEID
MTB10965	2	SCHEMEID
MTB10990	2	SCHEMEID
MTB11050	2	SCHEMEID
MTB11053	2	SCHEMEID
MTB11064	2	SCHEMEID
MTB11074	2	SCHEMEID
MTB11078	2	SCHEMEID
MTB11079	2	SCHEMEID
MTB11080	2	SCHEMEID
MTB11087	2	SCHEMEID
MTB11127	2	SCHEMEID
MTB11131	2	SCHEMEID
MTB11145	2	SCHEMEID
MTB11159	2	SCHEMEID
MTB11200	2	SCHEMEID
MTB11204	2	SCHEMEID
MTB11221	2	SCHEMEID
MTB11266	2	SCHEMEID
MTB11269	2	SCHEMEID
MTB11298	2	SCHEMEID
MTB11299	2	SCHEMEID
MTB11303	2	SCHEMEID
MTB11353	2	SCHEMEID
MTB11374	2	SCHEMEID
MTB11410	2	SCHEMEID
MTB11423	2	SCHEMEID
MTB11439	2	SCHEMEID
MTB11481	2	SCHEMEID
MTB11529	2	SCHEMEID
MTB11553	2	SCHEMEID
MTB11596	2	SCHEMEID
MTB11601	2	SCHEMEID
MTB11604	2	SCHEMEID
MTB11614	2	SCHEMEID
MTB11626	2	SCHEMEID
MTB11631	2	SCHEMEID
MTB11654	2	SCHEMEID
MTB11686	2	SCHEMEID
MTB11697	2	SCHEMEID
MTB11698	2	SCHEMEID
MTB11699	2	SCHEMEID
MTB11711	2	SCHEMEID
MTB11719	2	SCHEMEID
MTB11722	2	SCHEMEID
MTB11726	2	SCHEMEID
MTB11755	2	SCHEMEID
MTB11759	2	SCHEMEID
MTB11811	2	SCHEMEID
MTB11855	2	SCHEMEID
MTB11898	2	SCHEMEID
MTB11899	2	SCHEMEID
MTB11911	2	SCHEMEID
MTB11923	2	SCHEMEID
MTB11933	2	SCHEMEID
MTB11937	2	SCHEMEID
MTB11939	2	SCHEMEID
MTB11940	2	SCHEMEID
MTB11944	2	SCHEMEID
MTB11948	2	SCHEMEID
MTB11954	2	SCHEMEID
MTB12009	2	SCHEMEID
MTB12010	2	SCHEMEID
MTB12059	2	SCHEMEID
MTB12076	2	SCHEMEID
MTB12114	2	SCHEMEID
MTB12116	2	SCHEMEID
MTB12131	2	SCHEMEID
MTB12137	2	SCHEMEID
MTB12150	2	SCHEMEID
MTB12153	2	SCHEMEID
MTB12170	2	SCHEMEID
MTB12186	2	SCHEMEID
MTB12196	2	SCHEMEID
MTB12209	2	SCHEMEID
MTB12250	2	SCHEMEID
MTB12259	2	SCHEMEID
MTB12297	2	SCHEMEID
MTB12298	2	SCHEMEID
MTB12313	2	SCHEMEID
MTB12314	2	SCHEMEID
MTB12316	2	SCHEMEID
MTB12317	2	SCHEMEID
MTB12318	2	SCHEMEID
MTB12319	2	SCHEMEID
MTB12321	2	SCHEMEID
MTB12322	2	SCHEMEID
MTB12323	2	SCHEMEID
MTB12324	2	SCHEMEID
MTB12344	2	SCHEMEID
MTB12350	2	SCHEMEID
MTB12351	2	SCHEMEID
MTB12367	2	SCHEMEID
MTB12377	2	SCHEMEID
MTB12378	2	SCHEMEID
MTB12397	2	SCHEMEID
MTB12400	2	SCHEMEID
MTB12422	2	SCHEMEID
MTB12460	2	SCHEMEID
MTB12464	2	SCHEMEID
MTB12467	2	SCHEMEID
MTB12469	2	SCHEMEID
MTB12470	2	SCHEMEID
MTB12507	2	SCHEMEID
MTB12511	2	SCHEMEID
MTB12512	2	SCHEMEID
MTB12519	2	SCHEMEID
MTB12527	2	SCHEMEID
MTB12531	2	SCHEMEID
MTB12539	2	SCHEMEID
MTB12540	2	SCHEMEID
MTB12541	2	SCHEMEID
MTB12565	2	SCHEMEID
MTB12569	2	SCHEMEID
MTB12589	2	SCHEMEID
MTB12593	2	SCHEMEID
MTB12594	2	SCHEMEID
MTB12595	2	SCHEMEID
MTB12596	2	SCHEMEID
MTB12597	2	SCHEMEID
MTB12600	2	SCHEMEID
MTB12609	2	SCHEMEID
MTB12610	2	SCHEMEID
MTB12611	2	SCHEMEID
MTB12612	2	SCHEMEID
MTB12613	2	SCHEMEID
MTB12644	2	SCHEMEID
MTB12672	2	SCHEMEID
MTB12692	2	SCHEMEID
MTB12696	2	SCHEMEID
MTB12746	2	SCHEMEID
MTB12757	2	SCHEMEID
MTB12765	2	SCHEMEID
MTB12771	2	SCHEMEID
MTB12780	2	SCHEMEID
MTB12784	2	SCHEMEID
MTB12792	2	SCHEMEID
MTB12794	2	SCHEMEID
MTB12807	2	SCHEMEID
MTB12810	2	SCHEMEID
MTB12812	2	SCHEMEID
MTB12813	2	SCHEMEID
MTB12814	2	SCHEMEID
MTB12815	2	SCHEMEID
MTB12818	2	SCHEMEID
MTB12819	2	SCHEMEID
MTB12826	2	SCHEMEID
MTB12831	2	SCHEMEID
MTB12832	2	SCHEMEID
MTB12887	2	SCHEMEID
MTB12941	2	SCHEMEID
MTB12958	2	SCHEMEID
MTB12962	2	SCHEMEID
MTB12964	2	SCHEMEID
MTB12980	2	SCHEMEID
MTB12984	2	SCHEMEID
MTB13000	2	SCHEMEID
MTB13016	2	SCHEMEID
MTB13017	2	SCHEMEID
MTB13023	2	SCHEMEID
MTB13031	2	SCHEMEID
MTB13043	2	SCHEMEID
MTB13050	2	SCHEMEID
MTB13051	2	SCHEMEID
MTB13063	2	SCHEMEID
MTB13064	2	SCHEMEID
MTB13066	2	SCHEMEID
MTB13067	2	SCHEMEID
MTB13074	2	SCHEMEID
MTB13081	2	SCHEMEID
MTB13095	2	SCHEMEID
MTB13101	2	SCHEMEID
MTB13102	2	SCHEMEID
MTB13105	2	SCHEMEID
MTB13106	2	SCHEMEID
MTB13107	2	SCHEMEID
MTB13108	2	SCHEMEID
MTB13109	2	SCHEMEID
MTB13110	2	SCHEMEID
MTB13111	2	SCHEMEID
MTB13112	2	SCHEMEID
MTB13113	2	SCHEMEID
MTB13114	2	SCHEMEID
MTB13115	2	SCHEMEID
MTB13116	2	SCHEMEID
MTB13117	2	SCHEMEID
MTB13118	2	SCHEMEID
MTB13119	2	SCHEMEID
MTB13233	2	SCHEMEID
MTB13268	2	SCHEMEID
MTB13271	2	SCHEMEID
MTB13276	2	SCHEMEID
MTB13278	2	SCHEMEID
MTB13286	2	SCHEMEID
MTB13290	2	SCHEMEID
MTB13311	2	SCHEMEID
MTB13315	2	SCHEMEID
MTB13330	2	SCHEMEID
MTB13352	2	SCHEMEID
MTB13390	2	SCHEMEID
MTB13408	2	SCHEMEID
MTB13414	2	SCHEMEID
MTB13419	2	SCHEMEID
MTB13428	2	SCHEMEID
MTB13438	2	SCHEMEID
MTB13445	2	SCHEMEID
MTB13446	2	SCHEMEID
MTB13450	2	SCHEMEID
MTB13459	2	SCHEMEID
MTB13478	2	SCHEMEID
MTB13530	2	SCHEMEID
MTB13565	2	SCHEMEID
MTB13622	2	SCHEMEID
MTB13634	2	SCHEMEID
MTB13648	2	SCHEMEID
MTB13655	2	SCHEMEID
MTB13661	2	SCHEMEID
MTB13681	2	SCHEMEID
MTB13750	2	SCHEMEID
MTB13751	2	SCHEMEID
MTB13754	2	SCHEMEID
MTB13757	2	SCHEMEID
MTB13770	2	SCHEMEID
MTB13775	2	SCHEMEID
MTB13776	2	SCHEMEID
MTB13784	2	SCHEMEID
MTB13792	2	SCHEMEID
MTB13794	2	SCHEMEID
MTB13803	2	SCHEMEID
MTB13867	2	SCHEMEID
MTB13868	2	SCHEMEID
MTB13869	2	SCHEMEID
MTB13877	2	SCHEMEID
MTB13939	2	SCHEMEID
MTB13940	2	SCHEMEID
MTB13945	2	SCHEMEID
MTB13970	2	SCHEMEID
MTB14025	2	SCHEMEID
MTB14125	2	SCHEMEID
MTB14126	2	SCHEMEID
MTB14129	2	SCHEMEID
MTB14130	2	SCHEMEID
MTB14136	2	SCHEMEID
MTB14138	2	SCHEMEID
MTB14144	2	SCHEMEID
MTB14158	2	SCHEMEID
MTB14160	2	SCHEMEID
MTB14166	2	SCHEMEID
MTB14171	2	SCHEMEID
MTB14185	2	SCHEMEID
MTB14190	2	SCHEMEID
MTB14207	2	SCHEMEID
MTB14235	2	SCHEMEID
MTB14240	2	SCHEMEID
MTB14255	2	SCHEMEID
MTB14298	2	SCHEMEID
MTB14299	2	SCHEMEID
MTB14345	2	SCHEMEID
MTB14353	2	SCHEMEID
MTB14356	2	SCHEMEID
MTB14357	2	SCHEMEID
MTB14358	2	SCHEMEID
MTB14359	2	SCHEMEID
MTB14361	2	SCHEMEID
MTB14362	2	SCHEMEID
MTB14363	2	SCHEMEID
MTB14364	2	SCHEMEID
MTB14365	2	SCHEMEID
MTB14377	2	SCHEMEID
MTB14387	2	SCHEMEID
MTB14397	2	SCHEMEID
MTB14403	2	SCHEMEID
MTB14406	2	SCHEMEID
MTB14410	2	SCHEMEID
MTB14420	2	SCHEMEID
MTB14421	2	SCHEMEID
MTB14436	2	SCHEMEID
MTB14445	2	SCHEMEID
MTB14466	2	SCHEMEID
MTB14477	2	SCHEMEID
MTB14481	2	SCHEMEID
MTB14490	2	SCHEMEID
MTB14582	2	SCHEMEID
MTB14583	2	SCHEMEID
MTB14600	2	SCHEMEID
MTB14601	2	SCHEMEID
MTB14632	2	SCHEMEID
MTB14634	2	SCHEMEID
MTB14648	2	SCHEMEID
MTB14669	2	SCHEMEID
MTB14708	2	SCHEMEID
MTB14729	2	SCHEMEID
MTB14730	2	SCHEMEID
MTB14769	2	SCHEMEID
MTB14771	2	SCHEMEID
MTB14804	2	SCHEMEID
MTB14823	2	SCHEMEID
MTB14824	2	SCHEMEID
MTB14858	2	SCHEMEID
MTB14861	2	SCHEMEID
MTB14862	2	SCHEMEID
MTB14865	2	SCHEMEID
MTB14866	2	SCHEMEID
MTB14867	2	SCHEMEID
MTB14869	2	SCHEMEID
MTB14872	2	SCHEMEID
MTB14873	2	SCHEMEID
MTB14894	2	SCHEMEID
MTB14903	2	SCHEMEID
MTB14904	2	SCHEMEID
MTB14908	2	SCHEMEID
MTB14929	2	SCHEMEID
MTB14959	2	SCHEMEID
MTB14970	2	SCHEMEID
MTB14977	2	SCHEMEID
MTB14996	2	SCHEMEID
MTB15020	2	SCHEMEID
MTB15023	2	SCHEMEID
MTB15047	2	SCHEMEID
MTB15048	2	SCHEMEID
MTB15049	2	SCHEMEID
MTB15087	2	SCHEMEID
MTB15088	2	SCHEMEID
MTB15091	2	SCHEMEID
MTB15094	2	SCHEMEID
MTB15101	2	SCHEMEID
MTB15114	2	SCHEMEID
MTB15141	2	SCHEMEID
MTB15147	2	SCHEMEID
MTB15160	2	SCHEMEID
MTB15203	2	SCHEMEID
MTB15217	2	SCHEMEID
MTB15219	2	SCHEMEID
MTB15245	2	SCHEMEID
MTB15309	2	SCHEMEID
MTB15332	2	SCHEMEID
MTB15344	2	SCHEMEID
MTB15381	2	SCHEMEID
MTB15383	2	SCHEMEID
MTB15388	2	SCHEMEID
MTB15414	2	SCHEMEID
MTB15517	2	SCHEMEID
MTB15529	2	SCHEMEID
MTB15548	2	SCHEMEID
MTB15580	2	SCHEMEID
MTB15583	2	SCHEMEID
MTB15595	2	SCHEMEID
MTB15684	2	SCHEMEID
MTB15686	2	SCHEMEID
MTB15696	2	SCHEMEID
MTB15701	2	SCHEMEID
MTB15710	2	SCHEMEID
MTB15732	2	SCHEMEID
MTB15735	2	SCHEMEID
MTB15738	2	SCHEMEID
MTB15749	2	SCHEMEID
MTB15763	2	SCHEMEID
MTB15804	2	SCHEMEID
MTB15805	2	SCHEMEID
MTB15811	2	SCHEMEID
MTB15812	2	SCHEMEID
MTB15831	2	SCHEMEID
MTB15845	2	SCHEMEID
MTB15846	2	SCHEMEID
MTB15849	2	SCHEMEID
MTB15850	2	SCHEMEID
MTB15887	2	SCHEMEID
MTB15928	2	SCHEMEID
MTB15929	2	SCHEMEID
MTB15971	2	SCHEMEID
MTB15980	2	SCHEMEID
MTB15982	2	SCHEMEID
MTB16000	2	SCHEMEID
MTB16020	2	SCHEMEID
MTB16023	2	SCHEMEID
MTB16024	2	SCHEMEID
MTB16032	2	SCHEMEID
MTB16036	2	SCHEMEID
MTB16044	2	SCHEMEID
MTB16053	2	SCHEMEID
MTB16067	2	SCHEMEID
MTB16098	2	SCHEMEID
MTB16104	2	SCHEMEID
MTB16141	2	SCHEMEID
MTB16154	2	SCHEMEID
MTB16192	2	SCHEMEID
MTB16194	2	SCHEMEID
MTB16213	2	SCHEMEID
MTB16217	2	SCHEMEID
MTB16218	2	SCHEMEID
MTB16219	2	SCHEMEID
MTB16232	2	SCHEMEID
MTB16233	2	SCHEMEID
MTB16234	2	SCHEMEID
MTB16259	2	SCHEMEID
MTB16263	2	SCHEMEID
MTB16276	2	SCHEMEID
MTB16310	2	SCHEMEID
MTB16311	2	SCHEMEID
MTB16317	2	SCHEMEID
MTB16340	2	SCHEMEID
MTB16349	2	SCHEMEID
MTB16352	2	SCHEMEID
MTB16353	2	SCHEMEID
MTB16372	2	SCHEMEID
MTB16375	2	SCHEMEID
MTB16406	2	SCHEMEID
MTB16408	2	SCHEMEID
MTB16409	2	SCHEMEID
MTB16414	2	SCHEMEID
MTB16417	2	SCHEMEID
MTB16423	2	SCHEMEID
MTB16468	2	SCHEMEID
MTB16482	2	SCHEMEID
MTB16485	2	SCHEMEID
MTB16519	2	SCHEMEID
MTB16520	2	SCHEMEID
MTB16521	2	SCHEMEID
MTB16522	2	SCHEMEID
MTB16523	2	SCHEMEID
MTB16541	2	SCHEMEID
MTB16548	2	SCHEMEID
MTB16550	2	SCHEMEID
MTB16553	2	SCHEMEID
MTB16581	2	SCHEMEID
MTB16583	2	SCHEMEID
MTB16584	2	SCHEMEID
MTB16596	2	SCHEMEID
MTB16602	2	SCHEMEID
MTB16606	2	SCHEMEID
MTB16610	2	SCHEMEID
MTB16611	2	SCHEMEID
MTB16615	2	SCHEMEID
MTB16628	2	SCHEMEID
MTB16665	2	SCHEMEID
MTB16688	2	SCHEMEID
MTB16725	2	SCHEMEID
MTB16760	2	SCHEMEID
MTB16775	2	SCHEMEID
MTB16797	2	SCHEMEID
MTB16798	2	SCHEMEID
MTB16799	2	SCHEMEID
MTB16808	2	SCHEMEID
MTB16814	2	SCHEMEID
MTB16815	2	SCHEMEID
MTB16823	2	SCHEMEID
MTB16865	2	SCHEMEID
MTB16873	2	SCHEMEID
MTB16915	2	SCHEMEID
MTB16933	2	SCHEMEID
MTB16936	2	SCHEMEID
MTB16978	2	SCHEMEID
MTB16986	2	SCHEMEID
MTB16987	2	SCHEMEID
MTB17010	2	SCHEMEID
MTB17029	2	SCHEMEID
MTB17034	2	SCHEMEID
MTB17038	2	SCHEMEID
MTB17040	2	SCHEMEID
MTB17041	2	SCHEMEID
MTB17047	2	SCHEMEID
MTB17049	2	SCHEMEID
MTB17050	2	SCHEMEID
MTB17051	2	SCHEMEID
MTB17060	2	SCHEMEID
MTB17064	2	SCHEMEID
MTB17072	2	SCHEMEID
MTB17093	2	SCHEMEID
MTB17107	2	SCHEMEID
MTB17109	2	SCHEMEID
MTB17113	2	SCHEMEID
MTB17115	2	SCHEMEID
MTB17137	2	SCHEMEID
MTB17138	2	SCHEMEID
MTB17139	2	SCHEMEID
MTB17150	2	SCHEMEID
MTB17175	2	SCHEMEID
MTB17182	2	SCHEMEID
MTB17191	2	SCHEMEID
MTB17208	2	SCHEMEID
MTB17221	2	SCHEMEID
MTB17229	2	SCHEMEID
MTB17231	2	SCHEMEID
MTB17254	2	SCHEMEID
MTB17262	2	SCHEMEID
MTB17263	2	SCHEMEID
MTB17268	2	SCHEMEID
MTB17269	2	SCHEMEID
MTB17272	2	SCHEMEID
MTB17274	2	SCHEMEID
MTB17279	2	SCHEMEID
MTB17300	2	SCHEMEID
MTB17301	2	SCHEMEID
MTB17304	2	SCHEMEID
MTB17312	2	SCHEMEID
MTB17322	2	SCHEMEID
MTB17325	2	SCHEMEID
MTB17341	2	SCHEMEID
MTB17348	2	SCHEMEID
MTB17357	2	SCHEMEID
MTB17373	2	SCHEMEID
MTB17416	2	SCHEMEID
MTB17431	2	SCHEMEID
MTB17461	2	SCHEMEID
MTB17474	2	SCHEMEID
MTB17479	2	SCHEMEID
MTB17491	2	SCHEMEID
MTB17497	2	SCHEMEID
MTB17522	2	SCHEMEID
MTB17530	2	SCHEMEID
MTB17531	2	SCHEMEID
MTB17560	2	SCHEMEID
MTB17580	2	SCHEMEID
MTB17659	2	SCHEMEID
MTB17728	2	SCHEMEID
MTB3	1	SCHEMEID
MTB10	1	SCHEMEID
MTB16	1	SCHEMEID
MTB19	1	SCHEMEID
MTB23	1	SCHEMEID
MTB24	1	SCHEMEID
MTB25	1	SCHEMEID
MTB31	1	SCHEMEID
MTB38	1	SCHEMEID
MTB52	1	SCHEMEID
MTB54	1	SCHEMEID
MTB55	1	SCHEMEID
MTB59	1	SCHEMEID
MTB62	1	SCHEMEID
MTB67	1	SCHEMEID
MTB72	1	SCHEMEID
MTB79	1	SCHEMEID
MTB81	1	SCHEMEID
MTB85	1	SCHEMEID
MTB92	1	SCHEMEID
MTB95	1	SCHEMEID
MTB98	1	SCHEMEID
MTB99	1	SCHEMEID
MTB106	1	SCHEMEID
MTB107	1	SCHEMEID
MTB108	1	SCHEMEID
MTB109	1	SCHEMEID
MTB110	1	SCHEMEID
MTB111	1	SCHEMEID
MTB112	1	SCHEMEID
MTB118	1	SCHEMEID
MTB120	1	SCHEMEID
MTB125	1	SCHEMEID
MTB127	1	SCHEMEID
MTB141	1	SCHEMEID
MTB142	1	SCHEMEID
MTB143	1	SCHEMEID
MTB147	1	SCHEMEID
MTB148	1	SCHEMEID
MTB152	1	SCHEMEID
MTB153	1	SCHEMEID
MTB161	1	SCHEMEID
MTB164	1	SCHEMEID
MTB166	1	SCHEMEID
MTB173	1	SCHEMEID
MTB178	1	SCHEMEID
MTB180	1	SCHEMEID
MTB182	1	SCHEMEID
MTB186	1	SCHEMEID
MTB188	1	SCHEMEID
MTB189	1	SCHEMEID
MTB191	1	SCHEMEID
MTB193	1	SCHEMEID
MTB196	1	SCHEMEID
MTB198	1	SCHEMEID
MTB214	1	SCHEMEID
MTB220	1	SCHEMEID
MTB227	1	SCHEMEID
MTB228	1	SCHEMEID
MTB243	1	SCHEMEID
MTB246	1	SCHEMEID
MTB250	1	SCHEMEID
MTB252	1	SCHEMEID
MTB257	1	SCHEMEID
MTB258	1	SCHEMEID
MTB260	1	SCHEMEID
MTB264	1	SCHEMEID
MTB265	1	SCHEMEID
MTB266	1	SCHEMEID
MTB300	1	SCHEMEID
MTB302	1	SCHEMEID
MTB305	1	SCHEMEID
MTB312	1	SCHEMEID
MTB314	1	SCHEMEID
MTB315	1	SCHEMEID
MTB316	1	SCHEMEID
MTB317	1	SCHEMEID
MTB337	1	SCHEMEID
MTB344	1	SCHEMEID
MTB373	1	SCHEMEID
MTB376	1	SCHEMEID
MTB380	1	SCHEMEID
MTB392	1	SCHEMEID
MTB395	1	SCHEMEID
MTB398	1	SCHEMEID
MTB404	1	SCHEMEID
MTB406	1	SCHEMEID
MTB408	1	SCHEMEID
MTB409	1	SCHEMEID
MTB414	1	SCHEMEID
MTB415	1	SCHEMEID
MTB424	1	SCHEMEID
MTB425	1	SCHEMEID
MTB454	1	SCHEMEID
MTB455	1	SCHEMEID
MTB462	1	SCHEMEID
MTB464	1	SCHEMEID
MTB465	1	SCHEMEID
MTB468	1	SCHEMEID
MTB473	1	SCHEMEID
MTB479	1	SCHEMEID
MTB480	1	SCHEMEID
MTB496	1	SCHEMEID
MTB498	1	SCHEMEID
MTB502	1	SCHEMEID
MTB516	1	SCHEMEID
MTB517	1	SCHEMEID
MTB518	1	SCHEMEID
MTB524	1	SCHEMEID
MTB525	1	SCHEMEID
MTB527	1	SCHEMEID
MTB533	1	SCHEMEID
MTB539	1	SCHEMEID
MTB548	1	SCHEMEID
MTB555	1	SCHEMEID
MTB564	1	SCHEMEID
MTB565	1	SCHEMEID
MTB566	1	SCHEMEID
MTB573	1	SCHEMEID
MTB576	1	SCHEMEID
MTB577	1	SCHEMEID
MTB578	1	SCHEMEID
MTB579	1	SCHEMEID
MTB581	1	SCHEMEID
MTB584	1	SCHEMEID
MTB587	1	SCHEMEID
MTB595	1	SCHEMEID
MTB598	1	SCHEMEID
MTB603	1	SCHEMEID
MTB611	1	SCHEMEID
MTB612	1	SCHEMEID
MTB614	1	SCHEMEID
MTB622	1	SCHEMEID
MTB625	1	SCHEMEID
MTB627	1	SCHEMEID
MTB630	1	SCHEMEID
MTB633	1	SCHEMEID
MTB639	1	SCHEMEID
MTB640	1	SCHEMEID
MTB643	1	SCHEMEID
MTB646	1	SCHEMEID
MTB654	1	SCHEMEID
MTB655	1	SCHEMEID
MTB656	1	SCHEMEID
MTB659	1	SCHEMEID
MTB676	1	SCHEMEID
MTB682	1	SCHEMEID
MTB683	1	SCHEMEID
MTB685	1	SCHEMEID
MTB688	1	SCHEMEID
MTB689	1	SCHEMEID
MTB692	1	SCHEMEID
MTB702	1	SCHEMEID
MTB726	1	SCHEMEID
MTB737	1	SCHEMEID
MTB738	1	SCHEMEID
MTB739	1	SCHEMEID
MTB740	1	SCHEMEID
MTB767	1	SCHEMEID
MTB777	1	SCHEMEID
MTB795	1	SCHEMEID
MTB812	1	SCHEMEID
MTB839	1	SCHEMEID
MTB843	1	SCHEMEID
MTB864	1	SCHEMEID
MTB902	1	SCHEMEID
MTB910	1	SCHEMEID
MTB917	1	SCHEMEID
MTB936	1	SCHEMEID
MTB937	1	SCHEMEID
MTB942	1	SCHEMEID
MTB943	1	SCHEMEID
MTB948	1	SCHEMEID
MTB955	1	SCHEMEID
MTB956	1	SCHEMEID
MTB958	1	SCHEMEID
MTB961	1	SCHEMEID
MTB967	1	SCHEMEID
MTB968	1	SCHEMEID
MTB969	1	SCHEMEID
MTB971	1	SCHEMEID
MTB975	1	SCHEMEID
MTB977	1	SCHEMEID
MTB978	1	SCHEMEID
MTB982	1	SCHEMEID
MTB990	1	SCHEMEID
MTB994	1	SCHEMEID
MTB996	1	SCHEMEID
MTB997	1	SCHEMEID
MTB998	1	SCHEMEID
MTB1001	1	SCHEMEID
MTB1002	1	SCHEMEID
MTB1009	1	SCHEMEID
MTB1012	1	SCHEMEID
MTB1013	1	SCHEMEID
MTB1014	1	SCHEMEID
MTB1016	1	SCHEMEID
MTB1018	1	SCHEMEID
MTB1021	1	SCHEMEID
MTB1025	1	SCHEMEID
MTB1027	1	SCHEMEID
MTB1030	1	SCHEMEID
MTB1032	1	SCHEMEID
MTB1044	1	SCHEMEID
MTB1045	1	SCHEMEID
MTB1054	1	SCHEMEID
MTB1055	1	SCHEMEID
MTB1056	1	SCHEMEID
MTB1058	1	SCHEMEID
MTB1071	1	SCHEMEID
MTB1074	1	SCHEMEID
MTB1079	1	SCHEMEID
MTB1082	1	SCHEMEID
MTB1086	1	SCHEMEID
MTB1087	1	SCHEMEID
MTB1092	1	SCHEMEID
MTB1093	1	SCHEMEID
MTB1095	1	SCHEMEID
MTB1102	1	SCHEMEID
MTB1105	1	SCHEMEID
MTB1106	1	SCHEMEID
MTB1108	1	SCHEMEID
MTB1110	1	SCHEMEID
MTB1118	1	SCHEMEID
MTB1127	1	SCHEMEID
MTB1129	1	SCHEMEID
MTB1130	1	SCHEMEID
MTB1131	1	SCHEMEID
MTB1134	1	SCHEMEID
MTB1135	1	SCHEMEID
MTB1146	1	SCHEMEID
MTB1152	1	SCHEMEID
MTB1153	1	SCHEMEID
MTB1158	1	SCHEMEID
MTB1160	1	SCHEMEID
MTB1162	1	SCHEMEID
MTB1165	1	SCHEMEID
MTB1172	1	SCHEMEID
MTB1176	1	SCHEMEID
MTB1181	1	SCHEMEID
MTB1183	1	SCHEMEID
MTB1186	1	SCHEMEID
MTB1190	1	SCHEMEID
MTB1191	1	SCHEMEID
MTB1209	1	SCHEMEID
MTB1210	1	SCHEMEID
MTB1220	1	SCHEMEID
MTB1224	1	SCHEMEID
MTB1229	1	SCHEMEID
MTB1233	1	SCHEMEID
MTB1234	1	SCHEMEID
MTB1237	1	SCHEMEID
MTB1238	1	SCHEMEID
MTB1243	1	SCHEMEID
MTB1253	1	SCHEMEID
MTB1257	1	SCHEMEID
MTB1262	1	SCHEMEID
MTB1268	1	SCHEMEID
MTB1275	1	SCHEMEID
MTB1284	1	SCHEMEID
MTB1286	1	SCHEMEID
MTB1292	1	SCHEMEID
MTB1297	1	SCHEMEID
MTB1310	1	SCHEMEID
MTB1347	1	SCHEMEID
MTB1352	1	SCHEMEID
MTB1353	1	SCHEMEID
MTB1373	1	SCHEMEID
MTB1374	1	SCHEMEID
MTB1375	1	SCHEMEID
MTB1379	1	SCHEMEID
MTB1380	1	SCHEMEID
MTB1381	1	SCHEMEID
MTB1388	1	SCHEMEID
MTB1389	1	SCHEMEID
MTB1394	1	SCHEMEID
MTB1401	1	SCHEMEID
MTB1412	1	SCHEMEID
MTB1418	1	SCHEMEID
MTB1431	1	SCHEMEID
MTB1433	1	SCHEMEID
MTB1439	1	SCHEMEID
MTB1447	1	SCHEMEID
MTB1449	1	SCHEMEID
MTB1456	1	SCHEMEID
MTB1457	1	SCHEMEID
MTB1464	1	SCHEMEID
MTB1473	1	SCHEMEID
MTB1478	1	SCHEMEID
MTB1480	1	SCHEMEID
MTB1481	1	SCHEMEID
MTB1484	1	SCHEMEID
MTB1485	1	SCHEMEID
MTB1486	1	SCHEMEID
MTB1488	1	SCHEMEID
MTB1489	1	SCHEMEID
MTB1494	1	SCHEMEID
MTB1503	1	SCHEMEID
MTB1505	1	SCHEMEID
MTB1517	1	SCHEMEID
MTB1523	1	SCHEMEID
MTB1573	1	SCHEMEID
MTB1578	1	SCHEMEID
MTB1579	1	SCHEMEID
MTB1580	1	SCHEMEID
MTB1581	1	SCHEMEID
MTB1586	1	SCHEMEID
MTB1611	1	SCHEMEID
MTB1614	1	SCHEMEID
MTB1616	1	SCHEMEID
MTB1617	1	SCHEMEID
MTB1620	1	SCHEMEID
MTB1623	1	SCHEMEID
MTB1624	1	SCHEMEID
MTB1625	1	SCHEMEID
MTB1632	1	SCHEMEID
MTB1633	1	SCHEMEID
MTB1636	1	SCHEMEID
MTB1657	1	SCHEMEID
MTB1659	1	SCHEMEID
MTB1662	1	SCHEMEID
MTB1667	1	SCHEMEID
MTB1668	1	SCHEMEID
MTB1670	1	SCHEMEID
MTB1673	1	SCHEMEID
MTB1674	1	SCHEMEID
MTB1684	1	SCHEMEID
MTB1689	1	SCHEMEID
MTB1690	1	SCHEMEID
MTB1691	1	SCHEMEID
MTB1702	1	SCHEMEID
MTB1722	1	SCHEMEID
MTB1726	1	SCHEMEID
MTB1728	1	SCHEMEID
MTB1729	1	SCHEMEID
MTB1742	1	SCHEMEID
MTB1743	1	SCHEMEID
MTB1748	1	SCHEMEID
MTB1754	1	SCHEMEID
MTB1770	1	SCHEMEID
MTB1776	1	SCHEMEID
MTB1786	1	SCHEMEID
MTB1787	1	SCHEMEID
MTB1788	1	SCHEMEID
MTB1789	1	SCHEMEID
MTB1797	1	SCHEMEID
MTB1800	1	SCHEMEID
MTB1801	1	SCHEMEID
MTB1820	1	SCHEMEID
MTB1830	1	SCHEMEID
MTB1831	1	SCHEMEID
MTB1835	1	SCHEMEID
MTB1842	1	SCHEMEID
MTB1843	1	SCHEMEID
MTB1845	1	SCHEMEID
MTB1857	1	SCHEMEID
MTB1873	1	SCHEMEID
MTB1879	1	SCHEMEID
MTB1880	1	SCHEMEID
MTB1881	1	SCHEMEID
MTB1882	1	SCHEMEID
MTB1885	1	SCHEMEID
MTB1890	1	SCHEMEID
MTB1896	1	SCHEMEID
MTB1897	1	SCHEMEID
MTB1905	1	SCHEMEID
MTB1906	1	SCHEMEID
MTB1907	1	SCHEMEID
MTB1908	1	SCHEMEID
MTB1914	1	SCHEMEID
MTB1918	1	SCHEMEID
MTB1919	1	SCHEMEID
MTB1954	1	SCHEMEID
MTB1955	1	SCHEMEID
MTB1961	1	SCHEMEID
MTB1966	1	SCHEMEID
MTB2007	1	SCHEMEID
MTB2011	1	SCHEMEID
MTB2025	1	SCHEMEID
MTB2026	1	SCHEMEID
MTB2027	1	SCHEMEID
MTB2040	1	SCHEMEID
MTB2041	1	SCHEMEID
MTB2042	1	SCHEMEID
MTB2044	1	SCHEMEID
MTB2045	1	SCHEMEID
MTB2046	1	SCHEMEID
MTB2047	1	SCHEMEID
MTB2048	1	SCHEMEID
MTB2071	1	SCHEMEID
MTB2074	1	SCHEMEID
MTB2075	1	SCHEMEID
MTB2076	1	SCHEMEID
MTB2088	1	SCHEMEID
MTB2102	1	SCHEMEID
MTB2105	1	SCHEMEID
MTB2106	1	SCHEMEID
MTB2107	1	SCHEMEID
MTB2115	1	SCHEMEID
MTB2127	1	SCHEMEID
MTB2129	1	SCHEMEID
MTB2132	1	SCHEMEID
MTB2133	1	SCHEMEID
MTB2137	1	SCHEMEID
MTB2141	1	SCHEMEID
MTB2145	1	SCHEMEID
MTB2147	1	SCHEMEID
MTB2151	1	SCHEMEID
MTB2157	1	SCHEMEID
MTB2159	1	SCHEMEID
MTB2162	1	SCHEMEID
MTB2173	1	SCHEMEID
MTB2177	1	SCHEMEID
MTB2182	1	SCHEMEID
MTB2183	1	SCHEMEID
MTB2185	1	SCHEMEID
MTB2186	1	SCHEMEID
MTB2189	1	SCHEMEID
MTB2192	1	SCHEMEID
MTB2203	1	SCHEMEID
MTB2204	1	SCHEMEID
MTB2206	1	SCHEMEID
MTB2207	1	SCHEMEID
MTB2208	1	SCHEMEID
MTB2212	1	SCHEMEID
MTB2222	1	SCHEMEID
MTB2224	1	SCHEMEID
MTB2225	1	SCHEMEID
MTB2226	1	SCHEMEID
MTB2227	1	SCHEMEID
MTB2230	1	SCHEMEID
MTB2231	1	SCHEMEID
MTB2232	1	SCHEMEID
MTB2233	1	SCHEMEID
MTB2235	1	SCHEMEID
MTB2236	1	SCHEMEID
MTB2241	1	SCHEMEID
MTB2243	1	SCHEMEID
MTB2244	1	SCHEMEID
MTB2254	1	SCHEMEID
MTB2255	1	SCHEMEID
MTB2257	1	SCHEMEID
MTB2262	1	SCHEMEID
MTB2269	1	SCHEMEID
MTB2281	1	SCHEMEID
MTB2287	1	SCHEMEID
MTB2290	1	SCHEMEID
MTB2291	1	SCHEMEID
MTB2294	1	SCHEMEID
MTB2302	1	SCHEMEID
MTB2304	1	SCHEMEID
MTB2305	1	SCHEMEID
MTB2308	1	SCHEMEID
MTB2309	1	SCHEMEID
MTB2312	1	SCHEMEID
MTB2316	1	SCHEMEID
MTB2317	1	SCHEMEID
MTB2318	1	SCHEMEID
MTB2326	1	SCHEMEID
MTB2327	1	SCHEMEID
MTB2349	1	SCHEMEID
MTB2354	1	SCHEMEID
MTB2366	1	SCHEMEID
MTB2375	1	SCHEMEID
MTB2391	1	SCHEMEID
MTB2395	1	SCHEMEID
MTB2396	1	SCHEMEID
MTB2397	1	SCHEMEID
MTB2398	1	SCHEMEID
MTB2399	1	SCHEMEID
MTB2401	1	SCHEMEID
MTB2402	1	SCHEMEID
MTB2403	1	SCHEMEID
MTB2405	1	SCHEMEID
MTB2406	1	SCHEMEID
MTB2407	1	SCHEMEID
MTB2408	1	SCHEMEID
MTB2409	1	SCHEMEID
MTB2410	1	SCHEMEID
MTB2411	1	SCHEMEID
MTB2412	1	SCHEMEID
MTB2415	1	SCHEMEID
MTB2416	1	SCHEMEID
MTB2418	1	SCHEMEID
MTB2419	1	SCHEMEID
MTB2420	1	SCHEMEID
MTB2421	1	SCHEMEID
MTB2422	1	SCHEMEID
MTB2423	1	SCHEMEID
MTB2424	1	SCHEMEID
MTB2425	1	SCHEMEID
MTB2426	1	SCHEMEID
MTB2428	1	SCHEMEID
MTB2429	1	SCHEMEID
MTB2430	1	SCHEMEID
MTB2431	1	SCHEMEID
MTB2432	1	SCHEMEID
MTB2433	1	SCHEMEID
MTB2434	1	SCHEMEID
MTB2435	1	SCHEMEID
MTB2436	1	SCHEMEID
MTB2437	1	SCHEMEID
MTB2438	1	SCHEMEID
MTB2439	1	SCHEMEID
MTB2440	1	SCHEMEID
MTB2444	1	SCHEMEID
MTB2445	1	SCHEMEID
MTB2446	1	SCHEMEID
MTB2447	1	SCHEMEID
MTB2448	1	SCHEMEID
MTB2449	1	SCHEMEID
MTB2450	1	SCHEMEID
MTB2453	1	SCHEMEID
MTB2454	1	SCHEMEID
MTB2455	1	SCHEMEID
MTB2456	1	SCHEMEID
MTB2457	1	SCHEMEID
MTB2458	1	SCHEMEID
MTB2459	1	SCHEMEID
MTB2467	1	SCHEMEID
MTB2468	1	SCHEMEID
MTB2470	1	SCHEMEID
MTB2471	1	SCHEMEID
MTB2472	1	SCHEMEID
MTB2477	1	SCHEMEID
MTB2478	1	SCHEMEID
MTB2483	1	SCHEMEID
MTB2484	1	SCHEMEID
MTB2489	1	SCHEMEID
MTB2490	1	SCHEMEID
MTB2491	1	SCHEMEID
MTB2493	1	SCHEMEID
MTB2494	1	SCHEMEID
MTB2500	1	SCHEMEID
MTB2506	1	SCHEMEID
MTB2510	1	SCHEMEID
MTB2511	1	SCHEMEID
MTB2523	1	SCHEMEID
MTB2524	1	SCHEMEID
MTB2525	1	SCHEMEID
MTB2541	1	SCHEMEID
MTB2545	1	SCHEMEID
MTB2550	1	SCHEMEID
MTB2551	1	SCHEMEID
MTB2554	1	SCHEMEID
MTB2566	1	SCHEMEID
MTB2581	1	SCHEMEID
MTB2594	1	SCHEMEID
MTB2596	1	SCHEMEID
MTB2597	1	SCHEMEID
MTB2601	1	SCHEMEID
MTB2603	1	SCHEMEID
MTB2604	1	SCHEMEID
MTB2605	1	SCHEMEID
MTB2606	1	SCHEMEID
MTB2611	1	SCHEMEID
MTB2613	1	SCHEMEID
MTB2614	1	SCHEMEID
MTB2617	1	SCHEMEID
MTB2620	1	SCHEMEID
MTB2621	1	SCHEMEID
MTB2622	1	SCHEMEID
MTB2632	1	SCHEMEID
MTB2635	1	SCHEMEID
MTB2638	1	SCHEMEID
MTB2641	1	SCHEMEID
MTB2646	1	SCHEMEID
MTB2648	1	SCHEMEID
MTB2649	1	SCHEMEID
MTB2650	1	SCHEMEID
MTB2651	1	SCHEMEID
MTB2655	1	SCHEMEID
MTB2656	1	SCHEMEID
MTB2657	1	SCHEMEID
MTB2680	1	SCHEMEID
MTB2694	1	SCHEMEID
MTB2704	1	SCHEMEID
MTB2706	1	SCHEMEID
MTB2710	1	SCHEMEID
MTB2712	1	SCHEMEID
MTB2713	1	SCHEMEID
MTB2715	1	SCHEMEID
MTB2716	1	SCHEMEID
MTB2719	1	SCHEMEID
MTB2721	1	SCHEMEID
MTB2722	1	SCHEMEID
MTB2723	1	SCHEMEID
MTB2724	1	SCHEMEID
MTB2725	1	SCHEMEID
MTB2726	1	SCHEMEID
MTB2727	1	SCHEMEID
MTB2730	1	SCHEMEID
MTB2731	1	SCHEMEID
MTB2738	1	SCHEMEID
MTB2739	1	SCHEMEID
MTB2740	1	SCHEMEID
MTB2753	1	SCHEMEID
MTB2755	1	SCHEMEID
MTB2758	1	SCHEMEID
MTB2759	1	SCHEMEID
MTB2760	1	SCHEMEID
MTB2761	1	SCHEMEID
MTB2772	1	SCHEMEID
MTB2773	1	SCHEMEID
MTB2774	1	SCHEMEID
MTB2775	1	SCHEMEID
MTB2776	1	SCHEMEID
MTB2778	1	SCHEMEID
MTB2779	1	SCHEMEID
MTB2780	1	SCHEMEID
MTB2781	1	SCHEMEID
MTB2782	1	SCHEMEID
MTB2783	1	SCHEMEID
MTB2784	1	SCHEMEID
MTB2785	1	SCHEMEID
MTB2786	1	SCHEMEID
MTB2787	1	SCHEMEID
MTB2788	1	SCHEMEID
MTB2789	1	SCHEMEID
MTB2790	1	SCHEMEID
MTB2791	1	SCHEMEID
MTB2792	1	SCHEMEID
MTB2793	1	SCHEMEID
MTB2794	1	SCHEMEID
MTB2795	1	SCHEMEID
MTB2796	1	SCHEMEID
MTB2797	1	SCHEMEID
MTB2801	1	SCHEMEID
MTB2807	1	SCHEMEID
MTB2811	1	SCHEMEID
MTB2816	1	SCHEMEID
MTB2821	1	SCHEMEID
MTB2826	1	SCHEMEID
MTB2834	1	SCHEMEID
MTB2836	1	SCHEMEID
MTB2851	1	SCHEMEID
MTB2866	1	SCHEMEID
MTB2868	1	SCHEMEID
MTB2871	1	SCHEMEID
MTB2873	1	SCHEMEID
MTB2874	1	SCHEMEID
MTB2875	1	SCHEMEID
MTB2877	1	SCHEMEID
MTB2878	1	SCHEMEID
MTB2881	1	SCHEMEID
MTB2890	1	SCHEMEID
MTB2898	1	SCHEMEID
MTB2899	1	SCHEMEID
MTB2900	1	SCHEMEID
MTB2901	1	SCHEMEID
MTB2906	1	SCHEMEID
MTB2908	1	SCHEMEID
MTB2914	1	SCHEMEID
MTB2915	1	SCHEMEID
MTB2916	1	SCHEMEID
MTB2917	1	SCHEMEID
MTB2921	1	SCHEMEID
MTB2922	1	SCHEMEID
MTB2931	1	SCHEMEID
MTB2934	1	SCHEMEID
MTB2937	1	SCHEMEID
MTB2938	1	SCHEMEID
MTB2941	1	SCHEMEID
MTB2942	1	SCHEMEID
MTB2943	1	SCHEMEID
MTB2944	1	SCHEMEID
MTB2948	1	SCHEMEID
MTB2954	1	SCHEMEID
MTB2955	1	SCHEMEID
MTB2956	1	SCHEMEID
MTB2957	1	SCHEMEID
MTB2962	1	SCHEMEID
MTB2964	1	SCHEMEID
MTB2977	1	SCHEMEID
MTB2996	1	SCHEMEID
MTB3003	1	SCHEMEID
MTB3006	1	SCHEMEID
MTB3010	1	SCHEMEID
MTB3011	1	SCHEMEID
MTB3013	1	SCHEMEID
MTB3023	1	SCHEMEID
MTB3024	1	SCHEMEID
MTB3025	1	SCHEMEID
MTB3032	1	SCHEMEID
MTB3035	1	SCHEMEID
MTB3037	1	SCHEMEID
MTB3038	1	SCHEMEID
MTB3039	1	SCHEMEID
MTB3041	1	SCHEMEID
MTB3042	1	SCHEMEID
MTB3056	1	SCHEMEID
MTB3066	1	SCHEMEID
MTB3075	1	SCHEMEID
MTB3080	1	SCHEMEID
MTB3084	1	SCHEMEID
MTB3086	1	SCHEMEID
MTB3088	1	SCHEMEID
MTB3090	1	SCHEMEID
MTB3091	1	SCHEMEID
MTB3093	1	SCHEMEID
MTB3102	1	SCHEMEID
MTB3105	1	SCHEMEID
MTB3106	1	SCHEMEID
MTB3107	1	SCHEMEID
MTB3108	1	SCHEMEID
MTB3109	1	SCHEMEID
MTB3110	1	SCHEMEID
MTB3112	1	SCHEMEID
MTB3115	1	SCHEMEID
MTB3118	1	SCHEMEID
MTB3119	1	SCHEMEID
MTB3123	1	SCHEMEID
MTB3124	1	SCHEMEID
MTB3125	1	SCHEMEID
MTB3127	1	SCHEMEID
MTB3128	1	SCHEMEID
MTB3133	1	SCHEMEID
MTB3139	1	SCHEMEID
MTB3140	1	SCHEMEID
MTB3141	1	SCHEMEID
MTB3143	1	SCHEMEID
MTB3144	1	SCHEMEID
MTB3145	1	SCHEMEID
MTB3146	1	SCHEMEID
MTB3147	1	SCHEMEID
MTB3148	1	SCHEMEID
MTB3149	1	SCHEMEID
MTB3152	1	SCHEMEID
MTB3153	1	SCHEMEID
MTB3155	1	SCHEMEID
MTB3157	1	SCHEMEID
MTB3158	1	SCHEMEID
MTB3159	1	SCHEMEID
MTB3162	1	SCHEMEID
MTB3163	1	SCHEMEID
MTB3168	1	SCHEMEID
MTB3177	1	SCHEMEID
MTB3182	1	SCHEMEID
MTB3184	1	SCHEMEID
MTB3192	1	SCHEMEID
MTB3193	1	SCHEMEID
MTB3194	1	SCHEMEID
MTB3202	1	SCHEMEID
MTB3211	1	SCHEMEID
MTB3214	1	SCHEMEID
MTB3215	1	SCHEMEID
MTB3216	1	SCHEMEID
MTB3230	1	SCHEMEID
MTB3237	1	SCHEMEID
MTB3241	1	SCHEMEID
MTB3242	1	SCHEMEID
MTB3249	1	SCHEMEID
MTB3250	1	SCHEMEID
MTB3251	1	SCHEMEID
MTB3252	1	SCHEMEID
MTB3253	1	SCHEMEID
MTB3254	1	SCHEMEID
MTB3255	1	SCHEMEID
MTB3256	1	SCHEMEID
MTB3257	1	SCHEMEID
MTB3258	1	SCHEMEID
MTB3261	1	SCHEMEID
MTB3265	1	SCHEMEID
MTB3266	1	SCHEMEID
MTB3271	1	SCHEMEID
MTB3276	1	SCHEMEID
MTB3278	1	SCHEMEID
MTB3279	1	SCHEMEID
MTB3280	1	SCHEMEID
MTB3287	1	SCHEMEID
MTB3288	1	SCHEMEID
MTB3290	1	SCHEMEID
MTB3293	1	SCHEMEID
MTB3294	1	SCHEMEID
MTB3295	1	SCHEMEID
MTB3296	1	SCHEMEID
MTB3297	1	SCHEMEID
MTB3304	1	SCHEMEID
MTB3307	1	SCHEMEID
MTB3308	1	SCHEMEID
MTB3309	1	SCHEMEID
MTB3314	1	SCHEMEID
MTB3315	1	SCHEMEID
MTB3321	1	SCHEMEID
MTB3322	1	SCHEMEID
MTB3328	1	SCHEMEID
MTB3330	1	SCHEMEID
MTB3331	1	SCHEMEID
MTB3332	1	SCHEMEID
MTB3336	1	SCHEMEID
MTB3337	1	SCHEMEID
MTB3340	1	SCHEMEID
MTB3345	1	SCHEMEID
MTB3348	1	SCHEMEID
MTB3349	1	SCHEMEID
MTB3350	1	SCHEMEID
MTB3351	1	SCHEMEID
MTB3353	1	SCHEMEID
MTB3354	1	SCHEMEID
MTB3359	1	SCHEMEID
MTB3366	1	SCHEMEID
MTB3371	1	SCHEMEID
MTB3372	1	SCHEMEID
MTB3373	1	SCHEMEID
MTB3374	1	SCHEMEID
MTB3384	1	SCHEMEID
MTB3389	1	SCHEMEID
MTB3390	1	SCHEMEID
MTB3395	1	SCHEMEID
MTB3396	1	SCHEMEID
MTB3400	1	SCHEMEID
MTB3401	1	SCHEMEID
MTB3402	1	SCHEMEID
MTB3403	1	SCHEMEID
MTB3408	1	SCHEMEID
MTB3409	1	SCHEMEID
MTB3414	1	SCHEMEID
MTB3420	1	SCHEMEID
MTB3421	1	SCHEMEID
MTB3422	1	SCHEMEID
MTB3423	1	SCHEMEID
MTB3424	1	SCHEMEID
MTB3425	1	SCHEMEID
MTB3426	1	SCHEMEID
MTB3427	1	SCHEMEID
MTB3428	1	SCHEMEID
MTB3429	1	SCHEMEID
MTB3430	1	SCHEMEID
MTB3431	1	SCHEMEID
MTB3432	1	SCHEMEID
MTB3433	1	SCHEMEID
MTB3434	1	SCHEMEID
MTB3435	1	SCHEMEID
MTB3436	1	SCHEMEID
MTB3442	1	SCHEMEID
MTB3444	1	SCHEMEID
MTB3450	1	SCHEMEID
MTB3457	1	SCHEMEID
MTB3458	1	SCHEMEID
MTB3459	1	SCHEMEID
MTB3460	1	SCHEMEID
MTB3461	1	SCHEMEID
MTB3462	1	SCHEMEID
MTB3463	1	SCHEMEID
MTB3464	1	SCHEMEID
MTB3465	1	SCHEMEID
MTB3466	1	SCHEMEID
MTB3467	1	SCHEMEID
MTB3472	1	SCHEMEID
MTB3474	1	SCHEMEID
MTB3476	1	SCHEMEID
MTB3479	1	SCHEMEID
MTB3482	1	SCHEMEID
MTB3483	1	SCHEMEID
MTB3484	1	SCHEMEID
MTB3486	1	SCHEMEID
MTB3488	1	SCHEMEID
MTB3489	1	SCHEMEID
MTB3490	1	SCHEMEID
MTB3491	1	SCHEMEID
MTB3492	1	SCHEMEID
MTB3493	1	SCHEMEID
MTB3494	1	SCHEMEID
MTB3495	1	SCHEMEID
MTB3501	1	SCHEMEID
MTB3502	1	SCHEMEID
MTB3504	1	SCHEMEID
MTB3505	1	SCHEMEID
MTB3515	1	SCHEMEID
MTB3517	1	SCHEMEID
MTB3518	1	SCHEMEID
MTB3519	1	SCHEMEID
MTB3520	1	SCHEMEID
MTB3523	1	SCHEMEID
MTB3524	1	SCHEMEID
MTB3533	1	SCHEMEID
MTB3534	1	SCHEMEID
MTB3535	1	SCHEMEID
MTB3537	1	SCHEMEID
MTB3550	1	SCHEMEID
MTB3557	1	SCHEMEID
MTB3566	1	SCHEMEID
MTB3569	1	SCHEMEID
MTB3570	1	SCHEMEID
MTB3578	1	SCHEMEID
MTB3580	1	SCHEMEID
MTB3588	1	SCHEMEID
MTB3589	1	SCHEMEID
MTB3590	1	SCHEMEID
MTB3591	1	SCHEMEID
MTB3592	1	SCHEMEID
MTB3593	1	SCHEMEID
MTB3596	1	SCHEMEID
MTB3597	1	SCHEMEID
MTB3598	1	SCHEMEID
MTB3600	1	SCHEMEID
MTB3602	1	SCHEMEID
MTB3603	1	SCHEMEID
MTB3604	1	SCHEMEID
MTB3607	1	SCHEMEID
MTB3617	1	SCHEMEID
MTB3618	1	SCHEMEID
MTB3627	1	SCHEMEID
MTB3629	1	SCHEMEID
MTB3630	1	SCHEMEID
MTB3632	1	SCHEMEID
MTB3634	1	SCHEMEID
MTB3635	1	SCHEMEID
MTB3636	1	SCHEMEID
MTB3637	1	SCHEMEID
MTB3638	1	SCHEMEID
MTB3642	1	SCHEMEID
MTB3644	1	SCHEMEID
MTB3645	1	SCHEMEID
MTB3649	1	SCHEMEID
MTB3651	1	SCHEMEID
MTB3652	1	SCHEMEID
MTB3653	1	SCHEMEID
MTB3656	1	SCHEMEID
MTB3657	1	SCHEMEID
MTB3659	1	SCHEMEID
MTB3661	1	SCHEMEID
MTB3664	1	SCHEMEID
MTB3666	1	SCHEMEID
MTB3671	1	SCHEMEID
MTB3674	1	SCHEMEID
MTB3677	1	SCHEMEID
MTB3682	1	SCHEMEID
MTB3684	1	SCHEMEID
MTB3694	1	SCHEMEID
MTB3695	1	SCHEMEID
MTB3704	1	SCHEMEID
MTB3706	1	SCHEMEID
MTB3707	1	SCHEMEID
MTB3708	1	SCHEMEID
MTB3711	1	SCHEMEID
MTB3723	1	SCHEMEID
MTB3724	1	SCHEMEID
MTB3734	1	SCHEMEID
MTB3735	1	SCHEMEID
MTB3736	1	SCHEMEID
MTB3737	1	SCHEMEID
MTB3738	1	SCHEMEID
MTB3739	1	SCHEMEID
MTB3740	1	SCHEMEID
MTB3745	1	SCHEMEID
MTB3747	1	SCHEMEID
MTB3750	1	SCHEMEID
MTB3756	1	SCHEMEID
MTB3757	1	SCHEMEID
MTB3758	1	SCHEMEID
MTB3759	1	SCHEMEID
MTB3760	1	SCHEMEID
MTB3764	1	SCHEMEID
MTB3769	1	SCHEMEID
MTB3770	1	SCHEMEID
MTB3771	1	SCHEMEID
MTB3772	1	SCHEMEID
MTB3773	1	SCHEMEID
MTB3774	1	SCHEMEID
MTB3775	1	SCHEMEID
MTB3776	1	SCHEMEID
MTB3777	1	SCHEMEID
MTB3778	1	SCHEMEID
MTB3779	1	SCHEMEID
MTB3780	1	SCHEMEID
MTB3781	1	SCHEMEID
MTB3789	1	SCHEMEID
MTB3790	1	SCHEMEID
MTB3791	1	SCHEMEID
MTB3792	1	SCHEMEID
MTB3793	1	SCHEMEID
MTB3794	1	SCHEMEID
MTB3814	1	SCHEMEID
MTB3815	1	SCHEMEID
MTB3817	1	SCHEMEID
MTB3818	1	SCHEMEID
MTB3819	1	SCHEMEID
MTB3820	1	SCHEMEID
MTB3821	1	SCHEMEID
MTB3822	1	SCHEMEID
MTB3823	1	SCHEMEID
MTB3824	1	SCHEMEID
MTB3825	1	SCHEMEID
MTB3826	1	SCHEMEID
MTB3827	1	SCHEMEID
MTB3828	1	SCHEMEID
MTB3829	1	SCHEMEID
MTB3861	1	SCHEMEID
MTB3862	1	SCHEMEID
MTB3864	1	SCHEMEID
MTB3866	1	SCHEMEID
MTB3867	1	SCHEMEID
MTB3868	1	SCHEMEID
MTB3869	1	SCHEMEID
MTB3870	1	SCHEMEID
MTB3871	1	SCHEMEID
MTB3872	1	SCHEMEID
MTB3873	1	SCHEMEID
MTB3874	1	SCHEMEID
MTB3879	1	SCHEMEID
MTB3885	1	SCHEMEID
MTB3894	1	SCHEMEID
MTB3899	1	SCHEMEID
MTB3904	1	SCHEMEID
MTB3905	1	SCHEMEID
MTB3906	1	SCHEMEID
MTB3907	1	SCHEMEID
MTB3908	1	SCHEMEID
MTB3909	1	SCHEMEID
MTB3910	1	SCHEMEID
MTB3911	1	SCHEMEID
MTB3912	1	SCHEMEID
MTB3913	1	SCHEMEID
MTB3914	1	SCHEMEID
MTB3915	1	SCHEMEID
MTB3916	1	SCHEMEID
MTB3919	1	SCHEMEID
MTB3920	1	SCHEMEID
MTB3921	1	SCHEMEID
MTB3922	1	SCHEMEID
MTB3923	1	SCHEMEID
MTB3924	1	SCHEMEID
MTB3925	1	SCHEMEID
MTB3926	1	SCHEMEID
MTB3929	1	SCHEMEID
MTB3939	1	SCHEMEID
MTB3940	1	SCHEMEID
MTB3941	1	SCHEMEID
MTB3943	1	SCHEMEID
MTB3946	1	SCHEMEID
MTB3947	1	SCHEMEID
MTB3948	1	SCHEMEID
MTB3949	1	SCHEMEID
MTB3950	1	SCHEMEID
MTB3951	1	SCHEMEID
MTB3952	1	SCHEMEID
MTB3953	1	SCHEMEID
MTB3955	1	SCHEMEID
MTB3957	1	SCHEMEID
MTB3958	1	SCHEMEID
MTB3959	1	SCHEMEID
MTB3960	1	SCHEMEID
MTB3965	1	SCHEMEID
MTB3980	1	SCHEMEID
MTB3981	1	SCHEMEID
MTB3983	1	SCHEMEID
MTB3991	1	SCHEMEID
MTB3994	1	SCHEMEID
MTB3995	1	SCHEMEID
MTB4000	1	SCHEMEID
MTB4009	1	SCHEMEID
MTB4011	1	SCHEMEID
MTB4012	1	SCHEMEID
MTB4014	1	SCHEMEID
MTB4015	1	SCHEMEID
MTB4016	1	SCHEMEID
MTB4019	1	SCHEMEID
MTB4020	1	SCHEMEID
MTB4021	1	SCHEMEID
MTB4027	1	SCHEMEID
MTB4036	1	SCHEMEID
MTB4037	1	SCHEMEID
MTB4038	1	SCHEMEID
MTB4039	1	SCHEMEID
MTB4042	1	SCHEMEID
MTB4043	1	SCHEMEID
MTB4053	1	SCHEMEID
MTB4057	1	SCHEMEID
MTB4065	1	SCHEMEID
MTB4066	1	SCHEMEID
MTB4083	1	SCHEMEID
MTB4087	1	SCHEMEID
MTB4090	1	SCHEMEID
MTB4091	1	SCHEMEID
MTB4093	1	SCHEMEID
MTB4095	1	SCHEMEID
MTB4100	1	SCHEMEID
MTB4113	1	SCHEMEID
MTB4116	1	SCHEMEID
MTB4118	1	SCHEMEID
MTB4119	1	SCHEMEID
MTB4121	1	SCHEMEID
MTB4123	1	SCHEMEID
MTB4128	1	SCHEMEID
MTB4132	1	SCHEMEID
MTB4133	1	SCHEMEID
MTB4134	1	SCHEMEID
MTB4137	1	SCHEMEID
MTB4141	1	SCHEMEID
MTB4142	1	SCHEMEID
MTB4143	1	SCHEMEID
MTB4145	1	SCHEMEID
MTB4147	1	SCHEMEID
MTB4157	1	SCHEMEID
MTB4158	1	SCHEMEID
MTB4159	1	SCHEMEID
MTB4163	1	SCHEMEID
MTB4164	1	SCHEMEID
MTB4169	1	SCHEMEID
MTB4171	1	SCHEMEID
MTB4172	1	SCHEMEID
MTB4175	1	SCHEMEID
MTB4176	1	SCHEMEID
MTB4180	1	SCHEMEID
MTB4184	1	SCHEMEID
MTB4185	1	SCHEMEID
MTB4186	1	SCHEMEID
MTB4187	1	SCHEMEID
MTB4188	1	SCHEMEID
MTB4190	1	SCHEMEID
MTB4191	1	SCHEMEID
MTB4202	1	SCHEMEID
MTB4203	1	SCHEMEID
MTB4209	1	SCHEMEID
MTB4210	1	SCHEMEID
MTB4211	1	SCHEMEID
MTB4212	1	SCHEMEID
MTB4213	1	SCHEMEID
MTB4216	1	SCHEMEID
MTB4217	1	SCHEMEID
MTB4218	1	SCHEMEID
MTB4221	1	SCHEMEID
MTB4222	1	SCHEMEID
MTB4223	1	SCHEMEID
MTB4225	1	SCHEMEID
MTB4226	1	SCHEMEID
MTB4227	1	SCHEMEID
MTB4228	1	SCHEMEID
MTB4229	1	SCHEMEID
MTB4230	1	SCHEMEID
MTB4231	1	SCHEMEID
MTB4232	1	SCHEMEID
MTB4233	1	SCHEMEID
MTB4234	1	SCHEMEID
MTB4235	1	SCHEMEID
MTB4237	1	SCHEMEID
MTB4242	1	SCHEMEID
MTB4243	1	SCHEMEID
MTB4244	1	SCHEMEID
MTB4245	1	SCHEMEID
MTB4246	1	SCHEMEID
MTB4247	1	SCHEMEID
MTB4248	1	SCHEMEID
MTB4249	1	SCHEMEID
MTB4250	1	SCHEMEID
MTB4251	1	SCHEMEID
MTB4252	1	SCHEMEID
MTB4253	1	SCHEMEID
MTB4254	1	SCHEMEID
MTB4255	1	SCHEMEID
MTB4256	1	SCHEMEID
MTB4257	1	SCHEMEID
MTB4259	1	SCHEMEID
MTB4260	1	SCHEMEID
MTB4261	1	SCHEMEID
MTB4262	1	SCHEMEID
MTB4263	1	SCHEMEID
MTB4264	1	SCHEMEID
MTB4265	1	SCHEMEID
MTB4266	1	SCHEMEID
MTB4267	1	SCHEMEID
MTB4268	1	SCHEMEID
MTB4270	1	SCHEMEID
MTB4271	1	SCHEMEID
MTB4272	1	SCHEMEID
MTB4273	1	SCHEMEID
MTB4274	1	SCHEMEID
MTB4275	1	SCHEMEID
MTB4278	1	SCHEMEID
MTB4279	1	SCHEMEID
MTB4280	1	SCHEMEID
MTB4281	1	SCHEMEID
MTB4282	1	SCHEMEID
MTB4288	1	SCHEMEID
MTB4294	1	SCHEMEID
MTB4299	1	SCHEMEID
MTB4300	1	SCHEMEID
MTB4312	1	SCHEMEID
MTB4315	1	SCHEMEID
MTB4317	1	SCHEMEID
MTB4326	1	SCHEMEID
MTB4336	1	SCHEMEID
MTB4344	1	SCHEMEID
MTB4346	1	SCHEMEID
MTB4350	1	SCHEMEID
MTB4360	1	SCHEMEID
MTB4380	1	SCHEMEID
MTB4381	1	SCHEMEID
MTB4382	1	SCHEMEID
MTB4383	1	SCHEMEID
MTB4384	1	SCHEMEID
MTB4386	1	SCHEMEID
MTB4387	1	SCHEMEID
MTB4388	1	SCHEMEID
MTB4390	1	SCHEMEID
MTB4393	1	SCHEMEID
MTB4394	1	SCHEMEID
MTB4395	1	SCHEMEID
MTB4401	1	SCHEMEID
MTB4402	1	SCHEMEID
MTB4403	1	SCHEMEID
MTB4405	1	SCHEMEID
MTB4406	1	SCHEMEID
MTB4410	1	SCHEMEID
MTB4411	1	SCHEMEID
MTB4412	1	SCHEMEID
MTB4413	1	SCHEMEID
MTB4414	1	SCHEMEID
MTB4416	1	SCHEMEID
MTB4432	1	SCHEMEID
MTB4434	1	SCHEMEID
MTB4435	1	SCHEMEID
MTB4436	1	SCHEMEID
MTB4437	1	SCHEMEID
MTB4438	1	SCHEMEID
MTB4440	1	SCHEMEID
MTB4441	1	SCHEMEID
MTB4442	1	SCHEMEID
MTB4443	1	SCHEMEID
MTB4444	1	SCHEMEID
MTB4446	1	SCHEMEID
MTB4447	1	SCHEMEID
MTB4453	1	SCHEMEID
MTB4455	1	SCHEMEID
MTB4456	1	SCHEMEID
MTB4457	1	SCHEMEID
MTB4458	1	SCHEMEID
MTB4459	1	SCHEMEID
MTB4460	1	SCHEMEID
MTB4461	1	SCHEMEID
MTB4462	1	SCHEMEID
MTB4465	1	SCHEMEID
MTB4471	1	SCHEMEID
MTB4478	1	SCHEMEID
MTB4481	1	SCHEMEID
MTB4482	1	SCHEMEID
MTB4484	1	SCHEMEID
MTB4488	1	SCHEMEID
MTB4489	1	SCHEMEID
MTB4490	1	SCHEMEID
MTB4491	1	SCHEMEID
MTB4492	1	SCHEMEID
MTB4493	1	SCHEMEID
MTB4494	1	SCHEMEID
MTB4497	1	SCHEMEID
MTB4498	1	SCHEMEID
MTB4500	1	SCHEMEID
MTB4507	1	SCHEMEID
MTB4508	1	SCHEMEID
MTB4509	1	SCHEMEID
MTB4510	1	SCHEMEID
MTB4511	1	SCHEMEID
MTB4512	1	SCHEMEID
MTB4513	1	SCHEMEID
MTB4516	1	SCHEMEID
MTB4517	1	SCHEMEID
MTB4520	1	SCHEMEID
MTB4521	1	SCHEMEID
MTB4525	1	SCHEMEID
MTB4528	1	SCHEMEID
MTB4535	1	SCHEMEID
MTB4536	1	SCHEMEID
MTB4538	1	SCHEMEID
MTB4543	1	SCHEMEID
MTB4547	1	SCHEMEID
MTB4548	1	SCHEMEID
MTB4550	1	SCHEMEID
MTB4553	1	SCHEMEID
MTB4556	1	SCHEMEID
MTB4558	1	SCHEMEID
MTB4559	1	SCHEMEID
MTB4560	1	SCHEMEID
MTB4561	1	SCHEMEID
MTB4562	1	SCHEMEID
MTB4563	1	SCHEMEID
MTB4569	1	SCHEMEID
MTB4571	1	SCHEMEID
MTB4573	1	SCHEMEID
MTB4574	1	SCHEMEID
MTB4577	1	SCHEMEID
MTB4580	1	SCHEMEID
MTB4581	1	SCHEMEID
MTB4586	1	SCHEMEID
MTB4588	1	SCHEMEID
MTB4589	1	SCHEMEID
MTB4593	1	SCHEMEID
MTB4595	1	SCHEMEID
MTB4597	1	SCHEMEID
MTB4599	1	SCHEMEID
MTB4600	1	SCHEMEID
MTB4611	1	SCHEMEID
MTB4613	1	SCHEMEID
MTB4619	1	SCHEMEID
MTB4621	1	SCHEMEID
MTB4632	1	SCHEMEID
MTB4635	1	SCHEMEID
MTB4636	1	SCHEMEID
MTB4637	1	SCHEMEID
MTB4638	1	SCHEMEID
MTB4651	1	SCHEMEID
MTB4653	1	SCHEMEID
MTB4657	1	SCHEMEID
MTB4658	1	SCHEMEID
MTB4659	1	SCHEMEID
MTB4660	1	SCHEMEID
MTB4661	1	SCHEMEID
MTB4662	1	SCHEMEID
MTB4663	1	SCHEMEID
MTB4664	1	SCHEMEID
MTB4665	1	SCHEMEID
MTB4666	1	SCHEMEID
MTB4667	1	SCHEMEID
MTB4668	1	SCHEMEID
MTB4669	1	SCHEMEID
MTB4670	1	SCHEMEID
MTB4671	1	SCHEMEID
MTB4672	1	SCHEMEID
MTB4675	1	SCHEMEID
MTB4676	1	SCHEMEID
MTB4677	1	SCHEMEID
MTB4679	1	SCHEMEID
MTB4680	1	SCHEMEID
MTB4682	1	SCHEMEID
MTB4683	1	SCHEMEID
MTB4684	1	SCHEMEID
MTB4685	1	SCHEMEID
MTB4686	1	SCHEMEID
MTB4687	1	SCHEMEID
MTB4688	1	SCHEMEID
MTB4689	1	SCHEMEID
MTB4694	1	SCHEMEID
MTB4695	1	SCHEMEID
MTB4697	1	SCHEMEID
MTB4702	1	SCHEMEID
MTB4707	1	SCHEMEID
MTB4708	1	SCHEMEID
MTB4710	1	SCHEMEID
MTB4711	1	SCHEMEID
MTB4713	1	SCHEMEID
MTB4714	1	SCHEMEID
MTB4716	1	SCHEMEID
MTB4719	1	SCHEMEID
MTB4721	1	SCHEMEID
MTB4722	1	SCHEMEID
MTB4723	1	SCHEMEID
MTB4735	1	SCHEMEID
MTB4736	1	SCHEMEID
MTB4744	1	SCHEMEID
MTB4745	1	SCHEMEID
MTB4755	1	SCHEMEID
MTB4758	1	SCHEMEID
MTB4765	1	SCHEMEID
MTB4767	1	SCHEMEID
MTB4771	1	SCHEMEID
MTB4772	1	SCHEMEID
MTB4774	1	SCHEMEID
MTB4781	1	SCHEMEID
MTB4782	1	SCHEMEID
MTB4786	1	SCHEMEID
MTB4788	1	SCHEMEID
MTB4789	1	SCHEMEID
MTB4791	1	SCHEMEID
MTB4793	1	SCHEMEID
MTB4797	1	SCHEMEID
MTB4801	1	SCHEMEID
MTB4802	1	SCHEMEID
MTB4803	1	SCHEMEID
MTB4805	1	SCHEMEID
MTB4812	1	SCHEMEID
MTB4813	1	SCHEMEID
MTB4814	1	SCHEMEID
MTB4815	1	SCHEMEID
MTB4816	1	SCHEMEID
MTB4817	1	SCHEMEID
MTB4820	1	SCHEMEID
MTB4821	1	SCHEMEID
MTB4829	1	SCHEMEID
MTB4830	1	SCHEMEID
MTB4841	1	SCHEMEID
MTB4842	1	SCHEMEID
MTB4843	1	SCHEMEID
MTB4844	1	SCHEMEID
MTB4845	1	SCHEMEID
MTB4846	1	SCHEMEID
MTB4847	1	SCHEMEID
MTB4848	1	SCHEMEID
MTB4849	1	SCHEMEID
MTB4850	1	SCHEMEID
MTB4851	1	SCHEMEID
MTB4852	1	SCHEMEID
MTB4853	1	SCHEMEID
MTB4861	1	SCHEMEID
MTB4878	1	SCHEMEID
MTB4904	1	SCHEMEID
MTB4905	1	SCHEMEID
MTB4906	1	SCHEMEID
MTB4913	1	SCHEMEID
MTB4917	1	SCHEMEID
MTB4924	1	SCHEMEID
MTB4925	1	SCHEMEID
MTB4927	1	SCHEMEID
MTB4934	1	SCHEMEID
MTB4935	1	SCHEMEID
MTB4936	1	SCHEMEID
MTB4938	1	SCHEMEID
MTB4941	1	SCHEMEID
MTB4942	1	SCHEMEID
MTB4944	1	SCHEMEID
MTB4945	1	SCHEMEID
MTB4949	1	SCHEMEID
MTB4954	1	SCHEMEID
MTB4955	1	SCHEMEID
MTB4962	1	SCHEMEID
MTB4963	1	SCHEMEID
MTB4964	1	SCHEMEID
MTB4965	1	SCHEMEID
MTB4966	1	SCHEMEID
MTB4975	1	SCHEMEID
MTB4981	1	SCHEMEID
MTB4983	1	SCHEMEID
MTB4985	1	SCHEMEID
MTB4986	1	SCHEMEID
MTB4989	1	SCHEMEID
MTB4991	1	SCHEMEID
MTB4992	1	SCHEMEID
MTB4998	1	SCHEMEID
MTB4999	1	SCHEMEID
MTB5001	1	SCHEMEID
MTB5011	1	SCHEMEID
MTB5018	1	SCHEMEID
MTB5032	1	SCHEMEID
MTB5036	1	SCHEMEID
MTB5037	1	SCHEMEID
MTB5038	1	SCHEMEID
MTB5039	1	SCHEMEID
MTB5040	1	SCHEMEID
MTB5041	1	SCHEMEID
MTB5042	1	SCHEMEID
MTB5043	1	SCHEMEID
MTB5044	1	SCHEMEID
MTB5045	1	SCHEMEID
MTB5046	1	SCHEMEID
MTB5047	1	SCHEMEID
MTB5048	1	SCHEMEID
MTB5049	1	SCHEMEID
MTB5053	1	SCHEMEID
MTB5058	1	SCHEMEID
MTB5059	1	SCHEMEID
MTB5060	1	SCHEMEID
MTB5061	1	SCHEMEID
MTB5067	1	SCHEMEID
MTB5068	1	SCHEMEID
MTB5069	1	SCHEMEID
MTB5070	1	SCHEMEID
MTB5074	1	SCHEMEID
MTB5075	1	SCHEMEID
MTB5076	1	SCHEMEID
MTB5078	1	SCHEMEID
MTB5079	1	SCHEMEID
MTB5081	1	SCHEMEID
MTB5082	1	SCHEMEID
MTB5083	1	SCHEMEID
MTB5086	1	SCHEMEID
MTB5088	1	SCHEMEID
MTB5089	1	SCHEMEID
MTB5092	1	SCHEMEID
MTB5093	1	SCHEMEID
MTB5094	1	SCHEMEID
MTB5095	1	SCHEMEID
MTB5096	1	SCHEMEID
MTB5097	1	SCHEMEID
MTB5098	1	SCHEMEID
MTB5115	1	SCHEMEID
MTB5116	1	SCHEMEID
MTB5117	1	SCHEMEID
MTB5120	1	SCHEMEID
MTB5121	1	SCHEMEID
MTB5122	1	SCHEMEID
MTB5123	1	SCHEMEID
MTB5124	1	SCHEMEID
MTB5125	1	SCHEMEID
MTB5126	1	SCHEMEID
MTB5127	1	SCHEMEID
MTB5128	1	SCHEMEID
MTB5133	1	SCHEMEID
MTB5137	1	SCHEMEID
MTB5148	1	SCHEMEID
MTB5153	1	SCHEMEID
MTB5163	1	SCHEMEID
MTB5164	1	SCHEMEID
MTB5166	1	SCHEMEID
MTB5171	1	SCHEMEID
MTB5179	1	SCHEMEID
MTB5180	1	SCHEMEID
MTB5185	1	SCHEMEID
MTB5186	1	SCHEMEID
MTB5193	1	SCHEMEID
MTB5201	1	SCHEMEID
MTB5202	1	SCHEMEID
MTB5203	1	SCHEMEID
MTB5205	1	SCHEMEID
MTB5206	1	SCHEMEID
MTB5209	1	SCHEMEID
MTB5210	1	SCHEMEID
MTB5211	1	SCHEMEID
MTB5217	1	SCHEMEID
MTB5218	1	SCHEMEID
MTB5222	1	SCHEMEID
MTB5223	1	SCHEMEID
MTB5224	1	SCHEMEID
MTB5225	1	SCHEMEID
MTB5226	1	SCHEMEID
MTB5227	1	SCHEMEID
MTB5228	1	SCHEMEID
MTB5236	1	SCHEMEID
MTB5237	1	SCHEMEID
MTB5238	1	SCHEMEID
MTB5247	1	SCHEMEID
MTB5249	1	SCHEMEID
MTB5251	1	SCHEMEID
MTB5253	1	SCHEMEID
MTB5254	1	SCHEMEID
MTB5255	1	SCHEMEID
MTB5256	1	SCHEMEID
MTB5257	1	SCHEMEID
MTB5258	1	SCHEMEID
MTB5259	1	SCHEMEID
MTB5265	1	SCHEMEID
MTB5271	1	SCHEMEID
MTB5274	1	SCHEMEID
MTB5275	1	SCHEMEID
MTB5276	1	SCHEMEID
MTB5277	1	SCHEMEID
MTB5278	1	SCHEMEID
MTB5280	1	SCHEMEID
MTB5281	1	SCHEMEID
MTB5283	1	SCHEMEID
MTB5286	1	SCHEMEID
MTB5308	1	SCHEMEID
MTB5316	1	SCHEMEID
MTB5319	1	SCHEMEID
MTB5320	1	SCHEMEID
MTB5321	1	SCHEMEID
MTB5325	1	SCHEMEID
MTB5329	1	SCHEMEID
MTB5341	1	SCHEMEID
MTB5344	1	SCHEMEID
MTB5349	1	SCHEMEID
MTB5352	1	SCHEMEID
MTB5356	1	SCHEMEID
MTB5357	1	SCHEMEID
MTB5358	1	SCHEMEID
MTB5359	1	SCHEMEID
MTB5361	1	SCHEMEID
MTB5362	1	SCHEMEID
MTB5364	1	SCHEMEID
MTB5365	1	SCHEMEID
MTB5366	1	SCHEMEID
MTB5367	1	SCHEMEID
MTB5378	1	SCHEMEID
MTB5403	1	SCHEMEID
MTB5404	1	SCHEMEID
MTB5405	1	SCHEMEID
MTB5408	1	SCHEMEID
MTB5410	1	SCHEMEID
MTB5419	1	SCHEMEID
MTB5420	1	SCHEMEID
MTB5425	1	SCHEMEID
MTB5430	1	SCHEMEID
MTB5431	1	SCHEMEID
MTB5432	1	SCHEMEID
MTB5433	1	SCHEMEID
MTB5437	1	SCHEMEID
MTB5441	1	SCHEMEID
MTB5444	1	SCHEMEID
MTB5445	1	SCHEMEID
MTB5446	1	SCHEMEID
MTB5448	1	SCHEMEID
MTB5449	1	SCHEMEID
MTB5451	1	SCHEMEID
MTB5452	1	SCHEMEID
MTB5453	1	SCHEMEID
MTB5455	1	SCHEMEID
MTB5456	1	SCHEMEID
MTB5457	1	SCHEMEID
MTB5458	1	SCHEMEID
MTB5459	1	SCHEMEID
MTB5460	1	SCHEMEID
MTB5467	1	SCHEMEID
MTB5468	1	SCHEMEID
MTB5469	1	SCHEMEID
MTB5470	1	SCHEMEID
MTB5471	1	SCHEMEID
MTB5472	1	SCHEMEID
MTB5473	1	SCHEMEID
MTB5475	1	SCHEMEID
MTB5476	1	SCHEMEID
MTB5477	1	SCHEMEID
MTB5478	1	SCHEMEID
MTB5503	1	SCHEMEID
MTB5506	1	SCHEMEID
MTB5507	1	SCHEMEID
MTB5508	1	SCHEMEID
MTB5510	1	SCHEMEID
MTB5512	1	SCHEMEID
MTB5513	1	SCHEMEID
MTB5514	1	SCHEMEID
MTB5517	1	SCHEMEID
MTB5520	1	SCHEMEID
MTB5521	1	SCHEMEID
MTB5522	1	SCHEMEID
MTB5523	1	SCHEMEID
MTB5524	1	SCHEMEID
MTB5525	1	SCHEMEID
MTB5526	1	SCHEMEID
MTB5568	1	SCHEMEID
MTB5571	1	SCHEMEID
MTB5573	1	SCHEMEID
MTB5582	1	SCHEMEID
MTB5585	1	SCHEMEID
MTB5587	1	SCHEMEID
MTB5588	1	SCHEMEID
MTB5589	1	SCHEMEID
MTB5590	1	SCHEMEID
MTB5591	1	SCHEMEID
MTB5592	1	SCHEMEID
MTB5594	1	SCHEMEID
MTB5595	1	SCHEMEID
MTB5600	1	SCHEMEID
MTB5601	1	SCHEMEID
MTB5602	1	SCHEMEID
MTB5603	1	SCHEMEID
MTB5604	1	SCHEMEID
MTB5605	1	SCHEMEID
MTB5606	1	SCHEMEID
MTB5607	1	SCHEMEID
MTB5608	1	SCHEMEID
MTB5609	1	SCHEMEID
MTB5610	1	SCHEMEID
MTB5611	1	SCHEMEID
MTB5612	1	SCHEMEID
MTB5613	1	SCHEMEID
MTB5614	1	SCHEMEID
MTB5615	1	SCHEMEID
MTB5616	1	SCHEMEID
MTB5617	1	SCHEMEID
MTB5618	1	SCHEMEID
MTB5620	1	SCHEMEID
MTB5621	1	SCHEMEID
MTB5622	1	SCHEMEID
MTB5623	1	SCHEMEID
MTB5624	1	SCHEMEID
MTB5625	1	SCHEMEID
MTB5626	1	SCHEMEID
MTB5627	1	SCHEMEID
MTB5628	1	SCHEMEID
MTB5629	1	SCHEMEID
MTB5630	1	SCHEMEID
MTB5631	1	SCHEMEID
MTB5632	1	SCHEMEID
MTB5633	1	SCHEMEID
MTB5634	1	SCHEMEID
MTB5635	1	SCHEMEID
MTB5636	1	SCHEMEID
MTB5637	1	SCHEMEID
MTB5638	1	SCHEMEID
MTB5639	1	SCHEMEID
MTB5640	1	SCHEMEID
MTB5641	1	SCHEMEID
MTB5642	1	SCHEMEID
MTB5643	1	SCHEMEID
MTB5644	1	SCHEMEID
MTB5645	1	SCHEMEID
MTB5649	1	SCHEMEID
MTB5650	1	SCHEMEID
MTB5652	1	SCHEMEID
MTB5653	1	SCHEMEID
MTB5654	1	SCHEMEID
MTB5655	1	SCHEMEID
MTB5656	1	SCHEMEID
MTB5660	1	SCHEMEID
MTB5662	1	SCHEMEID
MTB5663	1	SCHEMEID
MTB5664	1	SCHEMEID
MTB5665	1	SCHEMEID
MTB5666	1	SCHEMEID
MTB5669	1	SCHEMEID
MTB5670	1	SCHEMEID
MTB5672	1	SCHEMEID
MTB5691	1	SCHEMEID
MTB5692	1	SCHEMEID
MTB5693	1	SCHEMEID
MTB5694	1	SCHEMEID
MTB5695	1	SCHEMEID
MTB5696	1	SCHEMEID
MTB5701	1	SCHEMEID
MTB5702	1	SCHEMEID
MTB5703	1	SCHEMEID
MTB5707	1	SCHEMEID
MTB5709	1	SCHEMEID
MTB5718	1	SCHEMEID
MTB5719	1	SCHEMEID
MTB5720	1	SCHEMEID
MTB5721	1	SCHEMEID
MTB5722	1	SCHEMEID
MTB5726	1	SCHEMEID
MTB5727	1	SCHEMEID
MTB5729	1	SCHEMEID
MTB5730	1	SCHEMEID
MTB5731	1	SCHEMEID
MTB5735	1	SCHEMEID
MTB5737	1	SCHEMEID
MTB5738	1	SCHEMEID
MTB5739	1	SCHEMEID
MTB5740	1	SCHEMEID
MTB5741	1	SCHEMEID
MTB5742	1	SCHEMEID
MTB5743	1	SCHEMEID
MTB5746	1	SCHEMEID
MTB5748	1	SCHEMEID
MTB5749	1	SCHEMEID
MTB5753	1	SCHEMEID
MTB5754	1	SCHEMEID
MTB5757	1	SCHEMEID
MTB5758	1	SCHEMEID
MTB5759	1	SCHEMEID
MTB5760	1	SCHEMEID
MTB5767	1	SCHEMEID
MTB5770	1	SCHEMEID
MTB5780	1	SCHEMEID
MTB5783	1	SCHEMEID
MTB5784	1	SCHEMEID
MTB5792	1	SCHEMEID
MTB5793	1	SCHEMEID
MTB5794	1	SCHEMEID
MTB5795	1	SCHEMEID
MTB5797	1	SCHEMEID
MTB5804	1	SCHEMEID
MTB5808	1	SCHEMEID
MTB5809	1	SCHEMEID
MTB5811	1	SCHEMEID
MTB5813	1	SCHEMEID
MTB5814	1	SCHEMEID
MTB5815	1	SCHEMEID
MTB5816	1	SCHEMEID
MTB5820	1	SCHEMEID
MTB5824	1	SCHEMEID
MTB5825	1	SCHEMEID
MTB5826	1	SCHEMEID
MTB5827	1	SCHEMEID
MTB5828	1	SCHEMEID
MTB5829	1	SCHEMEID
MTB5832	1	SCHEMEID
MTB5850	1	SCHEMEID
MTB5851	1	SCHEMEID
MTB5852	1	SCHEMEID
MTB5853	1	SCHEMEID
MTB5854	1	SCHEMEID
MTB5855	1	SCHEMEID
MTB5856	1	SCHEMEID
MTB5857	1	SCHEMEID
MTB5858	1	SCHEMEID
MTB5859	1	SCHEMEID
MTB5870	1	SCHEMEID
MTB5873	1	SCHEMEID
MTB5878	1	SCHEMEID
MTB5880	1	SCHEMEID
MTB5888	1	SCHEMEID
MTB5889	1	SCHEMEID
MTB5891	1	SCHEMEID
MTB5893	1	SCHEMEID
MTB5897	1	SCHEMEID
MTB5899	1	SCHEMEID
MTB5900	1	SCHEMEID
MTB5903	1	SCHEMEID
MTB5905	1	SCHEMEID
MTB5908	1	SCHEMEID
MTB5911	1	SCHEMEID
MTB5921	1	SCHEMEID
MTB5929	1	SCHEMEID
MTB5931	1	SCHEMEID
MTB5932	1	SCHEMEID
MTB5933	1	SCHEMEID
MTB5935	1	SCHEMEID
MTB5936	1	SCHEMEID
MTB5937	1	SCHEMEID
MTB5938	1	SCHEMEID
MTB5945	1	SCHEMEID
MTB5948	1	SCHEMEID
MTB5953	1	SCHEMEID
MTB5961	1	SCHEMEID
MTB5963	1	SCHEMEID
MTB5968	1	SCHEMEID
MTB5970	1	SCHEMEID
MTB5971	1	SCHEMEID
MTB5972	1	SCHEMEID
MTB5973	1	SCHEMEID
MTB5974	1	SCHEMEID
MTB5975	1	SCHEMEID
MTB5976	1	SCHEMEID
MTB5977	1	SCHEMEID
MTB5979	1	SCHEMEID
MTB5980	1	SCHEMEID
MTB5983	1	SCHEMEID
MTB5987	1	SCHEMEID
MTB5988	1	SCHEMEID
MTB5990	1	SCHEMEID
MTB5991	1	SCHEMEID
MTB5992	1	SCHEMEID
MTB5993	1	SCHEMEID
MTB5994	1	SCHEMEID
MTB5995	1	SCHEMEID
MTB5996	1	SCHEMEID
MTB5999	1	SCHEMEID
MTB6002	1	SCHEMEID
MTB6003	1	SCHEMEID
MTB6004	1	SCHEMEID
MTB6005	1	SCHEMEID
MTB6006	1	SCHEMEID
MTB6007	1	SCHEMEID
MTB6008	1	SCHEMEID
MTB6009	1	SCHEMEID
MTB6010	1	SCHEMEID
MTB6011	1	SCHEMEID
MTB6012	1	SCHEMEID
MTB6013	1	SCHEMEID
MTB6015	1	SCHEMEID
MTB6017	1	SCHEMEID
MTB6020	1	SCHEMEID
MTB6021	1	SCHEMEID
MTB6041	1	SCHEMEID
MTB6042	1	SCHEMEID
MTB6045	1	SCHEMEID
MTB6046	1	SCHEMEID
MTB6047	1	SCHEMEID
MTB6048	1	SCHEMEID
MTB6083	1	SCHEMEID
MTB6084	1	SCHEMEID
MTB6099	1	SCHEMEID
MTB6101	1	SCHEMEID
MTB6102	1	SCHEMEID
MTB6103	1	SCHEMEID
MTB6107	1	SCHEMEID
MTB6108	1	SCHEMEID
MTB6109	1	SCHEMEID
MTB6142	1	SCHEMEID
MTB6144	1	SCHEMEID
MTB6145	1	SCHEMEID
MTB6155	1	SCHEMEID
MTB6156	1	SCHEMEID
MTB6170	1	SCHEMEID
MTB6176	1	SCHEMEID
MTB6177	1	SCHEMEID
MTB6178	1	SCHEMEID
MTB6180	1	SCHEMEID
MTB6181	1	SCHEMEID
MTB6182	1	SCHEMEID
MTB6190	1	SCHEMEID
MTB6193	1	SCHEMEID
MTB6209	1	SCHEMEID
MTB6210	1	SCHEMEID
MTB6214	1	SCHEMEID
MTB6215	1	SCHEMEID
MTB6216	1	SCHEMEID
MTB6217	1	SCHEMEID
MTB6218	1	SCHEMEID
MTB6219	1	SCHEMEID
MTB6221	1	SCHEMEID
MTB6222	1	SCHEMEID
MTB6223	1	SCHEMEID
MTB6224	1	SCHEMEID
MTB6225	1	SCHEMEID
MTB6226	1	SCHEMEID
MTB6227	1	SCHEMEID
MTB6228	1	SCHEMEID
MTB6230	1	SCHEMEID
MTB6231	1	SCHEMEID
MTB6232	1	SCHEMEID
MTB6236	1	SCHEMEID
MTB6237	1	SCHEMEID
MTB6239	1	SCHEMEID
MTB6241	1	SCHEMEID
MTB6242	1	SCHEMEID
MTB6243	1	SCHEMEID
MTB6244	1	SCHEMEID
MTB6245	1	SCHEMEID
MTB6246	1	SCHEMEID
MTB6252	1	SCHEMEID
MTB6257	1	SCHEMEID
MTB6269	1	SCHEMEID
MTB6270	1	SCHEMEID
MTB6271	1	SCHEMEID
MTB6275	1	SCHEMEID
MTB6286	1	SCHEMEID
MTB6291	1	SCHEMEID
MTB6292	1	SCHEMEID
MTB6293	1	SCHEMEID
MTB6297	1	SCHEMEID
MTB6298	1	SCHEMEID
MTB6302	1	SCHEMEID
MTB6303	1	SCHEMEID
MTB6304	1	SCHEMEID
MTB6309	1	SCHEMEID
MTB6310	1	SCHEMEID
MTB6312	1	SCHEMEID
MTB6313	1	SCHEMEID
MTB6319	1	SCHEMEID
MTB6320	1	SCHEMEID
MTB6322	1	SCHEMEID
MTB6327	1	SCHEMEID
MTB6328	1	SCHEMEID
MTB6329	1	SCHEMEID
MTB6330	1	SCHEMEID
MTB6336	1	SCHEMEID
MTB6337	1	SCHEMEID
MTB6339	1	SCHEMEID
MTB6340	1	SCHEMEID
MTB6342	1	SCHEMEID
MTB6343	1	SCHEMEID
MTB6344	1	SCHEMEID
MTB6347	1	SCHEMEID
MTB6358	1	SCHEMEID
MTB6363	1	SCHEMEID
MTB6367	1	SCHEMEID
MTB6371	1	SCHEMEID
MTB6375	1	SCHEMEID
MTB6376	1	SCHEMEID
MTB6378	1	SCHEMEID
MTB6383	1	SCHEMEID
MTB6384	1	SCHEMEID
MTB6387	1	SCHEMEID
MTB6388	1	SCHEMEID
MTB6390	1	SCHEMEID
MTB6396	1	SCHEMEID
MTB6406	1	SCHEMEID
MTB6409	1	SCHEMEID
MTB6410	1	SCHEMEID
MTB6417	1	SCHEMEID
MTB6420	1	SCHEMEID
MTB6422	1	SCHEMEID
MTB6425	1	SCHEMEID
MTB6430	1	SCHEMEID
MTB6432	1	SCHEMEID
MTB6433	1	SCHEMEID
MTB6434	1	SCHEMEID
MTB6435	1	SCHEMEID
MTB6437	1	SCHEMEID
MTB6448	1	SCHEMEID
MTB6450	1	SCHEMEID
MTB6453	1	SCHEMEID
MTB6461	1	SCHEMEID
MTB6462	1	SCHEMEID
MTB6463	1	SCHEMEID
MTB6464	1	SCHEMEID
MTB6467	1	SCHEMEID
MTB6468	1	SCHEMEID
MTB6469	1	SCHEMEID
MTB6470	1	SCHEMEID
MTB6473	1	SCHEMEID
MTB6478	1	SCHEMEID
MTB6479	1	SCHEMEID
MTB6480	1	SCHEMEID
MTB6486	1	SCHEMEID
MTB6487	1	SCHEMEID
MTB6489	1	SCHEMEID
MTB6490	1	SCHEMEID
MTB6491	1	SCHEMEID
MTB6493	1	SCHEMEID
MTB6494	1	SCHEMEID
MTB6495	1	SCHEMEID
MTB6499	1	SCHEMEID
MTB6503	1	SCHEMEID
MTB6506	1	SCHEMEID
MTB6507	1	SCHEMEID
MTB6509	1	SCHEMEID
MTB6512	1	SCHEMEID
MTB6515	1	SCHEMEID
MTB6518	1	SCHEMEID
MTB6519	1	SCHEMEID
MTB6522	1	SCHEMEID
MTB6523	1	SCHEMEID
MTB6524	1	SCHEMEID
MTB6525	1	SCHEMEID
MTB6536	1	SCHEMEID
MTB6537	1	SCHEMEID
MTB6538	1	SCHEMEID
MTB6540	1	SCHEMEID
MTB6541	1	SCHEMEID
MTB6542	1	SCHEMEID
MTB6543	1	SCHEMEID
MTB6544	1	SCHEMEID
MTB6546	1	SCHEMEID
MTB6547	1	SCHEMEID
MTB6549	1	SCHEMEID
MTB6550	1	SCHEMEID
MTB6551	1	SCHEMEID
MTB6555	1	SCHEMEID
MTB6557	1	SCHEMEID
MTB6562	1	SCHEMEID
MTB6566	1	SCHEMEID
MTB6567	1	SCHEMEID
MTB6568	1	SCHEMEID
MTB6569	1	SCHEMEID
MTB6571	1	SCHEMEID
MTB6572	1	SCHEMEID
MTB6573	1	SCHEMEID
MTB6574	1	SCHEMEID
MTB6576	1	SCHEMEID
MTB6577	1	SCHEMEID
MTB6578	1	SCHEMEID
MTB6579	1	SCHEMEID
MTB6580	1	SCHEMEID
MTB6585	1	SCHEMEID
MTB6588	1	SCHEMEID
MTB6589	1	SCHEMEID
MTB6592	1	SCHEMEID
MTB6593	1	SCHEMEID
MTB6594	1	SCHEMEID
MTB6595	1	SCHEMEID
MTB6596	1	SCHEMEID
MTB6600	1	SCHEMEID
MTB6604	1	SCHEMEID
MTB6607	1	SCHEMEID
MTB6609	1	SCHEMEID
MTB6610	1	SCHEMEID
MTB6611	1	SCHEMEID
MTB6612	1	SCHEMEID
MTB6613	1	SCHEMEID
MTB6614	1	SCHEMEID
MTB6615	1	SCHEMEID
MTB6616	1	SCHEMEID
MTB6619	1	SCHEMEID
MTB6623	1	SCHEMEID
MTB6624	1	SCHEMEID
MTB6625	1	SCHEMEID
MTB6631	1	SCHEMEID
MTB6637	1	SCHEMEID
MTB6638	1	SCHEMEID
MTB6641	1	SCHEMEID
MTB6642	1	SCHEMEID
MTB6646	1	SCHEMEID
MTB6647	1	SCHEMEID
MTB6648	1	SCHEMEID
MTB6649	1	SCHEMEID
MTB6663	1	SCHEMEID
MTB6666	1	SCHEMEID
MTB6668	1	SCHEMEID
MTB6669	1	SCHEMEID
MTB6671	1	SCHEMEID
MTB6673	1	SCHEMEID
MTB6683	1	SCHEMEID
MTB6684	1	SCHEMEID
MTB6685	1	SCHEMEID
MTB6686	1	SCHEMEID
MTB6687	1	SCHEMEID
MTB6688	1	SCHEMEID
MTB6689	1	SCHEMEID
MTB6690	1	SCHEMEID
MTB6700	1	SCHEMEID
MTB6725	1	SCHEMEID
MTB6747	1	SCHEMEID
MTB6760	1	SCHEMEID
MTB6763	1	SCHEMEID
MTB6764	1	SCHEMEID
MTB6765	1	SCHEMEID
MTB6766	1	SCHEMEID
MTB6767	1	SCHEMEID
MTB6768	1	SCHEMEID
MTB6769	1	SCHEMEID
MTB6770	1	SCHEMEID
MTB6771	1	SCHEMEID
MTB6772	1	SCHEMEID
MTB6773	1	SCHEMEID
MTB6774	1	SCHEMEID
MTB6775	1	SCHEMEID
MTB6776	1	SCHEMEID
MTB6778	1	SCHEMEID
MTB6783	1	SCHEMEID
MTB6785	1	SCHEMEID
MTB6788	1	SCHEMEID
MTB6791	1	SCHEMEID
MTB6792	1	SCHEMEID
MTB6793	1	SCHEMEID
MTB6794	1	SCHEMEID
MTB6795	1	SCHEMEID
MTB6796	1	SCHEMEID
MTB6807	1	SCHEMEID
MTB6810	1	SCHEMEID
MTB6811	1	SCHEMEID
MTB6813	1	SCHEMEID
MTB6814	1	SCHEMEID
MTB6815	1	SCHEMEID
MTB6819	1	SCHEMEID
MTB6822	1	SCHEMEID
MTB6823	1	SCHEMEID
MTB6824	1	SCHEMEID
MTB6825	1	SCHEMEID
MTB6832	1	SCHEMEID
MTB6833	1	SCHEMEID
MTB6834	1	SCHEMEID
MTB6842	1	SCHEMEID
MTB6843	1	SCHEMEID
MTB6848	1	SCHEMEID
MTB6850	1	SCHEMEID
MTB6852	1	SCHEMEID
MTB6853	1	SCHEMEID
MTB6854	1	SCHEMEID
MTB6856	1	SCHEMEID
MTB6860	1	SCHEMEID
MTB6862	1	SCHEMEID
MTB6865	1	SCHEMEID
MTB6870	1	SCHEMEID
MTB6873	1	SCHEMEID
MTB6874	1	SCHEMEID
MTB6875	1	SCHEMEID
MTB6878	1	SCHEMEID
MTB6886	1	SCHEMEID
MTB6890	1	SCHEMEID
MTB6892	1	SCHEMEID
MTB6894	1	SCHEMEID
MTB6896	1	SCHEMEID
MTB6899	1	SCHEMEID
MTB6906	1	SCHEMEID
MTB6907	1	SCHEMEID
MTB6910	1	SCHEMEID
MTB6916	1	SCHEMEID
MTB6917	1	SCHEMEID
MTB6919	1	SCHEMEID
MTB6921	1	SCHEMEID
MTB6925	1	SCHEMEID
MTB6926	1	SCHEMEID
MTB6927	1	SCHEMEID
MTB6928	1	SCHEMEID
MTB6935	1	SCHEMEID
MTB6949	1	SCHEMEID
MTB6950	1	SCHEMEID
MTB6952	1	SCHEMEID
MTB6953	1	SCHEMEID
MTB6954	1	SCHEMEID
MTB6955	1	SCHEMEID
MTB6956	1	SCHEMEID
MTB6957	1	SCHEMEID
MTB6958	1	SCHEMEID
MTB6959	1	SCHEMEID
MTB6960	1	SCHEMEID
MTB6963	1	SCHEMEID
MTB6964	1	SCHEMEID
MTB6971	1	SCHEMEID
MTB6977	1	SCHEMEID
MTB6978	1	SCHEMEID
MTB6987	1	SCHEMEID
MTB6996	1	SCHEMEID
MTB7001	1	SCHEMEID
MTB7006	1	SCHEMEID
MTB7008	1	SCHEMEID
MTB7011	1	SCHEMEID
MTB7016	1	SCHEMEID
MTB7017	1	SCHEMEID
MTB7018	1	SCHEMEID
MTB7019	1	SCHEMEID
MTB7020	1	SCHEMEID
MTB7021	1	SCHEMEID
MTB7028	1	SCHEMEID
MTB7029	1	SCHEMEID
MTB7038	1	SCHEMEID
MTB7039	1	SCHEMEID
MTB7040	1	SCHEMEID
MTB7041	1	SCHEMEID
MTB7042	1	SCHEMEID
MTB7044	1	SCHEMEID
MTB7050	1	SCHEMEID
MTB7084	1	SCHEMEID
MTB7086	1	SCHEMEID
MTB7092	1	SCHEMEID
MTB7103	1	SCHEMEID
MTB7118	1	SCHEMEID
MTB7133	1	SCHEMEID
MTB7135	1	SCHEMEID
MTB7137	1	SCHEMEID
MTB7148	1	SCHEMEID
MTB7149	1	SCHEMEID
MTB7158	1	SCHEMEID
MTB7159	1	SCHEMEID
MTB7160	1	SCHEMEID
MTB7161	1	SCHEMEID
MTB7168	1	SCHEMEID
MTB7169	1	SCHEMEID
MTB7170	1	SCHEMEID
MTB7171	1	SCHEMEID
MTB7172	1	SCHEMEID
MTB7173	1	SCHEMEID
MTB7174	1	SCHEMEID
MTB7179	1	SCHEMEID
MTB7180	1	SCHEMEID
MTB7181	1	SCHEMEID
MTB7182	1	SCHEMEID
MTB7184	1	SCHEMEID
MTB7187	1	SCHEMEID
MTB7188	1	SCHEMEID
MTB7189	1	SCHEMEID
MTB7190	1	SCHEMEID
MTB7191	1	SCHEMEID
MTB7202	1	SCHEMEID
MTB7203	1	SCHEMEID
MTB7205	1	SCHEMEID
MTB7220	1	SCHEMEID
MTB7221	1	SCHEMEID
MTB7224	1	SCHEMEID
MTB7225	1	SCHEMEID
MTB7226	1	SCHEMEID
MTB7227	1	SCHEMEID
MTB7228	1	SCHEMEID
MTB7229	1	SCHEMEID
MTB7230	1	SCHEMEID
MTB7233	1	SCHEMEID
MTB7234	1	SCHEMEID
MTB7235	1	SCHEMEID
MTB7236	1	SCHEMEID
MTB7237	1	SCHEMEID
MTB7238	1	SCHEMEID
MTB7244	1	SCHEMEID
MTB7245	1	SCHEMEID
MTB7249	1	SCHEMEID
MTB7250	1	SCHEMEID
MTB7251	1	SCHEMEID
MTB7252	1	SCHEMEID
MTB7253	1	SCHEMEID
MTB7254	1	SCHEMEID
MTB7255	1	SCHEMEID
MTB7256	1	SCHEMEID
MTB7258	1	SCHEMEID
MTB7263	1	SCHEMEID
MTB7264	1	SCHEMEID
MTB7266	1	SCHEMEID
MTB7268	1	SCHEMEID
MTB7269	1	SCHEMEID
MTB7272	1	SCHEMEID
MTB7276	1	SCHEMEID
MTB7277	1	SCHEMEID
MTB7279	1	SCHEMEID
MTB7281	1	SCHEMEID
MTB7282	1	SCHEMEID
MTB7290	1	SCHEMEID
MTB7291	1	SCHEMEID
MTB7294	1	SCHEMEID
MTB7296	1	SCHEMEID
MTB7316	1	SCHEMEID
MTB7318	1	SCHEMEID
MTB7326	1	SCHEMEID
MTB7335	1	SCHEMEID
MTB7337	1	SCHEMEID
MTB7338	1	SCHEMEID
MTB7339	1	SCHEMEID
MTB7340	1	SCHEMEID
MTB7345	1	SCHEMEID
MTB7346	1	SCHEMEID
MTB7361	1	SCHEMEID
MTB7363	1	SCHEMEID
MTB7365	1	SCHEMEID
MTB7366	1	SCHEMEID
MTB7367	1	SCHEMEID
MTB7372	1	SCHEMEID
MTB7373	1	SCHEMEID
MTB7374	1	SCHEMEID
MTB7383	1	SCHEMEID
MTB7384	1	SCHEMEID
MTB7387	1	SCHEMEID
MTB7388	1	SCHEMEID
MTB7389	1	SCHEMEID
MTB7390	1	SCHEMEID
MTB7392	1	SCHEMEID
MTB7395	1	SCHEMEID
MTB7396	1	SCHEMEID
MTB7400	1	SCHEMEID
MTB7401	1	SCHEMEID
MTB7402	1	SCHEMEID
MTB7403	1	SCHEMEID
MTB7404	1	SCHEMEID
MTB7405	1	SCHEMEID
MTB7406	1	SCHEMEID
MTB7407	1	SCHEMEID
MTB7410	1	SCHEMEID
MTB7412	1	SCHEMEID
MTB7416	1	SCHEMEID
MTB7417	1	SCHEMEID
MTB7418	1	SCHEMEID
MTB7419	1	SCHEMEID
MTB7424	1	SCHEMEID
MTB7425	1	SCHEMEID
MTB7426	1	SCHEMEID
MTB7427	1	SCHEMEID
MTB7429	1	SCHEMEID
MTB7430	1	SCHEMEID
MTB7431	1	SCHEMEID
MTB7438	1	SCHEMEID
MTB7439	1	SCHEMEID
MTB7440	1	SCHEMEID
MTB7441	1	SCHEMEID
MTB7442	1	SCHEMEID
MTB7443	1	SCHEMEID
MTB7445	1	SCHEMEID
MTB7446	1	SCHEMEID
MTB7447	1	SCHEMEID
MTB7448	1	SCHEMEID
MTB7449	1	SCHEMEID
MTB7450	1	SCHEMEID
MTB7451	1	SCHEMEID
MTB7453	1	SCHEMEID
MTB7461	1	SCHEMEID
MTB7464	1	SCHEMEID
MTB7471	1	SCHEMEID
MTB7475	1	SCHEMEID
MTB7483	1	SCHEMEID
MTB7485	1	SCHEMEID
MTB7487	1	SCHEMEID
MTB7489	1	SCHEMEID
MTB7490	1	SCHEMEID
MTB7491	1	SCHEMEID
MTB7492	1	SCHEMEID
MTB7495	1	SCHEMEID
MTB7496	1	SCHEMEID
MTB7497	1	SCHEMEID
MTB7499	1	SCHEMEID
MTB7503	1	SCHEMEID
MTB7505	1	SCHEMEID
MTB7512	1	SCHEMEID
MTB7516	1	SCHEMEID
MTB7519	1	SCHEMEID
MTB7520	1	SCHEMEID
MTB7521	1	SCHEMEID
MTB7524	1	SCHEMEID
MTB7525	1	SCHEMEID
MTB7529	1	SCHEMEID
MTB7533	1	SCHEMEID
MTB7535	1	SCHEMEID
MTB7541	1	SCHEMEID
MTB7544	1	SCHEMEID
MTB7545	1	SCHEMEID
MTB7546	1	SCHEMEID
MTB7547	1	SCHEMEID
MTB7548	1	SCHEMEID
MTB7549	1	SCHEMEID
MTB7550	1	SCHEMEID
MTB7553	1	SCHEMEID
MTB7556	1	SCHEMEID
MTB7557	1	SCHEMEID
MTB7568	1	SCHEMEID
MTB7569	1	SCHEMEID
MTB7570	1	SCHEMEID
MTB7571	1	SCHEMEID
MTB7572	1	SCHEMEID
MTB7575	1	SCHEMEID
MTB7577	1	SCHEMEID
MTB7578	1	SCHEMEID
MTB7579	1	SCHEMEID
MTB7581	1	SCHEMEID
MTB7586	1	SCHEMEID
MTB7591	1	SCHEMEID
MTB7600	1	SCHEMEID
MTB7603	1	SCHEMEID
MTB7605	1	SCHEMEID
MTB7607	1	SCHEMEID
MTB7609	1	SCHEMEID
MTB7611	1	SCHEMEID
MTB7612	1	SCHEMEID
MTB7616	1	SCHEMEID
MTB7623	1	SCHEMEID
MTB7624	1	SCHEMEID
MTB7626	1	SCHEMEID
MTB7627	1	SCHEMEID
MTB7628	1	SCHEMEID
MTB7641	1	SCHEMEID
MTB7645	1	SCHEMEID
MTB7646	1	SCHEMEID
MTB7658	1	SCHEMEID
MTB7659	1	SCHEMEID
MTB7661	1	SCHEMEID
MTB7663	1	SCHEMEID
MTB7665	1	SCHEMEID
MTB7666	1	SCHEMEID
MTB7672	1	SCHEMEID
MTB7674	1	SCHEMEID
MTB7678	1	SCHEMEID
MTB7681	1	SCHEMEID
MTB7689	1	SCHEMEID
MTB7693	1	SCHEMEID
MTB7695	1	SCHEMEID
MTB7698	1	SCHEMEID
MTB7699	1	SCHEMEID
MTB7700	1	SCHEMEID
MTB7701	1	SCHEMEID
MTB7702	1	SCHEMEID
MTB7704	1	SCHEMEID
MTB7705	1	SCHEMEID
MTB7709	1	SCHEMEID
MTB7712	1	SCHEMEID
MTB7713	1	SCHEMEID
MTB7716	1	SCHEMEID
MTB7717	1	SCHEMEID
MTB7718	1	SCHEMEID
MTB7720	1	SCHEMEID
MTB7725	1	SCHEMEID
MTB7726	1	SCHEMEID
MTB7727	1	SCHEMEID
MTB7728	1	SCHEMEID
MTB7729	1	SCHEMEID
MTB7730	1	SCHEMEID
MTB7731	1	SCHEMEID
MTB7732	1	SCHEMEID
MTB7733	1	SCHEMEID
MTB7734	1	SCHEMEID
MTB7735	1	SCHEMEID
MTB7736	1	SCHEMEID
MTB7737	1	SCHEMEID
MTB7744	1	SCHEMEID
MTB7745	1	SCHEMEID
MTB7749	1	SCHEMEID
MTB7750	1	SCHEMEID
MTB7751	1	SCHEMEID
MTB7757	1	SCHEMEID
MTB7758	1	SCHEMEID
MTB7759	1	SCHEMEID
MTB7765	1	SCHEMEID
MTB7766	1	SCHEMEID
MTB7776	1	SCHEMEID
MTB7777	1	SCHEMEID
MTB7778	1	SCHEMEID
MTB7779	1	SCHEMEID
MTB7780	1	SCHEMEID
MTB7781	1	SCHEMEID
MTB7782	1	SCHEMEID
MTB7783	1	SCHEMEID
MTB7784	1	SCHEMEID
MTB7785	1	SCHEMEID
MTB7786	1	SCHEMEID
MTB7787	1	SCHEMEID
MTB7789	1	SCHEMEID
MTB7790	1	SCHEMEID
MTB7791	1	SCHEMEID
MTB7792	1	SCHEMEID
MTB7793	1	SCHEMEID
MTB7794	1	SCHEMEID
MTB7795	1	SCHEMEID
MTB7797	1	SCHEMEID
MTB7802	1	SCHEMEID
MTB7803	1	SCHEMEID
MTB7805	1	SCHEMEID
MTB7806	1	SCHEMEID
MTB7808	1	SCHEMEID
MTB7812	1	SCHEMEID
MTB7813	1	SCHEMEID
MTB7817	1	SCHEMEID
MTB7819	1	SCHEMEID
MTB7820	1	SCHEMEID
MTB7821	1	SCHEMEID
MTB7822	1	SCHEMEID
MTB7824	1	SCHEMEID
MTB7825	1	SCHEMEID
MTB7826	1	SCHEMEID
MTB7827	1	SCHEMEID
MTB7828	1	SCHEMEID
MTB7829	1	SCHEMEID
MTB7835	1	SCHEMEID
MTB7844	1	SCHEMEID
MTB7848	1	SCHEMEID
MTB7849	1	SCHEMEID
MTB7862	1	SCHEMEID
MTB7863	1	SCHEMEID
MTB7866	1	SCHEMEID
MTB7874	1	SCHEMEID
MTB7875	1	SCHEMEID
MTB7876	1	SCHEMEID
MTB7877	1	SCHEMEID
MTB7878	1	SCHEMEID
MTB7879	1	SCHEMEID
MTB7880	1	SCHEMEID
MTB7881	1	SCHEMEID
MTB7882	1	SCHEMEID
MTB7883	1	SCHEMEID
MTB7884	1	SCHEMEID
MTB7886	1	SCHEMEID
MTB7890	1	SCHEMEID
MTB7899	1	SCHEMEID
MTB7908	1	SCHEMEID
MTB7909	1	SCHEMEID
MTB7910	1	SCHEMEID
MTB7911	1	SCHEMEID
MTB7912	1	SCHEMEID
MTB7913	1	SCHEMEID
MTB7914	1	SCHEMEID
MTB7915	1	SCHEMEID
MTB7916	1	SCHEMEID
MTB7925	1	SCHEMEID
MTB7926	1	SCHEMEID
MTB7930	1	SCHEMEID
MTB7944	1	SCHEMEID
MTB7945	1	SCHEMEID
MTB7946	1	SCHEMEID
MTB7947	1	SCHEMEID
MTB7957	1	SCHEMEID
MTB7990	1	SCHEMEID
MTB7995	1	SCHEMEID
MTB7997	1	SCHEMEID
MTB8000	1	SCHEMEID
MTB8001	1	SCHEMEID
MTB8003	1	SCHEMEID
MTB8005	1	SCHEMEID
MTB8006	1	SCHEMEID
MTB8013	1	SCHEMEID
MTB8014	1	SCHEMEID
MTB8015	1	SCHEMEID
MTB8022	1	SCHEMEID
MTB8023	1	SCHEMEID
MTB8024	1	SCHEMEID
MTB8025	1	SCHEMEID
MTB8026	1	SCHEMEID
MTB8028	1	SCHEMEID
MTB8033	1	SCHEMEID
MTB8039	1	SCHEMEID
MTB8040	1	SCHEMEID
MTB8042	1	SCHEMEID
MTB8056	1	SCHEMEID
MTB8060	1	SCHEMEID
MTB8062	1	SCHEMEID
MTB8063	1	SCHEMEID
MTB8065	1	SCHEMEID
MTB8071	1	SCHEMEID
MTB8072	1	SCHEMEID
MTB8073	1	SCHEMEID
MTB8074	1	SCHEMEID
MTB8075	1	SCHEMEID
MTB8076	1	SCHEMEID
MTB8081	1	SCHEMEID
MTB8082	1	SCHEMEID
MTB8085	1	SCHEMEID
MTB8091	1	SCHEMEID
MTB8093	1	SCHEMEID
MTB8097	1	SCHEMEID
MTB8106	1	SCHEMEID
MTB8107	1	SCHEMEID
MTB8109	1	SCHEMEID
MTB8110	1	SCHEMEID
MTB8111	1	SCHEMEID
MTB8112	1	SCHEMEID
MTB8113	1	SCHEMEID
MTB8114	1	SCHEMEID
MTB8115	1	SCHEMEID
MTB8116	1	SCHEMEID
MTB8117	1	SCHEMEID
MTB8118	1	SCHEMEID
MTB8119	1	SCHEMEID
MTB8120	1	SCHEMEID
MTB8121	1	SCHEMEID
MTB8140	1	SCHEMEID
MTB8142	1	SCHEMEID
MTB8150	1	SCHEMEID
MTB8151	1	SCHEMEID
MTB8152	1	SCHEMEID
MTB8154	1	SCHEMEID
MTB8156	1	SCHEMEID
MTB8157	1	SCHEMEID
MTB8159	1	SCHEMEID
MTB8162	1	SCHEMEID
MTB8167	1	SCHEMEID
MTB8168	1	SCHEMEID
MTB8169	1	SCHEMEID
MTB8170	1	SCHEMEID
MTB8171	1	SCHEMEID
MTB8172	1	SCHEMEID
MTB8173	1	SCHEMEID
MTB8174	1	SCHEMEID
MTB8177	1	SCHEMEID
MTB8180	1	SCHEMEID
MTB8182	1	SCHEMEID
MTB8183	1	SCHEMEID
MTB8184	1	SCHEMEID
MTB8185	1	SCHEMEID
MTB8186	1	SCHEMEID
MTB8188	1	SCHEMEID
MTB8190	1	SCHEMEID
MTB8191	1	SCHEMEID
MTB8193	1	SCHEMEID
MTB8195	1	SCHEMEID
MTB8199	1	SCHEMEID
MTB8200	1	SCHEMEID
MTB8201	1	SCHEMEID
MTB8209	1	SCHEMEID
MTB8210	1	SCHEMEID
MTB8211	1	SCHEMEID
MTB8212	1	SCHEMEID
MTB8213	1	SCHEMEID
MTB8214	1	SCHEMEID
MTB8215	1	SCHEMEID
MTB8216	1	SCHEMEID
MTB8217	1	SCHEMEID
MTB8218	1	SCHEMEID
MTB8219	1	SCHEMEID
MTB8220	1	SCHEMEID
MTB8221	1	SCHEMEID
MTB8222	1	SCHEMEID
MTB8224	1	SCHEMEID
MTB8225	1	SCHEMEID
MTB8232	1	SCHEMEID
MTB8234	1	SCHEMEID
MTB8236	1	SCHEMEID
MTB8237	1	SCHEMEID
MTB8238	1	SCHEMEID
MTB8240	1	SCHEMEID
MTB8241	1	SCHEMEID
MTB8243	1	SCHEMEID
MTB8245	1	SCHEMEID
MTB8248	1	SCHEMEID
MTB8249	1	SCHEMEID
MTB8250	1	SCHEMEID
MTB8251	1	SCHEMEID
MTB8256	1	SCHEMEID
MTB8263	1	SCHEMEID
MTB8264	1	SCHEMEID
MTB8266	1	SCHEMEID
MTB8280	1	SCHEMEID
MTB8281	1	SCHEMEID
MTB8282	1	SCHEMEID
MTB8283	1	SCHEMEID
MTB8284	1	SCHEMEID
MTB8286	1	SCHEMEID
MTB8289	1	SCHEMEID
MTB8290	1	SCHEMEID
MTB8291	1	SCHEMEID
MTB8292	1	SCHEMEID
MTB8293	1	SCHEMEID
MTB8294	1	SCHEMEID
MTB8295	1	SCHEMEID
MTB8296	1	SCHEMEID
MTB8297	1	SCHEMEID
MTB8298	1	SCHEMEID
MTB8299	1	SCHEMEID
MTB8300	1	SCHEMEID
MTB8301	1	SCHEMEID
MTB8302	1	SCHEMEID
MTB8303	1	SCHEMEID
MTB8304	1	SCHEMEID
MTB8305	1	SCHEMEID
MTB8306	1	SCHEMEID
MTB8308	1	SCHEMEID
MTB8309	1	SCHEMEID
MTB8310	1	SCHEMEID
MTB8311	1	SCHEMEID
MTB8312	1	SCHEMEID
MTB8316	1	SCHEMEID
MTB8323	1	SCHEMEID
MTB8329	1	SCHEMEID
MTB8330	1	SCHEMEID
MTB8332	1	SCHEMEID
MTB8334	1	SCHEMEID
MTB8335	1	SCHEMEID
MTB8337	1	SCHEMEID
MTB8343	1	SCHEMEID
MTB8344	1	SCHEMEID
MTB8345	1	SCHEMEID
MTB8346	1	SCHEMEID
MTB8350	1	SCHEMEID
MTB8351	1	SCHEMEID
MTB8352	1	SCHEMEID
MTB8374	1	SCHEMEID
MTB8387	1	SCHEMEID
MTB8398	1	SCHEMEID
MTB8399	1	SCHEMEID
MTB8403	1	SCHEMEID
MTB8404	1	SCHEMEID
MTB8408	1	SCHEMEID
MTB8412	1	SCHEMEID
MTB8413	1	SCHEMEID
MTB8414	1	SCHEMEID
MTB8415	1	SCHEMEID
MTB8416	1	SCHEMEID
MTB8419	1	SCHEMEID
MTB8420	1	SCHEMEID
MTB8422	1	SCHEMEID
MTB8423	1	SCHEMEID
MTB8424	1	SCHEMEID
MTB8425	1	SCHEMEID
MTB8429	1	SCHEMEID
MTB8433	1	SCHEMEID
MTB8434	1	SCHEMEID
MTB8440	1	SCHEMEID
MTB8451	1	SCHEMEID
MTB8452	1	SCHEMEID
MTB8456	1	SCHEMEID
MTB8459	1	SCHEMEID
MTB8468	1	SCHEMEID
MTB8472	1	SCHEMEID
MTB8475	1	SCHEMEID
MTB8476	1	SCHEMEID
MTB8482	1	SCHEMEID
MTB8483	1	SCHEMEID
MTB8484	1	SCHEMEID
MTB8485	1	SCHEMEID
MTB8486	1	SCHEMEID
MTB8488	1	SCHEMEID
MTB8491	1	SCHEMEID
MTB8517	1	SCHEMEID
MTB8518	1	SCHEMEID
MTB8523	1	SCHEMEID
MTB8524	1	SCHEMEID
MTB8525	1	SCHEMEID
MTB8526	1	SCHEMEID
MTB8527	1	SCHEMEID
MTB8534	1	SCHEMEID
MTB8535	1	SCHEMEID
MTB8537	1	SCHEMEID
MTB8543	1	SCHEMEID
MTB8547	1	SCHEMEID
MTB8552	1	SCHEMEID
MTB8553	1	SCHEMEID
MTB8557	1	SCHEMEID
MTB8558	1	SCHEMEID
MTB8559	1	SCHEMEID
MTB8560	1	SCHEMEID
MTB8561	1	SCHEMEID
MTB8562	1	SCHEMEID
MTB8563	1	SCHEMEID
MTB8564	1	SCHEMEID
MTB8568	1	SCHEMEID
MTB8573	1	SCHEMEID
MTB8575	1	SCHEMEID
MTB8578	1	SCHEMEID
MTB8580	1	SCHEMEID
MTB8581	1	SCHEMEID
MTB8584	1	SCHEMEID
MTB8588	1	SCHEMEID
MTB8592	1	SCHEMEID
MTB8595	1	SCHEMEID
MTB8596	1	SCHEMEID
MTB8599	1	SCHEMEID
MTB8601	1	SCHEMEID
MTB8603	1	SCHEMEID
MTB8607	1	SCHEMEID
MTB8610	1	SCHEMEID
MTB8613	1	SCHEMEID
MTB8614	1	SCHEMEID
MTB8622	1	SCHEMEID
MTB8626	1	SCHEMEID
MTB8627	1	SCHEMEID
MTB8628	1	SCHEMEID
MTB8631	1	SCHEMEID
MTB8634	1	SCHEMEID
MTB8648	1	SCHEMEID
MTB8649	1	SCHEMEID
MTB8650	1	SCHEMEID
MTB8651	1	SCHEMEID
MTB8652	1	SCHEMEID
MTB8653	1	SCHEMEID
MTB8655	1	SCHEMEID
MTB8657	1	SCHEMEID
MTB8660	1	SCHEMEID
MTB8662	1	SCHEMEID
MTB8664	1	SCHEMEID
MTB8665	1	SCHEMEID
MTB8666	1	SCHEMEID
MTB8667	1	SCHEMEID
MTB8671	1	SCHEMEID
MTB8673	1	SCHEMEID
MTB8675	1	SCHEMEID
MTB8679	1	SCHEMEID
MTB8681	1	SCHEMEID
MTB8684	1	SCHEMEID
MTB8685	1	SCHEMEID
MTB8686	1	SCHEMEID
MTB8687	1	SCHEMEID
MTB8689	1	SCHEMEID
MTB8690	1	SCHEMEID
MTB8691	1	SCHEMEID
MTB8693	1	SCHEMEID
MTB8694	1	SCHEMEID
MTB8695	1	SCHEMEID
MTB8697	1	SCHEMEID
MTB8698	1	SCHEMEID
MTB8699	1	SCHEMEID
MTB8700	1	SCHEMEID
MTB8704	1	SCHEMEID
MTB8715	1	SCHEMEID
MTB8720	1	SCHEMEID
MTB8726	1	SCHEMEID
MTB8729	1	SCHEMEID
MTB8735	1	SCHEMEID
MTB8736	1	SCHEMEID
MTB8741	1	SCHEMEID
MTB8743	1	SCHEMEID
MTB8744	1	SCHEMEID
MTB8748	1	SCHEMEID
MTB8749	1	SCHEMEID
MTB8750	1	SCHEMEID
MTB8751	1	SCHEMEID
MTB8752	1	SCHEMEID
MTB8753	1	SCHEMEID
MTB8754	1	SCHEMEID
MTB8757	1	SCHEMEID
MTB8758	1	SCHEMEID
MTB8760	1	SCHEMEID
MTB8761	1	SCHEMEID
MTB8762	1	SCHEMEID
MTB8763	1	SCHEMEID
MTB8764	1	SCHEMEID
MTB8770	1	SCHEMEID
MTB8771	1	SCHEMEID
MTB8774	1	SCHEMEID
MTB8776	1	SCHEMEID
MTB8783	1	SCHEMEID
MTB8784	1	SCHEMEID
MTB8785	1	SCHEMEID
MTB8786	1	SCHEMEID
MTB8789	1	SCHEMEID
MTB8796	1	SCHEMEID
MTB8797	1	SCHEMEID
MTB8798	1	SCHEMEID
MTB8802	1	SCHEMEID
MTB8803	1	SCHEMEID
MTB8804	1	SCHEMEID
MTB8806	1	SCHEMEID
MTB8811	1	SCHEMEID
MTB8816	1	SCHEMEID
MTB8832	1	SCHEMEID
MTB8834	1	SCHEMEID
MTB8838	1	SCHEMEID
MTB8840	1	SCHEMEID
MTB8844	1	SCHEMEID
MTB8845	1	SCHEMEID
MTB8848	1	SCHEMEID
MTB8849	1	SCHEMEID
MTB8851	1	SCHEMEID
MTB8865	1	SCHEMEID
MTB8866	1	SCHEMEID
MTB8867	1	SCHEMEID
MTB8871	1	SCHEMEID
MTB8873	1	SCHEMEID
MTB8874	1	SCHEMEID
MTB8875	1	SCHEMEID
MTB8877	1	SCHEMEID
MTB8880	1	SCHEMEID
MTB8883	1	SCHEMEID
MTB8884	1	SCHEMEID
MTB8886	1	SCHEMEID
MTB8889	1	SCHEMEID
MTB8890	1	SCHEMEID
MTB8900	1	SCHEMEID
MTB8902	1	SCHEMEID
MTB8904	1	SCHEMEID
MTB8905	1	SCHEMEID
MTB8906	1	SCHEMEID
MTB8909	1	SCHEMEID
MTB8912	1	SCHEMEID
MTB8914	1	SCHEMEID
MTB8916	1	SCHEMEID
MTB8919	1	SCHEMEID
MTB8926	1	SCHEMEID
MTB8928	1	SCHEMEID
MTB8939	1	SCHEMEID
MTB8942	1	SCHEMEID
MTB8943	1	SCHEMEID
MTB8944	1	SCHEMEID
MTB8945	1	SCHEMEID
MTB8947	1	SCHEMEID
MTB8948	1	SCHEMEID
MTB8949	1	SCHEMEID
MTB8950	1	SCHEMEID
MTB8951	1	SCHEMEID
MTB8952	1	SCHEMEID
MTB8953	1	SCHEMEID
MTB8955	1	SCHEMEID
MTB8962	1	SCHEMEID
MTB8963	1	SCHEMEID
MTB8969	1	SCHEMEID
MTB8970	1	SCHEMEID
MTB8971	1	SCHEMEID
MTB8975	1	SCHEMEID
MTB8980	1	SCHEMEID
MTB8996	1	SCHEMEID
MTB9003	1	SCHEMEID
MTB9004	1	SCHEMEID
MTB9005	1	SCHEMEID
MTB9006	1	SCHEMEID
MTB9007	1	SCHEMEID
MTB9010	1	SCHEMEID
MTB9015	1	SCHEMEID
MTB9025	1	SCHEMEID
MTB9033	1	SCHEMEID
MTB9034	1	SCHEMEID
MTB9045	1	SCHEMEID
MTB9063	1	SCHEMEID
MTB9071	1	SCHEMEID
MTB9073	1	SCHEMEID
MTB9076	1	SCHEMEID
MTB9078	1	SCHEMEID
MTB9079	1	SCHEMEID
MTB9080	1	SCHEMEID
MTB9084	1	SCHEMEID
MTB9085	1	SCHEMEID
MTB9086	1	SCHEMEID
MTB9087	1	SCHEMEID
MTB9090	1	SCHEMEID
MTB9091	1	SCHEMEID
MTB9092	1	SCHEMEID
MTB9093	1	SCHEMEID
MTB9099	1	SCHEMEID
MTB9100	1	SCHEMEID
MTB9102	1	SCHEMEID
MTB9103	1	SCHEMEID
MTB9104	1	SCHEMEID
MTB9105	1	SCHEMEID
MTB9106	1	SCHEMEID
MTB9107	1	SCHEMEID
MTB9108	1	SCHEMEID
MTB9109	1	SCHEMEID
MTB9110	1	SCHEMEID
MTB9111	1	SCHEMEID
MTB9112	1	SCHEMEID
MTB9113	1	SCHEMEID
MTB9114	1	SCHEMEID
MTB9118	1	SCHEMEID
MTB9119	1	SCHEMEID
MTB9120	1	SCHEMEID
MTB9122	1	SCHEMEID
MTB9124	1	SCHEMEID
MTB9125	1	SCHEMEID
MTB9127	1	SCHEMEID
MTB9134	1	SCHEMEID
MTB9135	1	SCHEMEID
MTB9136	1	SCHEMEID
MTB9137	1	SCHEMEID
MTB9142	1	SCHEMEID
MTB9143	1	SCHEMEID
MTB9144	1	SCHEMEID
MTB9154	1	SCHEMEID
MTB9164	1	SCHEMEID
MTB9169	1	SCHEMEID
MTB9170	1	SCHEMEID
MTB9171	1	SCHEMEID
MTB9172	1	SCHEMEID
MTB9173	1	SCHEMEID
MTB9174	1	SCHEMEID
MTB9189	1	SCHEMEID
MTB9190	1	SCHEMEID
MTB9191	1	SCHEMEID
MTB9198	1	SCHEMEID
MTB9200	1	SCHEMEID
MTB9205	1	SCHEMEID
MTB9206	1	SCHEMEID
MTB9208	1	SCHEMEID
MTB9209	1	SCHEMEID
MTB9210	1	SCHEMEID
MTB9211	1	SCHEMEID
MTB9213	1	SCHEMEID
MTB9215	1	SCHEMEID
MTB9217	1	SCHEMEID
MTB9218	1	SCHEMEID
MTB9219	1	SCHEMEID
MTB9220	1	SCHEMEID
MTB9221	1	SCHEMEID
MTB9222	1	SCHEMEID
MTB9225	1	SCHEMEID
MTB9226	1	SCHEMEID
MTB9227	1	SCHEMEID
MTB9230	1	SCHEMEID
MTB9231	1	SCHEMEID
MTB9236	1	SCHEMEID
MTB9237	1	SCHEMEID
MTB9238	1	SCHEMEID
MTB9239	1	SCHEMEID
MTB9240	1	SCHEMEID
MTB9247	1	SCHEMEID
MTB9248	1	SCHEMEID
MTB9249	1	SCHEMEID
MTB9250	1	SCHEMEID
MTB9252	1	SCHEMEID
MTB9253	1	SCHEMEID
MTB9254	1	SCHEMEID
MTB9258	1	SCHEMEID
MTB9259	1	SCHEMEID
MTB9262	1	SCHEMEID
MTB9263	1	SCHEMEID
MTB9271	1	SCHEMEID
MTB9276	1	SCHEMEID
MTB9279	1	SCHEMEID
MTB9280	1	SCHEMEID
MTB9281	1	SCHEMEID
MTB9282	1	SCHEMEID
MTB9283	1	SCHEMEID
MTB9284	1	SCHEMEID
MTB9286	1	SCHEMEID
MTB9287	1	SCHEMEID
MTB9290	1	SCHEMEID
MTB9291	1	SCHEMEID
MTB9293	1	SCHEMEID
MTB9294	1	SCHEMEID
MTB9295	1	SCHEMEID
MTB9300	1	SCHEMEID
MTB9307	1	SCHEMEID
MTB9308	1	SCHEMEID
MTB9309	1	SCHEMEID
MTB9310	1	SCHEMEID
MTB9311	1	SCHEMEID
MTB9312	1	SCHEMEID
MTB9313	1	SCHEMEID
MTB9314	1	SCHEMEID
MTB9315	1	SCHEMEID
MTB9316	1	SCHEMEID
MTB9321	1	SCHEMEID
MTB9329	1	SCHEMEID
MTB9337	1	SCHEMEID
MTB9338	1	SCHEMEID
MTB9339	1	SCHEMEID
MTB9345	1	SCHEMEID
MTB9347	1	SCHEMEID
MTB9349	1	SCHEMEID
MTB9350	1	SCHEMEID
MTB9352	1	SCHEMEID
MTB9353	1	SCHEMEID
MTB9357	1	SCHEMEID
MTB9360	1	SCHEMEID
MTB9363	1	SCHEMEID
MTB9364	1	SCHEMEID
MTB9367	1	SCHEMEID
MTB9369	1	SCHEMEID
MTB9371	1	SCHEMEID
MTB9372	1	SCHEMEID
MTB9374	1	SCHEMEID
MTB9375	1	SCHEMEID
MTB9376	1	SCHEMEID
MTB9378	1	SCHEMEID
MTB9379	1	SCHEMEID
MTB9385	1	SCHEMEID
MTB9387	1	SCHEMEID
MTB9388	1	SCHEMEID
MTB9389	1	SCHEMEID
MTB9392	1	SCHEMEID
MTB9395	1	SCHEMEID
MTB9397	1	SCHEMEID
MTB9400	1	SCHEMEID
MTB9401	1	SCHEMEID
MTB9403	1	SCHEMEID
MTB9408	1	SCHEMEID
MTB9409	1	SCHEMEID
MTB9411	1	SCHEMEID
MTB9415	1	SCHEMEID
MTB9418	1	SCHEMEID
MTB9422	1	SCHEMEID
MTB9423	1	SCHEMEID
MTB9430	1	SCHEMEID
MTB9431	1	SCHEMEID
MTB9433	1	SCHEMEID
MTB9435	1	SCHEMEID
MTB9437	1	SCHEMEID
MTB9440	1	SCHEMEID
MTB9445	1	SCHEMEID
MTB9448	1	SCHEMEID
MTB9450	1	SCHEMEID
MTB9451	1	SCHEMEID
MTB9453	1	SCHEMEID
MTB9455	1	SCHEMEID
MTB9461	1	SCHEMEID
MTB9467	1	SCHEMEID
MTB9468	1	SCHEMEID
MTB9469	1	SCHEMEID
MTB9470	1	SCHEMEID
MTB9472	1	SCHEMEID
MTB9492	1	SCHEMEID
MTB9502	1	SCHEMEID
MTB9503	1	SCHEMEID
MTB9504	1	SCHEMEID
MTB9505	1	SCHEMEID
MTB9509	1	SCHEMEID
MTB9511	1	SCHEMEID
MTB9512	1	SCHEMEID
MTB9513	1	SCHEMEID
MTB9514	1	SCHEMEID
MTB9515	1	SCHEMEID
MTB9516	1	SCHEMEID
MTB9517	1	SCHEMEID
MTB9518	1	SCHEMEID
MTB9519	1	SCHEMEID
MTB9520	1	SCHEMEID
MTB9521	1	SCHEMEID
MTB9522	1	SCHEMEID
MTB9523	1	SCHEMEID
MTB9524	1	SCHEMEID
MTB9527	1	SCHEMEID
MTB9528	1	SCHEMEID
MTB9529	1	SCHEMEID
MTB9530	1	SCHEMEID
MTB9531	1	SCHEMEID
MTB9532	1	SCHEMEID
MTB9533	1	SCHEMEID
MTB9544	1	SCHEMEID
MTB9546	1	SCHEMEID
MTB9548	1	SCHEMEID
MTB9549	1	SCHEMEID
MTB9550	1	SCHEMEID
MTB9552	1	SCHEMEID
MTB9554	1	SCHEMEID
MTB9560	1	SCHEMEID
MTB9561	1	SCHEMEID
MTB9562	1	SCHEMEID
MTB9563	1	SCHEMEID
MTB9564	1	SCHEMEID
MTB9566	1	SCHEMEID
MTB9567	1	SCHEMEID
MTB9569	1	SCHEMEID
MTB9571	1	SCHEMEID
MTB9573	1	SCHEMEID
MTB9574	1	SCHEMEID
MTB9579	1	SCHEMEID
MTB9580	1	SCHEMEID
MTB9581	1	SCHEMEID
MTB9582	1	SCHEMEID
MTB9583	1	SCHEMEID
MTB9584	1	SCHEMEID
MTB9585	1	SCHEMEID
MTB9586	1	SCHEMEID
MTB9588	1	SCHEMEID
MTB9589	1	SCHEMEID
MTB9591	1	SCHEMEID
MTB9592	1	SCHEMEID
MTB9593	1	SCHEMEID
MTB9594	1	SCHEMEID
MTB9595	1	SCHEMEID
MTB9596	1	SCHEMEID
MTB9597	1	SCHEMEID
MTB9598	1	SCHEMEID
MTB9599	1	SCHEMEID
MTB9600	1	SCHEMEID
MTB9619	1	SCHEMEID
MTB9623	1	SCHEMEID
MTB9652	1	SCHEMEID
MTB9655	1	SCHEMEID
MTB9656	1	SCHEMEID
MTB9659	1	SCHEMEID
MTB9660	1	SCHEMEID
MTB9661	1	SCHEMEID
MTB9662	1	SCHEMEID
MTB9663	1	SCHEMEID
MTB9664	1	SCHEMEID
MTB9665	1	SCHEMEID
MTB9666	1	SCHEMEID
MTB9669	1	SCHEMEID
MTB9673	1	SCHEMEID
MTB9674	1	SCHEMEID
MTB9678	1	SCHEMEID
MTB9679	1	SCHEMEID
MTB9680	1	SCHEMEID
MTB9682	1	SCHEMEID
MTB9684	1	SCHEMEID
MTB9687	1	SCHEMEID
MTB9689	1	SCHEMEID
MTB9691	1	SCHEMEID
MTB9695	1	SCHEMEID
MTB9698	1	SCHEMEID
MTB9699	1	SCHEMEID
MTB9700	1	SCHEMEID
MTB9701	1	SCHEMEID
MTB9703	1	SCHEMEID
MTB9704	1	SCHEMEID
MTB9705	1	SCHEMEID
MTB9711	1	SCHEMEID
MTB9713	1	SCHEMEID
MTB9715	1	SCHEMEID
MTB9716	1	SCHEMEID
MTB9719	1	SCHEMEID
MTB9721	1	SCHEMEID
MTB9722	1	SCHEMEID
MTB9724	1	SCHEMEID
MTB9726	1	SCHEMEID
MTB9727	1	SCHEMEID
MTB9728	1	SCHEMEID
MTB9730	1	SCHEMEID
MTB9736	1	SCHEMEID
MTB9737	1	SCHEMEID
MTB9738	1	SCHEMEID
MTB9745	1	SCHEMEID
MTB9746	1	SCHEMEID
MTB9748	1	SCHEMEID
MTB9751	1	SCHEMEID
MTB9759	1	SCHEMEID
MTB9760	1	SCHEMEID
MTB9762	1	SCHEMEID
MTB9764	1	SCHEMEID
MTB9766	1	SCHEMEID
MTB9767	1	SCHEMEID
MTB9768	1	SCHEMEID
MTB9770	1	SCHEMEID
MTB9772	1	SCHEMEID
MTB9773	1	SCHEMEID
MTB9774	1	SCHEMEID
MTB9775	1	SCHEMEID
MTB9776	1	SCHEMEID
MTB9778	1	SCHEMEID
MTB9781	1	SCHEMEID
MTB9784	1	SCHEMEID
MTB9791	1	SCHEMEID
MTB9794	1	SCHEMEID
MTB9808	1	SCHEMEID
MTB9811	1	SCHEMEID
MTB9813	1	SCHEMEID
MTB9816	1	SCHEMEID
MTB9817	1	SCHEMEID
MTB9818	1	SCHEMEID
MTB9819	1	SCHEMEID
MTB9820	1	SCHEMEID
MTB9821	1	SCHEMEID
MTB9822	1	SCHEMEID
MTB9823	1	SCHEMEID
MTB9824	1	SCHEMEID
MTB9830	1	SCHEMEID
MTB9832	1	SCHEMEID
MTB9833	1	SCHEMEID
MTB9844	1	SCHEMEID
MTB9847	1	SCHEMEID
MTB9848	1	SCHEMEID
MTB9850	1	SCHEMEID
MTB9851	1	SCHEMEID
MTB9852	1	SCHEMEID
MTB9853	1	SCHEMEID
MTB9856	1	SCHEMEID
MTB9867	1	SCHEMEID
MTB9868	1	SCHEMEID
MTB9869	1	SCHEMEID
MTB9880	1	SCHEMEID
MTB9882	1	SCHEMEID
MTB9883	1	SCHEMEID
MTB9885	1	SCHEMEID
MTB9889	1	SCHEMEID
MTB9894	1	SCHEMEID
MTB9895	1	SCHEMEID
MTB9902	1	SCHEMEID
MTB9903	1	SCHEMEID
MTB9907	1	SCHEMEID
MTB9916	1	SCHEMEID
MTB9919	1	SCHEMEID
MTB9940	1	SCHEMEID
MTB9941	1	SCHEMEID
MTB9947	1	SCHEMEID
MTB9950	1	SCHEMEID
MTB9953	1	SCHEMEID
MTB9954	1	SCHEMEID
MTB9959	1	SCHEMEID
MTB9960	1	SCHEMEID
MTB9961	1	SCHEMEID
MTB9963	1	SCHEMEID
MTB9964	1	SCHEMEID
MTB9970	1	SCHEMEID
MTB9971	1	SCHEMEID
MTB9976	1	SCHEMEID
MTB9984	1	SCHEMEID
MTB9986	1	SCHEMEID
MTB9989	1	SCHEMEID
MTB9991	1	SCHEMEID
MTB9994	1	SCHEMEID
MTB9995	1	SCHEMEID
MTB9996	1	SCHEMEID
MTB10000	1	SCHEMEID
MTB10001	1	SCHEMEID
MTB10003	1	SCHEMEID
MTB10005	1	SCHEMEID
MTB10006	1	SCHEMEID
MTB10007	1	SCHEMEID
MTB10008	1	SCHEMEID
MTB10009	1	SCHEMEID
MTB10010	1	SCHEMEID
MTB10011	1	SCHEMEID
MTB10012	1	SCHEMEID
MTB10014	1	SCHEMEID
MTB10015	1	SCHEMEID
MTB10016	1	SCHEMEID
MTB10020	1	SCHEMEID
MTB10021	1	SCHEMEID
MTB10022	1	SCHEMEID
MTB10023	1	SCHEMEID
MTB10024	1	SCHEMEID
MTB10025	1	SCHEMEID
MTB10027	1	SCHEMEID
MTB10030	1	SCHEMEID
MTB10035	1	SCHEMEID
MTB10038	1	SCHEMEID
MTB10040	1	SCHEMEID
MTB10041	1	SCHEMEID
MTB10042	1	SCHEMEID
MTB10044	1	SCHEMEID
MTB10045	1	SCHEMEID
MTB10046	1	SCHEMEID
MTB10052	1	SCHEMEID
MTB10053	1	SCHEMEID
MTB10054	1	SCHEMEID
MTB10058	1	SCHEMEID
MTB10062	1	SCHEMEID
MTB10065	1	SCHEMEID
MTB10066	1	SCHEMEID
MTB10069	1	SCHEMEID
MTB10071	1	SCHEMEID
MTB10072	1	SCHEMEID
MTB10073	1	SCHEMEID
MTB10074	1	SCHEMEID
MTB10078	1	SCHEMEID
MTB10081	1	SCHEMEID
MTB10090	1	SCHEMEID
MTB10091	1	SCHEMEID
MTB10092	1	SCHEMEID
MTB10096	1	SCHEMEID
MTB10097	1	SCHEMEID
MTB10098	1	SCHEMEID
MTB10099	1	SCHEMEID
MTB10100	1	SCHEMEID
MTB10101	1	SCHEMEID
MTB10105	1	SCHEMEID
MTB10106	1	SCHEMEID
MTB10107	1	SCHEMEID
MTB10109	1	SCHEMEID
MTB10111	1	SCHEMEID
MTB10115	1	SCHEMEID
MTB10116	1	SCHEMEID
MTB10117	1	SCHEMEID
MTB10118	1	SCHEMEID
MTB10119	1	SCHEMEID
MTB10122	1	SCHEMEID
MTB10123	1	SCHEMEID
MTB10124	1	SCHEMEID
MTB10126	1	SCHEMEID
MTB10128	1	SCHEMEID
MTB10135	1	SCHEMEID
MTB10144	1	SCHEMEID
MTB10146	1	SCHEMEID
MTB10151	1	SCHEMEID
MTB10152	1	SCHEMEID
MTB10153	1	SCHEMEID
MTB10155	1	SCHEMEID
MTB10156	1	SCHEMEID
MTB10166	1	SCHEMEID
MTB10167	1	SCHEMEID
MTB10168	1	SCHEMEID
MTB10169	1	SCHEMEID
MTB10172	1	SCHEMEID
MTB10173	1	SCHEMEID
MTB10175	1	SCHEMEID
MTB10176	1	SCHEMEID
MTB10182	1	SCHEMEID
MTB10190	1	SCHEMEID
MTB10192	1	SCHEMEID
MTB10193	1	SCHEMEID
MTB10194	1	SCHEMEID
MTB10195	1	SCHEMEID
MTB10196	1	SCHEMEID
MTB10197	1	SCHEMEID
MTB10198	1	SCHEMEID
MTB10199	1	SCHEMEID
MTB10206	1	SCHEMEID
MTB10220	1	SCHEMEID
MTB10221	1	SCHEMEID
MTB10222	1	SCHEMEID
MTB10223	1	SCHEMEID
MTB10224	1	SCHEMEID
MTB10225	1	SCHEMEID
MTB10232	1	SCHEMEID
MTB10237	1	SCHEMEID
MTB10245	1	SCHEMEID
MTB10249	1	SCHEMEID
MTB10253	1	SCHEMEID
MTB10257	1	SCHEMEID
MTB10258	1	SCHEMEID
MTB10259	1	SCHEMEID
MTB10261	1	SCHEMEID
MTB10262	1	SCHEMEID
MTB10263	1	SCHEMEID
MTB10264	1	SCHEMEID
MTB10265	1	SCHEMEID
MTB10267	1	SCHEMEID
MTB10268	1	SCHEMEID
MTB10269	1	SCHEMEID
MTB10273	1	SCHEMEID
MTB10276	1	SCHEMEID
MTB10277	1	SCHEMEID
MTB10280	1	SCHEMEID
MTB10281	1	SCHEMEID
MTB10283	1	SCHEMEID
MTB10286	1	SCHEMEID
MTB10287	1	SCHEMEID
MTB10288	1	SCHEMEID
MTB10289	1	SCHEMEID
MTB10290	1	SCHEMEID
MTB10291	1	SCHEMEID
MTB10292	1	SCHEMEID
MTB10293	1	SCHEMEID
MTB10294	1	SCHEMEID
MTB10295	1	SCHEMEID
MTB10296	1	SCHEMEID
MTB10297	1	SCHEMEID
MTB10298	1	SCHEMEID
MTB10299	1	SCHEMEID
MTB10300	1	SCHEMEID
MTB10302	1	SCHEMEID
MTB10303	1	SCHEMEID
MTB10304	1	SCHEMEID
MTB10305	1	SCHEMEID
MTB10306	1	SCHEMEID
MTB10307	1	SCHEMEID
MTB10308	1	SCHEMEID
MTB10309	1	SCHEMEID
MTB10310	1	SCHEMEID
MTB10312	1	SCHEMEID
MTB10314	1	SCHEMEID
MTB10330	1	SCHEMEID
MTB10338	1	SCHEMEID
MTB10341	1	SCHEMEID
MTB10343	1	SCHEMEID
MTB10347	1	SCHEMEID
MTB10349	1	SCHEMEID
MTB10354	1	SCHEMEID
MTB10356	1	SCHEMEID
MTB10357	1	SCHEMEID
MTB10369	1	SCHEMEID
MTB10376	1	SCHEMEID
MTB10377	1	SCHEMEID
MTB10380	1	SCHEMEID
MTB10384	1	SCHEMEID
MTB10386	1	SCHEMEID
MTB10388	1	SCHEMEID
MTB10389	1	SCHEMEID
MTB10391	1	SCHEMEID
MTB10396	1	SCHEMEID
MTB10401	1	SCHEMEID
MTB10406	1	SCHEMEID
MTB10407	1	SCHEMEID
MTB10409	1	SCHEMEID
MTB10414	1	SCHEMEID
MTB10421	1	SCHEMEID
MTB10422	1	SCHEMEID
MTB10433	1	SCHEMEID
MTB10435	1	SCHEMEID
MTB10438	1	SCHEMEID
MTB10440	1	SCHEMEID
MTB10441	1	SCHEMEID
MTB10442	1	SCHEMEID
MTB10449	1	SCHEMEID
MTB10450	1	SCHEMEID
MTB10458	1	SCHEMEID
MTB10459	1	SCHEMEID
MTB10465	1	SCHEMEID
MTB10466	1	SCHEMEID
MTB10467	1	SCHEMEID
MTB10468	1	SCHEMEID
MTB10470	1	SCHEMEID
MTB10472	1	SCHEMEID
MTB10473	1	SCHEMEID
MTB10482	1	SCHEMEID
MTB10483	1	SCHEMEID
MTB10484	1	SCHEMEID
MTB10487	1	SCHEMEID
MTB10488	1	SCHEMEID
MTB10490	1	SCHEMEID
MTB10491	1	SCHEMEID
MTB10495	1	SCHEMEID
MTB10496	1	SCHEMEID
MTB10497	1	SCHEMEID
MTB10505	1	SCHEMEID
MTB10506	1	SCHEMEID
MTB10507	1	SCHEMEID
MTB10508	1	SCHEMEID
MTB10509	1	SCHEMEID
MTB10510	1	SCHEMEID
MTB10511	1	SCHEMEID
MTB10516	1	SCHEMEID
MTB10519	1	SCHEMEID
MTB10522	1	SCHEMEID
MTB10523	1	SCHEMEID
MTB10524	1	SCHEMEID
MTB10525	1	SCHEMEID
MTB10526	1	SCHEMEID
MTB10527	1	SCHEMEID
MTB10528	1	SCHEMEID
MTB10529	1	SCHEMEID
MTB10530	1	SCHEMEID
MTB10531	1	SCHEMEID
MTB10532	1	SCHEMEID
MTB10533	1	SCHEMEID
MTB10534	1	SCHEMEID
MTB10535	1	SCHEMEID
MTB10536	1	SCHEMEID
MTB10537	1	SCHEMEID
MTB10538	1	SCHEMEID
MTB10539	1	SCHEMEID
MTB10540	1	SCHEMEID
MTB10541	1	SCHEMEID
MTB10542	1	SCHEMEID
MTB10543	1	SCHEMEID
MTB10544	1	SCHEMEID
MTB10545	1	SCHEMEID
MTB10546	1	SCHEMEID
MTB10547	1	SCHEMEID
MTB10548	1	SCHEMEID
MTB10549	1	SCHEMEID
MTB10550	1	SCHEMEID
MTB10551	1	SCHEMEID
MTB10552	1	SCHEMEID
MTB10553	1	SCHEMEID
MTB10554	1	SCHEMEID
MTB10555	1	SCHEMEID
MTB10556	1	SCHEMEID
MTB10557	1	SCHEMEID
MTB10558	1	SCHEMEID
MTB10559	1	SCHEMEID
MTB10560	1	SCHEMEID
MTB10561	1	SCHEMEID
MTB10562	1	SCHEMEID
MTB10563	1	SCHEMEID
MTB10564	1	SCHEMEID
MTB10565	1	SCHEMEID
MTB10566	1	SCHEMEID
MTB10567	1	SCHEMEID
MTB10568	1	SCHEMEID
MTB10569	1	SCHEMEID
MTB10570	1	SCHEMEID
MTB10571	1	SCHEMEID
MTB10572	1	SCHEMEID
MTB10573	1	SCHEMEID
MTB10574	1	SCHEMEID
MTB10575	1	SCHEMEID
MTB10576	1	SCHEMEID
MTB10577	1	SCHEMEID
MTB10578	1	SCHEMEID
MTB10579	1	SCHEMEID
MTB10580	1	SCHEMEID
MTB10581	1	SCHEMEID
MTB10582	1	SCHEMEID
MTB10583	1	SCHEMEID
MTB10584	1	SCHEMEID
MTB10585	1	SCHEMEID
MTB10586	1	SCHEMEID
MTB10587	1	SCHEMEID
MTB10588	1	SCHEMEID
MTB10589	1	SCHEMEID
MTB10601	1	SCHEMEID
MTB10602	1	SCHEMEID
MTB10604	1	SCHEMEID
MTB10607	1	SCHEMEID
MTB10609	1	SCHEMEID
MTB10611	1	SCHEMEID
MTB10612	1	SCHEMEID
MTB10613	1	SCHEMEID
MTB10614	1	SCHEMEID
MTB10615	1	SCHEMEID
MTB10616	1	SCHEMEID
MTB10617	1	SCHEMEID
MTB10618	1	SCHEMEID
MTB10619	1	SCHEMEID
MTB10620	1	SCHEMEID
MTB10621	1	SCHEMEID
MTB10622	1	SCHEMEID
MTB10628	1	SCHEMEID
MTB10629	1	SCHEMEID
MTB10633	1	SCHEMEID
MTB10634	1	SCHEMEID
MTB10644	1	SCHEMEID
MTB10645	1	SCHEMEID
MTB10646	1	SCHEMEID
MTB10647	1	SCHEMEID
MTB10648	1	SCHEMEID
MTB10649	1	SCHEMEID
MTB10650	1	SCHEMEID
MTB10651	1	SCHEMEID
MTB10652	1	SCHEMEID
MTB10653	1	SCHEMEID
MTB10659	1	SCHEMEID
MTB10660	1	SCHEMEID
MTB10664	1	SCHEMEID
MTB10665	1	SCHEMEID
MTB10670	1	SCHEMEID
MTB10671	1	SCHEMEID
MTB10673	1	SCHEMEID
MTB10674	1	SCHEMEID
MTB10683	1	SCHEMEID
MTB10684	1	SCHEMEID
MTB10685	1	SCHEMEID
MTB10686	1	SCHEMEID
MTB10690	1	SCHEMEID
MTB10691	1	SCHEMEID
MTB10700	1	SCHEMEID
MTB10710	1	SCHEMEID
MTB10713	1	SCHEMEID
MTB10714	1	SCHEMEID
MTB10715	1	SCHEMEID
MTB10718	1	SCHEMEID
MTB10719	1	SCHEMEID
MTB10723	1	SCHEMEID
MTB10724	1	SCHEMEID
MTB10725	1	SCHEMEID
MTB10726	1	SCHEMEID
MTB10732	1	SCHEMEID
MTB10733	1	SCHEMEID
MTB10735	1	SCHEMEID
MTB10736	1	SCHEMEID
MTB10739	1	SCHEMEID
MTB10740	1	SCHEMEID
MTB10742	1	SCHEMEID
MTB10743	1	SCHEMEID
MTB10745	1	SCHEMEID
MTB10746	1	SCHEMEID
MTB10747	1	SCHEMEID
MTB10749	1	SCHEMEID
MTB10750	1	SCHEMEID
MTB10753	1	SCHEMEID
MTB10755	1	SCHEMEID
MTB10757	1	SCHEMEID
MTB10759	1	SCHEMEID
MTB10760	1	SCHEMEID
MTB10761	1	SCHEMEID
MTB10768	1	SCHEMEID
MTB10769	1	SCHEMEID
MTB10772	1	SCHEMEID
MTB10782	1	SCHEMEID
MTB10784	1	SCHEMEID
MTB10785	1	SCHEMEID
MTB10787	1	SCHEMEID
MTB10792	1	SCHEMEID
MTB10793	1	SCHEMEID
MTB10798	1	SCHEMEID
MTB10810	1	SCHEMEID
MTB10811	1	SCHEMEID
MTB10812	1	SCHEMEID
MTB10813	1	SCHEMEID
MTB10814	1	SCHEMEID
MTB10815	1	SCHEMEID
MTB10816	1	SCHEMEID
MTB10817	1	SCHEMEID
MTB10818	1	SCHEMEID
MTB10819	1	SCHEMEID
MTB10820	1	SCHEMEID
MTB10821	1	SCHEMEID
MTB10827	1	SCHEMEID
MTB10831	1	SCHEMEID
MTB10833	1	SCHEMEID
MTB10836	1	SCHEMEID
MTB10837	1	SCHEMEID
MTB10838	1	SCHEMEID
MTB10839	1	SCHEMEID
MTB10840	1	SCHEMEID
MTB10841	1	SCHEMEID
MTB10842	1	SCHEMEID
MTB10843	1	SCHEMEID
MTB10844	1	SCHEMEID
MTB10850	1	SCHEMEID
MTB10855	1	SCHEMEID
MTB10859	1	SCHEMEID
MTB10862	1	SCHEMEID
MTB10863	1	SCHEMEID
MTB10864	1	SCHEMEID
MTB10879	1	SCHEMEID
MTB10882	1	SCHEMEID
MTB10883	1	SCHEMEID
MTB10884	1	SCHEMEID
MTB10885	1	SCHEMEID
MTB10886	1	SCHEMEID
MTB10890	1	SCHEMEID
MTB10894	1	SCHEMEID
MTB10896	1	SCHEMEID
MTB10900	1	SCHEMEID
MTB10901	1	SCHEMEID
MTB10903	1	SCHEMEID
MTB10904	1	SCHEMEID
MTB10905	1	SCHEMEID
MTB10910	1	SCHEMEID
MTB10911	1	SCHEMEID
MTB10919	1	SCHEMEID
MTB10920	1	SCHEMEID
MTB10921	1	SCHEMEID
MTB10922	1	SCHEMEID
MTB10923	1	SCHEMEID
MTB10924	1	SCHEMEID
MTB10925	1	SCHEMEID
MTB10926	1	SCHEMEID
MTB10927	1	SCHEMEID
MTB10928	1	SCHEMEID
MTB10929	1	SCHEMEID
MTB10930	1	SCHEMEID
MTB10931	1	SCHEMEID
MTB10933	1	SCHEMEID
MTB10934	1	SCHEMEID
MTB10935	1	SCHEMEID
MTB10936	1	SCHEMEID
MTB10937	1	SCHEMEID
MTB10938	1	SCHEMEID
MTB10939	1	SCHEMEID
MTB10940	1	SCHEMEID
MTB10941	1	SCHEMEID
MTB10943	1	SCHEMEID
MTB10944	1	SCHEMEID
MTB10947	1	SCHEMEID
MTB10948	1	SCHEMEID
MTB10950	1	SCHEMEID
MTB10952	1	SCHEMEID
MTB10953	1	SCHEMEID
MTB10961	1	SCHEMEID
MTB10962	1	SCHEMEID
MTB10964	1	SCHEMEID
MTB10966	1	SCHEMEID
MTB10967	1	SCHEMEID
MTB10968	1	SCHEMEID
MTB10971	1	SCHEMEID
MTB10972	1	SCHEMEID
MTB10973	1	SCHEMEID
MTB10974	1	SCHEMEID
MTB10975	1	SCHEMEID
MTB10976	1	SCHEMEID
MTB10977	1	SCHEMEID
MTB10978	1	SCHEMEID
MTB10979	1	SCHEMEID
MTB10980	1	SCHEMEID
MTB10981	1	SCHEMEID
MTB10984	1	SCHEMEID
MTB10985	1	SCHEMEID
MTB10995	1	SCHEMEID
MTB10996	1	SCHEMEID
MTB10997	1	SCHEMEID
MTB10998	1	SCHEMEID
MTB10999	1	SCHEMEID
MTB11000	1	SCHEMEID
MTB11001	1	SCHEMEID
MTB11002	1	SCHEMEID
MTB11003	1	SCHEMEID
MTB11004	1	SCHEMEID
MTB11005	1	SCHEMEID
MTB11006	1	SCHEMEID
MTB11007	1	SCHEMEID
MTB11011	1	SCHEMEID
MTB11012	1	SCHEMEID
MTB11013	1	SCHEMEID
MTB11020	1	SCHEMEID
MTB11021	1	SCHEMEID
MTB11022	1	SCHEMEID
MTB11023	1	SCHEMEID
MTB11028	1	SCHEMEID
MTB11030	1	SCHEMEID
MTB11031	1	SCHEMEID
MTB11032	1	SCHEMEID
MTB11033	1	SCHEMEID
MTB11036	1	SCHEMEID
MTB11038	1	SCHEMEID
MTB11039	1	SCHEMEID
MTB11040	1	SCHEMEID
MTB11041	1	SCHEMEID
MTB11042	1	SCHEMEID
MTB11043	1	SCHEMEID
MTB11044	1	SCHEMEID
MTB11049	1	SCHEMEID
MTB11052	1	SCHEMEID
MTB11055	1	SCHEMEID
MTB11056	1	SCHEMEID
MTB11058	1	SCHEMEID
MTB11059	1	SCHEMEID
MTB11063	1	SCHEMEID
MTB11065	1	SCHEMEID
MTB11066	1	SCHEMEID
MTB11067	1	SCHEMEID
MTB11071	1	SCHEMEID
MTB11072	1	SCHEMEID
MTB11075	1	SCHEMEID
MTB11076	1	SCHEMEID
MTB11077	1	SCHEMEID
MTB11083	1	SCHEMEID
MTB11084	1	SCHEMEID
MTB11088	1	SCHEMEID
MTB11090	1	SCHEMEID
MTB11091	1	SCHEMEID
MTB11096	1	SCHEMEID
MTB11097	1	SCHEMEID
MTB11098	1	SCHEMEID
MTB11099	1	SCHEMEID
MTB11100	1	SCHEMEID
MTB11101	1	SCHEMEID
MTB11102	1	SCHEMEID
MTB11103	1	SCHEMEID
MTB11105	1	SCHEMEID
MTB11106	1	SCHEMEID
MTB11107	1	SCHEMEID
MTB11108	1	SCHEMEID
MTB11109	1	SCHEMEID
MTB11110	1	SCHEMEID
MTB11111	1	SCHEMEID
MTB11113	1	SCHEMEID
MTB11114	1	SCHEMEID
MTB11115	1	SCHEMEID
MTB11121	1	SCHEMEID
MTB11126	1	SCHEMEID
MTB11130	1	SCHEMEID
MTB11132	1	SCHEMEID
MTB11138	1	SCHEMEID
MTB11139	1	SCHEMEID
MTB11144	1	SCHEMEID
MTB11146	1	SCHEMEID
MTB11148	1	SCHEMEID
MTB11150	1	SCHEMEID
MTB11154	1	SCHEMEID
MTB11155	1	SCHEMEID
MTB11157	1	SCHEMEID
MTB11163	1	SCHEMEID
MTB11164	1	SCHEMEID
MTB11169	1	SCHEMEID
MTB11170	1	SCHEMEID
MTB11171	1	SCHEMEID
MTB11172	1	SCHEMEID
MTB11173	1	SCHEMEID
MTB11175	1	SCHEMEID
MTB11180	1	SCHEMEID
MTB11181	1	SCHEMEID
MTB11185	1	SCHEMEID
MTB11186	1	SCHEMEID
MTB11187	1	SCHEMEID
MTB11188	1	SCHEMEID
MTB11189	1	SCHEMEID
MTB11190	1	SCHEMEID
MTB11191	1	SCHEMEID
MTB11192	1	SCHEMEID
MTB11193	1	SCHEMEID
MTB11194	1	SCHEMEID
MTB11195	1	SCHEMEID
MTB11196	1	SCHEMEID
MTB11197	1	SCHEMEID
MTB11203	1	SCHEMEID
MTB11213	1	SCHEMEID
MTB11214	1	SCHEMEID
MTB11216	1	SCHEMEID
MTB11217	1	SCHEMEID
MTB11225	1	SCHEMEID
MTB11226	1	SCHEMEID
MTB11227	1	SCHEMEID
MTB11228	1	SCHEMEID
MTB11230	1	SCHEMEID
MTB11231	1	SCHEMEID
MTB11232	1	SCHEMEID
MTB11233	1	SCHEMEID
MTB11234	1	SCHEMEID
MTB11235	1	SCHEMEID
MTB11239	1	SCHEMEID
MTB11242	1	SCHEMEID
MTB11247	1	SCHEMEID
MTB11252	1	SCHEMEID
MTB11253	1	SCHEMEID
MTB11254	1	SCHEMEID
MTB11257	1	SCHEMEID
MTB11268	1	SCHEMEID
MTB11272	1	SCHEMEID
MTB11273	1	SCHEMEID
MTB11274	1	SCHEMEID
MTB11275	1	SCHEMEID
MTB11276	1	SCHEMEID
MTB11277	1	SCHEMEID
MTB11279	1	SCHEMEID
MTB11281	1	SCHEMEID
MTB11282	1	SCHEMEID
MTB11285	1	SCHEMEID
MTB11286	1	SCHEMEID
MTB11290	1	SCHEMEID
MTB11291	1	SCHEMEID
MTB11292	1	SCHEMEID
MTB11295	1	SCHEMEID
MTB11305	1	SCHEMEID
MTB11308	1	SCHEMEID
MTB11309	1	SCHEMEID
MTB11310	1	SCHEMEID
MTB11311	1	SCHEMEID
MTB11312	1	SCHEMEID
MTB11314	1	SCHEMEID
MTB11315	1	SCHEMEID
MTB11317	1	SCHEMEID
MTB11321	1	SCHEMEID
MTB11322	1	SCHEMEID
MTB11323	1	SCHEMEID
MTB11324	1	SCHEMEID
MTB11325	1	SCHEMEID
MTB11326	1	SCHEMEID
MTB11327	1	SCHEMEID
MTB11328	1	SCHEMEID
MTB11329	1	SCHEMEID
MTB11330	1	SCHEMEID
MTB11331	1	SCHEMEID
MTB11332	1	SCHEMEID
MTB11333	1	SCHEMEID
MTB11334	1	SCHEMEID
MTB11351	1	SCHEMEID
MTB11352	1	SCHEMEID
MTB11354	1	SCHEMEID
MTB11357	1	SCHEMEID
MTB11360	1	SCHEMEID
MTB11367	1	SCHEMEID
MTB11368	1	SCHEMEID
MTB11376	1	SCHEMEID
MTB11378	1	SCHEMEID
MTB11379	1	SCHEMEID
MTB11380	1	SCHEMEID
MTB11383	1	SCHEMEID
MTB11384	1	SCHEMEID
MTB11385	1	SCHEMEID
MTB11386	1	SCHEMEID
MTB11387	1	SCHEMEID
MTB11389	1	SCHEMEID
MTB11390	1	SCHEMEID
MTB11391	1	SCHEMEID
MTB11393	1	SCHEMEID
MTB11394	1	SCHEMEID
MTB11395	1	SCHEMEID
MTB11396	1	SCHEMEID
MTB11397	1	SCHEMEID
MTB11408	1	SCHEMEID
MTB11409	1	SCHEMEID
MTB11413	1	SCHEMEID
MTB11414	1	SCHEMEID
MTB11416	1	SCHEMEID
MTB11417	1	SCHEMEID
MTB11418	1	SCHEMEID
MTB11419	1	SCHEMEID
MTB11420	1	SCHEMEID
MTB11421	1	SCHEMEID
MTB11422	1	SCHEMEID
MTB11429	1	SCHEMEID
MTB11431	1	SCHEMEID
MTB11436	1	SCHEMEID
MTB11442	1	SCHEMEID
MTB11443	1	SCHEMEID
MTB11444	1	SCHEMEID
MTB11447	1	SCHEMEID
MTB11448	1	SCHEMEID
MTB11451	1	SCHEMEID
MTB11453	1	SCHEMEID
MTB11454	1	SCHEMEID
MTB11457	1	SCHEMEID
MTB11458	1	SCHEMEID
MTB11459	1	SCHEMEID
MTB11460	1	SCHEMEID
MTB11461	1	SCHEMEID
MTB11465	1	SCHEMEID
MTB11472	1	SCHEMEID
MTB11474	1	SCHEMEID
MTB11482	1	SCHEMEID
MTB11485	1	SCHEMEID
MTB11488	1	SCHEMEID
MTB11489	1	SCHEMEID
MTB11491	1	SCHEMEID
MTB11492	1	SCHEMEID
MTB11493	1	SCHEMEID
MTB11494	1	SCHEMEID
MTB11495	1	SCHEMEID
MTB11500	1	SCHEMEID
MTB11503	1	SCHEMEID
MTB11504	1	SCHEMEID
MTB11511	1	SCHEMEID
MTB11512	1	SCHEMEID
MTB11515	1	SCHEMEID
MTB11516	1	SCHEMEID
MTB11518	1	SCHEMEID
MTB11530	1	SCHEMEID
MTB11531	1	SCHEMEID
MTB11532	1	SCHEMEID
MTB11533	1	SCHEMEID
MTB11534	1	SCHEMEID
MTB11535	1	SCHEMEID
MTB11536	1	SCHEMEID
MTB11542	1	SCHEMEID
MTB11543	1	SCHEMEID
MTB11544	1	SCHEMEID
MTB11545	1	SCHEMEID
MTB11546	1	SCHEMEID
MTB11547	1	SCHEMEID
MTB11548	1	SCHEMEID
MTB11549	1	SCHEMEID
MTB11550	1	SCHEMEID
MTB11551	1	SCHEMEID
MTB11552	1	SCHEMEID
MTB11554	1	SCHEMEID
MTB11555	1	SCHEMEID
MTB11556	1	SCHEMEID
MTB11557	1	SCHEMEID
MTB11558	1	SCHEMEID
MTB11559	1	SCHEMEID
MTB11560	1	SCHEMEID
MTB11561	1	SCHEMEID
MTB11562	1	SCHEMEID
MTB11563	1	SCHEMEID
MTB11564	1	SCHEMEID
MTB11565	1	SCHEMEID
MTB11569	1	SCHEMEID
MTB11582	1	SCHEMEID
MTB11583	1	SCHEMEID
MTB11584	1	SCHEMEID
MTB11586	1	SCHEMEID
MTB11587	1	SCHEMEID
MTB11588	1	SCHEMEID
MTB11589	1	SCHEMEID
MTB11591	1	SCHEMEID
MTB11597	1	SCHEMEID
MTB11599	1	SCHEMEID
MTB11602	1	SCHEMEID
MTB11603	1	SCHEMEID
MTB11605	1	SCHEMEID
MTB11610	1	SCHEMEID
MTB11611	1	SCHEMEID
MTB11615	1	SCHEMEID
MTB11625	1	SCHEMEID
MTB11627	1	SCHEMEID
MTB11628	1	SCHEMEID
MTB11632	1	SCHEMEID
MTB11633	1	SCHEMEID
MTB11634	1	SCHEMEID
MTB11635	1	SCHEMEID
MTB11636	1	SCHEMEID
MTB11637	1	SCHEMEID
MTB11644	1	SCHEMEID
MTB11646	1	SCHEMEID
MTB11647	1	SCHEMEID
MTB11648	1	SCHEMEID
MTB11649	1	SCHEMEID
MTB11650	1	SCHEMEID
MTB11652	1	SCHEMEID
MTB11658	1	SCHEMEID
MTB11660	1	SCHEMEID
MTB11664	1	SCHEMEID
MTB11665	1	SCHEMEID
MTB11666	1	SCHEMEID
MTB11667	1	SCHEMEID
MTB11668	1	SCHEMEID
MTB11673	1	SCHEMEID
MTB11677	1	SCHEMEID
MTB11678	1	SCHEMEID
MTB11681	1	SCHEMEID
MTB11682	1	SCHEMEID
MTB11683	1	SCHEMEID
MTB11684	1	SCHEMEID
MTB11685	1	SCHEMEID
MTB11687	1	SCHEMEID
MTB11689	1	SCHEMEID
MTB11691	1	SCHEMEID
MTB11707	1	SCHEMEID
MTB11709	1	SCHEMEID
MTB11714	1	SCHEMEID
MTB11715	1	SCHEMEID
MTB11717	1	SCHEMEID
MTB11721	1	SCHEMEID
MTB11723	1	SCHEMEID
MTB11727	1	SCHEMEID
MTB11728	1	SCHEMEID
MTB11729	1	SCHEMEID
MTB11730	1	SCHEMEID
MTB11732	1	SCHEMEID
MTB11735	1	SCHEMEID
MTB11736	1	SCHEMEID
MTB11738	1	SCHEMEID
MTB11739	1	SCHEMEID
MTB11740	1	SCHEMEID
MTB11741	1	SCHEMEID
MTB11742	1	SCHEMEID
MTB11743	1	SCHEMEID
MTB11744	1	SCHEMEID
MTB11745	1	SCHEMEID
MTB11746	1	SCHEMEID
MTB11757	1	SCHEMEID
MTB11764	1	SCHEMEID
MTB11768	1	SCHEMEID
MTB11770	1	SCHEMEID
MTB11771	1	SCHEMEID
MTB11772	1	SCHEMEID
MTB11773	1	SCHEMEID
MTB11774	1	SCHEMEID
MTB11783	1	SCHEMEID
MTB11784	1	SCHEMEID
MTB11785	1	SCHEMEID
MTB11786	1	SCHEMEID
MTB11787	1	SCHEMEID
MTB11788	1	SCHEMEID
MTB11789	1	SCHEMEID
MTB11790	1	SCHEMEID
MTB11791	1	SCHEMEID
MTB11792	1	SCHEMEID
MTB11793	1	SCHEMEID
MTB11794	1	SCHEMEID
MTB11795	1	SCHEMEID
MTB11796	1	SCHEMEID
MTB11797	1	SCHEMEID
MTB11798	1	SCHEMEID
MTB11799	1	SCHEMEID
MTB11800	1	SCHEMEID
MTB11801	1	SCHEMEID
MTB11802	1	SCHEMEID
MTB11805	1	SCHEMEID
MTB11807	1	SCHEMEID
MTB11809	1	SCHEMEID
MTB11810	1	SCHEMEID
MTB11812	1	SCHEMEID
MTB11814	1	SCHEMEID
MTB11816	1	SCHEMEID
MTB11823	1	SCHEMEID
MTB11829	1	SCHEMEID
MTB11830	1	SCHEMEID
MTB11831	1	SCHEMEID
MTB11835	1	SCHEMEID
MTB11836	1	SCHEMEID
MTB11839	1	SCHEMEID
MTB11840	1	SCHEMEID
MTB11841	1	SCHEMEID
MTB11842	1	SCHEMEID
MTB11843	1	SCHEMEID
MTB11844	1	SCHEMEID
MTB11845	1	SCHEMEID
MTB11858	1	SCHEMEID
MTB11859	1	SCHEMEID
MTB11861	1	SCHEMEID
MTB11863	1	SCHEMEID
MTB11865	1	SCHEMEID
MTB11867	1	SCHEMEID
MTB11871	1	SCHEMEID
MTB11874	1	SCHEMEID
MTB11877	1	SCHEMEID
MTB11878	1	SCHEMEID
MTB11879	1	SCHEMEID
MTB11880	1	SCHEMEID
MTB11888	1	SCHEMEID
MTB11889	1	SCHEMEID
MTB11890	1	SCHEMEID
MTB11892	1	SCHEMEID
MTB11893	1	SCHEMEID
MTB11901	1	SCHEMEID
MTB11902	1	SCHEMEID
MTB11903	1	SCHEMEID
MTB11904	1	SCHEMEID
MTB11906	1	SCHEMEID
MTB11907	1	SCHEMEID
MTB11908	1	SCHEMEID
MTB11909	1	SCHEMEID
MTB11910	1	SCHEMEID
MTB11914	1	SCHEMEID
MTB11915	1	SCHEMEID
MTB11916	1	SCHEMEID
MTB11917	1	SCHEMEID
MTB11918	1	SCHEMEID
MTB11919	1	SCHEMEID
MTB11920	1	SCHEMEID
MTB11921	1	SCHEMEID
MTB11925	1	SCHEMEID
MTB11927	1	SCHEMEID
MTB11935	1	SCHEMEID
MTB11945	1	SCHEMEID
MTB11946	1	SCHEMEID
MTB11952	1	SCHEMEID
MTB11959	1	SCHEMEID
MTB11967	1	SCHEMEID
MTB11968	1	SCHEMEID
MTB11983	1	SCHEMEID
MTB11994	1	SCHEMEID
MTB11999	1	SCHEMEID
MTB12000	1	SCHEMEID
MTB12011	1	SCHEMEID
MTB12012	1	SCHEMEID
MTB12013	1	SCHEMEID
MTB12014	1	SCHEMEID
MTB12015	1	SCHEMEID
MTB12016	1	SCHEMEID
MTB12017	1	SCHEMEID
MTB12038	1	SCHEMEID
MTB12039	1	SCHEMEID
MTB12042	1	SCHEMEID
MTB12043	1	SCHEMEID
MTB12044	1	SCHEMEID
MTB12045	1	SCHEMEID
MTB12046	1	SCHEMEID
MTB12047	1	SCHEMEID
MTB12048	1	SCHEMEID
MTB12049	1	SCHEMEID
MTB12050	1	SCHEMEID
MTB12051	1	SCHEMEID
MTB12052	1	SCHEMEID
MTB12053	1	SCHEMEID
MTB12054	1	SCHEMEID
MTB12055	1	SCHEMEID
MTB12056	1	SCHEMEID
MTB12057	1	SCHEMEID
MTB12058	1	SCHEMEID
MTB12060	1	SCHEMEID
MTB12061	1	SCHEMEID
MTB12062	1	SCHEMEID
MTB12063	1	SCHEMEID
MTB12064	1	SCHEMEID
MTB12065	1	SCHEMEID
MTB12066	1	SCHEMEID
MTB12067	1	SCHEMEID
MTB12068	1	SCHEMEID
MTB12069	1	SCHEMEID
MTB12070	1	SCHEMEID
MTB12071	1	SCHEMEID
MTB12072	1	SCHEMEID
MTB12073	1	SCHEMEID
MTB12075	1	SCHEMEID
MTB12077	1	SCHEMEID
MTB12078	1	SCHEMEID
MTB12079	1	SCHEMEID
MTB12080	1	SCHEMEID
MTB12082	1	SCHEMEID
MTB12083	1	SCHEMEID
MTB12084	1	SCHEMEID
MTB12086	1	SCHEMEID
MTB12087	1	SCHEMEID
MTB12089	1	SCHEMEID
MTB12090	1	SCHEMEID
MTB12096	1	SCHEMEID
MTB12097	1	SCHEMEID
MTB12099	1	SCHEMEID
MTB12101	1	SCHEMEID
MTB12104	1	SCHEMEID
MTB12105	1	SCHEMEID
MTB12106	1	SCHEMEID
MTB12107	1	SCHEMEID
MTB12108	1	SCHEMEID
MTB12109	1	SCHEMEID
MTB12110	1	SCHEMEID
MTB12111	1	SCHEMEID
MTB12113	1	SCHEMEID
MTB12115	1	SCHEMEID
MTB12117	1	SCHEMEID
MTB12118	1	SCHEMEID
MTB12119	1	SCHEMEID
MTB12120	1	SCHEMEID
MTB12121	1	SCHEMEID
MTB12123	1	SCHEMEID
MTB12125	1	SCHEMEID
MTB12128	1	SCHEMEID
MTB12132	1	SCHEMEID
MTB12135	1	SCHEMEID
MTB12143	1	SCHEMEID
MTB12149	1	SCHEMEID
MTB12152	1	SCHEMEID
MTB12155	1	SCHEMEID
MTB12157	1	SCHEMEID
MTB12158	1	SCHEMEID
MTB12159	1	SCHEMEID
MTB12160	1	SCHEMEID
MTB12161	1	SCHEMEID
MTB12162	1	SCHEMEID
MTB12163	1	SCHEMEID
MTB12164	1	SCHEMEID
MTB12167	1	SCHEMEID
MTB12168	1	SCHEMEID
MTB12169	1	SCHEMEID
MTB12171	1	SCHEMEID
MTB12172	1	SCHEMEID
MTB12176	1	SCHEMEID
MTB12177	1	SCHEMEID
MTB12180	1	SCHEMEID
MTB12181	1	SCHEMEID
MTB12182	1	SCHEMEID
MTB12184	1	SCHEMEID
MTB12187	1	SCHEMEID
MTB12188	1	SCHEMEID
MTB12189	1	SCHEMEID
MTB12193	1	SCHEMEID
MTB12194	1	SCHEMEID
MTB12195	1	SCHEMEID
MTB12197	1	SCHEMEID
MTB12208	1	SCHEMEID
MTB12212	1	SCHEMEID
MTB12213	1	SCHEMEID
MTB12214	1	SCHEMEID
MTB12215	1	SCHEMEID
MTB12216	1	SCHEMEID
MTB12217	1	SCHEMEID
MTB12218	1	SCHEMEID
MTB12219	1	SCHEMEID
MTB12220	1	SCHEMEID
MTB12221	1	SCHEMEID
MTB12223	1	SCHEMEID
MTB12225	1	SCHEMEID
MTB12226	1	SCHEMEID
MTB12227	1	SCHEMEID
MTB12228	1	SCHEMEID
MTB12229	1	SCHEMEID
MTB12230	1	SCHEMEID
MTB12231	1	SCHEMEID
MTB12232	1	SCHEMEID
MTB12234	1	SCHEMEID
MTB12235	1	SCHEMEID
MTB12237	1	SCHEMEID
MTB12238	1	SCHEMEID
MTB12239	1	SCHEMEID
MTB12240	1	SCHEMEID
MTB12241	1	SCHEMEID
MTB12243	1	SCHEMEID
MTB12244	1	SCHEMEID
MTB12248	1	SCHEMEID
MTB12249	1	SCHEMEID
MTB12253	1	SCHEMEID
MTB12254	1	SCHEMEID
MTB12255	1	SCHEMEID
MTB12264	1	SCHEMEID
MTB12266	1	SCHEMEID
MTB12282	1	SCHEMEID
MTB12283	1	SCHEMEID
MTB12284	1	SCHEMEID
MTB12285	1	SCHEMEID
MTB12286	1	SCHEMEID
MTB12287	1	SCHEMEID
MTB12289	1	SCHEMEID
MTB12290	1	SCHEMEID
MTB12291	1	SCHEMEID
MTB12295	1	SCHEMEID
MTB12329	1	SCHEMEID
MTB12330	1	SCHEMEID
MTB12334	1	SCHEMEID
MTB12335	1	SCHEMEID
MTB12338	1	SCHEMEID
MTB12339	1	SCHEMEID
MTB12340	1	SCHEMEID
MTB12341	1	SCHEMEID
MTB12342	1	SCHEMEID
MTB12343	1	SCHEMEID
MTB12348	1	SCHEMEID
MTB12349	1	SCHEMEID
MTB12353	1	SCHEMEID
MTB12354	1	SCHEMEID
MTB12364	1	SCHEMEID
MTB12365	1	SCHEMEID
MTB12368	1	SCHEMEID
MTB12372	1	SCHEMEID
MTB12373	1	SCHEMEID
MTB12374	1	SCHEMEID
MTB12375	1	SCHEMEID
MTB12376	1	SCHEMEID
MTB12379	1	SCHEMEID
MTB12380	1	SCHEMEID
MTB12381	1	SCHEMEID
MTB12382	1	SCHEMEID
MTB12384	1	SCHEMEID
MTB12385	1	SCHEMEID
MTB12386	1	SCHEMEID
MTB12387	1	SCHEMEID
MTB12389	1	SCHEMEID
MTB12390	1	SCHEMEID
MTB12391	1	SCHEMEID
MTB12392	1	SCHEMEID
MTB12393	1	SCHEMEID
MTB12394	1	SCHEMEID
MTB12395	1	SCHEMEID
MTB12396	1	SCHEMEID
MTB12401	1	SCHEMEID
MTB12402	1	SCHEMEID
MTB12403	1	SCHEMEID
MTB12404	1	SCHEMEID
MTB12405	1	SCHEMEID
MTB12406	1	SCHEMEID
MTB12407	1	SCHEMEID
MTB12408	1	SCHEMEID
MTB12409	1	SCHEMEID
MTB12410	1	SCHEMEID
MTB12417	1	SCHEMEID
MTB12418	1	SCHEMEID
MTB12421	1	SCHEMEID
MTB12425	1	SCHEMEID
MTB12426	1	SCHEMEID
MTB12427	1	SCHEMEID
MTB12428	1	SCHEMEID
MTB12429	1	SCHEMEID
MTB12430	1	SCHEMEID
MTB12431	1	SCHEMEID
MTB12432	1	SCHEMEID
MTB12433	1	SCHEMEID
MTB12436	1	SCHEMEID
MTB12445	1	SCHEMEID
MTB12454	1	SCHEMEID
MTB12455	1	SCHEMEID
MTB12457	1	SCHEMEID
MTB12465	1	SCHEMEID
MTB12466	1	SCHEMEID
MTB12468	1	SCHEMEID
MTB12471	1	SCHEMEID
MTB12473	1	SCHEMEID
MTB12476	1	SCHEMEID
MTB12477	1	SCHEMEID
MTB12478	1	SCHEMEID
MTB12481	1	SCHEMEID
MTB12486	1	SCHEMEID
MTB12488	1	SCHEMEID
MTB12490	1	SCHEMEID
MTB12494	1	SCHEMEID
MTB12496	1	SCHEMEID
MTB12497	1	SCHEMEID
MTB12498	1	SCHEMEID
MTB12499	1	SCHEMEID
MTB12500	1	SCHEMEID
MTB12501	1	SCHEMEID
MTB12502	1	SCHEMEID
MTB12503	1	SCHEMEID
MTB12505	1	SCHEMEID
MTB12509	1	SCHEMEID
MTB12510	1	SCHEMEID
MTB12515	1	SCHEMEID
MTB12516	1	SCHEMEID
MTB12520	1	SCHEMEID
MTB12521	1	SCHEMEID
MTB12524	1	SCHEMEID
MTB12528	1	SCHEMEID
MTB12549	1	SCHEMEID
MTB12550	1	SCHEMEID
MTB12554	1	SCHEMEID
MTB12555	1	SCHEMEID
MTB12556	1	SCHEMEID
MTB12557	1	SCHEMEID
MTB12558	1	SCHEMEID
MTB12559	1	SCHEMEID
MTB12560	1	SCHEMEID
MTB12561	1	SCHEMEID
MTB12562	1	SCHEMEID
MTB12572	1	SCHEMEID
MTB12590	1	SCHEMEID
MTB12591	1	SCHEMEID
MTB12592	1	SCHEMEID
MTB12602	1	SCHEMEID
MTB12603	1	SCHEMEID
MTB12604	1	SCHEMEID
MTB12605	1	SCHEMEID
MTB12606	1	SCHEMEID
MTB12614	1	SCHEMEID
MTB12615	1	SCHEMEID
MTB12619	1	SCHEMEID
MTB12620	1	SCHEMEID
MTB12621	1	SCHEMEID
MTB12622	1	SCHEMEID
MTB12623	1	SCHEMEID
MTB12624	1	SCHEMEID
MTB12625	1	SCHEMEID
MTB12626	1	SCHEMEID
MTB12627	1	SCHEMEID
MTB12631	1	SCHEMEID
MTB12643	1	SCHEMEID
MTB12645	1	SCHEMEID
MTB12646	1	SCHEMEID
MTB12648	1	SCHEMEID
MTB12649	1	SCHEMEID
MTB12651	1	SCHEMEID
MTB12652	1	SCHEMEID
MTB12653	1	SCHEMEID
MTB12654	1	SCHEMEID
MTB12655	1	SCHEMEID
MTB12656	1	SCHEMEID
MTB12663	1	SCHEMEID
MTB12664	1	SCHEMEID
MTB12666	1	SCHEMEID
MTB12667	1	SCHEMEID
MTB12668	1	SCHEMEID
MTB12669	1	SCHEMEID
MTB12673	1	SCHEMEID
MTB12676	1	SCHEMEID
MTB12677	1	SCHEMEID
MTB12703	1	SCHEMEID
MTB12704	1	SCHEMEID
MTB12710	1	SCHEMEID
MTB12715	1	SCHEMEID
MTB12720	1	SCHEMEID
MTB12722	1	SCHEMEID
MTB12724	1	SCHEMEID
MTB12727	1	SCHEMEID
MTB12729	1	SCHEMEID
MTB12732	1	SCHEMEID
MTB12733	1	SCHEMEID
MTB12734	1	SCHEMEID
MTB12735	1	SCHEMEID
MTB12736	1	SCHEMEID
MTB12737	1	SCHEMEID
MTB12738	1	SCHEMEID
MTB12739	1	SCHEMEID
MTB12740	1	SCHEMEID
MTB12741	1	SCHEMEID
MTB12745	1	SCHEMEID
MTB12747	1	SCHEMEID
MTB12750	1	SCHEMEID
MTB12751	1	SCHEMEID
MTB12759	1	SCHEMEID
MTB12760	1	SCHEMEID
MTB12761	1	SCHEMEID
MTB12762	1	SCHEMEID
MTB12767	1	SCHEMEID
MTB12769	1	SCHEMEID
MTB12773	1	SCHEMEID
MTB12779	1	SCHEMEID
MTB12783	1	SCHEMEID
MTB12785	1	SCHEMEID
MTB12790	1	SCHEMEID
MTB12791	1	SCHEMEID
MTB12793	1	SCHEMEID
MTB12795	1	SCHEMEID
MTB12797	1	SCHEMEID
MTB12804	1	SCHEMEID
MTB12805	1	SCHEMEID
MTB12806	1	SCHEMEID
MTB12809	1	SCHEMEID
MTB12816	1	SCHEMEID
MTB12817	1	SCHEMEID
MTB12820	1	SCHEMEID
MTB12821	1	SCHEMEID
MTB12822	1	SCHEMEID
MTB12824	1	SCHEMEID
MTB12827	1	SCHEMEID
MTB12828	1	SCHEMEID
MTB12829	1	SCHEMEID
MTB12834	1	SCHEMEID
MTB12837	1	SCHEMEID
MTB12838	1	SCHEMEID
MTB12839	1	SCHEMEID
MTB12844	1	SCHEMEID
MTB12854	1	SCHEMEID
MTB12864	1	SCHEMEID
MTB12866	1	SCHEMEID
MTB12867	1	SCHEMEID
MTB12869	1	SCHEMEID
MTB12873	1	SCHEMEID
MTB12874	1	SCHEMEID
MTB12875	1	SCHEMEID
MTB12876	1	SCHEMEID
MTB12877	1	SCHEMEID
MTB12878	1	SCHEMEID
MTB12880	1	SCHEMEID
MTB12881	1	SCHEMEID
MTB12882	1	SCHEMEID
MTB12883	1	SCHEMEID
MTB12884	1	SCHEMEID
MTB12885	1	SCHEMEID
MTB12893	1	SCHEMEID
MTB12894	1	SCHEMEID
MTB12895	1	SCHEMEID
MTB12896	1	SCHEMEID
MTB12897	1	SCHEMEID
MTB12898	1	SCHEMEID
MTB12899	1	SCHEMEID
MTB12900	1	SCHEMEID
MTB12901	1	SCHEMEID
MTB12902	1	SCHEMEID
MTB12903	1	SCHEMEID
MTB12904	1	SCHEMEID
MTB12905	1	SCHEMEID
MTB12906	1	SCHEMEID
MTB12907	1	SCHEMEID
MTB12908	1	SCHEMEID
MTB12909	1	SCHEMEID
MTB12910	1	SCHEMEID
MTB12911	1	SCHEMEID
MTB12912	1	SCHEMEID
MTB12913	1	SCHEMEID
MTB12914	1	SCHEMEID
MTB12915	1	SCHEMEID
MTB12919	1	SCHEMEID
MTB12923	1	SCHEMEID
MTB12924	1	SCHEMEID
MTB12926	1	SCHEMEID
MTB12927	1	SCHEMEID
MTB12928	1	SCHEMEID
MTB12929	1	SCHEMEID
MTB12932	1	SCHEMEID
MTB12935	1	SCHEMEID
MTB12936	1	SCHEMEID
MTB12937	1	SCHEMEID
MTB12938	1	SCHEMEID
MTB12940	1	SCHEMEID
MTB12943	1	SCHEMEID
MTB12944	1	SCHEMEID
MTB12945	1	SCHEMEID
MTB12946	1	SCHEMEID
MTB12947	1	SCHEMEID
MTB12949	1	SCHEMEID
MTB12951	1	SCHEMEID
MTB12952	1	SCHEMEID
MTB12953	1	SCHEMEID
MTB12955	1	SCHEMEID
MTB12960	1	SCHEMEID
MTB12963	1	SCHEMEID
MTB12966	1	SCHEMEID
MTB12969	1	SCHEMEID
MTB12970	1	SCHEMEID
MTB12971	1	SCHEMEID
MTB12972	1	SCHEMEID
MTB12973	1	SCHEMEID
MTB12974	1	SCHEMEID
MTB12977	1	SCHEMEID
MTB12983	1	SCHEMEID
MTB12985	1	SCHEMEID
MTB12986	1	SCHEMEID
MTB12987	1	SCHEMEID
MTB12989	1	SCHEMEID
MTB12992	1	SCHEMEID
MTB12993	1	SCHEMEID
MTB12995	1	SCHEMEID
MTB12998	1	SCHEMEID
MTB12999	1	SCHEMEID
MTB13001	1	SCHEMEID
MTB13004	1	SCHEMEID
MTB13008	1	SCHEMEID
MTB13011	1	SCHEMEID
MTB13018	1	SCHEMEID
MTB13022	1	SCHEMEID
MTB13024	1	SCHEMEID
MTB13025	1	SCHEMEID
MTB13026	1	SCHEMEID
MTB13027	1	SCHEMEID
MTB13028	1	SCHEMEID
MTB13029	1	SCHEMEID
MTB13030	1	SCHEMEID
MTB13032	1	SCHEMEID
MTB13034	1	SCHEMEID
MTB13035	1	SCHEMEID
MTB13036	1	SCHEMEID
MTB13038	1	SCHEMEID
MTB13040	1	SCHEMEID
MTB13044	1	SCHEMEID
MTB13048	1	SCHEMEID
MTB13049	1	SCHEMEID
MTB13052	1	SCHEMEID
MTB13054	1	SCHEMEID
MTB13055	1	SCHEMEID
MTB13056	1	SCHEMEID
MTB13057	1	SCHEMEID
MTB13059	1	SCHEMEID
MTB13060	1	SCHEMEID
MTB13065	1	SCHEMEID
MTB13068	1	SCHEMEID
MTB13070	1	SCHEMEID
MTB13078	1	SCHEMEID
MTB13083	1	SCHEMEID
MTB13085	1	SCHEMEID
MTB13088	1	SCHEMEID
MTB13089	1	SCHEMEID
MTB13090	1	SCHEMEID
MTB13103	1	SCHEMEID
MTB13104	1	SCHEMEID
MTB13123	1	SCHEMEID
MTB13124	1	SCHEMEID
MTB13125	1	SCHEMEID
MTB13126	1	SCHEMEID
MTB13127	1	SCHEMEID
MTB13128	1	SCHEMEID
MTB13129	1	SCHEMEID
MTB13130	1	SCHEMEID
MTB13131	1	SCHEMEID
MTB13132	1	SCHEMEID
MTB13133	1	SCHEMEID
MTB13136	1	SCHEMEID
MTB13137	1	SCHEMEID
MTB13138	1	SCHEMEID
MTB13140	1	SCHEMEID
MTB13141	1	SCHEMEID
MTB13142	1	SCHEMEID
MTB13143	1	SCHEMEID
MTB13144	1	SCHEMEID
MTB13151	1	SCHEMEID
MTB13152	1	SCHEMEID
MTB13153	1	SCHEMEID
MTB13173	1	SCHEMEID
MTB13175	1	SCHEMEID
MTB13176	1	SCHEMEID
MTB13177	1	SCHEMEID
MTB13178	1	SCHEMEID
MTB13179	1	SCHEMEID
MTB13180	1	SCHEMEID
MTB13181	1	SCHEMEID
MTB13183	1	SCHEMEID
MTB13184	1	SCHEMEID
MTB13186	1	SCHEMEID
MTB13187	1	SCHEMEID
MTB13188	1	SCHEMEID
MTB13189	1	SCHEMEID
MTB13190	1	SCHEMEID
MTB13191	1	SCHEMEID
MTB13192	1	SCHEMEID
MTB13193	1	SCHEMEID
MTB13194	1	SCHEMEID
MTB13203	1	SCHEMEID
MTB13204	1	SCHEMEID
MTB13205	1	SCHEMEID
MTB13206	1	SCHEMEID
MTB13207	1	SCHEMEID
MTB13208	1	SCHEMEID
MTB13209	1	SCHEMEID
MTB13210	1	SCHEMEID
MTB13211	1	SCHEMEID
MTB13212	1	SCHEMEID
MTB13213	1	SCHEMEID
MTB13214	1	SCHEMEID
MTB13215	1	SCHEMEID
MTB13224	1	SCHEMEID
MTB13225	1	SCHEMEID
MTB13229	1	SCHEMEID
MTB13231	1	SCHEMEID
MTB13232	1	SCHEMEID
MTB13236	1	SCHEMEID
MTB13237	1	SCHEMEID
MTB13239	1	SCHEMEID
MTB13240	1	SCHEMEID
MTB13244	1	SCHEMEID
MTB13245	1	SCHEMEID
MTB13259	1	SCHEMEID
MTB13261	1	SCHEMEID
MTB13262	1	SCHEMEID
MTB13263	1	SCHEMEID
MTB13264	1	SCHEMEID
MTB13265	1	SCHEMEID
MTB13274	1	SCHEMEID
MTB13277	1	SCHEMEID
MTB13280	1	SCHEMEID
MTB13282	1	SCHEMEID
MTB13283	1	SCHEMEID
MTB13287	1	SCHEMEID
MTB13288	1	SCHEMEID
MTB13289	1	SCHEMEID
MTB13291	1	SCHEMEID
MTB13294	1	SCHEMEID
MTB13296	1	SCHEMEID
MTB13300	1	SCHEMEID
MTB13302	1	SCHEMEID
MTB13304	1	SCHEMEID
MTB13306	1	SCHEMEID
MTB13308	1	SCHEMEID
MTB13312	1	SCHEMEID
MTB13316	1	SCHEMEID
MTB13317	1	SCHEMEID
MTB13320	1	SCHEMEID
MTB13321	1	SCHEMEID
MTB13322	1	SCHEMEID
MTB13323	1	SCHEMEID
MTB13324	1	SCHEMEID
MTB13327	1	SCHEMEID
MTB13328	1	SCHEMEID
MTB13329	1	SCHEMEID
MTB13332	1	SCHEMEID
MTB13333	1	SCHEMEID
MTB13335	1	SCHEMEID
MTB13346	1	SCHEMEID
MTB13347	1	SCHEMEID
MTB13350	1	SCHEMEID
MTB13351	1	SCHEMEID
MTB13354	1	SCHEMEID
MTB13355	1	SCHEMEID
MTB13356	1	SCHEMEID
MTB13357	1	SCHEMEID
MTB13358	1	SCHEMEID
MTB13361	1	SCHEMEID
MTB13362	1	SCHEMEID
MTB13363	1	SCHEMEID
MTB13365	1	SCHEMEID
MTB13368	1	SCHEMEID
MTB13369	1	SCHEMEID
MTB13370	1	SCHEMEID
MTB13371	1	SCHEMEID
MTB13373	1	SCHEMEID
MTB13375	1	SCHEMEID
MTB13379	1	SCHEMEID
MTB13383	1	SCHEMEID
MTB13384	1	SCHEMEID
MTB13386	1	SCHEMEID
MTB13388	1	SCHEMEID
MTB13395	1	SCHEMEID
MTB13397	1	SCHEMEID
MTB13403	1	SCHEMEID
MTB13404	1	SCHEMEID
MTB13406	1	SCHEMEID
MTB13409	1	SCHEMEID
MTB13411	1	SCHEMEID
MTB13412	1	SCHEMEID
MTB13413	1	SCHEMEID
MTB13417	1	SCHEMEID
MTB13424	1	SCHEMEID
MTB13425	1	SCHEMEID
MTB13426	1	SCHEMEID
MTB13427	1	SCHEMEID
MTB13430	1	SCHEMEID
MTB13436	1	SCHEMEID
MTB13437	1	SCHEMEID
MTB13439	1	SCHEMEID
MTB13440	1	SCHEMEID
MTB13452	1	SCHEMEID
MTB13476	1	SCHEMEID
MTB13479	1	SCHEMEID
MTB13482	1	SCHEMEID
MTB13488	1	SCHEMEID
MTB13495	1	SCHEMEID
MTB13497	1	SCHEMEID
MTB13498	1	SCHEMEID
MTB13499	1	SCHEMEID
MTB13500	1	SCHEMEID
MTB13501	1	SCHEMEID
MTB13502	1	SCHEMEID
MTB13503	1	SCHEMEID
MTB13504	1	SCHEMEID
MTB13505	1	SCHEMEID
MTB13506	1	SCHEMEID
MTB13507	1	SCHEMEID
MTB13508	1	SCHEMEID
MTB13509	1	SCHEMEID
MTB13510	1	SCHEMEID
MTB13511	1	SCHEMEID
MTB13512	1	SCHEMEID
MTB13513	1	SCHEMEID
MTB13514	1	SCHEMEID
MTB13515	1	SCHEMEID
MTB13516	1	SCHEMEID
MTB13517	1	SCHEMEID
MTB13518	1	SCHEMEID
MTB13519	1	SCHEMEID
MTB13527	1	SCHEMEID
MTB13537	1	SCHEMEID
MTB13539	1	SCHEMEID
MTB13540	1	SCHEMEID
MTB13542	1	SCHEMEID
MTB13543	1	SCHEMEID
MTB13549	1	SCHEMEID
MTB13550	1	SCHEMEID
MTB13551	1	SCHEMEID
MTB13552	1	SCHEMEID
MTB13553	1	SCHEMEID
MTB13554	1	SCHEMEID
MTB13556	1	SCHEMEID
MTB13557	1	SCHEMEID
MTB13559	1	SCHEMEID
MTB13560	1	SCHEMEID
MTB13562	1	SCHEMEID
MTB13564	1	SCHEMEID
MTB13567	1	SCHEMEID
MTB13569	1	SCHEMEID
MTB13570	1	SCHEMEID
MTB13572	1	SCHEMEID
MTB13573	1	SCHEMEID
MTB13574	1	SCHEMEID
MTB13575	1	SCHEMEID
MTB13576	1	SCHEMEID
MTB13577	1	SCHEMEID
MTB13578	1	SCHEMEID
MTB13579	1	SCHEMEID
MTB13580	1	SCHEMEID
MTB13581	1	SCHEMEID
MTB13582	1	SCHEMEID
MTB13583	1	SCHEMEID
MTB13584	1	SCHEMEID
MTB13585	1	SCHEMEID
MTB13598	1	SCHEMEID
MTB13599	1	SCHEMEID
MTB13608	1	SCHEMEID
MTB13610	1	SCHEMEID
MTB13611	1	SCHEMEID
MTB13612	1	SCHEMEID
MTB13613	1	SCHEMEID
MTB13614	1	SCHEMEID
MTB13615	1	SCHEMEID
MTB13616	1	SCHEMEID
MTB13617	1	SCHEMEID
MTB13618	1	SCHEMEID
MTB13619	1	SCHEMEID
MTB13623	1	SCHEMEID
MTB13627	1	SCHEMEID
MTB13632	1	SCHEMEID
MTB13633	1	SCHEMEID
MTB13646	1	SCHEMEID
MTB13652	1	SCHEMEID
MTB13653	1	SCHEMEID
MTB13654	1	SCHEMEID
MTB13656	1	SCHEMEID
MTB13664	1	SCHEMEID
MTB13666	1	SCHEMEID
MTB13667	1	SCHEMEID
MTB13710	1	SCHEMEID
MTB13711	1	SCHEMEID
MTB13715	1	SCHEMEID
MTB13722	1	SCHEMEID
MTB13732	1	SCHEMEID
MTB13733	1	SCHEMEID
MTB13735	1	SCHEMEID
MTB13736	1	SCHEMEID
MTB13737	1	SCHEMEID
MTB13738	1	SCHEMEID
MTB13743	1	SCHEMEID
MTB13744	1	SCHEMEID
MTB13745	1	SCHEMEID
MTB13746	1	SCHEMEID
MTB13747	1	SCHEMEID
MTB13748	1	SCHEMEID
MTB13749	1	SCHEMEID
MTB13758	1	SCHEMEID
MTB13761	1	SCHEMEID
MTB13763	1	SCHEMEID
MTB13764	1	SCHEMEID
MTB13766	1	SCHEMEID
MTB13768	1	SCHEMEID
MTB13769	1	SCHEMEID
MTB13772	1	SCHEMEID
MTB13774	1	SCHEMEID
MTB13777	1	SCHEMEID
MTB13778	1	SCHEMEID
MTB13779	1	SCHEMEID
MTB13781	1	SCHEMEID
MTB13782	1	SCHEMEID
MTB13783	1	SCHEMEID
MTB13789	1	SCHEMEID
MTB13790	1	SCHEMEID
MTB13791	1	SCHEMEID
MTB13799	1	SCHEMEID
MTB13800	1	SCHEMEID
MTB13801	1	SCHEMEID
MTB13802	1	SCHEMEID
MTB13805	1	SCHEMEID
MTB13808	1	SCHEMEID
MTB13814	1	SCHEMEID
MTB13815	1	SCHEMEID
MTB13818	1	SCHEMEID
MTB13819	1	SCHEMEID
MTB13820	1	SCHEMEID
MTB13821	1	SCHEMEID
MTB13822	1	SCHEMEID
MTB13824	1	SCHEMEID
MTB13825	1	SCHEMEID
MTB13826	1	SCHEMEID
MTB13827	1	SCHEMEID
MTB13828	1	SCHEMEID
MTB13829	1	SCHEMEID
MTB13830	1	SCHEMEID
MTB13831	1	SCHEMEID
MTB13834	1	SCHEMEID
MTB13837	1	SCHEMEID
MTB13838	1	SCHEMEID
MTB13839	1	SCHEMEID
MTB13843	1	SCHEMEID
MTB13844	1	SCHEMEID
MTB13845	1	SCHEMEID
MTB13847	1	SCHEMEID
MTB13850	1	SCHEMEID
MTB13852	1	SCHEMEID
MTB13854	1	SCHEMEID
MTB13855	1	SCHEMEID
MTB13856	1	SCHEMEID
MTB13858	1	SCHEMEID
MTB13859	1	SCHEMEID
MTB13861	1	SCHEMEID
MTB13865	1	SCHEMEID
MTB13870	1	SCHEMEID
MTB13871	1	SCHEMEID
MTB13872	1	SCHEMEID
MTB13873	1	SCHEMEID
MTB13874	1	SCHEMEID
MTB13875	1	SCHEMEID
MTB13881	1	SCHEMEID
MTB13882	1	SCHEMEID
MTB13883	1	SCHEMEID
MTB13884	1	SCHEMEID
MTB13885	1	SCHEMEID
MTB13886	1	SCHEMEID
MTB13887	1	SCHEMEID
MTB13888	1	SCHEMEID
MTB13889	1	SCHEMEID
MTB13890	1	SCHEMEID
MTB13891	1	SCHEMEID
MTB13892	1	SCHEMEID
MTB13895	1	SCHEMEID
MTB13896	1	SCHEMEID
MTB13897	1	SCHEMEID
MTB13898	1	SCHEMEID
MTB13899	1	SCHEMEID
MTB13900	1	SCHEMEID
MTB13901	1	SCHEMEID
MTB13902	1	SCHEMEID
MTB13903	1	SCHEMEID
MTB13904	1	SCHEMEID
MTB13905	1	SCHEMEID
MTB13906	1	SCHEMEID
MTB13907	1	SCHEMEID
MTB13908	1	SCHEMEID
MTB13909	1	SCHEMEID
MTB13910	1	SCHEMEID
MTB13911	1	SCHEMEID
MTB13912	1	SCHEMEID
MTB13913	1	SCHEMEID
MTB13914	1	SCHEMEID
MTB13915	1	SCHEMEID
MTB13916	1	SCHEMEID
MTB13917	1	SCHEMEID
MTB13918	1	SCHEMEID
MTB13919	1	SCHEMEID
MTB13920	1	SCHEMEID
MTB13921	1	SCHEMEID
MTB13922	1	SCHEMEID
MTB13923	1	SCHEMEID
MTB13924	1	SCHEMEID
MTB13925	1	SCHEMEID
MTB13927	1	SCHEMEID
MTB13928	1	SCHEMEID
MTB13932	1	SCHEMEID
MTB13933	1	SCHEMEID
MTB13934	1	SCHEMEID
MTB13935	1	SCHEMEID
MTB13936	1	SCHEMEID
MTB13937	1	SCHEMEID
MTB13938	1	SCHEMEID
MTB13941	1	SCHEMEID
MTB13942	1	SCHEMEID
MTB13943	1	SCHEMEID
MTB13944	1	SCHEMEID
MTB13946	1	SCHEMEID
MTB13947	1	SCHEMEID
MTB13952	1	SCHEMEID
MTB13953	1	SCHEMEID
MTB13961	1	SCHEMEID
MTB13962	1	SCHEMEID
MTB13964	1	SCHEMEID
MTB13965	1	SCHEMEID
MTB13966	1	SCHEMEID
MTB13967	1	SCHEMEID
MTB13968	1	SCHEMEID
MTB13969	1	SCHEMEID
MTB14020	1	SCHEMEID
MTB14029	1	SCHEMEID
MTB14031	1	SCHEMEID
MTB14032	1	SCHEMEID
MTB14033	1	SCHEMEID
MTB14035	1	SCHEMEID
MTB14041	1	SCHEMEID
MTB14042	1	SCHEMEID
MTB14043	1	SCHEMEID
MTB14044	1	SCHEMEID
MTB14051	1	SCHEMEID
MTB14052	1	SCHEMEID
MTB14053	1	SCHEMEID
MTB14054	1	SCHEMEID
MTB14056	1	SCHEMEID
MTB14057	1	SCHEMEID
MTB14059	1	SCHEMEID
MTB14060	1	SCHEMEID
MTB14065	1	SCHEMEID
MTB14066	1	SCHEMEID
MTB14073	1	SCHEMEID
MTB14077	1	SCHEMEID
MTB14078	1	SCHEMEID
MTB14085	1	SCHEMEID
MTB14090	1	SCHEMEID
MTB14091	1	SCHEMEID
MTB14092	1	SCHEMEID
MTB14093	1	SCHEMEID
MTB14094	1	SCHEMEID
MTB14095	1	SCHEMEID
MTB14096	1	SCHEMEID
MTB14097	1	SCHEMEID
MTB14098	1	SCHEMEID
MTB14099	1	SCHEMEID
MTB14100	1	SCHEMEID
MTB14101	1	SCHEMEID
MTB14102	1	SCHEMEID
MTB14106	1	SCHEMEID
MTB14109	1	SCHEMEID
MTB14111	1	SCHEMEID
MTB14112	1	SCHEMEID
MTB14113	1	SCHEMEID
MTB14121	1	SCHEMEID
MTB14122	1	SCHEMEID
MTB14124	1	SCHEMEID
MTB14131	1	SCHEMEID
MTB14134	1	SCHEMEID
MTB14137	1	SCHEMEID
MTB14140	1	SCHEMEID
MTB14142	1	SCHEMEID
MTB14145	1	SCHEMEID
MTB14151	1	SCHEMEID
MTB14152	1	SCHEMEID
MTB14153	1	SCHEMEID
MTB14154	1	SCHEMEID
MTB14164	1	SCHEMEID
MTB14165	1	SCHEMEID
MTB14174	1	SCHEMEID
MTB14175	1	SCHEMEID
MTB14176	1	SCHEMEID
MTB14178	1	SCHEMEID
MTB14179	1	SCHEMEID
MTB14180	1	SCHEMEID
MTB14181	1	SCHEMEID
MTB14182	1	SCHEMEID
MTB14183	1	SCHEMEID
MTB14188	1	SCHEMEID
MTB14191	1	SCHEMEID
MTB14192	1	SCHEMEID
MTB14193	1	SCHEMEID
MTB14194	1	SCHEMEID
MTB14195	1	SCHEMEID
MTB14196	1	SCHEMEID
MTB14197	1	SCHEMEID
MTB14198	1	SCHEMEID
MTB14199	1	SCHEMEID
MTB14200	1	SCHEMEID
MTB14201	1	SCHEMEID
MTB14202	1	SCHEMEID
MTB14203	1	SCHEMEID
MTB14205	1	SCHEMEID
MTB14208	1	SCHEMEID
MTB14210	1	SCHEMEID
MTB14211	1	SCHEMEID
MTB14212	1	SCHEMEID
MTB14213	1	SCHEMEID
MTB14215	1	SCHEMEID
MTB14223	1	SCHEMEID
MTB14224	1	SCHEMEID
MTB14225	1	SCHEMEID
MTB14233	1	SCHEMEID
MTB14234	1	SCHEMEID
MTB14236	1	SCHEMEID
MTB14238	1	SCHEMEID
MTB14241	1	SCHEMEID
MTB14242	1	SCHEMEID
MTB14243	1	SCHEMEID
MTB14244	1	SCHEMEID
MTB14245	1	SCHEMEID
MTB14250	1	SCHEMEID
MTB14252	1	SCHEMEID
MTB14253	1	SCHEMEID
MTB14259	1	SCHEMEID
MTB14264	1	SCHEMEID
MTB14265	1	SCHEMEID
MTB14266	1	SCHEMEID
MTB14267	1	SCHEMEID
MTB14268	1	SCHEMEID
MTB14269	1	SCHEMEID
MTB14270	1	SCHEMEID
MTB14271	1	SCHEMEID
MTB14272	1	SCHEMEID
MTB14273	1	SCHEMEID
MTB14278	1	SCHEMEID
MTB14279	1	SCHEMEID
MTB14280	1	SCHEMEID
MTB14281	1	SCHEMEID
MTB14282	1	SCHEMEID
MTB14283	1	SCHEMEID
MTB14284	1	SCHEMEID
MTB14285	1	SCHEMEID
MTB14286	1	SCHEMEID
MTB14287	1	SCHEMEID
MTB14288	1	SCHEMEID
MTB14289	1	SCHEMEID
MTB14290	1	SCHEMEID
MTB14292	1	SCHEMEID
MTB14294	1	SCHEMEID
MTB14302	1	SCHEMEID
MTB14305	1	SCHEMEID
MTB14310	1	SCHEMEID
MTB14317	1	SCHEMEID
MTB14325	1	SCHEMEID
MTB14326	1	SCHEMEID
MTB14327	1	SCHEMEID
MTB14329	1	SCHEMEID
MTB14340	1	SCHEMEID
MTB14343	1	SCHEMEID
MTB14344	1	SCHEMEID
MTB14348	1	SCHEMEID
MTB14349	1	SCHEMEID
MTB14350	1	SCHEMEID
MTB14351	1	SCHEMEID
MTB14367	1	SCHEMEID
MTB14369	1	SCHEMEID
MTB14370	1	SCHEMEID
MTB14382	1	SCHEMEID
MTB14383	1	SCHEMEID
MTB14384	1	SCHEMEID
MTB14385	1	SCHEMEID
MTB14389	1	SCHEMEID
MTB14393	1	SCHEMEID
MTB14394	1	SCHEMEID
MTB14395	1	SCHEMEID
MTB14396	1	SCHEMEID
MTB14399	1	SCHEMEID
MTB14400	1	SCHEMEID
MTB14404	1	SCHEMEID
MTB14405	1	SCHEMEID
MTB14407	1	SCHEMEID
MTB14408	1	SCHEMEID
MTB14409	1	SCHEMEID
MTB14411	1	SCHEMEID
MTB14413	1	SCHEMEID
MTB14414	1	SCHEMEID
MTB14416	1	SCHEMEID
MTB14417	1	SCHEMEID
MTB14422	1	SCHEMEID
MTB14423	1	SCHEMEID
MTB14424	1	SCHEMEID
MTB14425	1	SCHEMEID
MTB14428	1	SCHEMEID
MTB14429	1	SCHEMEID
MTB14430	1	SCHEMEID
MTB14431	1	SCHEMEID
MTB14432	1	SCHEMEID
MTB14434	1	SCHEMEID
MTB14435	1	SCHEMEID
MTB14440	1	SCHEMEID
MTB14441	1	SCHEMEID
MTB14442	1	SCHEMEID
MTB14452	1	SCHEMEID
MTB14453	1	SCHEMEID
MTB14455	1	SCHEMEID
MTB14459	1	SCHEMEID
MTB14460	1	SCHEMEID
MTB14469	1	SCHEMEID
MTB14470	1	SCHEMEID
MTB14472	1	SCHEMEID
MTB14473	1	SCHEMEID
MTB14474	1	SCHEMEID
MTB14475	1	SCHEMEID
MTB14476	1	SCHEMEID
MTB14480	1	SCHEMEID
MTB14482	1	SCHEMEID
MTB14485	1	SCHEMEID
MTB14486	1	SCHEMEID
MTB14491	1	SCHEMEID
MTB14492	1	SCHEMEID
MTB14495	1	SCHEMEID
MTB14497	1	SCHEMEID
MTB14503	1	SCHEMEID
MTB14504	1	SCHEMEID
MTB14505	1	SCHEMEID
MTB14506	1	SCHEMEID
MTB14507	1	SCHEMEID
MTB14508	1	SCHEMEID
MTB14509	1	SCHEMEID
MTB14510	1	SCHEMEID
MTB14525	1	SCHEMEID
MTB14528	1	SCHEMEID
MTB14533	1	SCHEMEID
MTB14534	1	SCHEMEID
MTB14537	1	SCHEMEID
MTB14538	1	SCHEMEID
MTB14539	1	SCHEMEID
MTB14540	1	SCHEMEID
MTB14541	1	SCHEMEID
MTB14544	1	SCHEMEID
MTB14545	1	SCHEMEID
MTB14547	1	SCHEMEID
MTB14549	1	SCHEMEID
MTB14550	1	SCHEMEID
MTB14551	1	SCHEMEID
MTB14553	1	SCHEMEID
MTB14554	1	SCHEMEID
MTB14555	1	SCHEMEID
MTB14556	1	SCHEMEID
MTB14557	1	SCHEMEID
MTB14560	1	SCHEMEID
MTB14561	1	SCHEMEID
MTB14562	1	SCHEMEID
MTB14563	1	SCHEMEID
MTB14565	1	SCHEMEID
MTB14566	1	SCHEMEID
MTB14567	1	SCHEMEID
MTB14569	1	SCHEMEID
MTB14570	1	SCHEMEID
MTB14571	1	SCHEMEID
MTB14573	1	SCHEMEID
MTB14574	1	SCHEMEID
MTB14575	1	SCHEMEID
MTB14576	1	SCHEMEID
MTB14578	1	SCHEMEID
MTB14581	1	SCHEMEID
MTB14586	1	SCHEMEID
MTB14588	1	SCHEMEID
MTB14590	1	SCHEMEID
MTB14591	1	SCHEMEID
MTB14597	1	SCHEMEID
MTB14606	1	SCHEMEID
MTB14627	1	SCHEMEID
MTB14628	1	SCHEMEID
MTB14630	1	SCHEMEID
MTB14633	1	SCHEMEID
MTB14635	1	SCHEMEID
MTB14636	1	SCHEMEID
MTB14637	1	SCHEMEID
MTB14638	1	SCHEMEID
MTB14647	1	SCHEMEID
MTB14650	1	SCHEMEID
MTB14658	1	SCHEMEID
MTB14659	1	SCHEMEID
MTB14660	1	SCHEMEID
MTB14661	1	SCHEMEID
MTB14662	1	SCHEMEID
MTB14663	1	SCHEMEID
MTB14666	1	SCHEMEID
MTB14667	1	SCHEMEID
MTB14670	1	SCHEMEID
MTB14671	1	SCHEMEID
MTB14672	1	SCHEMEID
MTB14673	1	SCHEMEID
MTB14674	1	SCHEMEID
MTB14675	1	SCHEMEID
MTB14676	1	SCHEMEID
MTB14677	1	SCHEMEID
MTB14678	1	SCHEMEID
MTB14682	1	SCHEMEID
MTB14706	1	SCHEMEID
MTB14709	1	SCHEMEID
MTB14710	1	SCHEMEID
MTB14714	1	SCHEMEID
MTB14717	1	SCHEMEID
MTB14723	1	SCHEMEID
MTB14724	1	SCHEMEID
MTB14725	1	SCHEMEID
MTB14726	1	SCHEMEID
MTB14742	1	SCHEMEID
MTB14743	1	SCHEMEID
MTB14744	1	SCHEMEID
MTB14745	1	SCHEMEID
MTB14760	1	SCHEMEID
MTB14763	1	SCHEMEID
MTB14766	1	SCHEMEID
MTB14768	1	SCHEMEID
MTB14770	1	SCHEMEID
MTB14772	1	SCHEMEID
MTB14774	1	SCHEMEID
MTB14778	1	SCHEMEID
MTB14780	1	SCHEMEID
MTB14781	1	SCHEMEID
MTB14783	1	SCHEMEID
MTB14784	1	SCHEMEID
MTB14785	1	SCHEMEID
MTB14788	1	SCHEMEID
MTB14790	1	SCHEMEID
MTB14791	1	SCHEMEID
MTB14796	1	SCHEMEID
MTB14797	1	SCHEMEID
MTB14798	1	SCHEMEID
MTB14799	1	SCHEMEID
MTB14806	1	SCHEMEID
MTB14807	1	SCHEMEID
MTB14808	1	SCHEMEID
MTB14809	1	SCHEMEID
MTB14810	1	SCHEMEID
MTB14811	1	SCHEMEID
MTB14814	1	SCHEMEID
MTB14817	1	SCHEMEID
MTB14818	1	SCHEMEID
MTB14822	1	SCHEMEID
MTB14827	1	SCHEMEID
MTB14830	1	SCHEMEID
MTB14831	1	SCHEMEID
MTB14832	1	SCHEMEID
MTB14833	1	SCHEMEID
MTB14834	1	SCHEMEID
MTB14835	1	SCHEMEID
MTB14836	1	SCHEMEID
MTB14837	1	SCHEMEID
MTB14838	1	SCHEMEID
MTB14839	1	SCHEMEID
MTB14840	1	SCHEMEID
MTB14841	1	SCHEMEID
MTB14860	1	SCHEMEID
MTB14868	1	SCHEMEID
MTB14870	1	SCHEMEID
MTB14874	1	SCHEMEID
MTB14875	1	SCHEMEID
MTB14878	1	SCHEMEID
MTB14882	1	SCHEMEID
MTB14893	1	SCHEMEID
MTB14895	1	SCHEMEID
MTB14896	1	SCHEMEID
MTB14897	1	SCHEMEID
MTB14898	1	SCHEMEID
MTB14901	1	SCHEMEID
MTB14902	1	SCHEMEID
MTB14905	1	SCHEMEID
MTB14907	1	SCHEMEID
MTB14909	1	SCHEMEID
MTB14911	1	SCHEMEID
MTB14914	1	SCHEMEID
MTB14917	1	SCHEMEID
MTB14918	1	SCHEMEID
MTB14919	1	SCHEMEID
MTB14920	1	SCHEMEID
MTB14921	1	SCHEMEID
MTB14922	1	SCHEMEID
MTB14928	1	SCHEMEID
MTB14960	1	SCHEMEID
MTB14963	1	SCHEMEID
MTB14967	1	SCHEMEID
MTB14968	1	SCHEMEID
MTB14971	1	SCHEMEID
MTB14972	1	SCHEMEID
MTB14973	1	SCHEMEID
MTB14974	1	SCHEMEID
MTB14980	1	SCHEMEID
MTB14982	1	SCHEMEID
MTB14983	1	SCHEMEID
MTB14984	1	SCHEMEID
MTB14987	1	SCHEMEID
MTB14989	1	SCHEMEID
MTB14991	1	SCHEMEID
MTB14998	1	SCHEMEID
MTB14999	1	SCHEMEID
MTB15000	1	SCHEMEID
MTB15001	1	SCHEMEID
MTB15009	1	SCHEMEID
MTB15010	1	SCHEMEID
MTB15011	1	SCHEMEID
MTB15012	1	SCHEMEID
MTB15024	1	SCHEMEID
MTB15036	1	SCHEMEID
MTB15041	1	SCHEMEID
MTB15042	1	SCHEMEID
MTB15043	1	SCHEMEID
MTB15044	1	SCHEMEID
MTB15045	1	SCHEMEID
MTB15046	1	SCHEMEID
MTB15050	1	SCHEMEID
MTB15051	1	SCHEMEID
MTB15052	1	SCHEMEID
MTB15053	1	SCHEMEID
MTB15054	1	SCHEMEID
MTB15055	1	SCHEMEID
MTB15056	1	SCHEMEID
MTB15061	1	SCHEMEID
MTB15062	1	SCHEMEID
MTB15063	1	SCHEMEID
MTB15064	1	SCHEMEID
MTB15065	1	SCHEMEID
MTB15068	1	SCHEMEID
MTB15069	1	SCHEMEID
MTB15071	1	SCHEMEID
MTB15072	1	SCHEMEID
MTB15074	1	SCHEMEID
MTB15075	1	SCHEMEID
MTB15076	1	SCHEMEID
MTB15077	1	SCHEMEID
MTB15078	1	SCHEMEID
MTB15079	1	SCHEMEID
MTB15084	1	SCHEMEID
MTB15086	1	SCHEMEID
MTB15092	1	SCHEMEID
MTB15093	1	SCHEMEID
MTB15095	1	SCHEMEID
MTB15097	1	SCHEMEID
MTB15098	1	SCHEMEID
MTB15111	1	SCHEMEID
MTB15115	1	SCHEMEID
MTB15129	1	SCHEMEID
MTB15130	1	SCHEMEID
MTB15131	1	SCHEMEID
MTB15134	1	SCHEMEID
MTB15142	1	SCHEMEID
MTB15143	1	SCHEMEID
MTB15144	1	SCHEMEID
MTB15145	1	SCHEMEID
MTB15146	1	SCHEMEID
MTB15151	1	SCHEMEID
MTB15156	1	SCHEMEID
MTB15157	1	SCHEMEID
MTB15162	1	SCHEMEID
MTB15164	1	SCHEMEID
MTB15165	1	SCHEMEID
MTB15166	1	SCHEMEID
MTB15167	1	SCHEMEID
MTB15168	1	SCHEMEID
MTB15173	1	SCHEMEID
MTB15174	1	SCHEMEID
MTB15179	1	SCHEMEID
MTB15184	1	SCHEMEID
MTB15185	1	SCHEMEID
MTB15193	1	SCHEMEID
MTB15197	1	SCHEMEID
MTB15198	1	SCHEMEID
MTB15199	1	SCHEMEID
MTB15200	1	SCHEMEID
MTB15201	1	SCHEMEID
MTB15210	1	SCHEMEID
MTB15213	1	SCHEMEID
MTB15214	1	SCHEMEID
MTB15218	1	SCHEMEID
MTB15220	1	SCHEMEID
MTB15221	1	SCHEMEID
MTB15222	1	SCHEMEID
MTB15223	1	SCHEMEID
MTB15224	1	SCHEMEID
MTB15225	1	SCHEMEID
MTB15226	1	SCHEMEID
MTB15227	1	SCHEMEID
MTB15228	1	SCHEMEID
MTB15229	1	SCHEMEID
MTB15230	1	SCHEMEID
MTB15231	1	SCHEMEID
MTB15232	1	SCHEMEID
MTB15233	1	SCHEMEID
MTB15234	1	SCHEMEID
MTB15235	1	SCHEMEID
MTB15236	1	SCHEMEID
MTB15237	1	SCHEMEID
MTB15238	1	SCHEMEID
MTB15239	1	SCHEMEID
MTB15240	1	SCHEMEID
MTB15241	1	SCHEMEID
MTB15242	1	SCHEMEID
MTB15244	1	SCHEMEID
MTB15250	1	SCHEMEID
MTB15251	1	SCHEMEID
MTB15258	1	SCHEMEID
MTB15263	1	SCHEMEID
MTB15266	1	SCHEMEID
MTB15267	1	SCHEMEID
MTB15269	1	SCHEMEID
MTB15270	1	SCHEMEID
MTB15271	1	SCHEMEID
MTB15272	1	SCHEMEID
MTB15273	1	SCHEMEID
MTB15289	1	SCHEMEID
MTB15290	1	SCHEMEID
MTB15291	1	SCHEMEID
MTB15292	1	SCHEMEID
MTB15298	1	SCHEMEID
MTB15299	1	SCHEMEID
MTB15301	1	SCHEMEID
MTB15312	1	SCHEMEID
MTB15315	1	SCHEMEID
MTB15325	1	SCHEMEID
MTB15327	1	SCHEMEID
MTB15331	1	SCHEMEID
MTB15334	1	SCHEMEID
MTB15336	1	SCHEMEID
MTB15340	1	SCHEMEID
MTB15345	1	SCHEMEID
MTB15346	1	SCHEMEID
MTB15362	1	SCHEMEID
MTB15364	1	SCHEMEID
MTB15365	1	SCHEMEID
MTB15366	1	SCHEMEID
MTB15367	1	SCHEMEID
MTB15368	1	SCHEMEID
MTB15369	1	SCHEMEID
MTB15370	1	SCHEMEID
MTB15371	1	SCHEMEID
MTB15372	1	SCHEMEID
MTB15373	1	SCHEMEID
MTB15374	1	SCHEMEID
MTB15376	1	SCHEMEID
MTB15377	1	SCHEMEID
MTB15379	1	SCHEMEID
MTB15380	1	SCHEMEID
MTB15382	1	SCHEMEID
MTB15384	1	SCHEMEID
MTB15389	1	SCHEMEID
MTB15391	1	SCHEMEID
MTB15392	1	SCHEMEID
MTB15395	1	SCHEMEID
MTB15400	1	SCHEMEID
MTB15404	1	SCHEMEID
MTB15405	1	SCHEMEID
MTB15406	1	SCHEMEID
MTB15407	1	SCHEMEID
MTB15411	1	SCHEMEID
MTB15418	1	SCHEMEID
MTB15419	1	SCHEMEID
MTB15420	1	SCHEMEID
MTB15421	1	SCHEMEID
MTB15422	1	SCHEMEID
MTB15423	1	SCHEMEID
MTB15424	1	SCHEMEID
MTB15425	1	SCHEMEID
MTB15433	1	SCHEMEID
MTB15434	1	SCHEMEID
MTB15435	1	SCHEMEID
MTB15436	1	SCHEMEID
MTB15437	1	SCHEMEID
MTB15440	1	SCHEMEID
MTB15441	1	SCHEMEID
MTB15449	1	SCHEMEID
MTB15451	1	SCHEMEID
MTB15463	1	SCHEMEID
MTB15464	1	SCHEMEID
MTB15466	1	SCHEMEID
MTB15467	1	SCHEMEID
MTB15468	1	SCHEMEID
MTB15476	1	SCHEMEID
MTB15477	1	SCHEMEID
MTB15480	1	SCHEMEID
MTB15481	1	SCHEMEID
MTB15482	1	SCHEMEID
MTB15484	1	SCHEMEID
MTB15485	1	SCHEMEID
MTB15487	1	SCHEMEID
MTB15489	1	SCHEMEID
MTB15490	1	SCHEMEID
MTB15491	1	SCHEMEID
MTB15492	1	SCHEMEID
MTB15493	1	SCHEMEID
MTB15494	1	SCHEMEID
MTB15495	1	SCHEMEID
MTB15498	1	SCHEMEID
MTB15499	1	SCHEMEID
MTB15500	1	SCHEMEID
MTB15501	1	SCHEMEID
MTB15502	1	SCHEMEID
MTB15503	1	SCHEMEID
MTB15507	1	SCHEMEID
MTB15508	1	SCHEMEID
MTB15511	1	SCHEMEID
MTB15518	1	SCHEMEID
MTB15519	1	SCHEMEID
MTB15520	1	SCHEMEID
MTB15521	1	SCHEMEID
MTB15524	1	SCHEMEID
MTB15527	1	SCHEMEID
MTB15544	1	SCHEMEID
MTB15545	1	SCHEMEID
MTB15546	1	SCHEMEID
MTB15547	1	SCHEMEID
MTB15549	1	SCHEMEID
MTB15552	1	SCHEMEID
MTB15554	1	SCHEMEID
MTB15555	1	SCHEMEID
MTB15556	1	SCHEMEID
MTB15557	1	SCHEMEID
MTB15558	1	SCHEMEID
MTB15559	1	SCHEMEID
MTB15560	1	SCHEMEID
MTB15567	1	SCHEMEID
MTB15568	1	SCHEMEID
MTB15571	1	SCHEMEID
MTB15572	1	SCHEMEID
MTB15573	1	SCHEMEID
MTB15582	1	SCHEMEID
MTB15584	1	SCHEMEID
MTB15585	1	SCHEMEID
MTB15586	1	SCHEMEID
MTB15587	1	SCHEMEID
MTB15588	1	SCHEMEID
MTB15589	1	SCHEMEID
MTB15590	1	SCHEMEID
MTB15591	1	SCHEMEID
MTB15592	1	SCHEMEID
MTB15593	1	SCHEMEID
MTB15594	1	SCHEMEID
MTB15606	1	SCHEMEID
MTB15607	1	SCHEMEID
MTB15608	1	SCHEMEID
MTB15609	1	SCHEMEID
MTB15610	1	SCHEMEID
MTB15611	1	SCHEMEID
MTB15615	1	SCHEMEID
MTB15618	1	SCHEMEID
MTB15632	1	SCHEMEID
MTB15633	1	SCHEMEID
MTB15634	1	SCHEMEID
MTB15636	1	SCHEMEID
MTB15641	1	SCHEMEID
MTB15642	1	SCHEMEID
MTB15643	1	SCHEMEID
MTB15644	1	SCHEMEID
MTB15645	1	SCHEMEID
MTB15646	1	SCHEMEID
MTB15647	1	SCHEMEID
MTB15648	1	SCHEMEID
MTB15649	1	SCHEMEID
MTB15650	1	SCHEMEID
MTB15651	1	SCHEMEID
MTB15652	1	SCHEMEID
MTB15653	1	SCHEMEID
MTB15654	1	SCHEMEID
MTB15655	1	SCHEMEID
MTB15656	1	SCHEMEID
MTB15657	1	SCHEMEID
MTB15658	1	SCHEMEID
MTB15673	1	SCHEMEID
MTB15674	1	SCHEMEID
MTB15675	1	SCHEMEID
MTB15677	1	SCHEMEID
MTB15678	1	SCHEMEID
MTB15679	1	SCHEMEID
MTB15680	1	SCHEMEID
MTB15682	1	SCHEMEID
MTB15685	1	SCHEMEID
MTB15688	1	SCHEMEID
MTB15689	1	SCHEMEID
MTB15690	1	SCHEMEID
MTB15691	1	SCHEMEID
MTB15692	1	SCHEMEID
MTB15695	1	SCHEMEID
MTB15705	1	SCHEMEID
MTB15707	1	SCHEMEID
MTB15708	1	SCHEMEID
MTB15709	1	SCHEMEID
MTB15711	1	SCHEMEID
MTB15714	1	SCHEMEID
MTB15720	1	SCHEMEID
MTB15726	1	SCHEMEID
MTB15727	1	SCHEMEID
MTB15728	1	SCHEMEID
MTB15729	1	SCHEMEID
MTB15736	1	SCHEMEID
MTB15739	1	SCHEMEID
MTB15740	1	SCHEMEID
MTB15741	1	SCHEMEID
MTB15742	1	SCHEMEID
MTB15743	1	SCHEMEID
MTB15745	1	SCHEMEID
MTB15748	1	SCHEMEID
MTB15752	1	SCHEMEID
MTB15756	1	SCHEMEID
MTB15758	1	SCHEMEID
MTB15761	1	SCHEMEID
MTB15762	1	SCHEMEID
MTB15767	1	SCHEMEID
MTB15768	1	SCHEMEID
MTB15769	1	SCHEMEID
MTB15770	1	SCHEMEID
MTB15771	1	SCHEMEID
MTB15772	1	SCHEMEID
MTB15775	1	SCHEMEID
MTB15776	1	SCHEMEID
MTB15778	1	SCHEMEID
MTB15779	1	SCHEMEID
MTB15780	1	SCHEMEID
MTB15781	1	SCHEMEID
MTB15782	1	SCHEMEID
MTB15786	1	SCHEMEID
MTB15787	1	SCHEMEID
MTB15793	1	SCHEMEID
MTB15794	1	SCHEMEID
MTB15795	1	SCHEMEID
MTB15796	1	SCHEMEID
MTB15797	1	SCHEMEID
MTB15808	1	SCHEMEID
MTB15813	1	SCHEMEID
MTB15814	1	SCHEMEID
MTB15815	1	SCHEMEID
MTB15816	1	SCHEMEID
MTB15817	1	SCHEMEID
MTB15818	1	SCHEMEID
MTB15819	1	SCHEMEID
MTB15820	1	SCHEMEID
MTB15821	1	SCHEMEID
MTB15822	1	SCHEMEID
MTB15823	1	SCHEMEID
MTB15824	1	SCHEMEID
MTB15825	1	SCHEMEID
MTB15826	1	SCHEMEID
MTB15836	1	SCHEMEID
MTB15837	1	SCHEMEID
MTB15838	1	SCHEMEID
MTB15855	1	SCHEMEID
MTB15857	1	SCHEMEID
MTB15858	1	SCHEMEID
MTB15867	1	SCHEMEID
MTB15868	1	SCHEMEID
MTB15869	1	SCHEMEID
MTB15870	1	SCHEMEID
MTB15871	1	SCHEMEID
MTB15872	1	SCHEMEID
MTB15873	1	SCHEMEID
MTB15874	1	SCHEMEID
MTB15875	1	SCHEMEID
MTB15876	1	SCHEMEID
MTB15877	1	SCHEMEID
MTB15878	1	SCHEMEID
MTB15879	1	SCHEMEID
MTB15880	1	SCHEMEID
MTB15886	1	SCHEMEID
MTB15888	1	SCHEMEID
MTB15889	1	SCHEMEID
MTB15894	1	SCHEMEID
MTB15897	1	SCHEMEID
MTB15901	1	SCHEMEID
MTB15902	1	SCHEMEID
MTB15903	1	SCHEMEID
MTB15904	1	SCHEMEID
MTB15905	1	SCHEMEID
MTB15906	1	SCHEMEID
MTB15907	1	SCHEMEID
MTB15909	1	SCHEMEID
MTB15910	1	SCHEMEID
MTB15917	1	SCHEMEID
MTB15918	1	SCHEMEID
MTB15921	1	SCHEMEID
MTB15922	1	SCHEMEID
MTB15923	1	SCHEMEID
MTB15924	1	SCHEMEID
MTB15925	1	SCHEMEID
MTB15927	1	SCHEMEID
MTB15931	1	SCHEMEID
MTB15933	1	SCHEMEID
MTB15937	1	SCHEMEID
MTB15938	1	SCHEMEID
MTB15939	1	SCHEMEID
MTB15940	1	SCHEMEID
MTB15941	1	SCHEMEID
MTB15942	1	SCHEMEID
MTB15943	1	SCHEMEID
MTB15944	1	SCHEMEID
MTB15945	1	SCHEMEID
MTB15946	1	SCHEMEID
MTB15948	1	SCHEMEID
MTB15949	1	SCHEMEID
MTB15950	1	SCHEMEID
MTB15957	1	SCHEMEID
MTB15958	1	SCHEMEID
MTB15960	1	SCHEMEID
MTB15961	1	SCHEMEID
MTB15962	1	SCHEMEID
MTB15964	1	SCHEMEID
MTB15965	1	SCHEMEID
MTB15966	1	SCHEMEID
MTB15967	1	SCHEMEID
MTB15968	1	SCHEMEID
MTB15969	1	SCHEMEID
MTB15970	1	SCHEMEID
MTB15973	1	SCHEMEID
MTB15974	1	SCHEMEID
MTB15975	1	SCHEMEID
MTB15976	1	SCHEMEID
MTB15979	1	SCHEMEID
MTB15983	1	SCHEMEID
MTB15984	1	SCHEMEID
MTB15988	1	SCHEMEID
MTB16001	1	SCHEMEID
MTB16002	1	SCHEMEID
MTB16021	1	SCHEMEID
MTB16025	1	SCHEMEID
MTB16027	1	SCHEMEID
MTB16030	1	SCHEMEID
MTB16037	1	SCHEMEID
MTB16040	1	SCHEMEID
MTB16041	1	SCHEMEID
MTB16042	1	SCHEMEID
MTB16043	1	SCHEMEID
MTB16051	1	SCHEMEID
MTB16052	1	SCHEMEID
MTB16060	1	SCHEMEID
MTB16063	1	SCHEMEID
MTB16064	1	SCHEMEID
MTB16065	1	SCHEMEID
MTB16073	1	SCHEMEID
MTB16076	1	SCHEMEID
MTB16077	1	SCHEMEID
MTB16079	1	SCHEMEID
MTB16080	1	SCHEMEID
MTB16086	1	SCHEMEID
MTB16087	1	SCHEMEID
MTB16088	1	SCHEMEID
MTB16095	1	SCHEMEID
MTB16097	1	SCHEMEID
MTB16099	1	SCHEMEID
MTB16100	1	SCHEMEID
MTB16114	1	SCHEMEID
MTB16126	1	SCHEMEID
MTB16138	1	SCHEMEID
MTB16140	1	SCHEMEID
MTB16144	1	SCHEMEID
MTB16145	1	SCHEMEID
MTB16147	1	SCHEMEID
MTB16148	1	SCHEMEID
MTB16149	1	SCHEMEID
MTB16155	1	SCHEMEID
MTB16171	1	SCHEMEID
MTB16172	1	SCHEMEID
MTB16179	1	SCHEMEID
MTB16180	1	SCHEMEID
MTB16184	1	SCHEMEID
MTB16187	1	SCHEMEID
MTB16188	1	SCHEMEID
MTB16191	1	SCHEMEID
MTB16193	1	SCHEMEID
MTB16195	1	SCHEMEID
MTB16196	1	SCHEMEID
MTB16204	1	SCHEMEID
MTB16205	1	SCHEMEID
MTB16206	1	SCHEMEID
MTB16207	1	SCHEMEID
MTB16210	1	SCHEMEID
MTB16212	1	SCHEMEID
MTB16214	1	SCHEMEID
MTB16215	1	SCHEMEID
MTB16225	1	SCHEMEID
MTB16226	1	SCHEMEID
MTB16231	1	SCHEMEID
MTB16235	1	SCHEMEID
MTB16236	1	SCHEMEID
MTB16239	1	SCHEMEID
MTB16240	1	SCHEMEID
MTB16241	1	SCHEMEID
MTB16243	1	SCHEMEID
MTB16244	1	SCHEMEID
MTB16245	1	SCHEMEID
MTB16247	1	SCHEMEID
MTB16250	1	SCHEMEID
MTB16252	1	SCHEMEID
MTB16253	1	SCHEMEID
MTB16254	1	SCHEMEID
MTB16255	1	SCHEMEID
MTB16256	1	SCHEMEID
MTB16260	1	SCHEMEID
MTB16261	1	SCHEMEID
MTB16262	1	SCHEMEID
MTB16264	1	SCHEMEID
MTB16266	1	SCHEMEID
MTB16267	1	SCHEMEID
MTB16269	1	SCHEMEID
MTB16271	1	SCHEMEID
MTB16284	1	SCHEMEID
MTB16296	1	SCHEMEID
MTB16297	1	SCHEMEID
MTB16298	1	SCHEMEID
MTB16299	1	SCHEMEID
MTB16303	1	SCHEMEID
MTB16304	1	SCHEMEID
MTB16305	1	SCHEMEID
MTB16306	1	SCHEMEID
MTB16307	1	SCHEMEID
MTB16308	1	SCHEMEID
MTB16309	1	SCHEMEID
MTB16314	1	SCHEMEID
MTB16316	1	SCHEMEID
MTB16321	1	SCHEMEID
MTB16333	1	SCHEMEID
MTB16343	1	SCHEMEID
MTB16344	1	SCHEMEID
MTB16350	1	SCHEMEID
MTB16355	1	SCHEMEID
MTB16378	1	SCHEMEID
MTB16379	1	SCHEMEID
MTB16385	1	SCHEMEID
MTB16386	1	SCHEMEID
MTB16387	1	SCHEMEID
MTB16388	1	SCHEMEID
MTB16393	1	SCHEMEID
MTB16396	1	SCHEMEID
MTB16405	1	SCHEMEID
MTB16407	1	SCHEMEID
MTB16410	1	SCHEMEID
MTB16412	1	SCHEMEID
MTB16413	1	SCHEMEID
MTB16424	1	SCHEMEID
MTB16425	1	SCHEMEID
MTB16437	1	SCHEMEID
MTB16438	1	SCHEMEID
MTB16439	1	SCHEMEID
MTB16440	1	SCHEMEID
MTB16443	1	SCHEMEID
MTB16449	1	SCHEMEID
MTB16452	1	SCHEMEID
MTB16453	1	SCHEMEID
MTB16454	1	SCHEMEID
MTB16474	1	SCHEMEID
MTB16476	1	SCHEMEID
MTB16487	1	SCHEMEID
MTB16488	1	SCHEMEID
MTB16489	1	SCHEMEID
MTB16490	1	SCHEMEID
MTB16491	1	SCHEMEID
MTB16495	1	SCHEMEID
MTB16499	1	SCHEMEID
MTB16501	1	SCHEMEID
MTB16505	1	SCHEMEID
MTB16506	1	SCHEMEID
MTB16510	1	SCHEMEID
MTB16511	1	SCHEMEID
MTB16512	1	SCHEMEID
MTB16516	1	SCHEMEID
MTB16517	1	SCHEMEID
MTB16524	1	SCHEMEID
MTB16525	1	SCHEMEID
MTB16526	1	SCHEMEID
MTB16530	1	SCHEMEID
MTB16549	1	SCHEMEID
MTB16551	1	SCHEMEID
MTB16555	1	SCHEMEID
MTB16556	1	SCHEMEID
MTB16557	1	SCHEMEID
MTB16558	1	SCHEMEID
MTB16559	1	SCHEMEID
MTB16564	1	SCHEMEID
MTB16566	1	SCHEMEID
MTB16571	1	SCHEMEID
MTB16573	1	SCHEMEID
MTB16575	1	SCHEMEID
MTB16579	1	SCHEMEID
MTB16585	1	SCHEMEID
MTB16589	1	SCHEMEID
MTB16590	1	SCHEMEID
MTB16591	1	SCHEMEID
MTB16597	1	SCHEMEID
MTB16600	1	SCHEMEID
MTB16605	1	SCHEMEID
MTB16609	1	SCHEMEID
MTB16612	1	SCHEMEID
MTB16617	1	SCHEMEID
MTB16618	1	SCHEMEID
MTB16619	1	SCHEMEID
MTB16631	1	SCHEMEID
MTB16637	1	SCHEMEID
MTB16638	1	SCHEMEID
MTB16641	1	SCHEMEID
MTB16643	1	SCHEMEID
MTB16644	1	SCHEMEID
MTB16645	1	SCHEMEID
MTB16646	1	SCHEMEID
MTB16649	1	SCHEMEID
MTB16656	1	SCHEMEID
MTB16660	1	SCHEMEID
MTB16661	1	SCHEMEID
MTB16664	1	SCHEMEID
MTB16667	1	SCHEMEID
MTB16668	1	SCHEMEID
MTB16670	1	SCHEMEID
MTB16673	1	SCHEMEID
MTB16675	1	SCHEMEID
MTB16676	1	SCHEMEID
MTB16677	1	SCHEMEID
MTB16678	1	SCHEMEID
MTB16680	1	SCHEMEID
MTB16681	1	SCHEMEID
MTB16689	1	SCHEMEID
MTB16691	1	SCHEMEID
MTB16692	1	SCHEMEID
MTB16693	1	SCHEMEID
MTB16694	1	SCHEMEID
MTB16695	1	SCHEMEID
MTB16696	1	SCHEMEID
MTB16697	1	SCHEMEID
MTB16698	1	SCHEMEID
MTB16699	1	SCHEMEID
MTB16700	1	SCHEMEID
MTB16701	1	SCHEMEID
MTB16720	1	SCHEMEID
MTB16721	1	SCHEMEID
MTB16722	1	SCHEMEID
MTB16726	1	SCHEMEID
MTB16727	1	SCHEMEID
MTB16734	1	SCHEMEID
MTB16735	1	SCHEMEID
MTB16736	1	SCHEMEID
MTB16737	1	SCHEMEID
MTB16738	1	SCHEMEID
MTB16739	1	SCHEMEID
MTB16740	1	SCHEMEID
MTB16743	1	SCHEMEID
MTB16744	1	SCHEMEID
MTB16745	1	SCHEMEID
MTB16746	1	SCHEMEID
MTB16751	1	SCHEMEID
MTB16753	1	SCHEMEID
MTB16754	1	SCHEMEID
MTB16755	1	SCHEMEID
MTB16756	1	SCHEMEID
MTB16757	1	SCHEMEID
MTB16758	1	SCHEMEID
MTB16763	1	SCHEMEID
MTB16764	1	SCHEMEID
MTB16765	1	SCHEMEID
MTB16766	1	SCHEMEID
MTB16767	1	SCHEMEID
MTB16768	1	SCHEMEID
MTB16769	1	SCHEMEID
MTB16770	1	SCHEMEID
MTB16779	1	SCHEMEID
MTB16781	1	SCHEMEID
MTB16782	1	SCHEMEID
MTB16783	1	SCHEMEID
MTB16795	1	SCHEMEID
MTB16801	1	SCHEMEID
MTB16811	1	SCHEMEID
MTB16812	1	SCHEMEID
MTB16813	1	SCHEMEID
MTB16817	1	SCHEMEID
MTB16818	1	SCHEMEID
MTB16821	1	SCHEMEID
MTB16822	1	SCHEMEID
MTB16826	1	SCHEMEID
MTB16827	1	SCHEMEID
MTB16828	1	SCHEMEID
MTB16829	1	SCHEMEID
MTB16832	1	SCHEMEID
MTB16833	1	SCHEMEID
MTB16834	1	SCHEMEID
MTB16835	1	SCHEMEID
MTB16836	1	SCHEMEID
MTB16838	1	SCHEMEID
MTB16839	1	SCHEMEID
MTB16840	1	SCHEMEID
MTB16841	1	SCHEMEID
MTB16842	1	SCHEMEID
MTB16843	1	SCHEMEID
MTB16844	1	SCHEMEID
MTB16845	1	SCHEMEID
MTB16849	1	SCHEMEID
MTB16850	1	SCHEMEID
MTB16851	1	SCHEMEID
MTB16852	1	SCHEMEID
MTB16853	1	SCHEMEID
MTB16854	1	SCHEMEID
MTB16855	1	SCHEMEID
MTB16856	1	SCHEMEID
MTB16857	1	SCHEMEID
MTB16858	1	SCHEMEID
MTB16859	1	SCHEMEID
MTB16860	1	SCHEMEID
MTB16861	1	SCHEMEID
MTB16862	1	SCHEMEID
MTB16863	1	SCHEMEID
MTB16864	1	SCHEMEID
MTB16866	1	SCHEMEID
MTB16867	1	SCHEMEID
MTB16868	1	SCHEMEID
MTB16869	1	SCHEMEID
MTB16875	1	SCHEMEID
MTB16876	1	SCHEMEID
MTB16877	1	SCHEMEID
MTB16878	1	SCHEMEID
MTB16881	1	SCHEMEID
MTB16882	1	SCHEMEID
MTB16883	1	SCHEMEID
MTB16884	1	SCHEMEID
MTB16887	1	SCHEMEID
MTB16892	1	SCHEMEID
MTB16893	1	SCHEMEID
MTB16899	1	SCHEMEID
MTB16900	1	SCHEMEID
MTB16903	1	SCHEMEID
MTB16904	1	SCHEMEID
MTB16905	1	SCHEMEID
MTB16906	1	SCHEMEID
MTB16907	1	SCHEMEID
MTB16908	1	SCHEMEID
MTB16910	1	SCHEMEID
MTB16913	1	SCHEMEID
MTB16914	1	SCHEMEID
MTB16919	1	SCHEMEID
MTB16920	1	SCHEMEID
MTB16921	1	SCHEMEID
MTB16923	1	SCHEMEID
MTB16924	1	SCHEMEID
MTB16925	1	SCHEMEID
MTB16928	1	SCHEMEID
MTB16930	1	SCHEMEID
MTB16931	1	SCHEMEID
MTB16934	1	SCHEMEID
MTB16935	1	SCHEMEID
MTB16938	1	SCHEMEID
MTB16942	1	SCHEMEID
MTB16947	1	SCHEMEID
MTB16949	1	SCHEMEID
MTB16950	1	SCHEMEID
MTB16952	1	SCHEMEID
MTB16956	1	SCHEMEID
MTB16957	1	SCHEMEID
MTB16958	1	SCHEMEID
MTB16960	1	SCHEMEID
MTB16962	1	SCHEMEID
MTB16963	1	SCHEMEID
MTB16964	1	SCHEMEID
MTB16965	1	SCHEMEID
MTB16967	1	SCHEMEID
MTB16968	1	SCHEMEID
MTB16970	1	SCHEMEID
MTB16971	1	SCHEMEID
MTB16972	1	SCHEMEID
MTB16980	1	SCHEMEID
MTB16994	1	SCHEMEID
MTB16999	1	SCHEMEID
MTB17002	1	SCHEMEID
MTB17005	1	SCHEMEID
MTB17007	1	SCHEMEID
MTB17011	1	SCHEMEID
MTB17012	1	SCHEMEID
MTB17017	1	SCHEMEID
MTB17018	1	SCHEMEID
MTB17021	1	SCHEMEID
MTB17025	1	SCHEMEID
MTB17026	1	SCHEMEID
MTB17030	1	SCHEMEID
MTB17031	1	SCHEMEID
MTB17032	1	SCHEMEID
MTB17036	1	SCHEMEID
MTB17037	1	SCHEMEID
MTB17042	1	SCHEMEID
MTB17043	1	SCHEMEID
MTB17044	1	SCHEMEID
MTB17046	1	SCHEMEID
MTB17052	1	SCHEMEID
MTB17053	1	SCHEMEID
MTB17054	1	SCHEMEID
MTB17057	1	SCHEMEID
MTB17058	1	SCHEMEID
MTB17059	1	SCHEMEID
MTB17065	1	SCHEMEID
MTB17066	1	SCHEMEID
MTB17067	1	SCHEMEID
MTB17068	1	SCHEMEID
MTB17069	1	SCHEMEID
MTB17070	1	SCHEMEID
MTB17073	1	SCHEMEID
MTB17074	1	SCHEMEID
MTB17076	1	SCHEMEID
MTB17077	1	SCHEMEID
MTB17078	1	SCHEMEID
MTB17079	1	SCHEMEID
MTB17081	1	SCHEMEID
MTB17082	1	SCHEMEID
MTB17086	1	SCHEMEID
MTB17088	1	SCHEMEID
MTB17089	1	SCHEMEID
MTB17090	1	SCHEMEID
MTB17094	1	SCHEMEID
MTB17095	1	SCHEMEID
MTB17099	1	SCHEMEID
MTB17101	1	SCHEMEID
MTB17105	1	SCHEMEID
MTB17106	1	SCHEMEID
MTB17108	1	SCHEMEID
MTB17116	1	SCHEMEID
MTB17118	1	SCHEMEID
MTB17124	1	SCHEMEID
MTB17125	1	SCHEMEID
MTB17131	1	SCHEMEID
MTB17132	1	SCHEMEID
MTB17133	1	SCHEMEID
MTB17134	1	SCHEMEID
MTB17135	1	SCHEMEID
MTB17136	1	SCHEMEID
MTB17141	1	SCHEMEID
MTB17142	1	SCHEMEID
MTB17143	1	SCHEMEID
MTB17144	1	SCHEMEID
MTB17145	1	SCHEMEID
MTB17146	1	SCHEMEID
MTB17147	1	SCHEMEID
MTB17149	1	SCHEMEID
MTB17151	1	SCHEMEID
MTB17153	1	SCHEMEID
MTB17154	1	SCHEMEID
MTB17159	1	SCHEMEID
MTB17160	1	SCHEMEID
MTB17161	1	SCHEMEID
MTB17163	1	SCHEMEID
MTB17165	1	SCHEMEID
MTB17166	1	SCHEMEID
MTB17170	1	SCHEMEID
MTB17176	1	SCHEMEID
MTB17177	1	SCHEMEID
MTB17179	1	SCHEMEID
MTB17180	1	SCHEMEID
MTB17181	1	SCHEMEID
MTB17183	1	SCHEMEID
MTB17184	1	SCHEMEID
MTB17185	1	SCHEMEID
MTB17186	1	SCHEMEID
MTB17187	1	SCHEMEID
MTB17188	1	SCHEMEID
MTB17189	1	SCHEMEID
MTB17190	1	SCHEMEID
MTB17192	1	SCHEMEID
MTB17194	1	SCHEMEID
MTB17198	1	SCHEMEID
MTB17202	1	SCHEMEID
MTB17204	1	SCHEMEID
MTB17214	1	SCHEMEID
MTB17220	1	SCHEMEID
MTB17224	1	SCHEMEID
MTB17233	1	SCHEMEID
MTB17239	1	SCHEMEID
MTB17240	1	SCHEMEID
MTB17255	1	SCHEMEID
MTB17270	1	SCHEMEID
MTB17273	1	SCHEMEID
MTB17275	1	SCHEMEID
MTB17277	1	SCHEMEID
MTB17278	1	SCHEMEID
MTB17287	1	SCHEMEID
MTB17288	1	SCHEMEID
MTB17289	1	SCHEMEID
MTB17292	1	SCHEMEID
MTB17299	1	SCHEMEID
MTB17303	1	SCHEMEID
MTB17305	1	SCHEMEID
MTB17306	1	SCHEMEID
MTB17309	1	SCHEMEID
MTB17311	1	SCHEMEID
MTB17313	1	SCHEMEID
MTB17314	1	SCHEMEID
MTB17315	1	SCHEMEID
MTB17316	1	SCHEMEID
MTB17318	1	SCHEMEID
MTB17320	1	SCHEMEID
MTB17323	1	SCHEMEID
MTB17326	1	SCHEMEID
MTB17327	1	SCHEMEID
MTB17328	1	SCHEMEID
MTB17329	1	SCHEMEID
MTB17332	1	SCHEMEID
MTB17339	1	SCHEMEID
MTB17345	1	SCHEMEID
MTB17347	1	SCHEMEID
MTB17349	1	SCHEMEID
MTB17350	1	SCHEMEID
MTB17351	1	SCHEMEID
MTB17353	1	SCHEMEID
MTB17355	1	SCHEMEID
MTB17356	1	SCHEMEID
MTB17361	1	SCHEMEID
MTB17362	1	SCHEMEID
MTB17366	1	SCHEMEID
MTB17374	1	SCHEMEID
MTB17379	1	SCHEMEID
MTB17380	1	SCHEMEID
MTB17390	1	SCHEMEID
MTB17392	1	SCHEMEID
MTB17395	1	SCHEMEID
MTB17396	1	SCHEMEID
MTB17400	1	SCHEMEID
MTB17401	1	SCHEMEID
MTB17402	1	SCHEMEID
MTB17403	1	SCHEMEID
MTB17404	1	SCHEMEID
MTB17410	1	SCHEMEID
MTB17417	1	SCHEMEID
MTB17418	1	SCHEMEID
MTB17419	1	SCHEMEID
MTB17420	1	SCHEMEID
MTB17432	1	SCHEMEID
MTB17433	1	SCHEMEID
MTB17438	1	SCHEMEID
MTB17439	1	SCHEMEID
MTB17440	1	SCHEMEID
MTB17441	1	SCHEMEID
MTB17442	1	SCHEMEID
MTB17445	1	SCHEMEID
MTB17447	1	SCHEMEID
MTB17452	1	SCHEMEID
MTB17453	1	SCHEMEID
MTB17454	1	SCHEMEID
MTB17455	1	SCHEMEID
MTB17456	1	SCHEMEID
MTB17457	1	SCHEMEID
MTB17462	1	SCHEMEID
MTB17466	1	SCHEMEID
MTB17468	1	SCHEMEID
MTB17469	1	SCHEMEID
MTB17470	1	SCHEMEID
MTB17471	1	SCHEMEID
MTB17472	1	SCHEMEID
MTB17477	1	SCHEMEID
MTB17478	1	SCHEMEID
MTB17480	1	SCHEMEID
MTB17490	1	SCHEMEID
MTB17492	1	SCHEMEID
MTB17493	1	SCHEMEID
MTB17501	1	SCHEMEID
MTB17502	1	SCHEMEID
MTB17503	1	SCHEMEID
MTB17504	1	SCHEMEID
MTB17508	1	SCHEMEID
MTB17509	1	SCHEMEID
MTB17510	1	SCHEMEID
MTB17511	1	SCHEMEID
MTB17517	1	SCHEMEID
MTB17518	1	SCHEMEID
MTB17519	1	SCHEMEID
MTB17523	1	SCHEMEID
MTB17525	1	SCHEMEID
MTB17527	1	SCHEMEID
MTB17528	1	SCHEMEID
MTB17529	1	SCHEMEID
MTB17532	1	SCHEMEID
MTB17533	1	SCHEMEID
MTB17534	1	SCHEMEID
MTB17536	1	SCHEMEID
MTB17544	1	SCHEMEID
MTB17545	1	SCHEMEID
MTB17546	1	SCHEMEID
MTB17547	1	SCHEMEID
MTB17548	1	SCHEMEID
MTB17549	1	SCHEMEID
MTB17550	1	SCHEMEID
MTB17553	1	SCHEMEID
MTB17554	1	SCHEMEID
MTB17555	1	SCHEMEID
MTB17564	1	SCHEMEID
MTB17565	1	SCHEMEID
MTB17572	1	SCHEMEID
MTB17573	1	SCHEMEID
MTB17574	1	SCHEMEID
MTB17577	1	SCHEMEID
MTB17578	1	SCHEMEID
MTB17579	1	SCHEMEID
MTB17581	1	SCHEMEID
MTB17582	1	SCHEMEID
MTB17583	1	SCHEMEID
MTB17584	1	SCHEMEID
MTB17586	1	SCHEMEID
MTB17587	1	SCHEMEID
MTB17592	1	SCHEMEID
MTB17597	1	SCHEMEID
MTB17600	1	SCHEMEID
MTB17601	1	SCHEMEID
MTB17602	1	SCHEMEID
MTB17603	1	SCHEMEID
MTB17604	1	SCHEMEID
MTB17605	1	SCHEMEID
MTB17606	1	SCHEMEID
MTB17609	1	SCHEMEID
MTB17613	1	SCHEMEID
MTB17614	1	SCHEMEID
MTB17617	1	SCHEMEID
MTB17618	1	SCHEMEID
MTB17619	1	SCHEMEID
MTB17620	1	SCHEMEID
MTB17621	1	SCHEMEID
MTB17622	1	SCHEMEID
MTB17623	1	SCHEMEID
MTB17624	1	SCHEMEID
MTB17625	1	SCHEMEID
MTB17626	1	SCHEMEID
MTB17627	1	SCHEMEID
MTB17628	1	SCHEMEID
MTB17629	1	SCHEMEID
MTB17630	1	SCHEMEID
MTB17631	1	SCHEMEID
MTB17632	1	SCHEMEID
MTB17633	1	SCHEMEID
MTB17635	1	SCHEMEID
MTB17638	1	SCHEMEID
MTB17639	1	SCHEMEID
MTB17640	1	SCHEMEID
MTB17641	1	SCHEMEID
MTB17642	1	SCHEMEID
MTB17643	1	SCHEMEID
MTB17644	1	SCHEMEID
MTB17646	1	SCHEMEID
MTB17647	1	SCHEMEID
MTB17648	1	SCHEMEID
MTB17650	1	SCHEMEID
MTB17663	1	SCHEMEID
MTB17664	1	SCHEMEID
MTB17670	1	SCHEMEID
MTB17671	1	SCHEMEID
MTB17672	1	SCHEMEID
MTB17673	1	SCHEMEID
MTB17674	1	SCHEMEID
MTB17675	1	SCHEMEID
MTB17676	1	SCHEMEID
MTB17677	1	SCHEMEID
MTB17678	1	SCHEMEID
MTB17679	1	SCHEMEID
MTB17680	1	SCHEMEID
MTB17681	1	SCHEMEID
MTB17682	1	SCHEMEID
MTB17683	1	SCHEMEID
MTB17684	1	SCHEMEID
MTB17685	1	SCHEMEID
MTB17686	1	SCHEMEID
MTB17687	1	SCHEMEID
MTB17688	1	SCHEMEID
MTB17689	1	SCHEMEID
MTB17690	1	SCHEMEID
MTB17691	1	SCHEMEID
MTB17692	1	SCHEMEID
MTB17693	1	SCHEMEID
MTB17694	1	SCHEMEID
MTB17695	1	SCHEMEID
MTB17696	1	SCHEMEID
MTB17697	1	SCHEMEID
MTB17698	1	SCHEMEID
MTB17699	1	SCHEMEID
MTB17700	1	SCHEMEID
MTB17701	1	SCHEMEID
MTB17702	1	SCHEMEID
MTB17703	1	SCHEMEID
MTB17704	1	SCHEMEID
MTB17706	1	SCHEMEID
MTB17707	1	SCHEMEID
MTB17709	1	SCHEMEID
MTB17713	1	SCHEMEID
MTB17715	1	SCHEMEID
MTB17716	1	SCHEMEID
MTB17719	1	SCHEMEID
MTB17722	1	SCHEMEID
MTB17723	1	SCHEMEID
MTB17729	1	SCHEMEID
MTB17732	1	SCHEMEID
MTB17733	1	SCHEMEID
MTB17735	1	SCHEMEID
MTB17736	1	SCHEMEID
MTB17738	1	SCHEMEID
MTB17739	1	SCHEMEID
MTB17740	1	SCHEMEID
