rxnregno	schemeid	rxnclass	step	path	reactant_molregno	product_molregno	reactant_symbol	product_symbol	reactant_smiles	product_smiles	enzymes	species	routes	conjugates	excretion	n_litrefs
26	MTB5	Aromatic Hydroxylation | C-Hydroxylation	1 of 2	MTB5-A	5	39845	Aminoglutethimide		CCC1(c2ccc(N)cc2)CCC(=O)NC1=O	CCC1(c2ccc(N)c(O)c2)CCC(=O)NC1=O						1
30	MTB5	Aliphatic Hydroxylation | C-Hydroxylation	1 of 2	MTB5-C	5	37923	Aminoglutethimide		CCC1(c2ccc(N)cc2)CCC(=O)NC1=O	CC[C@@]1(c2ccc(N)cc2)C[C@H](O)C(=O)NC1=O		Human			Urine	1
33	MTB5	C-Hydroxylation	2 of 2	MTB5-O	17881	37924			CCC1(c2ccc(NC(C)=O)cc2)CCC(=O)NC1=O	CC[C@@]1(c2ccc(NC(C)=O)cc2)C[C@H](O)C(=O)NC1=O		Rat | Rat (Bile Duct Cannulated)	Oral		Urine	1
37	MTB5	Aliphatic Hydroxylation | C-Hydroxylation	1 of 2	MTB5-F	5	37925	Aminoglutethimide		CCC1(c2ccc(N)cc2)CCC(=O)NC1=O	Nc1ccc(C2(CCO)CCC(=O)NC2=O)cc1		Human			Urine	1
48	MTB5	Aliphatic Hydroxylation | C-Hydroxylation	1 Step	MTB5-M	5	37927	Aminoglutethimide		CCC1(c2ccc(N)cc2)CCC(=O)NC1=O	CC(O)C1(c2ccc(N)cc2)CCC(=O)NC1=O		Human			Urine	1
22	MTB3	Hydrolysis	1 Step	MTB3-A	3	7618	2-Chlor-1-(chlormethyl)-ethylcarbamate	1,3-Dichloropropan-2-ol	NC(=O)OC(CCl)CCl	OC(CCl)CCl		Rabbit | Human		Unspecified | Glucuronide	Urine	2
24	MTB4	Hydrolysis	2 of 2	MTB4-A	17879	17880			C=CCC1(CC2CO2)C(=O)NC(=O)NC1=O	C=CCC1(CC(O)CO)C(=O)NC(=O)NC1=O		Rat			Urine	3
43	MTB5	Hydrolysis | Ring Opening	1 Step	MTB5-I	5	39846	Aminoglutethimide		CCC1(c2ccc(N)cc2)CCC(=O)NC1=O	CCC(CCC(=O)O)(C(N)=O)c1ccc(N)cc1		Rat | Rat (Bile Duct Cannulated)	Oral		Urine	1
260	MTB11	Hydrolysis	1 Step	MTB11-A	11	17920	Benactyzine	Benzilic acid	CCN(CC)CCOC(=O)C(O)(c1ccccc1)c1ccccc1	O=C(O)C(O)(c1ccccc1)c1ccccc1		in vitro (Rat Liver Homogenate) | Rat	Intraperitoneal		Urine	3
262	MTB11	Hydrolysis	1 Step	MTB11-C	11	17922	Benactyzine		CCN(CC)CCOC(=O)C(O)(c1ccccc1)c1ccccc1	CCN(CC)CCO		in vitro (Rat Liver Homogenate) | Rat	Intraperitoneal		Urine	3
84	MTB6	C-Oxidation	2 of 2	MTB6-J	1475	17896	(E)-10-Hydroxyamitriptyline		CN(C)CC/C=C1\c2ccccc2CC(O)c2ccccc21	CN(C)CC/C=C1\c2ccccc2CC(=O)c2ccccc21	Cytochrome P450	in vitro (Mouse Liver Microsomes) | in vitro (Rat Liver Microsomes) | in vitro (Dog Liver Microsomes)				1
146	MTB6	C-Oxidation | N-Dealkylation	1 Step	MTB6-BF	6	17900	Amitriptyline		CN(C)CCC=C1c2ccccc2CCc2ccccc21	O=C(O)CC=C1c2ccccc2CCc2ccccc21		Rabbit			Urine	1
222	MTB8	C-Oxidation	1 of 2	MTB8-U	8	37370	Androsta-1,4-dien-3,17-dione		C[C@]12C=CC(=O)C=C1CC[C@@H]1[C@@H]2CC[C@]2(C)C(=O)CC[C@@H]12	C[C@]12CC[C@H]3[C@@H](CCC4=CC(=O)C=C[C@@]43C=O)[C@@H]1CCC2=O	Cytochrome P450	in vitro (Human Placenta Microsomes)				1
243	MTB9	C-Hydroxylation | C-Oxidation	2 of 3	MTB9-D	17917	25317			OC(CCCN1CCN(c2ccccn2)CC1)c1ccc(F)cc1	Oc1ccnc(N2CCN(CCCC(O)c3ccc(F)cc3)CC2)c1						1
248	MTB9	C-Hydroxylation | C-Oxidation	1 of 2	MTB9-G	9	25320	Azaperone		O=C(CCCN1CCN(c2ccccn2)CC1)c1ccc(F)cc1	O=C(CCCN1CCN(c2cc(O)ccn2)CC1)c1ccc(F)cc1						1
76	MTB6	O-Glucuronidation	4 of 4 | 3 of 3 | 4 of 4	MTB6-F | MTB6-T | MTB6-BI	22924	29932			NCC/C=C1\c2ccccc2CC(O)c2ccccc21	NCC/C=C1\c2ccccc2CC(O[C@@H]2O[C@H](C(=O)O)[C@@H](O)[C@H](O)[C@H]2O)c2ccccc21		Human	Oral	O-Glucuronide	Urine	1
80	MTB6	O-Glucuronidation	3 of 3 | 2 of 2 | 3 of 3	MTB6-H | MTB6-V | MTB6-BK	1502	29931	(E)-10-Hydroxynortriptyline		CNCC/C=C1\c2ccccc2CC(O)c2ccccc21	CNCC/C=C1\c2ccccc2CC(O[C@@H]2O[C@H](C(=O)O)[C@@H](O)[C@H](O)[C@H]2O)c2ccccc21		Human (Depression Patients) | Human	Oral	O-Glucuronide	Urine	2
82	MTB6	O-Glucuronidation	2 of 2	MTB6-I	1475	29930	(E)-10-Hydroxyamitriptyline		CN(C)CC/C=C1\c2ccccc2CC(O)c2ccccc21	CN(C)CC/C=C1\c2ccccc2CC(O[C@@H]2O[C@H](C(=O)O)[C@@H](O)[C@H](O)[C@H]2O)c2ccccc21		in vitro (Mouse Liver Microsomes) | in vitro (Rat Liver Microsomes) | in vitro (Dog Liver Microsomes) | Human (Depression Patients) | Human	Oral	O-Glucuronide	Urine	3
99	MTB6	O-Glucuronidation	3 of 3 | 3 of 3 | 2 of 2	MTB6-N | MTB6-AZ | MTB6-CB	17895	29929			CN(C)CC/C=C1/c2ccccc2[C@@H](O)[C@@H](O)c2ccccc21	CN(C)CC/C=C1/c2ccccc2[C@@H](O[C@@H]2O[C@H](C(=O)O)[C@@H](O)[C@H](O)[C@H]2O)[C@@H](O)c2ccccc21		Human	Oral	O-Glucuronide	Urine	1
131	MTB6	O-Glucuronidation	2 of 2 | 3 of 3 | 3 of 3	MTB6-AM | MTB6-AW | MTB6-BW	1476	29934	(Z)-10-Hydroxynortriptyline		CNCC/C=C1/c2ccccc2CC(O)c2ccccc21	CNCC/C=C1/c2ccccc2CC(O[C@@H]2O[C@H](C(=O)O)[C@@H](O)[C@H](O)[C@H]2O)c2ccccc21		Human | Human (Depression Patients)	Oral	O-Glucuronide	Urine	3
26	MTB5	Aromatic Hydroxylation | C-Hydroxylation	1 of 2	MTB5-A	5	39845	Aminoglutethimide		CCC1(c2ccc(N)cc2)CCC(=O)NC1=O	CCC1(c2ccc(N)c(O)c2)CCC(=O)NC1=O						1
103	MTB6	Aromatic Hydroxylation | C-Hydroxylation	1 of 2	MTB6-Q	6	71313	Amitriptyline		CN(C)CCC=C1c2ccccc2CCc2ccccc21	CN(C)CC/C=C1/c2ccccc2CCc2c(O)cccc21		in vitro (Human Liver Microsomes)				1
105	MTB6	Aromatic Hydroxylation | C-Hydroxylation	2 of 2	MTB6-BL	132	71314	Nortriptyline		CNCCC=C1c2ccccc2CCc2ccccc21	CNCC/C=C1/c2ccccc2CCc2c(O)cccc21		in vitro (Human Liver Microsomes)				1
107	MTB6	Aromatic Hydroxylation | Hydroxylation	1 Step	MTB6-W	6	17892	Amitriptyline		CN(C)CCC=C1c2ccccc2CCc2ccccc21	CN(C)CC/C=C1\c2ccccc2CC(O)c2ccc(O)cc21		Rat | Rabbit	Intraperitoneal | Oral		Bile; Urine	1
110	MTB6	Aromatic Hydroxylation | Hydroxylation	1 Step	MTB6-Z	6	17887	Amitriptyline		CN(C)CCC=C1c2ccccc2CCc2ccccc21	CN(C)CC/C=C1\c2ccccc2CC(O)c2cc(O)ccc21		Rat | Rabbit	Intraperitoneal | Oral		Bile; Urine	1
5	MTB2	Aliphatic Hydroxylation	1 Step	MTB2-A	2	17872	Acetohexamide		CC(=O)c1ccc(S(=O)(=O)NC(=O)NC2CCCCC2)cc1	CC(=O)c1ccc(S(=O)(=O)NC(=O)N[C@H]2CC[C@@H](O)CC2)cc1		Human | Mouse | Rat			Feces; Urine	3
6	MTB2	Aliphatic Hydroxylation	1 Step	MTB2-B	2	17871	Acetohexamide		CC(=O)c1ccc(S(=O)(=O)NC(=O)NC2CCCCC2)cc1	CC(=O)c1ccc(S(=O)(=O)NC(=O)N[C@H]2CCC[C@@H](O)C2)cc1		Human | Mouse | Rat			Feces; Urine	3
7	MTB2	Aliphatic Hydroxylation	1 Step	MTB2-C	2	17869	Acetohexamide		CC(=O)c1ccc(S(=O)(=O)NC(=O)NC2CCCCC2)cc1	CC(=O)c1ccc(S(=O)(=O)NC(=O)N[C@H]2CCCC[C@@H]2O)cc1		Mouse			Feces; Urine	1
9	MTB2	Aliphatic Hydroxylation	1 Step	MTB2-E	2	17870	Acetohexamide		CC(=O)c1ccc(S(=O)(=O)NC(=O)NC2CCCCC2)cc1	CC(=O)c1ccc(S(=O)(=O)NC(=O)N[C@H]2CCC[C@H](O)C2)cc1		Human | Mouse | Rat			Feces; Urine	3
10	MTB2	Aliphatic Hydroxylation	1 Step	MTB2-F	2	17873	Acetohexamide		CC(=O)c1ccc(S(=O)(=O)NC(=O)NC2CCCCC2)cc1	CC(=O)c1ccc(S(=O)(=O)NC(=O)N[C@H]2CC[C@H](O)CC2)cc1		Human | Mouse | Rat			Feces; Urine	3
61	MTB6	N-Dealkylation | N-Demethylation | Oxidative N-Dealkylation	2 of 3 | 2 of 3 | 2 of 4 | 2 of 3 | 2 of 3	MTB6-D | MTB6-E | MTB6-F | MTB6-G | MTB6-H	1475	1502	(E)-10-Hydroxyamitriptyline	(E)-10-Hydroxynortriptyline	CN(C)CC/C=C1\c2ccccc2CC(O)c2ccccc21	CNCC/C=C1\c2ccccc2CC(O)c2ccccc21	Cytochrome P450 (['CYP2C19']) | Cytochrome P450 (['CYP2C19', 'CYP1A2', 'CYP3A4', 'CYP2D6', 'CYP2B6', 'CYP2C8', 'CYP2C9']) | Cytochrome P450 | Cytochrome P450 (['CYP2D6'])	Human | Human (Depression Patients) | Rat | Human (Psychiatric Patients) | in vitro (Human AHH-1 TK+/- Cells Expressing Human CYP2D6) | Rat (Diabetic) | in vitro (Rat Liver Microsomes)	Oral | Intraperitoneal | Intravenous	O-Glucuronide | Glucuronide	Hair | Plasma | Blood | Urine | Spleen | Brain | Testes | Kidney | Liver | Serum | Bile	18
63	MTB6	Demethylation | N-Dealkylation | N-Demethylation | Oxidative N-Dealkylation	1 of 3 | 1 of 3 | 1 of 4 | 1 of 3 | 1 of 3 | 1 of 2 | 1 of 3 | 1 of 3 | 1 of 2 | 1 of 2 | 1 of 3 | 1 of 2 | 1 of 2 | 1 of 3 | 1 of 3 | 1 of 3 | 1 of 3 | 1 of 3	MTB6-BG | MTB6-BH | MTB6-BI | MTB6-BJ | MTB6-BK | MTB6-BL | MTB6-BM | MTB6-BN | MTB6-BO | MTB6-BP | MTB6-BQ | MTB6-BR | MTB6-BS | MTB6-BT | MTB6-BU | MTB6-BV | MTB6-BW | MTB6-BX	6	132	Amitriptyline	Nortriptyline	CN(C)CCC=C1c2ccccc2CCc2ccccc21	CNCCC=C1c2ccccc2CCc2ccccc21	Cytochrome P450 | Cytochrome P450 (['CYP2C19', 'CYP2D6', 'CYP1A2', 'CYP3A4', 'CYP3A5']) | Cytochrome P450 (['CYP3A']) | Cytochrome P450 (['CYP2C19', 'CYP3A4']) | Cytochrome P450 (['CYP2D6']) | Cytochrome P450 (['CYP2C19', 'CYP3A4', 'CYP1A2']) | Cytochrome P450 (['CYP2C19']) | Cytochrome P450 (['CYP2C19', 'CYP2D6']) | Cytochrome P450 (['CYP1A2', 'CYP2C19', 'CYP3A4']) | Cytochrome P450 (['CYP2D6', 'CYP2C19']) | Cytochrome P450 (['CYP2C19', 'CYP1A2', 'CYP3A4', 'CYP2D6', 'CYP2B6', 'CYP2C8', 'CYP2C9']) | Cytochrome P450 (['CYP1A2']) | Cytochrome P450 (['CYP2B6']) | Cytochrome P450 (['CYP2C8']) | Cytochrome P450 (['CYP2C9']) | Cytochrome P450 (['CYP3A4']) | Cytochrome P450 (['CYP2A6', 'CYP2E1']) | Cytochrome P450 (['CYP1A2', 'CYP2B6', 'CYP2C8', 'CYP2C9', 'CYP2C19', 'CYP2D6', 'CYP3A4']) | Cytochrome P450 (['CYP2C19', 'CYP3A']) | Cytochrome P450 (['CYP1A2', 'CYP2C9', 'CYP2C19', 'CYP3A4']) | Cytochrome P450 (['CYP1A2', 'CYP2C9', 'CYP2C19', 'CYP2D6', 'CYP3A4']) | Cytochrome P450 (['CYP3A4', 'CYP2D6', 'CYP2C9']) | Cytochrome P450 (['CYP3A4', 'CYP2C9']) | Cytochrome P450 (['CYP3A2', 'CYP2C11']) | Cytochrome P450 (['CYP3A4', 'CYP2C9', 'CYP2D6']) | Cytochrome P450 (['CYP3A3', 'CYP3A4', 'CYP2C9']) | Cytochrome P450 (['CYP3A', 'CYP2C19']) | Cytochrome P450 (['CYP3A1']) | N-Demethylase	Human | Human (Child, Overdosed) | in vitro (Mouse Liver Microsomes) | in vitro (Rat Liver Microsomes) | in vitro (Dog Liver Microsomes) | in vitro (Human Liver Microsomes) | Dog | in vitro (Human Hepatocytes, Cryopreserved) | Rat | Human (Children) | in vitro (Rat Liver S9 Fraction) | in vitro (Rat Intestine S9 Fraction) | in vitro (Human Liver S9 Fraction) | in vitro (Human Intestine S9 Fraction) | in vitro (Rat Liver Supernatant) | in vitro (Rat Small Intestine Supernatant) | in vitro (Rat Stomach Supernatant) | Human (Overdosed) | Human (Psychiatric Patients) | Human (Depression Patients) | Human (Chinese) | in vitro (Lymphoblast Cells Expressing Human CYP1A2) | in vitro (Lymphoblast Cells Expressing Human CYP2B6) | in vitro (Lymphoblast Cells Expressing Human CYP2C8) | in vitro (Lymphoblast Cells Expressing Human CYP2C9) | in vitro (Lymphoblast Cells Expressing Human CYP2C19) | in vitro (Lymphoblast Cells Expressing Human CYP2D6) | in vitro (Lymphoblast Cells Expressing Human CYP3A4) | in vitro (Lymphoblast Cells Expressing Human CYP Isoenzymes) | in vitro (Human Lymphoblast Cell Microsomes Expressing Human CYP1A2) | in vitro (Human Lymphoblast Cell Microsomes Expressing Human CYP2B6) | in vitro (Human Lymphoblast Cell Microsomes Expressing Human CYP2C8) | in vitro (Human Lymphoblast Cell Microsomes Expressing Human CYP2C9) | in vitro (Human Lymphoblast Cell Microsomes Expressing Human CYP2C19) | in vitro (Human Lymphoblast Cell Microsomes Expressing Human CYP2D6) | in vitro (Human Lymphoblast Cell Microsomes Expressing Human CYP3A4) | in vitro (Human Lymphoblast Cell Microsomes Expressing Human CYP Isoenzym+ | Rat (Overdosed) | in vitro (Human Brain Microsomes) | in vitro (Rat Brain Microsomes) | in vitro (Rat Brain Mitochondria) | in vitro (Human B-Lymphoblastoid Cells, Transfected) | in vitro (Human Lymphoblast Cell Microsomes Expressing CYP Isoenzyme) | in vitro (Human AHH-1 TK+/- Cells Expressing Human CYP2D6) | Rat (Diabetic) | in vitro (Human Lymphoblastoma Cell Microsomes Expressing P450) | in vitro (Rat Liver Homogenate) | in vitro | Rabbit | Mouse	Oral | Intraperitoneal | Intravenous | Intraportal | Intragastric | Intraduodenal | Intramuscular | Transdermal | Intravenous; Oral	Unspecified	Blood, Femoral Vein, Postmortem | Blood | Plasma | Urine | Hair | Bone | Serum | Liver | Cerebrospinal Fluid | Feces + Gastrointestinal Tract | Brain | Stomach Contents | Bile | Heart | Kidney | Lung | Muscle | Spleen | Vitreous Humor | Testes | Brain; Serum | Brain; Plasma | Feces; Urine	125
68	MTB6	N-Dealkylation | N-Demethylation | Oxidative N-Dealkylation	2 of 3 | 2 of 3 | 2 of 3 | 2 of 3 | 2 of 3	MTB6-AT | MTB6-AU | MTB6-AV | MTB6-AW | MTB6-AX	1474	1476	(Z)-10-Hydroxyamitriptyline	(Z)-10-Hydroxynortriptyline	CN(C)CC/C=C1/c2ccccc2CC(O)c2ccccc21	CNCC/C=C1/c2ccccc2CC(O)c2ccccc21	Cytochrome P450 | Cytochrome P450 (['CYP2C19', 'CYP1A2', 'CYP3A4', 'CYP2D6', 'CYP2B6', 'CYP2C8', 'CYP2C9']) | Cytochrome P450 (['CYP2D6'])	Human | Human (Depression Patients) | Rat | Human (Psychiatric Patients) | in vitro (Human AHH-1 TK+/- Cells Expressing Human CYP2D6) | Rat (Diabetic) | in vitro (Rat Liver Microsomes)	Oral | Intraperitoneal | Intravenous	O-Glucuronide	Hair | Blood | Urine | Plasma | Spleen | Brain | Testes | Kidney | Liver | Serum	15
104	MTB6	N-Dealkylation | N-Demethylation	2 of 2	MTB6-Q	71313	71314			CN(C)CC/C=C1/c2ccccc2CCc2c(O)cccc21	CNCC/C=C1/c2ccccc2CCc2c(O)cccc21		in vitro (Human Liver Microsomes)				1
112	MTB6	N-Dealkylation | N-Demethylation | Oxidation	1 Step	MTB6-AB	6	4709	Amitriptyline	Formaldehyde	CN(C)CCC=C1c2ccccc2CCc2ccccc21	C=O	Cytochrome P450 (['CYP3A']) | Cytochrome P450 | N-Demethylase	in vitro (Rat Liver Microsomes)				2
8	MTB2	Reduction	1 Step	MTB2-D	2	22484	Acetohexamide	Hydroxyhexamide	CC(=O)c1ccc(S(=O)(=O)NC(=O)NC2CCCCC2)cc1	CC(O)c1ccc(S(=O)(=O)NC(=O)NC2CCCCC2)cc1	Carbonyl Reductase | Acetohexamide Reductase | 20beta-Hydroxysteroid Dehydrogenase	in vitro (Rat Liver Microsomes, Male) | in vitro (Rat Liver Microsomes, Male, Testectomized) | in vitro (Rat Liver Microsomes, Male, Hypophysectomized) | in vitro (Rat Kidney Microsomes, Male) | in vitro (Rat Kidney Microsomes, Male, Testectomized) | in vitro (Rat Kidney Microsomes, Male, Hypophysectomized) | in vitro (Rat Liver Microsomes, Female) | in vitro (Rat Liver Microsomes, Female, Ovariectomized) | in vitro (Rat Liver Microsomes, Female, Hypophysectomized) | in vitro (Rat Kidney Microsomes, Female) | in vitro (Rat Kidney Microsomes, Female, Ovariectomized) | in vitro (Rat Kidney Microsomes, Female, Hypophysectomized) | in vitro (Rat Liver Microsomes) | in vitro (Rat Liver Cytosol) | in vitro (Rat Kidney Microsomes) | in vitro (Human Erythrocyte Lysate) | in vitro (Human Liver Cytosol) | in vitro (Rat Kidney Cytosol) | in vitro (Mouse Kidney Cytosol) | in vitro (Mouse Kidney Microsomes) | in vitro (Mouse Liver Cytosol) | in vitro (Mouse Liver Microsomes) | in vitro (Hamster Kidney Cytosol) | in vitro (Hamster Kidney Microsomes) | in vitro (Hamster Liver Cytosol) | in vitro (Hamster Liver Microsomes) | in vitro (Guinea Pig Kidney Cytosol) | in vitro (Guinea Pig Kidney Microsomes) | in vitro (Guinea Pig Liver Cytosol) | in vitro (Guinea Pig Liver Microsomes) | in vitro (Rabbit Kidney Cytosol) | in vitro (Rabbit Kidney Microsomes) | in vitro (Rabbit Liver Cytosol) | in vitro (Rabbit Liver Microsomes) | in vitro (Rabbit Tissue Homogenate)				7
11	MTB2	Reduction	1 of 2 | 1 of 2 | 1 of 2 | 1 of 2 | 1 of 2	MTB2-G | MTB2-H | MTB2-I | MTB2-J | MTB2-K	2	17751	Acetohexamide		CC(=O)c1ccc(S(=O)(=O)NC(=O)NC2CCCCC2)cc1	C[C@H](O)c1ccc(S(=O)(=O)NC(=O)NC2CCCCC2)cc1		Human | Mouse | Rat | in vitro (Rat Liver) | Dog | Rabbit			Feces; Urine | Urine	4
109	MTB6	Dearomatization | Hydroxylation | Reduction	1 Step	MTB6-Y	6	17899	Amitriptyline		CN(C)CCC=C1c2ccccc2CCc2ccccc21	CN(C)CC/C=C1/C2=C(CCc3ccccc31)C(O)C(O)C=C2		Human	Oral		Urine	1
181	MTB8	Hydrogenation | Reduction	1 of 2 | 1 of 2 | 1 of 3	MTB8-B | MTB8-C | MTB8-D	8	17945	Androsta-1,4-dien-3,17-dione		C[C@]12C=CC(=O)C=C1CC[C@@H]1[C@@H]2CC[C@]2(C)C(=O)CC[C@@H]12	C[C@]12CC[C@H]3[C@@H](CCC4=CC(=O)C=C[C@@]43C)[C@@H]1CC[C@H]2O	17beta-Hydroxysteroid Oxidoreductase	Horse | in vitro (Calf Liver Supernatant) | in vitro (Calf Liver S9 Fraction) | in vitro (Calf Liver Microsomes) | in vitro (Calf Liver Cytosol) | in vitro (Bovine Kidney S9 Fraction) | in vitro (Bovine Kidney Microsomes) | in vitro (Bovine Kidney Cytosol) | Calf | Cattle	Oral		Feces | Urine	5
186	MTB8	Hydrogenation | Reduction	2 of 3	MTB8-D	17945	57560			C[C@]12CC[C@H]3[C@@H](CCC4=CC(=O)C=C[C@@]43C)[C@@H]1CC[C@H]2O	C[C@]12C=CC(=O)C[C@H]1CC[C@@H]1[C@@H]2CC[C@]2(C)[C@H](O)CC[C@@H]12		Cattle	Oral		Urine	1
43	MTB5	Hydrolysis | Ring Opening	1 Step	MTB5-I	5	39846	Aminoglutethimide		CCC1(c2ccc(N)cc2)CCC(=O)NC1=O	CCC(CCC(=O)O)(C(N)=O)c1ccc(N)cc1		Rat | Rat (Bile Duct Cannulated)	Oral		Urine	1
49	MTB5	Cyclization | Ring Opening	2 of 2	MTB5-N	17881	17882			CCC1(c2ccc(NC(C)=O)cc2)CCC(=O)NC1=O	CC(=O)Nc1ccc(C2(CCC(N)=O)CCOC2=O)cc1		Rat | Rat (Bile Duct Cannulated)	Oral		Urine	1
377	MTB20	Hydrolysis | Ring Opening	1 of 2 | 1 of 2	MTB20-A | MTB20-B	20	17963	Bromazepam		O=C1CN=C(c2ccccn2)c2cc(Br)ccc2N1	Nc1ccc(Br)cc1C(=O)c1ccccn1		Rat | Dog | Rabbit | Human | Mouse | in vitro (Rabbit Liver)	Oral | Intraperitoneal; Oral | Intravenous; Oral	Unspecified	Urine | Feces; Urine	9
454	MTB29	Aromatization | Hydrolysis | Rearrangement | Ring Opening	2 of 7 | 2 of 5 | 2 of 4 | 2 of 4 | 2 of 4 | 2 of 5 | 2 of 4 | 2 of 4 | 2 of 3	MTB29-BT | MTB29-BU | MTB29-BV | MTB29-BW | MTB29-BX | MTB29-BY | MTB29-BZ | MTB29-CA | MTB29-CB	38630	10036		2-Hydroxycarbamazepine	NC(=O)N1C2=C(C=Cc3ccccc31)C1OC1C=C2	NC(=O)N1c2ccccc2C=Cc2cc(O)ccc21		in vitro (Human Liver Microsomes) | Human | Rat	Oral		Urine	2
456	MTB29	Aromatization | Hydrolysis | Rearrangement | Reduction | Ring Opening	2 of 7 | 2 of 5 | 2 of 4 | 2 of 4 | 2 of 4 | 2 of 5 | 2 of 4 | 2 of 4 | 2 of 3	MTB29-DZ | MTB29-EA | MTB29-EB | MTB29-EC | MTB29-ED | MTB29-EE | MTB29-EF | MTB29-EG | MTB29-EH	31751	10036		2-Hydroxycarbamazepine	NC(=O)N1C2=CC3OC3C=C2C=Cc2ccccc21	NC(=O)N1c2ccccc2C=Cc2cc(O)ccc21		in vitro (Human Liver Microsomes) | Human | Rat	Oral		Urine	3
278	MTB15	O-Dealkylation	1 of 4 | 1 of 3	MTB15-A | MTB15-B	15	17933	Benzquinamide		CCN(CC)C(=O)C1CN2CCc3cc(OC)c(OC)cc3C2CC1OC(C)=O	CCN(CC)C(=O)C1CN2CCc3cc(O)c(OC)cc3C2CC1OC(C)=O		Dog | Human		Unspecified	Feces; Urine | Urine	2
286	MTB15	O-Dealkylation | O-Demethylation	1 Step	MTB15-C	15	17935	Benzquinamide		CCN(CC)C(=O)C1CN2CCc3cc(OC)c(OC)cc3C2CC1OC(C)=O	CCN(CC)C(=O)C1CN2CCc3cc(OC)c(O)cc3C2CC1OC(C)=O		Rat | Dog | Human	Intragastric	Unspecified	Urine | Feces; Urine	3
287	MTB15	N-Dealkylation | O-Dealkylation	1 of 2	MTB15-D	15	17931	Benzquinamide		CCN(CC)C(=O)C1CN2CCc3cc(OC)c(OC)cc3C2CC1OC(C)=O	CCNC(=O)C1CN2CCc3cc(OC)c(OC)cc3C2CC1OC(C)=O		Rat | Human | Dog	Intragastric		Urine | Feces; Urine	3
479	MTB29	C-Hydroxylation | Hydration | Hydrolysis | Nucleophilic Addition | O-Dealkylation | Ring Opening	2 of 3 | 2 of 3 | 2 of 3 | 2 of 4 | 2 of 4 | 2 of 3 | 2 of 3	MTB29-Q | MTB29-R | MTB29-S | MTB29-T | MTB29-U | MTB29-V | MTB29-W	1477	1478	Carbamazepine 10,11-epoxide	Carbamazepine 10,11-transdiol	NC(=O)N1c2ccccc2C2OC2c2ccccc21	NC(=O)N1c2ccccc2[C@@H](O)[C@H](O)c2ccccc21	Epoxide Hydrolase | Cytochrome P450	Rat | Human (Epilepsy Patients) | Mouse (Liver Injury-Induced) | Human | Human (Children) | in vitro (Mouse Liver Microsomes) | in vitro (Human Liver Microsomes) | in vitro (Human Placenta Microsomes) | Human (Female, Pregnant) | in vitro (Human Placenta Perfusion) | Human (Children, Epilepsy Patients) | in vitro (Rat Liver Microsomes) | in vitro (Rabbit Liver Microsomes) | in vitro (Guinea Pig Liver Microsomes)	Oral | Intraperitoneal	Glucuronide	Plasma | Serum | Urine | Hair | Serum, Maternal | Blood, Cord, Fetal | Blood | Blood, Fetal | Amniotic Fluid | Saliva | Feces; Urine | Lung; Urine	43
764	MTB37	O-Dealkylation	1 Step	MTB37-A	37	18025	Chlorethoxybutamoxane		CCCCNCC1COc2c(Cl)ccc(OCC)c2O1	CCCCNCC1COc2c(Cl)ccc(O)c2O1		Dog | Rabbit | Mouse | Guinea Pig | Rat	Intraperitoneal		Lung; Urine	1
27	MTB5	O-Sulfation	2 of 2	MTB5-A	39845	39851			CCC1(c2ccc(N)c(O)c2)CCC(=O)NC1=O	CCC1(c2ccc(N)c(OS(=O)(=O)O)c2)CCC(=O)NC1=O		Rat | Rat (Bile Duct Cannulated)	Oral	O-Sulfate	Urine	1
214	MTB8	O-Sulfation	2 of 2	MTB8-O	17	51419	Boldenon		C[C@]12CC[C@H]3[C@@H](CCC4=CC(=O)C=C[C@@]43C)[C@@H]1CC[C@@H]2O	C[C@]12CC[C@H]3[C@@H](CCC4=CC(=O)C=C[C@@]43C)[C@@H]1CC[C@@H]2OS(=O)(=O)O		Calf | Cattle	Oral	O-Sulfate	Urine	2
346	MTB17	O-Sulfation	3 of 3 | 2 of 2	MTB17-U | MTB17-AR	17945	68635			C[C@]12CC[C@H]3[C@@H](CCC4=CC(=O)C=C[C@@]43C)[C@@H]1CC[C@H]2O	C[C@]12CC[C@H]3[C@@H](CCC4=CC(=O)C=C[C@@]43C)[C@@H]1CC[C@H]2OS(=O)(=O)O		Human	Oral	O-Sulfate	Urine	1
364	MTB17	O-Sulfation	1 Step	MTB17-AK	17	51419	Boldenon		C[C@]12CC[C@H]3[C@@H](CCC4=CC(=O)C=C[C@@]43C)[C@@H]1CC[C@@H]2O	C[C@]12CC[C@H]3[C@@H](CCC4=CC(=O)C=C[C@@]43C)[C@@H]1CC[C@@H]2OS(=O)(=O)O		Human | Calf	Oral	O-Sulfate	Urine	2
864	MTB47	O-Sulfation	2 of 2	MTB47-A	77524	77525			C[C@]12CC[C@H](O)C(Cl)[C@@H]1CC[C@@H]1[C@@H]2CC[C@]2(C)C(=O)CC[C@@H]12	C[C@]12CC[C@H](OS(=O)(=O)O)C(Cl)[C@@H]1CC[C@@H]1[C@@H]2CC[C@]2(C)C(=O)CC[C@@H]12		Human	Oral	O-Sulfate	Urine	1
115	MTB6	Glutathionation	2 of 2	MTB6-AD	58988	58989			CN(C)CC/C=C1/C2=C(CCc3ccccc31)C1OC1C=C2	CN(C)CC/C=C1/C2=C(CCc3ccccc31)C(O)C(SC[C@H](NC(=O)CC[C@H](N)C(=O)O)C(=O)NCC(=O)O)C=C2		in vitro (Human Liver Microsomes)		Glutathione		1
150	MTB6	Glutathionation	3 of 3	MTB6-BN	58990	58992			CNCC/C=C1/C2=C(CCc3ccccc31)C1OC1C=C2	CNCC/C=C1/C2=C(CCc3ccccc31)C(O)C(SC[C@H](NC(=O)CC[C@H](N)C(=O)O)C(=O)NCC(=O)O)C=C2		in vitro (Human Liver Microsomes)		Glutathione		1
394	MTB21	Dehalogenation | Glutathionation | Inversion	2 of 2	MTB21-C	6713	24830	(S)-2-Bromoisovalerylurea		CC(C)[C@H](Br)C(=O)NC(N)=O	CC(C)[C@@H](SC[C@H](NC(=O)CC[C@H](N)C(=O)O)C(=O)NCC(=O)O)C(=O)NC(N)=O	Glutathione Transferase (['GST alpha'])	in vitro (Rat Liver Perfusion)		Glutathione	Bile	1
397	MTB21	Dehalogenation | Glutathionation | Inversion	3 of 3	MTB21-D	36330	36331			CC(C)[C@H](Br)C(=O)O	CC(C)[C@@H](SC[C@H](NC(=O)CC[C@H](N)C(=O)O)C(=O)NCC(=O)O)C(=O)O	Glutathione Transferase	in vitro (Rat Liver Perfusion)		Glutathione	Bile	1
407	MTB21	Dehalogenation | Glutathionation | Inversion	2 of 2	MTB21-I	6714	24831	(R)-2-Bromoisovalerylurea		CC(C)[C@@H](Br)C(=O)NC(N)=O	CC(C)[C@H](SC[C@H](NC(=O)CC[C@H](N)C(=O)O)C(=O)NCC(=O)O)C(=O)NC(N)=O	Glutathione Transferase (['GST mu'])	in vitro (Rat Liver Perfusion)		Glutathione	Bile	1
112	MTB6	N-Dealkylation | N-Demethylation | Oxidation	1 Step	MTB6-AB	6	4709	Amitriptyline	Formaldehyde	CN(C)CCC=C1c2ccccc2CCc2ccccc21	C=O	Cytochrome P450 (['CYP3A']) | Cytochrome P450 | N-Demethylase	in vitro (Rat Liver Microsomes)				2
160	MTB6	Aromatic Hydroxylation | Oxidation	1 Step	MTB6-BY	6	17890	Amitriptyline		CN(C)CCC=C1c2ccccc2CCc2ccccc21	CN(C)CC/C=C1\c2ccccc2CC(=O)c2cc(O)ccc21		Rat | Rabbit	Intraperitoneal | Oral		Bile; Urine	1
165	MTB6	Oxidation	1 Step	MTB6-CF	6	17896	Amitriptyline		CN(C)CCC=C1c2ccccc2CCc2ccccc21	CN(C)CC/C=C1\c2ccccc2CC(=O)c2ccccc21		Human	Oral		Urine	1
206	MTB8	Oxidation	3 of 4	MTB8-M	17912	17913			C[C@]12C=CC(=O)C=C1C(O)C[C@@H]1[C@@H]2CC[C@]2(C)C(O)CC[C@@H]12	C[C@]12C=CC(=O)C=C1C(O)C[C@@H]1[C@@H]2CC[C@]2(C)C(=O)CC[C@@H]12		Human	Oral	Glucuronide; Sulfate	Urine	1
256	MTB9	N-Dealkylation | Oxidation	1 of 2	MTB9-Q	9	17916	Azaperone		O=C(CCCN1CCN(c2ccccn2)CC1)c1ccc(F)cc1	O=C(O)CCC(=O)c1ccc(F)cc1		Rat	Subcutaneous		Feces; Urine	1
181	MTB8	Hydrogenation | Reduction	1 of 2 | 1 of 2 | 1 of 3	MTB8-B | MTB8-C | MTB8-D	8	17945	Androsta-1,4-dien-3,17-dione		C[C@]12C=CC(=O)C=C1CC[C@@H]1[C@@H]2CC[C@]2(C)C(=O)CC[C@@H]12	C[C@]12CC[C@H]3[C@@H](CCC4=CC(=O)C=C[C@@]43C)[C@@H]1CC[C@H]2O	17beta-Hydroxysteroid Oxidoreductase	Horse | in vitro (Calf Liver Supernatant) | in vitro (Calf Liver S9 Fraction) | in vitro (Calf Liver Microsomes) | in vitro (Calf Liver Cytosol) | in vitro (Bovine Kidney S9 Fraction) | in vitro (Bovine Kidney Microsomes) | in vitro (Bovine Kidney Cytosol) | Calf | Cattle	Oral		Feces | Urine	5
186	MTB8	Hydrogenation | Reduction	2 of 3	MTB8-D	17945	57560			C[C@]12CC[C@H]3[C@@H](CCC4=CC(=O)C=C[C@@]43C)[C@@H]1CC[C@H]2O	C[C@]12C=CC(=O)C[C@H]1CC[C@@H]1[C@@H]2CC[C@]2(C)[C@H](O)CC[C@@H]12		Cattle	Oral		Urine	1
187	MTB8	Hydrogenation | Reduction	1 of 3 | 1 of 3 | 1 of 3 | 1 of 3 | 1 of 3	MTB8-F | MTB8-G | MTB8-H | MTB8-I | MTB8-J	8	203	Androsta-1,4-dien-3,17-dione	5beta-Androst-1-en-3,17-dione	C[C@]12C=CC(=O)C=C1CC[C@@H]1[C@@H]2CC[C@]2(C)C(=O)CC[C@@H]12	C[C@]12C=CC(=O)C[C@H]1CC[C@@H]1[C@@H]2CC[C@]2(C)C(=O)CC[C@@H]12		Cattle | Human	Oral	Glucuronide; Sulfate	Urine	2
188	MTB8	Hydrogenation | Reduction	2 of 3	MTB8-F	203	57560	5beta-Androst-1-en-3,17-dione		C[C@]12C=CC(=O)C[C@H]1CC[C@@H]1[C@@H]2CC[C@]2(C)C(=O)CC[C@@H]12	C[C@]12C=CC(=O)C[C@H]1CC[C@@H]1[C@@H]2CC[C@]2(C)[C@H](O)CC[C@@H]12		Cattle	Oral		Urine	1
192	MTB8	Hydrogenation | Reduction	2 of 3 | 2 of 3	MTB8-G | MTB8-H	203	201	5beta-Androst-1-en-3,17-dione	17beta-Hydroxy-5beta-androst-1-en-3-one	C[C@]12C=CC(=O)C[C@H]1CC[C@@H]1[C@@H]2CC[C@]2(C)C(=O)CC[C@@H]12	C[C@]12C=CC(=O)C[C@H]1CC[C@@H]1[C@@H]2CC[C@]2(C)[C@@H](O)CC[C@@H]12		Cattle	Oral		Urine	1
286	MTB15	O-Dealkylation | O-Demethylation	1 Step	MTB15-C	15	17935	Benzquinamide		CCN(CC)C(=O)C1CN2CCc3cc(OC)c(OC)cc3C2CC1OC(C)=O	CCN(CC)C(=O)C1CN2CCc3cc(OC)c(O)cc3C2CC1OC(C)=O		Rat | Dog | Human	Intragastric	Unspecified	Urine | Feces; Urine	3
1154	MTB51	O-Dealkylation | O-Demethylation	2 of 2	MTB51-C	69745	69749			COc1ccc([C@@H]2Sc3c(O)cccc3N(CCN(C)C)C(=O)[C@@H]2OC(C)=O)cc1	CC(=O)O[C@H]1C(=O)N(CCN(C)C)c2cccc(O)c2S[C@H]1c1ccc(O)cc1		in vitro (Human Liver Microsomes) | in vitro (Human Intestine Microsomes)				1
1155	MTB51	O-Dealkylation | O-Demethylation	1 of 2 | 1 of 4 | 1 of 4 | 1 of 4 | 1 of 5 | 1 of 3 | 1 of 3 | 1 of 4 | 1 of 2 | 1 of 2 | 1 of 4 | 1 of 4 | 1 of 4 | 1 of 5 | 1 of 3 | 1 of 4	MTB51-H | MTB51-I | MTB51-J | MTB51-K | MTB51-L | MTB51-M | MTB51-N | MTB51-O | MTB51-P | MTB51-Q | MTB51-R | MTB51-S | MTB51-T | MTB51-U | MTB51-V | MTB51-W	51	25444	Diltiazem		COc1ccc([C@@H]2Sc3ccccc3N(CCN(C)C)C(=O)[C@@H]2OC(C)=O)cc1	CC(=O)O[C@H]1C(=O)N(CCN(C)C)c2ccccc2S[C@H]1c1ccc(O)cc1	Cytochrome P450 (['CYP3A']) | Cytochrome P450 (['CYP2D6']) | Cytochrome P450	in vitro (Human Liver Microsomes) | in vitro (Human Intestine Microsomes) | in vitro (Rat Liver S9 Fraction) | in vitro (Human Liver S9 Fraction) | Human | in vitro (Human Liver Epithelium Cells, Transfected) | in vitro (Human Liver Epithelium Cells) | Rabbit | in vitro (Rat Liver Microsomes) | Dog | Rat	Oral | Intravenous | Intraarterial		Urine | Plasma	15
1165	MTB51	N-Demethylation | O-Deacetylation | O-Demethylation	1 of 2 | 1 of 2	MTB51-E | MTB51-F	51	18104	Diltiazem		COc1ccc([C@@H]2Sc3ccccc3N(CCN(C)C)C(=O)[C@@H]2OC(C)=O)cc1	CNCCN1C(=O)C(O)[C@H](c2ccc(O)cc2)Sc2ccccc21		Rabbit	Intravenous; Oral		Plasma | Urine	1
1168	MTB51	O-Deacetylation | O-Demethylation	1 of 2 | 1 of 3 | 1 of 3 | 1 of 2 | 1 of 2	MTB51-DC | MTB51-DD | MTB51-DE | MTB51-DF | MTB51-DG	51	18099	Diltiazem		COc1ccc([C@@H]2Sc3ccccc3N(CCN(C)C)C(=O)[C@@H]2OC(C)=O)cc1	CN(C)CCN1C(=O)C(O)[C@H](c2ccc(O)cc2)Sc2ccccc21		Rabbit	Intravenous; Oral		Urine	1
139	MTB6	Dehydrogenation	2 of 2	MTB6-AY	1474	66568	(Z)-10-Hydroxyamitriptyline		CN(C)CC/C=C1/c2ccccc2CC(O)c2ccccc21	CN(C)CC/C=C1/c2ccccc2CC(=O)c2ccccc21		in vitro (Human Liver Microsomes)				1
299	MTB17	C-Oxidation | Dehydrogenation	1 of 3 | 1 of 4 | 1 of 4 | 1 of 3 | 1 of 4 | 1 of 3 | 1 of 2 | 1 of 3 | 1 of 3 | 1 of 4 | 1 of 3 | 1 of 2 | 1 of 3 | 1 of 2 | 1 of 2 | 1 of 2	MTB17-K | MTB17-L | MTB17-M | MTB17-N | MTB17-O | MTB17-P | MTB17-Q | MTB17-R | MTB17-S | MTB17-T | MTB17-U | MTB17-V | MTB17-W | MTB17-X | MTB17-Y | MTB17-Z	17	8	Boldenon	Androsta-1,4-dien-3,17-dione	C[C@]12CC[C@H]3[C@@H](CCC4=CC(=O)C=C[C@@]43C)[C@@H]1CC[C@@H]2O	C[C@]12C=CC(=O)C=C1CC[C@@H]1[C@@H]2CC[C@]2(C)C(=O)CC[C@@H]12	17beta-Hydroxysteroid Oxidoreductase | 17beta-Hydroxysteroid Dehydrogenase	in vitro (Calf Liver Supernatant) | in vitro (Calf Liver S9 Fraction) | in vitro (Calf Liver Microsomes) | in vitro (Calf Liver Cytosol) | in vitro (Bovine Kidney S9 Fraction) | in vitro (Bovine Kidney Microsomes) | in vitro (Bovine Kidney Cytosol) | Calf | Cattle | in vitro (Horse Urine) | in vitro (Cattle Hepatocytes) | in vitro (Cattle Liver Microsomes) | Human	Oral | Intramuscular		Urine | Feces	7
324	MTB17	Dehydrogenation | Hydrogenation | Reduction	1 of 3 | 1 of 4 | 1 of 4 | 1 of 3 | 1 of 2 | 1 of 3 | 1 of 4	MTB17-AB | MTB17-AC | MTB17-AD | MTB17-AE | MTB17-AF | MTB17-AG | MTB17-AH	17	201	Boldenon	17beta-Hydroxy-5beta-androst-1-en-3-one	C[C@]12CC[C@H]3[C@@H](CCC4=CC(=O)C=C[C@@]43C)[C@@H]1CC[C@@H]2O	C[C@]12C=CC(=O)C[C@H]1CC[C@@H]1[C@@H]2CC[C@]2(C)[C@@H](O)CC[C@@H]12	5beta-Reductase	Human | Cattle	Oral		Urine	7
325	MTB17	C-Oxidation | Dehydrogenation	2 of 3 | 2 of 4 | 2 of 4	MTB17-AB | MTB17-AC | MTB17-AD	201	203	17beta-Hydroxy-5beta-androst-1-en-3-one	5beta-Androst-1-en-3,17-dione	C[C@]12C=CC(=O)C[C@H]1CC[C@@H]1[C@@H]2CC[C@]2(C)[C@@H](O)CC[C@@H]12	C[C@]12C=CC(=O)C[C@H]1CC[C@@H]1[C@@H]2CC[C@]2(C)C(=O)CC[C@@H]12	17beta-Hydroxysteroid Dehydrogenase	Cattle | Human	Oral		Urine	2
329	MTB17	C-Oxidation | Dehydrogenation | Hydrogenation | Reduction	2 of 3	MTB17-AE	201	204	17beta-Hydroxy-5beta-androst-1-en-3-one	3alpha-Hydroxy-5beta-androst-1-en-17-one	C[C@]12C=CC(=O)C[C@H]1CC[C@@H]1[C@@H]2CC[C@]2(C)[C@@H](O)CC[C@@H]12	C[C@]12C=C[C@@H](O)C[C@H]1CC[C@@H]1[C@@H]2CC[C@]2(C)C(=O)CC[C@@H]12		Human			Urine	1
61	MTB6	N-Dealkylation | N-Demethylation | Oxidative N-Dealkylation	2 of 3 | 2 of 3 | 2 of 4 | 2 of 3 | 2 of 3	MTB6-D | MTB6-E | MTB6-F | MTB6-G | MTB6-H	1475	1502	(E)-10-Hydroxyamitriptyline	(E)-10-Hydroxynortriptyline	CN(C)CC/C=C1\c2ccccc2CC(O)c2ccccc21	CNCC/C=C1\c2ccccc2CC(O)c2ccccc21	Cytochrome P450 (['CYP2C19']) | Cytochrome P450 (['CYP2C19', 'CYP1A2', 'CYP3A4', 'CYP2D6', 'CYP2B6', 'CYP2C8', 'CYP2C9']) | Cytochrome P450 | Cytochrome P450 (['CYP2D6'])	Human | Human (Depression Patients) | Rat | Human (Psychiatric Patients) | in vitro (Human AHH-1 TK+/- Cells Expressing Human CYP2D6) | Rat (Diabetic) | in vitro (Rat Liver Microsomes)	Oral | Intraperitoneal | Intravenous	O-Glucuronide | Glucuronide	Hair | Plasma | Blood | Urine | Spleen | Brain | Testes | Kidney | Liver | Serum | Bile	18
62	MTB6	Hydroxylation | N-Demethylation	1 of 2 | 1 of 2 | 1 of 3 | 1 of 2 | 1 of 2	MTB6-R | MTB6-S | MTB6-T | MTB6-U | MTB6-V	6	1502	Amitriptyline	(E)-10-Hydroxynortriptyline	CN(C)CCC=C1c2ccccc2CCc2ccccc21	CNCC/C=C1\c2ccccc2CC(O)c2ccccc21		Human		Glucuronide; Sulfate	Urine	1
63	MTB6	Demethylation | N-Dealkylation | N-Demethylation | Oxidative N-Dealkylation	1 of 3 | 1 of 3 | 1 of 4 | 1 of 3 | 1 of 3 | 1 of 2 | 1 of 3 | 1 of 3 | 1 of 2 | 1 of 2 | 1 of 3 | 1 of 2 | 1 of 2 | 1 of 3 | 1 of 3 | 1 of 3 | 1 of 3 | 1 of 3	MTB6-BG | MTB6-BH | MTB6-BI | MTB6-BJ | MTB6-BK | MTB6-BL | MTB6-BM | MTB6-BN | MTB6-BO | MTB6-BP | MTB6-BQ | MTB6-BR | MTB6-BS | MTB6-BT | MTB6-BU | MTB6-BV | MTB6-BW | MTB6-BX	6	132	Amitriptyline	Nortriptyline	CN(C)CCC=C1c2ccccc2CCc2ccccc21	CNCCC=C1c2ccccc2CCc2ccccc21	Cytochrome P450 | Cytochrome P450 (['CYP2C19', 'CYP2D6', 'CYP1A2', 'CYP3A4', 'CYP3A5']) | Cytochrome P450 (['CYP3A']) | Cytochrome P450 (['CYP2C19', 'CYP3A4']) | Cytochrome P450 (['CYP2D6']) | Cytochrome P450 (['CYP2C19', 'CYP3A4', 'CYP1A2']) | Cytochrome P450 (['CYP2C19']) | Cytochrome P450 (['CYP2C19', 'CYP2D6']) | Cytochrome P450 (['CYP1A2', 'CYP2C19', 'CYP3A4']) | Cytochrome P450 (['CYP2D6', 'CYP2C19']) | Cytochrome P450 (['CYP2C19', 'CYP1A2', 'CYP3A4', 'CYP2D6', 'CYP2B6', 'CYP2C8', 'CYP2C9']) | Cytochrome P450 (['CYP1A2']) | Cytochrome P450 (['CYP2B6']) | Cytochrome P450 (['CYP2C8']) | Cytochrome P450 (['CYP2C9']) | Cytochrome P450 (['CYP3A4']) | Cytochrome P450 (['CYP2A6', 'CYP2E1']) | Cytochrome P450 (['CYP1A2', 'CYP2B6', 'CYP2C8', 'CYP2C9', 'CYP2C19', 'CYP2D6', 'CYP3A4']) | Cytochrome P450 (['CYP2C19', 'CYP3A']) | Cytochrome P450 (['CYP1A2', 'CYP2C9', 'CYP2C19', 'CYP3A4']) | Cytochrome P450 (['CYP1A2', 'CYP2C9', 'CYP2C19', 'CYP2D6', 'CYP3A4']) | Cytochrome P450 (['CYP3A4', 'CYP2D6', 'CYP2C9']) | Cytochrome P450 (['CYP3A4', 'CYP2C9']) | Cytochrome P450 (['CYP3A2', 'CYP2C11']) | Cytochrome P450 (['CYP3A4', 'CYP2C9', 'CYP2D6']) | Cytochrome P450 (['CYP3A3', 'CYP3A4', 'CYP2C9']) | Cytochrome P450 (['CYP3A', 'CYP2C19']) | Cytochrome P450 (['CYP3A1']) | N-Demethylase	Human | Human (Child, Overdosed) | in vitro (Mouse Liver Microsomes) | in vitro (Rat Liver Microsomes) | in vitro (Dog Liver Microsomes) | in vitro (Human Liver Microsomes) | Dog | in vitro (Human Hepatocytes, Cryopreserved) | Rat | Human (Children) | in vitro (Rat Liver S9 Fraction) | in vitro (Rat Intestine S9 Fraction) | in vitro (Human Liver S9 Fraction) | in vitro (Human Intestine S9 Fraction) | in vitro (Rat Liver Supernatant) | in vitro (Rat Small Intestine Supernatant) | in vitro (Rat Stomach Supernatant) | Human (Overdosed) | Human (Psychiatric Patients) | Human (Depression Patients) | Human (Chinese) | in vitro (Lymphoblast Cells Expressing Human CYP1A2) | in vitro (Lymphoblast Cells Expressing Human CYP2B6) | in vitro (Lymphoblast Cells Expressing Human CYP2C8) | in vitro (Lymphoblast Cells Expressing Human CYP2C9) | in vitro (Lymphoblast Cells Expressing Human CYP2C19) | in vitro (Lymphoblast Cells Expressing Human CYP2D6) | in vitro (Lymphoblast Cells Expressing Human CYP3A4) | in vitro (Lymphoblast Cells Expressing Human CYP Isoenzymes) | in vitro (Human Lymphoblast Cell Microsomes Expressing Human CYP1A2) | in vitro (Human Lymphoblast Cell Microsomes Expressing Human CYP2B6) | in vitro (Human Lymphoblast Cell Microsomes Expressing Human CYP2C8) | in vitro (Human Lymphoblast Cell Microsomes Expressing Human CYP2C9) | in vitro (Human Lymphoblast Cell Microsomes Expressing Human CYP2C19) | in vitro (Human Lymphoblast Cell Microsomes Expressing Human CYP2D6) | in vitro (Human Lymphoblast Cell Microsomes Expressing Human CYP3A4) | in vitro (Human Lymphoblast Cell Microsomes Expressing Human CYP Isoenzym+ | Rat (Overdosed) | in vitro (Human Brain Microsomes) | in vitro (Rat Brain Microsomes) | in vitro (Rat Brain Mitochondria) | in vitro (Human B-Lymphoblastoid Cells, Transfected) | in vitro (Human Lymphoblast Cell Microsomes Expressing CYP Isoenzyme) | in vitro (Human AHH-1 TK+/- Cells Expressing Human CYP2D6) | Rat (Diabetic) | in vitro (Human Lymphoblastoma Cell Microsomes Expressing P450) | in vitro (Rat Liver Homogenate) | in vitro | Rabbit | Mouse	Oral | Intraperitoneal | Intravenous | Intraportal | Intragastric | Intraduodenal | Intramuscular | Transdermal | Intravenous; Oral	Unspecified	Blood, Femoral Vein, Postmortem | Blood | Plasma | Urine | Hair | Bone | Serum | Liver | Cerebrospinal Fluid | Feces + Gastrointestinal Tract | Brain | Stomach Contents | Bile | Heart | Kidney | Lung | Muscle | Spleen | Vitreous Humor | Testes | Brain; Serum | Brain; Plasma | Feces; Urine	125
64	MTB6	Aliphatic Hydroxylation | C-Hydroxylation | N-Demethylation	2 of 3 | 2 of 3 | 2 of 4 | 2 of 3 | 2 of 3	MTB6-BG | MTB6-BH | MTB6-BI | MTB6-BJ | MTB6-BK	132	1502	Nortriptyline	(E)-10-Hydroxynortriptyline	CNCCC=C1c2ccccc2CCc2ccccc21	CNCC/C=C1\c2ccccc2CC(O)c2ccccc21	Cytochrome P450 | Cytochrome P450 (['CYP2D6']) | Cytochrome P450 (['CYP2D6', 'CYP3A4']) | Cytochrome P450 (['CYP2D'])	in vitro (Mouse Liver Microsomes) | in vitro (Rat Liver Microsomes) | in vitro (Dog Liver Microsomes) | Human | Human (Children) | Human (Overdosed) | Human (Depression Patients) | Rat | Human (Psychiatric Patients) | in vitro (Human AHH-1 TK+/- Cells Expressing Human CYP2D6) | Rat (Diabetic)	Oral | Intraperitoneal | Intravenous	O-Glucuronide	Hair | Plasma | Blood | Serum | Urine | Spleen | Brain | Testes | Kidney | Liver | Bile	20
66	MTB6	Hydroxylation | N-Demethylation	1 of 2 | 1 of 2 | 1 of 2 | 1 of 2 | 1 of 2	MTB6-AJ | MTB6-AK | MTB6-AL | MTB6-AM | MTB6-AN	6	1476	Amitriptyline	(Z)-10-Hydroxynortriptyline	CN(C)CCC=C1c2ccccc2CCc2ccccc21	CNCC/C=C1/c2ccccc2CC(O)c2ccccc21		Human | Rat	Intraperitoneal	Glucuronide; Sulfate	Urine | Brain; Plasma	2
223	MTB8	Aromatization | Oxidative Dealkylation | Tautomerization	2 of 2	MTB8-U	37370	2068		Estrone	C[C@]12CC[C@H]3[C@@H](CCC4=CC(=O)C=C[C@@]43C=O)[C@@H]1CCC2=O	C[C@]12CC[C@@H]3c4ccc(O)cc4CC[C@H]3[C@@H]1CCC2=O	Cytochrome P450 (['CYP19A1'])	in vitro (Human Placenta Microsomes)				1
423	MTB22	Aromatization | Dehydration	3 of 3 | 2 of 2	MTB22-C | MTB22-F	38303	38304	4-(4-Boromophenyl)-4-hydroxypiperidine		OC1(c2ccc(Br)cc2)CCNCC1	Brc1ccc(-c2ccncc2)cc1		Rat | Dog | Human	Oral		Urine	1
454	MTB29	Aromatization | Hydrolysis | Rearrangement | Ring Opening	2 of 7 | 2 of 5 | 2 of 4 | 2 of 4 | 2 of 4 | 2 of 5 | 2 of 4 | 2 of 4 | 2 of 3	MTB29-BT | MTB29-BU | MTB29-BV | MTB29-BW | MTB29-BX | MTB29-BY | MTB29-BZ | MTB29-CA | MTB29-CB	38630	10036		2-Hydroxycarbamazepine	NC(=O)N1C2=C(C=Cc3ccccc31)C1OC1C=C2	NC(=O)N1c2ccccc2C=Cc2cc(O)ccc21		in vitro (Human Liver Microsomes) | Human | Rat	Oral		Urine	2
456	MTB29	Aromatization | Hydrolysis | Rearrangement | Reduction | Ring Opening	2 of 7 | 2 of 5 | 2 of 4 | 2 of 4 | 2 of 4 | 2 of 5 | 2 of 4 | 2 of 4 | 2 of 3	MTB29-DZ | MTB29-EA | MTB29-EB | MTB29-EC | MTB29-ED | MTB29-EE | MTB29-EF | MTB29-EG | MTB29-EH	31751	10036		2-Hydroxycarbamazepine	NC(=O)N1C2=CC3OC3C=C2C=Cc2ccccc21	NC(=O)N1c2ccccc2C=Cc2cc(O)ccc21		in vitro (Human Liver Microsomes) | Human | Rat	Oral		Urine	3
461	MTB29	Aromatization | Glutathionation | Reduction	4 of 6 | 5 of 7 | 5 of 7 | 2 of 4 | 3 of 5	MTB29-A | MTB29-BT | MTB29-DZ | MTB29-GW | MTB29-HA	39998	39999			O=c1ccc2nc3ccccc3ccc-2c1	N[C@@H](CCC(=O)N[C@@H](CSc1cc(O)cc2c1Nc1ccccc1C=C2)C(=O)NCC(=O)O)C(=O)O		in vitro (Human Liver Microsomes) | in vitro (Rat Liver Microsomes) | Human		Glutathione	Urine	2
102	MTB6	C-Hydroxylation | Dearomatization	1 Step	MTB6-P	6	17902	Amitriptyline		CN(C)CCC=C1c2ccccc2CCc2ccccc21	CN(C)CC/C=C1\C2=C(CCc3ccccc31)C(O)C(O)C=C2		Dog	Oral		Urine	1
109	MTB6	Dearomatization | Hydroxylation | Reduction	1 Step	MTB6-Y	6	17899	Amitriptyline		CN(C)CCC=C1c2ccccc2CCc2ccccc21	CN(C)CC/C=C1/C2=C(CCc3ccccc31)C(O)C(O)C=C2		Human	Oral		Urine	1
154	MTB6	C-Hydroxylation | Dearomatization	2 of 2	MTB6-BP	132	17904	Nortriptyline		CNCCC=C1c2ccccc2CCc2ccccc21	CNCC/C=C1\C2=C(CCc3ccccc31)C(O)C(O)C=C2		Dog	Oral		Urine	1
155	MTB6	Dearomatization	2 Step	MTB6-BP	6	17904	Amitriptyline		CN(C)CCC=C1c2ccccc2CCc2ccccc21	CNCC/C=C1\C2=C(CCc3ccccc31)C(O)C(O)C=C2						0
453	MTB29	Dearomatization | Epoxidation	1 of 4 | 1 of 3 | 1 of 2 | 1 of 7 | 1 of 5 | 1 of 4 | 1 of 4 | 1 of 4 | 1 of 5 | 1 of 4 | 1 of 4 | 1 of 3 | 1 of 2	MTB29-BQ | MTB29-BR | MTB29-BS | MTB29-BT | MTB29-BU | MTB29-BV | MTB29-BW | MTB29-BX | MTB29-BY | MTB29-BZ | MTB29-CA | MTB29-CB | MTB29-CC	29	38630	Carbamazepine		NC(=O)N1c2ccccc2C=Cc2ccccc21	NC(=O)N1C2=C(C=Cc3ccccc31)C1OC1C=C2	Cytochrome P450	in vitro (Human Liver Microsomes) | Human | Rat	Oral		Urine	4
23	MTB4	Epoxidation	1 of 2	MTB4-A	4	17879	Allobarbital		C=CCC1(CC=C)C(=O)NC(=O)NC1=O	C=CCC1(CC2CO2)C(=O)NC(=O)NC1=O		Rat | Guinea Pig			Urine	4
113	MTB6	Epoxidation	1 of 2 | 1 of 2	MTB6-AC | MTB6-AD	6	58988	Amitriptyline		CN(C)CCC=C1c2ccccc2CCc2ccccc21	CN(C)CC/C=C1/C2=C(CCc3ccccc31)C1OC1C=C2	Cytochrome P450 (['CYP2D6', 'CYP3A4', 'CYP3A5', 'CYP1A2'])	in vitro (Human Liver Microsomes)				1
147	MTB6	Epoxidation	2 of 3 | 2 of 3	MTB6-BM | MTB6-BN	132	58990	Nortriptyline		CNCCC=C1c2ccccc2CCc2ccccc21	CNCC/C=C1/C2=C(CCc3ccccc31)C1OC1C=C2	Cytochrome P450 (['CYP2D6', 'CYP3A4', 'CYP3A5', 'CYP1A2'])	in vitro (Human Liver Microsomes)				1
268	MTB13	Epoxidation	1 of 2	MTB13-B	13	17923	Aprobarbital		C=CCC1(C(C)C)C(=O)NC(=O)NC1=O	CC(C)C1(CC2CO2)C(=O)NC(=O)NC1=O		Rat			Urine	2
453	MTB29	Dearomatization | Epoxidation	1 of 4 | 1 of 3 | 1 of 2 | 1 of 7 | 1 of 5 | 1 of 4 | 1 of 4 | 1 of 4 | 1 of 5 | 1 of 4 | 1 of 4 | 1 of 3 | 1 of 2	MTB29-BQ | MTB29-BR | MTB29-BS | MTB29-BT | MTB29-BU | MTB29-BV | MTB29-BW | MTB29-BX | MTB29-BY | MTB29-BZ | MTB29-CA | MTB29-CB | MTB29-CC	29	38630	Carbamazepine		NC(=O)N1c2ccccc2C=Cc2ccccc21	NC(=O)N1C2=C(C=Cc3ccccc31)C1OC1C=C2	Cytochrome P450	in vitro (Human Liver Microsomes) | Human | Rat	Oral		Urine	4
3	MTB1	Dehalogenation	2 of 2	MTB1-B	34	17867	Carbromal		CCC(Br)(CC)C(=O)NC(N)=O	CCC(CC)C(=O)NC(N)=O		in vitro (Rabbit Liver Homogenate) | Rabbit			Urine	3
369	MTB18	Dehalogenation | Oxidation	1 of 2	MTB18-A	18	17954	Brallobarbital		C=CCC1(CC(=C)Br)C(=O)NC(=O)NC1=O	C=CCC1(CC(C)=O)C(=O)NC(=O)NC1=O		Human | Dog			Urine	3
390	MTB21	Dehalogenation | Reductive Dehalogenation	1 Step	MTB21-A	21	17968	Bromisoval		CC(C)C(Br)C(=O)NC(N)=O	CC(C)CC(=O)NC(N)=O		Rat | in vitro (Rat Blood) | in vitro (Rat Erythrocytes) | in vitro (Rat Plasma) | Human | Rabbit | in vitro (Rat Liver Homogenate) | in vitro (Human Liver Homogenate)	Intraperitoneal | Oral		Plasma | Urine | Liver | Feces; Urine	9
391	MTB21	Dehalogenation | Radical Formation	1 of 2	MTB21-B	21	34059	Bromisoval		CC(C)C(Br)C(=O)NC(N)=O	CC(C)[CH]C(=O)NC(N)=O	Cytochrome P450	in vitro (Rat Liver Microsomes)				1
394	MTB21	Dehalogenation | Glutathionation | Inversion	2 of 2	MTB21-C	6713	24830	(S)-2-Bromoisovalerylurea		CC(C)[C@H](Br)C(=O)NC(N)=O	CC(C)[C@@H](SC[C@H](NC(=O)CC[C@H](N)C(=O)O)C(=O)NCC(=O)O)C(=O)NC(N)=O	Glutathione Transferase (['GST alpha'])	in vitro (Rat Liver Perfusion)		Glutathione	Bile	1
572	MTB29	Covalent Binding | DNA Binding	2 of 2	MTB29-AR	1477	52294	Carbamazepine 10,11-epoxide	Unspecified Metabolite	NC(=O)N1c2ccccc2C2OC2c2ccccc21			in vitro (Rat Liver Microsomes)				1
680	MTB29	DNA Binding | Protein Binding	1 Step	MTB29-HM	29	29463	Carbamazepine		NC(=O)N1c2ccccc2C=Cc2ccccc21	*NC(=O)N1c2ccccc2C=Cc2ccccc21	Cytochrome P450 (['CYP3A'])	in vitro (Human Liver Microsomes) | in vitro (Mouse Liver Microsomes)				2
4023	MTB271	DNA Binding	2 of 2	MTB271-H	18758	66884			CC/C(=C(/CC)c1ccc(O)c(O)c1)c1ccc(O)cc1	*N1C=NC2=C(N)N=CN(c3cc(O)c(O)cc3/C(CC)=C(\CC)c3ccc(O)cc3)C21		in vitro (Human Breast Epithelium Cells, MCF-10F)				1
4028	MTB271	DNA Binding	2 of 2	MTB271-J	18758	66885			CC/C(=C(/CC)c1ccc(O)c(O)c1)c1ccc(O)cc1	*n1c[n+](-c2cc(O)c(O)cc2/C(CC)=C(\CC)c2ccc(O)cc2)c2c(=O)[nH]c(N)nc21		in vitro (Human Breast Epithelium Cells, MCF-10F)				1
4030	MTB271	DNA Binding	2 of 2 | 3 of 3	MTB271-K | MTB271-S	3556	52938	Diethylstilbestrol quinone		CCC(=C1C=CC(=O)C=C1)C(CC)=C1C=CC(=O)C=C1	*c1cc(/C(CC)=C(\CC)c2ccc(O)cc2)ccc1O		Rat (Female) | in vitro (Rat Breast Mitochondria, Female) | in vitro (Rat Breast Microsomes, Female) | in vitro (Rat Breast Nuclei, Female)	Intraperitoneal		Breast Mitochondria | Breast Nuclei	1
93	MTB6	Conjugation | Glucuronidation | N-Glucuronidation | Quaternization	1 of 2 | 1 of 2	MTB6-AE | MTB6-AF	6	4105	Amitriptyline	Amitriptyline N-beta-D-glucuronide	CN(C)CCC=C1c2ccccc2CCc2ccccc21	C[N+](C)(CCC=C1c2ccccc2CCc2ccccc21)[C@@H]1O[C@H](C(=O)O)[C@@H](O)[C@H](O)[C@H]1O	UDP-Glucuronosyltransferase (['UGT2B10', 'UGT1A3', 'UGT1A4']) | UDP-Glucuronosyltransferase | UDP-Glucuronosyltransferase (['UGT1A4']) | UDP-Glucuronosyltransferase (['UGT1A3', 'UGT1A4']) | UDP-Glucuronosyltransferase (['UGT1.4'])	in vitro (Human Liver Microsomes) | Human | in vitro (Dog Liver Microsomes) | in vitro (Rat Liver Microsomes) | Human (Depression Patients) | in vitro (Human HK 293 Cells, Transfected) | in vitro (Human Kidney 293 Cells Expressing Human UGT) | in vitro (Human Kidney 293 Cell Homogenate Expressing UGT1.4) | in vitro (Human Kidney 293 Cells, Embryonic)	Oral	N-Glucuronide	Urine	16
301	MTB17	Conjugation	3 of 3 | 3 of 3	MTB17-B | MTB17-N	24542	26666			C[C@]12C=CC(=O)C=C1[C@H](O)C[C@@H]1[C@@H]2CC[C@]2(C)C(=O)CC[C@@H]12	*O[C@@H]1C[C@@H]2[C@H](CC[C@]3(C)C(=O)CC[C@@H]23)[C@@]2(C)C=CC(=O)C=C12		Human	Oral	Unspecified	Urine	1
304	MTB17	Conjugation	4 of 4 | 4 of 4	MTB17-C | MTB17-O	24540	26660			C[C@]12C=CC(=O)C[C@H]1[C@H](O)C[C@@H]1[C@@H]2CC[C@]2(C)C(=O)CC[C@@H]12	*OC1=C[C@H]2[C@H](O)C[C@@H]3[C@H](CC[C@]4(C)C(=O)CC[C@@H]34)[C@@]2(C)C=C1		Human	Oral	Unspecified	Urine	1
308	MTB17	Conjugation	2 of 2	MTB17-E	24541	26665			C[C@]12CC[C@H]3[C@@H](C[C@@H](O)C4=CC(=O)C=C[C@@]43C)[C@@H]1CC[C@@H]2O	*O[C@H]1CC[C@H]2[C@@H]3C[C@@H](O)C4=CC(=O)C=C[C@]4(C)[C@H]3CC[C@]12C		Human	Oral	Unspecified	Urine	1
326	MTB17	Conjugation	3 of 3 | 3 of 3	MTB17-K | MTB17-AB	203	26661	5beta-Androst-1-en-3,17-dione		C[C@]12C=CC(=O)C[C@H]1CC[C@@H]1[C@@H]2CC[C@]2(C)C(=O)CC[C@@H]12	*OC1=C[C@H]2CC[C@@H]3[C@H](CC[C@]4(C)C(=O)CC[C@@H]34)[C@@]2(C)C=C1		Human	Oral	Unspecified	Urine	1
58	MTB6	Glucuronidation | Protein Binding	1 Step	MTB6-B	6	24711	Amitriptyline	Unspecified Metabolite	CN(C)CCC=C1c2ccccc2CCc2ccccc21			Human | in vitro (Bovine Brain Synaptic Plasma Membrane)	Intravenous	N-Glucuronide	Urine	2
465	MTB29	Covalent Binding | Protein Binding	4 of 4 | 5 of 5 | 5 of 5 | 2 of 2 | 3 of 3	MTB29-B | MTB29-BU | MTB29-EA | MTB29-GX | MTB29-HB	39998	56488		Unspecified Metabolite	O=c1ccc2nc3ccccc3ccc-2c1			in vitro (Human Liver Microsomes) | in vitro (Rat Liver Microsomes) | Rat	Oral		Plasma | Liver	1
519	MTB29	Covalent Binding | Protein Binding	2 of 2	MTB29-M	1477	54163	Carbamazepine 10,11-epoxide	Unspecified Metabolite	NC(=O)N1c2ccccc2C2OC2c2ccccc21			in vitro (Human Liver Microsomes)				1
520	MTB29	Protein Binding	2 of 2	MTB29-N	1477	30299	Carbamazepine 10,11-epoxide	Unspecified Metabolite	NC(=O)N1c2ccccc2C2OC2c2ccccc21			Human	Oral		Plasma	1
548	MTB29	Protein Binding	5 of 5 | 3 of 3 | 3 of 3 | 2 of 2 | 3 of 3 | 4 of 4	MTB29-AB | MTB29-AO | MTB29-CR | MTB29-FY | MTB29-GA | MTB29-GO	17994	29557			O=Cc1c2ccccc2nc2ccccc12	*C(=O)c1c2ccccc2nc2ccccc12		in vitro (Human Neutrophils)				1
436	MTB26	O-Methylation	3 of 3 | 3 of 3	MTB26-A | MTB26-B	17981	17983			CCCCNCC1COc2cc(O)c(O)cc2O1	CCCCNCC1COc2cc(O)c(OC)cc2O1		in vitro (Rat Liver Microsomes)				1
474	MTB29	O-Alkylation | O-Methylation	3 of 3 | 4 of 4 | 4 of 4 | 4 of 4 | 4 of 4 | 3 of 3	MTB29-D | MTB29-BQ | MTB29-BW | MTB29-EC | MTB29-EV | MTB29-HJ	38631	38633			NC(=O)N1c2ccccc2C=Cc2c1ccc(O)c2O	COc1c(O)ccc2c1C=Cc1ccccc1N2C(N)=O		Human | Rat	Oral		Urine	1
495	MTB29	O-Alkylation | O-Methylation	3 of 4 | 4 of 5 | 2 of 3 | 4 of 5 | 4 of 5 | 4 of 5 | 3 of 4	MTB29-F | MTB29-BY | MTB29-CH | MTB29-CX | MTB29-DP | MTB29-EE | MTB29-FN	18000	18004			NC(=O)N1c2ccccc2C=Cc2cc(O)c(O)cc21	COc1cc2c(cc1O)C=Cc1ccccc1N2C(N)=O		Human | Rat	Oral	O-Glucuronide	Urine	2
1353	MTB64	Aromatic Hydroxylation | Aromatic Methoxylation | C-Hydroxylation | O-Methylation	1 Step	MTB64-A	64	18160	Methylphenobarbital		CCC1(c2ccccc2)C(=O)NC(=O)N(C)C1=O	CCC1(c2ccc(O)c(OC)c2)C(=O)NC(=O)N(C)C1=O		Human	Oral		Urine	2
1366	MTB64	Aromatic Hydroxylation | C-Hydroxylation | O-Methylation	3 of 3 | 2 of 2 | 3 of 3	MTB64-E | MTB64-G | MTB64-J	764	20498	Phenobarbital		CCC1(c2ccccc2)C(=O)NC(=O)NC1=O	CCC1(c2ccc(O)c(OC)c2)C(=O)NC(=O)NC1=O		Human	Oral		Urine	1
41	MTB5	Optical Resolution	1 of 2	MTB5-H	5	31867	Aminoglutethimide	(R)-Aminoglutethimide	CCC1(c2ccc(N)cc2)CCC(=O)NC1=O	CC[C@]1(c2ccc(N)cc2)CCC(=O)NC1=O		Human	Oral		Plasma | Urine | Saliva	2
45	MTB5	Optical Resolution	1 of 2	MTB5-K	5	14142	Aminoglutethimide	(S)-Aminoglutethimide	CCC1(c2ccc(N)cc2)CCC(=O)NC1=O	CC[C@@]1(c2ccc(N)cc2)CCC(=O)NC1=O		Human	Oral		Plasma | Urine | Saliva	2
393	MTB21	Optical Resolution	1 of 2 | 1 of 3	MTB21-C | MTB21-D	21	6713	Bromisoval	(S)-2-Bromoisovalerylurea	CC(C)C(Br)C(=O)NC(N)=O	CC(C)[C@H](Br)C(=O)NC(N)=O		Human | in vitro (Rat Liver Perfusion)	Oral		Serum | Bile	2
406	MTB21	Optical Resolution	1 of 2	MTB21-I	21	6714	Bromisoval	(R)-2-Bromoisovalerylurea	CC(C)C(Br)C(=O)NC(N)=O	CC(C)[C@@H](Br)C(=O)NC(N)=O		Human | in vitro (Rat Liver Perfusion)	Oral		Serum | Bile	2
1756	MTB96	Enantiomerization | Optical Resolution	1 of 3 | 1 of 3 | 1 of 2 | 1 of 2	MTB96-C | MTB96-D | MTB96-E | MTB96-F	96	1744	Mephenytoin	(S)-Mephenytoin	CCC1(c2ccccc2)NC(=O)N(C)C1=O	CC[C@@]1(c2ccccc2)NC(=O)N(C)C1=O	Cytochrome P450 (['CYP2C19']) | Cytochrome P450 (['CYPC19'])	Human | Human (CYP2C19 Extensive Metabolizer) | Human (CYP2C19 Poor Metabolizer) | Human (HIV Infected Patients) | Human (Sclerosis Patients) | Human (Extensive Metabolizer) | Human (Poor Metabolizer) | Human (Chinese Dai) | in vitro (Human Liver Microsomes) | Human (Bladder Cancer Patients) | Human (Gastroenterological Patients)	Oral		Urine | Plasma | Plasma + Urine	64
31	MTB5	N-Acetylation | N-Acylation	2 of 2	MTB5-C	37923	37924			CC[C@@]1(c2ccc(N)cc2)C[C@H](O)C(=O)NC1=O	CC[C@@]1(c2ccc(NC(C)=O)cc2)C[C@H](O)C(=O)NC1=O		Human		N-Acetate	Urine	1
32	MTB5	N-Acetylation | N-Acylation	1 of 2 | 1 of 2 | 1 of 3 | 1 of 2 | 1 of 2	MTB5-N | MTB5-O | MTB5-P | MTB5-Q | MTB5-R	5	17881	Aminoglutethimide		CCC1(c2ccc(N)cc2)CCC(=O)NC1=O	CCC1(c2ccc(NC(C)=O)cc2)CCC(=O)NC1=O		Rat | Guinea Pig | Rabbit | Dog | Human | Rat (Bile Duct Cannulated)	Oral	N-Acetate	Urine | Bile	5
35	MTB5	Aliphatic Hydroxylation | N-Acetylation | N-Deacylation | Ring Closure	1 Step	MTB5-D	5	17882	Aminoglutethimide		CCC1(c2ccc(N)cc2)CCC(=O)NC1=O	CC(=O)Nc1ccc(C2(CCC(N)=O)CCOC2=O)cc1		Rat | Guinea Pig | Rabbit | Dog | Human	Oral		Urine	1
40	MTB5	N-Acetylation	1 Step	MTB5-G	5	24696	Aminoglutethimide		CCC1(c2ccc(N)cc2)CCC(=O)NC1=O	CC[C@]1(c2ccc(NC(C)=O)cc2)CCC(=O)NC1=O		Human			Urine	1
42	MTB5	N-Acetylation | N-Acylation	2 of 2	MTB5-H	31867	24696	(R)-Aminoglutethimide		CC[C@]1(c2ccc(N)cc2)CCC(=O)NC1=O	CC[C@]1(c2ccc(NC(C)=O)cc2)CCC(=O)NC1=O		Human	Oral		Plasma | Urine | Saliva	2
387	MTB20	S-Oxidation	2 of 3	MTB20-G	17961	17966			CSc1cccc(C2=NCC(=O)Nc3ccc(Br)cc32)n1	CS(=O)c1cccc(C2=NCC(=O)Nc3ccc(Br)cc32)n1		Rat	Oral		Feces; Urine	1
388	MTB20	S-Oxidation	3 of 3	MTB20-G	17966	17967			CS(=O)c1cccc(C2=NCC(=O)Nc3ccc(Br)cc32)n1	CS(=O)(=O)c1cccc(C2=NCC(=O)Nc3ccc(Br)cc32)n1		Rat	Oral		Feces; Urine	1
442	MTB27	S-Oxidation	1 Step	MTB27-C	27	17987	Butaperazin		CCCC(=O)c1ccc2c(c1)N(CCCN1CCN(C)CC1)c1ccccc1S2	CCCC(=O)c1ccc2c(c1)N(CCCN1CCN(C)CC1)c1ccccc1S2=O		Rat	Oral		Feces; Urine	1
443	MTB27	S-Oxidation	1 Step	MTB27-D	27	17988	Butaperazin		CCCC(=O)c1ccc2c(c1)N(CCCN1CCN(C)CC1)c1ccccc1S2	CCCC(=O)c1ccc2c(c1)N(CCCN1CCN(C)CC1)c1ccccc1S2(=O)=O		Rat	Oral		Feces; Urine	1
539	MTB29	Aromatization | Dehydration | Hydrolysis | S-Methylation | S-Oxidation	3 of 3	MTB29-Z	31758	34272			NC(=O)N1C2=CC(SC[C@H](NC(=O)CC[C@H](N)C(=O)O)C(=O)NCC(=O)O)C(O)C=C2C2OC2c2ccccc21	CS(=O)(=O)c1ccc2c(c1)N(C(N)=O)c1ccccc1C1OC21	Cysteine beta-Lyase | Thiol Methyltransferase	Mouse	Intraperitoneal		Urine	1
474	MTB29	O-Alkylation | O-Methylation	3 of 3 | 4 of 4 | 4 of 4 | 4 of 4 | 4 of 4 | 3 of 3	MTB29-D | MTB29-BQ | MTB29-BW | MTB29-EC | MTB29-EV | MTB29-HJ	38631	38633			NC(=O)N1c2ccccc2C=Cc2c1ccc(O)c2O	COc1c(O)ccc2c1C=Cc1ccccc1N2C(N)=O		Human | Rat	Oral		Urine	1
495	MTB29	O-Alkylation | O-Methylation	3 of 4 | 4 of 5 | 2 of 3 | 4 of 5 | 4 of 5 | 4 of 5 | 3 of 4	MTB29-F | MTB29-BY | MTB29-CH | MTB29-CX | MTB29-DP | MTB29-EE | MTB29-FN	18000	18004			NC(=O)N1c2ccccc2C=Cc2cc(O)c(O)cc21	COc1cc2c(cc1O)C=Cc1ccccc1N2C(N)=O		Human | Rat	Oral	O-Glucuronide	Urine	2
2275	MTB145	O-Alkylation	3 of 3	MTB145-B	18408	18409			NC(=O)NC(=O)Cc1ccc(O)c(O)c1	COc1cc(CC(=O)NC(N)=O)ccc1O		Rabbit			Urine	1
3450	MTB224	O-Alkylation | O-Methylation	2 of 3 | 2 of 3 | 2 of 3	MTB224-Q | MTB224-R | MTB224-S	7263	18635	2-Hydroxy-17alpha-ethinylestradiol		C#C[C@]1(O)CC[C@H]2[C@@H]3CCc4cc(O)c(O)cc4[C@H]3CC[C@@]21C	C#C[C@]1(O)CC[C@H]2[C@@H]3CCc4cc(OC)c(O)cc4[C@H]3CC[C@@]21C		Rat | in vitro (Rat Liver) | Human	Intravenous | Intravenous; Oral	Glucuronide	Bile | Urine	6
3461	MTB224	O-Alkylation | O-Methylation	2 of 3 | 2 of 3 | 2 of 4 | 2 of 3	MTB224-V | MTB224-W | MTB224-X | MTB224-Y	7263	18636	2-Hydroxy-17alpha-ethinylestradiol		C#C[C@]1(O)CC[C@H]2[C@@H]3CCc4cc(O)c(O)cc4[C@H]3CC[C@@]21C	C#C[C@]1(O)CC[C@H]2[C@@H]3CCc4cc(O)c(OC)cc4[C@H]3CC[C@@]21C	Cytochrome P450 | Catechol O-Methyltransferase	in vitro (Human Liver Microsomes) | in vitro (Human Hepatocytes) | in vitro (Human Cells, HepaRG) | in vitro (Human Liver S9 Fraction) | Rat | Human | in vitro (Rat Liver)	Intravenous | Oral | Intravenous; Oral	Unspecified | Glucuronide; Sulfate	Bile | Urine | Feces; Urine	14
859	MTB46	Isomerization	1 Step	MTB46-B	46	42587	Clopenthixol		OCCN1CCN(CC/C=C2/c3ccccc3Sc3ccc(Cl)cc32)CC1	OCCN1CCN(CC/C=C2\c3ccccc3Sc3ccc(Cl)cc32)CC1		Human (Schizophrenia Patients) | Human	Oral		Plasma | Blood | Gastric Contents | Urine | Brain | Liver | Kidney | Lung | Vitreous Humor | Skeletal Muscle	3
933	MTB50	Dearomatization | Dehydrogenation | Isomerization | N-Oxidation | Oxidation | Quaternization | Tautomerization	1 of 2 | 1 of 2 | 1 of 3 | 1 of 3 | 1 of 4 | 1 of 3 | 1 of 3 | 1 of 3 | 1 of 2 | 1 of 2 | 1 of 2 | 1 of 2 | 1 of 3 | 1 of 2 | 1 of 2 | 1 of 2 | 1 of 2 | 1 of 2	MTB50-X | MTB50-Y | MTB50-Z | MTB50-AA | MTB50-AB | MTB50-AC | MTB50-AD | MTB50-AE | MTB50-AF | MTB50-AG | MTB50-AH | MTB50-AI | MTB50-AJ | MTB50-AK | MTB50-AL | MTB50-AM | MTB50-AN | MTB50-AO	50	37250	Clozapine		CN1CCN(C2=Nc3cc(Cl)ccc3Nc3ccccc32)CC1	CN1CC[N+](=c2nc3cc(Cl)ccc3nc3ccccc23)CC1	Cytochrome P450 | Cytochrome P450 (['CYP3A']) | Myeloperoxidase | Peroxidase	in vitro (Human Liver Microsomes) | in vitro (Rat Hepatocytes) | in vitro (Human Neutrophils) | in vitro (Rabbit Neutrophils) | in vitro (Rat Liver Microsomes) | Rat | Mouse | in vitro (Mouse Liver Microsomes) | in vitro (Mouse Heart Microsomes) | in vitro (Human Neutrophil Blood Cells)	Oral | Intraperitoneal		Plasma | Liver | Heart | Kidney	19
934	MTB50	Aromatization | Glutathionation | Isomerization | Reduction | Tautomerization	2 of 3 | 2 of 3 | 2 of 4 | 2 of 3	MTB50-Z | MTB50-AA | MTB50-AB | MTB50-AC	37250	31871			CN1CC[N+](=c2nc3cc(Cl)ccc3nc3ccccc23)CC1	CN1CCN(C2=Nc3cc(Cl)cc(SC[C@H](NC(=O)CC[C@H](N)C(=O)O)C(=O)NCC(=O)O)c3Nc3ccccc32)CC1		in vitro (Human Liver Microsomes) | in vitro (Human Neutrophils) | in vitro (Rabbit Neutrophils) | in vitro (Rat Liver Microsomes) | in vitro (Mouse Liver Microsomes) | in vitro (Mouse Heart Microsomes) | in vitro (Human Neutrophil Blood Cells)		Glutathione		14
1002	MTB50	Aromatization | Glutathionation | Isomerization | Tautomerization	2 of 3	MTB50-AJ	37250	31870			CN1CC[N+](=c2nc3cc(Cl)ccc3nc3ccccc23)CC1	CN1CCN(C2=Nc3c(ccc(Cl)c3SC[C@H](NC(=O)CC[C@H](N)C(=O)O)C(=O)NCC(=O)O)Nc3ccccc32)CC1		in vitro (Human Liver Microsomes) | in vitro (Rat Liver Microsomes) | in vitro (Human Neutrophil Blood Cells)		Glutathione		5
1009	MTB50	Glutathionation | Isomerization | Tautomerization	2 of 2	MTB50-AK	37250	31874			CN1CC[N+](=c2nc3cc(Cl)ccc3nc3ccccc23)CC1	CN1CCN(C2=Nc3cc(Cl)c(SC[C@H](NC(=O)CC[C@H](N)C(=O)O)C(=O)NCC(=O)O)cc3Nc3ccccc32)CC1	Glutathione Transferase (['GST M1-1']) | Glutathione Transferase	in vitro (Human Liver Microsomes) | in vitro (Rat Liver Microsomes)		Glutathione		3
125	MTB6	Oxidative Deamination | Oxidative N-Dealkylation	1 Step	MTB6-AI	6	2089	Amitriptyline	Dimethylamine	CN(C)CCC=C1c2ccccc2CCc2ccccc21	CNC	Deaminase	in vitro (Guinea Pig Liver Microsomes) | in vitro (Rat Liver Microsomes) | in vitro (Rabbit Liver Microsomes)				1
417	MTB22	N-Dealkylation | Oxidation | Oxidative Deamination	1 of 2	MTB22-B	22	17916	Bromperidol		O=C(CCCN1CCC(O)(c2ccc(Br)cc2)CC1)c1ccc(F)cc1	O=C(O)CCC(=O)c1ccc(F)cc1	Cytochrome P450 (['CYP3A4']) | Cytochrome P450 (['CYP3A'])	in vitro (Human Liver Microsomes) | in vitro (Rat Liver Microsomes) | Rat	Subcutaneous		Feces; Urine	3
740	MTB36	Deamination | Oxidation | Oxidative Deamination | Tautomerization	2 of 3 | 2 of 5 | 2 of 4 | 2 of 5 | 2 of 3 | 2 of 3 | 2 of 3	MTB36-B | MTB36-C | MTB36-D | MTB36-E | MTB36-F | MTB36-G | MTB36-H	17753	74		Demoxepam	NC1=Nc2ccc(Cl)cc2C(c2ccccc2)=[N+]([O-])C1	O=C1C[N+]([O-])=C(c2ccccc2)c2cc(Cl)ccc2N1		Human | Mouse | Dog	Oral		Urine | Blood | Feces; Urine	5
741	MTB36	Hydroxylation | N-Dealkylation | Oxidative Deamination | Tautomerization	1 of 2 | 1 of 4 | 1 of 3 | 1 of 4 | 1 of 2 | 1 of 2 | 1 of 2	MTB36-I | MTB36-J | MTB36-K | MTB36-L | MTB36-M | MTB36-N | MTB36-O	36	74	Chlordiazepoxide	Demoxepam	CNC1=Nc2ccc(Cl)cc2C(c2ccccc2)=[N+]([O-])C1	O=C1C[N+]([O-])=C(c2ccccc2)c2cc(Cl)ccc2N1		in vitro (Human Blood) | in vitro (Human Bile) | in vitro (Human Eye Vitreous Humor) | Human	Intravenous		Plasma	2
745	MTB36	C-Hydroxylation | Deamination | Hydrogenation | N-Reduction | Oxidative Deamination | Tautomerization	1 of 3 | 1 of 2 | 1 of 3	MTB36-R | MTB36-S | MTB36-T	36	2057	Chlordiazepoxide	Nordazepam	CNC1=Nc2ccc(Cl)cc2C(c2ccccc2)=[N+]([O-])C1	O=C1CN=C(c2ccccc2)c2cc(Cl)ccc2N1		Human			Blood | Brain | Urine	3
29	MTB5	N-Oxidation	1 Step	MTB5-B	5	37928	Aminoglutethimide		CCC1(c2ccc(N)cc2)CCC(=O)NC1=O	CCC1(c2ccc([N+](=O)[O-])cc2)CCC(=O)NC1=O		Human | Rat | Rat (Bile Duct Cannulated)	Oral		Urine | Bile	2
108	MTB6	N-Demethylation | N-Oxidation	1 Step	MTB6-X	6	29418	Amitriptyline		CN(C)CCC=C1c2ccccc2CCc2ccccc21	O=NCCC=C1c2ccccc2CCc2ccccc21	Cytochrome P450 (['CYP3A'])	in vitro (Rat Liver Microsomes)				1
122	MTB6	N-Oxidation	2 of 3	MTB6-AH	1501	20810	(E)-2-Hydroxyamitriptyline		CN(C)CC/C=C1\c2ccccc2CCc2cc(O)ccc21	C[N+](C)([O-])CC/C=C1\c2ccccc2CCc2cc(O)ccc21	Cytochrome P450	in vitro (Mouse Liver Microsomes) | in vitro (Rat Liver Microsomes) | in vitro (Dog Liver Microsomes)				1
135	MTB6	N-Oxidation	1 Step	MTB6-AO	6	832	Amitriptyline	Amitriptylinoxide	CN(C)CCC=C1c2ccccc2CCc2ccccc21	C[N+](C)([O-])CCC=C1c2ccccc2CCc2ccccc21		in vitro (Human Liver Microsomes) | in vitro (Rat Liver S9 Fraction) | Human | Dog | Rat	Intravenous | Oral		Urine | Feces; Urine	8
143	MTB6	N-Oxidation	2 of 2	MTB6-BB	1474	17883	(Z)-10-Hydroxyamitriptyline		CN(C)CC/C=C1/c2ccccc2CC(O)c2ccccc21	C[N+](C)([O-])CC/C=C1/c2ccccc2CC(O)c2ccccc21		Dog | Human			Urine	3
78	MTB6	O-Conjugation	3 of 3 | 2 of 2 | 3 of 3	MTB6-G | MTB6-U | MTB6-BJ	1502	38617	(E)-10-Hydroxynortriptyline		CNCC/C=C1\c2ccccc2CC(O)c2ccccc21	*OC1Cc2ccccc2/C(=C\CCNC)c2ccccc21		Human	Oral	O-Glucuronide and/or O-Sulfate	Plasma	1
90	MTB6	O-Conjugation	2 of 2	MTB6-L	1475	45627	(E)-10-Hydroxyamitriptyline		CN(C)CC/C=C1\c2ccccc2CC(O)c2ccccc21	*OC1Cc2ccccc2/C(=C\CCN(C)C)c2ccccc21		Human	Oral	O-Glucuronide and/or O-Sulfate	Plasma	1
182	MTB8	O-Conjugation	2 of 2	MTB8-B	17945	49907			C[C@]12CC[C@H]3[C@@H](CCC4=CC(=O)C=C[C@@]43C)[C@@H]1CC[C@H]2O	*O[C@@H]1CC[C@H]2[C@@H]3CCC4=CC(=O)C=C[C@]4(C)[C@H]3CC[C@]12C		Calf	Oral	O-Glucuronide and/or O-Sulfate	Urine	1
212	MTB8	O-Conjugation	2 of 2	MTB8-N	17	49906	Boldenon		C[C@]12CC[C@H]3[C@@H](CCC4=CC(=O)C=C[C@@]43C)[C@@H]1CC[C@@H]2O	*O[C@H]1CC[C@H]2[C@@H]3CCC4=CC(=O)C=C[C@]4(C)[C@H]3CC[C@]12C		Calf	Oral	O-Glucuronide and/or O-Sulfate	Urine	1
342	MTB17	O-Conjugation	3 of 3 | 2 of 2	MTB17-R | MTB17-AO	17945	49907			C[C@]12CC[C@H]3[C@@H](CCC4=CC(=O)C=C[C@@]43C)[C@@H]1CC[C@H]2O	*O[C@@H]1CC[C@H]2[C@@H]3CCC4=CC(=O)C=C[C@]4(C)[C@H]3CC[C@]12C		Calf	Oral	O-Glucuronide and/or O-Sulfate	Urine	1
35	MTB5	Aliphatic Hydroxylation | N-Acetylation | N-Deacylation | Ring Closure	1 Step	MTB5-D	5	17882	Aminoglutethimide		CCC1(c2ccc(N)cc2)CCC(=O)NC1=O	CC(=O)Nc1ccc(C2(CCC(N)=O)CCOC2=O)cc1		Rat | Guinea Pig | Rabbit | Dog | Human	Oral		Urine	1
545	MTB29	Deacylation | Hydrolysis | N-Deacylation	1 of 3 | 1 of 4 | 1 of 4	MTB29-CR | MTB29-CS | MTB29-CT	29	3050	Carbamazepine	Iminostilbene	NC(=O)N1c2ccccc2C=Cc2ccccc21	C1=Cc2ccccc2Nc2ccccc21		Human | Human (Epilepsy Patients) | in vitro (Human Blood) | Rat	Oral	N-Glucuronide	Blood | Plasma | Urine, Postmortem | Vitreous Humor, Postmortem | Urine	13
547	MTB29	Aromatization | C-Oxidation | Hydrolysis | N-Deacylation | Ring Contraction	1 of 2 | 1 of 3	MTB29-FY | MTB29-FZ	29	17994	Carbamazepine		NC(=O)N1c2ccccc2C=Cc2ccccc21	O=Cc1c2ccccc2nc2ccccc12	Myeloperoxidase	Human (Epilepsy Patients) | Human			Plasma | Urine	4
588	MTB29	Aromatization | Dehydration | N-Acetylation | N-Deacylation	2 of 2 | 3 of 3	MTB29-BM | MTB29-EP	31752	31753			NC(=O)N1C2=CC(SC[C@H](NC(=O)CC[C@H](N)C(=O)O)C(=O)NCC(=O)O)C(O)C=C2C=Cc2ccccc21	CC(=O)N[C@@H](CSc1ccc2c(c1)N(C(N)=O)c1ccccc1C=C2)C(=O)O		Rat	Intravenous	N-Acetylcysteine	Urine	1
947	MTB50	Hydrolysis | N-Deacylation	4 of 4 | 3 of 3 | 3 of 3 | 2 of 2	MTB50-G | MTB50-AC | MTB50-BP | MTB50-EC	31871	61324			CN1CCN(C2=Nc3cc(Cl)cc(SC[C@H](NC(=O)CC[C@H](N)C(=O)O)C(=O)NCC(=O)O)c3Nc3ccccc32)CC1	CN1CCN(C2=Nc3cc(Cl)cc(SC[C@H](N)C(=O)O)c3Nc3ccccc32)CC1		in vitro (Human Liver S9 Fraction) | in vitro (Human Liver Slices)				2
31	MTB5	N-Acetylation | N-Acylation	2 of 2	MTB5-C	37923	37924			CC[C@@]1(c2ccc(N)cc2)C[C@H](O)C(=O)NC1=O	CC[C@@]1(c2ccc(NC(C)=O)cc2)C[C@H](O)C(=O)NC1=O		Human		N-Acetate	Urine	1
32	MTB5	N-Acetylation | N-Acylation	1 of 2 | 1 of 2 | 1 of 3 | 1 of 2 | 1 of 2	MTB5-N | MTB5-O | MTB5-P | MTB5-Q | MTB5-R	5	17881	Aminoglutethimide		CCC1(c2ccc(N)cc2)CCC(=O)NC1=O	CCC1(c2ccc(NC(C)=O)cc2)CCC(=O)NC1=O		Rat | Guinea Pig | Rabbit | Dog | Human | Rat (Bile Duct Cannulated)	Oral	N-Acetate	Urine | Bile	5
42	MTB5	N-Acetylation | N-Acylation	2 of 2	MTB5-H	31867	24696	(R)-Aminoglutethimide		CC[C@]1(c2ccc(N)cc2)CCC(=O)NC1=O	CC[C@]1(c2ccc(NC(C)=O)cc2)CCC(=O)NC1=O		Human	Oral		Plasma | Urine | Saliva	2
46	MTB5	N-Acetylation | N-Acylation	2 of 2	MTB5-K	14142	24695	(S)-Aminoglutethimide		CC[C@@]1(c2ccc(N)cc2)CCC(=O)NC1=O	CC[C@@]1(c2ccc(NC(C)=O)cc2)CCC(=O)NC1=O		Human	Oral		Plasma | Urine | Saliva	2
47	MTB5	N-Acylation | N-Formylation	1 Step	MTB5-L	5	37929	Aminoglutethimide		CCC1(c2ccc(N)cc2)CCC(=O)NC1=O	CCC1(c2ccc(NC=O)cc2)CCC(=O)NC1=O		Human			Urine	1
465	MTB29	Covalent Binding | Protein Binding	4 of 4 | 5 of 5 | 5 of 5 | 2 of 2 | 3 of 3	MTB29-B | MTB29-BU | MTB29-EA | MTB29-GX | MTB29-HB	39998	56488		Unspecified Metabolite	O=c1ccc2nc3ccccc3ccc-2c1			in vitro (Human Liver Microsomes) | in vitro (Rat Liver Microsomes) | Rat	Oral		Plasma | Liver	1
519	MTB29	Covalent Binding | Protein Binding	2 of 2	MTB29-M	1477	54163	Carbamazepine 10,11-epoxide	Unspecified Metabolite	NC(=O)N1c2ccccc2C2OC2c2ccccc21			in vitro (Human Liver Microsomes)				1
572	MTB29	Covalent Binding | DNA Binding	2 of 2	MTB29-AR	1477	52294	Carbamazepine 10,11-epoxide	Unspecified Metabolite	NC(=O)N1c2ccccc2C2OC2c2ccccc21			in vitro (Rat Liver Microsomes)				1
995	MTB50	Covalent Binding | Protein Binding	2 of 2	MTB50-Y	37250	56502		Unspecified Metabolite	CN1CC[N+](=c2nc3cc(Cl)ccc3nc3ccccc23)CC1			in vitro (Human Liver Microsomes) | in vitro (Rat Liver Microsomes) | Rat	Oral		Plasma | Liver	1
998	MTB50	Aromatization | Covalent Binding | Protein Binding	2 of 2	MTB50-AG	37250	49579			CN1CC[N+](=c2nc3cc(Cl)ccc3nc3ccccc23)CC1	*c1cc(Cl)cc2c1Nc1ccccc1C(N1CCN(C)CC1)=N2		in vitro (Human Liver Microsomes) | Mouse	Intraperitoneal		Liver | Heart	2
35	MTB5	Aliphatic Hydroxylation | N-Acetylation | N-Deacylation | Ring Closure	1 Step	MTB5-D	5	17882	Aminoglutethimide		CCC1(c2ccc(N)cc2)CCC(=O)NC1=O	CC(=O)Nc1ccc(C2(CCC(N)=O)CCOC2=O)cc1		Rat | Guinea Pig | Rabbit | Dog | Human	Oral		Urine	1
478	MTB29	C-Oxidation | Epoxidation | Ring Closure	1 of 2 | 1 of 2 | 1 of 2 | 1 of 2 | 1 of 3 | 1 of 3 | 1 of 3 | 1 of 4 | 1 of 4 | 1 of 3 | 1 of 3 | 1 of 2 | 1 of 3 | 1 of 3 | 1 of 2 | 1 of 5 | 1 of 6 | 1 of 5 | 1 of 5 | 1 of 3 | 1 of 3 | 1 of 3 | 1 of 2 | 1 of 3 | 1 of 2 | 1 of 3 | 1 of 3 | 1 of 3 | 1 of 3 | 1 of 4 | 1 of 2 | 1 of 2 | 1 of 2 | 1 of 3 | 1 of 2 | 1 of 4 | 1 of 4 | 1 of 4 | 1 of 5 | 1 of 5 | 1 of 4 | 1 of 4 | 1 of 4 | 1 of 4 | 1 of 3 | 1 of 2 | 1 of 2 | 1 of 3 | 1 of 4	MTB29-M | MTB29-N | MTB29-O | MTB29-P | MTB29-Q | MTB29-R | MTB29-S | MTB29-T | MTB29-U | MTB29-V | MTB29-W | MTB29-X | MTB29-Y | MTB29-Z | MTB29-AA | MTB29-AB | MTB29-AC | MTB29-AD | MTB29-AE | MTB29-AF | MTB29-AG | MTB29-AH | MTB29-AI | MTB29-AJ | MTB29-AK | MTB29-AL | MTB29-AM | MTB29-AN | MTB29-AO | MTB29-AP | MTB29-AQ | MTB29-AR | MTB29-AS | MTB29-AT | MTB29-AU | MTB29-AV | MTB29-AW | MTB29-AX | MTB29-AY | MTB29-AZ | MTB29-BA | MTB29-BB | MTB29-BC | MTB29-BD | MTB29-BE | MTB29-BF | MTB29-BG | MTB29-BH | MTB29-BI	29	1477	Carbamazepine	Carbamazepine 10,11-epoxide	NC(=O)N1c2ccccc2C=Cc2ccccc21	NC(=O)N1c2ccccc2C2OC2c2ccccc21	Cytochrome P450 (['CYP3A4']) | Cytochrome P450 (['CYP3A']) | Cytochrome P450 | Cytochrome P450 (['CYP3A', 'CYP2C']) | Cytochrome P450 (['CYP3A4', 'CYP2C8']) | Cytochrome P450 (['CYP3A4', 'CYP3A5']) | Cytochrome P450 (['CYP3A3', 'CYP3A4']) | Cytochrome P450 (['CYP3A6']) | Monooxygenase | Cytochrome P450 (['CYP2B', 'CYP2C']) | Cytochrome P450 (['CYP2B1'])	in vitro (Human Hepatocytes) | in vitro (HepaRG Cells) | Human (Children, Epilepsy Patients) | Human | Rat | Mouse | Human (Epilepsy Patients) | in vitro (Human Liver Microsomes) | Human (Female) | Mouse (Liver Injury-Induced) | Human (Female, Lactating) | in vitro (Rat Hepatocytes) | Monkey | in vitro (Monkey Intestine Microsomes) | in vitro (Human Intestine Microsomes) | in vitro (Rat Intestine Perfusion) | in vitro (Human Hepatocytes, Cryopreserved) | in vitro (Rat Liver Microsomes) | in vitro (Rat Liver Slices) | in vitro (Rat Intestine Slices) | in vitro (Mouse Liver Slices) | in vitro (Mouse Intestine Slices) | in vitro (Rat Intestine Microsomes) | in vitro (Human Serum) | in vitro (Human Plasma) | in vitro (Dog Liver Microsomes) | in vitro (Mouse Liver Microsomes) | Rabbit | Human (Overdosed) | Dog | in vitro (Human Liver Slices) | Human (Schizophrenia Patients) | Human (Children) | in vitro (Rabbit Liver Microsomes) | in vitro (Rabbit Liver Microsomes, Rifampicin Treated) | in vitro (Human Placenta Microsomes) | Human (Female, Pregnant) | in vitro (Human Placenta Perfusion) | in vitro (Hep G2 Cell Microsomes Expressing Human CYP3A4) | in vitro (Rat Liver Homogenate) | in vitro (Human Liver)	Oral | Intranasal | Intravenous | Intraintestinal | Intraperitoneal | Cutaneous		Plasma | Blood | Brain | Liver | Serum | Milk | Kidney | Serum, Umbilical Cord | Serum, Maternal | Serum, Infant | Urine, Postmortem | Vitreous Humor, Postmortem | Brain Extracellular Fluid | Bile | Urine | Perfusate | Subcutaneous Tissue | Hair | Blood, Cord, Fetal | Saliva | Blood, Fetal | Tumor, Brain | Paratumorous Cortex | Amniotic Fluid | Cerebrospinal Fluid | Erythrocytes | Feces; Urine | Lung; Urine	227
2209	MTB137	Cyclization | Decarboxylation | N-Deacylation | Oxidation | Ring Closure | Ring Contraction | Ring Opening	1 Step	MTB137-L	137	18212	Oxazepam		O=C1Nc2ccc(Cl)cc2C(c2ccccc2)=NC1O	O=c1nc(-c2ccccc2)c2cc(Cl)ccc2[nH]1		Rat | in vitro (Rat Liver Microsomes) | Human | Pig	Oral		Bile; Feces; Plasma; Tissue; Urine | Urine	3
2223	MTB137	Aromatization | Ring Closure | Ring Contraction | Ring Opening	1 Step	MTB137-AA	137	18382	Oxazepam		O=C1Nc2ccc(Cl)cc2C(c2ccccc2)=NC1O	O=C(O)c1nc(-c2ccccc2)c2cc(Cl)ccc2n1		Rat (Male) | Rat (Female) | Mouse (B6C3F1, Male) | Mouse (B6C3F1, Female) | Mouse (Swiss-Webster, Male) | Mouse (Swiss-Webster, Female) | Mouse (B6C3F1) | Rat	Oral		Urine | Feces | Liver | Bile; Feces; Plasma; Tissue; Urine	3
3990	MTB268	Aliphatic Hydroxylation | Ring Closure	2 of 2	MTB268-B	18748	18750			CN(C)CCN1C(=O)CC(c2ccccc2O)Sc2ccccc21	CN(C)C1OCOC1N1C(=O)CC(c2ccccc2O)Sc2ccccc21		Rat		Glucuronide; Sulfate	Feces	2
423	MTB22	Aromatization | Dehydration	3 of 3 | 2 of 2	MTB22-C | MTB22-F	38303	38304	4-(4-Boromophenyl)-4-hydroxypiperidine		OC1(c2ccc(Br)cc2)CCNCC1	Brc1ccc(-c2ccncc2)cc1		Rat | Dog | Human	Oral		Urine	1
539	MTB29	Aromatization | Dehydration | Hydrolysis | S-Methylation | S-Oxidation	3 of 3	MTB29-Z	31758	34272			NC(=O)N1C2=CC(SC[C@H](NC(=O)CC[C@H](N)C(=O)O)C(=O)NCC(=O)O)C(O)C=C2C2OC2c2ccccc21	CS(=O)(=O)c1ccc2c(c1)N(C(N)=O)c1ccccc1C1OC21	Cysteine beta-Lyase | Thiol Methyltransferase	Mouse	Intraperitoneal		Urine	1
562	MTB29	Dehydration | S-Oxidation | Sulfuration	2 of 3	MTB29-AJ	1477	17999	Carbamazepine 10,11-epoxide		NC(=O)N1c2ccccc2C2OC2c2ccccc21	CS(=O)C1=Cc2ccccc2N(C(N)=O)c2ccccc21		Rat	Oral		Urine	1
588	MTB29	Aromatization | Dehydration | N-Acetylation | N-Deacylation	2 of 2 | 3 of 3	MTB29-BM | MTB29-EP	31752	31753			NC(=O)N1C2=CC(SC[C@H](NC(=O)CC[C@H](N)C(=O)O)C(=O)NCC(=O)O)C(O)C=C2C=Cc2ccccc21	CC(=O)N[C@@H](CSc1ccc2c(c1)N(C(N)=O)c1ccccc1C=C2)C(=O)O		Rat	Intravenous	N-Acetylcysteine	Urine	1
590	MTB29	Aromatization | Dehydration | Hydrolysis | S-Methylation | S-Oxidation	2 of 2 | 3 of 3	MTB29-BN | MTB29-EQ	31752	35844			NC(=O)N1C2=CC(SC[C@H](NC(=O)CC[C@H](N)C(=O)O)C(=O)NCC(=O)O)C(O)C=C2C=Cc2ccccc21	CS(=O)(=O)c1ccc2c(c1)N(C(N)=O)c1ccccc1C=C2	Cysteine beta-Lyase | Thiol Methyltransferase	Mouse	Intraperitoneal		Urine	1
58	MTB6	Glucuronidation | Protein Binding	1 Step	MTB6-B	6	24711	Amitriptyline	Unspecified Metabolite	CN(C)CCC=C1c2ccccc2CCc2ccccc21			Human | in vitro (Bovine Brain Synaptic Plasma Membrane)	Intravenous	N-Glucuronide	Urine	2
93	MTB6	Conjugation | Glucuronidation | N-Glucuronidation | Quaternization	1 of 2 | 1 of 2	MTB6-AE | MTB6-AF	6	4105	Amitriptyline	Amitriptyline N-beta-D-glucuronide	CN(C)CCC=C1c2ccccc2CCc2ccccc21	C[N+](C)(CCC=C1c2ccccc2CCc2ccccc21)[C@@H]1O[C@H](C(=O)O)[C@@H](O)[C@H](O)[C@H]1O	UDP-Glucuronosyltransferase (['UGT2B10', 'UGT1A3', 'UGT1A4']) | UDP-Glucuronosyltransferase | UDP-Glucuronosyltransferase (['UGT1A4']) | UDP-Glucuronosyltransferase (['UGT1A3', 'UGT1A4']) | UDP-Glucuronosyltransferase (['UGT1.4'])	in vitro (Human Liver Microsomes) | Human | in vitro (Dog Liver Microsomes) | in vitro (Rat Liver Microsomes) | Human (Depression Patients) | in vitro (Human HK 293 Cells, Transfected) | in vitro (Human Kidney 293 Cells Expressing Human UGT) | in vitro (Human Kidney 293 Cell Homogenate Expressing UGT1.4) | in vitro (Human Kidney 293 Cells, Embryonic)	Oral	N-Glucuronide	Urine	16
244	MTB9	Glucuronidation	3 of 3	MTB9-D	25317	25319			Oc1ccnc(N2CCN(CCCC(O)c3ccc(F)cc3)CC2)c1	O=C(O)[C@H]1O[C@@H](Oc2ccnc(N3CCN(CCCC(O)c4ccc(F)cc4)CC3)c2)[C@H](O)[C@@H](O)[C@@H]1O		Horse	Intramuscular	O-Glucuronide	Urine	1
246	MTB9	Glucuronidation	2 of 2	MTB9-E	17917	25322			OC(CCCN1CCN(c2ccccn2)CC1)c1ccc(F)cc1	O=C(O)[C@H]1O[C@@H](OC(CCCN2CCN(c3ccccn3)CC2)c2ccc(F)cc2)[C@H](O)[C@@H](O)[C@@H]1O		Horse	Intramuscular	O-Glucuronide	Urine	1
249	MTB9	Glucuronidation	2 of 2	MTB9-G	25320	25321			O=C(CCCN1CCN(c2cc(O)ccn2)CC1)c1ccc(F)cc1	O=C(CCCN1CCN(c2cc(O[C@@H]3O[C@H](C(=O)O)[C@@H](O)[C@H](O)[C@H]3O)ccn2)CC1)c1ccc(F)cc1		Horse	Intramuscular	O-Glucuronide	Urine	1
744	MTB36	N-Reduction | Reduction	3 of 5 | 3 of 4 | 3 of 5 | 2 of 4 | 2 of 3 | 2 of 4	MTB36-C | MTB36-D | MTB36-E | MTB36-J | MTB36-K | MTB36-L	74	2057	Demoxepam	Nordazepam	O=C1C[N+]([O-])=C(c2ccccc2)c2cc(Cl)ccc2N1	O=C1CN=C(c2ccccc2)c2cc(Cl)ccc2N1		in vitro (Human Blood) | in vitro (Human Bile) | in vitro (Human Eye Vitreous Humor) | Human	Oral		Urine	8
745	MTB36	C-Hydroxylation | Deamination | Hydrogenation | N-Reduction | Oxidative Deamination | Tautomerization	1 of 3 | 1 of 2 | 1 of 3	MTB36-R | MTB36-S | MTB36-T	36	2057	Chlordiazepoxide	Nordazepam	CNC1=Nc2ccc(Cl)cc2C(c2ccccc2)=[N+]([O-])C1	O=C1CN=C(c2ccccc2)c2cc(Cl)ccc2N1		Human			Blood | Brain | Urine	3
746	MTB36	N-Reduction	1 of 4 | 1 of 3 | 1 of 4	MTB36-U | MTB36-V | MTB36-W	36	67408	Chlordiazepoxide		CNC1=Nc2ccc(Cl)cc2C(c2ccccc2)=[N+]([O-])C1	CNC1=Nc2ccc(Cl)cc2C(c2ccccc2)=NC1		in vitro (Human Blood) | in vitro (Human Bile)				1
848	MTB45	N-Reduction | Reduction	1 of 2 | 1 of 2 | 1 of 3	MTB45-B | MTB45-C | MTB45-D	45	13733	Clonazepam	7-Aminoclonazepam	O=C1CN=C(c2ccccc2Cl)c2cc([N+](=O)[O-])ccc2N1	Nc1ccc2c(c1)C(c1ccccc1Cl)=NCC(=O)N2	Cytochrome P450 (['CYP3A4']) | Cytochrome P450 (['CYP3A3', 'CYP3A4']) | Cytochrome P450 (['CYP2B', 'CYP1A1', 'CYP1A2', 'CYP3A6', 'CYP3A4'])	Human | Human (Female, Pregnant) | Human (Psychiatric Patients) | in vitro (Rabbit Liver Microsomes) | in vitro (Human Liver Microsomes) | in vitro (Rat Liver Homogenate) | Dog | Rat	Oral | Intragastric	Unspecified	Oral Fluid | Blood, Postmortem | Brain, Postmortem | Hair | Urine | Blood | Umbilical Cord | Serum | Hair, Head | Plasma	48
2142	MTB133	N-Dealkylation | N-Reduction	2 of 3	MTB133-F	18351	18352			C[N+](C)([O-])CCON=C1c2ccccc2CCc2ccccc21	CNCCON=C1c2ccccc2CCc2ccccc21		Dog | Rat	Intravenous | Intravenous; Oral		Urine | Feces; Urine	2
223	MTB8	Aromatization | Oxidative Dealkylation | Tautomerization	2 of 2	MTB8-U	37370	2068		Estrone	C[C@]12CC[C@H]3[C@@H](CCC4=CC(=O)C=C[C@@]43C=O)[C@@H]1CCC2=O	C[C@]12CC[C@@H]3c4ccc(O)cc4CC[C@H]3[C@@H]1CCC2=O	Cytochrome P450 (['CYP19A1'])	in vitro (Human Placenta Microsomes)				1
481	MTB29	C-Oxidation | Hydroxylation | Tautomerization	1 of 4 | 1 of 4 | 1 of 4 | 1 of 5 | 1 of 5 | 1 of 4 | 1 of 4 | 1 of 4 | 1 of 4 | 1 of 3	MTB29-FC | MTB29-FD | MTB29-FE | MTB29-FF | MTB29-FG | MTB29-FH | MTB29-FI | MTB29-FJ | MTB29-FK | MTB29-FL	29	1417	Carbamazepine	Oxcarbazepine	NC(=O)N1c2ccccc2C=Cc2ccccc21	NC(=O)N1c2ccccc2CC(=O)c2ccccc21		Human (Female, Pregnant) | in vitro (Human Placenta Perfusion) | Human	Oral		Blood | Blood, Fetal | Plasma; Urine	2
575	MTB29	C-Oxidation | S-Oxidation | Sulfuration | Tautomerization	2 of 2	MTB29-AU	1477	38654	Carbamazepine 10,11-epoxide		NC(=O)N1c2ccccc2C2OC2c2ccccc21	CS(=O)C1=C(O)c2ccccc2N(C(N)=O)c2ccccc21		Human | Rat	Oral		Urine	1
740	MTB36	Deamination | Oxidation | Oxidative Deamination | Tautomerization	2 of 3 | 2 of 5 | 2 of 4 | 2 of 5 | 2 of 3 | 2 of 3 | 2 of 3	MTB36-B | MTB36-C | MTB36-D | MTB36-E | MTB36-F | MTB36-G | MTB36-H	17753	74		Demoxepam	NC1=Nc2ccc(Cl)cc2C(c2ccccc2)=[N+]([O-])C1	O=C1C[N+]([O-])=C(c2ccccc2)c2cc(Cl)ccc2N1		Human | Mouse | Dog	Oral		Urine | Blood | Feces; Urine	5
741	MTB36	Hydroxylation | N-Dealkylation | Oxidative Deamination | Tautomerization	1 of 2 | 1 of 4 | 1 of 3 | 1 of 4 | 1 of 2 | 1 of 2 | 1 of 2	MTB36-I | MTB36-J | MTB36-K | MTB36-L | MTB36-M | MTB36-N | MTB36-O	36	74	Chlordiazepoxide	Demoxepam	CNC1=Nc2ccc(Cl)cc2C(c2ccccc2)=[N+]([O-])C1	O=C1C[N+]([O-])=C(c2ccccc2)c2cc(Cl)ccc2N1		in vitro (Human Blood) | in vitro (Human Bile) | in vitro (Human Eye Vitreous Humor) | Human	Intravenous		Plasma	2
1177	MTB51	Hydrolysis | O-Deacetylation | O-Deacylation	2 of 4 | 2 of 4 | 2 of 4 | 2 of 5 | 2 of 3 | 2 of 3 | 2 of 4	MTB51-I | MTB51-J | MTB51-K | MTB51-L | MTB51-M | MTB51-N | MTB51-O	25444	24403		(2S,3S)-5-(2-(Dimethyamino)ethyl)-2,3,4,5-tetrahydro-3-hydroxy-2-(4-hydro+	CC(=O)O[C@H]1C(=O)N(CCN(C)C)c2ccccc2S[C@H]1c1ccc(O)cc1	CN(C)CCN1C(=O)[C@H](O)[C@H](c2ccc(O)cc2)Sc2ccccc21	Esterase	in vitro (Human Liver Microsomes) | in vitro (Human Intestine Microsomes) | in vitro (Rat Liver S9 Fraction) | in vitro (Human Liver S9 Fraction) | Human | in vitro (Human Liver Epithelium Cells, Transfected) | in vitro (Human Liver Epithelium Cells) | Rabbit | in vitro (Rat Liver Microsomes)	Oral | Intravenous		Plasma | Urine	8
1178	MTB51	Deacetylation | Deacylation | Hydrolysis | N-Deacetylation | N-Deacylation | O-Deacetylation | O-Deacylation	1 of 3 | 1 of 2 | 1 of 3 | 1 of 3 | 1 of 4 | 1 of 4 | 1 of 4 | 1 of 5 | 1 of 4 | 1 of 2 | 1 of 4 | 1 of 4 | 1 of 4 | 1 of 5 | 1 of 3 | 1 of 3 | 1 of 4 | 1 of 4 | 1 of 3	MTB51-BX | MTB51-BY | MTB51-BZ | MTB51-CA | MTB51-CB | MTB51-CC | MTB51-CD | MTB51-CE | MTB51-CF | MTB51-CG | MTB51-CH | MTB51-CI | MTB51-CJ | MTB51-CK | MTB51-CL | MTB51-CM | MTB51-CN | MTB51-CO | MTB51-CP	51	4070	Diltiazem	Deacetyldiltiazem	COc1ccc([C@@H]2Sc3ccccc3N(CCN(C)C)C(=O)[C@@H]2OC(C)=O)cc1	COc1ccc([C@@H]2Sc3ccccc3N(CCN(C)C)C(=O)[C@@H]2O)cc1	Carboxylesterase (['CES2A']) | Esterase | Cytochrome P450 | Cytochrome P450 (['CYP3A4']) | Deacetylase | Cytochrome P450 (['CYP3A7'])	Human (Renal Transplant Patients) | in vitro (Rat Liver Microsomes) | in vitro (Rat Intestine Microsomes) | in vitro (Rat Liver Cytosol) | in vitro (Human Liver Microsomes) | in vitro (Human Intestine Microsomes) | in vitro (Human Kidney Microsomes) | in vitro (Human Lung Microsomes) | in vitro (Rat Kidney Microsomes) | in vitro (Rat Lung Microsomes) | in vitro (Monkey Liver Microsomes) | in vitro (Monkey Intestine Microsomes) | in vitro (Monkey Kidney Microsomes) | in vitro (Monkey Lung Microsomes) | in vitro (Dog Liver Microsomes) | in vitro (Dog Intestine Microsomes) | in vitro (Dog Kidney Microsomes) | in vitro (Dog Lung Microsomes) | in vitro (Mouse Liver Microsomes) | in vitro (Mouse Intestine Microsomes) | in vitro (Mouse Kidney Microsomes) | in vitro (Mouse Lung Microsomes) | Human | Rat | Rat (Sprague-Dawley) | Rat (Wistar-Kyoto) | Rat (Hypertensive) | in vitro (Rat Liver S9 Fraction) | in vitro (Human Liver S9 Fraction) | in vitro (Rat Intestine Perfusion) | in vitro (Rat Intestine) | Horse | Rabbit | Rabbit (Female, Lactating) | in vitro (Rabbit Milk) | in vitro (Rabbit Mammary Supernatant) | Human (Overdosed) | Human (Extensive Metabolizer) | Human (Poor Metabolizer) | Rabbit (Diabetic) | in vitro (Rabbit Liver Homogenate) | in vitro (Rabbit Lung Homogenate) | in vitro (Rabbit Brain Homogenate) | in vitro (Rabbit Gut Homogenate) | in vitro (Rabbit Blood) | Dog | Rabbit (Female, Pregnant) | in vitro (Human Liver Epithelium Cells, Transfected) | in vitro (Human Liver Epithelium Cells) | in vitro (Rat Jejunum) | Rabbit (Female) | Human (Healthy) | in vitro (Rabbit Small Intestine Homogenate) | Rabbit (Male) | in vitro (Rabbit Intestine Homogenate) | Rat (Male) | in vitro (Rat Hepatocytes) | in vitro (Rat Plasma) | in vitro (Rat Liver Homogenate) | in vitro (Rabbit Kidney Homogenate) | in vitro (Rat Liver Perfusion) | Human (Female) | Human (Male) | in vitro (Rabbit Liver Microsomes) | in vitro (Rat Intestine Supernatant) | in vitro (Rat Brain Supernatant) | in vitro (Rat Heart Supernatant) | in vitro (Rat Lung Supernatant) | in vitro (Rat Kidney Supernatant) | in vitro (Rat Red Blood Cells) | in vitro (Rat Liver Lysosomes) | in vitro (Rat Liver Mitochondria) | in vitro (Rat Liver Soluble Fraction) | Rat (Bile Duct Cannulated)	Oral | Intravenous | Subcutaneous | Intraperitoneal | Intraarterial | Intraintestinal | Infusion | Intraduodenal		Plasma | Perfusate | Blood | Urine | Milk | Brain | Lung | Heart | Liver | Kidney | Bile | Liver, Neonatal | Lung, Neonatal | Brain, Neonatal | Intestine, Neonatal | Blood, Neonatal | Fat | Muscle | Uterus | Spleen | Blood, Fetal | Brain, Fetal | Muscle, Fetal | Liver, Fetal | Kidney, Fetal | Heart, Fetal | Lung, Fetal | Spleen, Fetal | Stomach Contents | Serum | Small Intestine | Intestine | Plasma; Urine | Feces; Plasma; Urine	95
1180	MTB51	Hydrolysis | O-Deacetylation | O-Deacylation | O-Demethylation	1 of 3 | 1 of 3 | 1 of 3 | 1 of 4 | 1 of 2 | 1 of 2 | 1 of 3	MTB51-CU | MTB51-CV | MTB51-CW | MTB51-CX | MTB51-CY | MTB51-CZ | MTB51-DA	51	24403	Diltiazem	(2S,3S)-5-(2-(Dimethyamino)ethyl)-2,3,4,5-tetrahydro-3-hydroxy-2-(4-hydro+	COc1ccc([C@@H]2Sc3ccccc3N(CCN(C)C)C(=O)[C@@H]2OC(C)=O)cc1	CN(C)CCN1C(=O)[C@H](O)[C@H](c2ccc(O)cc2)Sc2ccccc21	Cytochrome P450	Rat | Dog | in vitro (Rat Liver Perfusion) | Human	Oral | Intraarterial | Intravenous		Plasma | Urine | Plasma; Urine	6
1185	MTB51	Hydrolysis | O-Deacetylation | O-Deacylation	3 of 4 | 3 of 4 | 3 of 4 | 3 of 5 | 3 of 4 | 3 of 4 | 3 of 4 | 3 of 5 | 2 of 3 | 2 of 3 | 2 of 3 | 2 of 4	MTB51-R | MTB51-S | MTB51-T | MTB51-U | MTB51-AV | MTB51-AW | MTB51-AX | MTB51-AY | MTB51-BN | MTB51-BO | MTB51-BP | MTB51-BQ	25446	24404		(2S,3S)-5-(2-(Methylamino)ethyl)-2,3,4,5-tetrahydro-3-hydroxy-2-(4-hydrox+	CNCCN1C(=O)[C@H](OC(C)=O)[C@H](c2ccc(O)cc2)Sc2ccccc21	CNCCN1C(=O)[C@H](O)[C@H](c2ccc(O)cc2)Sc2ccccc21	Esterase	Human | in vitro (Rat Liver Microsomes) | Human (Female) | Human (Male)	Oral		Plasma | Urine	4
1186	MTB51	Hydrolysis | O-Deacetylation | O-Deacylation	2 of 3 | 2 of 3 | 2 of 4 | 2 of 4 | 2 of 4 | 2 of 5 | 2 of 4	MTB51-AL | MTB51-AM | MTB51-AN | MTB51-AO | MTB51-AP | MTB51-AQ | MTB51-AR	6446	23122	N-Monodesmethyldiltiazem	(2S,3S)-5-(2-(Methylamino)ethyl)-2,3,4,5-tetrahydro-3-hydroxy-(2-(4-metho+	CNCCN1C(=O)[C@H](OC(C)=O)[C@H](c2ccc(OC)cc2)Sc2ccccc21	CNCCN1C(=O)[C@H](O)[C@H](c2ccc(OC)cc2)Sc2ccccc21	Esterase | Cytochrome P450 | Cytochrome P450 (['CYP3A7'])	in vitro (Human Liver Microsomes) | in vitro (Human Intestine Microsomes) | Rat (Sprague-Dawley) | Rat (Wistar-Kyoto) | Rat (Hypertensive) | in vitro (Rat Liver S9 Fraction) | in vitro (Human Liver S9 Fraction) | Rat | Human | Human (Extensive Metabolizer) | Human (Poor Metabolizer) | Dog | in vitro (Rat Jejunum) | Human (Renal Transplant Patients) | Human (Healthy) | Rabbit | in vitro (Rabbit Intestine Homogenate) | in vitro (Rabbit Liver Homogenate) | in vitro (Rabbit Lung Homogenate) | Rat (Male) | in vitro (Rat Liver Microsomes) | in vitro (Rat Liver Perfusion) | Human (Female) | Human (Male) | in vitro (Rabbit Liver Microsomes) | in vitro (Rat Hepatocytes)	Subcutaneous | Oral | Intravenous		Plasma | Urine | Perfusate	26
813	MTB44	C-Oxidation | Chain Shortening	1 of 2	MTB44-A	44	37567	Clomethiazole		Cc1ncsc1CCCl	Cc1ncsc1C=O		Human			Urine	1
1570	MTB75	Aliphatic Hydroxylation | C-Dealkylation | C-Demethylation | C-Hydroxylation | C-Oxidation | Chain Shortening | Oxidative Dealkylation	4 of 4 | 2 of 2 | 3 of 3 | 5 of 5 | 4 of 4 | 4 of 4 | 5 of 5 | 5 of 5 | 4 of 4 | 4 of 4 | 5 of 5 | 6 of 6 | 4 of 4 | 5 of 5 | 4 of 4 | 3 of 3	MTB75-Z | MTB75-AG | MTB75-AH | MTB75-CK | MTB75-CQ | MTB75-DJ | MTB75-DS | MTB75-EE | MTB75-EK | MTB75-FZ | MTB75-GH | MTB75-GQ | MTB75-HC | MTB75-HN | MTB75-II | MTB75-IO	18191	18193			CCCC(CC(C)=O)C(=O)O	CCCC(CC(=O)O)C(=O)O	Cytochrome P450	Human | Human (Epilepsy Patients) | Human (Children, Epilepsy Patients) | Sheep (Female, Pregnant) | Sheep (Neonatal) | Sheep | Rat	Oral | Intravenous | Fetal Infusion | Infusion | Intraperitoneal		Serum | Urine | Plasma, Maternal | Plasma, Fetal | Plasma | Serum, Maternal | Serum, Fetal | Liver | Liver Mitochondria | Liver Microsomes	9
4147	MTB277	Chain Shortening | Hydrolysis | N-Acetylation | N-Acylation | N-Deacylation | Transconjugation	1 Step	MTB277-F	277	18800	Acebutolol	Diacetolol	CCCC(=O)Nc1ccc(OCC(O)CNC(C)C)c(C(C)=O)c1	CC(=O)Nc1ccc(OCC(O)CNC(C)C)c(C(C)=O)c1		Human	Oral	N-Acetate	Plasma | Urine	3
8450	MTB591	C-Oxidation | Chain Shortening	2 of 3	MTB591-G	13457	57863	3'-Hydroxydibucaine		CCN(CC)CCNC(=O)c1cc(OCCC(C)O)nc2ccccc12	CCN(CC)CCNC(=O)c1cc(OCCO)nc2ccccc12		Human | Rat | Rabbit	Oral | Intraperitoneal		Urine	1
8455	MTB591	C-Oxidation | Chain Shortening	3 of 3 | 3 of 3	MTB591-C | MTB591-M	58888	58889			CCNCCNC(=O)c1cc(OCCC(C)O)nc2ccccc12	CCNCCNC(=O)c1cc(OCCO)nc2ccccc12		Human | Rat | Rabbit	Oral | Intraperitoneal		Urine	1
59	MTB6	Hydroxylation	1 Step	MTB6-C	6	17884	Amitriptyline		CN(C)CCC=C1c2ccccc2CCc2ccccc21	CN(C)CCC=C1c2ccccc2C(O)C(O)c2ccccc21		Rat | Rabbit	Intraperitoneal | Oral		Bile | Urine	1
62	MTB6	Hydroxylation | N-Demethylation	1 of 2 | 1 of 2 | 1 of 3 | 1 of 2 | 1 of 2	MTB6-R | MTB6-S | MTB6-T | MTB6-U | MTB6-V	6	1502	Amitriptyline	(E)-10-Hydroxynortriptyline	CN(C)CCC=C1c2ccccc2CCc2ccccc21	CNCC/C=C1\c2ccccc2CC(O)c2ccccc21		Human		Glucuronide; Sulfate	Urine	1
65	MTB6	Hydroxylation	3 of 3 | 2 of 2 | 3 of 3	MTB6-D | MTB6-R | MTB6-BG	1502	22925	(E)-10-Hydroxynortriptyline		CNCC/C=C1\c2ccccc2CC(O)c2ccccc21	CNCCC=C1c2ccccc2[C@@H](O)[C@H](O)c2ccccc21		Rat		Glucuronide	Bile	1
66	MTB6	Hydroxylation | N-Demethylation	1 of 2 | 1 of 2 | 1 of 2 | 1 of 2 | 1 of 2	MTB6-AJ | MTB6-AK | MTB6-AL | MTB6-AM | MTB6-AN	6	1476	Amitriptyline	(Z)-10-Hydroxynortriptyline	CN(C)CCC=C1c2ccccc2CCc2ccccc21	CNCC/C=C1/c2ccccc2CC(O)c2ccccc21		Human | Rat	Intraperitoneal	Glucuronide; Sulfate	Urine | Brain; Plasma	2
67	MTB6	Aliphatic Hydroxylation | C-Hydroxylation | Hydroxylation	1 of 3 | 1 of 3 | 1 of 3 | 1 of 3 | 1 of 3 | 1 of 2 | 1 of 3 | 1 of 2 | 1 of 2 | 1 of 3 | 1 of 2 | 1 of 2	MTB6-AT | MTB6-AU | MTB6-AV | MTB6-AW | MTB6-AX | MTB6-AY | MTB6-AZ | MTB6-BA | MTB6-BB | MTB6-BC | MTB6-BD | MTB6-BE	6	1474	Amitriptyline	(Z)-10-Hydroxyamitriptyline	CN(C)CCC=C1c2ccccc2CCc2ccccc21	CN(C)CC/C=C1/c2ccccc2CC(O)c2ccccc21	Cytochrome P450 (['CYP3A4']) | Cytochrome P450 | Cytochrome P450 (['CYP2D6']) | Cytochrome P450 (['CYP2D'])	Human | in vitro (Human Liver Microsomes) | Human (Children) | Human (Depression Patients) | Rat | Human (Psychiatric Patients) | in vitro (Human AHH-1 TK+/- Cells Expressing Human CYP2D6) | in vitro (Mouse Liver Microsomes) | in vitro (Rat Liver Microsomes) | Rat (Diabetic) | Rabbit | Dog	Oral | Intraperitoneal | Intravenous	N-Glucuronide; O-Glucuronide | Glucuronide | Unspecified	Hair | Urine, Postmortem | Vitreous Humor, Postmortem | Blood | Urine | Plasma | Spleen | Brain | Testes | Kidney | Liver | Serum | Bile | Bile; Urine | Brain; Plasma | Feces; Urine	34
38	MTB5	Rearrangement | Ring Contraction	2 of 2	MTB5-F	37925	37926			Nc1ccc(C2(CCO)CCC(=O)NC2=O)cc1	NC(=O)CCC1(c2ccc(N)cc2)CCOC1=O		Human			Urine	1
454	MTB29	Aromatization | Hydrolysis | Rearrangement | Ring Opening	2 of 7 | 2 of 5 | 2 of 4 | 2 of 4 | 2 of 4 | 2 of 5 | 2 of 4 | 2 of 4 | 2 of 3	MTB29-BT | MTB29-BU | MTB29-BV | MTB29-BW | MTB29-BX | MTB29-BY | MTB29-BZ | MTB29-CA | MTB29-CB	38630	10036		2-Hydroxycarbamazepine	NC(=O)N1C2=C(C=Cc3ccccc31)C1OC1C=C2	NC(=O)N1c2ccccc2C=Cc2cc(O)ccc21		in vitro (Human Liver Microsomes) | Human | Rat	Oral		Urine	2
456	MTB29	Aromatization | Hydrolysis | Rearrangement | Reduction | Ring Opening	2 of 7 | 2 of 5 | 2 of 4 | 2 of 4 | 2 of 4 | 2 of 5 | 2 of 4 | 2 of 4 | 2 of 3	MTB29-DZ | MTB29-EA | MTB29-EB | MTB29-EC | MTB29-ED | MTB29-EE | MTB29-EF | MTB29-EG | MTB29-EH	31751	10036		2-Hydroxycarbamazepine	NC(=O)N1C2=CC3OC3C=C2C=Cc2ccccc21	NC(=O)N1c2ccccc2C=Cc2cc(O)ccc21		in vitro (Human Liver Microsomes) | Human | Rat	Oral		Urine	3
491	MTB29	Aromatization | Rearrangement | Ring Opening	2 of 5 | 2 of 4 | 2 of 4 | 2 of 3 | 2 of 3 | 2 of 3 | 2 of 4 | 2 of 3 | 2 of 3 | 2 of 3	MTB29-CX | MTB29-CY | MTB29-CZ | MTB29-DA | MTB29-DB | MTB29-DC | MTB29-DD | MTB29-DE | MTB29-DF | MTB29-DG	63318	13423		3-Hydroxycarbamazepine	NC(=O)N1C2=C(C=Cc3ccccc31)C=CC1OC21	NC(=O)N1c2ccccc2C=Cc2ccc(O)cc21		in vitro (Human Liver Microsomes)				1
492	MTB29	Aromatization | Hydrolysis | Rearrangement | Reduction | Ring Opening	2 of 5 | 2 of 4 | 2 of 4 | 2 of 3 | 2 of 3 | 2 of 3 | 2 of 4 | 2 of 3 | 2 of 3 | 2 of 3	MTB29-DP | MTB29-DQ | MTB29-DR | MTB29-DS | MTB29-DT | MTB29-DU | MTB29-DV | MTB29-DW | MTB29-DX | MTB29-DY	31751	13423		3-Hydroxycarbamazepine	NC(=O)N1C2=CC3OC3C=C2C=Cc2ccccc21	NC(=O)N1c2ccccc2C=Cc2ccc(O)cc21		in vitro (Human Liver Microsomes) | Human | Rat	Oral		Urine	3
49	MTB5	Cyclization | Ring Opening	2 of 2	MTB5-N	17881	17882			CCC1(c2ccc(NC(C)=O)cc2)CCC(=O)NC1=O	CC(=O)Nc1ccc(C2(CCC(N)=O)CCOC2=O)cc1		Rat | Rat (Bile Duct Cannulated)	Oral		Urine	1
703	MTB34	Condensation | Cyclization	3 of 3	MTB34-D	18013	18017			CCC(Br)(CCO)C(N)=O	CCC1(Br)CCNC1=O		Dog | Human | Mouse | Rat			Urine	1
1492	MTB75	C-Hydroxylation | Cyclization | Hydration | Reduction	2 of 2 | 3 of 3 | 4 of 4 | 3 of 3 | 3 of 3	MTB75-C | MTB75-BF | MTB75-EL | MTB75-FF | MTB75-IP	717	20324	2-n-Propyl-4-pentenoic acid		C=CCC(CCC)C(=O)O	CCCC1CC(CO)OC1=O	Cytochrome P450	Human	Oral		Plasma | Urine	2
1624	MTB75	Cyclization | Lactonization	1 Step	MTB75-DF	75	29178	Valproic acid		CCCC(CCC)C(=O)O	CCCC1CC(C)OC1=O	Cytochrome P450	in vitro (Human Liver Microsomes)				1
2209	MTB137	Cyclization | Decarboxylation | N-Deacylation | Oxidation | Ring Closure | Ring Contraction | Ring Opening	1 Step	MTB137-L	137	18212	Oxazepam		O=C1Nc2ccc(Cl)cc2C(c2ccccc2)=NC1O	O=c1nc(-c2ccccc2)c2cc(Cl)ccc2[nH]1		Rat | in vitro (Rat Liver Microsomes) | Human | Pig	Oral		Bile; Feces; Plasma; Tissue; Urine | Urine	3
810	MTB43	Decarboxylation | Oxidation	2 of 3	MTB43-A	17916	17918			O=C(O)CCC(=O)c1ccc(F)cc1	O=C(O)Cc1ccc(F)cc1		Rat			Feces; Urine	1
825	MTB44	Decarboxylation | Dehalogenation | N-Oxidation | Oxidation | S-Oxidation	1 Step	MTB44-F	44	18062	Clomethiazole		Cc1ncsc1CCCl	CC1=C(C)S(=O)C=[N+]1[O-]		Human	Oral		Urine	1
1289	MTB56	Decarboxylation	4 of 6 | 4 of 6 | 4 of 6 | 3 of 5 | 3 of 5 | 3 of 5	MTB56-F | MTB56-G | MTB56-H | MTB56-M | MTB56-N | MTB56-O	18126	18127			O=C(c1ccccc1)c1cc(Cl)ccc1-n1cnnc1C(=O)O	O=C(c1ccccc1)c1cc(Cl)ccc1-n1cnnc1		Dog | Human | Rat | in vitro (Dog Liver)	Oral		Plasma | Urine | Blood	2
1290	MTB56	Decarboxylation | Hydrolysis | Oxidation	2 of 4 | 2 of 4 | 2 of 4	MTB56-J | MTB56-K | MTB56-L	18123	18127	Estazolam-4-ol		OC1N=C(c2ccccc2)c2cc(Cl)ccc2-n2cnnc21	O=C(c1ccccc1)c1cc(Cl)ccc1-n1cnnc1		Human | Dog	Oral | Intravenous		Urine | Plasma; Urine	1
1314	MTB58	Decarboxylation	4 of 4	MTB58-D	18144	18145			Cc1ccccc1-n1c(C(=O)O)nc2ccccc2c1=O	Cc1ccccc1-n1cnc2ccccc2c1=O						1
1547	MTB75	Esterification | O-Phosphorylation | Phosphorylation	1 of 3 | 1 of 7 | 1 of 7 | 1 of 5 | 1 of 3 | 1 of 3 | 1 of 2	MTB75-CY | MTB75-CZ | MTB75-DA | MTB75-DB | MTB75-DC | MTB75-DD | MTB75-DE	75	24617	Valproic acid		CCCC(CCC)C(=O)O	CCCC(CCC)C(=O)OP(=O)(O)OC[C@H]1O[C@@H](n2cnc3c(N)ncnc32)[C@H](O)[C@@H]1O		in vitro (HepaRG Cells) | in vitro (Rat Liver Mitochondria) | in vitro (Rat Hepatocytes)				2
4233	MTB285	O-Phosphorylation | Phosphorylation	1 of 3 | 1 of 3 | 1 of 2 | 1 of 2	MTB285-C | MTB285-D | MTB285-E | MTB285-F	285	69423	Mefenamic acid		Cc1cccc(Nc2ccccc2C(=O)O)c1C	Cc1cccc(Nc2ccccc2C(=O)OP(=O)(O)OC[C@H]2O[C@@H](n3cnc4c(N)ncnc43)[C@H](O)[C@@H]2O)c1C	Acyl-CoA Synthetase	in vitro (Rat Hepatocytes)				2
8099	MTB554	Phosphorylation	1 Step	MTB554-A	554	19791	6-Azauridine		O=c1cnn([C@@H]2O[C@H](CO)[C@@H](O)[C@H]2O)c(=O)[nH]1	O=c1cnn([C@@H]2O[C@H](COP(=O)(O)O)[C@@H](O)[C@H]2O)c(=O)[nH]1		in vitro (Mouse Ascites Cells) | Mouse | in vitro (Escherichia coli) | in vitro (Streptococcus faecalis)			Urine	5
8164	MTB561	O-Phosphorylation | Phosphorylation	1 of 2 | 1 of 4 | 1 of 4 | 1 of 3	MTB561-D | MTB561-E | MTB561-F | MTB561-G	561	19813	Azacitidine		Nc1ncn([C@@H]2O[C@H](CO)[C@@H](O)[C@H]2O)c(=O)n1	Nc1ncn([C@@H]2O[C@H](COP(=O)(O)O)[C@@H](O)[C@H]2O)c(=O)n1	Uridine-Cytidine Kinase	Human | in vitro (Mouse Cells, L1210)	Subcutaneous		Peripheral Blood Mononuclear Cells	5
8166	MTB561	Phosphorylation	2 of 4 | 2 of 4 | 2 of 3	MTB561-E | MTB561-F | MTB561-G	19813	19814			Nc1ncn([C@@H]2O[C@H](COP(=O)(O)O)[C@@H](O)[C@H]2O)c(=O)n1	Nc1ncn([C@@H]2O[C@H](COP(=O)(O)OP(=O)(O)O)[C@@H](O)[C@H]2O)c(=O)n1		in vitro (Mouse Cells, L1210)				4
88	MTB6	N-Glucuronidation	3 of 3 | 3 of 3 | 2 of 2	MTB6-K | MTB6-BC | MTB6-BZ	17894	29928			CN(C)CCC=C1c2ccccc2[C@@H](O)[C@H](O)c2ccccc21	C[N+](C)(CCC=C1c2ccccc2[C@@H](O)[C@H](O)c2ccccc21)[C@@H]1O[C@H](C(=O)O)[C@@H](O)[C@H](O)[C@H]1O		Human	Oral	N-Glucuronide	Urine	1
92	MTB6	N-Glucuronidation	2 of 2	MTB6-M	1475	29926	(E)-10-Hydroxyamitriptyline		CN(C)CC/C=C1\c2ccccc2CC(O)c2ccccc21	C[N+](C)(CC/C=C1\c2ccccc2CC(O)c2ccccc21)[C@@H]1O[C@H](C(=O)O)[C@@H](O)[C@H](O)[C@H]1O		Human	Oral	N-Glucuronide	Urine	1
93	MTB6	Conjugation | Glucuronidation | N-Glucuronidation | Quaternization	1 of 2 | 1 of 2	MTB6-AE | MTB6-AF	6	4105	Amitriptyline	Amitriptyline N-beta-D-glucuronide	CN(C)CCC=C1c2ccccc2CCc2ccccc21	C[N+](C)(CCC=C1c2ccccc2CCc2ccccc21)[C@@H]1O[C@H](C(=O)O)[C@@H](O)[C@H](O)[C@H]1O	UDP-Glucuronosyltransferase (['UGT2B10', 'UGT1A3', 'UGT1A4']) | UDP-Glucuronosyltransferase | UDP-Glucuronosyltransferase (['UGT1A4']) | UDP-Glucuronosyltransferase (['UGT1A3', 'UGT1A4']) | UDP-Glucuronosyltransferase (['UGT1.4'])	in vitro (Human Liver Microsomes) | Human | in vitro (Dog Liver Microsomes) | in vitro (Rat Liver Microsomes) | Human (Depression Patients) | in vitro (Human HK 293 Cells, Transfected) | in vitro (Human Kidney 293 Cells Expressing Human UGT) | in vitro (Human Kidney 293 Cell Homogenate Expressing UGT1.4) | in vitro (Human Kidney 293 Cells, Embryonic)	Oral	N-Glucuronide	Urine	16
118	MTB6	N-Glucuronidation	2 of 2	MTB6-BD	1474	29927	(Z)-10-Hydroxyamitriptyline		CN(C)CC/C=C1/c2ccccc2CC(O)c2ccccc21	C[N+](C)(CC/C=C1/c2ccccc2CC(O)c2ccccc21)[C@@H]1O[C@H](C(=O)O)[C@@H](O)[C@H](O)[C@H]1O		Human	Oral	N-Glucuronide	Urine	1
158	MTB6	N-Glucuronidation	2 of 2	MTB6-BS	132	45629	Nortriptyline		CNCCC=C1c2ccccc2CCc2ccccc21	CN(CCC=C1c2ccccc2CCc2ccccc21)[C@@H]1O[C@H](C(=O)O)[C@@H](O)[C@H](O)[C@H]1O		Human (Depression Patients)	Oral	N-Glucuronide	Urine	1
1502	MTB75	Dehydrogenation | Esterification	2 of 3 | 2 of 3 | 3 of 4 | 3 of 4 | 4 of 5 | 4 of 5 | 3 of 4 | 3 of 4 | 3 of 4 | 3 of 4	MTB75-E | MTB75-F | MTB75-BH | MTB75-BI | MTB75-EN | MTB75-EO | MTB75-FH | MTB75-FI | MTB75-IR | MTB75-IS	717	66245	2-n-Propyl-4-pentenoic acid		C=CCC(CCC)C(=O)O	C=C/C=C(\CCC)C(=O)SCCNC(=O)CCNC(=O)[C@H](O)C(C)(C)COP(=O)(O)OP(=O)(O)OC[C@H]1O[C@@H](n2cnc3c(N)ncnc32)[C@H](O)[C@@H]1OP(=O)(O)O		Human (Children)			Urine	1
1546	MTB75	Conjugation | Esterification | Thiolation	1 of 2 | 1 of 6 | 1 of 6 | 1 of 4 | 1 of 2 | 1 of 2	MTB75-CB | MTB75-CC | MTB75-CD | MTB75-CE | MTB75-CF | MTB75-CG	75	11067	Valproic acid	Valproyl coenzyme A	CCCC(CCC)C(=O)O	CCCC(CCC)C(=O)SCCNC(=O)CCNC(=O)[C@H](O)C(C)(C)COP(=O)(O)OP(=O)(O)OC[C@H]1O[C@@H](n2cnc3c(N)ncnc32)[C@H](O)[C@@H]1OP(=O)(O)O	Medium-Chain Acyl-CoA Synthetase	in vitro (Rat Liver Mitochondria) | in vitro (Rat Liver Homogenate) | in vitro (Rat Kidney Homogenate) | in vitro (Rat Heart Homogenate) | in vitro (Rat Brain Homogenate) | Rat | in vitro (Rat Hepatocytes)	Intraperitoneal	Coenzyme A	Liver	6
1547	MTB75	Esterification | O-Phosphorylation | Phosphorylation	1 of 3 | 1 of 7 | 1 of 7 | 1 of 5 | 1 of 3 | 1 of 3 | 1 of 2	MTB75-CY | MTB75-CZ | MTB75-DA | MTB75-DB | MTB75-DC | MTB75-DD | MTB75-DE	75	24617	Valproic acid		CCCC(CCC)C(=O)O	CCCC(CCC)C(=O)OP(=O)(O)OC[C@H]1O[C@@H](n2cnc3c(N)ncnc32)[C@H](O)[C@@H]1O		in vitro (HepaRG Cells) | in vitro (Rat Liver Mitochondria) | in vitro (Rat Hepatocytes)				2
1600	MTB75	Conjugation | Esterification | Glucuronidation | O-Glucuronidation	1 of 2 | 1 of 2 | 1 of 2 | 1 of 2	MTB75-JJ | MTB75-JK | MTB75-JL | MTB75-JM	75	2531	Valproic acid	Valproate Glucuronide	CCCC(CCC)C(=O)O	CCCC(CCC)C(=O)O[C@@H]1O[C@H](C(=O)O)[C@@H](O)[C@H](O)[C@H]1O	UDP-Glucuronosyltransferase | UDP-Glucuronosyltransferase (['UGT1A4', 'UGT1A8', 'UGT1A10']) | UDP-Glucuronosyltransferase (['UGT2B1']) | UDP-Glucuronosyltransferase (['UGT1A6']) | UDP-Glucuronosyltransferase (['UGT2B7']) | UDP-Glucuronosyltransferase (['UGT1A1', 'UGT1A4']) | UDP-Glucuronosyltransferase (['UGT1A6', 'UGT1A9', 'UGT2B7']) | UDP-Glucuronosyltransferase (['UGT1A1']) | UDP-Glucuronosyltransferase (['UGT2B15']) | UDP-Glucuronosyltransferase (['UGT2B31']) | UDP-Glucuronosyltransferase (['UGT2B']) | UDP-Glucuronosyltransferase (['UGT2']) | UDP-Glucuronosyltransferase (['UGT1A3', 'UGT2B7']) | UDP-Glucuronosyltransferase (['UGT2A1']) | UDP-Glucuronosyltransferase (['UGT1A8']) | UDP-Glucuronosyltransferase (['UGT1A10']) | UDP-Glucuronosyltransferase (['UGT1A3']) | UDP-Glucuronosyltransferase (['UGT2B9'])	Dog (Bile Duct Cannulated) | in vitro (Human Hepatoma Cells, HepaRG) | Human (Niemann-Pick Disease Patients) | in vitro (Human Liver Microsomes) | in vitro (HepaRG Cells) | in vitro (Rat Hepatocytes, Sandwich-Cultured) | in vitro (Rat Hepatocytes) | Human (Children) | Rat | Sheep | in vitro (Sheep Liver Microsomes) | in vitro (Dog Liver Microsomes) | in vitro (Rat Liver Microsomes) | Rat (Bile Duct Cannulated) | in vitro (Human Kidney HEK 293 Cell Microsomes, Embryonic, Transfected) | Monkey | in vitro (Monkey Liver Slices) | in vitro (Monkey Kidney Slices) | in vitro (Monkey Liver Microsomes) | in vitro (Rat Liver Slices) | in vitro (HEK 293 Cells Expressing Human UGT2B7) | in vitro (HEK 293 Cells Expressing Human UGT Isoenzymes) | Rat (TR- Strain) | in vitro (Chinese Hamster Lung Fibroblast V79 Cells Expressing Human UGT + | in vitro (Chinese Hamster Lung Fibroblast V79 Cells Expressing Human UGT1+ | in vitro (Human Kidney HK 293 Cells, Transfected) | in vitro (Human Kidney Microsomes) | Human (Overdosed) | in vitro (Hamster V79 Cells Expressing Human UGT2B7) | in vitro (Hamster V79 Cells Expressing Dog UGT2B31) | Human | Guinea Pig | in vitro (Human Intestine Microsomes) | Sheep (Female) | Sheep (Neonatal) | in vitro (Human Liver Slices) | in vitro (Monkey Hepatocytes) | in vitro (Dog Hepatocytes) | in vitro (Marmoset Liver Microsomes) | in vitro (Marmoset Kidney Microsomes) | in vitro (Rat Kidney Microsomes) | in vitro (Rat Liver Perfusion) | Rabbit | in vitro (Dog Kidney Microsomes) | in vitro (V79 Cell Homogenate Expressing Dog UGT1A6) | in vitro (V79 Cell Homogenate Expressing Human UGT1A6) | Human (Adolescent) | Sheep (Female, Pregnant) | in vitro (Rat Liver S9 Fraction) | Sheep (10 Days) | Sheep (2 Months) | Sheep (Adult) | in vitro (Hamster V79 Cells Expressing Human UGT) | in vitro (Hamster V79 Cells) | in vitro (Human Kidney 293 Cells Expressing Human UGT1A8) | in vitro (Human Kidney 293 Cells Expressing Human UGT1A10) | Human (Epilepsy Patients) | in vitro (Human Kidney 293 Cells Expressing Human UGT) | in vitro (Human Kidney 293 Cells Expressing Monkey UGT2B9) | Human (Child, Overdosed) | in vitro (Guinea Pig Liver Homogenate) | in vitro (Guinea Pig Liver Mitochondria) | in vitro (Guinea Pig Liver Microsomes) | in vitro (Rat Liver Post-Mitochondrial Fraction, Male, Adult) | in vitro (Rat Liver Post-Mitochondrial Fraction, Female, Adult) | in vitro (Rat Liver Post-Mitochondrial Fraction, Male, Senescent) | in vitro (Rat Liver Post-Mitochondrial Fraction, Female, Senescent) | in vitro (Rat Liver UDP-Glucuronosyltransferase) | Human (Female, Pregnant) | in vitro (Rat Liver Homogenate, Wistar) | in vitro (Rat Liver Homogenate, Heterozygote) | in vitro (Rat Liver Homogenate, Gunn)	Intravenous | Oral | Intraperitoneal | Infusion | Intravenous; Oral | Fetal Infusion	Acyl Glucuronide | O-Glucuronide	Plasma | Urine | Bile | Liver | Perfusate | Urine, Maternal | Urine, Fetal | Serum	88
1643	MTB75	Esterification	1 Step	MTB75-JQ	75	29794	Valproic acid		CCCC(CCC)C(=O)O	CCCC(CCC)C(=O)OC(CC(=O)[O-])C[N+](C)(C)C		Human	Oral	Carnitine	Urine	1
114	MTB6	Hydration	2 of 2	MTB6-AC	58988	17899			CN(C)CC/C=C1/C2=C(CCc3ccccc31)C1OC1C=C2	CN(C)CC/C=C1/C2=C(CCc3ccccc31)C(O)C(O)C=C2		in vitro (Human Liver Microsomes)				1
148	MTB6	Hydration	3 of 3	MTB6-BM	58990	58991			CNCC/C=C1/C2=C(CCc3ccccc31)C1OC1C=C2	CNCC/C=C1/C2=C(CCc3ccccc31)C(O)C(O)C=C2		in vitro (Human Liver Microsomes)				1
178	MTB8	Hydration	1 of 2	MTB8-A	8	54577	Androsta-1,4-dien-3,17-dione		C[C@]12C=CC(=O)C=C1CC[C@@H]1[C@@H]2CC[C@]2(C)C(=O)CC[C@@H]12	C[C@]12C=CC(=O)C(O)C1CC[C@@H]1[C@@H]2CC[C@]2(C)C(=O)CC[C@@H]12						1
477	MTB29	Hydration | Hydrolysis	3 of 3 | 4 of 4 | 4 of 4	MTB29-E | MTB29-BX | MTB29-ED	38636	38637			NC(=O)N1c2ccccc2C2OC2c2cc(O)ccc21	NC(=O)N1c2ccccc2[C@@H](O)[C@H](O)c2cc(O)ccc21		Human	Oral		Urine	1
479	MTB29	C-Hydroxylation | Hydration | Hydrolysis | Nucleophilic Addition | O-Dealkylation | Ring Opening	2 of 3 | 2 of 3 | 2 of 3 | 2 of 4 | 2 of 4 | 2 of 3 | 2 of 3	MTB29-Q | MTB29-R | MTB29-S | MTB29-T | MTB29-U | MTB29-V | MTB29-W	1477	1478	Carbamazepine 10,11-epoxide	Carbamazepine 10,11-transdiol	NC(=O)N1c2ccccc2C2OC2c2ccccc21	NC(=O)N1c2ccccc2[C@@H](O)[C@H](O)c2ccccc21	Epoxide Hydrolase | Cytochrome P450	Rat | Human (Epilepsy Patients) | Mouse (Liver Injury-Induced) | Human | Human (Children) | in vitro (Mouse Liver Microsomes) | in vitro (Human Liver Microsomes) | in vitro (Human Placenta Microsomes) | Human (Female, Pregnant) | in vitro (Human Placenta Perfusion) | Human (Children, Epilepsy Patients) | in vitro (Rat Liver Microsomes) | in vitro (Rabbit Liver Microsomes) | in vitro (Guinea Pig Liver Microsomes)	Oral | Intraperitoneal	Glucuronide	Plasma | Serum | Urine | Hair | Serum, Maternal | Blood, Cord, Fetal | Blood | Blood, Fetal | Amniotic Fluid | Saliva | Feces; Urine | Lung; Urine	43
6744	MTB471	Hydrolysis | O-Deglycosidation	1 of 3 | 1 of 4 | 1 of 4	MTB471-A | MTB471-B | MTB471-C	471	11282	Salicin	Saligenin	OCc1ccccc1O[C@@H]1O[C@H](CO)[C@@H](O)[C@H](O)[C@H]1O	OCc1ccccc1O	beta-Galactosidase | beta-Glucosidase	Rat | Rat (Germ-free) | Human	Oral | Oral; Rectal		Gastrointestinal Contents | Cecum | Plasma | Serum | Urine	4
8755	MTB609	Deglycosidation | Hydrolysis | O-Dealkylation | O-Deglycosidation	1 of 2 | 1 of 2	MTB609-B | MTB609-C	609	19968	Daunorubicin		COc1cccc2c1C(=O)c1c(O)c3c(c(O)c1C2=O)C[C@@](O)(C(C)=O)C[C@@H]3O[C@H]1C[C@H](N)[C@H](O)[C@H](C)O1	COc1cccc2c1C(=O)c1c(O)c3c(c(O)c1C2=O)C[C@@](O)(C(C)=O)C[C@@H]3O	Hydrolase	in vitro (Human Liver Microsomes) | Mouse | Human | Hamster | in vitro (Dog)	Intravenous		Plasma | Heart | Leukemic Cells | Urine | Feces	13
8909	MTB631	C-Deglycosidation | Deglycosidation | Dehydroxylation | Deoxygenation | O-Dealkylation | O-Deglycosidation | Reduction	1 of 2 | 1 of 2 | 1 of 3 | 1 of 3 | 1 of 3 | 1 of 3	MTB631-A | MTB631-B | MTB631-C | MTB631-D | MTB631-E | MTB631-F	631	5870	Doxorubicin	7-Deoxyadriamycinone	COc1cccc2c1C(=O)c1c(O)c3c(c(O)c1C2=O)C[C@@](O)(C(=O)CO)C[C@@H]3O[C@H]1C[C@H](N)[C@H](O)[C@H](C)O1	COc1cccc2c1C(=O)c1c(O)c3c(c(O)c1C2=O)C[C@@](O)(C(=O)CO)CC3	NADPH-Cytochrome P450 Reductase | NAD(P)H:Quinone Oxidoreductase | Cytochrome P450 | NADPH-Cytochrome C Reductase | Cytochrome P450 Reductase	in vitro (Human Breast Carcinoma Cells, MCF-7) | Mouse | in vitro (Rat Liver Post-Mitochondrial Fraction) | in vitro (Human Myocardium) | in vitro (Human Myocardium Membranes) | Human (AIDS Patients) | in vitro (Human Leukemia Cells, CEM/C2) | in vitro (Human Leukemia Cells, CCRF-CEM) | in vitro (Mouse NS-1 Cells) | in vitro (NS-1 Cells) | Rat | Rabbit | in vitro (Human Heart Cytosol) | Mouse (Mdr1a(-/-)) | Rat (Bile Duct Cannulated) | Human | in vitro (Human Liver Microsomes) | Rat (Bile Duct Cannulated, Donor) | Rat (Receiver) | in vitro (Rat Liver) | in vitro (Rat Kidney) | in vitro (Hamster Liver)	Intravenous | Infusion | Intraduodenal | Intraperitoneal		Plasma | Urine | Bile | Intestinal Contents | Gastrointestinal Tract | Liver | Spleen | Kidney | Lung | Tumor | Heart | Serum; Urine | Carcass + Feces + Tissue + Urine | Carcass + Tissue	26
8910	MTB631	Deglycosidation | Hydrolysis | O-Dealkylation | O-Deglycosidation	1 of 3 | 1 of 3 | 1 of 4 | 1 of 4 | 1 of 4 | 1 of 4 | 1 of 4 | 1 of 3 | 1 of 4 | 1 of 4 | 1 of 4 | 1 of 2 | 1 of 2	MTB631-AH | MTB631-AI | MTB631-AJ | MTB631-AK | MTB631-AL | MTB631-AM | MTB631-AN | MTB631-AO | MTB631-AP | MTB631-AQ | MTB631-AR | MTB631-AS | MTB631-AT	631	8882	Doxorubicin	Adriamycinone	COc1cccc2c1C(=O)c1c(O)c3c(c(O)c1C2=O)C[C@@](O)(C(=O)CO)C[C@@H]3O[C@H]1C[C@H](N)[C@H](O)[C@H](C)O1	COc1cccc2c1C(=O)c1c(O)c3c(c(O)c1C2=O)C[C@@](O)(C(=O)CO)C[C@@H]3O	Hydrolase | NADPH-Cytochrome P450 Reductase	in vitro (Human Breast Carcinoma Cells, MCF-7) | in vitro (Human Liver Microsomes) | in vitro (Rat Liver Post-Mitochondrial Fraction) | in vitro (Human Liver Cytosol) | Mouse | Mouse (Tumor Bearing) | Human (AIDS Patients) | Rat | in vitro (Mouse NS-1 Cells) | in vitro (NS-1 Cells) | in vitro (Human Heart Cytosol) | in vitro (Rat Liver Microsomes) | in vitro (Rat Heart Microsomes) | in vitro (Rat Liver Cytosol) | in vitro (Rat Heart Cytosol) | in vitro (Mouse Marrow Stromal SR-4987 Cell Microsomes) | in vitro (Mouse Hepatocyte Microsomes) | Rat (Bile Duct Cannulated, Donor) | Rat (Receiver) | Human | in vitro (Rat Liver Nuclei) | Rat (Bile Duct Cannulated) | Hamster | in vitro (Rat Liver) | in vitro (Rat Kidney)	Intraperitoneal | Intravenous | Infusion | Intraduodenal | Intraarterial; Intravenous		Blood | Urine | Liver | Tumor | Plasma | Spleen | Lung | Heart | Kidney | Serum | Brain | Bile | Small Intestine | Omentum | Diaphragm | Bladder | Abdominal Wall | Peritoneal Fluid	37
8918	MTB631	Deglycosidation | O-Deglycosidation | Reduction	2 of 3 | 2 of 3 | 2 of 3	MTB631-J | MTB631-K | MTB631-L	8883	20035	13-Dihydroadriamycin		COc1cccc2c1C(=O)c1c(O)c3c(c(O)c1C2=O)C[C@@](O)(C(O)CO)C[C@@H]3O[C@H]1C[C@H](N)[C@H](O)[C@H](C)O1	COc1cccc2c1C(=O)c1c(O)c3c(c(O)c1C2=O)C[C@@](O)(C(O)CO)CC3	Cytochrome P450	Rat | Mouse | Mouse (Mdr1a(-/-)) | Rat (Bile Duct Cannulated) | Human | in vitro (Rat Liver) | in vitro (Rat Kidney) | in vitro (Hamster Liver)	Intravenous		Urine | Plasma | Bile | Intestinal Contents	7
740	MTB36	Deamination | Oxidation | Oxidative Deamination | Tautomerization	2 of 3 | 2 of 5 | 2 of 4 | 2 of 5 | 2 of 3 | 2 of 3 | 2 of 3	MTB36-B | MTB36-C | MTB36-D | MTB36-E | MTB36-F | MTB36-G | MTB36-H	17753	74		Demoxepam	NC1=Nc2ccc(Cl)cc2C(c2ccccc2)=[N+]([O-])C1	O=C1C[N+]([O-])=C(c2ccccc2)c2cc(Cl)ccc2N1		Human | Mouse | Dog	Oral		Urine | Blood | Feces; Urine	5
745	MTB36	C-Hydroxylation | Deamination | Hydrogenation | N-Reduction | Oxidative Deamination | Tautomerization	1 of 3 | 1 of 2 | 1 of 3	MTB36-R | MTB36-S | MTB36-T	36	2057	Chlordiazepoxide	Nordazepam	CNC1=Nc2ccc(Cl)cc2C(c2ccccc2)=[N+]([O-])C1	O=C1CN=C(c2ccccc2)c2cc(Cl)ccc2N1		Human			Blood | Brain | Urine	3
1900	MTB116	Aliphatic Hydroxylation | C-Hydroxylation | Deamination | Oxidative Deamination | Oxidative N-Dealkylation	1 of 2 | 1 of 4 | 1 of 2	MTB116-C | MTB116-D | MTB116-E	116	917	Flurazepam	7-Chloro-1-(2-hydroxyethyl)-5-(2-fluorophenyl)-1,3-dihydro-2H-1,4-benzodi+	CCN(CC)CCN1C(=O)CN=C(c2ccccc2F)c2cc(Cl)ccc21	O=C1CN=C(c2ccccc2F)c2cc(Cl)ccc2N1CCO	Cytochrome P450	Human | Rat | Mouse | in vitro (Mouse Liver Microsomes)	Intraperitoneal		Urine | Plasma | Brain	3
1903	MTB116	C-Oxidation | Deamination	2 of 3 | 2 of 4 | 2 of 6 | 2 of 4	MTB116-J | MTB116-K | MTB116-L | MTB116-M	38689	18290		7-Chloro-5-(2-fluorophenyl)-2,3-dihydro-2-oxo-1H-1,4-benzodiazepine-1-ace+	CCN(CC)C(O)CN1C(=O)CN=C(c2ccccc2F)c2cc(Cl)ccc21	O=CCN1C(=O)CN=C(c2ccccc2F)c2cc(Cl)ccc21		Human | Cat	Oral | Intravenous		Plasma	1
2513	MTB171	Deamination	1 Step	MTB171-K	171	33784	Sulfadimethoxine		COc1cc(NS(=O)(=O)c2ccc(N)cc2)nc(OC)n1	COc1cc(NS(=O)(=O)c2ccccc2)nc(OC)n1		Pig	Oral		Kidney	1
688	MTB33	Cleavage | Hydrolysis | Reduction | Ring Opening	1 Step	MTB33-C	33	42433	Chlormezanone		CN1C(=O)CCS(=O)(=O)C1c1ccc(Cl)cc1	CNC(=O)CCS(=O)O		in vitro (Human Plasma)				1
691	MTB33	Cleavage | Hydrolysis | N-Dealkylation | Oxidation | Ring Opening | S-Dealkylation	1 of 2 | 1 of 3	MTB33-G | MTB33-H	33	7620	Chlormezanone	4-Chlorobenzaldehyde	CN1C(=O)CCS(=O)(=O)C1c1ccc(Cl)cc1	O=Cc1ccc(Cl)cc1		in vitro (Human Plasma) | in vitro (Rat Liver Microsomes) | in vitro (Pig Liver Microsomes) | in vitro (Bovine Liver Microsomes) | Human	Oral		Plasma; Urine	4
1039	MTB50	Cleavage | Elimination | N-Dealkylation | Ring Opening	1 of 2	MTB50-BE	50	44642	Clozapine		CN1CCN(C2=Nc3cc(Cl)ccc3Nc3ccccc32)CC1	CNCCNC1=Nc2cc(Cl)ccc2Nc2ccccc21	Cytochrome P450 (['CYP1A2', 'CYP3A4', 'CYP2D6'])	in vitro (Rat Liver Microsomes) | in vitro (Human Liver Microsomes) | in vitro (Human Hepatocytes) | in vitro (Human Cells, HepaRG) | in vitro (Human Liver S9 Fraction) | Human			Urine	6
1734	MTB91	Cleavage | N-Dealkylation	1 Step	MTB91-B	91	74203	Droperidol		O=C(CCCN1CC=C(n2c(=O)[nH]c3ccccc32)CC1)c1ccc(F)cc1	O=c1[nH]c2ccccc2n1C1=CCNCC1		in vitro (Human Liver Microsomes)				1
2281	MTB146	Cleavage	2 of 2	MTB146-B	39431	9396		Phenylacetaldehyde	OOCCc1ccccc1	O=CCc1ccccc1		in vitro (Rat Liver Microsomes)				1
61	MTB6	N-Dealkylation | N-Demethylation | Oxidative N-Dealkylation	2 of 3 | 2 of 3 | 2 of 4 | 2 of 3 | 2 of 3	MTB6-D | MTB6-E | MTB6-F | MTB6-G | MTB6-H	1475	1502	(E)-10-Hydroxyamitriptyline	(E)-10-Hydroxynortriptyline	CN(C)CC/C=C1\c2ccccc2CC(O)c2ccccc21	CNCC/C=C1\c2ccccc2CC(O)c2ccccc21	Cytochrome P450 (['CYP2C19']) | Cytochrome P450 (['CYP2C19', 'CYP1A2', 'CYP3A4', 'CYP2D6', 'CYP2B6', 'CYP2C8', 'CYP2C9']) | Cytochrome P450 | Cytochrome P450 (['CYP2D6'])	Human | Human (Depression Patients) | Rat | Human (Psychiatric Patients) | in vitro (Human AHH-1 TK+/- Cells Expressing Human CYP2D6) | Rat (Diabetic) | in vitro (Rat Liver Microsomes)	Oral | Intraperitoneal | Intravenous	O-Glucuronide | Glucuronide	Hair | Plasma | Blood | Urine | Spleen | Brain | Testes | Kidney | Liver | Serum | Bile	18
63	MTB6	Demethylation | N-Dealkylation | N-Demethylation | Oxidative N-Dealkylation	1 of 3 | 1 of 3 | 1 of 4 | 1 of 3 | 1 of 3 | 1 of 2 | 1 of 3 | 1 of 3 | 1 of 2 | 1 of 2 | 1 of 3 | 1 of 2 | 1 of 2 | 1 of 3 | 1 of 3 | 1 of 3 | 1 of 3 | 1 of 3	MTB6-BG | MTB6-BH | MTB6-BI | MTB6-BJ | MTB6-BK | MTB6-BL | MTB6-BM | MTB6-BN | MTB6-BO | MTB6-BP | MTB6-BQ | MTB6-BR | MTB6-BS | MTB6-BT | MTB6-BU | MTB6-BV | MTB6-BW | MTB6-BX	6	132	Amitriptyline	Nortriptyline	CN(C)CCC=C1c2ccccc2CCc2ccccc21	CNCCC=C1c2ccccc2CCc2ccccc21	Cytochrome P450 | Cytochrome P450 (['CYP2C19', 'CYP2D6', 'CYP1A2', 'CYP3A4', 'CYP3A5']) | Cytochrome P450 (['CYP3A']) | Cytochrome P450 (['CYP2C19', 'CYP3A4']) | Cytochrome P450 (['CYP2D6']) | Cytochrome P450 (['CYP2C19', 'CYP3A4', 'CYP1A2']) | Cytochrome P450 (['CYP2C19']) | Cytochrome P450 (['CYP2C19', 'CYP2D6']) | Cytochrome P450 (['CYP1A2', 'CYP2C19', 'CYP3A4']) | Cytochrome P450 (['CYP2D6', 'CYP2C19']) | Cytochrome P450 (['CYP2C19', 'CYP1A2', 'CYP3A4', 'CYP2D6', 'CYP2B6', 'CYP2C8', 'CYP2C9']) | Cytochrome P450 (['CYP1A2']) | Cytochrome P450 (['CYP2B6']) | Cytochrome P450 (['CYP2C8']) | Cytochrome P450 (['CYP2C9']) | Cytochrome P450 (['CYP3A4']) | Cytochrome P450 (['CYP2A6', 'CYP2E1']) | Cytochrome P450 (['CYP1A2', 'CYP2B6', 'CYP2C8', 'CYP2C9', 'CYP2C19', 'CYP2D6', 'CYP3A4']) | Cytochrome P450 (['CYP2C19', 'CYP3A']) | Cytochrome P450 (['CYP1A2', 'CYP2C9', 'CYP2C19', 'CYP3A4']) | Cytochrome P450 (['CYP1A2', 'CYP2C9', 'CYP2C19', 'CYP2D6', 'CYP3A4']) | Cytochrome P450 (['CYP3A4', 'CYP2D6', 'CYP2C9']) | Cytochrome P450 (['CYP3A4', 'CYP2C9']) | Cytochrome P450 (['CYP3A2', 'CYP2C11']) | Cytochrome P450 (['CYP3A4', 'CYP2C9', 'CYP2D6']) | Cytochrome P450 (['CYP3A3', 'CYP3A4', 'CYP2C9']) | Cytochrome P450 (['CYP3A', 'CYP2C19']) | Cytochrome P450 (['CYP3A1']) | N-Demethylase	Human | Human (Child, Overdosed) | in vitro (Mouse Liver Microsomes) | in vitro (Rat Liver Microsomes) | in vitro (Dog Liver Microsomes) | in vitro (Human Liver Microsomes) | Dog | in vitro (Human Hepatocytes, Cryopreserved) | Rat | Human (Children) | in vitro (Rat Liver S9 Fraction) | in vitro (Rat Intestine S9 Fraction) | in vitro (Human Liver S9 Fraction) | in vitro (Human Intestine S9 Fraction) | in vitro (Rat Liver Supernatant) | in vitro (Rat Small Intestine Supernatant) | in vitro (Rat Stomach Supernatant) | Human (Overdosed) | Human (Psychiatric Patients) | Human (Depression Patients) | Human (Chinese) | in vitro (Lymphoblast Cells Expressing Human CYP1A2) | in vitro (Lymphoblast Cells Expressing Human CYP2B6) | in vitro (Lymphoblast Cells Expressing Human CYP2C8) | in vitro (Lymphoblast Cells Expressing Human CYP2C9) | in vitro (Lymphoblast Cells Expressing Human CYP2C19) | in vitro (Lymphoblast Cells Expressing Human CYP2D6) | in vitro (Lymphoblast Cells Expressing Human CYP3A4) | in vitro (Lymphoblast Cells Expressing Human CYP Isoenzymes) | in vitro (Human Lymphoblast Cell Microsomes Expressing Human CYP1A2) | in vitro (Human Lymphoblast Cell Microsomes Expressing Human CYP2B6) | in vitro (Human Lymphoblast Cell Microsomes Expressing Human CYP2C8) | in vitro (Human Lymphoblast Cell Microsomes Expressing Human CYP2C9) | in vitro (Human Lymphoblast Cell Microsomes Expressing Human CYP2C19) | in vitro (Human Lymphoblast Cell Microsomes Expressing Human CYP2D6) | in vitro (Human Lymphoblast Cell Microsomes Expressing Human CYP3A4) | in vitro (Human Lymphoblast Cell Microsomes Expressing Human CYP Isoenzym+ | Rat (Overdosed) | in vitro (Human Brain Microsomes) | in vitro (Rat Brain Microsomes) | in vitro (Rat Brain Mitochondria) | in vitro (Human B-Lymphoblastoid Cells, Transfected) | in vitro (Human Lymphoblast Cell Microsomes Expressing CYP Isoenzyme) | in vitro (Human AHH-1 TK+/- Cells Expressing Human CYP2D6) | Rat (Diabetic) | in vitro (Human Lymphoblastoma Cell Microsomes Expressing P450) | in vitro (Rat Liver Homogenate) | in vitro | Rabbit | Mouse	Oral | Intraperitoneal | Intravenous | Intraportal | Intragastric | Intraduodenal | Intramuscular | Transdermal | Intravenous; Oral	Unspecified	Blood, Femoral Vein, Postmortem | Blood | Plasma | Urine | Hair | Bone | Serum | Liver | Cerebrospinal Fluid | Feces + Gastrointestinal Tract | Brain | Stomach Contents | Bile | Heart | Kidney | Lung | Muscle | Spleen | Vitreous Humor | Testes | Brain; Serum | Brain; Plasma | Feces; Urine	125
68	MTB6	N-Dealkylation | N-Demethylation | Oxidative N-Dealkylation	2 of 3 | 2 of 3 | 2 of 3 | 2 of 3 | 2 of 3	MTB6-AT | MTB6-AU | MTB6-AV | MTB6-AW | MTB6-AX	1474	1476	(Z)-10-Hydroxyamitriptyline	(Z)-10-Hydroxynortriptyline	CN(C)CC/C=C1/c2ccccc2CC(O)c2ccccc21	CNCC/C=C1/c2ccccc2CC(O)c2ccccc21	Cytochrome P450 | Cytochrome P450 (['CYP2C19', 'CYP1A2', 'CYP3A4', 'CYP2D6', 'CYP2B6', 'CYP2C8', 'CYP2C9']) | Cytochrome P450 (['CYP2D6'])	Human | Human (Depression Patients) | Rat | Human (Psychiatric Patients) | in vitro (Human AHH-1 TK+/- Cells Expressing Human CYP2D6) | Rat (Diabetic) | in vitro (Rat Liver Microsomes)	Oral | Intraperitoneal | Intravenous	O-Glucuronide	Hair | Blood | Urine | Plasma | Spleen | Brain | Testes | Kidney | Liver | Serum	15
125	MTB6	Oxidative Deamination | Oxidative N-Dealkylation	1 Step	MTB6-AI	6	2089	Amitriptyline	Dimethylamine	CN(C)CCC=C1c2ccccc2CCc2ccccc21	CNC	Deaminase	in vitro (Guinea Pig Liver Microsomes) | in vitro (Rat Liver Microsomes) | in vitro (Rabbit Liver Microsomes)				1
422	MTB22	N-Dealkylation | Oxidative N-Dealkylation	1 of 2 | 1 of 2	MTB22-F | MTB22-G	22	38303	Bromperidol	4-(4-Boromophenyl)-4-hydroxypiperidine	O=C(CCCN1CCC(O)(c2ccc(Br)cc2)CC1)c1ccc(F)cc1	OC1(c2ccc(Br)cc2)CCNCC1	Cytochrome P450 (['CYP3A2'])	Rat | Dog | Human	Oral		Plasma | Urine	2
1547	MTB75	Esterification | O-Phosphorylation | Phosphorylation	1 of 3 | 1 of 7 | 1 of 7 | 1 of 5 | 1 of 3 | 1 of 3 | 1 of 2	MTB75-CY | MTB75-CZ | MTB75-DA | MTB75-DB | MTB75-DC | MTB75-DD | MTB75-DE	75	24617	Valproic acid		CCCC(CCC)C(=O)O	CCCC(CCC)C(=O)OP(=O)(O)OC[C@H]1O[C@@H](n2cnc3c(N)ncnc32)[C@H](O)[C@@H]1O		in vitro (HepaRG Cells) | in vitro (Rat Liver Mitochondria) | in vitro (Rat Hepatocytes)				2
4233	MTB285	O-Phosphorylation | Phosphorylation	1 of 3 | 1 of 3 | 1 of 2 | 1 of 2	MTB285-C | MTB285-D | MTB285-E | MTB285-F	285	69423	Mefenamic acid		Cc1cccc(Nc2ccccc2C(=O)O)c1C	Cc1cccc(Nc2ccccc2C(=O)OP(=O)(O)OC[C@H]2O[C@@H](n3cnc4c(N)ncnc43)[C@H](O)[C@@H]2O)c1C	Acyl-CoA Synthetase	in vitro (Rat Hepatocytes)				2
5383	MTB383	Esterification | O-Phosphorylation	1 of 2 | 1 of 2 | 1 of 3 | 1 of 3 | 1 of 5 | 1 of 5 | 1 of 4 | 1 of 3	MTB383-A | MTB383-B | MTB383-C | MTB383-D | MTB383-E | MTB383-F | MTB383-G | MTB383-H	383	78849	Ibuprofen		CC(C)Cc1ccc(C(C)C(=O)O)cc1	CC(C)Cc1ccc(C(C)C(=O)OP(=O)(O)OC[C@H]2O[C@@H](n3cnc4c(N)ncnc43)[C@H](O)[C@@H]2O)cc1		in vitro (HepaRG Cells)				1
6914	MTB492	Esterification | O-Phosphorylation	1 of 2	MTB492-A	492	78843	Tolmetin		Cc1ccc(C(=O)c2ccc(CC(=O)O)n2C)cc1	Cc1ccc(C(=O)c2ccc(CC(=O)OP(=O)(O)OC[C@H]3O[C@@H](n4cnc5c(N)ncnc54)[C@H](O)[C@@H]3O)n2C)cc1		in vitro (HepaRG Cells)				1
8164	MTB561	O-Phosphorylation | Phosphorylation	1 of 2 | 1 of 4 | 1 of 4 | 1 of 3	MTB561-D | MTB561-E | MTB561-F | MTB561-G	561	19813	Azacitidine		Nc1ncn([C@@H]2O[C@H](CO)[C@@H](O)[C@H]2O)c(=O)n1	Nc1ncn([C@@H]2O[C@H](COP(=O)(O)O)[C@@H](O)[C@H]2O)c(=O)n1	Uridine-Cytidine Kinase	Human | in vitro (Mouse Cells, L1210)	Subcutaneous		Peripheral Blood Mononuclear Cells	5
479	MTB29	C-Hydroxylation | Hydration | Hydrolysis | Nucleophilic Addition | O-Dealkylation | Ring Opening	2 of 3 | 2 of 3 | 2 of 3 | 2 of 4 | 2 of 4 | 2 of 3 | 2 of 3	MTB29-Q | MTB29-R | MTB29-S | MTB29-T | MTB29-U | MTB29-V | MTB29-W	1477	1478	Carbamazepine 10,11-epoxide	Carbamazepine 10,11-transdiol	NC(=O)N1c2ccccc2C2OC2c2ccccc21	NC(=O)N1c2ccccc2[C@@H](O)[C@H](O)c2ccccc21	Epoxide Hydrolase | Cytochrome P450	Rat | Human (Epilepsy Patients) | Mouse (Liver Injury-Induced) | Human | Human (Children) | in vitro (Mouse Liver Microsomes) | in vitro (Human Liver Microsomes) | in vitro (Human Placenta Microsomes) | Human (Female, Pregnant) | in vitro (Human Placenta Perfusion) | Human (Children, Epilepsy Patients) | in vitro (Rat Liver Microsomes) | in vitro (Rabbit Liver Microsomes) | in vitro (Guinea Pig Liver Microsomes)	Oral | Intraperitoneal	Glucuronide	Plasma | Serum | Urine | Hair | Serum, Maternal | Blood, Cord, Fetal | Blood | Blood, Fetal | Amniotic Fluid | Saliva | Feces; Urine | Lung; Urine	43
485	MTB29	C-Hydroxylation | Epoxidation | Hydration | Hydroxylation | Nucleophilic Addition | Reduction	1 of 2 | 1 of 2 | 1 of 2 | 1 of 3 | 1 of 3 | 1 of 2 | 1 of 2	MTB29-DI | MTB29-DJ | MTB29-DK | MTB29-DL | MTB29-DM | MTB29-DN | MTB29-DO	29	1478	Carbamazepine	Carbamazepine 10,11-transdiol	NC(=O)N1c2ccccc2C=Cc2ccccc21	NC(=O)N1c2ccccc2[C@@H](O)[C@H](O)c2ccccc21	Cytochrome P450	Rat | Human	Oral | Intraperitoneal		Plasma | Brain | Plasma; Urine	5
508	MTB29	C-Hydroxylation | Hydration | Hydrolysis | Nucleophilic Addition | Ring Opening	2 of 5 | 2 of 6 | 2 of 5 | 2 of 5 | 2 of 3 | 2 of 3 | 2 of 3	MTB29-AB | MTB29-AC | MTB29-AD | MTB29-AE | MTB29-AF | MTB29-AG | MTB29-AH	1477	23496	Carbamazepine 10,11-epoxide		NC(=O)N1c2ccccc2C2OC2c2ccccc21	NC(=O)N1c2ccccc2C(O)C(O)c2ccccc21	Cytochrome P450 (['CYP3A4', 'CYP2C8']) | Epoxide Hydrolase	Human | Human (Epilepsy Patients) | Rat | Human (Overdosed) | in vitro (Human Liver Microsomes) | in vitro (Human Liver Slices) | in vitro (Human Hepatocytes) | Human (Schizophrenia Patients)	Oral | Intravenous		Serum | Plasma | Urine, Postmortem | Vitreous Humor, Postmortem | Blood | Liver | Kidney | Urine | Bile	20
509	MTB29	C-Hydroxylation | Epoxidation | Hydrogenation | Nucleophilic Addition	1 of 4 | 1 of 5 | 1 of 4 | 1 of 4 | 1 of 2 | 1 of 2 | 1 of 2	MTB29-GO | MTB29-GP | MTB29-GQ | MTB29-GR | MTB29-GS | MTB29-GT | MTB29-GU	29	23496	Carbamazepine		NC(=O)N1c2ccccc2C=Cc2ccccc21	NC(=O)N1c2ccccc2C(O)C(O)c2ccccc21		Human	Oral		Plasma | Hemofiltrate	3
5314	MTB382	C-Hydroxylation | Dearomatization | Epoxidation | Hydrolysis | Nucleophilic Addition	1 of 3 | 1 of 4 | 1 of 4 | 1 of 4 | 1 of 5 | 1 of 3 | 1 of 3 | 1 of 4 | 1 of 4 | 1 of 5 | 1 of 3 | 1 of 2	MTB382-C | MTB382-D | MTB382-E | MTB382-F | MTB382-G | MTB382-H | MTB382-I | MTB382-J | MTB382-K | MTB382-L | MTB382-M | MTB382-N	382	7267	Phenytoin	5-(3,4-Dihydroxy-1,5-cyclohexadien-1-yl)-5-phenylhydantoin	O=C1NC(=O)C(c2ccccc2)(c2ccccc2)N1	O=C1NC(=O)C(C2=CC(O)C(O)C=C2)(c2ccccc2)N1	Cytochrome P450	Human | Human (Epilepsy Patients) | in vitro (Mouse Brain Astrocytes) | in vitro (Human Placenta Microsomes) | in vitro (Human Liver Microsomes) | in vitro (Rat Hepatocytes) | in vitro (Rat Liver Microsomes) | Dog | Mouse | in vitro (Mouse Liver Microsomes, Male, A/J) | in vitro (Mouse Liver Microsomes, Male, C57BL/6J) | in vitro (Mouse Liver Microsomes, Female, A/J) | in vitro (Mouse Liver Microsomes, Female, C57BL/6J) | in vitro (Mouse Liver Microsomes, Female, Pregnant, A/J) | in vitro (Mouse Liver Microsomes, Female, Pregnant, C57BL/6J) | Frog	Intravenous + Oral | Intravenous | Oral | Intramuscular | Intravenous; Oral | Intraperitoneal | Injection		Urine | Blood; Feces; Urine | Aqueous Elimination	10
51	MTB5	Dealkylation | Elimination	3 of 3	MTB5-P	39849	39850			CC(=O)Nc1ccc(C2(C(C)O)CCC(=O)NC2=O)cc1	CC(=O)Nc1ccc(C2CCC(=O)NC2=O)cc1		Rat | Rat (Bile Duct Cannulated)	Oral		Urine	1
725	MTB35	Elimination | Radical Formation	3 of 3 | 2 of 2	MTB35-C | MTB35-K	2066	4709	Trichloroacetic acid	Formaldehyde	O=C(O)C(Cl)(Cl)Cl	C=O		in vitro (Mouse Liver Microsomes)				1
1039	MTB50	Cleavage | Elimination | N-Dealkylation | Ring Opening	1 of 2	MTB50-BE	50	44642	Clozapine		CN1CCN(C2=Nc3cc(Cl)ccc3Nc3ccccc32)CC1	CNCCNC1=Nc2cc(Cl)ccc2Nc2ccccc21	Cytochrome P450 (['CYP1A2', 'CYP3A4', 'CYP2D6'])	in vitro (Rat Liver Microsomes) | in vitro (Human Liver Microsomes) | in vitro (Human Hepatocytes) | in vitro (Human Cells, HepaRG) | in vitro (Human Liver S9 Fraction) | Human			Urine	6
1041	MTB50	Elimination | N-Dealkylation | Ring Opening	2 of 2	MTB50-CE	5295	59192	Desmethyl clozapine		Clc1ccc2c(c1)N=C(N1CCNCC1)c1ccccc1N2	NCCNC1=Nc2cc(Cl)ccc2Nc2ccccc21	Cytochrome P450 (['CYP1A2', 'CYP3A4', 'CYP2D6'])	in vitro (Rat Liver Microsomes) | in vitro (Human Liver Microsomes)				3
2295	MTB146	Elimination | Radical Formation	1 Step	MTB146-N	146	32084	Phenelzine		NNCCc1ccccc1	[CH2]Cc1ccccc1		Rat | in vitro (Rat Red Blood Cells)	Oral		Blood	1
507	MTB29	Dehydroxylation | Rearrangement | Ring Contraction	3 of 4 | 3 of 4 | 4 of 5 | 4 of 5 | 2 of 3 | 2 of 3 | 4 of 5 | 4 of 5 | 3 of 4 | 3 of 4	MTB29-T | MTB29-U | MTB29-AY | MTB29-AZ | MTB29-DL | MTB29-DM | MTB29-FF | MTB29-FG | MTB29-GH | MTB29-GI	1478	27926	Carbamazepine 10,11-transdiol	9-Hydroxymethyl-10-carbamoylacridan	NC(=O)N1c2ccccc2[C@@H](O)[C@H](O)c2ccccc21	NC(=O)N1c2ccccc2C(CO)c2ccccc21		Human (Epilepsy Patients) | Human (Female, Pregnant) | in vitro (Human Placenta Perfusion) | Human | Rat	Oral		Plasma | Serum, Maternal | Blood, Cord, Fetal | Serum | Urine	4
713	MTB35	Dehalogenation | Dehydration | Dehydroxylation | Reduction	1 of 3 | 1 of 3 | 1 of 3 | 1 of 4 | 1 of 3 | 1 of 3 | 1 of 3 | 1 of 2	MTB35-A | MTB35-B | MTB35-C | MTB35-D | MTB35-E | MTB35-F | MTB35-G | MTB35-H	35	4699	Chloral hydrate	Trichloroethanol	OC(O)C(Cl)(Cl)Cl	OCC(Cl)(Cl)Cl	Alcohol Dehydrogenase | Alcohol Reductase | Cytochrome P450 (['CYP2E1']) | Aldehyde Reductase | Alcohol Dehydrogenase (['beta'])	Human | in vitro (Rat Hepatocytes) | in vitro (Human Kidney Proximal Tubule Cells) | in vitro (Rat Liver Supernatant) | in vitro (Mouse Liver Supernatant) | in vitro (Human Liver Supernatant) | in vitro (Human Hepatocytes, Cryopreserved) | Mouse | Rat | in vitro (Rat Liver Perfusion) | Human (Children) | in vitro (Rat Blood) | in vitro (Mouse Blood) | in vitro (Human Blood) | in vitro (Human Erythrocytes) | in vitro (Human Plasma) | in vitro (Mouse Liver Microsomes) | in vitro (Human Liver Cytosol) | Dog | Rabbit	Oral | Intravenous	Glucuronide	Plasma | Blood | Liver | Gastric Contents | Urine | Perfusate | Plasma, Postmortem | Urine, Postmortem | Bile, Postmortem | Vitreous Body, Postmortem | Cerebrospinal Fluid, Postmortem | Liver, Postmortem | Gastric Contents, Postmortem | Stomach Contents | Kidney	35
1996	MTB124	Dehydration | Dehydroxylation	2 of 3 | 2 of 5 | 2 of 5 | 2 of 3 | 2 of 6 | 2 of 5 | 2 of 3 | 2 of 4	MTB124-R | MTB124-S | MTB124-T | MTB124-U | MTB124-V | MTB124-W | MTB124-X | MTB124-Y	45767	2140		4-(4-Chlorophenyl)-1-(4-(4-fluorophenyl)-4-oxobutyl)-1,2,3,6-tetrahydropy+	O=C(CCCN1CCC(O)(c2ccc(Cl)cc2)CC1O)c1ccc(F)cc1	O=C(CCCN1CC=C(c2ccc(Cl)cc2)CC1)c1ccc(F)cc1	Cytochrome P450 (['CYP3A4'])	in vitro (Human Liver Microsomes)				1
2003	MTB124	Aromatization | Dehydration | Dehydrogenation | Dehydroxylation | N-Oxidation | Oxidation | Quaternization	1 of 2	MTB124-K	124	5320	Haloperidol	4-(4-Chlorophenyl)-1-(4-(4-fluorophenyl)-4-oxobutyl)pyridinium	O=C(CCCN1CCC(O)(c2ccc(Cl)cc2)CC1)c1ccc(F)cc1	O=C(CCC[n+]1ccc(-c2ccc(Cl)cc2)cc1)c1ccc(F)cc1	Cytochrome P450 (['CYP3A4']) | Cytochrome P450 | Cytochrome P450 (['CYP3A4', 'CYP3A5']) | Cytochrome P450 (['CYP3A4', 'CYP2D6']) | Cytochrome P450 (['CYP3A'])	in vitro (Rat Liver Microsomes) | in vitro (Human Liver Microsomes) | in vitro (Rat Hepatocytes) | in vitro (Dog Hepatocytes) | in vitro (Human Hepatocytes) | Human | Human (Schizophrenia Patients) | Rat | in vitro (Rat Brain Slices) | in vitro (Rat Liver Microsomes, Male) | in vitro (Rat Liver Microsomes, Female) | in vitro (Rat Brain Homogenate) | in vitro (Rat Brain Microsomes) | in vitro (Rat Brain Mitochondria) | Mouse | in vitro (Mouse Liver Microsomes) | in vitro (Rat Microsomes)	Oral | Intraperitoneal		Serum | Urine | Brain | Bile | Blood | Plasma	16
2226	MTB137	Dehydroxylation	1 Step	MTB137-AG	137	2057	Oxazepam	Nordazepam	O=C1Nc2ccc(Cl)cc2C(c2ccccc2)=NC1O	O=C1CN=C(c2ccccc2)c2cc(Cl)ccc2N1		Human			Urine	1
597	MTB29	N-Acetylcysteination | Ring Opening	2 of 2	MTB29-EL	31751	34273			NC(=O)N1C2=CC3OC3C=C2C=Cc2ccccc21	CC(=O)N[C@@H](CSC1C=C2C(=CC1O)C=Cc1ccccc1N2C(N)=O)C(=O)O		Mouse	Intraperitoneal	N-Acetylcysteine	Urine	1
1043	MTB50	N-Acetylcysteination	1 Step	MTB50-BF	50	61328	Clozapine		CN1CCN(C2=Nc3cc(Cl)ccc3Nc3ccccc32)CC1	CC(=O)N[C@@H](CSc1cc(Cl)cc2c1Nc1ccccc1C(N1CCN(C)CC1)=N2)C(=O)O		in vitro (Rat Liver Microsomes)		N-Acetylcysteine		1
1142	MTB50	N-Acetylcysteination | N-Dealkylation | N-Demethylation	1 Step	MTB50-DX	50	61329	Clozapine		CN1CCN(C2=Nc3cc(Cl)ccc3Nc3ccccc32)CC1	CC(=O)N[C@@H](CSc1cc(Cl)cc2c1Nc1ccccc1C(N1CCNCC1)=N2)C(=O)O		in vitro (Rat Liver Microsomes)		N-Acetylcysteine		1
1145	MTB50	N-Acetylcysteination | N-Oxidation	1 Step	MTB50-EE	50	61330	Clozapine		CN1CCN(C2=Nc3cc(Cl)ccc3Nc3ccccc32)CC1	CC(=O)N[C@@H](CSc1cc(Cl)cc2c1Nc1ccccc1C(N1CC[N+](C)([O-])CC1)=N2)C(=O)O		in vitro (Rat Liver Microsomes)		N-Acetylcysteine		1
1503	MTB75	Isomerization | N-Acetylcysteination	3 of 3 | 4 of 4 | 5 of 5 | 4 of 4 | 4 of 4	MTB75-E | MTB75-BH | MTB75-EN | MTB75-FH | MTB75-IR	66245	26152			C=C/C=C(\CCC)C(=O)SCCNC(=O)CCNC(=O)[C@H](O)C(C)(C)COP(=O)(O)OP(=O)(O)OC[C@H]1O[C@@H](n2cnc3c(N)ncnc32)[C@H](O)[C@@H]1OP(=O)(O)O	CCCC(/C=C/CSC[C@H](NC(C)=O)C(=O)O)C(=O)O		Human (Children)		N-Acetylcysteine	Urine	1
1482	MTB75	Amidation | Glycination	1 Step	MTB75-A	75	29953	Valproic acid	Valproylglycine	CCCC(CCC)C(=O)O	CCCC(CCC)C(=O)NCC(=O)O		Human | Rat	Oral | Intraperitoneal	Glycine	Urine | Serum | Cerebrospinal Fluid | Plasma	3
1576	MTB75	Glycination	3 of 3 | 2 of 2 | 4 of 4 | 3 of 3 | 3 of 3 | 4 of 4 | 4 of 4 | 3 of 3 | 4 of 4 | 5 of 5 | 3 of 3 | 4 of 4 | 3 of 3	MTB75-AC | MTB75-AK | MTB75-CN | MTB75-CT | MTB75-DM | MTB75-DV | MTB75-EH | MTB75-GC | MTB75-GK | MTB75-GT | MTB75-HF | MTB75-HQ | MTB75-IL	1497	37054	2-n-Propyl-3-pentenoic acid		C/C=C/C(CCC)C(=O)O	C/C=C/C(CCC)C(=O)NCC(=O)O		Rat	Intraperitoneal	Glycine	Urine | Plasma	1
1583	MTB75	Glycination	4 of 4 | 3 of 3 | 5 of 5 | 4 of 4 | 4 of 4 | 5 of 5 | 5 of 5 | 4 of 4 | 5 of 5 | 6 of 6 | 3 of 3 | 4 of 4 | 5 of 5 | 4 of 4 | 2 of 2	MTB75-AE | MTB75-AM | MTB75-CP | MTB75-CV | MTB75-DO | MTB75-DX | MTB75-EJ | MTB75-GE | MTB75-GM | MTB75-GV | MTB75-HB | MTB75-HH | MTB75-HS | MTB75-IN | MTB75-JV	1500	37053	2-(Prop-1(E)-enyl)-2(E)-pentenoic acid		C/C=C/C(=C\CC)C(=O)O	C/C=C/C(=C\CC)C(=O)NCC(=O)O		Rat	Intraperitoneal	Glycine	Urine | Plasma	1
1618	MTB75	Glycination	4 of 4 | 4 of 4 | 4 of 4 | 5 of 5 | 4 of 4 | 3 of 3 | 3 of 3	MTB75-CW | MTB75-DY | MTB75-EC | MTB75-GW | MTB75-HV | MTB75-HX | MTB75-JO	37057	37058			C/C=C\C(=C/CC)C(=O)O	C/C=C\C(=C/CC)C(=O)NCC(=O)O		Rat	Intraperitoneal	Glycine	Urine | Plasma	1
1622	MTB75	Glycination	4 of 4 | 4 of 4 | 4 of 4 | 5 of 5 | 3 of 3 | 4 of 4 | 3 of 3	MTB75-CX | MTB75-DZ | MTB75-ED | MTB75-GX | MTB75-HI | MTB75-HW | MTB75-JP	37055	37056			C/C=C\C(=C\CC)C(=O)O	C/C=C\C(=C\CC)C(=O)NCC(=O)O		Rat	Intraperitoneal	Glycine	Urine | Plasma	1
823	MTB44	Nucleophilic Substitution	2 of 2	MTB44-E	37560	37561			Cc1c(CCCl)sc[n+]1O	CSc1nc(C)c(CCCl)s1		Human			Urine	1
837	MTB44	Nucleophilic Substitution	2 of 2	MTB44-L	37562	37563			CC(=O)c1sc[n+](O)c1C	CC(=O)c1sc(S)nc1C		Human			Urine	1
843	MTB44	Nucleophilic Substitution	2 of 3	MTB44-N	37564	18066			Cc1c(CC(=O)O)sc[n+]1O	Cc1nc(O)sc1CC(=O)O		Human			Urine	1
1020	MTB50	Aromatic Hydroxylation | C-Hydroxylation | Dehalogenation | Nucleophilic Substitution	2 of 3	MTB50-CA	5295	18095	Desmethyl clozapine		Clc1ccc2c(c1)N=C(N1CCNCC1)c1ccccc1N2	Oc1ccc2c(c1)N=C(N1CCNCC1)c1ccccc1N2		Human	Oral		Urine	2
1908	MTB116	Nucleophilic Substitution	3 of 4 | 3 of 6 | 3 of 4	MTB116-T | MTB116-U | MTB116-V	18289	917		7-Chloro-1-(2-hydroxyethyl)-5-(2-fluorophenyl)-1,3-dihydro-2H-1,4-benzodi+	NCCN1C(=O)CN=C(c2ccccc2F)c2cc(Cl)ccc21	O=C1CN=C(c2ccccc2F)c2cc(Cl)ccc2N1CCO		in vitro (Rat Hepatocytes) | in vitro (Mouse Macrophage Cells, J774)				1
36	MTB5	N-Hydroxylation	1 Step	MTB5-E	5	37922	Aminoglutethimide		CCC1(c2ccc(N)cc2)CCC(=O)NC1=O	CCC1(c2ccc(NO)cc2)CCC(=O)NC1=O		Human			Urine	1
166	MTB6	N-Dealkylation | N-Hydroxylation	1 of 2	MTB6-CG	6	17901	Amitriptyline		CN(C)CCC=C1c2ccccc2CCc2ccccc21	CN(O)CCC=C1c2ccccc2CCc2ccccc21		in vitro				1
267	MTB13	N-Hydroxylation	1 Step	MTB13-A	13	17926	Aprobarbital		C=CCC1(C(C)C)C(=O)NC(=O)NC1=O	C=CCC1(C(C)C)C(=O)NC(=O)N(O)C1=O		Human	Oral		Urine	1
822	MTB44	N-Hydroxylation	1 of 2	MTB44-E	44	37560	Clomethiazole		Cc1ncsc1CCCl	Cc1c(CCCl)sc[n+]1O		Human			Urine	1
836	MTB44	C-Oxidation | Dehalogenation | N-Hydroxylation	1 of 2	MTB44-L	44	37562	Clomethiazole		Cc1ncsc1CCCl	CC(=O)c1sc[n+](O)c1C		Human			Urine	1
223	MTB8	Aromatization | Oxidative Dealkylation | Tautomerization	2 of 2	MTB8-U	37370	2068		Estrone	C[C@]12CC[C@H]3[C@@H](CCC4=CC(=O)C=C[C@@]43C=O)[C@@H]1CCC2=O	C[C@]12CC[C@@H]3c4ccc(O)cc4CC[C@H]3[C@@H]1CCC2=O	Cytochrome P450 (['CYP19A1'])	in vitro (Human Placenta Microsomes)				1
1219	MTB51	N-Demethylation | Oxidative Dealkylation	1 Step	MTB51-X	51	4709	Diltiazem	Formaldehyde	COc1ccc([C@@H]2Sc3ccccc3N(CCN(C)C)C(=O)[C@@H]2OC(C)=O)cc1	C=O	Cytochrome P450 (['CYP3A']) | Cytochrome P450	in vitro (Rat Liver Microsomes)				2
1570	MTB75	Aliphatic Hydroxylation | C-Dealkylation | C-Demethylation | C-Hydroxylation | C-Oxidation | Chain Shortening | Oxidative Dealkylation	4 of 4 | 2 of 2 | 3 of 3 | 5 of 5 | 4 of 4 | 4 of 4 | 5 of 5 | 5 of 5 | 4 of 4 | 4 of 4 | 5 of 5 | 6 of 6 | 4 of 4 | 5 of 5 | 4 of 4 | 3 of 3	MTB75-Z | MTB75-AG | MTB75-AH | MTB75-CK | MTB75-CQ | MTB75-DJ | MTB75-DS | MTB75-EE | MTB75-EK | MTB75-FZ | MTB75-GH | MTB75-GQ | MTB75-HC | MTB75-HN | MTB75-II | MTB75-IO	18191	18193			CCCC(CC(C)=O)C(=O)O	CCCC(CC(=O)O)C(=O)O	Cytochrome P450	Human | Human (Epilepsy Patients) | Human (Children, Epilepsy Patients) | Sheep (Female, Pregnant) | Sheep (Neonatal) | Sheep | Rat	Oral | Intravenous | Fetal Infusion | Infusion | Intraperitoneal		Serum | Urine | Plasma, Maternal | Plasma, Fetal | Plasma | Serum, Maternal | Serum, Fetal | Liver | Liver Mitochondria | Liver Microsomes	9
1644	MTB75	C-Demethylation | C-Hydroxylation | C-Oxidation | Decarboxylation | Oxidation | Oxidative Dealkylation	1 Step	MTB75-JR	75	18193	Valproic acid		CCCC(CCC)C(=O)O	CCCC(CC(=O)O)C(=O)O		Sheep | Human	Intravenous | Oral		Urine | Plasma | Plasma; Urine	3
4749	MTB331	C-Oxidation | Oxidative Dealkylation	1 Step	MTB331-AM	331	29961	Prednisolone		C[C@]12C=CC(=O)C=C1CC[C@@H]1[C@@H]2[C@@H](O)C[C@@]2(C)[C@H]1CC[C@]2(O)C(=O)CO	C[C@]12C=CC(=O)C=C1CC[C@@H]1[C@@H]2[C@@H](O)C[C@@]2(C)[C@H]1CC[C@]2(O)C(=O)O		Rat	Intravenous		Blood | Bile | Urine	1
8754	MTB609	Deglycosidation | Reduction	1 Step	MTB609-A	609	27521	Daunorubicin		COc1cccc2c1C(=O)c1c(O)c3c(c(O)c1C2=O)C[C@@](O)(C(C)=O)C[C@@H]3O[C@H]1C[C@H](N)[C@H](O)[C@H](C)O1	COc1cccc2c1C(=O)c1c(O)c3c(c(O)c1C2=O)C[C@@](O)([C@@H](C)O)CC3	Aldoketoreductase	Mouse	Intravenous		Plasma | Heart | Tumor	1
8755	MTB609	Deglycosidation | Hydrolysis | O-Dealkylation | O-Deglycosidation	1 of 2 | 1 of 2	MTB609-B | MTB609-C	609	19968	Daunorubicin		COc1cccc2c1C(=O)c1c(O)c3c(c(O)c1C2=O)C[C@@](O)(C(C)=O)C[C@@H]3O[C@H]1C[C@H](N)[C@H](O)[C@H](C)O1	COc1cccc2c1C(=O)c1c(O)c3c(c(O)c1C2=O)C[C@@](O)(C(C)=O)C[C@@H]3O	Hydrolase	in vitro (Human Liver Microsomes) | Mouse | Human | Hamster | in vitro (Dog)	Intravenous		Plasma | Heart | Leukemic Cells | Urine | Feces	13
8758	MTB609	Deglycosidation	2 of 2	MTB609-I	25878	49859	Daunorubicinol		COc1cccc2c1C(=O)c1c(O)c3c(c(O)c1C2=O)C[C@@](O)([C@H](C)O)C[C@@H]3O[C@H]1C[C@H](N)[C@H](O)[C@H](C)O1	COc1cccc2c1C(=O)c1c(O)c3c(c(O)c1C2=O)C[C@@](O)([C@H](C)O)C[C@@H]3O		Human	Intravenous		Plasma | Leukemic Cells | Urine	1
8909	MTB631	C-Deglycosidation | Deglycosidation | Dehydroxylation | Deoxygenation | O-Dealkylation | O-Deglycosidation | Reduction	1 of 2 | 1 of 2 | 1 of 3 | 1 of 3 | 1 of 3 | 1 of 3	MTB631-A | MTB631-B | MTB631-C | MTB631-D | MTB631-E | MTB631-F	631	5870	Doxorubicin	7-Deoxyadriamycinone	COc1cccc2c1C(=O)c1c(O)c3c(c(O)c1C2=O)C[C@@](O)(C(=O)CO)C[C@@H]3O[C@H]1C[C@H](N)[C@H](O)[C@H](C)O1	COc1cccc2c1C(=O)c1c(O)c3c(c(O)c1C2=O)C[C@@](O)(C(=O)CO)CC3	NADPH-Cytochrome P450 Reductase | NAD(P)H:Quinone Oxidoreductase | Cytochrome P450 | NADPH-Cytochrome C Reductase | Cytochrome P450 Reductase	in vitro (Human Breast Carcinoma Cells, MCF-7) | Mouse | in vitro (Rat Liver Post-Mitochondrial Fraction) | in vitro (Human Myocardium) | in vitro (Human Myocardium Membranes) | Human (AIDS Patients) | in vitro (Human Leukemia Cells, CEM/C2) | in vitro (Human Leukemia Cells, CCRF-CEM) | in vitro (Mouse NS-1 Cells) | in vitro (NS-1 Cells) | Rat | Rabbit | in vitro (Human Heart Cytosol) | Mouse (Mdr1a(-/-)) | Rat (Bile Duct Cannulated) | Human | in vitro (Human Liver Microsomes) | Rat (Bile Duct Cannulated, Donor) | Rat (Receiver) | in vitro (Rat Liver) | in vitro (Rat Kidney) | in vitro (Hamster Liver)	Intravenous | Infusion | Intraduodenal | Intraperitoneal		Plasma | Urine | Bile | Intestinal Contents | Gastrointestinal Tract | Liver | Spleen | Kidney | Lung | Tumor | Heart | Serum; Urine | Carcass + Feces + Tissue + Urine | Carcass + Tissue	26
8910	MTB631	Deglycosidation | Hydrolysis | O-Dealkylation | O-Deglycosidation	1 of 3 | 1 of 3 | 1 of 4 | 1 of 4 | 1 of 4 | 1 of 4 | 1 of 4 | 1 of 3 | 1 of 4 | 1 of 4 | 1 of 4 | 1 of 2 | 1 of 2	MTB631-AH | MTB631-AI | MTB631-AJ | MTB631-AK | MTB631-AL | MTB631-AM | MTB631-AN | MTB631-AO | MTB631-AP | MTB631-AQ | MTB631-AR | MTB631-AS | MTB631-AT	631	8882	Doxorubicin	Adriamycinone	COc1cccc2c1C(=O)c1c(O)c3c(c(O)c1C2=O)C[C@@](O)(C(=O)CO)C[C@@H]3O[C@H]1C[C@H](N)[C@H](O)[C@H](C)O1	COc1cccc2c1C(=O)c1c(O)c3c(c(O)c1C2=O)C[C@@](O)(C(=O)CO)C[C@@H]3O	Hydrolase | NADPH-Cytochrome P450 Reductase	in vitro (Human Breast Carcinoma Cells, MCF-7) | in vitro (Human Liver Microsomes) | in vitro (Rat Liver Post-Mitochondrial Fraction) | in vitro (Human Liver Cytosol) | Mouse | Mouse (Tumor Bearing) | Human (AIDS Patients) | Rat | in vitro (Mouse NS-1 Cells) | in vitro (NS-1 Cells) | in vitro (Human Heart Cytosol) | in vitro (Rat Liver Microsomes) | in vitro (Rat Heart Microsomes) | in vitro (Rat Liver Cytosol) | in vitro (Rat Heart Cytosol) | in vitro (Mouse Marrow Stromal SR-4987 Cell Microsomes) | in vitro (Mouse Hepatocyte Microsomes) | Rat (Bile Duct Cannulated, Donor) | Rat (Receiver) | Human | in vitro (Rat Liver Nuclei) | Rat (Bile Duct Cannulated) | Hamster | in vitro (Rat Liver) | in vitro (Rat Kidney)	Intraperitoneal | Intravenous | Infusion | Intraduodenal | Intraarterial; Intravenous		Blood | Urine | Liver | Tumor | Plasma | Spleen | Lung | Heart | Kidney | Serum | Brain | Bile | Small Intestine | Omentum | Diaphragm | Bladder | Abdominal Wall | Peritoneal Fluid	37
462	MTB29	S-Alkylation | S-Dealkylation | S-Methylation	5 of 6 | 6 of 7 | 6 of 7 | 3 of 4 | 4 of 5	MTB29-A | MTB29-BT | MTB29-DZ | MTB29-GW | MTB29-HA	39999	40000			N[C@@H](CCC(=O)N[C@@H](CSc1cc(O)cc2c1Nc1ccccc1C=C2)C(=O)NCC(=O)O)C(=O)O	CSc1cc(O)cc2c1Nc1ccccc1C=C2						1
539	MTB29	Aromatization | Dehydration | Hydrolysis | S-Methylation | S-Oxidation	3 of 3	MTB29-Z	31758	34272			NC(=O)N1C2=CC(SC[C@H](NC(=O)CC[C@H](N)C(=O)O)C(=O)NCC(=O)O)C(O)C=C2C2OC2c2ccccc21	CS(=O)(=O)c1ccc2c(c1)N(C(N)=O)c1ccccc1C1OC21	Cysteine beta-Lyase | Thiol Methyltransferase	Mouse	Intraperitoneal		Urine	1
590	MTB29	Aromatization | Dehydration | Hydrolysis | S-Methylation | S-Oxidation	2 of 2 | 3 of 3	MTB29-BN | MTB29-EQ	31752	35844			NC(=O)N1C2=CC(SC[C@H](NC(=O)CC[C@H](N)C(=O)O)C(=O)NCC(=O)O)C(O)C=C2C=Cc2ccccc21	CS(=O)(=O)c1ccc2c(c1)N(C(N)=O)c1ccccc1C=C2	Cysteine beta-Lyase | Thiol Methyltransferase	Mouse	Intraperitoneal		Urine	1
7903	MTB552	Elimination | S-Alkylation | S-Dealkylation | S-Methylation	2 of 3 | 2 of 3 | 2 of 4 | 2 of 3 | 4 of 5 | 4 of 5 | 4 of 6 | 4 of 5 | 4 of 5 | 4 of 5 | 4 of 6 | 4 of 5 | 5 of 6 | 5 of 6 | 5 of 7 | 5 of 6 | 3 of 4 | 3 of 4 | 3 of 5 | 3 of 4 | 4 of 5 | 4 of 5 | 4 of 6 | 4 of 5 | 3 of 4 | 3 of 4 | 3 of 5 | 3 of 4	MTB552-H | MTB552-I | MTB552-J | MTB552-K | MTB552-CV | MTB552-CW | MTB552-CX | MTB552-CY | MTB552-GH | MTB552-GI | MTB552-GJ | MTB552-GK | MTB552-KF | MTB552-KG | MTB552-KH | MTB552-KI | MTB552-OW | MTB552-OX | MTB552-OY | MTB552-OZ | MTB552-SU | MTB552-SV | MTB552-SW | MTB552-SX | MTB552-XQ | MTB552-XR | MTB552-XS | MTB552-XT	7987	6855	Paracetamol-3-glutathione	3-Thiomethylparacetamol	CC(=O)Nc1ccc(O)c(SC[C@H](NC(=O)CC[C@H](N)C(=O)O)C(=O)NCC(=O)O)c1	CSc1cc(NC(C)=O)ccc1O		Human | Hamster | Rat | Dog	Oral	Unspecified	Urine | Bile; Urine	6
7913	MTB552	S-Alkylation | S-Methylation	5 of 6 | 5 of 6 | 5 of 7 | 5 of 6 | 4 of 5 | 4 of 5 | 4 of 6 | 4 of 5 | 5 of 6 | 5 of 6 | 5 of 7 | 5 of 6 | 7 of 8 | 7 of 8 | 7 of 9 | 7 of 8 | 6 of 7 | 6 of 7 | 6 of 8 | 6 of 7 | 2 of 3 | 2 of 3 | 2 of 4 | 2 of 3 | 4 of 5 | 4 of 5 | 4 of 6 | 4 of 5 | 7 of 8 | 7 of 8 | 7 of 9 | 7 of 8 | 6 of 7 | 6 of 7 | 6 of 8 | 6 of 7 | 5 of 6 | 5 of 6 | 5 of 7 | 5 of 6 | 6 of 7 | 6 of 7 | 6 of 8 | 6 of 7 | 8 of 9 | 8 of 9 | 8 of 10 | 8 of 9 | 7 of 8 | 7 of 8 | 7 of 9 | 7 of 8 | 3 of 4 | 3 of 4 | 3 of 5 | 3 of 4 | 3 of 4 | 3 of 4 | 3 of 5 | 3 of 4 | 6 of 7 | 6 of 7 | 6 of 8 | 6 of 7 | 5 of 6 | 5 of 6 | 5 of 7 | 5 of 6 | 4 of 5 | 4 of 5 | 4 of 6 | 4 of 5 | 5 of 6 | 5 of 6 | 5 of 7 | 5 of 6 | 7 of 8 | 7 of 8 | 7 of 9 | 7 of 8 | 6 of 7 | 6 of 7 | 6 of 8 | 6 of 7 | 4 of 5 | 4 of 5 | 4 of 6 | 4 of 5 | 6 of 7 | 6 of 7 | 6 of 8 | 6 of 7 | 5 of 6 | 5 of 6 | 5 of 7 | 5 of 6	MTB552-M | MTB552-N | MTB552-O | MTB552-P | MTB552-AF | MTB552-AG | MTB552-AH | MTB552-AI | MTB552-CB | MTB552-CC | MTB552-CD | MTB552-CE | MTB552-DA | MTB552-DB | MTB552-DC | MTB552-DD | MTB552-DT | MTB552-DU | MTB552-DV | MTB552-DW | MTB552-EY | MTB552-EZ | MTB552-FA | MTB552-FB | MTB552-FW | MTB552-FX | MTB552-FY | MTB552-FZ | MTB552-GM | MTB552-GN | MTB552-GO | MTB552-GP | MTB552-HF | MTB552-HG | MTB552-HH | MTB552-HI | MTB552-IK | MTB552-IL | MTB552-IM | MTB552-IN | MTB552-JL | MTB552-JM | MTB552-JN | MTB552-JO | MTB552-KK | MTB552-KL | MTB552-KM | MTB552-KN | MTB552-LD | MTB552-LE | MTB552-LF | MTB552-LG | MTB552-MT | MTB552-MU | MTB552-MV | MTB552-MW | MTB552-OL | MTB552-OM | MTB552-ON | MTB552-OO | MTB552-PB | MTB552-PC | MTB552-PD | MTB552-PE | MTB552-PU | MTB552-PV | MTB552-PW | MTB552-PX | MTB552-QZ | MTB552-RA | MTB552-RB | MTB552-RC | MTB552-SA | MTB552-SB | MTB552-SC | MTB552-SD | MTB552-SZ | MTB552-TA | MTB552-TB | MTB552-TC | MTB552-TS | MTB552-TT | MTB552-TU | MTB552-TV | MTB552-WW | MTB552-WX | MTB552-WY | MTB552-WZ | MTB552-XV | MTB552-XW | MTB552-XX | MTB552-XY | MTB552-YO | MTB552-YP | MTB552-YQ | MTB552-YR	22943	6855		3-Thiomethylparacetamol	CC(=O)Nc1ccc(O)c(S)c1	CSc1cc(NC(C)=O)ccc1O		Human	Oral		Urine	2
462	MTB29	S-Alkylation | S-Dealkylation | S-Methylation	5 of 6 | 6 of 7 | 6 of 7 | 3 of 4 | 4 of 5	MTB29-A | MTB29-BT | MTB29-DZ | MTB29-GW | MTB29-HA	39999	40000			N[C@@H](CCC(=O)N[C@@H](CSc1cc(O)cc2c1Nc1ccccc1C=C2)C(=O)NCC(=O)O)C(=O)O	CSc1cc(O)cc2c1Nc1ccccc1C=C2						1
686	MTB33	Conjugation | N-Dealkylation | Oxidation | S-Dealkylation	1 Step	MTB33-A	33	15042	Chlormezanone	N-(4-Chlorobenzoyl)glycine	CN1C(=O)CCS(=O)(=O)C1c1ccc(Cl)cc1	O=C(O)CNC(=O)c1ccc(Cl)cc1		Human	Oral		Plasma; Urine	1
689	MTB33	Hydrolysis | Oxidation | S-Dealkylation	1 Step	MTB33-D	33	7262	Chlormezanone	4-Chloro-N-methylbenzamide	CN1C(=O)CCS(=O)(=O)C1c1ccc(Cl)cc1	CNC(=O)c1ccc(Cl)cc1		Human	Oral		Plasma; Urine	1
690	MTB33	N-Dealkylation | Oxidation | S-Dealkylation	1 of 2	MTB33-E	33	2067	Chlormezanone	4-Chlorobenzoic acid	CN1C(=O)CCS(=O)(=O)C1c1ccc(Cl)cc1	O=C(O)c1ccc(Cl)cc1		Human	Oral		Plasma; Urine	1
691	MTB33	Cleavage | Hydrolysis | N-Dealkylation | Oxidation | Ring Opening | S-Dealkylation	1 of 2 | 1 of 3	MTB33-G | MTB33-H	33	7620	Chlormezanone	4-Chlorobenzaldehyde	CN1C(=O)CCS(=O)(=O)C1c1ccc(Cl)cc1	O=Cc1ccc(Cl)cc1		in vitro (Human Plasma) | in vitro (Rat Liver Microsomes) | in vitro (Pig Liver Microsomes) | in vitro (Bovine Liver Microsomes) | Human	Oral		Plasma; Urine	4
462	MTB29	S-Alkylation | S-Dealkylation | S-Methylation	5 of 6 | 6 of 7 | 6 of 7 | 3 of 4 | 4 of 5	MTB29-A | MTB29-BT | MTB29-DZ | MTB29-GW | MTB29-HA	39999	40000			N[C@@H](CCC(=O)N[C@@H](CSc1cc(O)cc2c1Nc1ccccc1C=C2)C(=O)NCC(=O)O)C(=O)O	CSc1cc(O)cc2c1Nc1ccccc1C=C2						1
4205	MTB282	S-Alkylation	3 of 5	MTB282-B	18819	18820			CC(=O)Nc1nc(CS)cs1	CSCc1csc(NC(C)=O)n1		Rat	Oral		Feces; Urine	1
5117	MTB368	S-Alkylation	3 of 3 | 2 of 2	MTB368-B | MTB368-P	19166	19168			N#CCCC(=O)/C=N/N1CCOC1=O	N#CCC(SCCO)C(=O)/C=N/N1CCOC1=O		in vitro (Rat Liver Microsomes) | in vitro (Pig Liver Microsomes)				2
7718	MTB541	Oxidation | S-Alkylation	1 Step	MTB541-A	541	23820	Codeine		COc1ccc2c3c1O[C@H]1[C@@H](O)C=C[C@H]4[C@@H](C2)N(C)CC[C@@]341	COc1ccc2c3c1O[C@H]1C(=O)C[C@H](SCCO)[C@H]4[C@@H](C2)N(C)CC[C@@]341		Guinea Pig	Subcutaneous		Bile	1
7748	MTB541	Oxidation | S-Alkylation	2 of 2	MTB541-L	770	23819	Morphine		CN1CC[C@]23c4c5ccc(O)c4O[C@H]2[C@@H](O)C=C[C@H]3[C@H]1C5	CN1CC[C@]23c4c5ccc(O)c4O[C@H]2C(=O)C[C@H](SCCO)[C@H]3[C@H]1C5		Guinea Pig	Subcutaneous		Bile	1
336	MTB17	Epimerization	1 of 2 | 1 of 2 | 1 of 3 | 1 of 2	MTB17-AO | MTB17-AP | MTB17-AQ | MTB17-AR	17	17945	Boldenon		C[C@]12CC[C@H]3[C@@H](CCC4=CC(=O)C=C[C@@]43C)[C@@H]1CC[C@@H]2O	C[C@]12CC[C@H]3[C@@H](CCC4=CC(=O)C=C[C@@]43C)[C@@H]1CC[C@H]2O		Human | Cattle | in vitro (Cattle Hepatocytes) | in vitro (Cattle Liver Microsomes) | Horse	Oral | Intramuscular		Urine | Feces	6
366	MTB17	Epimerization | Hydroxylation	1 Step	MTB17-AM	17	17946	Boldenon		C[C@]12CC[C@H]3[C@@H](CCC4=CC(=O)C=C[C@@]43C)[C@@H]1CC[C@@H]2O	C[C@]12CC[C@H]3[C@@H](CCC4=CC(=O)C=C[C@@]43C)[C@@H]1CC(O)[C@H]2O		Horse	Intramuscular		Urine	1
1445	MTB70	Epimerization	2 of 3 | 2 of 3	MTB70-W | MTB70-X	18181	23488		5-alpha-Estrane-3-beta,17alpha-diol	C[C@]12CC[C@H]3[C@@H](CC[C@H]4C[C@@H](O)CC[C@@H]43)[C@@H]1CC[C@@H]2O	C[C@]12CC[C@H]3[C@@H](CC[C@H]4C[C@@H](O)CC[C@@H]43)[C@@H]1CC[C@H]2O		Horse	Intramuscular		Urine	1
1446	MTB70	Epimerization	1 of 3 | 1 of 3 | 1 of 2	MTB70-AB | MTB70-AC | MTB70-AD	70	26611	Nandrolone		C[C@]12CC[C@H]3[C@@H](CCC4=CC(=O)CC[C@@H]43)[C@@H]1CC[C@@H]2O	C[C@]12CC[C@H]3[C@@H](CCC4=CC(=O)CC[C@@H]43)[C@@H]1CC[C@H]2O		Cattle | Calf | Horse	Oral | Intramuscular		Urine | Serum	3
2779	MTB208	Epimerization	2 of 2	MTB208-B	18562	18563			C[C@]12CC[C@@H]3c4ccc(O)cc4CC[C@H]3[C@@H]1C[C@@H](Cl)[C@H]2O	C[C@]12CC[C@@H]3c4ccc(O)cc4CC[C@H]3[C@@H]1C[C@H](Cl)[C@H]2O		Rabbit	Intravenous		Urine	2
1165	MTB51	N-Demethylation | O-Deacetylation | O-Demethylation	1 of 2 | 1 of 2	MTB51-E | MTB51-F	51	18104	Diltiazem		COc1ccc([C@@H]2Sc3ccccc3N(CCN(C)C)C(=O)[C@@H]2OC(C)=O)cc1	CNCCN1C(=O)C(O)[C@H](c2ccc(O)cc2)Sc2ccccc21		Rabbit	Intravenous; Oral		Plasma | Urine	1
1166	MTB51	O-Deacetylation	1 of 3 | 1 of 3 | 1 of 2 | 1 of 3 | 1 of 4 | 1 of 4 | 1 of 3 | 1 of 3 | 1 of 3 | 1 of 3	MTB51-Y | MTB51-Z | MTB51-AA | MTB51-AB | MTB51-AC | MTB51-AD | MTB51-AE | MTB51-AF | MTB51-AG | MTB51-AH	51	18098	Diltiazem		COc1ccc([C@@H]2Sc3ccccc3N(CCN(C)C)C(=O)[C@@H]2OC(C)=O)cc1	COc1ccc([C@@H]2Sc3ccccc3N(CCN(C)C)C(=O)C2O)cc1		Rabbit | Rat	Intravenous; Oral	Unspecified	Plasma; Urine | Feces; Urine	2
1168	MTB51	O-Deacetylation | O-Demethylation	1 of 2 | 1 of 3 | 1 of 3 | 1 of 2 | 1 of 2	MTB51-DC | MTB51-DD | MTB51-DE | MTB51-DF | MTB51-DG	51	18099	Diltiazem		COc1ccc([C@@H]2Sc3ccccc3N(CCN(C)C)C(=O)[C@@H]2OC(C)=O)cc1	CN(C)CCN1C(=O)C(O)[C@H](c2ccc(O)cc2)Sc2ccccc21		Rabbit	Intravenous; Oral		Urine	1
1177	MTB51	Hydrolysis | O-Deacetylation | O-Deacylation	2 of 4 | 2 of 4 | 2 of 4 | 2 of 5 | 2 of 3 | 2 of 3 | 2 of 4	MTB51-I | MTB51-J | MTB51-K | MTB51-L | MTB51-M | MTB51-N | MTB51-O	25444	24403		(2S,3S)-5-(2-(Dimethyamino)ethyl)-2,3,4,5-tetrahydro-3-hydroxy-2-(4-hydro+	CC(=O)O[C@H]1C(=O)N(CCN(C)C)c2ccccc2S[C@H]1c1ccc(O)cc1	CN(C)CCN1C(=O)[C@H](O)[C@H](c2ccc(O)cc2)Sc2ccccc21	Esterase	in vitro (Human Liver Microsomes) | in vitro (Human Intestine Microsomes) | in vitro (Rat Liver S9 Fraction) | in vitro (Human Liver S9 Fraction) | Human | in vitro (Human Liver Epithelium Cells, Transfected) | in vitro (Human Liver Epithelium Cells) | Rabbit | in vitro (Rat Liver Microsomes)	Oral | Intravenous		Plasma | Urine	8
1178	MTB51	Deacetylation | Deacylation | Hydrolysis | N-Deacetylation | N-Deacylation | O-Deacetylation | O-Deacylation	1 of 3 | 1 of 2 | 1 of 3 | 1 of 3 | 1 of 4 | 1 of 4 | 1 of 4 | 1 of 5 | 1 of 4 | 1 of 2 | 1 of 4 | 1 of 4 | 1 of 4 | 1 of 5 | 1 of 3 | 1 of 3 | 1 of 4 | 1 of 4 | 1 of 3	MTB51-BX | MTB51-BY | MTB51-BZ | MTB51-CA | MTB51-CB | MTB51-CC | MTB51-CD | MTB51-CE | MTB51-CF | MTB51-CG | MTB51-CH | MTB51-CI | MTB51-CJ | MTB51-CK | MTB51-CL | MTB51-CM | MTB51-CN | MTB51-CO | MTB51-CP	51	4070	Diltiazem	Deacetyldiltiazem	COc1ccc([C@@H]2Sc3ccccc3N(CCN(C)C)C(=O)[C@@H]2OC(C)=O)cc1	COc1ccc([C@@H]2Sc3ccccc3N(CCN(C)C)C(=O)[C@@H]2O)cc1	Carboxylesterase (['CES2A']) | Esterase | Cytochrome P450 | Cytochrome P450 (['CYP3A4']) | Deacetylase | Cytochrome P450 (['CYP3A7'])	Human (Renal Transplant Patients) | in vitro (Rat Liver Microsomes) | in vitro (Rat Intestine Microsomes) | in vitro (Rat Liver Cytosol) | in vitro (Human Liver Microsomes) | in vitro (Human Intestine Microsomes) | in vitro (Human Kidney Microsomes) | in vitro (Human Lung Microsomes) | in vitro (Rat Kidney Microsomes) | in vitro (Rat Lung Microsomes) | in vitro (Monkey Liver Microsomes) | in vitro (Monkey Intestine Microsomes) | in vitro (Monkey Kidney Microsomes) | in vitro (Monkey Lung Microsomes) | in vitro (Dog Liver Microsomes) | in vitro (Dog Intestine Microsomes) | in vitro (Dog Kidney Microsomes) | in vitro (Dog Lung Microsomes) | in vitro (Mouse Liver Microsomes) | in vitro (Mouse Intestine Microsomes) | in vitro (Mouse Kidney Microsomes) | in vitro (Mouse Lung Microsomes) | Human | Rat | Rat (Sprague-Dawley) | Rat (Wistar-Kyoto) | Rat (Hypertensive) | in vitro (Rat Liver S9 Fraction) | in vitro (Human Liver S9 Fraction) | in vitro (Rat Intestine Perfusion) | in vitro (Rat Intestine) | Horse | Rabbit | Rabbit (Female, Lactating) | in vitro (Rabbit Milk) | in vitro (Rabbit Mammary Supernatant) | Human (Overdosed) | Human (Extensive Metabolizer) | Human (Poor Metabolizer) | Rabbit (Diabetic) | in vitro (Rabbit Liver Homogenate) | in vitro (Rabbit Lung Homogenate) | in vitro (Rabbit Brain Homogenate) | in vitro (Rabbit Gut Homogenate) | in vitro (Rabbit Blood) | Dog | Rabbit (Female, Pregnant) | in vitro (Human Liver Epithelium Cells, Transfected) | in vitro (Human Liver Epithelium Cells) | in vitro (Rat Jejunum) | Rabbit (Female) | Human (Healthy) | in vitro (Rabbit Small Intestine Homogenate) | Rabbit (Male) | in vitro (Rabbit Intestine Homogenate) | Rat (Male) | in vitro (Rat Hepatocytes) | in vitro (Rat Plasma) | in vitro (Rat Liver Homogenate) | in vitro (Rabbit Kidney Homogenate) | in vitro (Rat Liver Perfusion) | Human (Female) | Human (Male) | in vitro (Rabbit Liver Microsomes) | in vitro (Rat Intestine Supernatant) | in vitro (Rat Brain Supernatant) | in vitro (Rat Heart Supernatant) | in vitro (Rat Lung Supernatant) | in vitro (Rat Kidney Supernatant) | in vitro (Rat Red Blood Cells) | in vitro (Rat Liver Lysosomes) | in vitro (Rat Liver Mitochondria) | in vitro (Rat Liver Soluble Fraction) | Rat (Bile Duct Cannulated)	Oral | Intravenous | Subcutaneous | Intraperitoneal | Intraarterial | Intraintestinal | Infusion | Intraduodenal		Plasma | Perfusate | Blood | Urine | Milk | Brain | Lung | Heart | Liver | Kidney | Bile | Liver, Neonatal | Lung, Neonatal | Brain, Neonatal | Intestine, Neonatal | Blood, Neonatal | Fat | Muscle | Uterus | Spleen | Blood, Fetal | Brain, Fetal | Muscle, Fetal | Liver, Fetal | Kidney, Fetal | Heart, Fetal | Lung, Fetal | Spleen, Fetal | Stomach Contents | Serum | Small Intestine | Intestine | Plasma; Urine | Feces; Plasma; Urine	95
1656	MTB76	N-Sulfation | Sulfation	1 Step	MTB76-H	76	27485	Desipramine		CNCCCN1c2ccccc2CCc2ccccc21	CN(CCCN1c2ccccc2CCc2ccccc21)S(=O)(=O)O	Sulfotransferase (['SULT2A1']) | Amine N-Sulfotransferase	in vitro (Human Liver Cytosol) | in vitro (Rat Brain Homogenate) | in vitro (Mouse Liver Cytosol) | in vitro (Rat Liver Cytosol) | in vitro (Guinea Pig Liver Cytosol) | in vitro (Rabbit Liver Cytosol) | in vitro (Dog Liver Cytosol) | in vitro (Monkey Liver Cytosol) | in vitro (Rat Liver Supernatant)		N-Sulfate		4
2204	MTB137	Sulfation	3 of 3 | 4 of 4 | 2 of 2	MTB137-I | MTB137-S | MTB137-AD	18377	27312	4'-Hydroxyoxazepam	7-Chloro-1,3-dihydro-3-hydroxy-5-(4'-hydroxyphenyl)-2H-1,4-benzodiazepin-+	O=C1Nc2ccc(Cl)cc2C(c2ccc(O)cc2)=NC1O	O=C1Nc2ccc(Cl)cc2C(c2ccc(OS(=O)(=O)O)cc2)=NC1O		Rat (Male) | Rat (Female) | Mouse (B6C3F1, Male) | Mouse (B6C3F1, Female) | Mouse (Swiss-Webster, Male) | Mouse (Swiss-Webster, Female)	Oral	O-Sulfate	Urine | Feces	2
2225	MTB137	Sulfation	1 Step	MTB137-AF	137	27308	Oxazepam		O=C1Nc2ccc(Cl)cc2C(c2ccccc2)=NC1O	O=C1Nc2ccc(Cl)cc2C(c2ccccc2)=NC1OS(=O)(=O)O		Rat (Male) | Rat (Female)	Oral	O-Sulfate	Urine | Feces	1
3424	MTB224	Sulfation	1 Step	MTB224-B	224	27798	Ethinylestradiol		C#C[C@]1(O)CC[C@H]2[C@@H]3CCc4cc(O)ccc4[C@H]3CC[C@@]21C	C#C[C@]1(O)CC[C@H]2[C@@H]3CCc4cc(OS(=O)(=O)O)ccc4[C@H]3CC[C@@]21C	Sulfotransferase	in vitro (Human Liver Cytosol) | in vitro (Monkey Liver Cytosol)		O-Sulfate		1
3506	MTB224	Conjugation | O-Sulfation | Sulfation	1 Step	MTB224-AZ	224	25856	Ethinylestradiol		C#C[C@]1(O)CC[C@H]2[C@@H]3CCc4cc(O)ccc4[C@H]3CC[C@@]21C	C#C[C@]1(O)CC[C@H]2[C@@H]3CCc4cc(OS(=O)(=O)O)ccc4[C@H]3CC[C@@]21C	Sulfotransferase (['SULT1E1']) | Sulfotransferase (['SULT1A1']) | Sulfotransferase | Sulfotransferase (['SULT2A1']) | Estrogen Sulfotransferase | Cytochrome P450 (['CYP1A', 'CYP3A']) | Phenol Sulfotransferase	Rat | in vitro (Rat Intestine Perfusion) | Mouse | Fish | in vitro (Human Hepatoma Hep G2 Cells) | in vitro (Human Jejunum Cytosol) | in vitro (Human Liver Cytosol) | in vitro (Human Ileum Cytosol) | in vitro (COS-7 Cells, Transfected) | in vitro (Human Liver S9 Fraction) | in vitro (Human Hepatocytes) | in vitro (Human Liver Microsomes) | in vitro (Monkey Liver Microsomes) | in vitro (Dog Liver Microsomes) | in vitro (Mouse Vascular Small Intestine Perfusion) | Monkey (Female) | Human	Intravenous | Oral | Aqueous Uptake	O-Sulfate	Plasma | Bile | Intestinal Lumen | Blood | Urine	19
1570	MTB75	Aliphatic Hydroxylation | C-Dealkylation | C-Demethylation | C-Hydroxylation | C-Oxidation | Chain Shortening | Oxidative Dealkylation	4 of 4 | 2 of 2 | 3 of 3 | 5 of 5 | 4 of 4 | 4 of 4 | 5 of 5 | 5 of 5 | 4 of 4 | 4 of 4 | 5 of 5 | 6 of 6 | 4 of 4 | 5 of 5 | 4 of 4 | 3 of 3	MTB75-Z | MTB75-AG | MTB75-AH | MTB75-CK | MTB75-CQ | MTB75-DJ | MTB75-DS | MTB75-EE | MTB75-EK | MTB75-FZ | MTB75-GH | MTB75-GQ | MTB75-HC | MTB75-HN | MTB75-II | MTB75-IO	18191	18193			CCCC(CC(C)=O)C(=O)O	CCCC(CC(=O)O)C(=O)O	Cytochrome P450	Human | Human (Epilepsy Patients) | Human (Children, Epilepsy Patients) | Sheep (Female, Pregnant) | Sheep (Neonatal) | Sheep | Rat	Oral | Intravenous | Fetal Infusion | Infusion | Intraperitoneal		Serum | Urine | Plasma, Maternal | Plasma, Fetal | Plasma | Serum, Maternal | Serum, Fetal | Liver | Liver Mitochondria | Liver Microsomes	9
1589	MTB75	C-Dealkylation	1 of 2	MTB75-AQ	75	2829	Valproic acid	Acetic acid	CCCC(CCC)C(=O)O	CC(=O)O		in vitro (Mouse Cells, 3T3-L1)				1
2062	MTB130	C-Dealkylation | Dealkylation	1 of 2	MTB130-F	130	18340	Hexobarbital		CN1C(=O)NC(=O)C(C)(C2=CCCCC2)C1=O	CC1C(=O)NC(=O)N(C)C1=O		Rat	Intraperitoneal | Oral		Urine | Blood; Urine	2
2859	MTB210	Aliphatic Hydroxylation | C-Alkylation | C-Dealkylation | C-Demethylation | C-Hydroxylation | C-Methylation | Dehydration | Oxidation | Rearrangement	1 of 2 | 1 of 2 | 1 of 2	MTB210-BP | MTB210-BQ | MTB210-BR	210	56368	Metandienone		C[C@]12C=CC(=O)C=C1CC[C@@H]1[C@@H]2CC[C@@]2(C)[C@H]1CC[C@]2(C)O	C[C@]1(CO)CCC2=C1CC[C@H]1[C@H]2CCC2=CC(=O)C=C[C@@]21C		Human	Oral		Urine	3
2909	MTB210	C-Alkylation | C-Dealkylation | C-Demethylation | C-Methylation	3 of 4 | 2 of 3 | 4 of 5 | 3 of 4	MTB210-V | MTB210-AM | MTB210-BX | MTB210-CV	23622	34329			C[C@]12C=C[C@@H](O)C[C@H]1CC[C@@H]1[C@@H]2CC[C@@]2(C)[C@H]1CC[C@@]2(C)O	CC1(C)CCC2=C1CC[C@H]1[C@H]2CC[C@@H]2C[C@H](O)C=C[C@@]21C		Human			Urine	1
703	MTB34	Condensation | Cyclization	3 of 3	MTB34-D	18013	18017			CCC(Br)(CCO)C(N)=O	CCC1(Br)CCNC1=O		Dog | Human | Mouse | Rat			Urine	1
2283	MTB146	Condensation | Formylation	1 of 2	MTB146-D	146	25768	Phenelzine		NNCCc1ccccc1	C=NNCCc1ccccc1		Rat	Oral			1
2541	MTB176	Condensation | Formylation | Oxidation	1 of 2	MTB176-B	176	25791	Sulfamethizole		Cc1nnc(NS(=O)(=O)c2ccc(N)cc2)s1	C=N/N=C(\C)SC(=O)NS(=O)(=O)c1ccc(N)cc1		Rat	Oral			1
2574	MTB179	Condensation | Formylation	1 of 2	MTB179-B	179	25788	Sulfamethoxypyridazine		COc1ccc(NS(=O)(=O)c2ccc(N)cc2)nn1	C=N/N=C(/C=C\C(=O)NS(=O)(=O)c1ccc(N)cc1)OC		Rat	Oral			1
4335	MTB293	Condensation | Cyclization	4 of 5	MTB293-B	18861	40140			CCC(=O)C(C[C@@H](C)NC)(c1ccccc1)c1ccccc1	C/C=C1/N(C)[C@H](C)CC1(c1ccccc1)c1ccccc1						3
412	MTB21	Cysteination	1 of 2	MTB21-K	21	42430	Bromisoval		CC(C)C(Br)C(=O)NC(N)=O	CC(C)C(SC[C@H](N)C(=O)O)C(=O)NC(N)=O		Human	Oral	Cysteine	Urine | Liver	1
521	MTB29	Cysteination	2 of 2	MTB29-O	1477	35104	Carbamazepine 10,11-epoxide		NC(=O)N1c2ccccc2C2OC2c2ccccc21	NC(=O)N1c2ccccc2C(O)C(SC[C@H](N)C(=O)O)c2ccccc21		Human		Cysteine	Hair	1
991	MTB50	Aromatization | Cysteination	2 of 2	MTB50-CV	75668	69338			CN1CC[N+](=c2nc3ccccc3nc3ccccc23)CC1	CN1CCN(C2=Nc3cc(SC[C@H](N)C(=O)O)ccc3Nc3ccccc32)CC1		in vitro (Human Liver Microsomes)		Cysteine		1
1001	MTB50	Aromatization | Cysteination	2 of 2	MTB50-AI	37250	61324			CN1CC[N+](=c2nc3cc(Cl)ccc3nc3ccccc23)CC1	CN1CCN(C2=Nc3cc(Cl)cc(SC[C@H](N)C(=O)O)c3Nc3ccccc32)CC1		in vitro (Human Liver Microsomes)		Cysteine		1
1047	MTB50	Aromatization | Cysteination	2 of 2	MTB50-BH	75674	75676			CN1CC[N+](=c2nc3cc(Cl)ccc3nc3c2CC(O)C=C3)CC1	CN1CCN(C2=Nc3c(ccc(Cl)c3SC[C@H](N)C(=O)O)NC3=C2CC(O)C=C3)CC1		in vitro (Human Liver Microsomes)		Cysteine		1
1606	MTB75	O-Dephosphorylation	2 of 2 | 3 of 3	MTB75-CF | MTB75-DC	11067	51100	Valproyl coenzyme A		CCCC(CCC)C(=O)SCCNC(=O)CCNC(=O)[C@H](O)C(C)(C)COP(=O)(O)OP(=O)(O)OC[C@H]1O[C@@H](n2cnc3c(N)ncnc32)[C@H](O)[C@@H]1OP(=O)(O)O	CCCC(CCC)C(=O)SCCNC(=O)CCNC(=O)[C@H](O)C(C)(C)COP(=O)(O)OP(=O)(O)OC[C@H]1O[C@@H](n2cnc3c(N)ncnc32)[C@H](O)[C@@H]1O	Phosphatase	in vitro (Rat Liver Mitochondria)				1
5384	MTB383	Conjugation | O-Dephosphorylation | Transacylation	2 of 2	MTB383-A	78849	78850			CC(C)Cc1ccc(C(C)C(=O)OP(=O)(O)OC[C@H]2O[C@@H](n3cnc4c(N)ncnc43)[C@H](O)[C@@H]2O)cc1	CC(C)Cc1ccc(C(C)C(=O)OC(CC(=O)O)C[N+](C)(C)C)cc1		in vitro (HepaRG Cells)		Carnitine		1
11905	MTB749	C-Hydroxylation | Hydrolysis | O-Dephosphorylation | Tautomerization	2 of 6 | 2 of 6 | 2 of 7 | 2 of 5 | 2 of 5 | 2 of 4 | 2 of 10 | 2 of 11 | 2 of 11 | 2 of 12 | 2 of 10 | 2 of 10 | 2 of 7 | 2 of 9 | 2 of 10 | 2 of 10 | 2 of 11 | 2 of 9 | 2 of 9 | 2 of 6 | 3 of 7 | 3 of 7 | 3 of 8 | 3 of 6 | 3 of 6 | 3 of 5 | 3 of 11 | 3 of 12 | 3 of 12 | 3 of 13 | 3 of 11 | 3 of 11 | 3 of 8 | 3 of 10 | 3 of 11 | 3 of 11 | 3 of 12 | 3 of 10 | 3 of 10 | 3 of 7	MTB749-DA | MTB749-DB | MTB749-DC | MTB749-DD | MTB749-DE | MTB749-DF | MTB749-DG | MTB749-DH | MTB749-DI | MTB749-DJ | MTB749-DK | MTB749-DL | MTB749-DM | MTB749-DN | MTB749-DO | MTB749-DP | MTB749-DQ | MTB749-DR | MTB749-DS | MTB749-DT | MTB749-HC | MTB749-HD | MTB749-HE | MTB749-HF | MTB749-HG | MTB749-HH | MTB749-HI | MTB749-HJ | MTB749-HK | MTB749-HL | MTB749-HM | MTB749-HN | MTB749-HO | MTB749-HP | MTB749-HQ | MTB749-HR | MTB749-HS | MTB749-HT | MTB749-HU | MTB749-HV	10396	41157	Thioinosine-5'-monophosphate		O=P(O)(O)OC[C@H]1O[C@@H](n2cnc3c(=S)[nH]cnc32)[C@H](O)[C@@H]1O	O=c1[nH]c(=S)c2ncn([C@@H]3O[C@H](CO)[C@@H](O)[C@H]3O)c2[nH]1	Inosine Monophosphate Dehydrogenase	Human (Children)	Intravenous		Plasma	1
11915	MTB749	O-Dephosphorylation	5 of 7 | 5 of 8 | 5 of 8 | 5 of 9 | 5 of 7 | 5 of 7 | 4 of 6 | 4 of 7 | 4 of 7 | 4 of 8 | 4 of 6 | 4 of 6 | 6 of 8 | 6 of 9 | 6 of 9 | 6 of 10 | 6 of 8 | 6 of 8 | 5 of 7 | 5 of 8 | 5 of 8 | 5 of 9 | 5 of 7 | 5 of 7 | 4 of 6 | 4 of 7 | 4 of 7 | 4 of 8 | 4 of 6 | 4 of 6 | 3 of 5 | 3 of 6 | 3 of 6 | 3 of 7 | 3 of 5 | 3 of 5 | 6 of 8 | 6 of 9 | 6 of 9 | 6 of 10 | 6 of 8 | 6 of 8 | 5 of 7 | 5 of 8 | 5 of 8 | 5 of 9 | 5 of 7 | 5 of 7 | 5 of 7 | 5 of 8 | 5 of 8 | 5 of 9 | 5 of 7 | 5 of 7 | 4 of 6 | 4 of 7 | 4 of 7 | 4 of 8 | 4 of 6 | 4 of 6 | 8 of 10 | 8 of 11 | 8 of 11 | 8 of 12 | 8 of 10 | 8 of 10 | 7 of 9 | 7 of 10 | 7 of 10 | 7 of 11 | 7 of 9 | 7 of 9 | 6 of 8 | 6 of 9 | 6 of 9 | 6 of 10 | 6 of 8 | 6 of 8 | 5 of 7 | 5 of 8 | 5 of 8 | 5 of 9 | 5 of 7 | 5 of 7 | 6 of 8 | 6 of 9 | 6 of 9 | 6 of 10 | 6 of 8 | 6 of 8 | 5 of 7 | 5 of 8 | 5 of 8 | 5 of 9 | 5 of 7 | 5 of 7 | 8 of 10 | 8 of 11 | 8 of 11 | 8 of 12 | 8 of 10 | 8 of 10 | 7 of 9 | 7 of 10 | 7 of 10 | 7 of 11 | 7 of 9 | 7 of 9 | 6 of 8 | 6 of 9 | 6 of 9 | 6 of 10 | 6 of 8 | 6 of 8 | 5 of 7 | 5 of 8 | 5 of 8 | 5 of 9 | 5 of 7 | 5 of 7 | 9 of 11 | 9 of 12 | 9 of 12 | 9 of 13 | 9 of 11 | 9 of 11 | 8 of 10 | 8 of 11 | 8 of 11 | 8 of 12 | 8 of 10 | 8 of 10 | 7 of 9 | 7 of 10 | 7 of 10 | 7 of 11 | 7 of 9 | 7 of 9 | 6 of 8 | 6 of 9 | 6 of 9 | 6 of 10 | 6 of 8 | 6 of 8 | 7 of 9 | 7 of 10 | 7 of 10 | 7 of 11 | 7 of 9 | 7 of 9 | 6 of 8 | 6 of 9 | 6 of 9 | 6 of 10 | 6 of 8 | 6 of 8 | 7 of 9 | 7 of 10 | 7 of 10 | 7 of 11 | 7 of 9 | 7 of 9 | 6 of 8 | 6 of 9 | 6 of 9 | 6 of 10 | 6 of 8 | 6 of 8 | 6 of 8 | 6 of 9 | 6 of 9 | 6 of 10 | 6 of 8 | 6 of 8 | 5 of 7 | 5 of 8 | 5 of 8 | 5 of 9 | 5 of 7 | 5 of 7 | 7 of 9 | 7 of 10 | 7 of 10 | 7 of 11 | 7 of 9 | 7 of 9 | 6 of 8 | 6 of 9 | 6 of 9 | 6 of 10 | 6 of 8 | 6 of 8	MTB749-C | MTB749-D | MTB749-E | MTB749-F | MTB749-G | MTB749-H | MTB749-J | MTB749-K | MTB749-L | MTB749-M | MTB749-N | MTB749-O | MTB749-T | MTB749-U | MTB749-V | MTB749-W | MTB749-X | MTB749-Y | MTB749-AA | MTB749-AB | MTB749-AC | MTB749-AD | MTB749-AE | MTB749-AF | MTB749-AL | MTB749-AM | MTB749-AN | MTB749-AO | MTB749-AP | MTB749-AQ | MTB749-AS | MTB749-AT | MTB749-AU | MTB749-AV | MTB749-AW | MTB749-AX | MTB749-BL | MTB749-BM | MTB749-BN | MTB749-BO | MTB749-BP | MTB749-BQ | MTB749-BS | MTB749-BT | MTB749-BU | MTB749-BV | MTB749-BW | MTB749-BX | MTB749-CB | MTB749-CC | MTB749-CD | MTB749-CE | MTB749-CF | MTB749-CG | MTB749-CI | MTB749-CJ | MTB749-CK | MTB749-CL | MTB749-CM | MTB749-CN | MTB749-DG | MTB749-DH | MTB749-DI | MTB749-DJ | MTB749-DK | MTB749-DL | MTB749-DN | MTB749-DO | MTB749-DP | MTB749-DQ | MTB749-DR | MTB749-DS | MTB749-DU | MTB749-DV | MTB749-DW | MTB749-DX | MTB749-DY | MTB749-DZ | MTB749-EB | MTB749-EC | MTB749-ED | MTB749-EE | MTB749-EF | MTB749-EG | MTB749-EK | MTB749-EL | MTB749-EM | MTB749-EN | MTB749-EO | MTB749-EP | MTB749-ER | MTB749-ES | MTB749-ET | MTB749-EU | MTB749-EV | MTB749-EW | MTB749-FO | MTB749-FP | MTB749-FQ | MTB749-FR | MTB749-FS | MTB749-FT | MTB749-FV | MTB749-FW | MTB749-FX | MTB749-FY | MTB749-FZ | MTB749-GA | MTB749-GD | MTB749-GE | MTB749-GF | MTB749-GG | MTB749-GH | MTB749-GI | MTB749-GK | MTB749-GL | MTB749-GM | MTB749-GN | MTB749-GO | MTB749-GP | MTB749-HI | MTB749-HJ | MTB749-HK | MTB749-HL | MTB749-HM | MTB749-HN | MTB749-HP | MTB749-HQ | MTB749-HR | MTB749-HS | MTB749-HT | MTB749-HU | MTB749-HW | MTB749-HX | MTB749-HY | MTB749-HZ | MTB749-IA | MTB749-IB | MTB749-ID | MTB749-IE | MTB749-IF | MTB749-IG | MTB749-IH | MTB749-II | MTB749-IM | MTB749-IN | MTB749-IO | MTB749-IP | MTB749-IQ | MTB749-IR | MTB749-IT | MTB749-IU | MTB749-IV | MTB749-IW | MTB749-IX | MTB749-IY | MTB749-JB | MTB749-JC | MTB749-JD | MTB749-JE | MTB749-JF | MTB749-JG | MTB749-JI | MTB749-JJ | MTB749-JK | MTB749-JL | MTB749-JM | MTB749-JN | MTB749-KG | MTB749-KH | MTB749-KI | MTB749-KJ | MTB749-KK | MTB749-KL | MTB749-KN | MTB749-KO | MTB749-KP | MTB749-KQ | MTB749-KR | MTB749-KS | MTB749-KX | MTB749-KY | MTB749-KZ | MTB749-LA | MTB749-LB | MTB749-LC | MTB749-LE | MTB749-LF | MTB749-LG | MTB749-LH | MTB749-LI | MTB749-LJ	22092	14897	6-Thioguanosine 5'-triphosphate	6-Thioguanine ribonucleoside	Nc1nc2c(ncn2[C@@H]2O[C@H](COP(=O)(O)OP(=O)(O)OP(=O)(O)O)[C@@H](O)[C@H]2O)c(=S)[nH]1	Nc1nc2c(ncn2[C@@H]2O[C@H](CO)[C@@H](O)[C@H]2O)c(=S)[nH]1	5'-Nucleotidase	Human	Infusion		Lymphoblasts	1
11916	MTB749	Amination | Hydrolysis | O-Dephosphorylation	2 of 4 | 2 of 5 | 2 of 5 | 2 of 6 | 2 of 4 | 2 of 4 | 3 of 5 | 3 of 6 | 3 of 6 | 3 of 7 | 3 of 5 | 3 of 5	MTB749-CT | MTB749-CU | MTB749-CV | MTB749-CW | MTB749-CX | MTB749-CY | MTB749-GV | MTB749-GW | MTB749-GX | MTB749-GY | MTB749-GZ | MTB749-HA	10396	14897	Thioinosine-5'-monophosphate	6-Thioguanine ribonucleoside	O=P(O)(O)OC[C@H]1O[C@@H](n2cnc3c(=S)[nH]cnc32)[C@H](O)[C@@H]1O	Nc1nc2c(ncn2[C@@H]2O[C@H](CO)[C@@H](O)[C@H]2O)c(=S)[nH]1	Guanosine Monophosphate Synthetase	Human (Children)	Intravenous		Plasma	1
1178	MTB51	Deacetylation | Deacylation | Hydrolysis | N-Deacetylation | N-Deacylation | O-Deacetylation | O-Deacylation	1 of 3 | 1 of 2 | 1 of 3 | 1 of 3 | 1 of 4 | 1 of 4 | 1 of 4 | 1 of 5 | 1 of 4 | 1 of 2 | 1 of 4 | 1 of 4 | 1 of 4 | 1 of 5 | 1 of 3 | 1 of 3 | 1 of 4 | 1 of 4 | 1 of 3	MTB51-BX | MTB51-BY | MTB51-BZ | MTB51-CA | MTB51-CB | MTB51-CC | MTB51-CD | MTB51-CE | MTB51-CF | MTB51-CG | MTB51-CH | MTB51-CI | MTB51-CJ | MTB51-CK | MTB51-CL | MTB51-CM | MTB51-CN | MTB51-CO | MTB51-CP	51	4070	Diltiazem	Deacetyldiltiazem	COc1ccc([C@@H]2Sc3ccccc3N(CCN(C)C)C(=O)[C@@H]2OC(C)=O)cc1	COc1ccc([C@@H]2Sc3ccccc3N(CCN(C)C)C(=O)[C@@H]2O)cc1	Carboxylesterase (['CES2A']) | Esterase | Cytochrome P450 | Cytochrome P450 (['CYP3A4']) | Deacetylase | Cytochrome P450 (['CYP3A7'])	Human (Renal Transplant Patients) | in vitro (Rat Liver Microsomes) | in vitro (Rat Intestine Microsomes) | in vitro (Rat Liver Cytosol) | in vitro (Human Liver Microsomes) | in vitro (Human Intestine Microsomes) | in vitro (Human Kidney Microsomes) | in vitro (Human Lung Microsomes) | in vitro (Rat Kidney Microsomes) | in vitro (Rat Lung Microsomes) | in vitro (Monkey Liver Microsomes) | in vitro (Monkey Intestine Microsomes) | in vitro (Monkey Kidney Microsomes) | in vitro (Monkey Lung Microsomes) | in vitro (Dog Liver Microsomes) | in vitro (Dog Intestine Microsomes) | in vitro (Dog Kidney Microsomes) | in vitro (Dog Lung Microsomes) | in vitro (Mouse Liver Microsomes) | in vitro (Mouse Intestine Microsomes) | in vitro (Mouse Kidney Microsomes) | in vitro (Mouse Lung Microsomes) | Human | Rat | Rat (Sprague-Dawley) | Rat (Wistar-Kyoto) | Rat (Hypertensive) | in vitro (Rat Liver S9 Fraction) | in vitro (Human Liver S9 Fraction) | in vitro (Rat Intestine Perfusion) | in vitro (Rat Intestine) | Horse | Rabbit | Rabbit (Female, Lactating) | in vitro (Rabbit Milk) | in vitro (Rabbit Mammary Supernatant) | Human (Overdosed) | Human (Extensive Metabolizer) | Human (Poor Metabolizer) | Rabbit (Diabetic) | in vitro (Rabbit Liver Homogenate) | in vitro (Rabbit Lung Homogenate) | in vitro (Rabbit Brain Homogenate) | in vitro (Rabbit Gut Homogenate) | in vitro (Rabbit Blood) | Dog | Rabbit (Female, Pregnant) | in vitro (Human Liver Epithelium Cells, Transfected) | in vitro (Human Liver Epithelium Cells) | in vitro (Rat Jejunum) | Rabbit (Female) | Human (Healthy) | in vitro (Rabbit Small Intestine Homogenate) | Rabbit (Male) | in vitro (Rabbit Intestine Homogenate) | Rat (Male) | in vitro (Rat Hepatocytes) | in vitro (Rat Plasma) | in vitro (Rat Liver Homogenate) | in vitro (Rabbit Kidney Homogenate) | in vitro (Rat Liver Perfusion) | Human (Female) | Human (Male) | in vitro (Rabbit Liver Microsomes) | in vitro (Rat Intestine Supernatant) | in vitro (Rat Brain Supernatant) | in vitro (Rat Heart Supernatant) | in vitro (Rat Lung Supernatant) | in vitro (Rat Kidney Supernatant) | in vitro (Rat Red Blood Cells) | in vitro (Rat Liver Lysosomes) | in vitro (Rat Liver Mitochondria) | in vitro (Rat Liver Soluble Fraction) | Rat (Bile Duct Cannulated)	Oral | Intravenous | Subcutaneous | Intraperitoneal | Intraarterial | Intraintestinal | Infusion | Intraduodenal		Plasma | Perfusate | Blood | Urine | Milk | Brain | Lung | Heart | Liver | Kidney | Bile | Liver, Neonatal | Lung, Neonatal | Brain, Neonatal | Intestine, Neonatal | Blood, Neonatal | Fat | Muscle | Uterus | Spleen | Blood, Fetal | Brain, Fetal | Muscle, Fetal | Liver, Fetal | Kidney, Fetal | Heart, Fetal | Lung, Fetal | Spleen, Fetal | Stomach Contents | Serum | Small Intestine | Intestine | Plasma; Urine | Feces; Plasma; Urine	95
2469	MTB167	N-Deacetylation	1 of 2	MTB167-B	167	184	Sulfacetamide	Sulfanilamide	CC(=O)NS(=O)(=O)c1ccc(N)cc1	Nc1ccc(S(N)(=O)=O)cc1		Human	Oral		Urine	2
4474	MTB311	N-Deacetylation | N-Deacylation	1 Step	MTB311-A	311	38493	Butacetin		CC(=O)Nc1ccc(OC(C)(C)C)cc1	CC(C)(C)Oc1ccc(N)cc1	Deacetylase	in vitro (Mouse Liver Microsomes) | in vitro (Mouse Kidney Microsomes)				1
4951	MTB352	Hydrolysis | N-Deacetylation | N-Deacylation	1 of 2 | 1 of 3	MTB352-D | MTB352-E	352	974	Acetanilide	Aniline	CC(=O)Nc1ccccc1	Nc1ccccc1	Acetanilide N-Deacetylase | Deacetylase | Carboxylesterase | Amidase | Arylamidase	in vitro (Human Liver Microsomes) | in vitro (Human Liver Cytosol) | in vitro (Human Kidney Microsomes) | in vitro (Human Kidney Cytosol) | in vitro (Rat Liver Microsomes) | in vitro (Rat Mammary Gland Microsomes) | in vitro (Rat Testis Microsomes) | in vitro (Rat Kidney Microsomes) | Rat | in vitro (Rat Lung Homogenate) | in vitro (Rat Small Intestine Homogenate) | in vitro (Rat Kidney Homogenate) | in vitro (Rat Brain Homogenate) | in vitro (Rat Liver Homogenate) | in vitro (Guinea Pig Liver Microsomes) | in vitro (Guinea Pig Liver Mitochondria) | in vitro (Guinea Pig Liver Nuclei) | in vitro (Guinea Pig Liver Cytoplasm) | Rabbit	Intraperitoneal | Oral		Urine	12
6128	MTB433	Hydrolysis | N-Deacetylation | N-Deacylation	1 of 3 | 1 of 5	MTB433-Z | MTB433-AA	433	1487	Isoniazide	Hydrazine	NNC(=O)c1ccncc1	NN	Amidase | Isoniazid Hydrolase	Mouse | Mouse (Cyp3a-Null) | Human | Rat | Rabbit | in vitro (Rabbit Liver Microsomes)	Oral | Intraperitoneal | Subcutaneous | Intravenous; Oral		Liver | Urine | Serum | Plasma | Plasma; Urine | Lung; Urine	14
51	MTB5	Dealkylation | Elimination	3 of 3	MTB5-P	39849	39850			CC(=O)Nc1ccc(C2(C(C)O)CCC(=O)NC2=O)cc1	CC(=O)Nc1ccc(C2CCC(=O)NC2=O)cc1		Rat | Rat (Bile Duct Cannulated)	Oral		Urine	1
275	MTB14	Dealkylation	2 of 2	MTB14-B	17928	17929			CCC1(C(C)O)C(=O)NC(=O)NC1=O	CCC1C(=O)NC(=O)NC1=O		Rat | Human			Urine	3
2062	MTB130	C-Dealkylation | Dealkylation	1 of 2	MTB130-F	130	18340	Hexobarbital		CN1C(=O)NC(=O)C(C)(C2=CCCCC2)C1=O	CC1C(=O)NC(=O)N(C)C1=O		Rat	Intraperitoneal | Oral		Urine | Blood; Urine	2
2453	MTB163	Dealkylation | Hydroxylation	1 of 2	MTB163-C	163	18471	Secobarbital		C=CCC1(C(C)CCC)C(=O)NC(=O)NC1=O	CCCC(C)C1(O)C(=O)NC(=O)NC1=O		Human			Urine	1
3717	MTB236	Dealkylation | Isomerization | Oxidation	3 of 3	MTB236-C	18669	18675			C[C@]12CC[C@@H](O)C[C@H]1CC[C@H]1[C@@H]3CC[C@](O)(C(O)CO)[C@@]3(C)C[C@H](O)[C@@]12F	C[C@]12CC[C@@H](O)C[C@H]1CC[C@H]1[C@@H]3CCC(=O)[C@@]3(C)C[C@H](O)[C@@]12F		Human		Glucuronide	Urine	2
1333	MTB60	Desulfuration | Oxidation	2 of 3	MTB60-A	18148	18149			CCCC(C)C1(CCS(C)=O)C(=O)NC(=S)NC1=O	CCCC(C)C1(CCS(C)=O)C(=O)NC(=O)NC1=O		Dog			Urine	2
1334	MTB60	Desulfuration | Oxidation	1 of 3 | 1 of 2	MTB60-B | MTB60-C	60	18146	Methitural		CCCC(C)C1(CCSC)C(=O)NC(=S)NC1=O	CCCC(C)C1(CCSC)C(=O)NC(=O)NC1=O		Dog			Urine	2
2704	MTB196	Desulfuration | Hydrolysis	1 Step	MTB196-A	196	18532	Thialbarbital		C=CCC1(C2C=CCCC2)C(=O)NC(=S)NC1=O	C=CCC1(C2C=CCCC2)C(=O)NC(=O)NC1=O		Rabbit			Urine	2
2706	MTB197	Desulfuration | Hydrolysis | Oxidative Desulfuration	1 of 2 | 1 of 2	MTB197-B | MTB197-C	197	163	Thiamylal	Secobarbital	C=CCC1(C(C)CCC)C(=O)NC(=S)NC1=O	C=CCC1(C(C)CCC)C(=O)NC(=O)NC1=O		Human | Rabbit | in vitro (Rat)	Oral		Urine	4
2714	MTB198	Desulfuration | Hydrolysis	1 Step	MTB198-A	198	14	Thiobarbital	Barbital	CCC1(CC)C(=O)NC(=S)NC1=O	CCC1(CC)C(=O)NC(=O)NC1=O		Human | Dog | Rat | Rabbit	Intravenous; Oral | Intraperitoneal | Oral		Urine	5
5138	MTB369	Dimerization | N-Deacylation | Oxidation	1 Step	MTB369-C	369	19175	3-Acetyl-4-(2-methoxyethoxy)-acetanilide		COCCOc1ccc(NC(C)=O)cc1C(C)=O	COCCOc1ccc(/N=[N+](/[O-])c2ccc(OCCOC)c(C(C)=O)c2)cc1C(C)=O		Human	Oral		Urine	1
5842	MTB420	Condensation | Dimerization	2 of 2 | 3 of 3	MTB420-D | MTB420-S	7983	19332	4-Aminoantipyrine		Cc1c(N)c(=O)n(-c2ccccc2)n1C	Cc1c(/N=C\c2c(N(C)C)c(=O)n(-c3ccccc3)n2C)c(=O)n(-c2ccccc2)n1C		Rabbit | Rat			Urine | Feces; Urine	2
5845	MTB420	Condensation | Dimerization	3 of 3	MTB420-K	19331	19332			CN(C)c1c(C=O)n(C)n(-c2ccccc2)c1=O	Cc1c(/N=C\c2c(N(C)C)c(=O)n(-c3ccccc3)n2C)c(=O)n(-c2ccccc2)n1C		Rabbit | Rat			Urine | Feces; Urine	2
5859	MTB420	Dimerization | N-Dealkylation	1 Step	MTB420-M	420	19328	Aminophenazone		Cc1c(N(C)C)c(=O)n(-c2ccccc2)n1C	CC1=NN(c2ccccc2)C(=O)/C1=N\c1c(C)n(C)n(-c2ccccc2)c1=O		Human | Dog	Oral | Rectal		Urine	5
5861	MTB420	Dimerization | N-Dealkylation	1 Step	MTB420-O	420	19327	Aminophenazone		Cc1c(N(C)C)c(=O)n(-c2ccccc2)n1C	CC1=NN(c2ccccc2)C(=O)/C1=N\c1c(C)[nH]n(-c2ccccc2)c1=O		Human | Dog	Oral | Rectal		Urine	6
6729	MTB467	Deamidation | Hydrolysis	2 of 2	MTB467-C	19522	19521		5-Hydroxypyrazinoic acid	NC(=O)c1cnc(O)cn1	O=C(O)c1cnc(O)cn1	Amidase | Deamidase	Human (Tuberculosis Patients) | Rat | Human	Oral		Urine | Plasma	4
6732	MTB467	Deamidation | Hydrolysis | Oxidative Deamination	1 of 2	MTB467-F	467	19520	Pyrazinamide	Pyrazinoic acid	NC(=O)c1cnccn1	O=C(O)c1cnccn1	Pyrazinamidase | Amidase | Deamidase	Human | Human (Tuberculosis Patients) | Rat | Monkey | Dog	Oral | Intravenous	Glycine	Plasma | Urine | Blood | Bile | Plasma; Urine | Feces	15
7905	MTB552	Deamidation | Hydrolysis | N-Deacylation	3 of 6 | 3 of 6 | 3 of 7 | 3 of 6 | 3 of 5 | 3 of 4 | 3 of 4 | 3 of 4 | 3 of 5 | 3 of 5 | 3 of 6 | 3 of 6 | 3 of 7 | 3 of 6 | 3 of 5 | 3 of 5 | 3 of 6 | 3 of 5 | 3 of 4 | 5 of 8 | 5 of 8 | 5 of 9 | 5 of 8 | 5 of 7 | 5 of 6 | 5 of 6 | 5 of 6 | 5 of 7 | 5 of 7 | 5 of 8 | 5 of 8 | 5 of 9 | 5 of 8 | 5 of 7 | 5 of 7 | 5 of 8 | 5 of 7 | 5 of 6 | 5 of 8 | 5 of 8 | 5 of 9 | 5 of 8 | 5 of 7 | 5 of 6 | 5 of 6 | 5 of 6 | 5 of 7 | 5 of 7 | 5 of 8 | 5 of 8 | 5 of 9 | 5 of 8 | 5 of 7 | 5 of 7 | 5 of 8 | 5 of 7 | 5 of 6 | 6 of 9 | 6 of 9 | 6 of 10 | 6 of 9 | 6 of 8 | 6 of 7 | 6 of 7 | 6 of 7 | 6 of 8 | 6 of 8 | 6 of 9 | 6 of 9 | 6 of 10 | 6 of 9 | 6 of 8 | 6 of 8 | 6 of 9 | 6 of 8 | 6 of 7 | 4 of 7 | 4 of 7 | 4 of 8 | 4 of 7 | 4 of 6 | 4 of 5 | 4 of 5 | 4 of 5 | 4 of 6 | 4 of 6 | 4 of 7 | 4 of 7 | 4 of 8 | 4 of 7 | 4 of 6 | 4 of 6 | 4 of 7 | 4 of 6 | 4 of 5 | 5 of 8 | 5 of 8 | 5 of 9 | 5 of 8 | 5 of 7 | 5 of 6 | 5 of 6 | 5 of 6 | 5 of 7 | 5 of 7 | 5 of 8 | 5 of 8 | 5 of 9 | 5 of 8 | 5 of 7 | 5 of 7 | 5 of 8 | 5 of 7 | 5 of 6 | 4 of 7 | 4 of 7 | 4 of 8 | 4 of 7 | 4 of 6 | 4 of 5 | 4 of 5 | 4 of 5 | 4 of 6 | 4 of 6 | 4 of 7 | 4 of 7 | 4 of 8 | 4 of 7 | 4 of 6 | 4 of 6 | 4 of 7 | 4 of 6 | 4 of 5	MTB552-M | MTB552-N | MTB552-O | MTB552-P | MTB552-Q | MTB552-R | MTB552-S | MTB552-T | MTB552-U | MTB552-V | MTB552-W | MTB552-X | MTB552-Y | MTB552-Z | MTB552-AA | MTB552-AB | MTB552-AC | MTB552-AD | MTB552-AE | MTB552-DA | MTB552-DB | MTB552-DC | MTB552-DD | MTB552-DE | MTB552-DF | MTB552-DG | MTB552-DH | MTB552-DI | MTB552-DJ | MTB552-DK | MTB552-DL | MTB552-DM | MTB552-DN | MTB552-DO | MTB552-DP | MTB552-DQ | MTB552-DR | MTB552-DS | MTB552-GM | MTB552-GN | MTB552-GO | MTB552-GP | MTB552-GQ | MTB552-GR | MTB552-GS | MTB552-GT | MTB552-GU | MTB552-GV | MTB552-GW | MTB552-GX | MTB552-GY | MTB552-GZ | MTB552-HA | MTB552-HB | MTB552-HC | MTB552-HD | MTB552-HE | MTB552-KK | MTB552-KL | MTB552-KM | MTB552-KN | MTB552-KO | MTB552-KP | MTB552-KQ | MTB552-KR | MTB552-KS | MTB552-KT | MTB552-KU | MTB552-KV | MTB552-KW | MTB552-KX | MTB552-KY | MTB552-KZ | MTB552-LA | MTB552-LB | MTB552-LC | MTB552-PB | MTB552-PC | MTB552-PD | MTB552-PE | MTB552-PF | MTB552-PG | MTB552-PH | MTB552-PI | MTB552-PJ | MTB552-PK | MTB552-PL | MTB552-PM | MTB552-PN | MTB552-PO | MTB552-PP | MTB552-PQ | MTB552-PR | MTB552-PS | MTB552-PT | MTB552-SZ | MTB552-TA | MTB552-TB | MTB552-TC | MTB552-TD | MTB552-TE | MTB552-TF | MTB552-TG | MTB552-TH | MTB552-TI | MTB552-TJ | MTB552-TK | MTB552-TL | MTB552-TM | MTB552-TN | MTB552-TO | MTB552-TP | MTB552-TQ | MTB552-TR | MTB552-XV | MTB552-XW | MTB552-XX | MTB552-XY | MTB552-XZ | MTB552-YA | MTB552-YB | MTB552-YC | MTB552-YD | MTB552-YE | MTB552-YF | MTB552-YG | MTB552-YH | MTB552-YI | MTB552-YJ | MTB552-YK | MTB552-YL | MTB552-YM | MTB552-YN	8608	3509	3-(Glycinylcystein-S-yl)acetaminophen	S-(5-Acetylamino-2-hydroxyphenyl)-L-cysteine	CC(=O)Nc1ccc(O)c(SC[C@H](N)C(=O)NCC(=O)O)c1	CC(=O)Nc1ccc(O)c(SC[C@H](N)C(=O)O)c1		Rat (Bile Duct Cannulated) | in vitro (Human Hepatocytes) | in vitro (Human Liver Microsomes) | Mouse | in vitro (Rat Liver Perfusion) | in vitro (Rat Liver Perfusion, TR- Strain) | Rat (TR- Strain, Bile Duct Cannulated) | Mouse (Bile Duct Cannulated) | Rat	Intravenous | Intraperitoneal | Oral	Cysteine	Urine | Liver | Plasma | Bile | Serum | Perfusate	11
7906	MTB552	Deamidation | Hydrolysis | N-Acetylation | N-Acylation | N-Deacylation	2 of 5 | 2 of 5 | 2 of 6 | 2 of 5 | 2 of 4 | 2 of 3 | 2 of 3 | 2 of 3 | 2 of 4 | 2 of 4 | 2 of 5 | 2 of 5 | 2 of 6 | 2 of 5 | 2 of 4 | 2 of 4 | 2 of 5 | 2 of 4 | 2 of 3 | 4 of 7 | 4 of 7 | 4 of 8 | 4 of 7 | 4 of 6 | 4 of 5 | 4 of 5 | 4 of 5 | 4 of 6 | 4 of 6 | 4 of 7 | 4 of 7 | 4 of 8 | 4 of 7 | 4 of 6 | 4 of 6 | 4 of 7 | 4 of 6 | 4 of 5 | 4 of 7 | 4 of 7 | 4 of 8 | 4 of 7 | 4 of 6 | 4 of 5 | 4 of 5 | 4 of 5 | 4 of 6 | 4 of 6 | 4 of 7 | 4 of 7 | 4 of 8 | 4 of 7 | 4 of 6 | 4 of 6 | 4 of 7 | 4 of 6 | 4 of 5 | 5 of 8 | 5 of 8 | 5 of 9 | 5 of 8 | 5 of 7 | 5 of 6 | 5 of 6 | 5 of 6 | 5 of 7 | 5 of 7 | 5 of 8 | 5 of 8 | 5 of 9 | 5 of 8 | 5 of 7 | 5 of 7 | 5 of 8 | 5 of 7 | 5 of 6 | 3 of 6 | 3 of 6 | 3 of 7 | 3 of 6 | 3 of 5 | 3 of 4 | 3 of 4 | 3 of 4 | 3 of 5 | 3 of 5 | 3 of 6 | 3 of 6 | 3 of 7 | 3 of 6 | 3 of 5 | 3 of 5 | 3 of 6 | 3 of 5 | 3 of 4 | 4 of 7 | 4 of 7 | 4 of 8 | 4 of 7 | 4 of 6 | 4 of 5 | 4 of 5 | 4 of 5 | 4 of 6 | 4 of 6 | 4 of 7 | 4 of 7 | 4 of 8 | 4 of 7 | 4 of 6 | 4 of 6 | 4 of 7 | 4 of 6 | 4 of 5 | 3 of 6 | 3 of 6 | 3 of 7 | 3 of 6 | 3 of 5 | 3 of 4 | 3 of 4 | 3 of 4 | 3 of 5 | 3 of 5 | 3 of 6 | 3 of 6 | 3 of 7 | 3 of 6 | 3 of 5 | 3 of 5 | 3 of 6 | 3 of 5 | 3 of 4	MTB552-AF | MTB552-AG | MTB552-AH | MTB552-AI | MTB552-AJ | MTB552-AK | MTB552-AL | MTB552-AM | MTB552-AN | MTB552-AO | MTB552-AP | MTB552-AQ | MTB552-AR | MTB552-AS | MTB552-AT | MTB552-AU | MTB552-AV | MTB552-AW | MTB552-AX | MTB552-DT | MTB552-DU | MTB552-DV | MTB552-DW | MTB552-DX | MTB552-DY | MTB552-DZ | MTB552-EA | MTB552-EB | MTB552-EC | MTB552-ED | MTB552-EE | MTB552-EF | MTB552-EG | MTB552-EH | MTB552-EI | MTB552-EJ | MTB552-EK | MTB552-EL | MTB552-HF | MTB552-HG | MTB552-HH | MTB552-HI | MTB552-HJ | MTB552-HK | MTB552-HL | MTB552-HM | MTB552-HN | MTB552-HO | MTB552-HP | MTB552-HQ | MTB552-HR | MTB552-HS | MTB552-HT | MTB552-HU | MTB552-HV | MTB552-HW | MTB552-HX | MTB552-LD | MTB552-LE | MTB552-LF | MTB552-LG | MTB552-LH | MTB552-LI | MTB552-LJ | MTB552-LK | MTB552-LL | MTB552-LM | MTB552-LN | MTB552-LO | MTB552-LP | MTB552-LQ | MTB552-LR | MTB552-LS | MTB552-LT | MTB552-LU | MTB552-LV | MTB552-PU | MTB552-PV | MTB552-PW | MTB552-PX | MTB552-PY | MTB552-PZ | MTB552-QA | MTB552-QB | MTB552-QC | MTB552-QD | MTB552-QE | MTB552-QF | MTB552-QG | MTB552-QH | MTB552-QI | MTB552-QJ | MTB552-QK | MTB552-QL | MTB552-QM | MTB552-TS | MTB552-TT | MTB552-TU | MTB552-TV | MTB552-TW | MTB552-TX | MTB552-TY | MTB552-TZ | MTB552-UA | MTB552-UB | MTB552-UC | MTB552-UD | MTB552-UE | MTB552-UF | MTB552-UG | MTB552-UH | MTB552-UI | MTB552-UJ | MTB552-UK | MTB552-YO | MTB552-YP | MTB552-YQ | MTB552-YR | MTB552-YS | MTB552-YT | MTB552-YU | MTB552-YV | MTB552-YW | MTB552-YX | MTB552-YY | MTB552-YZ | MTB552-ZA | MTB552-ZB | MTB552-ZC | MTB552-ZD | MTB552-ZE | MTB552-ZF | MTB552-ZG	7987	3509	Paracetamol-3-glutathione	S-(5-Acetylamino-2-hydroxyphenyl)-L-cysteine	CC(=O)Nc1ccc(O)c(SC[C@H](NC(=O)CC[C@H](N)C(=O)O)C(=O)NCC(=O)O)c1	CC(=O)Nc1ccc(O)c(SC[C@H](N)C(=O)O)c1	gamma-Glutamyltranspeptidase | Dipeptidase | Sulfotransferase	Human (Neonatal) | in vitro (Rat Liver Slices) | in vitro (Mouse Liver Slices) | in vitro (Human Liver Slices) | Mouse | Mouse (Txnrd1(DeltaLiv)) | Rat | Rat (Pseudo Germ-free) | Human | Human (Cardiac Surgery Patients) | Mouse (Nrf2-Null) | Mouse (Keap1 Knockdown) | Mouse (Transgenic, Expressing Human CYP3A4 and Human PXR) | in vitro (Mouse Liver Microsomes) | Mouse (Mrp3(-/-)) | in vitro (Mouse Liver Perfusion) | in vitro (Mouse Liver Perfusion, Mrp3(-/-)) | Rat (Bile Duct Cannulated) | Rat (Sham-Operated)	Intravenous | Intraperitoneal | Oral | Intraperitoneal + Intravenous | Intragastric | Intraperitoneal; Oral	Cysteine	Plasma | Urine | Serum | Liver | Bile | Kidney | Perfusate	46
7955	MTB552	Cysteination | Deamidation | Hydrolysis | N-Deacylation	2 of 3 | 4 of 5 | 3 of 4	MTB552-BG | MTB552-MM | MTB552-VB	28700	33758			CC(=O)Nc1ccc(O)cc1SC[C@H](NC(=O)CC[C@H](N)C(=O)O)C(=O)NCC(=O)O	CC(=O)Nc1ccc(O)cc1SC[C@H](N)C(=O)O	Glutamyltransferase	Mouse | Human	Intraperitoneal | Intravenous | Oral	Cysteine	Urine | Plasma | Kidney Cytosol | Liver Cytosol | Kidney Microsomes | Liver Microsomes	4
8341	MTB571	C-Oxidation | O-Dearylation | Oxidative Dealkylation	2 of 2	MTB571-AC	40277	15041		Carbon dioxide	CC(=O)Nc1ccc(OC(C)O)cc1	O=C=O		Human (Healthy) | Human (Cirrhosis Patients)	Oral		Expired Air	1
9113	MTB649	O-Dearylation | Oxidation	1 Step	MTB649-D	649	20077	Fomocaine		c1ccc(OCc2ccc(CCCN3CCOCC3)cc2)cc1	O=C(O)c1ccc(CCCN2CCOCC2)cc1		Rat | Dog	Intraperitoneal	Unspecified	Feces; Sweat | Urine | Feces; Urine	2
9469	MTB680	Hydrolysis | O-Dearylation	1 Step	MTB680-E	680	20181	Tri-p-cresyl phosphate		Cc1ccc(OP(=O)(Oc2ccc(C)cc2)Oc2ccc(C)cc2)cc1	Cc1ccc(OP(=O)(O)Oc2ccc(C)cc2)cc1		Human (Female, Pregnant) | Human | Rat	Environmental Exposure | Occupational Exposure | Oral		Urine | Bile; Urine	3
12764	MTB782	Hydrolysis | O-Dearylation	1 of 2 | 1 of 3 | 1 of 4 | 1 of 3 | 1 of 4 | 1 of 3 | 1 of 3 | 1 of 4	MTB782-H | MTB782-I | MTB782-J | MTB782-K | MTB782-L | MTB782-M | MTB782-N | MTB782-O	782	20574	Cisapride		COc1cc(N)c(Cl)cc1C(=O)N[C@H]1CCN(CCCOc2ccc(F)cc2)C[C@H]1OC	COc1cc(N)c(Cl)cc1C(=O)N[C@H]1CCN(CCCO)C[C@H]1OC	Cytochrome P450 (['CYP3A4']) | Cytochrome P450 (['CYP1A1', 'CYP1A2', 'CYP2C8', 'CYP2C9', 'CYP3A5', 'CYP3A7']) | Cytochrome P450 (['CYP3A4', 'CYP2A6'])	in vitro (Human Liver Microsomes, Fetal) | in vitro (Human Liver Microsomes, Neonatal) | in vitro (Human Liver Microsomes, Adult) | in vitro (Human 293 Cells Expressing Human CYP3A4) | in vitro (Human 293 Cells Expressing Human CYP Isoenzymes) | in vitro (Human Liver Microsomes) | in vitro (Rat Liver Supernatant) | Rat | Human | Dog | in vitro (Rat Liver Microsomes) | in vitro (Rabbit Liver Microsomes) | in vitro (Dog Liver Microsomes)	Oral		Feces | Feces; Urine	6
14665	MTB867	Hydrolysis | O-Deacetylation | O-Deacylation | O-Dearylation | Transesterification	1 of 3 | 1 of 3 | 1 of 3 | 1 of 5 | 1 of 5 | 1 of 4 | 1 of 3 | 1 of 2 | 1 of 3	MTB867-AY | MTB867-AZ | MTB867-BA | MTB867-BB | MTB867-BC | MTB867-BD | MTB867-BE | MTB867-BF | MTB867-BG	867	5307	Cocaine	Ecgonine methyl ester	COC(=O)[C@H]1[C@@H](OC(=O)c2ccccc2)C[C@@H]2CC[C@H]1N2C	COC(=O)[C@@H]1[C@H]2CC[C@@H](C[C@@H]1O)N2C	Butyrylcholine Esterase | Carboxylesterase (['hCE-2']) | Pseudocholinesterase | Cocaine Esterase | Esterase | Carboxylesterase | Cholinesterase	Human | Human (Female, Pregnant) | Rat | Human (Drug Abuser) | Human (Children) | in vitro (Human Liver Microsomes) | in vitro (Human Liver S9 Fraction) | in vitro (Human Liver Cytosol) | Mouse | in vitro (Rat Liver Microsomes) | in vitro (Mouse Liver Microsomes) | in vitro (Human Kidney Proximal Tubule Epithelium Cells) | in vitro (Human Kidney Proximal Tubule Cells) | Human (Overdosed) | Monkey (Female) | Human (Drug Addict) | Rat (Female, Lactating) | Rat (Male) | Mouse (Male) | Mouse (Female) | Horse | in vitro (Rat Kidney Microsomes) | in vitro (Rat Lung Microsomes) | in vitro (Rat Brain Microsomes) | Human (Cocaine Smoker) | in vitro (Human Plasma) | in vitro (Human Colon Cells, T-84) | in vitro (Human Serum) | in vitro (Human Liver Supernatant) | in vitro (Human Urine) | Rat (Female, Pregnant) | in vitro (Mouse Plasma) | in vitro (Squirrel Monkey Plasma) | Squirrel Monkey | Rat (Female) | in vitro (Human Liver Homogenate) | in vitro (Human Hepatocytes) | in vitro (Mouse Liver Cytosol) | Human (Neonatal) | in vitro (Monkey Plasma) | Rhesus Monkey | Pig | in vitro (Mouse Liver Supernatant) | Guinea Pig | Dog	Intravenous | Infusion | Oral | Intraperitoneal | Subcutaneous | Intranasal | Smoking | Environmental Exposure | Inhalation + Intravenous | Sublingual | Intranasal + Oral + Smoking | Oral + Smoking | Fetal Exposure + Oral (Maternal Milk) | Inhalation | Intrapulmonary | Inhalation; Intranasal | Intranasal; Intravenous		Blood | Urine | Vitreous Humor | Gastric Contents | Oral Fluid | Plasma | Serum | Hair | Expired Air | Meconium, Neonatal | Brain | Placenta | Umbilical Cord | Sweat | Adipose | Brain, Fetal | Saliva | Bile | Liver | Spleen | Kidney | Pleural Fluid | Nail | Bone | Heart | Muscle | Cerebrospinal Fluid | Urine, Maternal | Urine, Neonatal | Hair, Maternal | Hair, Neonatal | Blood, Postmortem | Brain, Prefrontal Cortex | Bladder | Plasma, Maternal | Plasma, Fetal | Heart, Fetal | Liver, Fetal | Placenta, Maternal | Placenta, Fetal | Amnion | Amniotic Fluid | Myometrium | Fetus | Hair, Pigmented | Hair, Nonpigmented | Sebum | Epidermis | Cortex | Striatum | Serum; Urine | Hair; Plasma | Feces; Urine	205
394	MTB21	Dehalogenation | Glutathionation | Inversion	2 of 2	MTB21-C	6713	24830	(S)-2-Bromoisovalerylurea		CC(C)[C@H](Br)C(=O)NC(N)=O	CC(C)[C@@H](SC[C@H](NC(=O)CC[C@H](N)C(=O)O)C(=O)NCC(=O)O)C(=O)NC(N)=O	Glutathione Transferase (['GST alpha'])	in vitro (Rat Liver Perfusion)		Glutathione	Bile	1
397	MTB21	Dehalogenation | Glutathionation | Inversion	3 of 3	MTB21-D	36330	36331			CC(C)[C@H](Br)C(=O)O	CC(C)[C@@H](SC[C@H](NC(=O)CC[C@H](N)C(=O)O)C(=O)NCC(=O)O)C(=O)O	Glutathione Transferase	in vitro (Rat Liver Perfusion)		Glutathione	Bile	1
407	MTB21	Dehalogenation | Glutathionation | Inversion	2 of 2	MTB21-I	6714	24831	(R)-2-Bromoisovalerylurea		CC(C)[C@@H](Br)C(=O)NC(N)=O	CC(C)[C@H](SC[C@H](NC(=O)CC[C@H](N)C(=O)O)C(=O)NCC(=O)O)C(=O)NC(N)=O	Glutathione Transferase (['GST mu'])	in vitro (Rat Liver Perfusion)		Glutathione	Bile	1
2849	MTB210	Epimerization | Inversion | Isomerization	1 of 4 | 1 of 3 | 1 of 3 | 1 of 3 | 1 of 3 | 1 of 4 | 1 of 4 | 1 of 4 | 1 of 3 | 1 of 2	MTB210-V | MTB210-W | MTB210-X | MTB210-Y | MTB210-Z | MTB210-AA | MTB210-AB | MTB210-AC | MTB210-AD | MTB210-AE	210	18574	Metandienone		C[C@]12C=CC(=O)C=C1CC[C@@H]1[C@@H]2CC[C@@]2(C)[C@H]1CC[C@]2(C)O	C[C@]12C=CC(=O)C=C1CC[C@@H]1[C@@H]2CC[C@@]2(C)[C@H]1CC[C@@]2(C)O		Human | Mouse (Chimeric, Humanized Liver) | Horse	Oral | Nasogastric | Intramuscular		Urine	12
2907	MTB210	Epimerization | Hydrogenation | Inversion | Reduction	1 of 3 | 1 of 2	MTB210-AM | MTB210-AN	210	23622	Metandienone		C[C@]12C=CC(=O)C=C1CC[C@@H]1[C@@H]2CC[C@@]2(C)[C@H]1CC[C@]2(C)O	C[C@]12C=C[C@@H](O)C[C@H]1CC[C@@H]1[C@@H]2CC[C@@]2(C)[C@H]1CC[C@@]2(C)O		Human	Oral	Glucuronide	Urine	3
2568	MTB177	O-Acetylation | O-Acylation	2 of 2	MTB177-U	18499	35908			Nc1ccc(S(=O)(=O)Nc2cc(CO)on2)cc1	CC(=O)OCc1cc(NS(=O)(=O)c2ccc(N)cc2)no1		Human | Rat	Oral | Intraperitoneal	O-Acetate	Urine	1
4668	MTB330	O-Acylation	2 of 2	MTB330-E	18983	18989			C=C[C@@]1(O)CN2CC[C@H]1C[C@@H]2[C@@H](O)c1ccnc2ccc(OC)cc12	C=C[C@@]1(O)CN2CC[C@H]1C[C@@H]2[C@@H](OC(=O)C(C)O)c1ccnc2ccc(OC)cc12		Human			Urine	1
4677	MTB330	O-Acylation	1 Step	MTB330-K	330	18988	Quinidine		C=C[C@H]1CN2CC[C@H]1C[C@@H]2[C@@H](O)c1ccnc2ccc(OC)cc12	C=C[C@H]1CN2CC[C@H]1C[C@@H]2[C@@H](OC(=O)C(C)O)c1ccnc2ccc(OC)cc12		Human			Urine	1
5831	MTB420	O-Acetylation | O-Acylation	2 of 2	MTB420-A	36147	40497			Cc1c(N(C)C)c(=O)n(-c2ccc(O)cc2)n1C	CC(=O)Oc1ccc(-n2c(=O)c(N(C)C)c(C)n2C)cc1	Cytochrome P450 (['CYP2C', 'CYP2B', 'CYP3A']) | Acetyltransferase	Rat		O-Acetate	Urine	1
7276	MTB512	O-Acetylation | O-Acylation	2 of 2	MTB512-K	1323	67022	4-Hydroxylamino-N-(2-(diethylamino)ethyl)benzamide		CCN(CC)CCNC(=O)c1ccc(NO)cc1	CCN(CC)CCNC(=O)c1ccc(NOC(C)=O)cc1		Human | Mouse | Mouse (Transgenic, Human CYP2D6)	Oral	O-Acetate	Urine	1
1494	MTB75	Hydrolysis | Lactonization	3 of 3 | 4 of 4 | 5 of 5 | 4 of 4 | 4 of 4	MTB75-V | MTB75-BY | MTB75-FE | MTB75-FY | MTB75-JI	30979	20324			CCCC(CC1CO1)C(=O)O	CCCC1CC(CO)OC1=O		Rat	Intraperitoneal		Urine	1
1624	MTB75	Cyclization | Lactonization	1 Step	MTB75-DF	75	29178	Valproic acid		CCCC(CCC)C(=O)O	CCCC1CC(C)OC1=O	Cytochrome P450	in vitro (Human Liver Microsomes)				1
3759	MTB241	Lactonization | Oxidation	2 of 3	MTB241-D	18687	18689			C[C@]12Cc3nonc3C[C@@H]1CC[C@@H]1[C@@H]2CC[C@@]2(CO)[C@H]1CC[C@]2(C)O	C[C@]12Cc3nonc3C[C@@H]1CC[C@@H]1[C@@H]2CC[C@]23C(=O)O[C@@]2(C)CC[C@@H]13		Rat	Oral; Subcutaneous		Feces; Urine	1
5891	MTB423	Hydrolysis | Lactonization	1 of 2	MTB423-B	423	19347	Nifedipine		COC(=O)C1=C(C)NC(C)=C(C(=O)OC)C1c1ccccc1[N+](=O)[O-]	COC(=O)c1c(C)nc2c(c1-c1ccccc1[N+](=O)[O-])C(=O)OC2		Rat	Intravenous		Blood; Plasma; Urine	1
5896	MTB423	Lactonization	4 of 5 | 3 of 4	MTB423-E | MTB423-L	19346	19347			COC(=O)c1c(C)nc(CO)c(C(=O)O)c1-c1ccccc1[N+](=O)[O-]	COC(=O)c1c(C)nc2c(c1-c1ccccc1[N+](=O)[O-])C(=O)OC2		Rat | Dog	Intravenous | Oral | Intravenous; Oral		Blood; Plasma; Urine | Urine | Feces; Urine | Feces; Lung; Urine	5
2503	MTB171	Glycosidation	1 Step	MTB171-C	171	33781	Sulfadimethoxine		COc1cc(NS(=O)(=O)c2ccc(N)cc2)nc(OC)n1	COc1cc(NS(=O)(=O)c2ccc(N[C@@H]3O[C@H](CO)[C@@H](O)[C@H](O)[C@H]3O)cc2)nc(OC)n1		Pig	Oral	N-Glucoside	Liver | Skeletal Muscle | Plasma | Urine | Kidney | Adipose	1
2530	MTB172	Glycosidation | N-Glucosidation	1 Step	MTB172-J	172	26410	Sulfadimidine		Cc1cc(C)nc(NS(=O)(=O)c2ccc(N)cc2)n1	Cc1cc(C)nc(NS(=O)(=O)c2ccc(N[C@@H]3O[C@H](CO)[C@@H](O)[C@H](O)[C@H]3O)cc2)n1		Pig	Oral	N-Glucoside	Urine | Blood | Liver | Skeletal Muscle | Kidney | Adipose	3
5872	MTB421	Glucopyranosidation | Glycosidation | Optical Resolution	1 Step	MTB421-B	421	23846	Amobarbital		CCC1(CCC(C)C)C(=O)NC(=O)NC1=O	CC[C@]1(CCC(C)C)C(=O)NC(=O)N([C@@H]2O[C@H](CO)[C@@H](O)[C@H](O)[C@H]2O)C1=O		Human | in vitro (Cat Liver Microsomes)	Oral	N-Glucoside | N-Glucopyranoside	Urine	2
5873	MTB421	Glucopyranosidation | Glycosidation | Optical Resolution	1 Step	MTB421-C	421	23845	Amobarbital		CCC1(CCC(C)C)C(=O)NC(=O)NC1=O	CC[C@@]1(CCC(C)C)C(=O)NC(=O)N([C@@H]2O[C@H](CO)[C@@H](O)[C@H](O)[C@H]2O)C1=O		Human | in vitro (Cat Liver Microsomes)	Oral	N-Glucoside | N-Glucopyranoside	Urine	2
7190	MTB505	Glycosidation | O-Glycosidation	1 Step	MTB505-A	505	45708	Mycophenolic acid		COc1c(C)c2c(c(O)c1C/C=C(\C)CCC(=O)O)C(=O)OC2	COc1c(C)c2c(c(O)c1C/C=C(\C)CCC(=O)O[C@@H]1O[C@H](CO)[C@@H](O)[C@H](O)[C@H]1O)C(=O)OC2		in vitro (Human Liver Microsomes) | in vitro (Human Intestine Microsomes) | in vitro (Human Kidney Microsomes) | Human (Renal Transplant Patients)		Acyl Glucoside | Glucoside	Plasma | Urine	3
4625	MTB328	Reduction | S-Reduction	1 Step	MTB328-A	328	2079	Sulindac	Sulindac sulfide	CC1=C(CC(=O)O)c2cc(F)ccc2/C1=C\c1ccc(S(C)=O)cc1	CSc1ccc(/C=C2/C(C)=C(CC(=O)O)c3cc(F)ccc32)cc1	Methionine Sulfoxide Reductase | Thioredoxin | Methionine Sulfoxide Reductase (['Type A']) | Methionine Sulfoxide Reductase (['Type A', 'Type B']) | Aldehyde Oxidase	Human (Female, Pregnant) | Human | Mouse | in vitro (Rat Liver Extract) | Rat | Human (Cancer Patients) | in vitro (Calf Liver Supernatant) | in vitro (Calf Kidney Supernatant) | in vitro (Calf Brain Supernatant) | in vitro (Calf Liver S100 Fraction) | in vitro (Calf Liver Mitochondria) | in vitro (Calf Liver Microsomes) | in vitro (Monkey Liver Cytosol) | in vitro (Guinea Pig Liver Cytosol) | in vitro (Rabbit Liver Cytosol) | in vitro (Mouse Liver Cytosol) | in vitro (Rat Liver Cytosol) | in vitro (Dog Liver Cytosol) | in vitro (Rat Liver Homogenate) | in vitro (Rat Kidney Homogenate) | in vitro (Rat Lung Homogenate) | in vitro (Rat Duodenum Mucosa Homogenate) | in vitro (Rat Cecum Wall Homogenate) | in vitro (Rat Spleen Homogenate) | in vitro (Rat Heart Homogenate) | in vitro (Rat Liver Microsomes) | in vitro (Rabbit Kidney Cytosol) | in vitro (Mouse Lung) | Monkey	Oral | Intravenous | Intravenous; Oral	Glucuronide	Plasma | Duodenum + Stomach | Liver | Feces + Gastrointestinal Tract | Serum | Urine | Feces; Plasma; Urine | Feces; Urine	19
6800	MTB481	Reduction | S-Reduction	1 of 2	MTB481-A	481	483	Sulfinpyrazone	Thiophenylpyrazolidine	O=C1C(CCS(=O)c2ccccc2)C(=O)N(c2ccccc2)N1c1ccccc1	O=C1C(CCSc2ccccc2)C(=O)N(c2ccccc2)N1c1ccccc1		in vitro (Rat Liver Cytosol) | in vitro (Rat Kidney Cytosol) | in vitro (Rabbit Liver Cytosol) | in vitro (Rabbit Kidney Cytosol) | Rabbit | in vitro (Rabbit Liver) | in vitro (Rabbit Cecum Contents) | Rabbit (Bile Duct Cannulated) | Rat | in vitro (Rat Spleen Homogenate) | in vitro (Rat Small Intestine Homogenate) | in vitro (Rat Small Intestine Contents) | in vitro (Rat Liver Homogenate) | in vitro (Rat Kidney Homogenate) | in vitro (Rat Cecum Contents) | in vitro (Rat Stomach Homogenate) | in vitro (Rat Duodenum Homogenate) | in vitro (Rat Jejunum Homogenate) | in vitro (Rat Ileum Homogenate) | in vitro (Rat Cecum Homogenate) | in vitro (Rat Colon Homogenate) | in vitro (Rat Fecal Flora, Anaerobic Conditions) | Monkey | Dog | Guinea Pig | Human	Intravenous | Oral | Intraperitoneal	Glucuronide	Plasma | Urine | Feces; Urine | Bile; Feces; Urine	9
11461	MTB723	S-Reduction	2 of 2	MTB723-E	20362	55436			COc1ccc2[nH]c(S(=O)Cc3ncc(C)c(O)c3C)nc2c1	COc1ccc2[nH]c(SCc3ncc(C)c(O)c3C)nc2c1		in vitro (Human Liver Microsomes)				1
11462	MTB723	Reduction | S-Reduction	1 of 3 | 1 of 3 | 1 of 3 | 1 of 3 | 1 of 3 | 1 of 2	MTB723-AH | MTB723-AI | MTB723-AJ | MTB723-AK | MTB723-AL | MTB723-AM	723	20363	Omeprazole		COc1ccc2[nH]c(S(=O)Cc3ncc(C)c(OC)c3C)nc2c1	COc1ccc2[nH]c(SCc3ncc(C)c(OC)c3C)nc2c1		in vitro (Dog Hepatocytes and Nonparenchimal Stromal Cells, Cocultured) | Human | in vitro (Human Liver Microsomes) | in vitro (Rat Liver Perfusion)	Oral		Plasma	5
11873	MTB748	Cleavage | Hydrogenation | Reduction | S-Reduction	1 of 2 | 1 of 2 | 1 of 2 | 1 of 2 | 1 of 2 | 1 of 2 | 1 of 2	MTB748-A | MTB748-B | MTB748-C | MTB748-D | MTB748-E | MTB748-F | MTB748-G	748	5304	Bis-2-mercaptoethanesulfonic acid	2-Mercaptoethanesulfonic acid	O=S(=O)(O)CCSSCCS(=O)(=O)O	O=S(=O)(O)CCS		in vitro (Human Kidney Proximal Tubule Cells, HK-2) | Human (Cancer Patients) | in vitro (Human Liver Microsomes) | in vitro (Rat Plasma) | in vitro (Rat Red Blood Cells) | in vitro (Rat Kidney Cortex Cytosol) | in vitro (Rat Liver Cytosol) | in vitro (Rat Small Intestine Cytosol) | in vitro (Human Ovary Cancer Cell Cytosol, OVCAR-3) | in vitro (Human Ovary Cancer Cell Cytosol, MRI-H-207) | in vitro (Rat Colorectal Tumor Cell Cytosol, WARD) | Human | Rat	Infusion | Intravenous | Oral		Plasma | Kidney | Ascites | Urine	10
273	MTB14	N-Alkylation	1 Step	MTB14-A	14	59	Barbital	Metharbital	CCC1(CC)C(=O)NC(=O)NC1=O	CCC1(CC)C(=O)NC(=O)N(C)C1=O		Human			Urine	1
1249	MTB51	N-Alkylation | N-Oxidation	2 of 3	MTB51-AU	6446	69760	N-Monodesmethyldiltiazem		CNCCN1C(=O)[C@H](OC(C)=O)[C@H](c2ccc(OC)cc2)Sc2ccccc21	C=[N+](C)CCN1C(=O)[C@H](OC(C)=O)[C@H](c2ccc(OC)cc2)Sc2ccccc21		in vitro (Human Liver Microsomes) | in vitro (Human Intestine Microsomes)				1
1660	MTB76	N-Alkylation	1 Step	MTB76-J	76	432	Desipramine	Imipramine	CNCCCN1c2ccccc2CCc2ccccc21	CN(C)CCCN1c2ccccc2CCc2ccccc21		in vitro (Rat Liver Microsomes)				3
3923	MTB254	N-Alkylation | N-Methylation | Ring Opening	1 Step	MTB254-B	254	1296	Tranylcypromine	1-Phenyl-2-methylaminopropane	N[C@H]1C[C@@H]1c1ccccc1	CNC(C)Cc1ccccc1		Human	Oral		Urine	1
5869	MTB420	Azo Cleavage | Covalent Binding | DNA Binding | N-Alkylation | N-Methylation	2 of 2	MTB420-AA	38165	40373			C[N+]#N	*OC[C@H]1O[C@@H]([n+]2cn(C)c3c(=O)[nH]c(N)nc32)C[C@@H]1O*		Rat	Oral		Liver	1
753	MTB36	C-Hydroxylation | N-Methylation	4 of 5 | 3 of 4 | 2 of 3 | 3 of 4	MTB36-E | MTB36-L | MTB36-T | MTB36-W	2057	2059	Nordazepam	Temazepam	O=C1CN=C(c2ccccc2)c2cc(Cl)ccc2N1	CN1C(=O)C(O)N=C(c2ccccc2)c2cc(Cl)ccc21						1
821	MTB44	Dehalogenation | Hydroxylation | N-Methylation | Oxidation	1 Step	MTB44-D	44	18059	Clomethiazole		Cc1ncsc1CCCl	Cc1c(CC(=O)[O-])sc(O)[n+]1C		in vitro (Rat Bile)		Glycine		1
846	MTB44	Dehalogenation | N-Methylation | Oxidation	1 Step	MTB44-O	44	18058	Clomethiazole		Cc1ncsc1CCCl	Cc1c(CC(=O)[O-])sc[n+]1C		in vitro (Rat Bile)				1
1682	MTB80	N-Methylation	1 Step	MTB80-C	80	130	Norhexobarbital	Hexobarbital	CC1(C2=CCCCC2)C(=O)NC(=O)NC1=O	CN1C(=O)NC(=O)C(C)(C2=CCCCC2)C1=O		Mouse | Dog			Urine	4
2286	MTB146	N-Methylation	1 Step	MTB146-E	146	23811	Phenelzine		NNCCc1ccccc1	CNNCCc1ccccc1	Phenylethanolamine N-Methyltransferase	in vitro (Bovine Adrenal Methyltransferase)				1
391	MTB21	Dehalogenation | Radical Formation	1 of 2	MTB21-B	21	34059	Bromisoval		CC(C)C(Br)C(=O)NC(N)=O	CC(C)[CH]C(=O)NC(N)=O	Cytochrome P450	in vitro (Rat Liver Microsomes)				1
723	MTB35	Dehalogenation | Radical Formation	3 of 3 | 2 of 2	MTB35-B | MTB35-J	2066	2050	Trichloroacetic acid	Malondialdehyde	O=C(O)C(Cl)(Cl)Cl	O=CCC=O		in vitro (Mouse Liver Microsomes)				1
725	MTB35	Elimination | Radical Formation	3 of 3 | 2 of 2	MTB35-C | MTB35-K	2066	4709	Trichloroacetic acid	Formaldehyde	O=C(O)C(Cl)(Cl)Cl	C=O		in vitro (Mouse Liver Microsomes)				1
727	MTB35	Dehalogenation | Radical Formation	3 of 3 | 2 of 2	MTB35-E | MTB35-M	2066	4058	Trichloroacetic acid	Acetaldehyde	O=C(O)C(Cl)(Cl)Cl	CC=O		in vitro (Mouse Liver Microsomes)				1
729	MTB35	Dehalogenation | Radical Formation	3 of 3 | 2 of 2	MTB35-F | MTB35-N	2066	2081	Trichloroacetic acid	Acetone	O=C(O)C(Cl)(Cl)Cl	CC(C)=O		in vitro (Mouse Liver Microsomes)				1
2706	MTB197	Desulfuration | Hydrolysis | Oxidative Desulfuration	1 of 2 | 1 of 2	MTB197-B | MTB197-C	197	163	Thiamylal	Secobarbital	C=CCC1(C(C)CCC)C(=O)NC(=S)NC1=O	C=CCC1(C(C)CCC)C(=O)NC(=O)NC1=O		Human | Rabbit | in vitro (Rat)	Oral		Urine	4
2721	MTB200	Desulfuration | Hydrolysis | Oxidative Desulfuration	1 of 2 | 1 of 2	MTB200-B | MTB200-C	200	274	Thiopental	Pentobarbital	CCCC(C)C1(CC)C(=O)NC(=S)NC1=O	CCCC(C)C1(CC)C(=O)NC(=O)NC1=O		Human (Overdosed) | Human (Brain Disease Patients) | Human | in vitro (Human Plasma) | Mouse | Dog | in vitro (Dog Liver Microsomes) | in vitro (Rabbit Liver Microsomes) | in vitro (Mouse Liver Microsomes)	Intravenous | Oral		Blood | Urine | Vitreous Humor | Heart | Brain | Kidney | Lung | Liver | Bile | Plasma	13
5013	MTB359	Oxidative Desulfuration	2 of 4 | 3 of 5	MTB359-B | MTB359-H	60202	72732			CCc1cc(C(=N)S(=O)O)ccn1	CCc1cc(C#N)ccn1		in vitro (Human Hepatoblastoma Cells, Hep G2)				1
5015	MTB359	Desulfuration | Hydrolysis | Oxidative Desulfuration	2 of 3 | 3 of 4	MTB359-C | MTB359-I	60202	19125			CCc1cc(C(=N)S(=O)O)ccn1	CCc1cc(C(N)=O)ccn1		Mouse | Mouse (Fmo1/2/4-Null) | in vitro (Mouse Liver Microsomes) | in vitro (Mouse Lung Microsomes)	Oral		Plasma	2
15229	MTB886	Oxidative Desulfuration	1 Step	MTB886-L	886	46100	Methimazole		Cn1cc[nH]c1=S	Cn1cc[nH]c1=O	Flavin-Containing Monooxygenase	in vitro (Dog Liver Microsomes) | in vitro (Dog Lung Microsomes) | in vitro (Dog Kidney Microsomes)				1
1482	MTB75	Amidation | Glycination	1 Step	MTB75-A	75	29953	Valproic acid	Valproylglycine	CCCC(CCC)C(=O)O	CCCC(CCC)C(=O)NCC(=O)O		Human | Rat	Oral | Intraperitoneal	Glycine	Urine | Serum | Cerebrospinal Fluid | Plasma	3
1586	MTB75	Amidation | Conjugation	1 Step	MTB75-AN	75	36395	Valproic acid		CCCC(CCC)C(=O)O	CCCC(CCC)C(=O)N[C@@H](CCC(=O)O)C(=O)O		Human	Oral	Glutamic Acid	Urine | Serum | Cerebrospinal Fluid	2
1608	MTB75	Amidation | Taurination | Transacylation	2 of 2 | 3 of 3	MTB75-CG | MTB75-DD	11067	78845	Valproyl coenzyme A		CCCC(CCC)C(=O)SCCNC(=O)CCNC(=O)[C@H](O)C(C)(C)COP(=O)(O)OP(=O)(O)OC[C@H]1O[C@@H](n2cnc3c(N)ncnc32)[C@H](O)[C@@H]1OP(=O)(O)O	CCCC(CCC)C(=O)NCCS(=O)(=O)O		in vitro (HepaRG Cells)		Taurine		1
1609	MTB75	Amidation | Dephosphorylation | Taurination | Transacylation	2 of 2	MTB75-DE	24617	78845			CCCC(CCC)C(=O)OP(=O)(O)OC[C@H]1O[C@@H](n2cnc3c(N)ncnc32)[C@H](O)[C@@H]1O	CCCC(CCC)C(=O)NCCS(=O)(=O)O		in vitro (HepaRG Cells)		Taurine		1
1626	MTB75	Amidation | Conjugation	1 Step	MTB75-DH	75	36396	Valproic acid		CCCC(CCC)C(=O)O	CCCC(CCC)C(=O)N[C@@H](CCC(N)=O)C(=O)O		Human	Oral	Glutamine	Urine | Serum | Cerebrospinal Fluid	2
1590	MTB75	Covalent Binding | Lipid Binding	2 of 2	MTB75-AQ	2829	53696	Acetic acid	Unspecified Metabolite	CC(=O)O			in vitro (Mouse Cells, 3T3-L1)				1
5486	MTB383	Lipid Binding | Protein Binding	1 Step	MTB383-CM	383	29666	Ibuprofen		CC(C)Cc1ccc(C(C)C(=O)O)cc1	*C(=O)C(C)c1ccc(CC(C)C)cc1		in vitro (Rat Hepatocytes) | Mouse	Intraperitoneal		Liver	3
5516	MTB383	Conjugation | Covalent Binding | Lipid Binding	1 Step	MTB383-EX	383	29253	Ibuprofen		CC(C)Cc1ccc(C(C)C(=O)O)cc1	*OC(=O)C(C)c1ccc(CC(C)C)cc1		in vitro (3T3-L1 Adipocytes) | Rat | Rat (Male)	Oral | Intravenous	Unspecified	Bile | Urine	3
5714	MTB410	Lipid Binding | Transacylation	2 of 2	MTB410-AC	11071	32953	Ketoprofen-CoA-thioester		CC(C(=O)SCCNC(=O)CCNC(=O)[C@H](O)C(C)(C)COP(=O)(O)OP(=O)(O)OC[C@H]1O[C@@H](n2cnc3c(N)ncnc32)[C@H](O)[C@@H]1OP(=O)(O)O)c1cccc(C(=O)c2ccccc2)c1	*OC(=O)C(C)c1cccc(C(=O)c2ccccc2)c1		in vitro (Rat Hepatocytes)				1
5923	MTB427	Covalent Binding | Lipid Binding | Protein Binding	2 of 2	MTB427-A	2829	39011	Acetic acid		CC(=O)O	*C(C)=O		Rat	Oral		Stomach | Adrenal Gland Mucosa | Kidney | Blood | Spleen | Paw | Bone Marrow | Liver | Liver Nuclei | Liver Microsomes + Mitochondria | Liver Cytosol | Stomach Nuclei | Stomach Microsomes + Mitochondria | Stomach Cytosol | Kidney Nuclei | Kidney Microsomes + Mitochondria | Kidney Cytosol	1
562	MTB29	Dehydration | S-Oxidation | Sulfuration	2 of 3	MTB29-AJ	1477	17999	Carbamazepine 10,11-epoxide		NC(=O)N1c2ccccc2C2OC2c2ccccc21	CS(=O)C1=Cc2ccccc2N(C(N)=O)c2ccccc21		Rat	Oral		Urine	1
575	MTB29	C-Oxidation | S-Oxidation | Sulfuration | Tautomerization	2 of 2	MTB29-AU	1477	38654	Carbamazepine 10,11-epoxide		NC(=O)N1c2ccccc2C2OC2c2ccccc21	CS(=O)C1=C(O)c2ccccc2N(C(N)=O)c2ccccc21		Human | Rat	Oral		Urine	1
591	MTB29	Aromatization | Dehydration | S-Oxidation | Sulfuration	2 of 3	MTB29-EO	31751	38643			NC(=O)N1C2=CC3OC3C=C2C=Cc2ccccc21	CS(=O)c1ccc2c(c1)N(C(N)=O)c1ccccc1C=C2		Rat	Oral		Urine	1
638	MTB29	Aromatization | C-Oxidation | S-Oxidation | Sulfuration	2 of 2	MTB29-EJ	31751	38647			NC(=O)N1C2=CC3OC3C=C2C=Cc2ccccc21	CS(=O)c1cc2c(cc1O)N(C(N)=O)c1ccccc1C=C2		Human | Rat	Oral		Urine	1
640	MTB29	Aromatization | Dehydration | S-Oxidation | Sulfuration	2 of 3	MTB29-EK	31751	38645			NC(=O)N1C2=CC3OC3C=C2C=Cc2ccccc21	CS(=O)c1ccc2c(c1)C=Cc1ccccc1N2C(N)=O		Rat	Oral		Urine	1
1548	MTB75	CoA Binding | Dephosphorylation | Thioesterification | Transacylation	2 of 3 | 2 of 7 | 2 of 7 | 2 of 5 | 2 of 3 | 2 of 3	MTB75-CY | MTB75-CZ | MTB75-DA | MTB75-DB | MTB75-DC | MTB75-DD	24617	11067		Valproyl coenzyme A	CCCC(CCC)C(=O)OP(=O)(O)OC[C@H]1O[C@@H](n2cnc3c(N)ncnc32)[C@H](O)[C@@H]1O	CCCC(CCC)C(=O)SCCNC(=O)CCNC(=O)[C@H](O)C(C)(C)COP(=O)(O)OP(=O)(O)OC[C@H]1O[C@@H](n2cnc3c(N)ncnc32)[C@H](O)[C@@H]1OP(=O)(O)O		in vitro (HepaRG Cells)		Coenzyme A		1
1609	MTB75	Amidation | Dephosphorylation | Taurination | Transacylation	2 of 2	MTB75-DE	24617	78845			CCCC(CCC)C(=O)OP(=O)(O)OC[C@H]1O[C@@H](n2cnc3c(N)ncnc32)[C@H](O)[C@@H]1O	CCCC(CCC)C(=O)NCCS(=O)(=O)O		in vitro (HepaRG Cells)		Taurine		1
5385	MTB383	CoA Binding | Dephosphorylation | Thioesterification | Transacylation	2 of 3 | 2 of 3 | 2 of 5 | 2 of 5 | 2 of 4 | 2 of 3	MTB383-C | MTB383-D | MTB383-E | MTB383-F | MTB383-G | MTB383-H	78849	4416		Ibuprofen-coenzyme A conjugate	CC(C)Cc1ccc(C(C)C(=O)OP(=O)(O)OC[C@H]2O[C@@H](n3cnc4c(N)ncnc43)[C@H](O)[C@@H]2O)cc1	CC(C)Cc1ccc(C(C)C(=O)SCCNC(=O)CCNC(=O)[C@H](O)C(C)(C)COP(=O)(O)OP(=O)(O)OC[C@H]2O[C@@H](n3cnc4c(N)ncnc43)[C@H](O)[C@@H]2OP(=O)(O)O)cc1		in vitro (HepaRG Cells)		Coenzyme A		1
5389	MTB383	Amidation | Dephosphorylation | Taurination | Transacylation	2 of 2	MTB383-B	78849	29893			CC(C)Cc1ccc(C(C)C(=O)OP(=O)(O)OC[C@H]2O[C@@H](n3cnc4c(N)ncnc43)[C@H](O)[C@@H]2O)cc1	CC(C)Cc1ccc(C(C)C(=O)NCCS(=O)(=O)O)cc1		in vitro (HepaRG Cells)		Taurine		1
8672	MTB606	Dephosphorylation | Esterification | O-Alkylation	3 of 3 | 2 of 2 | 4 of 4 | 3 of 3	MTB606-G | MTB606-N | MTB606-T | MTB606-AF	17748	29529	1-beta-D-Arabinofuranosylcytosine triphosphate		Nc1ccn([C@@H]2O[C@H](COP(=O)(O)OP(=O)(O)OP(=O)(O)O)[C@@H](O)[C@@H]2O)c(=O)n1	C[N+](C)(C)CCOP(=O)(O)OP(=O)(O)OC[C@H]1O[C@@H](n2ccc(N)nc2=O)[C@@H](O)[C@@H]1O	Phosphorylcholine Synthetase	in vitro (HL-60 Cells) | in vitro (Raji Cells) | in vitro (Human Leukemia Cells) | in vitro (Mouse Leukemia Cells)				3
14332	MTB847	C-Oxidation | Chain Elongation | Hydrolysis	1 Step	MTB847-A	847	5306	Ethyl eicosapentaenoate	7,10,13,16,19-Docosapentaenoic acid-all(Z)	CC/C=C\C/C=C\C/C=C\C/C=C\C/C=C\CCCC(=O)OCC	CC/C=C\C/C=C\C/C=C\C/C=C\C/C=C\CCCCCC(=O)O		in vitro (Rat Liver Mitochondria) | in vitro (Peroxisomes) | in vitro (Microsomes) | Rat	Oral		Leukocytes	2
14334	MTB847	Chain Elongation	2 of 2	MTB847-B	2110	31090	(all-Z)-5,8,11,14,17-Eicosapentaenoic acid		CC/C=C\C/C=C\C/C=C\C/C=C\C/C=C\CCCC(=O)O	CCCC/C=C\C/C=C\C/C=C\C/C=C\C/C=C\CCCC(=O)O		Rat	Oral		Plasma | Brain | Heart | Liver | Adipose | Lymph | Aorta	1
14336	MTB847	Chain Elongation	2 of 2	MTB847-C	2110	31091	(all-Z)-5,8,11,14,17-Eicosapentaenoic acid		CC/C=C\C/C=C\C/C=C\C/C=C\C/C=C\CCCC(=O)O	C=CCC/C=C\C/C=C\C/C=C\C/C=C\C/C=C\CCCC(=O)O		Rat	Oral		Plasma | Brain | Heart | Liver | Adipose | Lymph | Aorta	1
14343	MTB847	Chain Elongation | Dehydrogenation | Hydrolysis | Oxidation	1 Step	MTB847-F	847	2109	Ethyl eicosapentaenoate	cis-4,7,10,13,16,19-Docosahexaenoic acid	CC/C=C\C/C=C\C/C=C\C/C=C\C/C=C\CCCC(=O)OCC	CC/C=C\C/C=C\C/C=C\C/C=C\C/C=C\C/C=C\CCC(=O)O		in vitro (Rat Liver Mitochondria) | in vitro (Rat Liver Peroxisomes) | in vitro (Rat Liver Microsomes)				1
20652	MTB1325	Chain Elongation	1 Step	MTB1325-B	1325	4094	Palmitic acid	Stearic acid	CCCCCCCCCCCCCCCC(=O)O	CCCCCCCCCCCCCCCCCC(=O)O	Long-Chain Fatty Acid Elongase | Elongase	Mouse | in vitro (Mouse Hepatocyte Cells, H2.35) | in vitro (Rat Hepatocytes) | in vitro (Human Skin)	Intraperitoneal		Liver	2
1684	MTB82	C-Decarboxylation | Decarboxylation | Dehydration	1 of 3 | 1 of 3	MTB82-A | MTB82-B	82	2057	Chlorazepic acid	Nordazepam	O=C(O)C1N=C(c2ccccc2)c2cc(Cl)ccc2NC1=O	O=C1CN=C(c2ccccc2)c2cc(Cl)ccc2N1		Rat | Human | Dog	Intraperitoneal | Intravenous | Oral	Unspecified	Serum | Urine | Plasma | Gastric Fluid	11
4605	MTB325	C-Decarboxylation | C-Oxidation | Oxidative Decarboxylation	2 of 2	MTB325-G	43171	73308			CC1(C)O[C@@H]2C[C@H]3[C@@H]4CCC5=CC(=O)C=C[C@]5(C)[C@@]4(F)[C@@H](O)C[C@]3(C)[C@]2(C(=O)C(=O)O)O1	CC1(C)O[C@@H]2C[C@H]3[C@@H]4CCC5=CC(=O)C=C[C@]5(C)[C@@]4(F)[C@@H](O)C[C@]3(C)[C@]2(C(=O)O)O1		Human	Intramuscular | Intranasal | Dermal		Urine	2
5925	MTB427	C-Decarboxylation | C-Oxidation	2 of 2	MTB427-B	2829	15041	Acetic acid	Carbon dioxide	CC(=O)O	O=C=O		Rat	Oral		Expired Air	1
6491	MTB451	C-Decarboxylation | Cyclization	2 of 5 | 2 of 3	MTB451-M | MTB451-N	38776	977		3-Methyl-s-triazolo(3,4-a)phthalazine	C/C(=N\N=c1\[nH]ncc2ccccc12)C(=O)O	Cc1nnc2c3ccccc3cnn12		Rat	Intraperitoneal | Oral		Urine	1
6496	MTB451	C-Decarboxylation | Decarboxylation	5 of 5 | 5 of 5 | 5 of 5 | 3 of 3 | 4 of 4	MTB451-D | MTB451-F | MTB451-M | MTB451-X | MTB451-AA	19448	10766		S-Triazolo(3,4-a)phthalazine1	O=C(O)c1nnc2c3ccccc3cnn12	c1ccc2c(c1)cnn1cnnc21		Rat | Human | Rabbit	Intraperitoneal | Oral		Urine | Feces; Urine	5
1638	MTB75	Acyl Migration | Isomerization | Transglucuronidation	2 of 2	MTB75-JK	2531	9318	Valproate Glucuronide	2-O-Valproyl-beta-D-glucuronic acid	CCCC(CCC)C(=O)O[C@@H]1O[C@H](C(=O)O)[C@@H](O)[C@H](O)[C@H]1O	CCCC(CCC)C(=O)O[C@@H]1[C@@H](O)[C@H](O)[C@@H](C(=O)O)O[C@H]1O		in vitro (Human Liver Microsomes) | in vitro (HepaRG Cells)				2
1787	MTB100	Acyl Migration	2 of 2	MTB100-B	18254	18256			C#C[C@@]1(OC(N)=O)CCCC[C@@H]1O	C#C[C@@]1(O)CCCC[C@@H]1OC(N)=O		Human			Urine	1
4219	MTB284	Acyl Migration | Isomerization	2 of 4 | 2 of 4	MTB284-A | MTB284-B	44472	78389			O=C(O[C@@H]1O[C@H](C(=O)O)[C@@H](O)[C@H](O)[C@H]1O)c1ccccc1Nc1cccc(C(F)(F)F)c1	O=C(O[C@@H]1[C@@H](O)[C@H](O)[C@@H](C(=O)O)O[C@H]1O)c1ccccc1Nc1cccc(C(F)(F)F)c1		in vitro (Human Liver Microsomes)				1
4220	MTB284	Acyl Migration | Isomerization	3 of 4 | 3 of 4	MTB284-A | MTB284-B	78389	78390			O=C(O[C@@H]1[C@@H](O)[C@H](O)[C@@H](C(=O)O)O[C@H]1O)c1ccccc1Nc1cccc(C(F)(F)F)c1	O=C(O[C@@H]1[C@@H](O)[C@H](O)O[C@H](C(=O)O)[C@H]1O)c1ccccc1Nc1cccc(C(F)(F)F)c1		in vitro (Human Liver Microsomes)				1
4221	MTB284	Acyl Migration | Isomerization	4 of 4	MTB284-A	78390	78391			O=C(O[C@@H]1[C@@H](O)[C@H](O)O[C@H](C(=O)O)[C@H]1O)c1ccccc1Nc1cccc(C(F)(F)F)c1	O=C(O[C@H]1[C@H](O)[C@@H](O)[C@H](O)O[C@@H]1C(=O)O)c1ccccc1Nc1cccc(C(F)(F)F)c1		in vitro (Human Liver Microsomes)				1
11821	MTB745	N-Dehydroxylation | N-Demethylation	2 of 2	MTB745-I	30971	30972			CN(O)C=O	NC=O		Rat	Intraperitoneal		Urine	1
12249	MTB762	N-Dealkylation | N-Dehydroxylation | N-Demethylation | N-Reduction	2 of 3 | 2 of 3 | 2 of 5 | 2 of 3 | 2 of 4 | 2 of 4 | 2 of 4 | 2 of 5 | 2 of 4 | 2 of 5	MTB762-E | MTB762-F | MTB762-G | MTB762-H | MTB762-I | MTB762-J | MTB762-K | MTB762-L | MTB762-M | MTB762-N	37111	5291		d-Amphetamine	C[C@@H](Cc1ccccc1)[N+](C)([O-])O	C[C@H](N)Cc1ccccc1		in vitro (Rat Liver Homogenate) | in vitro (Rat Liver Microsomes) | Rat	Intraperitoneal		Urine	1
12252	MTB762	N-Dealkylation | N-Dehydroxylation | N-Demethylation	2 of 3 | 2 of 3 | 2 of 5 | 2 of 3 | 2 of 4 | 2 of 4 | 2 of 4 | 2 of 5 | 2 of 4 | 2 of 5	MTB762-AN | MTB762-AO | MTB762-AP | MTB762-AQ | MTB762-AR | MTB762-AS | MTB762-AT | MTB762-AU | MTB762-AV | MTB762-AW	6858	5291	N-Hydroxymethamphetamine	d-Amphetamine	C[C@@H](Cc1ccccc1)N(C)O	C[C@H](N)Cc1ccccc1		in vitro (Guinea Pig Liver Microsomes) | in vitro (Rat Liver Microsomes)				1
12768	MTB782	N-Dehydroxylation	3 of 4 | 3 of 5 | 3 of 4 | 3 of 5 | 3 of 4 | 3 of 4 | 3 of 5	MTB782-T | MTB782-U | MTB782-V | MTB782-W | MTB782-X | MTB782-Y | MTB782-Z	54215	20575		Norcisapride	COc1cc(NO)c(Cl)cc1C(=O)N[C@H]1CCNC[C@H]1OC	COc1cc(N)c(Cl)cc1C(=O)N[C@H]1CCNC[C@H]1OC		in vitro (Human Liver Microsomes)				1
15918	MTB929	Deoxygenation | N-Dehydroxylation | N-Reduction | Reduction	1 Step	MTB929-B	929	928	Benzamidoxime	Benzamidine	N=C(NO)c1ccccc1	N=C(N)c1ccccc1	Amidoxime Reductase | Stearoyl-CoA Desaturase | NADH-Cytochrome b5 Reductase | Cytochrome b5 | Benzamidoxime Reductase | Hydroxylamine Reductase | Cytochrome b5 Reductase | Reductase	in vitro (Human Liver Microsomes) | in vitro (Human Liver Mitochondria) | in vitro (Pig Adipose Microsomes) | in vitro (Pig Liver Microsomes) | in vitro (Pig Liver Mitochondria) | in vitro (Pig Liver Mitochondrial Outer Membranes) | in vitro (Human Adipose Mitochondria) | in vitro (Rat Liver Microsomes) | in vitro (Rat Adipose Microsomes) | in vitro (Rat Kidney Microsomes) | in vitro (Rat Lung Microsomes) | in vitro (Rat Duodenum Microsomes) | in vitro (Rat Jejunum Microsomes) | in vitro (Human Adipose Microsomes) | in vitro (Mouse Adipocytes) | in vitro (Pig Kidney Microsomes) | in vitro (Pig Kidney Mitochondria) | in vitro (Pig Brain Microsomes) | in vitro (Pig Lung Microsomes) | in vitro (Pig Intestine Microsomes) | in vitro (Human Kidney Mitochondria) | in vitro (Human Hepatocytes, Cryopreserved) | in vitro (Rat Liver Microsomes, Female, Mature) | in vitro (Rat Liver Microsomes, Female, Immature) | in vitro (Rat Liver Microsomes, Male) | in vitro (Human Kidney Microsomes) | in vitro (Rat Hepatocytes, Cryopreserved) | in vitro (Monkey Liver Microsomes) | in vitro (Monkey Hepatocytes, Cryopreserved) | in vitro (Dog Liver Microsomes) | in vitro (Dog Hepatocytes, Cryopreserved) | in vitro (Pig Hepatocytes, Cryopreserved) | in vitro (Rat Liver Mitochondria) | in vitro (Rat Intestine Mitochondria) | in vitro (Rat Intestine Microsomes) | in vitro (Rat Kidney Mitochondria) | in vitro (Rat Blood) | in vitro (Rat Adipose) | in vitro (Human Intestine Mitochondria) | in vitro (Human Intestine Microsomes) | in vitro (Human Blood) | in vitro (Human Adipose) | in vitro (Pig Hepatocytes) | in vitro (Rabbit Liver Homogenate)				18
24185	MTB1560	Aromatic Dehydroxylation | Dehydroxylation | Reduction	1 of 2	MTB1560-AE	1560	6739	Quercetin	Kaempferol	O=c1c(O)c(-c2ccc(O)c(O)c2)oc2cc(O)cc(O)c12	O=c1c(O)c(-c2ccc(O)cc2)oc2cc(O)cc(O)c12		Rat | Pig	Oral | Intravenous		Liver | Plasma	2
24302	MTB1561	Aromatic Dehydroxylation	2 of 3 | 2 of 5 | 2 of 5 | 2 of 6 | 2 of 5 | 2 of 6 | 2 of 6 | 2 of 4 | 2 of 4 | 2 of 4 | 3 of 4 | 3 of 6 | 3 of 6 | 3 of 7 | 3 of 6 | 3 of 7 | 3 of 7 | 3 of 5 | 3 of 5 | 3 of 5	MTB1561-BZ | MTB1561-CA | MTB1561-CB | MTB1561-CC | MTB1561-CD | MTB1561-CE | MTB1561-CF | MTB1561-CG | MTB1561-CH | MTB1561-CI | MTB1561-HB | MTB1561-HC | MTB1561-HD | MTB1561-HE | MTB1561-HF | MTB1561-HG | MTB1561-HH | MTB1561-HI | MTB1561-HJ | MTB1561-HK	28070	50977			O=C(O)CCCCc1ccc(O)c(O)c1	O=C(O)CCCCc1cccc(O)c1		Rat	Oral		Urine	1
24311	MTB1561	Aromatic Dehydroxylation | Dehydroxylation	3 of 5 | 3 of 5 | 3 of 6 | 3 of 5 | 3 of 6 | 3 of 6 | 3 of 4 | 3 of 4 | 3 of 4 | 3 of 5 | 3 of 5 | 3 of 6 | 3 of 5 | 3 of 6 | 3 of 6 | 3 of 4 | 3 of 4 | 3 of 4 | 3 of 5 | 3 of 5 | 3 of 6 | 3 of 5 | 3 of 6 | 3 of 6 | 3 of 4 | 3 of 4 | 3 of 4 | 2 of 4 | 2 of 4 | 2 of 5 | 2 of 4 | 2 of 5 | 2 of 5 | 2 of 3 | 2 of 3 | 2 of 3 | 4 of 6 | 4 of 6 | 4 of 7 | 4 of 6 | 4 of 7 | 4 of 7 | 4 of 5 | 4 of 5 | 4 of 5 | 4 of 6 | 4 of 6 | 4 of 7 | 4 of 6 | 4 of 7 | 4 of 7 | 4 of 5 | 4 of 5 | 4 of 5	MTB1561-AT | MTB1561-AU | MTB1561-AV | MTB1561-AW | MTB1561-AX | MTB1561-AY | MTB1561-AZ | MTB1561-BA | MTB1561-BB | MTB1561-CU | MTB1561-CV | MTB1561-CW | MTB1561-CX | MTB1561-CY | MTB1561-CZ | MTB1561-DA | MTB1561-DB | MTB1561-DC | MTB1561-EC | MTB1561-ED | MTB1561-EE | MTB1561-EF | MTB1561-EG | MTB1561-EH | MTB1561-EI | MTB1561-EJ | MTB1561-EK | MTB1561-FO | MTB1561-FP | MTB1561-FQ | MTB1561-FR | MTB1561-FS | MTB1561-FT | MTB1561-FU | MTB1561-FV | MTB1561-FW | MTB1561-HW | MTB1561-HX | MTB1561-HY | MTB1561-HZ | MTB1561-IA | MTB1561-IB | MTB1561-IC | MTB1561-ID | MTB1561-IE | MTB1561-JJ | MTB1561-JK | MTB1561-JL | MTB1561-JM | MTB1561-JN | MTB1561-JO | MTB1561-JP | MTB1561-JQ | MTB1561-JR	9152	16409	Dihydrocaffeic acid	m-Dihydrocoumaric acid	O=C(O)CCc1ccc(O)c(O)c1	O=C(O)CCc1cccc(O)c1		Rat	Oral		Urine	3
24319	MTB1561	Aromatic Dehydroxylation	4 of 5 | 4 of 6 | 4 of 5 | 4 of 6 | 4 of 5 | 4 of 6 | 3 of 4 | 3 of 5 | 5 of 6 | 5 of 7 | 5 of 6 | 5 of 7	MTB1561-AN | MTB1561-AO | MTB1561-CO | MTB1561-CP | MTB1561-DW | MTB1561-DX | MTB1561-FI | MTB1561-FJ | MTB1561-HQ | MTB1561-HR | MTB1561-JD | MTB1561-JE	2100	7635	Protocatechuic acid	3-Hydroxybenzoic acid	O=C(O)c1ccc(O)c(O)c1	O=C(O)c1cccc(O)c1		Rat	Oral		Urine	1
24396	MTB1561	Aromatic Dehydroxylation	4 of 5 | 4 of 5 | 4 of 6 | 4 of 5 | 4 of 5 | 4 of 6 | 4 of 5 | 4 of 5 | 4 of 6 | 3 of 4 | 3 of 4 | 3 of 5 | 5 of 6 | 5 of 6 | 5 of 7 | 5 of 6 | 5 of 6 | 5 of 7	MTB1561-AK | MTB1561-AL | MTB1561-AM | MTB1561-CL | MTB1561-CM | MTB1561-CN | MTB1561-DT | MTB1561-DU | MTB1561-DV | MTB1561-FF | MTB1561-FG | MTB1561-FH | MTB1561-HN | MTB1561-HO | MTB1561-HP | MTB1561-JA | MTB1561-JB | MTB1561-JC	2100	2073	Protocatechuic acid	4-Hydroxybenzoic acid	O=C(O)c1ccc(O)c(O)c1	O=C(O)c1ccc(O)cc1		Rat	Oral		Urine	1
8186	MTB563	Amination | Aromatic Amidation | Dearomatization | Isomerization | Rearrangement | S-Dealkylation | S-Dearylation | Tautomerization	1 of 2 | 1 of 3 | 1 of 2 | 1 of 2 | 1 of 3 | 1 of 4 | 1 of 5 | 1 of 4	MTB563-A | MTB563-B | MTB563-C | MTB563-D | MTB563-E | MTB563-F | MTB563-G | MTB563-H	563	1301	(Azathioprine=1H-Tautomer)	Thioguanine	Cn1cnc([N+](=O)[O-])c1Sc1ncnc2[nH]cnc12	Nc1nc2[nH]cnc2c(=S)[nH]1		Human	Oral		Erythrocytes | Red Blood Cells | Neutrophils | Reticulocytes | Blood	5
8188	MTB563	Amination	2 of 3 | 2 of 4 | 2 of 3 | 2 of 3 | 2 of 4 | 2 of 5 | 2 of 6 | 2 of 5	MTB563-AL | MTB563-AM | MTB563-AN | MTB563-AO | MTB563-AP | MTB563-AQ | MTB563-AR | MTB563-AS	749	1301	Mercaptopurine	Thioguanine	S=c1[nH]cnc2[nH]cnc12	Nc1nc2[nH]cnc2c(=S)[nH]1		Human (Children, Inflammatory Bowel Disease Patients) | Human	Oral		Blood | Red Blood Cells | Erythrocytes	4
8198	MTB563	Amination | Glycosidation	2 of 2	MTB563-AX	749	41506	Mercaptopurine		S=c1[nH]cnc2[nH]cnc12	Nc1nc2c(ncn2[C@H]2C[C@H](OP(=O)(O)O)[C@@H](COP(=O)(O)O)O2)c(=S)[nH]1		Human (Crohn's Disease Patients)	Oral		Red Blood Cells	1
8205	MTB563	Amination | Isomerization	4 of 5 | 4 of 6 | 3 of 4 | 3 of 5	MTB563-V | MTB563-W | MTB563-BA | MTB563-BB	20454	14898		6-Thioguanosine monophosphate	O=c1[nH]c(=S)c2ncn([C@@H]3O[C@H](COP(=O)(O)O)[C@@H](O)[C@H]3O)c2[nH]1	Nc1nc2c(ncn2[C@@H]2O[C@H](COP(=O)(O)O)[C@@H](O)[C@H]2O)c(=S)[nH]1	Guanosine Monophosphate Synthetase	Human	Oral		Red Blood Cells	1
8206	MTB563	Amination | C-Amination	3 of 4 | 3 of 5 | 2 of 3 | 2 of 4	MTB563-X | MTB563-Y | MTB563-BC | MTB563-BD	10396	14898	Thioinosine-5'-monophosphate	6-Thioguanosine monophosphate	O=P(O)(O)OC[C@H]1O[C@@H](n2cnc3c(=S)[nH]cnc32)[C@H](O)[C@@H]1O	Nc1nc2c(ncn2[C@@H]2O[C@H](COP(=O)(O)O)[C@@H](O)[C@H]2O)c(=S)[nH]1	Inosine Monophosphate Dehydrogenase | Guanosine Monophosphate Synthetase	Human (Inflammatory Bowel Disease Patients) | Human (Children) | Human (Systemic Lupus Erythematosus Patients) | Human | Human (Renal Transplant Patients)	Oral		Red Blood Cells | Erythrocytes | Plasma	7
93	MTB6	Conjugation | Glucuronidation | N-Glucuronidation | Quaternization	1 of 2 | 1 of 2	MTB6-AE | MTB6-AF	6	4105	Amitriptyline	Amitriptyline N-beta-D-glucuronide	CN(C)CCC=C1c2ccccc2CCc2ccccc21	C[N+](C)(CCC=C1c2ccccc2CCc2ccccc21)[C@@H]1O[C@H](C(=O)O)[C@@H](O)[C@H](O)[C@H]1O	UDP-Glucuronosyltransferase (['UGT2B10', 'UGT1A3', 'UGT1A4']) | UDP-Glucuronosyltransferase | UDP-Glucuronosyltransferase (['UGT1A4']) | UDP-Glucuronosyltransferase (['UGT1A3', 'UGT1A4']) | UDP-Glucuronosyltransferase (['UGT1.4'])	in vitro (Human Liver Microsomes) | Human | in vitro (Dog Liver Microsomes) | in vitro (Rat Liver Microsomes) | Human (Depression Patients) | in vitro (Human HK 293 Cells, Transfected) | in vitro (Human Kidney 293 Cells Expressing Human UGT) | in vitro (Human Kidney 293 Cell Homogenate Expressing UGT1.4) | in vitro (Human Kidney 293 Cells, Embryonic)	Oral	N-Glucuronide	Urine	16
933	MTB50	Dearomatization | Dehydrogenation | Isomerization | N-Oxidation | Oxidation | Quaternization | Tautomerization	1 of 2 | 1 of 2 | 1 of 3 | 1 of 3 | 1 of 4 | 1 of 3 | 1 of 3 | 1 of 3 | 1 of 2 | 1 of 2 | 1 of 2 | 1 of 2 | 1 of 3 | 1 of 2 | 1 of 2 | 1 of 2 | 1 of 2 | 1 of 2	MTB50-X | MTB50-Y | MTB50-Z | MTB50-AA | MTB50-AB | MTB50-AC | MTB50-AD | MTB50-AE | MTB50-AF | MTB50-AG | MTB50-AH | MTB50-AI | MTB50-AJ | MTB50-AK | MTB50-AL | MTB50-AM | MTB50-AN | MTB50-AO	50	37250	Clozapine		CN1CCN(C2=Nc3cc(Cl)ccc3Nc3ccccc32)CC1	CN1CC[N+](=c2nc3cc(Cl)ccc3nc3ccccc23)CC1	Cytochrome P450 | Cytochrome P450 (['CYP3A']) | Myeloperoxidase | Peroxidase	in vitro (Human Liver Microsomes) | in vitro (Rat Hepatocytes) | in vitro (Human Neutrophils) | in vitro (Rabbit Neutrophils) | in vitro (Rat Liver Microsomes) | Rat | Mouse | in vitro (Mouse Liver Microsomes) | in vitro (Mouse Heart Microsomes) | in vitro (Human Neutrophil Blood Cells)	Oral | Intraperitoneal		Plasma | Liver | Heart | Kidney	19
973	MTB50	Oxidation | Quaternization	1 of 2 | 1 of 3 | 1 of 2	MTB50-R | MTB50-S | MTB50-T	50	53617	Clozapine		CN1CCN(C2=Nc3cc(Cl)ccc3Nc3ccccc32)CC1	C[N+]1=CCN(C2=Nc3cc(Cl)ccc3Nc3ccccc32)CC1	Cytochrome P450	in vitro (Human Liver Microsomes) | in vitro (Rat Liver Microsomes)				2
1025	MTB50	Aromatic Hydroxylation | C-Hydroxylation | Dehalogenation | Quaternization	1 of 2	MTB50-AS	50	74475	Clozapine		CN1CCN(C2=Nc3cc(Cl)ccc3Nc3ccccc32)CC1	C[N+]1=CCN(C2=Nc3c(O)cccc3Nc3ccccc32)CC1		in vitro (Human Liver Microsomes)				1
1036	MTB50	N-Glucuronidation | Quaternization	1 Step	MTB50-BA	50	44643	Clozapine		CN1CCN(C2=Nc3cc(Cl)ccc3Nc3ccccc32)CC1	C[N+]1([C@@H]2O[C@H](C(=O)[O-])[C@@H](O)[C@H](O)[C@H]2O)CCN(C2=Nc3cc(Cl)ccc3Nc3ccccc32)CC1		Human		N-Glucuronide	Urine	1
12298	MTB762	Alkylation | Dehydrogenation | N-Oxidation	1 Step	MTB762-AK	762	20490	Methamphetamine		CN[C@@H](C)Cc1ccccc1	C/C=[N+](\[O-])[C@@H](C)Cc1ccccc1		in vitro (Guinea Pig Liver Homogenate) | Rat | Guinea Pig | in vitro (Rat Liver Homogenate)	Intraperitoneal		Urine	1
35836	MTB2214	Alkylation | Reduction	1 Step	MTB2214-D	2214	24516	L-Canavanine		N=C(N)NOCC[C@H](N)C(=O)O	CCC(C)[C@H](N)C(=O)O		Insect (Larva, Tobacco Budworm)	Parenteral			1
35839	MTB2214	Alkylation | Amination | Reduction	1 Step	MTB2214-G	2214	2218	L-Canavanine	L-Ornithine	N=C(N)NOCC[C@H](N)C(=O)O	NCCC[C@H](N)C(=O)O		Insect (Larva, Tobacco Budworm)	Parenteral			1
38883	MTB2546	Alkylation | Deglutathionation | Methylation | Se-Alkylation | Se-Methylation	3 of 3 | 3 of 3 | 4 of 4	MTB2546-A | MTB2546-AJ | MTB2546-AK	50530	12532	Selenosugar A	Selenosugar B	CC(=O)N[C@@H]1[C@@H](O)[C@@H](O)[C@@H](CO)O[C@H]1[Se]SC[C@H](NC(=O)CC[C@H](N)C(=O)O)C(=O)NCC(=O)O	C[Se][C@@H]1O[C@H](CO)[C@H](O)[C@H](O)[C@H]1NC(C)=O	Methyltransferase	Bird | Rat	Oral | Intraperitoneal		Liver | Kidney | Serum | Urine | Pancreas	4
38884	MTB2546	Alkylation | Glycosidation	2 of 2 | 3 of 3	MTB2546-B | MTB2546-AL	13071	12532	Hydrogen selenide	Selenosugar B	[SeH2]	C[Se][C@@H]1O[C@H](CO)[C@H](O)[C@H](O)[C@H]1NC(C)=O		Rat (Young) | Rat (Adult)	Oral		Urine	1
14040	MTB822	C-Hydroxylation | Methylation | Ring Closure | Ring Opening	1 Step	MTB822-H	822	70872	Gomisin A		COc1cc2c(c(OC)c1OC)-c1c(cc3c(c1OC)OCO3)C[C@H](C)[C@@](C)(O)C2	COc1cc2c(c(OC)c1OC)-c1c(cc3c(c1OC)OCO3)[C@H](O)[C@@](C)(O)[C@@H](C)C2		Rat	Oral		Plasma	1
38883	MTB2546	Alkylation | Deglutathionation | Methylation | Se-Alkylation | Se-Methylation	3 of 3 | 3 of 3 | 4 of 4	MTB2546-A | MTB2546-AJ | MTB2546-AK	50530	12532	Selenosugar A	Selenosugar B	CC(=O)N[C@@H]1[C@@H](O)[C@@H](O)[C@@H](CO)O[C@H]1[Se]SC[C@H](NC(=O)CC[C@H](N)C(=O)O)C(=O)NCC(=O)O	C[Se][C@@H]1O[C@H](CO)[C@H](O)[C@H](O)[C@H]1NC(C)=O	Methyltransferase	Bird | Rat	Oral | Intraperitoneal		Liver | Kidney | Serum | Urine | Pancreas	4
38885	MTB2546	Alkylation | Methylation	2 of 4 | 2 of 3 | 2 of 3 | 3 of 5 | 3 of 4 | 3 of 4	MTB2546-I | MTB2546-J | MTB2546-K | MTB2546-AS | MTB2546-AT | MTB2546-AU	13071	6250	Hydrogen selenide	Monomethylselenol	[SeH2]	C[SeH]		Rat (Bile Duct Cannulated)	Intravenous		Bile	1
38888	MTB2546	Alkylation | Methylation | Reduction	1 of 3 | 1 of 2 | 1 of 2	MTB2546-Y | MTB2546-Z | MTB2546-AA	2546	6250	Selenious acid	Monomethylselenol	O=[Se](O)O	C[SeH]						1
38890	MTB2546	Alkylation | Glycosidation | Methylation	2 of 2	MTB2546-R	36008	12532		Selenosugar B	[SeH-]	C[Se][C@@H]1O[C@H](CO)[C@H](O)[C@H](O)[C@H]1NC(C)=O		Human	Oral | Intravenous	Glycoside	Urine | Plasma	2
2568	MTB177	O-Acetylation | O-Acylation	2 of 2	MTB177-U	18499	35908			Nc1ccc(S(=O)(=O)Nc2cc(CO)on2)cc1	CC(=O)OCc1cc(NS(=O)(=O)c2ccc(N)cc2)no1		Human | Rat	Oral | Intraperitoneal	O-Acetate	Urine	1
4782	MTB333	O-Acetylation	3 of 3 | 5 of 5 | 4 of 4	MTB333-A | MTB333-D | MTB333-G	19013	19014			N=C(N)Nc1c(Cl)cc(O)cc1Cl	CC(=O)Oc1cc(Cl)c(NC(=N)N)c(Cl)c1		Rabbit	Intravenous; Oral		Brain; Plasma; Urine	1
5831	MTB420	O-Acetylation | O-Acylation	2 of 2	MTB420-A	36147	40497			Cc1c(N(C)C)c(=O)n(-c2ccc(O)cc2)n1C	CC(=O)Oc1ccc(-n2c(=O)c(N(C)C)c(C)n2C)cc1	Cytochrome P450 (['CYP2C', 'CYP2B', 'CYP3A']) | Acetyltransferase	Rat		O-Acetate	Urine	1
7276	MTB512	O-Acetylation | O-Acylation	2 of 2	MTB512-K	1323	67022	4-Hydroxylamino-N-(2-(diethylamino)ethyl)benzamide		CCN(CC)CCNC(=O)c1ccc(NO)cc1	CCN(CC)CCNC(=O)c1ccc(NOC(C)=O)cc1		Human | Mouse | Mouse (Transgenic, Human CYP2D6)	Oral	O-Acetate	Urine	1
8074	MTB552	O-Acetylation	1 Step	MTB552-VZ	552	19776	Paracetamol		CC(=O)Nc1ccc(O)cc1	CC(=O)Nc1ccc(OC(C)=O)cc1		Human	Oral		Urine	1
1640	MTB75	Ring Opening | Transesterification	2 of 2	MTB75-JM	2531	32107	Valproate Glucuronide		CCCC(CCC)C(=O)O[C@@H]1O[C@H](C(=O)O)[C@@H](O)[C@H](O)[C@H]1O	CCCC(CCC)C(=O)O[C@@H]([C@H](O)[C@H](O)C(=O)O)[C@@H](O)C=O		Rat	Intravenous		Bile | Urine	1
4234	MTB285	Esterification | Hydrolysis | Transesterification	2 of 3 | 2 of 3	MTB285-C | MTB285-D	69423	53808			Cc1cccc(Nc2ccccc2C(=O)OP(=O)(O)OC[C@H]2O[C@@H](n3cnc4c(N)ncnc43)[C@H](O)[C@@H]2O)c1C	Cc1cccc(Nc2ccccc2C(=O)SCCNC(=O)CCNC(=O)[C@H](O)C(C)(C)COP(=O)(O)OP(=O)(O)OC[C@H]2O[C@@H](n3cnc4c(N)ncnc43)[C@H](O)[C@@H]2OP(=O)(O)O)c1C	Acyl-CoA Synthetase	in vitro (Rat Hepatocytes)				2
4235	MTB285	Glutathionation | Transesterification	2 of 2 | 3 of 3	MTB285-A | MTB285-C	53808	53809			Cc1cccc(Nc2ccccc2C(=O)SCCNC(=O)CCNC(=O)[C@H](O)C(C)(C)COP(=O)(O)OP(=O)(O)OC[C@H]2O[C@@H](n3cnc4c(N)ncnc43)[C@H](O)[C@@H]2OP(=O)(O)O)c1C	Cc1cccc(Nc2ccccc2C(=O)SC[C@H](NC(=O)CC[C@H](N)C(=O)O)C(=O)NCC(=O)O)c1C	Glutathione Transferase	in vitro (Rat Hepatocytes) | Rat | in vitro (Human Hepatocytes)	Intraperitoneal	Glutathione	Bile	4
4236	MTB285	Glutathionation | Transesterification	2 of 2	MTB285-E	69423	53809			Cc1cccc(Nc2ccccc2C(=O)OP(=O)(O)OC[C@H]2O[C@@H](n3cnc4c(N)ncnc43)[C@H](O)[C@@H]2O)c1C	Cc1cccc(Nc2ccccc2C(=O)SC[C@H](NC(=O)CC[C@H](N)C(=O)O)C(=O)NCC(=O)O)c1C	Glutathione Transferase	in vitro (Rat Hepatocytes)		Glutathione		2
4238	MTB285	Glutathionation | Transesterification	2 of 2	MTB285-G	14636	53809	Mefenamoylglucuronide		Cc1cccc(Nc2ccccc2C(=O)O[C@@H]2O[C@H](C(=O)O)[C@@H](O)[C@H](O)[C@H]2O)c1C	Cc1cccc(Nc2ccccc2C(=O)SC[C@H](NC(=O)CC[C@H](N)C(=O)O)C(=O)NCC(=O)O)c1C	Glutathione Transferase	in vitro (Rat Hepatocytes) | Rat | in vitro (Human Hepatocytes)	Intraperitoneal	Glutathione	Bile	2
12142	MTB756	Deglucosidation | Hydrolysis	2 of 4 | 2 of 4 | 2 of 4 | 2 of 4 | 2 of 4 | 2 of 4 | 2 of 3 | 2 of 6 | 2 of 5 | 2 of 4 | 2 of 4 | 2 of 4 | 2 of 4 | 2 of 4 | 2 of 3 | 2 of 3 | 2 of 4 | 2 of 5 | 2 of 5 | 2 of 4 | 2 of 5 | 2 of 5 | 2 of 6 | 2 of 3 | 2 of 3 | 2 of 3	MTB756-L | MTB756-M | MTB756-N | MTB756-O | MTB756-P | MTB756-Q | MTB756-R | MTB756-S | MTB756-T | MTB756-U | MTB756-V | MTB756-W | MTB756-X | MTB756-Y | MTB756-Z | MTB756-AA | MTB756-AB | MTB756-AC | MTB756-AD | MTB756-AE | MTB756-AF | MTB756-AG | MTB756-AH | MTB756-AI | MTB756-AJ | MTB756-AK	9018	1560	Quercetin-3-O-beta-D-glucoside	Quercetin	O=c1c(O[C@@H]2O[C@H](CO)[C@@H](O)[C@H](O)[C@H]2O)c(-c2ccc(O)c(O)c2)oc2cc(O)cc(O)c12	O=c1c(O)c(-c2ccc(O)c(O)c2)oc2cc(O)cc(O)c12		Human	Oral		Urine	2
13783	MTB807	Cyclization | Deglucosidation | O-Deglycosidation | Rearrangement | Ring Opening	2 of 3	MTB807-I	74675	20698			C[C@@]12C[C@@]3(O)O[C@@H](O1)[C@]1(CO)[C@H]3C[C@@]12O[C@@H]1O[C@H](CO)[C@@H](O)[C@H](O)[C@H]1O	C[C@H]1[C@@H]2O[C@]3(O)C[C@H]1C(=O)C[C@]3(C)O2		Rat	Oral		Urine | Bile | Plasma	2
13788	MTB807	Cyclization | Deglucosidation | O-Deglycosidation | Rearrangement | Ring Opening	2 of 3	MTB807-F	74675	49032		Paeonimetabolin I	C[C@@]12C[C@@]3(O)O[C@@H](O1)[C@]1(CO)[C@H]3C[C@@]12O[C@@H]1O[C@H](CO)[C@@H](O)[C@H](O)[C@H]1O	C[C@@H]1[C@@H]2O[C@]3(O)C[C@H]1C(=O)C[C@]3(C)O2		Rat	Oral		Urine | Bile | Plasma	2
13795	MTB807	Deglucosidation | O-Alkylation | O-Methylation | Ring Opening	2 of 4 | 2 of 3	MTB807-K | MTB807-L	74675	76647			C[C@@]12C[C@@]3(O)O[C@@H](O1)[C@]1(CO)[C@H]3C[C@@]12O[C@@H]1O[C@H](CO)[C@@H](O)[C@H](O)[C@H]1O	COC(=O)[C@@]1(CO)[C@@H]2C[C@H]1C(O)C[C@H]2C						1
13801	MTB807	Cyclization | Deglucosidation | O-Deglycosidation | Rearrangement | Ring Opening	2 of 2	MTB807-J	74675	74679			C[C@@]12C[C@@]3(O)O[C@@H](O1)[C@]1(CO)[C@H]3C[C@@]12O[C@@H]1O[C@H](CO)[C@@H](O)[C@H](O)[C@H]1O	CC1COC2(O)CC(C)(O)C(=O)CC12		Rat	Oral		Urine | Bile | Plasma	2
976	MTB50	Cyanidation	2 of 3	MTB50-S	53617	53619			C[N+]1=CCN(C2=Nc3cc(Cl)ccc3Nc3ccccc32)CC1	CN1CCN(C2=Nc3cc(Cl)ccc3Nc3ccccc32)CC1C#N		in vitro (Human Liver Microsomes) | in vitro (Rat Liver Microsomes)				2
978	MTB50	Cyanidation	2 of 3	MTB50-AU	66551	53619			C[N+]1=CCN(C2N=c3cc(Cl)ccc3=Nc3ccccc32)CC1	CN1CCN(C2=Nc3cc(Cl)ccc3Nc3ccccc32)CC1C#N		in vitro (Human Liver Microsomes)				1
979	MTB50	Cyanidation	1 of 2	MTB50-BB	50	53619	Clozapine		CN1CCN(C2=Nc3cc(Cl)ccc3Nc3ccccc32)CC1	CN1CCN(C2=Nc3cc(Cl)ccc3Nc3ccccc32)CC1C#N		in vitro (Human Liver Microsomes)				1
982	MTB50	C-Hydroxylation | Cyanidation	2 of 2	MTB50-T	53617	53620			C[N+]1=CCN(C2=Nc3cc(Cl)ccc3Nc3ccccc32)CC1	CN1CCN(C2=Nc3cc(Cl)c(O)cc3Nc3ccccc32)CC1C#N		in vitro (Rat Liver Microsomes) | in vitro (Human Liver Microsomes)				1
1014	MTB50	Aromatization | Cyanidation	2 of 2	MTB50-AO	37250	66554			CN1CC[N+](=c2nc3cc(Cl)ccc3nc3ccccc23)CC1	CN1CCN(C2=Nc3cc(Cl)c(C#N)cc3Nc3ccccc32)CC1		in vitro (Human Liver Microsomes)				2
38	MTB5	Rearrangement | Ring Contraction	2 of 2	MTB5-F	37925	37926			Nc1ccc(C2(CCO)CCC(=O)NC2=O)cc1	NC(=O)CCC1(c2ccc(N)cc2)CCOC1=O		Human			Urine	1
506	MTB29	Aliphatic Hydroxylation | C-Hydroxylation | Hydrolysis | Rearrangement | Ring Contraction	1 of 2 | 1 of 2	MTB29-K | MTB29-L	29	27926	Carbamazepine	9-Hydroxymethyl-10-carbamoylacridan	NC(=O)N1c2ccccc2C=Cc2ccccc21	NC(=O)N1c2ccccc2C(CO)c2ccccc21		Human (Children) | in vitro (Rat Liver Microsomes) | Human	Oral		Urine | Plasma | Serum	7
507	MTB29	Dehydroxylation | Rearrangement | Ring Contraction	3 of 4 | 3 of 4 | 4 of 5 | 4 of 5 | 2 of 3 | 2 of 3 | 4 of 5 | 4 of 5 | 3 of 4 | 3 of 4	MTB29-T | MTB29-U | MTB29-AY | MTB29-AZ | MTB29-DL | MTB29-DM | MTB29-FF | MTB29-FG | MTB29-GH | MTB29-GI	1478	27926	Carbamazepine 10,11-transdiol	9-Hydroxymethyl-10-carbamoylacridan	NC(=O)N1c2ccccc2[C@@H](O)[C@H](O)c2ccccc21	NC(=O)N1c2ccccc2C(CO)c2ccccc21		Human (Epilepsy Patients) | Human (Female, Pregnant) | in vitro (Human Placenta Perfusion) | Human | Rat	Oral		Plasma | Serum, Maternal | Blood, Cord, Fetal | Serum | Urine	4
510	MTB29	Rearrangement | Ring Contraction	3 of 5 | 3 of 6 | 3 of 5 | 3 of 5 | 2 of 4 | 2 of 5 | 2 of 4 | 2 of 4	MTB29-AB | MTB29-AC | MTB29-AD | MTB29-AE | MTB29-GO | MTB29-GP | MTB29-GQ | MTB29-GR	23496	29556			NC(=O)N1c2ccccc2C(O)C(O)c2ccccc21	NC(=O)N1c2ccccc2C(C=O)c2ccccc21		Human (Epilepsy Patients)	Oral		Serum	1
511	MTB29	C-Oxidation | Ring Contraction	1 of 3 | 1 of 4 | 1 of 3 | 1 of 3	MTB29-GA | MTB29-GB | MTB29-GC | MTB29-GD	29	29556	Carbamazepine		NC(=O)N1c2ccccc2C=Cc2ccccc21	NC(=O)N1c2ccccc2C(C=O)c2ccccc21	Myeloperoxidase	in vitro (Human Neutrophils)				1
1016	MTB50	Aromatic Hydroxylation | C-Hydroxylation | Dehalogenation | Oxidative Dehalogenation	1 of 2 | 1 of 3 | 1 of 2	MTB50-AP | MTB50-AQ | MTB50-AR	50	18091	Clozapine		CN1CCN(C2=Nc3cc(Cl)ccc3Nc3ccccc32)CC1	CN1CCN(C2=Nc3cc(O)ccc3Nc3ccccc32)CC1		in vitro (Rat Liver Microsomes) | Human | Rat (Female)	Intraperitoneal		Urine | Feces	4
11856	MTB747	C-Oxidation | Dehalogenation | Dehydrohalogenation | Oxidation | Oxidative Dehalogenation	1 of 2 | 1 of 2 | 1 of 2 | 1 of 2 | 1 of 2 | 1 of 2	MTB747-D | MTB747-E | MTB747-F | MTB747-G | MTB747-H | MTB747-I	747	20445	Mitotane		Clc1ccc(C(c2ccccc2Cl)C(Cl)Cl)cc1	O=C(O)C(c1ccc(Cl)cc1)c1ccccc1Cl	Cytochrome P450	Human (Cancer Patients) | Rat | Human | in vitro (Dog Adrenal Gland Perfusion) | Rabbit	Oral	Glycine; Unspecified | Unspecified	Plasma | Red Blood Cells | Fat | Urine	6
19725	MTB1274	C-Oxidation | Dehalogenation | Hydrolysis | Oxidation | Oxidative Dehalogenation	1 of 2 | 1 of 2	MTB1274-BL | MTB1274-BM	1274	21984	Halothane	Trifluoroacetic acid	FC(F)(F)C(Cl)Br	O=C(O)C(F)(F)F	Cytochrome P450 | Cytochrome P450 (['CYP2E1']) | Cytochrome P450 (['CYP2A6', 'CYP2E1'])	Guinea Pig | Rat | Human | in vitro (Human Liver Microsomes) | in vitro (Guinea Pig Liver Microsomes) | in vitro (Rat Liver Microsomes) | in vitro (Hep G2 Cells) | Dog | in vitro (Guinea Pig Liver Slices) | in vitro (Rabbit Liver Microsomes)	Intraperitoneal | Inhalation		Plasma | Liver Microsomes | Tumor | Urine | Bile; Urine | Expired Air; Liver; Urine	13
19803	MTB1279	Oxidative Dehalogenation	1 of 3	MTB1279-D	1279	57615	Methoxyflurane		COC(F)(F)C(Cl)Cl	COC(F)(F)C(O)Cl	Cytochrome P450	Rat | in vitro (Rat Liver Microsomes)	Inhalation		Urine	1
19804	MTB1279	Oxidative Dehalogenation	2 of 3	MTB1279-D	57615	13057		2,2-Difluoro-2-methoxyacetic acid	COC(F)(F)C(O)Cl	COC(F)(F)C(=O)O		Rat | in vitro (Rat Liver Microsomes)	Inhalation		Urine	1
8208	MTB563	C-Hydroxylation | N-Deglycosidation | Oxidative Deamination | Tautomerization	4 of 4 | 2 of 2 | 5 of 5 | 4 of 4 | 3 of 3 | 5 of 5 | 4 of 4 | 3 of 3	MTB563-F | MTB563-O | MTB563-V | MTB563-X | MTB563-AE | MTB563-AQ | MTB563-BA | MTB563-BC	14898	19631	6-Thioguanosine monophosphate	6-Thiouric acid	Nc1nc2c(ncn2[C@@H]2O[C@H](COP(=O)(O)O)[C@@H](O)[C@H]2O)c(=S)[nH]1	O=c1[nH]c(=S)c2[nH]c(=O)[nH]c2[nH]1		Human (Renal Transplant Patients)	Oral		Plasma | Red Blood Cells	1
10416	MTB705	N-Deglycosidation	2 of 2	MTB705-DN	44255	33338			*OC[C@H]1O[C@@H](n2c(-c3c4ccccc4c4ccc5cccc6ccc3c4c65)nc3c(=O)[nH]c(N)nc32)C[C@@H]1O*	Nc1nc2[nH]c(-c3c4ccccc4c4ccc5cccc6ccc3c4c65)nc2c(=O)[nH]1		Human (Female) | Human (Smoker)	Dermal + Inhalation | Smoking		Urine	1
10444	MTB705	N-Deglycosidation	2 of 2	MTB705-DW	44253	44254			*OC[C@H]1O[C@@H](n2c[n+](-c3c4ccccc4c4ccc5cccc6ccc3c4c65)c3c(=O)[nH]c(N)nc32)C[C@@H]1O*	Nc1nc2[nH]c[n+](-c3c4ccccc4c4ccc5cccc6ccc3c4c65)c2c(=O)[nH]1		Human (Female) | Human (Smoker)	Dermal + Inhalation | Smoking		Urine	1
10480	MTB705	N-Deglycosidation	2 of 2	MTB705-FS	44251	44252			*OC[C@H]1O[C@@H](n2c[n+](-c3c4ccccc4c4ccc5cccc6ccc3c4c65)c3c(N)ncnc32)C[C@@H]1O*	Nc1ncnc2[nH]c[n+](-c3c4ccccc4c4ccc5cccc6ccc3c4c65)c12		Human (Female) | Human (Smoker)	Dermal + Inhalation | Smoking		Urine	1
11988	MTB750	Deglycosidation | N-Dealkylation | N-Deglucosidation | N-Deglycosidation	1 of 5 | 1 of 5 | 1 of 5 | 1 of 4 | 1 of 4 | 1 of 4 | 1 of 5	MTB750-E | MTB750-F | MTB750-G | MTB750-H | MTB750-I | MTB750-J | MTB750-K	750	818	Doxifluridine	5-Fluorouracil	C[C@H]1O[C@@H](n2cc(F)c(=O)[nH]c2=O)[C@H](O)[C@@H]1O	O=c1[nH]cc(F)c(=O)[nH]1	Thymidine Phosphorylase | Pyrimidine Nucleoside Phosphorylase | Nucleoside Phosphorylase | Uridine Phosphorylase	Dog | in vitro (Rat Upper Small Intestine Cytosol) | in vitro (Rat Lower Small Intestine Cytosol) | in vitro (Rat Large Intestine Cytosol) | in vitro (Mouse Upper Small Intestine Cytosol) | in vitro (Mouse Lower Small Intestine Cytosol) | in vitro (Mouse Large Intestine Cytosol) | in vitro (Monkey Upper Small Intestine Cytosol) | in vitro (Monkey Lower Small Intestine Cytosol) | in vitro (Monkey Large Intestine Cytosol) | in vitro (Human Upper Small Intestine Cytosol) | in vitro (Human Liver Cytosol) | in vitro (Rat Liver Cytosol) | in vitro (Mouse Liver Cytosol) | in vitro (Monkey Liver Cytosol) | in vitro (Human Breast Carcinoma Cells, MCF-7, Mycoplasma Infected) | in vitro (Human Breast Carcinoma Cells, MCF-7) | Monkey | Human | Mouse (Tumor Bearing) | Human (Cancer Patients) | in vitro (Human Liver Microsomes) | in vitro (Mouse Liver) | in vitro (Mouse Small Intestine) | in vitro (Human Jejunum Cytosol) | in vitro (Human Breast Carcinoma Cells) | in vitro (Human Colorectal Carcinoma Cells) | in vitro (Human Colorectum Homogenate) | in vitro (Human Colorectum Tumor Homogenate) | in vitro (Human Liver Homogenate) | in vitro (Human Liver Metastasis Homogenate) | in vitro (Human Tissue Supernatant) | Rat | Rabbit | Mouse | in vitro (Human B Lymphocytes, Cultured) | in vitro (Human B Lymphocyte Supernatant, Cultured) | in vitro (Rat Novikoff Hepatoma Cells)	Oral | Injection | Intravenous | Intraarterial | Intraperitoneal		Plasma | Serum | Tumor | Blood | Urine	24
2487	MTB170	Desulfation | Hydrolysis	1 Step	MTB170-E	170	32624	Sulfadiazine		Nc1ccc(S(=O)(=O)Nc2ncccn2)cc1	ONc1ncccn1	Cytochrome P450 (['CYP3A4', 'CYP2E1', 'I'])	in vitro (Human Liver Microsomes)				1
2853	MTB210	Desulfation | Rearrangement	2 of 3 | 2 of 4 | 2 of 4 | 2 of 4 | 2 of 3	MTB210-BS | MTB210-BT | MTB210-BU | MTB210-BV | MTB210-BW	46232	63887			C[C@]12C=CC(=O)C=C1CC[C@@H]1[C@@H]2CC[C@@]2(C)[C@H]1CC[C@]2(C)OS(=O)(=O)O	CC1(C)CCC2=C1CC[C@H]1[C@H]2CCC2=CC(=O)C=C[C@@]21C		Human | Mouse (Chimeric, Humanized Liver) | Mouse	Oral		Urine	1
7832	MTB544	Cyclization | Desulfation | Ring Closure	1 of 2	MTB544-G	544	19749	Busulfan		CS(=O)(=O)OCCCCOS(C)(=O)=O	O=S1(=O)CCCC1	Cytochrome P450 (['CYP2C9'])	Human (Children) | Insect	Intravenous		Plasma | Feces; Lung	3
7839	MTB544	Desulfation | Glutathionation | Ring Closure	1 Step	MTB544-I	544	46869	Busulfan		CS(=O)(=O)OCCCCOS(C)(=O)=O	N[C@@H](CCC(=O)N[C@@H](CS[S+]1CCCC1)C(=O)NCC(=O)O)C(=O)O	Glutathione Transferase (['GST A1'])	in vitro (Human Liver Cytosol)		Glutathione		1
11051	MTB709	Desulfation	2 of 2	MTB709-K	26398	26399			CN1[C@@H]2CC[C@H]1C[C@@H](OC(=O)C(COS(=O)(=O)O)c1ccccc1)C2	C=C(C(=O)O[C@H]1C[C@H]2CC[C@@H](C1)N2C)c1ccccc1		in vitro (Guinea Pig Liver Cytosol) | Guinea Pig	Intraperitoneal		Urine	1
1	MTB1	Deacetylation | Dehydrohalogenation	1 Step	MTB1-A	1	17868	Acecarbromal		CCC(Br)(CC)C(=O)NC(=O)NC(C)=O	C/C=C(/CC)C(=O)NC(N)=O		in vitro (Rabbit Liver Homogenate)				1
697	MTB34	Dehydrohalogenation	1 Step	MTB34-A	34	17868	Carbromal		CCC(Br)(CC)C(=O)NC(N)=O	C/C=C(/CC)C(=O)NC(N)=O		in vitro (Rat Liver Homogenate)				1
816	MTB44	C-Oxidation | Dehydrohalogenation	1 Step	MTB44-B	44	37569	Clomethiazole		Cc1ncsc1CCCl	C=Cc1scnc1C(=O)O		Human			Urine	1
7609	MTB531	Dehydrohalogenation | Epoxidation	3 of 3 | 4 of 4 | 3 of 3	MTB531-A | MTB531-B | MTB531-E	28971	37501	9alpha-Chloro-16beta-methyl-11beta,17alpha,21-trihydroxy-pregna-1,4-diene+		C[C@H]1C[C@H]2[C@@H]3CCC4=CC(=O)C=C[C@]4(C)[C@@]3(Cl)[C@@H](O)C[C@]2(C)[C@@]1(O)C(=O)CO	C[C@H]1C[C@H]2[C@@H]3CCC4=CC(=O)C=C[C@]4(C)[C@@]34O[C@H]4C[C@]2(C)[C@@]1(O)C(=O)CO		in vitro (Human Plasma)				1
7610	MTB531	Dehydrohalogenation | Epoxidation	3 of 4 | 2 of 3	MTB531-C | MTB531-F	4137	37500	Beclomethasone-21-monopropionate		CCC(=O)OCC(=O)[C@@]1(O)[C@@H](C)C[C@H]2[C@@H]3CCC4=CC(=O)C=C[C@]4(C)[C@@]3(Cl)[C@@H](O)C[C@@]21C	CCC(=O)OCC(=O)[C@@]1(O)[C@@H](C)C[C@H]2[C@@H]3CCC4=CC(=O)C=C[C@]4(C)[C@@]34O[C@H]4C[C@@]21C		in vitro (Human Plasma)				1
138	MTB6	Aromatic Hydroxylation | Aromatic Methoxylation	1 Step	MTB6-AS	6	17889	Amitriptyline		CN(C)CCC=C1c2ccccc2CCc2ccccc21	COc1cc(O)cc2c1/C(=C/CCN(C)C)c1ccccc1CC2		Rat | Rabbit	Intraperitoneal | Oral		Bile; Urine	1
773	MTB40	Aromatic Hydroxylation | Aromatic Methoxylation	1 Step	MTB40-B	40	18039	Chlorprothixene		CN(C)CC/C=C1/c2ccccc2Sc2ccc(Cl)cc21	COc1cc2c(cc1O)Sc1ccc(Cl)cc1/C2=C\CCN(C)C		Dog	Oral		Feces; Urine	1
774	MTB40	Aromatic Hydroxylation | Aromatic Methoxylation	1 Step	MTB40-C	40	18040	Chlorprothixene		CN(C)CC/C=C1/c2ccccc2Sc2ccc(Cl)cc21	COc1cc2c(cc1O)/C(=C/CCN(C)C)c1cc(Cl)ccc1S2		Dog	Oral		Feces; Urine	1
1316	MTB58	Aromatic Hydroxylation | Aromatic Methoxylation	1 Step	MTB58-E	58	18135	Methaqualone		Cc1ccccc1-n1c(C)nc2ccccc2c1=O	COc1cc(-n2c(C)nc3ccccc3c2=O)c(C)cc1O		Human	Oral	Unspecified	Urine	5
1353	MTB64	Aromatic Hydroxylation | Aromatic Methoxylation | C-Hydroxylation | O-Methylation	1 Step	MTB64-A	64	18160	Methylphenobarbital		CCC1(c2ccccc2)C(=O)NC(=O)N(C)C1=O	CCC1(c2ccc(O)c(OC)c2)C(=O)NC(=O)N(C)C1=O		Human	Oral		Urine	2
2279	MTB146	Denitrogenation | Oxidative Deamination | Peroxidation	1 of 2 | 1 of 2	MTB146-A | MTB146-B	146	39431	Phenelzine		NNCCc1ccccc1	OOCCc1ccccc1	Cytochrome P450	in vitro (Rat Liver Microsomes)				1
5579	MTB391	Denitration | Denitrogenation | Hydrolysis	1 of 2 | 1 of 3	MTB391-A | MTB391-B	391	5289	Isosorbide dinitrate	Isosorbide 5-nitrate	O=[N+]([O-])O[C@H]1CO[C@H]2[C@@H]1OC[C@H]2O[N+](=O)[O-]	O=[N+]([O-])O[C@@H]1CO[C@H]2[C@@H]1OC[C@@H]2O	Aldehyde Dehydrogenase (['ALDH2']) | Glutathione Transferase	Human | Rabbit | Human (Chinese) | Rat | Human (Male) | in vitro (Bovine Udder Perfusion) | in vitro (Human Erythrocytes) | in vitro (Human Hemolysate) | Dog	Inhalation | Intravenous | Infusion | Sublingual | Oral | Percutaneous | Sublingual (Spray) | Sublingual (Tablet)	Unspecified	Plasma | Serum | Plasma; Tissue | Feces; Urine | Urine	25
5583	MTB391	Denitration | Denitrogenation | Hydrolysis	1 of 3	MTB391-C	391	19266	Isosorbide dinitrate	Isosorbide 2-nitrate	O=[N+]([O-])O[C@H]1CO[C@H]2[C@@H]1OC[C@H]2O[N+](=O)[O-]	O=[N+]([O-])O[C@H]1CO[C@H]2[C@@H]1OC[C@H]2O	Glutathione Transferase	Human | Human (Chinese) | Rat | Human (Male) | in vitro (Bovine Udder Perfusion) | in vitro (Rat Urine) | in vitro (Human Erythrocytes) | in vitro (Human Hemolysate) | Dog	Inhalation | Infusion | Intravenous | Oral | Percutaneous | Sublingual (Spray) | Sublingual (Tablet) | Intravenous; Oral	O-Glucuronide	Plasma | Serum | Plasma; Tissue | Feces; Urine | Urine	24
5587	MTB391	Denitrogenation | Reduction	1 Step	MTB391-D	391	27250	Isosorbide dinitrate		O=[N+]([O-])O[C@H]1CO[C@H]2[C@@H]1OC[C@H]2O[N+](=O)[O-]	O=N[O-]	Glutathione: Polyol Nitrate Oxidoreductase	in vitro (Human Liver Supernatant) | in vitro (Human Kidney Supernatant) | in vitro (Human Small Intestine Mucosa Supernatant) | in vitro (Human Serum)				1
6526	MTB452	Denitration | Denitrogenation | Elimination | Hydrolysis | N-Reduction | Reduction	1 Step	MTB452-D	452	27250	Nitroglycerol		O=[N+]([O-])OCC(CO[N+](=O)[O-])O[N+](=O)[O-]	O=N[O-]	Glutathione Transferase (['GST pi', 'GST mu']) | Glutathione Transferase (['GST pi']) | Glutathione Transferase (['GST mu']) | Glutathione: Polyol Nitrate Oxidoreductase	in vitro (Human Liver Homogenate) | in vitro (Human Liver Cytosol) | in vitro (Human Liver Microsomes) | in vitro (Human Liver Mitochondria) | Rat | in vitro (Dog Vascular Tissue Homogenate) | in vitro (Human Glutathione Transferase) | in vitro (Rat Liver Glutathione Transferase) | in vitro (Human Liver Supernatant) | in vitro (Human Kidney Supernatant) | in vitro (Human Small Intestine Mucosa Supernatant) | in vitro (Human Serum)	Intraperitoneal		Plasma | Red Blood Cells | Heart | Liver | Aorta | Vena Cava	4
1570	MTB75	Aliphatic Hydroxylation | C-Dealkylation | C-Demethylation | C-Hydroxylation | C-Oxidation | Chain Shortening | Oxidative Dealkylation	4 of 4 | 2 of 2 | 3 of 3 | 5 of 5 | 4 of 4 | 4 of 4 | 5 of 5 | 5 of 5 | 4 of 4 | 4 of 4 | 5 of 5 | 6 of 6 | 4 of 4 | 5 of 5 | 4 of 4 | 3 of 3	MTB75-Z | MTB75-AG | MTB75-AH | MTB75-CK | MTB75-CQ | MTB75-DJ | MTB75-DS | MTB75-EE | MTB75-EK | MTB75-FZ | MTB75-GH | MTB75-GQ | MTB75-HC | MTB75-HN | MTB75-II | MTB75-IO	18191	18193			CCCC(CC(C)=O)C(=O)O	CCCC(CC(=O)O)C(=O)O	Cytochrome P450	Human | Human (Epilepsy Patients) | Human (Children, Epilepsy Patients) | Sheep (Female, Pregnant) | Sheep (Neonatal) | Sheep | Rat	Oral | Intravenous | Fetal Infusion | Infusion | Intraperitoneal		Serum | Urine | Plasma, Maternal | Plasma, Fetal | Plasma | Serum, Maternal | Serum, Fetal | Liver | Liver Mitochondria | Liver Microsomes	9
1644	MTB75	C-Demethylation | C-Hydroxylation | C-Oxidation | Decarboxylation | Oxidation | Oxidative Dealkylation	1 Step	MTB75-JR	75	18193	Valproic acid		CCCC(CCC)C(=O)O	CCCC(CC(=O)O)C(=O)O		Sheep | Human	Intravenous | Oral		Urine | Plasma | Plasma; Urine	3
2859	MTB210	Aliphatic Hydroxylation | C-Alkylation | C-Dealkylation | C-Demethylation | C-Hydroxylation | C-Methylation | Dehydration | Oxidation | Rearrangement	1 of 2 | 1 of 2 | 1 of 2	MTB210-BP | MTB210-BQ | MTB210-BR	210	56368	Metandienone		C[C@]12C=CC(=O)C=C1CC[C@@H]1[C@@H]2CC[C@@]2(C)[C@H]1CC[C@]2(C)O	C[C@]1(CO)CCC2=C1CC[C@H]1[C@H]2CCC2=CC(=O)C=C[C@@]21C		Human	Oral		Urine	3
2909	MTB210	C-Alkylation | C-Dealkylation | C-Demethylation | C-Methylation	3 of 4 | 2 of 3 | 4 of 5 | 3 of 4	MTB210-V | MTB210-AM | MTB210-BX | MTB210-CV	23622	34329			C[C@]12C=C[C@@H](O)C[C@H]1CC[C@@H]1[C@@H]2CC[C@@]2(C)[C@H]1CC[C@@]2(C)O	CC1(C)CCC2=C1CC[C@H]1[C@H]2CC[C@@H]2C[C@H](O)C=C[C@@]21C		Human			Urine	1
2965	MTB210	C-Demethylation	2 of 2	MTB210-BM	18583	2134		5alpha-Androstane-3alpha,17beta-diol	C[C@]12CC[C@@H](O)C[C@@H]1CC[C@@H]1[C@@H]2CC[C@@]2(C)[C@H]1CC[C@]2(C)O	C[C@]12CC[C@@H](O)C[C@@H]1CC[C@@H]1[C@@H]2CC[C@]2(C)[C@@H](O)CC[C@@H]12		Rat	Subcutaneous		Serum	1
1656	MTB76	N-Sulfation | Sulfation	1 Step	MTB76-H	76	27485	Desipramine		CNCCCN1c2ccccc2CCc2ccccc21	CN(CCCN1c2ccccc2CCc2ccccc21)S(=O)(=O)O	Sulfotransferase (['SULT2A1']) | Amine N-Sulfotransferase	in vitro (Human Liver Cytosol) | in vitro (Rat Brain Homogenate) | in vitro (Mouse Liver Cytosol) | in vitro (Rat Liver Cytosol) | in vitro (Guinea Pig Liver Cytosol) | in vitro (Rabbit Liver Cytosol) | in vitro (Dog Liver Cytosol) | in vitro (Monkey Liver Cytosol) | in vitro (Rat Liver Supernatant)		N-Sulfate		4
1664	MTB76	N-Sulfation | Protein Binding	1 Step	MTB76-L	76	24598	Desipramine	Unspecified Metabolite	CNCCCN1c2ccccc2CCc2ccccc21			in vitro (Human Liver Cytosol) | in vitro (Human Platelets) | in vitro (Bovine Brain Synaptic Plasma Membrane) | in vitro (Human Platelet Membranes) | in vitro (Human Lymphocyte Membranes) | in vitro (Human Erythrocyte Membranes)		Sulfate		2
4268	MTB285	N-Sulfation	1 Step	MTB285-R	285	55882	Mefenamic acid		Cc1cccc(Nc2ccccc2C(=O)O)c1C	Cc1cccc(N(c2ccccc2C(=O)O)S(=O)(=O)O)c1C		Rat	Oral	N-Sulfate	Plasma	1
5878	MTB422	N-Sulfation	1 Step	MTB422-B	422	44927	Minoxidil		Nc1cc(N2CCCCC2)nc(N)[n+]1[O-]	Nc1cc(N2CCCCC2)nc(NS(=O)(=O)O)[n+]1[O-]	Sulfotransferase | Aryl Sulfotransferase (['SULT1A1']) | Aryl Sulfotransferase (['SULT1B1']) | Aryl Sulfotransferase (['SULT1C1']) | Aryl Sulfotransferase (['SULT1A3'])	in vitro (Human Liver Cytosol) | in vitro (COS-1 Cell Cytosol Expressing Rat SULT1A1) | in vitro (COS-1 Cell Cytosol Expressing Rat SULT1B1) | in vitro (COS-1 Cell Cytosol Expressing Rat SULT1C1) | in vitro (COS-1 Cell Cytosol Expressing Rat SULT1A3)		N-Sulfate		2
6834	MTB484	N-Sulfation	4 of 4 | 3 of 3 | 3 of 3 | 2 of 2	MTB484-C | MTB484-I | MTB484-M | MTB484-R	2832	27488	1-((5-Chloro-2-oxo-3(2H)-benzothiazolyl)acetyl)piperazine		O=C(Cn1c(=O)sc2ccc(Cl)cc21)N1CCNCC1	O=C(Cn1c(=O)sc2ccc(Cl)cc21)N1CCN(S(=O)(=O)O)CC1		Mouse (Female) | Mouse (Male) | Rat	Oral	N-Sulfate	Urine	1
63	MTB6	Demethylation | N-Dealkylation | N-Demethylation | Oxidative N-Dealkylation	1 of 3 | 1 of 3 | 1 of 4 | 1 of 3 | 1 of 3 | 1 of 2 | 1 of 3 | 1 of 3 | 1 of 2 | 1 of 2 | 1 of 3 | 1 of 2 | 1 of 2 | 1 of 3 | 1 of 3 | 1 of 3 | 1 of 3 | 1 of 3	MTB6-BG | MTB6-BH | MTB6-BI | MTB6-BJ | MTB6-BK | MTB6-BL | MTB6-BM | MTB6-BN | MTB6-BO | MTB6-BP | MTB6-BQ | MTB6-BR | MTB6-BS | MTB6-BT | MTB6-BU | MTB6-BV | MTB6-BW | MTB6-BX	6	132	Amitriptyline	Nortriptyline	CN(C)CCC=C1c2ccccc2CCc2ccccc21	CNCCC=C1c2ccccc2CCc2ccccc21	Cytochrome P450 | Cytochrome P450 (['CYP2C19', 'CYP2D6', 'CYP1A2', 'CYP3A4', 'CYP3A5']) | Cytochrome P450 (['CYP3A']) | Cytochrome P450 (['CYP2C19', 'CYP3A4']) | Cytochrome P450 (['CYP2D6']) | Cytochrome P450 (['CYP2C19', 'CYP3A4', 'CYP1A2']) | Cytochrome P450 (['CYP2C19']) | Cytochrome P450 (['CYP2C19', 'CYP2D6']) | Cytochrome P450 (['CYP1A2', 'CYP2C19', 'CYP3A4']) | Cytochrome P450 (['CYP2D6', 'CYP2C19']) | Cytochrome P450 (['CYP2C19', 'CYP1A2', 'CYP3A4', 'CYP2D6', 'CYP2B6', 'CYP2C8', 'CYP2C9']) | Cytochrome P450 (['CYP1A2']) | Cytochrome P450 (['CYP2B6']) | Cytochrome P450 (['CYP2C8']) | Cytochrome P450 (['CYP2C9']) | Cytochrome P450 (['CYP3A4']) | Cytochrome P450 (['CYP2A6', 'CYP2E1']) | Cytochrome P450 (['CYP1A2', 'CYP2B6', 'CYP2C8', 'CYP2C9', 'CYP2C19', 'CYP2D6', 'CYP3A4']) | Cytochrome P450 (['CYP2C19', 'CYP3A']) | Cytochrome P450 (['CYP1A2', 'CYP2C9', 'CYP2C19', 'CYP3A4']) | Cytochrome P450 (['CYP1A2', 'CYP2C9', 'CYP2C19', 'CYP2D6', 'CYP3A4']) | Cytochrome P450 (['CYP3A4', 'CYP2D6', 'CYP2C9']) | Cytochrome P450 (['CYP3A4', 'CYP2C9']) | Cytochrome P450 (['CYP3A2', 'CYP2C11']) | Cytochrome P450 (['CYP3A4', 'CYP2C9', 'CYP2D6']) | Cytochrome P450 (['CYP3A3', 'CYP3A4', 'CYP2C9']) | Cytochrome P450 (['CYP3A', 'CYP2C19']) | Cytochrome P450 (['CYP3A1']) | N-Demethylase	Human | Human (Child, Overdosed) | in vitro (Mouse Liver Microsomes) | in vitro (Rat Liver Microsomes) | in vitro (Dog Liver Microsomes) | in vitro (Human Liver Microsomes) | Dog | in vitro (Human Hepatocytes, Cryopreserved) | Rat | Human (Children) | in vitro (Rat Liver S9 Fraction) | in vitro (Rat Intestine S9 Fraction) | in vitro (Human Liver S9 Fraction) | in vitro (Human Intestine S9 Fraction) | in vitro (Rat Liver Supernatant) | in vitro (Rat Small Intestine Supernatant) | in vitro (Rat Stomach Supernatant) | Human (Overdosed) | Human (Psychiatric Patients) | Human (Depression Patients) | Human (Chinese) | in vitro (Lymphoblast Cells Expressing Human CYP1A2) | in vitro (Lymphoblast Cells Expressing Human CYP2B6) | in vitro (Lymphoblast Cells Expressing Human CYP2C8) | in vitro (Lymphoblast Cells Expressing Human CYP2C9) | in vitro (Lymphoblast Cells Expressing Human CYP2C19) | in vitro (Lymphoblast Cells Expressing Human CYP2D6) | in vitro (Lymphoblast Cells Expressing Human CYP3A4) | in vitro (Lymphoblast Cells Expressing Human CYP Isoenzymes) | in vitro (Human Lymphoblast Cell Microsomes Expressing Human CYP1A2) | in vitro (Human Lymphoblast Cell Microsomes Expressing Human CYP2B6) | in vitro (Human Lymphoblast Cell Microsomes Expressing Human CYP2C8) | in vitro (Human Lymphoblast Cell Microsomes Expressing Human CYP2C9) | in vitro (Human Lymphoblast Cell Microsomes Expressing Human CYP2C19) | in vitro (Human Lymphoblast Cell Microsomes Expressing Human CYP2D6) | in vitro (Human Lymphoblast Cell Microsomes Expressing Human CYP3A4) | in vitro (Human Lymphoblast Cell Microsomes Expressing Human CYP Isoenzym+ | Rat (Overdosed) | in vitro (Human Brain Microsomes) | in vitro (Rat Brain Microsomes) | in vitro (Rat Brain Mitochondria) | in vitro (Human B-Lymphoblastoid Cells, Transfected) | in vitro (Human Lymphoblast Cell Microsomes Expressing CYP Isoenzyme) | in vitro (Human AHH-1 TK+/- Cells Expressing Human CYP2D6) | Rat (Diabetic) | in vitro (Human Lymphoblastoma Cell Microsomes Expressing P450) | in vitro (Rat Liver Homogenate) | in vitro | Rabbit | Mouse	Oral | Intraperitoneal | Intravenous | Intraportal | Intragastric | Intraduodenal | Intramuscular | Transdermal | Intravenous; Oral	Unspecified	Blood, Femoral Vein, Postmortem | Blood | Plasma | Urine | Hair | Bone | Serum | Liver | Cerebrospinal Fluid | Feces + Gastrointestinal Tract | Brain | Stomach Contents | Bile | Heart | Kidney | Lung | Muscle | Spleen | Vitreous Humor | Testes | Brain; Serum | Brain; Plasma | Feces; Urine	125
3153	MTB211	Demethylation	1 Step	MTB211-BX	211	18579	Methyltestosterone		C[C@]12CCC(=O)C=C1CC[C@@H]1[C@@H]2CC[C@@]2(C)[C@H]1CC[C@]2(C)O	C[C@]12CCC(=O)C=C1CC[C@@H]1[C@@H]2CC[C@]2(C)C(O)CC[C@@H]12		Rabbit | Rat			Feces	1
3209	MTB212	Demethylation | Hydrogenation | Oxidation | Reduction	3 of 4 | 2 of 3	MTB212-V | MTB212-AD	18585	2077		Androsterone	CC1=CC(=O)C[C@@H]2CC[C@H]3[C@@H]4CC[C@@H](O)[C@@]4(C)CC[C@@H]3[C@@]12C	C[C@]12CC[C@@H](O)C[C@@H]1CC[C@@H]1[C@@H]2CC[C@]2(C)C(=O)CC[C@@H]12		Human	Oral	Glucuronide	Feces; Urine | Urine	2
4536	MTB321	Dealkylation | Demethylation | N-Dealkylation | N-Demethylation | Oxidative N-Dealkylation	1 of 3 | 1 of 4 | 1 of 3 | 1 of 2 | 1 of 2 | 1 of 2 | 1 of 3 | 1 of 2	MTB321-V | MTB321-W | MTB321-X | MTB321-Y | MTB321-Z | MTB321-AA | MTB321-AB | MTB321-AC	321	2057	Diazepam	Nordazepam	CN1C(=O)CN=C(c2ccccc2)c2cc(Cl)ccc21	O=C1CN=C(c2ccccc2)c2cc(Cl)ccc2N1	Cytochrome P450 (['CYP3A4', 'CYP2C19']) | Cytochrome P450 | Cytochrome P450 (['CYP2C11', 'CYP2D4']) | Cytochrome P450 (['CYP3A89', 'CYP3A94', 'CYP3A96', 'CYP3A97']) | Cytochrome P450 (['CYP2C19']) | Cytochrome P450 (['CYP2B11']) | Cytochrome P450 (['CYP3A4', 'CYP3A5', 'CYP2C19']) | Cytochrome P450 (['CYP2B6', 'CYP3A4', 'CYP3A5']) | Cytochrome P450 (['CYP3A4']) | Cytochrome P450 (['CYP3A2', 'CYP3A1']) | Cytochrome P450 (['CYP3A1']) | Cytochrome P450 (['CYP3A']) | Cytochrome P450 (['CYP3A2', 'CYP2C11', 'CYP2D4']) | Cytochrome P450 (['CYP2C', 'CYP2D', 'CYP3A', 'CYP2B']) | Cytochrome P450 (['CYP2C11']) | Cytochrome P450 (['CYP2C11', 'CYP3A2']) | Cytochrome P450 (['CYP2C']) | Cytochrome P450 (['CYP2C9', 'CYP2C19', 'CYP3A4']) | Cytochrome P450 (['CYP3A4', 'CYP2C8', 'CYP2C9', 'CYP2C19']) | Cytochrome P450 (['CYP2B6']) | Cytochrome P450 (['CYP2C8']) | Cytochrome P450 (['CYP2C9']) | Cytochrome P450 (['CYP2C19', 'CYP3A4']) | Cytochrome P450 (['CYP3A', 'CYP2C', 'CYP2B6']) | Cytochrome P450 (['CYP2C18']) | Cytochrome P450 (['CYP3A5']) | Cytochrome P450 (['CYP2E1']) | Cytochrome P450 (['CYP3A4', 'CYP3A5', 'CYP2C8', 'CYP2C9', 'CYP2C19']) | Cytochrome P450 (['CYP2B6', 'CYP2C']) | Cytochrome P450 (['CYP1A2']) | Cytochrome P450 (['CYP2B', 'CYP3A']) | Cytochrome P450 (['CYP2B', 'CYP2C']) | Cytochrome P450 (['CYP2C19', 'CYP3A3', 'CYP3A4']) | Cytochrome P450 (['CYP2C19', 'CYP3A']) | Cytochrome P450 (['CYP2C', 'CYP3A']) | Cytochrome P450 (['CYP2C19', 'CYP2B6', 'CYP2C9', 'CYP3A4', 'CYP3A5']) | Cytochrome P450 (['CYP3A4', 'CYP3A5']) | Cytochrome P450 (['CYP3A', 'CYP3C']) | S-Mephenytoin 4-Hydroxylase | Cytochrome P450 (['CYP3A', 'CYP2C10'])	Human | in vitro (Horse Liver Microsomes) | in vitro (Rat Liver Microsomes) | in vitro (Monkey Kidney Cells, COS-7, Transfected) | in vitro (Human Liver Microsomes) | in vitro (Human Hepatocytes) | Human (Female, Pregnant) | in vitro (Mouse Liver Microsomes) | Dog | in vitro (Human Hepatocytes and Serum) | in vitro (Dog Intestine Microsomes) | in vitro (Dog Liver Microsomes) | in vitro (Pig Hepatocytes) | Rat | Rabbit | in vitro (Human Liver Supernatant) | in vitro (Hep G2 Cells Expressing Human CYP3A4) | in vitro (Hep G2 Cells Expressing Human CYP2C19) | in vitro (Hep G2 Cells Coexpressing Human CYP3A4 and CYP2C19) | in vitro (Rat Liver Microsomes, Male) | in vitro (Rat Liver Microsomes, Female) | Human (Overdosed) | in vitro (Human Hepatoblastoma Hep G2 Cells, Transfected) | Human (Drug Abuser) | in vitro (Human Intestine Microsomes) | Human (Brain Disease Patients) | in vitro (Rat Hepatocytes) | in vitro (Rat Hepatocytes, Suspension) | in vitro (Rat Hepatocytes, Monolayer) | in vitro (Rat Hepatocytes, Freshly Isolated) | in vitro (Rat Hepatocytes, Cryopreserved) | in vitro (Human Hepatocytes, Cryopreserved) | in vitro (Dog Hepatocytes, Cryopreserved) | in vitro (Minipig Hepatocytes, Cryopreserved) | in vitro (Rat Liver Microsomes, Sprague-Dawley) | in vitro (Rat Liver Microsomes, Brown Norway) | in vitro (Rat Liver Microsomes, Dark Agouti) | in vitro (Rat Liver Microsomes, Wistar) | in vitro (Human Lymphoblast Cells, Transfected) | in vitro (Rat Testis Microsomes) | in vitro (Human Liver) | in vitro (Human Liver Carcinoma) | Human (Psychiatric Patients) | in vitro (Human B-Lymphoblastoid Cell Microsomes, Transfected) | in vitro (Pig Small Intestine Enterocytes) | Tree Shrew (Stressed) | Tree Shrew (Non-Stressed) | in vitro (Hep G2 Cells Expressing Human CYP2B6) | in vitro (Hep G2 Cells Expressing Human CYP2C8) | in vitro (Hep G2 Cells Expressing Human CYP2C9) | in vitro (Hep G2 Cells Expressing Human CYP2C18) | in vitro (Hep G2 Cells Expressing Human CYP3A5) | in vitro (Hep G2 Cells Expressing Human CYP2E1) | in vitro (Hep G2 Cells Expressing Human CYP1A1) | in vitro (Hep G2 Cells Expressing Human CYP1A2) | in vitro (Hep G2 Cells Expressing Human CYP2A6) | in vitro (Hep G2 Cells Expressing Human CYP2D6) | in vitro (Human beta-Lymphoblastoid Cells Expressing Human CYP3A4) | Horse | in vitro (Cynomolgus Monkey Hepatocytes, Cryopreserved) | in vitro (Hep G2 Cell Microsomes Expressing Human CYP1A2) | in vitro (Hep G2 Cell Microsomes Expressing Human CYP2B6) | in vitro (Hep G2 Cell Microsomes Expressing Human CYP2C) | in vitro (Hep G2 Cell Microsomes Expressing Human CYP2E1) | in vitro (Hep G2 Cell Microsomes Expressing Human CYP3A) | in vitro (Human B-Lymphoblastoid Cell Microsomes Expressing Human CYP3A4) | Human (Newborn) | Human (Children) | in vitro (Human Liver Microsomes, Children) | in vitro (Rat Liver) | in vitro (Rat Liver Slices) | in vitro (Human Hepatoma Cells Expressing CYP2C19) | in vitro (Human Hepatoma Cells Expressing CYP2B6) | in vitro (Human Hepatoma Cells Expressing CYP2C9) | in vitro (Human Hepatoma Cells Expressing CYP3A4) | in vitro (Human Hepatoma Cells Expressing CYP3A5) | in vitro (Monkey Liver Microsomes) | in vitro (Pig Liver Microsomes) | in vitro (Bovine Liver Microsomes) | in vitro (Cat Liver Microsomes) | in vitro (Rabbit Hepatocytes) | Human (Male) | in vitro (Mouse Liver Perfusion) | in vitro (Human Liver Microsomes, Extensive Metabolizer) | in vitro (Human Liver Microsomes, Poor Metabolizer) | in vitro (Beauveria Fungus Cells) | in vitro (Rat Liver Cytosol) | in vitro (Human Liver Cytosol) | in vitro (Human Liver Homogenate) | in vitro (Dog Hepatocytes) | in vitro (Guinea Pig Hepatocytes) | in vitro (Rat Liver Homogenate) | in vitro (Rat Liver Homogenate, Diabetic) | Rat (Diabetic) | Mouse	Oral | Intravenous | Rectal | Smoking | Intranasal | Intraperitoneal + Oral | Intramuscular | Intraperitoneal | Infusion	Unspecified	Blood | Urine | Stomach Contents | Hair | Tooth | Gastric Contents | Brain | Plasma | Oral Fluid | Umbilical Cord | Saliva | Meconium, Neonatal | Liver | Lung | Bone Marrow | Bile | Muscle | Adipose | Kidney | Vitreous Humor | Urine, Postmortem | Vitreous Humor, Postmortem | Cerebrospinal Fluid | Erythrocytes | Serum | Hair, Head | Serum, Neonatal | Sweat | Stomach | Plasma; Urine | Skin | Heart | Small Intestine | Bile; Feces; Urine | Bile; Urine	241
12651	MTB780	Demethylation | N-Dealkylation | N-Demethylation | Oxidative N-Dealkylation	1 of 2 | 1 of 3 | 1 of 3 | 1 of 3 | 1 of 3 | 1 of 2	MTB780-A | MTB780-B | MTB780-C | MTB780-D | MTB780-E | MTB780-F	780	992	Caffeine	Theobromine	Cn1c(=O)c2c(ncn2C)n(C)c1=O	Cn1cnc2c1c(=O)[nH]c(=O)n2C	Cytochrome P450 (['CYP1A', 'CYP2C', 'CYP3A']) | Cytochrome P450 | Cytochrome P450 (['CYP2E1', 'CYP1A2']) | Cytochrome P450 (['CYP1A2', 'CYP2E1']) | Cytochrome P450 (['CYP1A2']) | Cytochrome P450 (['CYP1A']) | Cytochrome P450 (['CYP1A2', 'CYP2C11']) | Cytochrome P450 (['CYP1A2', 'CYP2C']) | Cytochrome P450 (['CYP2B', 'CYP2E1']) | Cytochrome P450 (['CYP1A1']) | Cytochrome P450 (['CYP1A1', 'CYP1A2']) | Flavin-Containing Monooxygenase | Flavoprotein-Linked Monooxygenase (['FMO3']) | Flavoprotein-Linked Monooxygenase | Cytochrome P450 (['CYP1A1', 'CYP1A2', 'CYP2E1', 'CYP2D6-Met'])	in vitro (Rat Liver Microsomes) | in vitro (Monkey Liver Microsomes) | in vitro (Human Liver Microsomes) | Rat | Human | Fish (Tilapia) | Goat | in vitro (Rat Liver Microsomes, Female, Pregnant) | Human (Asthma Patients) | in vitro (Dog Liver Microsomes) | Horse | in vitro (Human Liver Microsomes, CYP1A2 1117 T/T Genotype) | in vitro (Rat Liver S9 Fraction) | in vitro (Human Liver S9 Fraction) | Bird (Shelduck) | Bird (Gull) | Human (Heroin Abuser) | in vitro (Mouse Liver Microsomes) | Human (Neonatal) | Human (Infant) | in vitro (Rat Kidney Tubule Cells) | in vitro (Rat Kidney Microsomes) | Human (Biliary Cirrhosis Patients) | Human (Cirrhosis Patients) | in vitro (Rat Proximal Small Intestine Microsomes) | in vitro (Rat Distal Small Intestine Microsomes) | Human (Female, Postmenopausal) | Human (Children) | in vitro (Rat Hepatocytes) | Human (Poor Metabolizer) | Human (Extensive Metabolizer) | Mouse | Mouse (Cyp1a2 Knockout) | Hamster | in vitro (Pig Hepatocytes and Nonparenchymal Cells) | in vitro (Human B-Lymphoblastoid Cell Microsomes) | in vitro (Goat Liver Microsomes) | in vitro (Human beta-Lymphoblast Cells) | Sheep | Cattle | Human (Sleep Deprived) | Human (Liver Disease Patients) | in vitro (Rat Liver Slices) | in vitro (Human Liver Microsomes, Fetal) | in vitro (Human Liver Microsomes, Neonatal) | in vitro (Human Liver Microsomes, Infant) | in vitro (Human Hepatocytes) | Rat (Female, Pregnant) | Rat (Malaria Infected) | Rat (Endotoxin Treated) | in vitro (Rat Cytochrome P4501A2) | in vitro (Human Cytochrome P450) | in vitro (Mouse Cytochrome P450IA2) | in vitro (Rat Cytochrome P4501A1) | Rabbit | in vitro (Rabbit Liver Microsomes) | Rat (Hypophysectomized) | in vitro (Human Liver Slices) | Monkey | Dog	Oral | Intraperitoneal | Intravenous | Inhalation | Intramuscular		Urine | Serum | Blood | Sweat, Hand | Plasma | Gill | Liver | Saliva | Cerebrospinal Fluid | Skeletal Muscle | Urine (Acidic) | Gastric Contents | Sweat | Milk | Bile | Placenta | Amniotic Fluid | Kidney | Milk; Serum | Feces | Feces; Lung; Urine	150
1608	MTB75	Amidation | Taurination | Transacylation	2 of 2 | 3 of 3	MTB75-CG | MTB75-DD	11067	78845	Valproyl coenzyme A		CCCC(CCC)C(=O)SCCNC(=O)CCNC(=O)[C@H](O)C(C)(C)COP(=O)(O)OP(=O)(O)OC[C@H]1O[C@@H](n2cnc3c(N)ncnc32)[C@H](O)[C@@H]1OP(=O)(O)O	CCCC(CCC)C(=O)NCCS(=O)(=O)O		in vitro (HepaRG Cells)		Taurine		1
1609	MTB75	Amidation | Dephosphorylation | Taurination | Transacylation	2 of 2	MTB75-DE	24617	78845			CCCC(CCC)C(=O)OP(=O)(O)OC[C@H]1O[C@@H](n2cnc3c(N)ncnc32)[C@H](O)[C@@H]1O	CCCC(CCC)C(=O)NCCS(=O)(=O)O		in vitro (HepaRG Cells)		Taurine		1
4216	MTB283	Taurination	1 Step	MTB283-F	283	70829	Fenclozic acid		O=C(O)Cc1csc(-c2ccc(Cl)cc2)n1	O=C(Cc1csc(-c2ccc(Cl)cc2)n1)NCCS(=O)(=O)O		Mouse (Hepatic Reductase-Null) | in vitro (Rat Hepatocytes) | in vitro (Dog Hepatocytes)	Oral	Taurine	Urine | Feces	2
4242	MTB285	Taurination	2 of 2 | 3 of 3	MTB285-B | MTB285-D	53808	72966			Cc1cccc(Nc2ccccc2C(=O)SCCNC(=O)CCNC(=O)[C@H](O)C(C)(C)COP(=O)(O)OP(=O)(O)OC[C@H]2O[C@@H](n3cnc4c(N)ncnc43)[C@H](O)[C@@H]2OP(=O)(O)O)c1C	Cc1cccc(Nc2ccccc2C(=O)NCCS(=O)(=O)O)c1C	N-Acyltransferase	in vitro (Rat Hepatocytes)		Taurine		1
4243	MTB285	Taurination	2 of 2	MTB285-F	69423	72966			Cc1cccc(Nc2ccccc2C(=O)OP(=O)(O)OC[C@H]2O[C@@H](n3cnc4c(N)ncnc43)[C@H](O)[C@@H]2O)c1C	Cc1cccc(Nc2ccccc2C(=O)NCCS(=O)(=O)O)c1C		in vitro (Rat Hepatocytes)		Taurine		1
8201	MTB563	C-Amination | Dearomatization | Glycosidation | N-Glycosidation | Phosphorylation | Rearrangement | S-Dealkylation	1 of 2 | 1 of 3	MTB563-O | MTB563-P	563	14898	(Azathioprine=1H-Tautomer)	6-Thioguanosine monophosphate	Cn1cnc([N+](=O)[O-])c1Sc1ncnc2[nH]cnc12	Nc1nc2c(ncn2[C@@H]2O[C@H](COP(=O)(O)O)[C@@H](O)[C@H]2O)c(=S)[nH]1		Human (Inflammatory Bowel Disease Patients) | Human			Red Blood Cells | Blood	2
8202	MTB563	Glycosidation | N-Glycosidation	2 of 5 | 2 of 6 | 2 of 4 | 2 of 5 | 2 of 5 | 2 of 4 | 2 of 3	MTB563-V | MTB563-W | MTB563-X | MTB563-Y | MTB563-Z | MTB563-AA | MTB563-AB	749	10396	Mercaptopurine	Thioinosine-5'-monophosphate	S=c1[nH]cnc2[nH]cnc12	O=P(O)(O)OC[C@H]1O[C@@H](n2cnc3c(=S)[nH]cnc32)[C@H](O)[C@@H]1O	Hypoxanthine-Guanine Phosphoribosyltransferase | Hypoxanthine Phosphoribosyltransferase	Human (Inflammatory Bowel Disease Patients) | Human | Human (Renal Transplant Patients)	Oral		Red Blood Cells | Plasma	5
8203	MTB563	Dearomatization | Glycosidation | N-Glycosidation | S-Dealkylation | S-Dearylation | Tautomerization	1 of 4 | 1 of 5 | 1 of 3 | 1 of 4 | 1 of 4 | 1 of 3 | 1 of 2	MTB563-BA | MTB563-BB | MTB563-BC | MTB563-BD | MTB563-BE | MTB563-BF | MTB563-BG	563	10396	(Azathioprine=1H-Tautomer)	Thioinosine-5'-monophosphate	Cn1cnc([N+](=O)[O-])c1Sc1ncnc2[nH]cnc12	O=P(O)(O)OC[C@H]1O[C@@H](n2cnc3c(=S)[nH]cnc32)[C@H](O)[C@@H]1O	Hypoxanthine-Guanine Phosphoribosyltransferase | Xanthine Oxidase | Hypoxanthine Phosphoribosyltransferase	Human | Human (Children) | Human (Systemic Lupus Erythematosus Patients)	Oral	Riboside	Blood | Red Blood Cells | Erythrocytes	5
8207	MTB563	Amination | C-Amination | Glycosidation | N-Glycosidation | Phosphorylation	2 of 3 | 2 of 4	MTB563-AE | MTB563-AF	749	14898	Mercaptopurine	6-Thioguanosine monophosphate	S=c1[nH]cnc2[nH]cnc12	Nc1nc2c(ncn2[C@@H]2O[C@H](COP(=O)(O)O)[C@@H](O)[C@H]2O)c(=S)[nH]1	Hypoxanthine Phosphoribosyltransferase | Inosine Monophosphate Dehydrogenase | Guanosine Monophosphate Synthetase | Hypoxanthine-Guanine Phosphoribosyltransferase	Human | Human (Children, Inflammatory Bowel Disease Patients) | Human (Inflammatory Bowel Disease Patients) | Human (Children, Crohn's Disease Patients) | Human (Female, Lactating) | Human (Infant) | Human (Children, Renal Transplant Patients)	Oral | Oral (Maternal Milk) | Intravenous | Intravenous + Oral	O-Phosphate | Glycoside	Peripheral Blood Mononuclear Cells | Red Blood Cells | Plasma | Blood | Erythrocytes	14
8217	MTB563	Glycosidation | N-Glycosidation	2 of 4 | 3 of 5	MTB563-H | MTB563-AS	1301	22091	Thioguanine		Nc1nc2[nH]cnc2c(=S)[nH]1	Nc1nc2c(ncn2[C@H]2C[C@H](O)[C@@H](COP(=O)(O)O)O2)c(=S)[nH]1		Human	Oral	Phosphate	Red Blood Cells | Neutrophils | Reticulocytes	2
17797	MTB1094	Demethoxylation	1 of 3	MTB1094-G	1094	71132	Griseofulvin		COC1=CC(=O)C[C@@H](C)[C@]12Oc1c(Cl)c(OC)cc(OC)c1C2=O	COC1=CC(=O)C[C@@H](C)[C@]12Oc1c(Cl)ccc(OC)c1C2=O		Cattle	Oral		Hair	1
17800	MTB1094	Demethoxylation	2 of 3	MTB1094-AB	21477	71144			COC1=CC(=O)C[C@@H](C)[C@]12Oc1c(Cl)c(OC)cc(O)c1C2=O	COC1=CC(=O)C[C@@H](C)[C@]12Oc1c(Cl)ccc(O)c1C2=O		Cattle	Oral		Liver | Urine	1
17814	MTB1094	Demethoxylation	2 of 3 | 2 of 3	MTB1094-L | MTB1094-M	21478	71137			COC1=CC(=O)C[C@@H](C)[C@]12Oc1c(Cl)c(O)cc(OC)c1C2=O	COC1=CC(=O)C[C@@H](C)[C@]12Oc1c(ccc(O)c1Cl)C2=O		Cattle	Oral		Kidney | Urine | Blood | Fat + Skin	1
41863	MTB2897	Dehydration | Demethoxylation | Hydrolysis | O-Dealkylation | O-Demethylation | Reduction | Ring Opening	1 of 2 | 1 of 2 | 1 of 3 | 1 of 2 | 1 of 2 | 1 of 2 | 1 of 2 | 1 of 2 | 1 of 2	MTB2897-S | MTB2897-T | MTB2897-U | MTB2897-V | MTB2897-W | MTB2897-X | MTB2897-Y | MTB2897-Z | MTB2897-AA	2897	26273	Mitomycin C	(R)-2,7-Diaminomitosene	CO[C@@]12[C@H](COC(N)=O)C3=C(C(=O)C(C)=C(N)C3=O)N1C[C@@H]1N[C@@H]12	CC1=C(N)C(=O)c2c(COC(N)=O)c3n(c2C1=O)C[C@H](N)C3		in vitro (Human Breast Cancer Cells, MCF-7) | in vitro (Mouse Mammary Tumor Cells, EMT6) | in vitro (Human Fibroblasts) | in vitro (Mouse Mammary Carcinoma Cells, EMT6) | in vitro (Human Tumor Homogenate) | in vitro (Mouse Colon Adenocarcinoma Mitochondria) | in vitro (Mouse Colon Adenocarcinoma Cytosol) | in vitro (Mouse Colon Adenocarcinoma Microsomes) | in vitro (Mouse Colon Adenocarcinoma Homogenate) | Rat (Tumor Bearing) | Mouse	Intratumoral		Tumor	7
41882	MTB2897	DNA Binding | Demethoxylation | Ring Opening	1 Step	MTB2897-M	2897	60146	Mitomycin C		CO[C@@]12[C@H](COC(N)=O)C3=C(C(=O)C(C)=C(N)C3=O)N1C[C@@H]1N[C@@H]12	*OC[C@H]1O[C@@H](n2cnc3c(=O)[nH]c(N[C@H]4c5c(COC(N)=O)c6c(n5C[C@@H]4N)C(=O)C(C)=C(N)C6=O)nc32)C[C@@H]1O*		in vitro (Human Breast Cancer Cells, MCF-7) | in vitro (Mouse Mammary Tumor Cells, EMT6) | in vitro (Human Fibroblasts)				1
1546	MTB75	Conjugation | Esterification | Thiolation	1 of 2 | 1 of 6 | 1 of 6 | 1 of 4 | 1 of 2 | 1 of 2	MTB75-CB | MTB75-CC | MTB75-CD | MTB75-CE | MTB75-CF | MTB75-CG	75	11067	Valproic acid	Valproyl coenzyme A	CCCC(CCC)C(=O)O	CCCC(CCC)C(=O)SCCNC(=O)CCNC(=O)[C@H](O)C(C)(C)COP(=O)(O)OP(=O)(O)OC[C@H]1O[C@@H](n2cnc3c(N)ncnc32)[C@H](O)[C@@H]1OP(=O)(O)O	Medium-Chain Acyl-CoA Synthetase	in vitro (Rat Liver Mitochondria) | in vitro (Rat Liver Homogenate) | in vitro (Rat Kidney Homogenate) | in vitro (Rat Heart Homogenate) | in vitro (Rat Brain Homogenate) | Rat | in vitro (Rat Hepatocytes)	Intraperitoneal	Coenzyme A	Liver	6
5043	MTB363	Thiolation	2 of 5	MTB363-C	4112	8008	(R)-(-)-Fenoprofen	(R)-Fenoprofen-CoA-thioester	C[C@@H](C(=O)O)c1cccc(Oc2ccccc2)c1	C[C@@H](C(=O)SCCNC(=O)CCNC(=O)[C@H](O)C(C)(C)COP(=O)(O)OP(=O)(O)OC[C@H]1O[C@@H](n2cnc3c(N)ncnc32)[C@H](O)[C@@H]1OP(=O)(O)O)c1cccc(Oc2ccccc2)c1		Rat (Diabetic) | Rat	Intravenous		Plasma	1
7912	MTB552	Aromatization | Thiolation	3 of 5 | 3 of 5 | 3 of 6 | 3 of 5 | 2 of 4 | 2 of 4 | 2 of 5 | 2 of 4	MTB552-FW | MTB552-FX | MTB552-FY | MTB552-FZ | MTB552-OL | MTB552-OM | MTB552-ON | MTB552-OO	12807	22943	N-Acetyl-p-benzoquinonimine		CC(=O)N=C1C=CC(=O)C=C1	CC(=O)Nc1ccc(O)c(S)c1		Human	Oral		Urine	1
9282	MTB666	Dehalogenation | Thiolation	2 of 2	MTB666-CC	22086	23511		Thiodiglycolic acid	O=C(O)CCl	O=C(O)CSCC(=O)O		Human	Intravenous		Urine	1
9534	MTB686	Thiolation	3 of 5 | 3 of 5 | 2 of 4 | 2 of 4 | 4 of 6 | 4 of 6 | 5 of 7 | 5 of 7 | 4 of 6 | 4 of 6 | 3 of 5 | 3 of 5	MTB686-C | MTB686-D | MTB686-O | MTB686-P | MTB686-BI | MTB686-BJ | MTB686-CM | MTB686-CN | MTB686-DE | MTB686-DF | MTB686-EH | MTB686-EI	2095	33413	3-Bromophenol		Oc1cccc(Br)c1	Oc1cc(Br)ccc1S		Hamster	Intraperitoneal		Urine	1
233	MTB9	N-Dearylation	4 of 4 | 4 of 4 | 4 of 4	MTB9-B | MTB9-K | MTB9-M	65305	65307			Oc1ccc(N2CCN(CCCC(O)c3ccc(F)cc3)CC2O)nc1	OC1CN(CCCC(O)c2ccc(F)cc2)CCN1		Horse | in vitro (Horse Liver Microsomes) | in vitro (Horse Liver S9 Fraction)	Oral		Urine	1
234	MTB9	N-Dearylation	2 of 3	MTB9-F	17917	21255			OC(CCCN1CCN(c2ccccn2)CC1)c1ccc(F)cc1	OC(CCCN1CCNCC1)c1ccc(F)cc1		Horse | in vitro (Horse Liver Microsomes) | in vitro (Horse Liver S9 Fraction)	Oral | Intramuscular		Urine	2
235	MTB9	N-Dealkylation | N-Dearylation	1 of 2 | 1 of 2 | 1 of 3	MTB9-H | MTB9-I | MTB9-J	9	17914	Azaperone		O=C(CCCN1CCN(c2ccccn2)CC1)c1ccc(F)cc1	O=C(CCCN1CCNCC1)c1ccc(F)cc1		Horse | in vitro (Horse Liver Microsomes) | in vitro (Horse Liver S9 Fraction) | Human | Rat	Oral | Intramuscular | Subcutaneous		Urine | Feces; Urine	4
252	MTB9	N-Dearylation	3 of 3	MTB9-P	65301	65306			O=C(CCCN1CCN(c2ccc(O)cn2)C(O)C1)c1ccc(F)cc1	O=C(CCCN1CCNC(O)C1)c1ccc(F)cc1		Horse | in vitro (Horse Liver Microsomes) | in vitro (Horse Liver S9 Fraction)	Oral		Urine	1
2493	MTB170	N-Dearylation	1 Step	MTB170-H	170	184	Sulfadiazine	Sulfanilamide	Nc1ccc(S(=O)(=O)Nc2ncccn2)cc1	Nc1ccc(S(N)(=O)=O)cc1		Human			Urine	2
9476	MTB681	Deglutathionation	2 of 4	MTB681-D	36379	682		Dichloronitromethane	N[C@@H](CCC(=O)N[C@@H](CSC(Cl)(Cl)[N+](=O)[O-])C(=O)NCC(=O)O)C(=O)O	O=[N+]([O-])C(Cl)Cl		in vitro (Mouse Liver Microsomes) | in vitro (Mouse Liver Cytosol) | Mouse	Intraperitoneal | Oral		Blood | Liver	1
9478	MTB681	Deglutathionation	3 of 3 | 4 of 4	MTB681-C | MTB681-D	36380	685		Chloronitromethane	N[C@@H](CCC(=O)N[C@@H](CSC(Cl)[N+](=O)[O-])C(=O)NCC(=O)O)C(=O)O	O=[N+]([O-])CCl		in vitro (Mouse Liver Microsomes) | in vitro (Mouse Liver Cytosol) | Mouse	Oral | Intraperitoneal		Liver	1
17084	MTB1005	Deglutathionation | N-Acetylcysteination	3 of 3	MTB1005-B	26154	26155			N[C@@H](CCC(=O)N[C@@H](CSC(=O)NC1CCCCC1)C(=O)NCC(=O)O)C(=O)O	CC(=O)N[C@@H](CSC(=O)NC1CCCCC1)C(=O)O		Rat | Human	Intraperitoneal | Oral	N-Acetylcysteine	Urine	1
17090	MTB1005	Deglutathionation | N-Acetylcysteination	3 of 3	MTB1005-E	26158	26159			N[C@@H](CCC(=O)N[C@@H](CSC(=O)NC1CCCC(O)C1)C(=O)NCC(=O)O)C(=O)O	CC(=O)N[C@@H](CSC(=O)NC1CCCC(O)C1)C(=O)O		Rat | Human	Intraperitoneal | Oral	N-Acetylcysteine	Urine	1
17095	MTB1005	Deglutathionation | N-Acetylcysteination	3 of 3	MTB1005-G	26156	26157			N[C@@H](CCC(=O)N[C@@H](CSC(=O)NC1CCC(O)CC1)C(=O)NCC(=O)O)C(=O)O	CC(=O)N[C@@H](CSC(=O)NC1CCC(O)CC1)C(=O)O		Rat | Human	Intraperitoneal | Oral	N-Acetylcysteine	Urine	1
2280	MTB146	Deoxygenation	2 of 2	MTB146-A	39431	1357		Ethylbenzene	OOCCc1ccccc1	CCc1ccccc1		in vitro (Rat Liver Microsomes)				1
6482	MTB451	Condensation | Deoxygenation	1 Step	MTB451-A	451	38779	1-Hydrazinophthalazine		N/N=c1/[nH]ncc2ccccc12	O=C(O)CC/C(=N\N=c1\[nH]ncc2ccccc12)C(=O)O		Rat	Intraperitoneal | Oral		Urine	1
6490	MTB451	Condensation | Deoxygenation	1 of 5 | 1 of 3	MTB451-M | MTB451-N	451	38776	1-Hydrazinophthalazine		N/N=c1/[nH]ncc2ccccc12	C/C(=N\N=c1\[nH]ncc2ccccc12)C(=O)O		Rat	Intraperitoneal | Oral		Urine	1
8909	MTB631	C-Deglycosidation | Deglycosidation | Dehydroxylation | Deoxygenation | O-Dealkylation | O-Deglycosidation | Reduction	1 of 2 | 1 of 2 | 1 of 3 | 1 of 3 | 1 of 3 | 1 of 3	MTB631-A | MTB631-B | MTB631-C | MTB631-D | MTB631-E | MTB631-F	631	5870	Doxorubicin	7-Deoxyadriamycinone	COc1cccc2c1C(=O)c1c(O)c3c(c(O)c1C2=O)C[C@@](O)(C(=O)CO)C[C@@H]3O[C@H]1C[C@H](N)[C@H](O)[C@H](C)O1	COc1cccc2c1C(=O)c1c(O)c3c(c(O)c1C2=O)C[C@@](O)(C(=O)CO)CC3	NADPH-Cytochrome P450 Reductase | NAD(P)H:Quinone Oxidoreductase | Cytochrome P450 | NADPH-Cytochrome C Reductase | Cytochrome P450 Reductase	in vitro (Human Breast Carcinoma Cells, MCF-7) | Mouse | in vitro (Rat Liver Post-Mitochondrial Fraction) | in vitro (Human Myocardium) | in vitro (Human Myocardium Membranes) | Human (AIDS Patients) | in vitro (Human Leukemia Cells, CEM/C2) | in vitro (Human Leukemia Cells, CCRF-CEM) | in vitro (Mouse NS-1 Cells) | in vitro (NS-1 Cells) | Rat | Rabbit | in vitro (Human Heart Cytosol) | Mouse (Mdr1a(-/-)) | Rat (Bile Duct Cannulated) | Human | in vitro (Human Liver Microsomes) | Rat (Bile Duct Cannulated, Donor) | Rat (Receiver) | in vitro (Rat Liver) | in vitro (Rat Kidney) | in vitro (Hamster Liver)	Intravenous | Infusion | Intraduodenal | Intraperitoneal		Plasma | Urine | Bile | Intestinal Contents | Gastrointestinal Tract | Liver | Spleen | Kidney | Lung | Tumor | Heart | Serum; Urine | Carcass + Feces + Tissue + Urine | Carcass + Tissue	26
8911	MTB631	Deoxygenation	2 of 3 | 2 of 3 | 2 of 4 | 2 of 4 | 2 of 4 | 2 of 4	MTB631-AH | MTB631-AI | MTB631-AJ | MTB631-AK | MTB631-AL | MTB631-AM	8882	5870	Adriamycinone	7-Deoxyadriamycinone	COc1cccc2c1C(=O)c1c(O)c3c(c(O)c1C2=O)C[C@@](O)(C(=O)CO)C[C@@H]3O	COc1cccc2c1C(=O)c1c(O)c3c(c(O)c1C2=O)C[C@@](O)(C(=O)CO)CC3		Mouse	Intravenous		Plasma | Liver	1
8232	MTB563	Amination | Nucleic Acid Binding	1 Step	MTB563-R	563	36678	(Azathioprine=1H-Tautomer)		Cn1cnc([N+](=O)[O-])c1Sc1ncnc2[nH]cnc12	*n1cnc2c(Sc3c([N+](=O)[O-])ncn3C)nc(N)nc21		Human (Children)	Oral		Red Blood Cells	1
8666	MTB606	Covalent Binding | DNA Binding | Nucleic Acid Binding	3 of 3 | 2 of 2 | 4 of 4 | 3 of 3	MTB606-C | MTB606-J | MTB606-P | MTB606-AB	17748	29530	1-beta-D-Arabinofuranosylcytosine triphosphate		Nc1ccn([C@@H]2O[C@H](COP(=O)(O)OP(=O)(O)OP(=O)(O)O)[C@@H](O)[C@@H]2O)c(=O)n1	*OC[C@H]1O[C@@H](n2ccc(N)nc2=O)[C@@H](O)[C@@H]1O*	DNA Polymerase	in vitro (Human Lung Cancer Cells, SW-1573) | in vitro (Human Lung Cancer Cells, H460) | in vitro (Human Leukemia Cells) | in vitro (Mouse Leukemia Cells)				6
8688	MTB606	Nucleic Acid Binding	2 of 2	MTB606-AH	30231	29530			*OP(=O)(O)OC[C@H]1O[C@@H](n2ccc(N)nc2=O)[C@@H](O)[C@@H]1O	*OC[C@H]1O[C@@H](n2ccc(N)nc2=O)[C@@H](O)[C@@H]1O*		in vitro (Mouse Melanoma Cells)				1
8697	MTB607	DNA Binding | N-Dealkylation | N-Demethylation | Nucleic Acid Binding	2 of 2	MTB607-D	38165	40335			C[N+]#N	*OC[C@H]1O[C@@H](n2cnc3c(OC)nc(N)nc32)C[C@@H]1O*		Human | Rat | Mouse | Rabbit	Intravenous | Intraperitoneal		Blood Leukocytes | Liver | Lymph Nodes | Bone Marrow	1
10273	MTB705	Covalent Binding | DNA Binding | Hydrolysis | Nucleic Acid Binding | Ring Opening	3 of 3 | 2 of 2 | 4 of 4 | 4 of 4 | 4 of 4 | 3 of 3 | 3 of 3	MTB705-Z | MTB705-CO | MTB705-JX | MTB705-LH | MTB705-SQ | MTB705-VF | MTB705-WK	4794	41154	Benzo(a)pyrene-7,8-dihydrodiol-9,10-dihydroepoxide		OC1c2cc3ccc4cccc5ccc(c2C2OC2C1O)c3c45	*OC[C@H]1O[C@@H](n2cnc3c(=O)[nH]c(NC4c5c(cc6ccc7cccc8ccc5c6c78)C(O)C(O)C4O)nc32)C[C@@H]1O*		Mouse | Human (Female, Pregnant) | in vitro (Human Alveole Macrophages) | in vitro (Human Lung Epithelium Cells, L132) | in vitro (Human Alveole Macrophages and Human Lung Epithelium Cells, L132+ | in vitro (Human Hep G2 Cells) | Fish | Rat | in vitro (Human Hepatoma Hep G2 Cells) | Mouse (AhR Knockout) | Human (Female, Lactating) | in vitro (Human Breast Epithelium Cells, MCF-10A) | in vitro (Hamster Lung Fibroblast V79MZ Cells Expressing Human CYP1A1) | in vitro (Hamster Lung Fibroblast V79MZ Cells Expressing Human CYP1A1 and+ | in vitro (Hamster Lung Fibroblast Cells, V79MZ) | in vitro (Human Lung Adenocarcinoma Cells, CL3) | Human	Intratracheal | Environmental Exposure | Intraperitoneal | Oral | Intravenous | Aqueous Uptake	Deoxyguanosine | Guanine	Lung | Liver | Blood, Umbilical Cord | Forestomach | Glandular Stomach | Kidney | Spleen | Colon | Blood Mononuclear Cells | Urine | Ovary | Breast Milk | Mononuclear Cells	18
1548	MTB75	CoA Binding | Dephosphorylation | Thioesterification | Transacylation	2 of 3 | 2 of 7 | 2 of 7 | 2 of 5 | 2 of 3 | 2 of 3	MTB75-CY | MTB75-CZ | MTB75-DA | MTB75-DB | MTB75-DC | MTB75-DD	24617	11067		Valproyl coenzyme A	CCCC(CCC)C(=O)OP(=O)(O)OC[C@H]1O[C@@H](n2cnc3c(N)ncnc32)[C@H](O)[C@@H]1O	CCCC(CCC)C(=O)SCCNC(=O)CCNC(=O)[C@H](O)C(C)(C)COP(=O)(O)OP(=O)(O)OC[C@H]1O[C@@H](n2cnc3c(N)ncnc32)[C@H](O)[C@@H]1OP(=O)(O)O		in vitro (HepaRG Cells)		Coenzyme A		1
1599	MTB75	Glutathionation | Transacylation	2 of 2 | 3 of 3	MTB75-CB | MTB75-CY	11067	78844	Valproyl coenzyme A		CCCC(CCC)C(=O)SCCNC(=O)CCNC(=O)[C@H](O)C(C)(C)COP(=O)(O)OP(=O)(O)OC[C@H]1O[C@@H](n2cnc3c(N)ncnc32)[C@H](O)[C@@H]1OP(=O)(O)O	CCCC(CCC)C(=O)SC[C@H](NC(=O)CC[C@H](N)C(=O)O)C(=O)NCC(=O)O		in vitro (HepaRG Cells)		Glutathione		1
1601	MTB75	Deglucuronidation | Glutathionation | Transacylation	2 of 2	MTB75-JL	2531	78844	Valproate Glucuronide		CCCC(CCC)C(=O)O[C@@H]1O[C@H](C(=O)O)[C@@H](O)[C@H](O)[C@H]1O	CCCC(CCC)C(=O)SC[C@H](NC(=O)CC[C@H](N)C(=O)O)C(=O)NCC(=O)O		in vitro (HepaRG Cells)		Glutathione		1
1608	MTB75	Amidation | Taurination | Transacylation	2 of 2 | 3 of 3	MTB75-CG | MTB75-DD	11067	78845	Valproyl coenzyme A		CCCC(CCC)C(=O)SCCNC(=O)CCNC(=O)[C@H](O)C(C)(C)COP(=O)(O)OP(=O)(O)OC[C@H]1O[C@@H](n2cnc3c(N)ncnc32)[C@H](O)[C@@H]1OP(=O)(O)O	CCCC(CCC)C(=O)NCCS(=O)(=O)O		in vitro (HepaRG Cells)		Taurine		1
1609	MTB75	Amidation | Dephosphorylation | Taurination | Transacylation	2 of 2	MTB75-DE	24617	78845			CCCC(CCC)C(=O)OP(=O)(O)OC[C@H]1O[C@@H](n2cnc3c(N)ncnc32)[C@H](O)[C@@H]1O	CCCC(CCC)C(=O)NCCS(=O)(=O)O		in vitro (HepaRG Cells)		Taurine		1
5360	MTB382	Aromatization | NIH Shift | Rearrangement	2 of 2	MTB382-P	19242	32589			O=C1NC(=O)[C@](C2=CC3OC3C=C2)(c2ccccc2)N1	O=C1NC(=O)[C@@](c2ccccc2)(c2cccc(O)c2)N1		Dog | Rabbit | Rat	Oral | Intraperitoneal		Urine	1
12797	MTB782	Aromatic Hydroxylation | C-Hydroxylation | Isomerization | NIH Shift | Nucleophilic Substitution | Rearrangement | Transhalogenation	1 of 2	MTB782-AD	782	22962	Cisapride		COc1cc(N)c(Cl)cc1C(=O)N[C@H]1CCN(CCCOc2ccc(F)cc2)C[C@H]1OC	COc1cc(N)c(Cl)cc1C(=O)N[C@H]1CCN(CCCOc2ccc(O)c(F)c2)C[C@H]1OC	Cytochrome P450 (['CYP3A4']) | Cytochrome P450 (['CYP1A1', 'CYP1A2', 'CYP2C8', 'CYP2C9', 'CYP3A5', 'CYP3A7']) | Cytochrome P450 (['CYP3A', 'CYP2C8']) | Cytochrome P450 (['CYP3A4', 'CYP2A6'])	in vitro (Human Liver Microsomes, Neonatal) | in vitro (Human Liver Microsomes, Adult) | in vitro (Human 293 Cells Expressing Human CYP3A4) | in vitro (Human 293 Cells Expressing Human CYP Isoenzymes) | in vitro (Human Liver Microsomes, Fetal) | in vitro (Human Liver Microsomes, High CYP3A Activity) | in vitro (Human Liver Microsomes, Low CYP3A Activity) | in vitro (Human Liver Microsomes) | in vitro (Rat Liver Supernatant) | in vitro (Dog Liver Supernatant) | in vitro (Rabbit Liver Supernatant) | Rat | Dog	Oral	Glucuronide	Feces | Urine | Feces; Urine	9
13460	MTB805	Aromatic Hydroxylation | C-Hydroxylation | C-Oxidation | NIH Shift	1 of 2 | 1 of 2 | 1 of 2 | 1 of 3 | 1 of 3 | 1 of 3 | 1 of 4 | 1 of 4 | 1 of 4 | 1 of 4 | 1 of 4 | 1 of 3 | 1 of 5 | 1 of 6 | 1 of 3 | 1 of 2 | 1 of 3 | 1 of 3 | 1 of 3 | 1 of 2 | 1 of 3 | 1 of 4 | 1 of 4 | 1 of 4 | 1 of 4 | 1 of 4 | 1 of 3 | 1 of 3 | 1 of 3 | 1 of 4 | 1 of 3 | 1 of 3 | 1 of 3 | 1 of 3 | 1 of 2 | 1 of 3 | 1 of 3 | 1 of 2 | 1 of 3 | 1 of 4 | 1 of 5 | 1 of 5 | 1 of 2	MTB805-GC | MTB805-GD | MTB805-GE | MTB805-GF | MTB805-GG | MTB805-GH | MTB805-GI | MTB805-GJ | MTB805-GK | MTB805-GL | MTB805-GM | MTB805-GN | MTB805-GO | MTB805-GP | MTB805-GQ | MTB805-GR | MTB805-GS | MTB805-GT | MTB805-GU | MTB805-GV | MTB805-GW | MTB805-GX | MTB805-GY | MTB805-GZ | MTB805-HA | MTB805-HB | MTB805-HC | MTB805-HD | MTB805-HE | MTB805-HF | MTB805-HG | MTB805-HH | MTB805-HI | MTB805-HJ | MTB805-HK | MTB805-HL | MTB805-HM | MTB805-HN | MTB805-HO | MTB805-HP | MTB805-HQ | MTB805-HR | MTB805-HS	805	2061	Tamoxifen	4-Hydroxytamoxifen	CC/C(=C(\c1ccccc1)c1ccc(OCCN(C)C)cc1)c1ccccc1	CC/C(=C(\c1ccc(O)cc1)c1ccc(OCCN(C)C)cc1)c1ccccc1	Cytochrome P450 (['CYP3A', 'CYP2C9', 'CYP2C19', 'CYP2D6']) | Cytochrome P450 (['CYP2D6']) | Cytochrome P450 | Cytochrome P450 (['CYP3A']) | Cytochrome P450 (['CYP2D6', 'CYP2B6', 'CYP2C9', 'CYP2C19']) | Cytochrome P450 (['CYP3A4', 'CYP2C9']) | Cytochrome P450 (['CYP2C9', 'CYP2D6', 'CYP3A4', 'CYP2B6', 'CYP2C19']) | Cytochrome P450 (['CYP2D6', 'CYP3A', 'CYP2B6', 'CYP2C9', 'CYP2C19']) | Cytochrome P450 (['CYP2C9', 'CYP3A']) | Cytochrome P450 (['CYP3A4', 'CYP3A5']) | Cytochrome P450 (['CYP2C9']) | Cytochrome P450 (['CYP3A', 'CYP2D6', 'CYP2C9']) | Cytochrome P450 (['CYP2D6', 'CYP2C9']) | Cytochrome P450 (['CYP3A4']) | Cytochrome P450 (['CYP2D6', 'CYP2C9', 'CYP2C19', 'CYP3A4', 'CYP2B6']) | Cytochrome P450 (['CYP2D2']) | Cytochrome P450 (['CYP2D6', 'CYP2B6', 'CYP2C9', 'CYP2C19', 'CYP3A']) | Cytochrome P450 (['CYP3A4', 'CYP2C9', 'CYP2C19', 'CYP2D6']) | Cytochrome P450 (['CYP2D6', 'CYP3A']) | Cytochrome P450 (['CYP2D6', 'CYP2C9', 'CYP3A']) | Cytochrome P450 (['CYP2B6', 'CYP2C9', 'CYP2C19', 'CYP2D6']) | Cytochrome P450 (['CYP1A5']) | Cytochrome P450 (['CYP2C9', 'CYP2C19', 'CYP2D6', 'CYP3A4']) | Cytochrome P450 (['CYP2C9', 'CYP3A4', 'CYP1A1', 'CYP1B1']) | Cytochrome P450 (['CYP1A1', 'CYP1A2', 'CYP1B1', 'CYP3A4']) | Cytochrome P450 (['CYP2C9', 'CYP2D6', 'CYP3A4']) | Cytochrome P450 (['CYP2D6', 'CYP2B6', 'CYP2C19', 'CYP2C9']) | Cytochrome P450 (['CYP3A1']) | Peroxidase | Cytochrome P450 (['CYP2D6', 'CYP2C9', 'CYP3A4']) | Cytochrome P450 (['CYP2C19']) | Cytochrome P450 (['CYP2E1']) | Cytochrome P450 (['CYP1A1', 'CYP2A2', 'CYP2B6', 'CYP2D6', 'CYP3A4']) | Cytochrome P450 (['CYP2C12', 'CYP2A1'])	Human (Female, Breast Cancer Patients) | Human (Cancer Patients) | Human | in vitro (Rat Jejunum Segment) | Human (Female) | Rat | Fish | Mouse | Mouse (Human Tumor Xenograft Bearing) | in vitro (Human Liver Microsomes) | Human (Female, Postmenopausal) | Mouse (Cytb5(-/-)) | in vitro (Mouse Liver Microsomes) | in vitro (Mouse Liver Microsomes, Cytb5(-/-)) | Human (Female, Cancer Patients) | Human (Poor Metabolizer) | Human (Intermediate Metabolizer) | Human (Extensive Metabolizer) | Human (Ultrarapid Metabolizer) | in vitro (Rat Liver Microsomes) | in vitro (Pig Liver Microsomes) | Human (Female, Postmenopausal, Cancer Patients) | in vitro (Chinese Hamster V79 Cells Expressing Human CYP2D6) | in vitro (Chinese Hamster V79 Cells) | in vitro (Rat Liver Microsomes, Female) | in vitro (Human Liver) | in vitro (Chicken Liver Microsomes) | in vitro (Human Endometrium Cells, Cultured) | in vitro (Human Endometrium) | in vitro (Human Lymphoblastoid Cells Expressing Human CYP2C9) | in vitro (Human Lymphoblastoid Cells Expressing Human CYP2D6) | in vitro (Human Lymphoblastoid Cells Expressing Human CYP Isoenzymes) | Mouse (Female, Pregnant) | Mouse (ICR) | Mouse (B6C3F1) | in vitro (Rat Liver Microsomes, Phenobarbital Treated) | in vitro (Rat Liver Slices) | in vitro (Rat Liver Homogenate) | in vitro (Mouse Liver Slices) | in vitro (Mouse Liver Homogenate) | in vitro (Human Lymphoblast Cells Expressing CYP2C9) | in vitro (Human Lymphoblast Cells Expressing CYP2C19) | in vitro (Human Lymphoblast Cells Expressing CYP2E1) | in vitro (Human Lymphoblast Cells Expressing CYP3A4) | in vitro (Mouse Hepatocytes) | Rat (Female) | Rat (Tumor Bearing) | in vitro (Human Liver Homogenate) | in vitro (Human Hepatoblastoma Hep G2 Cells) | in vitro (Human Lymphoblastoma Microsomes) | in vitro (Hamster Liver Microsomes) | in vitro (Rat Liver Microsomes, Male) | in vitro (Rat Uterus Cells) | in vitro | in vitro (Rat Hepatocytes) | Chicken | in vitro (Rat Liver Microsomes, Female, Immature) | Rat (Female, Immature) | in vitro (Rabbit Liver Microsomes) | Monkey | Dog	Oral | Subcutaneous | Intravenous | Intragastric | Intraperitoneal | Intraperitoneal; Oral	Glucuronide	Plasma | Hair | Mammary Tissue | Serum | Liver | Lung | Ovary + Uterus | Spleen | Kidney | Tumor | Tumor, Breast | Uterus | Adipose | Nipple Aspirate Fluid | Blood | Urine | Brain | Lymph Nodes | Muscle | Skin | Fat | Breast Tissue | Endometrium | Colon | Heart | Bile | Feces | Tissue | Fetus | Plasma; Tissue | Brain; Serum | Bile; Feces; Tissue; Urine | Plasma; Tumor Cytosol | Bile; Liver; Uterus | Feces; Urine | Bile; Feces; Urine	169
20059	MTB1300	C-Oxidation | Dehalogenation | Halogenation | Hydrolysis | Isomerization | NIH Shift | Nucleophilic Substitution | Oxidative Dehalogenation | Rearrangement | Tautomerization | Transhalogenation	1 of 3 | 1 of 3 | 1 of 5 | 1 of 5 | 1 of 4 | 1 of 4 | 1 of 4 | 1 of 3 | 1 of 4 | 1 of 4 | 1 of 6 | 1 of 6 | 1 of 5 | 1 of 5 | 1 of 5 | 1 of 4	MTB1300-E | MTB1300-F | MTB1300-G | MTB1300-H | MTB1300-I | MTB1300-J | MTB1300-K | MTB1300-L | MTB1300-M | MTB1300-N | MTB1300-O | MTB1300-P | MTB1300-Q | MTB1300-R | MTB1300-S | MTB1300-T	1300	33967	Trichloroethylene	Chloral	ClC=C(Cl)Cl	O=CC(Cl)(Cl)Cl	Cytochrome P450 (['CYP2E1']) | Cytochrome P450 | Cytochrome P450 (['CYP2E1', 'CYP2F2']) | Cytochrome P450 (['CYP2F']) | Cytochrome P450 (['CYP2E1', 'CYP2C11'])	in vitro (Human Liver Microsomes) | in vitro (Human Hepatocytes) | in vitro (Rat Hepatocytes) | in vitro (Rat Liver Microsomes) | Mouse | Human | Rat (Female) | Rat (Male) | in vitro (Rat Liver S9 Fraction) | in vitro (Rat Brain Substantia Nigra Homogenate) | in vitro (Mouse Lung Microsomes, CD-1) | in vitro (Mouse Lung Microsomes, Cyp2e1-Null) | in vitro (Mouse Lung Microsomes) | Rat | in vitro (Human Lung Microsomes) | Human (Male) | Mouse (Male) | in vitro (Monkey Epididymis Microsomes) | in vitro (Mouse Testis Microsomes) | in vitro (Mouse Epididymis Microsomes) | in vitro (Rat Kidney Microsomes) | in vitro (Rat Kidney Proximal Tubule Cells) | in vitro (Rat Kidney Distal Tubule Cells) | in vitro (Human Kidney Microsomes) | in vitro (Mouse Liver Microsomes) | Rat (Bile Duct Cannulated) | Rat (Jugular Vein Cannulated)	Oral | Inhalation | Intraperitoneal | Intraduodenal		Serum | Blood | Urine | Liver | Kidney | Seminal Fluid | Epididymis | Bile | Feces | Lung	18
20061	MTB1300	C-Oxidation | Isomerization | NIH Shift | Ring Opening	2 of 4 | 2 of 4 | 2 of 6 | 2 of 6 | 2 of 5 | 2 of 5 | 2 of 5 | 2 of 4 | 2 of 5 | 2 of 5 | 2 of 7 | 2 of 7 | 2 of 6 | 2 of 6 | 2 of 6 | 2 of 5	MTB1300-AE | MTB1300-AF | MTB1300-AG | MTB1300-AH | MTB1300-AI | MTB1300-AJ | MTB1300-AK | MTB1300-AL | MTB1300-AM | MTB1300-AN | MTB1300-AO | MTB1300-AP | MTB1300-AQ | MTB1300-AR | MTB1300-AS | MTB1300-AT	22085	33967		Chloral	ClC1OC1(Cl)Cl	O=CC(Cl)(Cl)Cl		in vitro (Rat Liver Microsomes) | in vitro (Rat Efferent Duct Microsomes) | in vitro (Rat Epididymis Microsomes)				1
10011	MTB701	Hydrolysis | O-Deglucuronidation	1 Step	MTB701-A	701	4762	3-Hydroxybenzo(a)pyrenyl glucuronide	3-Hydroxybenzo(a)pyrene	O=C(O)[C@H]1O[C@@H](Oc2ccc3ccc4c5ccccc5cc5ccc2c3c54)[C@H](O)[C@@H](O)[C@@H]1O	Oc1ccc2ccc3c4ccccc4cc4ccc1c2c43	beta-Glucuronidase	in vitro (Rat Blood) | in vitro (Rat Liver) | in vitro (Rat Kidney) | in vitro (Rat Lung) | in vitro (Rat Adipose) | in vitro (Rat Skin) | in vitro (Rat Feces) | in vitro (Catfish Intestine Microsomes) | in vitro (Catfish Intestine Cytosol)				2
25848	MTB1666	Deglucuronidation | Hydrolysis | O-Deglucuronidation | O-Deglycosidation	1 of 3 | 1 of 3 | 1 of 2 | 1 of 4 | 1 of 4 | 1 of 3 | 1 of 3 | 1 of 2 | 1 of 3 | 1 of 3 | 1 of 3 | 1 of 3 | 1 of 3 | 1 of 3	MTB1666-W | MTB1666-X | MTB1666-Y | MTB1666-Z | MTB1666-AA | MTB1666-AB | MTB1666-AC | MTB1666-AD | MTB1666-AE | MTB1666-AF | MTB1666-AG | MTB1666-AH | MTB1666-AI | MTB1666-AJ	1666	1663	Baicalin	Baicalein	O=C(O)[C@H]1O[C@@H](Oc2cc3oc(-c4ccccc4)cc(=O)c3c(O)c2O)[C@H](O)[C@@H](O)[C@@H]1O	O=c1cc(-c2ccccc2)oc2cc(O)c(O)c(O)c12	beta-Glucuronidase	Rat | in vitro (Rat Feces) | in vitro (Rat Jejunum Fluid) | in vitro (Rat Ileum Fluid) | in vitro (Rat Cecum Fluid) | in vitro (Rat Duodenum Fluid) | in vitro (Rat Small Intestine Content Supernatant) | in vitro (Rat Feces Suspension) | in vitro (Caco-2 Cells) | in vitro (Rat Liver Microsomes) | in vitro (Rat Intestine Perfusion) | in vitro (Rat Liver Homogenate) | Rat (Germ-free) | in vitro (Rat Jejunum) | in vitro (Rat Gut Contents)	Oral | Intravenous	O-Glucuronide	Plasma | Urine | Feces | Liver | Heart | Spleen | Lung | Kidney | Brain | Bile | Stomach Contents | Small Intestine Contents | Cecum Contents + Colon Contents | Gastrointestinal Contents | Serum | Blood | Gastrointestinal Tract	23
26806	MTB1708	Amidation | O-Deglucuronidation	2 of 4	MTB1708-BL	10068	59560	Diclofenac acyl glucuronide		O=C(Cc1ccccc1Nc1c(Cl)cccc1Cl)O[C@@H]1O[C@H](C(=O)O)[C@@H](O)[C@H](O)[C@H]1O	O=C(O)CNC(=O)[C@H](CS)NC(=O)Cc1ccccc1Nc1c(Cl)cccc1Cl		in vitro (Human Liver Microsomes)				1
37289	MTB2353	Deglucuronidation | Hydrolysis | O-Deglucuronidation	1 of 2	MTB2353-A	2353	5887	7-Ethyl-10-hydroxycamptothecin glucuronide	SN-38	CCc1c2c(nc3ccc(O[C@@H]4O[C@H](C(=O)O)[C@@H](O)[C@H](O)[C@H]4O)cc13)-c1cc3c(c(=O)n1C2)COC(=O)[C@]3(O)CC	CCc1c2c(nc3ccc(O)cc13)-c1cc3c(c(=O)n1C2)COC(=O)[C@]3(O)CC	beta-Glucuronidase	in vitro (Rat Cecum Contents) | in vitro (Human Colorectal Tumor Homogenate) | in vitro (Human Colon Mucosa Homogenate) | in vitro (Human Plasma, Cancer Patients) | in vitro (Mouse Tumor Homogenate, Tumor Bearing) | in vitro (Mouse Liver Homogenate, Tumor Bearing) | in vitro (Mouse Plasma, Tumor Bearing) | in vitro (Purified Enzyme)				4
37895	MTB2465	Deglucosidation | Deglucuronidation | Deglycosidation | Hydrolysis | O-Deglucuronidation | O-Deglycosidation	1 of 3 | 1 of 2 | 1 of 2	MTB2465-F | MTB2465-G | MTB2465-H	2465	11296	Glycyrrhizin	Glycyrrhetic acid	CC1(C)[C@@H](O[C@H]2O[C@H](C(=O)O)[C@@H](O)[C@H](O)[C@H]2O[C@@H]2O[C@H](C(=O)O)[C@@H](O)[C@H](O)[C@H]2O)CC[C@]2(C)[C@H]3C(=O)C=C4[C@@H]5C[C@@](C)(C(=O)O)CC[C@]5(C)CC[C@@]4(C)[C@]3(C)CC[C@@H]12	CC1(C)[C@@H](O)CC[C@]2(C)[C@H]3C(=O)C=C4[C@@H]5C[C@@](C)(C(=O)O)CC[C@]5(C)CC[C@@]4(C)[C@]3(C)CC[C@@H]12	beta-D-Glucuronidase | beta-Glucuronidase | beta-Glucuronidase (['I'])	Rat | Human | Rabbit | in vitro (Rabbit Feces) | in vitro (Rat Feces) | in vitro (Pig Feces) | in vitro (Human Feces) | in vitro (Rabbit Feces Suspension) | Mouse | in vitro (Rat Liver Homogenate) | in vitro (Rat Lung Homogenate) | in vitro (Rat Heart Homogenate) | in vitro (Rat Kidney Homogenate) | in vitro (Rat Spleen Homogenate) | in vitro (Rat Brain Homogenate) | in vitro (Rat Colon Homogenate) | in vitro (Rat Cecum Homogenate) | in vitro (Rat Small Intestine Homogenate) | in vitro (Rat Stomach Homogenate) | in vitro (Rat Duodenum Homogenate) | in vitro (Rat Stomach) | in vitro (Rat Small Intestine) | in vitro (Rat Cecum) | in vitro (Rat Colon) | Human (Male) | Human (Female)	Oral | Intravenous | Intracolonic | Intraduodenal | Intrajejunal | Intraileal		Plasma | Liver | Kidney | Heart | Brain | Blood | Stomach Contents | Urine | Bile | Serum | Small Intestine | Stomach | Cecum | Colon | Cecum Contents | Colon Contents | Small Intestine Contents	24
2859	MTB210	Aliphatic Hydroxylation | C-Alkylation | C-Dealkylation | C-Demethylation | C-Hydroxylation | C-Methylation | Dehydration | Oxidation | Rearrangement	1 of 2 | 1 of 2 | 1 of 2	MTB210-BP | MTB210-BQ | MTB210-BR	210	56368	Metandienone		C[C@]12C=CC(=O)C=C1CC[C@@H]1[C@@H]2CC[C@@]2(C)[C@H]1CC[C@]2(C)O	C[C@]1(CO)CCC2=C1CC[C@H]1[C@H]2CCC2=CC(=O)C=C[C@@]21C		Human	Oral		Urine	3
2909	MTB210	C-Alkylation | C-Dealkylation | C-Demethylation | C-Methylation	3 of 4 | 2 of 3 | 4 of 5 | 3 of 4	MTB210-V | MTB210-AM | MTB210-BX | MTB210-CV	23622	34329			C[C@]12C=C[C@@H](O)C[C@H]1CC[C@@H]1[C@@H]2CC[C@@]2(C)[C@H]1CC[C@@]2(C)O	CC1(C)CCC2=C1CC[C@H]1[C@H]2CC[C@@H]2C[C@H](O)C=C[C@@]21C		Human			Urine	1
2987	MTB210	Aliphatic Hydroxylation | C-Alkylation | C-Dealkylation | C-Demethylation | C-Hydroxylation | C-Methylation	1 Step	MTB210-CS	210	70350	Metandienone		C[C@]12C=CC(=O)C=C1CC[C@@H]1[C@@H]2CC[C@@]2(C)[C@H]1CC[C@]2(C)O	CC1(CO)CCC2=C1CC[C@H]1[C@H]2CCC2=CC(=O)C=C[C@@]21C		Human			Urine	1
9502	MTB684	C-Alkylation | Radical Formation	2 of 3	MTB684-J	27616	8188		N-tert-Butyl-N-(2,2,2-trichloro-1-phenylethyl)aminoxyl	Cl[C](Cl)Cl	CC(C)(C)N([O])C(c1ccccc1)C(Cl)(Cl)Cl		Rat	Intraperitoneal		Liver | Blood	1
10536	MTB705	C-Alkylation | C-Methylation	1 of 2	MTB705-HF	705	8708	Benzo(a)pyrene	6-Methylbenzo(a)pyrene	c1ccc2c(c1)cc1ccc3cccc4ccc2c1c34	Cc1c2ccccc2c2ccc3cccc4ccc1c2c43	Methyltransferase	in vitro (Fish Intestine Perfusion) | in vitro (Rat Liver S9 Fraction)			Blood | Mucosa | Perfusate	2
540	MTB29	Sulfonation	2 of 2	MTB29-AI	1477	34272	Carbamazepine 10,11-epoxide		NC(=O)N1c2ccccc2C2OC2c2ccccc21	CS(=O)(=O)c1ccc2c(c1)N(C(N)=O)c1ccccc1C1OC21		Mouse	Intraperitoneal		Urine	1
32497	MTB2017	Sulfonation	1 Step	MTB2017-E	2017	37383	2,5,2',5'-Tetrachlorobiphenyl		Clc1ccc(Cl)c(-c2cc(Cl)ccc2Cl)c1	CS(=O)(=O)c1cc(Cl)cc(-c2cc(Cl)ccc2Cl)c1Cl		Bird (Glaucous Gull) | Human	Oral		Egg | Plasma	2
32501	MTB2017	Aromatization | Nucleophilic Addition | Nucleophilic Substitution | Ring Opening | Sulfonation	2 of 4	MTB2017-I	33745	37384			ClC1=CC(c2cc(Cl)ccc2Cl)=C(Cl)C2OC12	CS(=O)(=O)c1cc(Cl)c(-c2cc(Cl)ccc2Cl)cc1Cl		Beluga Whale | Porpoise | Bowhead Whale | Pilot Whale | Human | Fish | Human (Female) | Mouse	Aqueous Uptake | Oral | Environmental Exposure | Intravenous		Liver | Blubber | Adipose | Tissue | Milk | Kidney | Lung	7
32502	MTB2017	Sulfonation	1 of 3	MTB2017-L	2017	37384	2,5,2',5'-Tetrachlorobiphenyl		Clc1ccc(Cl)c(-c2cc(Cl)ccc2Cl)c1	CS(=O)(=O)c1cc(Cl)c(-c2cc(Cl)ccc2Cl)cc1Cl		Bird (Glaucous Gull) | Human	Oral		Egg | Plasma	2
32504	MTB2017	Aromatization | Ring Opening | Sulfonation	4 of 4 | 4 of 4 | 3 of 3	MTB2017-G | MTB2017-I | MTB2017-L	37385	3032		4,4'-Bis-(methylsulfonyl)-2,2',5,5'-tetrachlorobiphenyl	CS(=O)(=O)c1cc(Cl)c(C2=C(Cl)C3OC3C(Cl)=C2)cc1Cl	CS(=O)(=O)c1cc(Cl)c(-c2cc(Cl)c(S(C)(=O)=O)cc2Cl)cc1Cl		Mouse	Intravenous		Kidney | Liver | Lung	1
3462	MTB224	C-Methoxylation	1 of 2 | 1 of 2 | 1 of 3 | 1 of 2	MTB224-AQ | MTB224-AR | MTB224-AS | MTB224-AT	224	18636	Ethinylestradiol		C#C[C@]1(O)CC[C@H]2[C@@H]3CCc4cc(O)ccc4[C@H]3CC[C@@]21C	C#C[C@]1(O)CC[C@H]2[C@@H]3CCc4cc(O)c(OC)cc4[C@H]3CC[C@@]21C		Rat (Female)	Intravenous		Bile	1
7987	MTB552	Aromatic Methoxylation | C-Alkoxylation | C-Methoxylation	1 of 2 | 1 of 2 | 1 of 2 | 1 of 3	MTB552-WG | MTB552-WH | MTB552-WI | MTB552-WJ	552	19786	Paracetamol	3-Methoxyacetaminophen	CC(=O)Nc1ccc(O)cc1	COc1cc(NC(C)=O)ccc1O		Hamster | Human	Intraperitoneal | Oral		Urine	4
8009	MTB552	C-Methoxylation	3 of 3 | 2 of 2	MTB552-VH | MTB552-VR	7646	26589	Paracetamol beta-D-glucuronide		CC(=O)Nc1ccc(O[C@@H]2O[C@H](C(=O)O)[C@@H](O)[C@H](O)[C@H]2O)cc1	COc1cc(NC(C)=O)ccc1O[C@@H]1O[C@H](C(=O)O)[C@@H](O)[C@H](O)[C@H]1O		Human	Oral		Urine	1
8317	MTB571	C-Alkoxylation | C-Methoxylation	2 of 2 | 3 of 3 | 4 of 4	MTB571-F | MTB571-AF | MTB571-AT	552	19786	Paracetamol	3-Methoxyacetaminophen	CC(=O)Nc1ccc(O)cc1	COc1cc(NC(C)=O)ccc1O		Human	Oral		Urine	1
9390	MTB673	C-Hydroxylation | C-Methoxylation	1 Step	MTB673-D	673	20146	Maprotiline		CNCCC[C@]12CC[C@H](c3ccccc31)c1ccccc12	CNCCC[C@]12CC[C@H](C3=CC(O)C(OC)C=C31)c1ccccc12		Dog | Rabbit | Rat	Oral | Intraperitoneal		Feces; Urine | Urine | Bile	1
672	MTB29	Peroxidation	1 of 2	MTB29-HE	29	38640	Carbamazepine		NC(=O)N1c2ccccc2C=Cc2ccccc21	NC(=O)N1c2ccccc2C2OOC2c2ccccc21		Human | Rat	Oral		Urine	1
2279	MTB146	Denitrogenation | Oxidative Deamination | Peroxidation	1 of 2 | 1 of 2	MTB146-A | MTB146-B	146	39431	Phenelzine		NNCCc1ccccc1	OOCCc1ccccc1	Cytochrome P450	in vitro (Rat Liver Microsomes)				1
6523	MTB452	Hydrolysis | Peroxidation	1 of 2	MTB452-C	452	41564	Nitroglycerol		O=[N+]([O-])OCC(CO[N+](=O)[O-])O[N+](=O)[O-]	O=NO[O-]		in vitro (Rat Aorta Smooth Muscle)				1
6530	MTB452	Hydrolysis | Peroxidation	1 Step	MTB452-H	452	50215	Nitroglycerol		O=[N+]([O-])OCC(CO[N+](=O)[O-])O[N+](=O)[O-]	O=[N+]([O-])O[O-]	Nitric Oxide Synthase	in vitro (Cattle Aorta Endothelial Cells)				1
10009	MTB700	Condensation | Dimerization | Peroxidation	1 Step	MTB700-H	700	20237	3-tert-Butyl-4-hydroxyanisole		COc1ccc(O)c(C(C)(C)C)c1	COc1cc(-c2cc(OC)cc(C(C)(C)C)c2O)c(O)c(C(C)(C)C)c1	Peroxidase	in vitro (Horseradish Peroxidase) | in vitro (Rat Liver Microsomes) | Rat	Oral		Plasma | Ileum	3
14325	MTB846	S-Deacylation | S-Methylation	1 Step	MTB846-C	846	20847	Tixocortol pivalate		CC(C)(C)C(=O)SCC(=O)[C@@]1(O)CC[C@H]2[C@@H]3CCC4=CC(=O)CC[C@]4(C)[C@H]3[C@@H](O)C[C@@]21C	CSCC(=O)[C@@]1(O)CC[C@H]2[C@@H]3CCC4=CC(=O)CC[C@]4(C)[C@H]3[C@@H](O)C[C@@]21C		Human	Oral	Glucuronide; Sulfate	Urine	1
14327	MTB846	S-Deacylation | S-Methylation | S-Oxidation	1 Step	MTB846-E	846	20853	Tixocortol pivalate		CC(C)(C)C(=O)SCC(=O)[C@@]1(O)CC[C@H]2[C@@H]3CCC4=CC(=O)CC[C@]4(C)[C@H]3[C@@H](O)C[C@@]21C	CS(=O)CC(=O)[C@@]1(O)CC[C@H]2[C@@H]3CCC4=CC(=O)CC[C@]4(C)[C@H]3[C@@H](O)C[C@@]21C		Human	Oral	Glucuronide; Sulfate	Urine	1
14330	MTB846	S-Deacylation | S-Methylation | S-Oxidation	1 Step	MTB846-H	846	20849	Tixocortol pivalate		CC(C)(C)C(=O)SCC(=O)[C@@]1(O)CC[C@H]2[C@@H]3CCC4=CC(=O)CC[C@]4(C)[C@H]3[C@@H](O)C[C@@]21C	C[C@]12CCC(=O)C=C1CC[C@@H]1[C@@H]2[C@@H](O)C[C@@]2(C)[C@H]1CC[C@]2(O)C(=O)CS(C)(=O)=O		Human	Oral	Glucuronide; Sulfate	Urine	1
17748	MTB1089	S-Alkylation | S-Deacetylation | S-Deacylation | S-Methylation	1 of 2 | 1 of 2 | 1 of 3 | 1 of 4 | 1 of 3 | 1 of 3 | 1 of 2	MTB1089-D | MTB1089-E | MTB1089-F | MTB1089-G | MTB1089-H | MTB1089-I | MTB1089-J	1089	3526	Spironolactone	7alpha-Thiomethyl-spironolactone	CC(=O)S[C@@H]1CC2=CC(=O)CC[C@]2(C)[C@H]2CC[C@@]3(C)[C@@H](CC[C@@]34CCC(=O)O4)[C@H]12	CS[C@@H]1CC2=CC(=O)CC[C@]2(C)[C@H]2CC[C@@]3(C)[C@@H](CC[C@@]34CCC(=O)O4)[C@H]12		Dog | Human	Oral		Blood | Plasma | Plasma; Urine	3
17749	MTB1089	Hydrolysis | S-Deacetylation | S-Deacylation	1 of 3 | 1 of 3 | 1 of 4 | 1 of 5 | 1 of 4 | 1 of 4 | 1 of 3 | 1 of 3 | 1 of 3	MTB1089-L | MTB1089-M | MTB1089-N | MTB1089-O | MTB1089-P | MTB1089-Q | MTB1089-R | MTB1089-S | MTB1089-T	1089	6860	Spironolactone	7-alpha-Thiospirolactone	CC(=O)S[C@@H]1CC2=CC(=O)CC[C@]2(C)[C@H]2CC[C@@]3(C)[C@@H](CC[C@@]34CCC(=O)O4)[C@H]12	C[C@]12CCC(=O)C=C1C[C@@H](S)[C@@H]1[C@@H]2CC[C@@]2(C)[C@H]1CC[C@@]21CCC(=O)O1	Carboxylesterase | Esterase	Human | in vitro (Guinea Pig Adrenal Microsomes) | Guinea Pig | in vitro (Guinea Pig Liver Homogenate) | in vitro (Guinea Pig Liver Cytosol) | in vitro (Guinea Pig Liver Microsomes) | in vitro (Guinea Pig Kidney Cytosol) | in vitro (Guinea Pig Kidney Microsomes) | in vitro (Guinea Pig Adrenal Cytosol) | in vitro (Guinea Pig Testis Cytosol) | in vitro (Guinea Pig Testis Microsomes) | in vitro (Guinea Pig Liver) | in vitro (Guinea Pig Adrenocortical Microsomes)	Oral | Intraperitoneal		Plasma | Liver | Kidney | Testes	10
1033	MTB50	Methiolation	1 of 2	MTB50-AZ	50	18093	Clozapine		CN1CCN(C2=Nc3cc(Cl)ccc3Nc3ccccc32)CC1	CSc1cc2c(cc1Cl)N=C(N1CCN(C)CC1)c1ccccc1N2		Human			Urine	1
1090	MTB50	Dehalogenation | Methiolation	2 of 2	MTB50-CN	5295	18094	Desmethyl clozapine		Clc1ccc2c(c1)N=C(N1CCNCC1)c1ccccc1N2	CSc1ccc2c(c1)N=C(N1CCNCC1)c1ccccc1N2		Human			Urine	1
1139	MTB50	Dehalogenation | Methiolation	1 Step	MTB50-DU	50	18092	Clozapine		CN1CCN(C2=Nc3cc(Cl)ccc3Nc3ccccc32)CC1	CSc1ccc2c(c1)N=C(N1CCN(C)CC1)c1ccccc1N2		Human			Urine	1
7920	MTB552	Aromatization | Methiolation | Nucleophilic Addition	3 of 4 | 3 of 4 | 3 of 5 | 3 of 4 | 2 of 3 | 2 of 3 | 2 of 4 | 2 of 3	MTB552-IF | MTB552-IG | MTB552-IH | MTB552-II | MTB552-QU | MTB552-QV | MTB552-QW | MTB552-QX	12807	6855	N-Acetyl-p-benzoquinonimine	3-Thiomethylparacetamol	CC(=O)N=C1C=CC(=O)C=C1	CSc1cc(NC(C)=O)ccc1O		Human (Liver Transplanted Patients) | Mouse	Oral | Intraperitoneal		Urine	2
7921	MTB552	Aromatic Cysteination | Aromatic Methiolation | Methiolation | S-Dealkylation | S-Methylation	1 of 2 | 1 of 2 | 1 of 3 | 1 of 2	MTB552-NM | MTB552-NN | MTB552-NO | MTB552-NP	552	6855	Paracetamol	3-Thiomethylparacetamol	CC(=O)Nc1ccc(O)cc1	CSc1cc(NC(C)=O)ccc1O		Hamster | Human | Rat	Intraperitoneal | Oral		Urine | Blood	5
4352	MTB294	Halogenation	1 Step	MTB294-D	294	52238	p-Aminosalicylic acid		Nc1ccc(C(=O)O)c(O)c1	Nc1ccc(C(=O)O)c(O)c1Cl		in vitro (Human Neutrophil Blood Cells)				1
13101	MTB793	Halogenation	1 of 4 | 1 of 4 | 1 of 3 | 1 of 3 | 1 of 3 | 1 of 3 | 1 of 3	MTB793-Z | MTB793-AA | MTB793-AB | MTB793-AC | MTB793-AD | MTB793-AE | MTB793-AF	793	41559	Trimethoprim		COc1cc(Cc2cnc(N)nc2N)cc(OC)c1OC	COc1cc(Cc2cnc(NCl)nc2N)cc(OC)c1OC		in vitro (Human Neutrophil Blood Cells, Phorbol 12-Myristate-13-acetate T+				1
16869	MTB981	Halogenation	1 Step	MTB981-A	981	52237	p-Aminobenzoic acid		Nc1ccc(C(=O)O)cc1	Nc1ccc(C(=O)O)cc1Cl	Myeloperoxidase	in vitro (Human Neutrophil Blood Cells)				1
16978	MTB989	Dehydrogenation | Halogenation	2 of 2	MTB989-H	1871	1300	1,1,1-Trichloroethane	Trichloroethylene	CC(Cl)(Cl)Cl	ClC=C(Cl)Cl		Human	Dermal + Inhalation		Expired Air	1
16980	MTB989	Halogenation	1 Step	MTB989-I	989	684	Chloroform	Tetrachloromethane	ClC(Cl)Cl	ClC(Cl)(Cl)Cl		Human	Dermal + Inhalation		Expired Air	1
21212	MTB1355	Decyanidation | Oxidation	1 Step	MTB1355-B	1355	2058	Mandelonitrile	Benzoic acid	N#CC(O)c1ccccc1	O=C(O)c1ccccc1		Rat	Oral		Urine	1
21213	MTB1355	Conjugation | Decyanidation | Oxidation	1 Step	MTB1355-C	1355	13735	Mandelonitrile	N-Benzoylglycine	N#CC(O)c1ccccc1	O=C(O)CNC(=O)c1ccccc1		Rat	Oral		Urine	1
21215	MTB1355	Decyanidation	1 Step	MTB1355-E	1355	72301	Mandelonitrile		N#CC(O)c1ccccc1	[C-]#N		Rat	Oral		Urine	1
21216	MTB1355	Decyanidation | Sulfuration	1 Step	MTB1355-F	1355	22247	Mandelonitrile		N#CC(O)c1ccccc1	N#C[S-]		Rat	Oral		Urine	1
32238	MTB2001	C-Hydroxylation | C-Oxidation | Decyanidation | Hydroxylation | Tautomerization	1 Step	MTB2001-A	2001	2081	Methacrylonitrile	Acetone	C=C(C)C#N	CC(C)=O		Rat	Oral | Intravenous		Urine | Expired Air; Feces; Tissue; Urine	2
6203	MTB434	N-Carboxylation	1 of 2	MTB434-T	434	49099	Mexiletine		Cc1cccc(C)c1OCC(C)N	Cc1cccc(C)c1OCC(C)NC(=O)O						1
14812	MTB870	N-Carboxylation	1 of 2	MTB870-E	870	28533	Rimantadine		CC(N)[C@]12C[C@H]3C[C@H](C[C@H](C3)C1)C2	CC(NC(=O)O)[C@]12C[C@H]3C[C@H](C[C@H](C3)C1)C2						1
15319	MTB896	N-Carboxylation	1 of 2	MTB896-A	896	21000	Sertraline		CN[C@H]1CC[C@@H](c2ccc(Cl)c(Cl)c2)c2ccccc21	CN(C(=O)O)[C@H]1CC[C@@H](c2ccc(Cl)c(Cl)c2)c2ccccc21		Rat | Dog | Human	Intraperitoneal; Intravenous; Oral | Intravenous; Oral | Oral	Acyl Glucuronide | Glucuronide	Bile; Feces; Plasma; Urine | Plasma | Bile	3
18053	MTB1112	Cyclization | Dehalogenation | Dephosphorylation | Hydrolysis | N-Carboxylation	1 of 2	MTB1112-EE	1112	5308	Cyclophosphamide	3-(2-Chloroethyl)oxazolid-2-one	O=P1(N(CCCl)CCCl)NCCCO1	O=C1OCCN1CCCl		Mouse (Female) | in vitro (Mouse Erythrocyte Hemolysate) | in vitro (Human Erythrocyte Hemolysate) | Rat	Intravenous		Erythrocytes | Urine	2
18086	MTB1112	Cyclization | Dehalogenation | Hydrolysis | Hydroxylation | N-Carboxylation	1 Step	MTB1112-BO	1112	21510	Cyclophosphamide		O=P1(N(CCCl)CCCl)NCCCO1	O=C1OCC(O)N1CCCl		Rat	Intravenous		Urine	1
5485	MTB383	O-Glucosidation	1 Step	MTB383-CL	383	66520	Ibuprofen		CC(C)Cc1ccc(C(C)C(=O)O)cc1	CC(C)Cc1ccc(C(C)C(=O)O[C@@H]2O[C@H](CO)[C@@H](O)[C@H](O)[C@H]2O)cc1	UDP-Glucuronosyltransferase (['UGT2B7'])	in vitro (Human Liver Microsomes)		Acyl Glucoside		1
7193	MTB505	Glycosidation | O-Glucosidation | O-Glycosidation	1 Step	MTB505-D	505	41404	Mycophenolic acid		COc1c(C)c2c(c(O)c1C/C=C(\C)CCC(=O)O)C(=O)OC2	COc1c(C)c2c(c(O[C@@H]3O[C@H](CO)[C@@H](O)[C@H](O)[C@H]3O)c1C/C=C(\C)CCC(=O)O)C(=O)OC2	UDP-Glucosyltransferase	in vitro (Human Liver Microsomes) | in vitro (Human Intestine Microsomes) | in vitro (Human Kidney Microsomes) | Human (Renal Transplant Patients)		O-Glucoside	Plasma | Urine	5
13467	MTB805	O-Glucosidation | O-Glycosidation	4 of 4 | 6 of 6 | 4 of 4 | 5 of 5 | 5 of 5 | 5 of 5 | 6 of 6 | 7 of 7	MTB805-K | MTB805-BQ | MTB805-DL | MTB805-DZ | MTB805-EK | MTB805-GO | MTB805-JS | MTB805-LJ	73334	73335			CC(O)/C(=C(\c1ccc(O)cc1)c1ccc(OCCN)cc1)c1ccc(O)cc1	CC(O[C@@H]1O[C@H](CO)[C@@H](O)[C@H](O)[C@H]1O)/C(=C(\c1ccc(O)cc1)c1ccc(OCCN)cc1)c1ccc(O)cc1	UDP-Glucuronosyltransferase	Human (Cancer Patients)	Oral	O-Glucoside	Plasma	1
13470	MTB805	O-Glucosidation | O-Glycosidation	5 of 5 | 7 of 7 | 5 of 5 | 6 of 6 | 6 of 6 | 6 of 6 | 7 of 7 | 8 of 8	MTB805-L | MTB805-BR | MTB805-DM | MTB805-EA | MTB805-EL | MTB805-GP | MTB805-JT | MTB805-LK	73336	73337			CC(O)/C(=C(/c1ccc(OCCN)cc1)c1ccc(O)c(O)c1)c1ccc(O)cc1	CC(O[C@@H]1O[C@H](CO)[C@@H](O)[C@H](O)[C@H]1O)/C(=C(/c1ccc(OCCN)cc1)c1ccc(O)c(O)c1)c1ccc(O)cc1	UDP-Glucuronosyltransferase	Human (Cancer Patients)	Oral	O-Glucoside	Plasma	1
13806	MTB807	O-Glucosidation	1 Step	MTB807-O	807	76643	Paeoniflorin		C[C@@]12C[C@@]3(O)O[C@@H](O1)[C@]1(COC(=O)c4ccccc4)[C@H]3C[C@@]12O[C@@H]1O[C@H](CO)[C@@H](O)[C@H](O)[C@H]1O	C[C@@]12C[C@@]3(O)O[C@@H](O1)[C@]1(COC(=O)c4ccccc4)[C@H]3C[C@@]12O[C@@H]1O[C@H](CO[C@@H]2O[C@H](CO)[C@@H](O)[C@H](O)[C@H]2O)[C@@H](O)[C@H](O)[C@H]1O		Rat	Oral	O-Glucoside	Urine | Bile	1
47	MTB5	N-Acylation | N-Formylation	1 Step	MTB5-L	5	37929	Aminoglutethimide		CCC1(c2ccc(N)cc2)CCC(=O)NC1=O	CCC1(c2ccc(NC=O)cc2)CCC(=O)NC1=O		Human			Urine	1
2486	MTB170	N-Acylation | N-Formylation	1 Step	MTB170-D	170	65320	Sulfadiazine		Nc1ccc(S(=O)(=O)Nc2ncccn2)cc1	O=CNc1ccc(S(=O)(=O)Nc2ncccn2)cc1		Pig	Oral		Feces + Urine	1
2592	MTB184	N-Acylation | N-Formylation	1 Step	MTB184-A	184	110	Sulfanilamide	Formylsulfanilamide	Nc1ccc(S(N)(=O)=O)cc1	NS(=O)(=O)c1ccc(NC=O)cc1	Formamidase	Dog | in vitro (Dog Intestine Flora) | in vitro (Dog Liver Cytosol)	Oral		Urine | Feces	1
5847	MTB420	N-Formylation	2 of 2 | 3 of 3	MTB420-E | MTB420-T	7983	19330	4-Aminoantipyrine		Cc1c(N)c(=O)n(-c2ccccc2)n1C	Cc1c(NC=O)c(=O)n(-c2ccccc2)n1C		Rat | Human | Rabbit | Guinea Pig	Oral		Urine	7
6428	MTB446	C-Oxidation | Hydrolysis | N-Dealkylation | N-Demethylation | N-Formylation | Oxidation | S-Dealkylation	1 of 3 | 1 of 4	MTB446-C | MTB446-D	446	19330	((2,3-Dihydro-1,5,-dimethyl-3-oxo-2-phenyl-1H-pyrazol-4-yl)methylamino)me+		Cc1c(N(C)CS(=O)(=O)O)c(=O)n(-c2ccccc2)n1C	Cc1c(NC=O)c(=O)n(-c2ccccc2)n1C		Human	Oral		Serum | Serum; Urine | Milk; Plasma | Urine | Plasma	5
1506	MTB75	Acetylcysteination | Isomerization | N-Acetylcysteination	3 of 3 | 2 of 2 | 4 of 4 | 5 of 5 | 4 of 4 | 4 of 4	MTB75-G | MTB75-AS | MTB75-BJ | MTB75-EP | MTB75-FJ | MTB75-IT	17747	26152	(Z)-2-Propyl-2,4-pentadienoic acid		C=C/C=C(/CCC)C(=O)O	CCCC(/C=C/CSC[C@H](NC(C)=O)C(=O)O)C(=O)O		Human	Oral	N-Acetylcysteine	Urine	2
7916	MTB552	Acetylcysteination | Aromatization | Conjugation | Hydrogenation | N-Acetylcysteination | Reduction | Tautomerization	3 of 4 | 3 of 4 | 3 of 5 | 3 of 5 | 3 of 6 | 3 of 5 | 2 of 3 | 2 of 3 | 2 of 4 | 2 of 4 | 2 of 5 | 2 of 4	MTB552-FI | MTB552-FJ | MTB552-FK | MTB552-FL | MTB552-FM | MTB552-FN | MTB552-NX | MTB552-NY | MTB552-NZ | MTB552-OA | MTB552-OB | MTB552-OC	12807	19784	N-Acetyl-p-benzoquinonimine		CC(=O)N=C1C=CC(=O)C=C1	CC(=O)Nc1ccc(O)c(SC[C@H](NC(C)=O)C(=O)O)c1	Glutathione Transferase	Human (Liver Resection Patients) | in vitro (Human Umbilical Vein Endothelial Cells and Mouse Hepatocytes) | in vitro (Mouse Liver Microsomes) | in vitro (Mouse Liver Microsomes, Nrf2-Null) | in vitro (Mouse Liver Microsomes, Keap1 Knockdown) | Human | Human (Female) | Rat | in vitro (Rat Liver Microsomes, Male) | in vitro (Rat Liver Microsomes, Female) | in vitro (Rat Kidney Microsomes, Male) | in vitro (Rat Kidney Microsomes, Female) | Mouse	Infusion | Oral | Intragastric | Intravenous	N-Acetylcysteine	Urine | Serum | Bile	13
7989	MTB552	Acetylcysteination | Aromatization	5 of 5 | 6 of 6 | 5 of 5 | 3 of 3 | 4 of 4	MTB552-EX | MTB552-MH | MTB552-UW | MTB552-WJ | MTB552-ZS	26590	26591			COC1=C/C(=N\C(C)=O)C=CC1=O	COc1cc(NC(C)=O)cc(SC[C@H](NC(C)=O)C(=O)O)c1O		Mouse	Intraperitoneal	N-Acetylcysteine	Urine	1
8014	MTB552	Acetylcysteination | Conjugation | Cysteination | Dehydroxylation | N-Acetylcysteination	1 Step	MTB552-FD	552	27385	Paracetamol		CC(=O)Nc1ccc(O)cc1	CC(=O)Nc1ccc(SC[C@H](NC(C)=O)C(=O)O)cc1	gamma-Glutamyltransferase | Glutathione Transferase	Human | Mouse (Male, Castrated) | Mouse (Male, Sham-Operated) | in vitro (Mouse Liver Microsomes) | in vitro (Mouse Kidney Microsomes) | Rat | in vitro (Micropig Liver Microsomes) | in vitro (Micropig Kidney Microsomes) | Baboon	Oral | Intraperitoneal | Intravenous	N-Acetylcysteine	Urine | Plasma	7
11244	MTB717	Acetylcysteination | Conjugation | Isomerization	1 of 2	MTB717-B	717	26152	2-n-Propyl-4-pentenoic acid		C=CCC(CCC)C(=O)O	CCCC(/C=C/CSC[C@H](NC(C)=O)C(=O)O)C(=O)O		Rat	Intraperitoneal	N-Acetylcysteine	Urine | Bile	2
5519	MTB383	Carboxylation	1 of 2	MTB383-FF	383	29157	Ibuprofen		CC(C)Cc1ccc(C(C)C(=O)O)cc1	CC(C(=O)O)c1ccc(CC(C)(C)C(=O)O)cc1		Human	Oral		Urine	1
9739	MTB693	C-Oxidation | Carboxylation	2 of 4 | 2 of 4 | 2 of 5 | 2 of 4 | 2 of 3 | 2 of 3 | 2 of 4	MTB693-AD | MTB693-AE | MTB693-AF | MTB693-AG | MTB693-AH | MTB693-AI | MTB693-AJ	2199	28830	MEHP		CCCCC(CC)COC(=O)c1ccccc1C(=O)O	CCC(CCCC(=O)O)COC(=O)c1ccccc1C(=O)O		Human (Female, Pregnant) | Human | Rat | in vitro (Human Liver Microsomes) | Human (Infant) | Human (Male) | Human (Children) | Rat (Female, Pregnant) | in vitro (Human Hepatocytes) | Human (Female) | Human (Female, Lactating) | Human (Adult) | Human (Neonatal)	Environmental Exposure | Oral | Occupational Exposure | Intravenous		Urine | Serum | Serum + Urine | Plasma | Feces | Fetus | Amniotic Fluid | Seminal Plasma | Milk | Saliva | Urine, Maternal | Urine, Neonatal	42
10599	MTB705	C-Oxidation | Carboxylation | O-Methylation	1 Step	MTB705-QG	705	25458	Benzo(a)pyrene		c1ccc2c(c1)cc1ccc3cccc4ccc2c1c34	COC(=O)c1cccc2c(=O)c3ccc4cccc5c(=O)cc(c12)-c3c45		Rat	Intraperitoneal		Urine	1
10620	MTB705	C-Oxidation | Carboxylation | O-Methylation	1 Step	MTB705-VQ	705	25456	Benzo(a)pyrene		c1ccc2c(c1)cc1ccc3cccc4ccc2c1c34	COC(=O)c1cccc2c1-c1ccc3c4c(ccc(c14)C2=O)C(=O)C=C3		Rat	Intraperitoneal		Urine	1
18055	MTB1112	Carboxylation | Dehalogenation | Dephosphorylation | Protein Binding | Ring Closure	4 of 4 | 3 of 3 | 3 of 3 | 2 of 2	MTB1112-AN | MTB1112-BJ | MTB1112-CY | MTB1112-DQ	1423	33171	Phosphoramide mustard		NP(=O)(O)N(CCCl)CCCl	*C(=O)[C@@H](NCCN1CCOC1=O)C(C)C		Human (Cancer Patients)		Valine	Blood	1
5579	MTB391	Denitration | Denitrogenation | Hydrolysis	1 of 2 | 1 of 3	MTB391-A | MTB391-B	391	5289	Isosorbide dinitrate	Isosorbide 5-nitrate	O=[N+]([O-])O[C@H]1CO[C@H]2[C@@H]1OC[C@H]2O[N+](=O)[O-]	O=[N+]([O-])O[C@@H]1CO[C@H]2[C@@H]1OC[C@@H]2O	Aldehyde Dehydrogenase (['ALDH2']) | Glutathione Transferase	Human | Rabbit | Human (Chinese) | Rat | Human (Male) | in vitro (Bovine Udder Perfusion) | in vitro (Human Erythrocytes) | in vitro (Human Hemolysate) | Dog	Inhalation | Intravenous | Infusion | Sublingual | Oral | Percutaneous | Sublingual (Spray) | Sublingual (Tablet)	Unspecified	Plasma | Serum | Plasma; Tissue | Feces; Urine | Urine	25
5583	MTB391	Denitration | Denitrogenation | Hydrolysis	1 of 3	MTB391-C	391	19266	Isosorbide dinitrate	Isosorbide 2-nitrate	O=[N+]([O-])O[C@H]1CO[C@H]2[C@@H]1OC[C@H]2O[N+](=O)[O-]	O=[N+]([O-])O[C@H]1CO[C@H]2[C@@H]1OC[C@H]2O	Glutathione Transferase	Human | Human (Chinese) | Rat | Human (Male) | in vitro (Bovine Udder Perfusion) | in vitro (Rat Urine) | in vitro (Human Erythrocytes) | in vitro (Human Hemolysate) | Dog	Inhalation | Infusion | Intravenous | Oral | Percutaneous | Sublingual (Spray) | Sublingual (Tablet) | Intravenous; Oral	O-Glucuronide	Plasma | Serum | Plasma; Tissue | Feces; Urine | Urine	24
5588	MTB391	Denitration | Elimination | N-Reduction	1 Step	MTB391-E	391	4081	Isosorbide dinitrate	Nitric oxide	O=[N+]([O-])O[C@H]1CO[C@H]2[C@@H]1OC[C@H]2O[N+](=O)[O-]	[N]=O	Cytochrome P450	Rat | in vitro (Bovine Heart Arterial Microsomes) | in vitro (Rat Plasma) | Rabbit | in vitro (Human Blood) | in vitro (Human Erythrocytes) | in vitro (Human Plasma) | in vitro (Human Hemolysate)	Oral | Infusion | Intravenous		Plasma | Urine | Aorta | Femoral Artery | Vena Cava | Mesenteric Bed | Heart | Lung | Kidney | Liver | Spleen | Blood	6
6526	MTB452	Denitration | Denitrogenation | Elimination | Hydrolysis | N-Reduction | Reduction	1 Step	MTB452-D	452	27250	Nitroglycerol		O=[N+]([O-])OCC(CO[N+](=O)[O-])O[N+](=O)[O-]	O=N[O-]	Glutathione Transferase (['GST pi', 'GST mu']) | Glutathione Transferase (['GST pi']) | Glutathione Transferase (['GST mu']) | Glutathione: Polyol Nitrate Oxidoreductase	in vitro (Human Liver Homogenate) | in vitro (Human Liver Cytosol) | in vitro (Human Liver Microsomes) | in vitro (Human Liver Mitochondria) | Rat | in vitro (Dog Vascular Tissue Homogenate) | in vitro (Human Glutathione Transferase) | in vitro (Rat Liver Glutathione Transferase) | in vitro (Human Liver Supernatant) | in vitro (Human Kidney Supernatant) | in vitro (Human Small Intestine Mucosa Supernatant) | in vitro (Human Serum)	Intraperitoneal		Plasma | Red Blood Cells | Heart | Liver | Aorta | Vena Cava	4
6529	MTB452	Denitration | Denitrosation | Elimination | Hydrolysis | N-Reduction | Radical Formation | Reduction	1 Step	MTB452-G	452	4081	Nitroglycerol	Nitric oxide	O=[N+]([O-])OCC(CO[N+](=O)[O-])O[N+](=O)[O-]	[N]=O	Cytochrome P450 | Cytochrome P450 (['CYP3A'])	in vitro (Rat Liver Cytosol) | in vitro (Rat Plasma) | in vitro (Rat Liver Microsomes) | in vitro (Rat Liver Mitochondria) | Rat | Human | in vitro (Mouse Skin Post-Mitochondrial Fraction) | in vitro (Bovine Pulmonary Artery Slices) | in vitro (Rabbit Lung Perfusion) | in vitro (Bovine Heart Arterial Microsomes) | in vitro (Rabbit Aorta Tissue, Male) | Rabbit | in vitro (Bovine Aortic Smooth Muscle Cells) | in vitro (Dog Vascular Tissue Homogenate) | in vitro (Human Glutathione Transferase) | in vitro (Rat Liver Glutathione Transferase)	Infusion | Intravenous | Transdermal		Plasma | Urine | Expired Air | Aorta | Femoral Artery | Vena Cava | Mesenteric Bed | Heart | Lung | Kidney | Liver | Spleen	14
400	MTB21	Deacylation | Hydrolysis	1 of 3	MTB21-F	21	17969	Bromisoval		CC(C)C(Br)C(=O)NC(N)=O	CC(C)C(Br)C(=O)O		Rat				2
542	MTB29	Deacylation | Ring Contraction	2 of 2	MTB29-AA	1477	17993	Carbamazepine 10,11-epoxide		NC(=O)N1c2ccccc2C2OC2c2ccccc21	Cc1c2ccccc2nc2ccccc12		Human			Urine	6
545	MTB29	Deacylation | Hydrolysis | N-Deacylation	1 of 3 | 1 of 4 | 1 of 4	MTB29-CR | MTB29-CS | MTB29-CT	29	3050	Carbamazepine	Iminostilbene	NC(=O)N1c2ccccc2C=Cc2ccccc21	C1=Cc2ccccc2Nc2ccccc21		Human | Human (Epilepsy Patients) | in vitro (Human Blood) | Rat	Oral	N-Glucuronide	Blood | Plasma | Urine, Postmortem | Vitreous Humor, Postmortem | Urine	13
551	MTB29	Deacylation | Ring Contraction	2 of 3	MTB29-AT	1477	10764	Carbamazepine 10,11-epoxide	Acridine	NC(=O)N1c2ccccc2C2OC2c2ccccc21	c1ccc2nc3ccccc3cc2c1		Human			Urine	3
570	MTB29	Deacylation | Hydroxylation | Ring Contraction	2 of 2	MTB29-AQ	1477	17997	Carbamazepine 10,11-epoxide		NC(=O)N1c2ccccc2C2OC2c2ccccc21	OCc1c2ccccc2nc2ccccc12		Human		O-Glucuronide	Urine	1
543	MTB29	Aromatization | Dehydrogenation | N-Decarboxylation	4 of 5 | 4 of 6 | 2 of 3 | 2 of 4 | 3 of 4 | 3 of 5	MTB29-AB | MTB29-AC | MTB29-GA | MTB29-GB | MTB29-GO | MTB29-GP	29556	17994			NC(=O)N1c2ccccc2C(C=O)c2ccccc21	O=Cc1c2ccccc2nc2ccccc12	Myeloperoxidase	in vitro (Human Neutrophils)				1
5064	MTB364	Hydrolysis | N-Deacylation | N-Decarboxylation	1 Step	MTB364-C	364	19140	Fentanyl		CCC(=O)N(c1ccccc1)C1CCN(CCc2ccccc2)CC1	c1ccc(CCN2CCC(Nc3ccccc3)CC2)cc1	Cytochrome P450	Human | Human (Neonatal) | in vitro (Human Liver Microsomes) | in vitro (Human Duodenum Microsomes) | Rat	Infusion | Subcutaneous		Urine | Plasma	7
9353	MTB670	Decarboxylation | Hydrolysis | N-Decarboxylation	1 of 5 | 1 of 2 | 1 of 4	MTB670-D | MTB670-E | MTB670-F	670	3516	Molsidomine	3-Morpholinosydnonimine	CCOC(=O)/N=c1\c[n+](N2CCOCC2)[n-]o1	N=c1c[n+](N2CCOCC2)[n-]o1		Human | in vitro (Rabbit Lung Perfusion) | Rat | in vitro (Rat Liver)	Oral | Intravenous		Plasma | Feces; Plasma; Urine | Urine	5
19600	MTB1260	N-Decarboxylation | Tautomerization	1 Step	MTB1260-B	1260	61000	Carbimazole		CCOC(=O)n1ccn(C)c1=S	Cn1ccnc1S		Cat	Oral		Plasma	1
19601	MTB1260	Decarboxylation | Hydrolysis | N-Decarboxylation	1 Step	MTB1260-C	1260	886	Carbimazole	Methimazole	CCOC(=O)n1ccn(C)c1=S	Cn1cc[nH]c1=S		in vitro (Rat Olfactory Mucosa S9 Fraction) | in vitro (Rat Liver S9 Fraction) | Human | Rat	Intravenous		Urine | Bile | Feces; Urine	9
6529	MTB452	Denitration | Denitrosation | Elimination | Hydrolysis | N-Reduction | Radical Formation | Reduction	1 Step	MTB452-G	452	4081	Nitroglycerol	Nitric oxide	O=[N+]([O-])OCC(CO[N+](=O)[O-])O[N+](=O)[O-]	[N]=O	Cytochrome P450 | Cytochrome P450 (['CYP3A'])	in vitro (Rat Liver Cytosol) | in vitro (Rat Plasma) | in vitro (Rat Liver Microsomes) | in vitro (Rat Liver Mitochondria) | Rat | Human | in vitro (Mouse Skin Post-Mitochondrial Fraction) | in vitro (Bovine Pulmonary Artery Slices) | in vitro (Rabbit Lung Perfusion) | in vitro (Bovine Heart Arterial Microsomes) | in vitro (Rabbit Aorta Tissue, Male) | Rabbit | in vitro (Bovine Aortic Smooth Muscle Cells) | in vitro (Dog Vascular Tissue Homogenate) | in vitro (Human Glutathione Transferase) | in vitro (Rat Liver Glutathione Transferase)	Infusion | Intravenous | Transdermal		Plasma | Urine | Expired Air | Aorta | Femoral Artery | Vena Cava | Mesenteric Bed | Heart | Lung | Kidney | Liver | Spleen	14
6533	MTB452	Denitrosation | Elimination	2 of 2	MTB452-J	35494	4081		Nitric oxide	*SN=O	[N]=O		in vitro (Bovine Pulmonary Artery)				1
8123	MTB557	Denitrosation | Hydrolysis	2 of 2	MTB557-E	38469	7336		Nitrous acid	N[C@@H](CCC(=O)N[C@@H](CSCCN(N=O)C(=O)NCCCl)C(=O)NCC(=O)O)C(=O)O	O=NO		in vitro (Mouse Liver Cytosol)				1
9356	MTB670	Denitrosation | Ring Opening	3 of 5 | 2 of 4	MTB670-C | MTB670-F	3516	20135	3-Morpholinosydnonimine		N=c1c[n+](N2CCOCC2)[n-]o1	N#C/C=N/N1CCOCC1		in vitro (Rabbit Lung Perfusion)				1
9359	MTB670	Denitrosation | Elimination	3 of 3 | 2 of 2	MTB670-B | MTB670-E	3516	4081	3-Morpholinosydnonimine	Nitric oxide	N=c1c[n+](N2CCOCC2)[n-]o1	[N]=O		in vitro (Rabbit Lung Perfusion)				1
550	MTB29	Decarbonylation	5 of 6 | 3 of 4 | 3 of 4 | 2 of 3 | 3 of 4 | 4 of 5	MTB29-AC | MTB29-AP | MTB29-CS | MTB29-FZ | MTB29-GB | MTB29-GP	17994	10764		Acridine	O=Cc1c2ccccc2nc2ccccc12	c1ccc2nc3ccccc3cc2c1		Human (Epilepsy Patients)			Plasma	1
6431	MTB446	Decarbonylation | Hydrolysis | N-Dealkylation | N-Deformylation	2 of 3 | 2 of 4 | 3 of 4 | 3 of 5	MTB446-C | MTB446-D | MTB446-N | MTB446-O	19330	7983		4-Aminoantipyrine	Cc1c(NC=O)c(=O)n(-c2ccccc2)n1C	Cc1c(N)c(=O)n(-c2ccccc2)n1C		Human (Female, Pregnant) | Human | Human (Hepatitis Patients)	Oral | Infusion		Urine, Neonatal | Plasma | Serum | Blood	4
13378	MTB802	Decarbonylation | Decarboxylation	5 of 5 | 6 of 6	MTB802-G | MTB802-O	29195	25302			O=C(O)C(=O)N(CCO)CCNC(=O)c1ccc(Cl)cc1	O=C(NCCNCCO)c1ccc(Cl)cc1		Human	Oral		Urine | Plasma	1
15040	MTB880	C-Demethylation | C-Hydroxylation | C-Oxidation | Chain Shortening | Decarbonylation | Demethylation | Oxidative Dealkylation	1 of 2	MTB880-F	880	20943	Pentoxifylline		CC(=O)CCCCn1c(=O)c2c(ncn2C)n(C)c1=O	Cn1cnc2c1c(=O)n(CCCCC(=O)O)c(=O)n2C	Cytochrome P450	Human (Chronic Heart Failure Patients) | Human | Chicken | Mouse | Human (Cancer Patients)	Oral | Intravenous | Intraperitoneal		Plasma | Serum | Plasma; Urine	12
22025	MTB1417	Decarbonylation	4 of 5 | 3 of 4	MTB1417-N | MTB1417-AB	17994	10764		Acridine	O=Cc1c2ccccc2nc2ccccc12	c1ccc2nc3ccccc3cc2c1		Human (Epilepsy Patients)			Plasma	1
5190	MTB379	O-Glycosidation	1 Step	MTB379-E	379	69298	Hydromorphone		CN1CC[C@]23c4c5ccc(O)c4O[C@H]2C(=O)CC[C@H]3[C@H]1C5	*Oc1ccc2c3c1O[C@H]1C(=O)CC[C@H]4[C@@H](C2)N(C)CC[C@]314		Human	Oral	O-Glycoside	Urine	1
7190	MTB505	Glycosidation | O-Glycosidation	1 Step	MTB505-A	505	45708	Mycophenolic acid		COc1c(C)c2c(c(O)c1C/C=C(\C)CCC(=O)O)C(=O)OC2	COc1c(C)c2c(c(O)c1C/C=C(\C)CCC(=O)O[C@@H]1O[C@H](CO)[C@@H](O)[C@H](O)[C@H]1O)C(=O)OC2		in vitro (Human Liver Microsomes) | in vitro (Human Intestine Microsomes) | in vitro (Human Kidney Microsomes) | Human (Renal Transplant Patients)		Acyl Glucoside | Glucoside	Plasma | Urine	3
7193	MTB505	Glycosidation | O-Glucosidation | O-Glycosidation	1 Step	MTB505-D	505	41404	Mycophenolic acid		COc1c(C)c2c(c(O)c1C/C=C(\C)CCC(=O)O)C(=O)OC2	COc1c(C)c2c(c(O[C@@H]3O[C@H](CO)[C@@H](O)[C@H](O)[C@H]3O)c1C/C=C(\C)CCC(=O)O)C(=O)OC2	UDP-Glucosyltransferase	in vitro (Human Liver Microsomes) | in vitro (Human Intestine Microsomes) | in vitro (Human Kidney Microsomes) | Human (Renal Transplant Patients)		O-Glucoside	Plasma | Urine	5
12477	MTB770	Glucosidation | O-Glycosidation	1 Step	MTB770-K	770	48810	Morphine		CN1CC[C@]23c4c5ccc(O)c4O[C@H]2[C@@H](O)C=C[C@H]3[C@H]1C5	CN1CC[C@]23c4c5ccc(O[C@@H]6O[C@H](CO)[C@@H](O)[C@H](O)[C@H]6O)c4O[C@H]2[C@@H](O)C=C[C@H]3[C@H]1C5	UDP-Glucuronosyltransferase (['UGT2B7']) | UDP-Glucuronosyltransferase (['UGT1A3', 'UGT1A9', 'UGT1A1', 'UGT1A10', 'UGT1A4', 'UGT2B4', 'UGT1A6', 'UGT2B17', 'UGT1A7;+'])	in vitro (Human Liver Microsomes) | in vitro (HEK 293 Cells Expressing Human UGT2B7) | in vitro (HEK 293 Cells Expressing Human UGT Isoenzymes) | Human	Oral	O-Glucoside	Urine	2
12485	MTB770	Glucosidation | O-Glycosidation	1 Step	MTB770-O	770	48809	Morphine		CN1CC[C@]23c4c5ccc(O)c4O[C@H]2[C@@H](O)C=C[C@H]3[C@H]1C5	CN1CC[C@]23c4c5ccc(O)c4O[C@H]2[C@@H](O[C@@H]2O[C@H](CO)[C@@H](O)[C@H](O)[C@H]2O)C=C[C@H]3[C@H]1C5		Human	Oral	O-Glucoside	Urine	1
1	MTB1	Deacetylation | Dehydrohalogenation	1 Step	MTB1-A	1	17868	Acecarbromal		CCC(Br)(CC)C(=O)NC(=O)NC(C)=O	C/C=C(/CC)C(=O)NC(N)=O		in vitro (Rabbit Liver Homogenate)				1
2	MTB1	Deacetylation	1 of 2	MTB1-B	1	34	Acecarbromal	Carbromal	CCC(Br)(CC)C(=O)NC(=O)NC(C)=O	CCC(Br)(CC)C(=O)NC(N)=O		in vitro (Rabbit Liver Homogenate) | Rabbit			Urine	4
279	MTB15	Deacetylation	2 of 4	MTB15-A	17933	17937			CCN(CC)C(=O)C1CN2CCc3cc(O)c(OC)cc3C2CC1OC(C)=O	CCN(CC)C(=O)C1CN2CCc3cc(O)c(OC)cc3C2CC1O		Dog | Human		Unspecified	Feces; Urine | Urine	2
290	MTB15	Deacetylation	1 of 3	MTB15-E	15	17934	Benzquinamide		CCN(CC)C(=O)C1CN2CCc3cc(OC)c(OC)cc3C2CC1OC(C)=O	CCN(CC)C(=O)C1CN2CCc3cc(OC)c(OC)cc3C2CC1O		Human | Dog			Urine | Feces; Urine	2
1178	MTB51	Deacetylation | Deacylation | Hydrolysis | N-Deacetylation | N-Deacylation | O-Deacetylation | O-Deacylation	1 of 3 | 1 of 2 | 1 of 3 | 1 of 3 | 1 of 4 | 1 of 4 | 1 of 4 | 1 of 5 | 1 of 4 | 1 of 2 | 1 of 4 | 1 of 4 | 1 of 4 | 1 of 5 | 1 of 3 | 1 of 3 | 1 of 4 | 1 of 4 | 1 of 3	MTB51-BX | MTB51-BY | MTB51-BZ | MTB51-CA | MTB51-CB | MTB51-CC | MTB51-CD | MTB51-CE | MTB51-CF | MTB51-CG | MTB51-CH | MTB51-CI | MTB51-CJ | MTB51-CK | MTB51-CL | MTB51-CM | MTB51-CN | MTB51-CO | MTB51-CP	51	4070	Diltiazem	Deacetyldiltiazem	COc1ccc([C@@H]2Sc3ccccc3N(CCN(C)C)C(=O)[C@@H]2OC(C)=O)cc1	COc1ccc([C@@H]2Sc3ccccc3N(CCN(C)C)C(=O)[C@@H]2O)cc1	Carboxylesterase (['CES2A']) | Esterase | Cytochrome P450 | Cytochrome P450 (['CYP3A4']) | Deacetylase | Cytochrome P450 (['CYP3A7'])	Human (Renal Transplant Patients) | in vitro (Rat Liver Microsomes) | in vitro (Rat Intestine Microsomes) | in vitro (Rat Liver Cytosol) | in vitro (Human Liver Microsomes) | in vitro (Human Intestine Microsomes) | in vitro (Human Kidney Microsomes) | in vitro (Human Lung Microsomes) | in vitro (Rat Kidney Microsomes) | in vitro (Rat Lung Microsomes) | in vitro (Monkey Liver Microsomes) | in vitro (Monkey Intestine Microsomes) | in vitro (Monkey Kidney Microsomes) | in vitro (Monkey Lung Microsomes) | in vitro (Dog Liver Microsomes) | in vitro (Dog Intestine Microsomes) | in vitro (Dog Kidney Microsomes) | in vitro (Dog Lung Microsomes) | in vitro (Mouse Liver Microsomes) | in vitro (Mouse Intestine Microsomes) | in vitro (Mouse Kidney Microsomes) | in vitro (Mouse Lung Microsomes) | Human | Rat | Rat (Sprague-Dawley) | Rat (Wistar-Kyoto) | Rat (Hypertensive) | in vitro (Rat Liver S9 Fraction) | in vitro (Human Liver S9 Fraction) | in vitro (Rat Intestine Perfusion) | in vitro (Rat Intestine) | Horse | Rabbit | Rabbit (Female, Lactating) | in vitro (Rabbit Milk) | in vitro (Rabbit Mammary Supernatant) | Human (Overdosed) | Human (Extensive Metabolizer) | Human (Poor Metabolizer) | Rabbit (Diabetic) | in vitro (Rabbit Liver Homogenate) | in vitro (Rabbit Lung Homogenate) | in vitro (Rabbit Brain Homogenate) | in vitro (Rabbit Gut Homogenate) | in vitro (Rabbit Blood) | Dog | Rabbit (Female, Pregnant) | in vitro (Human Liver Epithelium Cells, Transfected) | in vitro (Human Liver Epithelium Cells) | in vitro (Rat Jejunum) | Rabbit (Female) | Human (Healthy) | in vitro (Rabbit Small Intestine Homogenate) | Rabbit (Male) | in vitro (Rabbit Intestine Homogenate) | Rat (Male) | in vitro (Rat Hepatocytes) | in vitro (Rat Plasma) | in vitro (Rat Liver Homogenate) | in vitro (Rabbit Kidney Homogenate) | in vitro (Rat Liver Perfusion) | Human (Female) | Human (Male) | in vitro (Rabbit Liver Microsomes) | in vitro (Rat Intestine Supernatant) | in vitro (Rat Brain Supernatant) | in vitro (Rat Heart Supernatant) | in vitro (Rat Lung Supernatant) | in vitro (Rat Kidney Supernatant) | in vitro (Rat Red Blood Cells) | in vitro (Rat Liver Lysosomes) | in vitro (Rat Liver Mitochondria) | in vitro (Rat Liver Soluble Fraction) | Rat (Bile Duct Cannulated)	Oral | Intravenous | Subcutaneous | Intraperitoneal | Intraarterial | Intraintestinal | Infusion | Intraduodenal		Plasma | Perfusate | Blood | Urine | Milk | Brain | Lung | Heart | Liver | Kidney | Bile | Liver, Neonatal | Lung, Neonatal | Brain, Neonatal | Intestine, Neonatal | Blood, Neonatal | Fat | Muscle | Uterus | Spleen | Blood, Fetal | Brain, Fetal | Muscle, Fetal | Liver, Fetal | Kidney, Fetal | Heart, Fetal | Lung, Fetal | Spleen, Fetal | Stomach Contents | Serum | Small Intestine | Intestine | Plasma; Urine | Feces; Plasma; Urine	95
7551	MTB520	Conjugation | Polyglutamation	1 of 4	MTB520-D	520	39433	Aminopterin		Nc1nc(N)c2nc(CNc3ccc(C(=O)N[C@@H](CCC(=O)O)C(=O)O)cc3)cnc2n1	Nc1nc(N)c2nc(CNc3ccc(C(=O)N[C@@H](CCC(=O)O)C(=O)N[C@@H](CCC(=O)O)C(=O)O)cc3)cnc2n1	Folylpolyglutamate Synthetase	in vitro (Human Leukemia Blasts) | in vitro (Human Cancer Cell Cytosol)		Polyglutamic Acid | Glutamic Acid		2
7552	MTB520	Conjugation | Polyglutamation	2 of 4	MTB520-D	39433	58395			Nc1nc(N)c2nc(CNc3ccc(C(=O)N[C@@H](CCC(=O)O)C(=O)N[C@@H](CCC(=O)O)C(=O)O)cc3)cnc2n1	Nc1nc(N)c2nc(CNc3ccc(C(=O)N[C@@H](CCC(=O)O)C(=O)N[C@@H](CCC(=O)N[C@@H](CCC(=O)O)C(=O)O)C(=O)O)cc3)cnc2n1		in vitro (Human Leukemia Blasts)		Polyglutamic Acid		1
7553	MTB520	Conjugation | Polyglutamation	3 of 4	MTB520-D	58395	58396			Nc1nc(N)c2nc(CNc3ccc(C(=O)N[C@@H](CCC(=O)O)C(=O)N[C@@H](CCC(=O)N[C@@H](CCC(=O)O)C(=O)O)C(=O)O)cc3)cnc2n1	Nc1nc(N)c2nc(CNc3ccc(C(=O)N[C@@H](CCC(=O)O)C(=O)N[C@@H](CCC(=O)N[C@@H](CCC(=O)N[C@@H](CCC(=O)O)C(=O)O)C(=O)O)C(=O)O)cc3)cnc2n1		in vitro (Human Leukemia Blasts)		Polyglutamic Acid		1
7554	MTB520	Conjugation | Polyglutamation	4 of 4	MTB520-D	58396	58397			Nc1nc(N)c2nc(CNc3ccc(C(=O)N[C@@H](CCC(=O)O)C(=O)N[C@@H](CCC(=O)N[C@@H](CCC(=O)N[C@@H](CCC(=O)O)C(=O)O)C(=O)O)C(=O)O)cc3)cnc2n1	Nc1nc(N)c2nc(CNc3ccc(C(=O)N[C@@H](CCC(=O)O)C(=O)N[C@@H](CCC(=O)N[C@@H](CCC(=O)N[C@@H](CCC(=O)N[C@@H](CCC(=O)O)C(=O)O)C(=O)O)C(=O)O)C(=O)O)cc3)cnc2n1		in vitro (Human Leukemia Blasts)		Polyglutamic Acid		1
17260	MTB1033	Polyglutamation	1 of 4	MTB1033-D	1033	12513	Methotrexate	Methotrexate tetraglutamate	CN(Cc1cnc2nc(N)nc(N)c2n1)c1ccc(C(=O)N[C@@H](CCC(=O)O)C(=O)O)cc1	CN(Cc1cnc2nc(N)nc(N)c2n1)c1ccc(C(=O)N[C@@H](CCC(=O)N[C@@H](CCC(=O)N[C@@H](CCC(=O)N[C@@H](CCC(=O)O)C(=O)O)C(=O)O)C(=O)O)C(=O)O)cc1	Folylpolyglutamate Synthase	Human (Rheumatoid Arthritis Patients)	Oral	Polyglutamic Acid	Red Blood Cells	1
2475	MTB169	Azo Cleavage | Hydrogenation	1 Step	MTB169-A	169	18483	Sulfamidochrysoidine		Nc1ccc(/N=N/c2ccc(S(N)(=O)=O)cc2)c(N)c1	Nc1ccc(N)c(N)c1		Hamster | Mouse | Guinea Pig | Rat | Human	Intraperitoneal; Oral		Urine | Feces; Urine	5
2476	MTB169	Azo Cleavage | Hydrogenation	1 of 2	MTB169-B	169	184	Sulfamidochrysoidine	Sulfanilamide	Nc1ccc(/N=N/c2ccc(S(N)(=O)=O)cc2)c(N)c1	Nc1ccc(S(N)(=O)=O)cc1		Hamster | Mouse | Guinea Pig | Rat | Human	Intraperitoneal; Oral		Urine | Feces; Urine	5
3965	MTB262	Azo Cleavage | Cleavage | Elimination | Hydrogenation | N-Deamination | N-Reduction | Reduction	1 of 2 | 1 of 2 | 1 of 3	MTB262-A | MTB262-B | MTB262-C	262	183	Salazosulfapyridine	Sulfapyridine	O=C(O)c1cc(/N=N/c2ccc(S(=O)(=O)Nc3ccccn3)cc2)ccc1O	Nc1ccc(S(=O)(=O)Nc2ccccn2)cc1	Azo Reductase	Rat | in vitro (Rat Colon Contents) | in vitro (Rat Ileum Contents) | Rat (Bcrp Knockout) | Rat (Mdr1a Knockout) | Rat (Mrp2 Knockout) | Human | Human (Intermediate Acetylator) | Human (Rapid Acetylator) | Human (Slow Acetylator) | Monkey | Dog | Pig | Human (Male) | Mouse (Male) | Mouse (Female) | Mouse	Oral | Rectal | Intraileal | Intravenous | Intraperitoneal; Oral	Glucuronide | Acetate	Plasma | Urine | Serum | Serum; Synovial Fluid; Urine | Feces; Urine	33
3971	MTB262	Azo Cleavage | N-Acetylation | N-Reduction | Reduction	1 of 2	MTB262-H	262	2076	Salazosulfapyridine	N4-Acetylsulfapyridine	O=C(O)c1cc(/N=N/c2ccc(S(=O)(=O)Nc3ccccn3)cc2)ccc1O	CC(=O)Nc1ccc(S(=O)(=O)Nc2ccccn2)cc1		Human | Mouse (Male) | Mouse (Female)	Oral | Intravenous	N-Acetate | Glucuronide	Plasma | Serum; Synovial Fluid; Urine	3
3976	MTB262	Azo Cleavage | Cleavage | Hydrogenation | N-Deamination | N-Reduction	1 of 2	MTB262-F	262	935	Salazosulfapyridine	5-Aminosalicylic acid	O=C(O)c1cc(/N=N/c2ccc(S(=O)(=O)Nc3ccccn3)cc2)ccc1O	Nc1ccc(O)c(C(=O)O)c1	Azo Reductase | Azobenzene Reductase	in vitro (Human Feces) | Rat | in vitro (Rat Colon Contents) | in vitro (Rat Ileum Contents) | Human | Monkey | in vitro (Rat Intestine Contents) | Dog | in vitro (Rat Cecum Contents) | in vitro (Rat Small Intestine Contents) | Mouse	Oral | Intravenous | Intraperitoneal; Oral	Acetate	Plasma | Urine | Feces | Serum | Cecum | Colon | Rectum | Stomach | Duodenum | Jejunum | Ileum | Feces; Urine	25
1877	MTB114	Acetylation | Hydrolysis	1 Step	MTB114-C	114	18276	Glipizide		Cc1cnc(C(=O)NCCc2ccc(S(=O)(=O)NC(=O)NC3CCCCC3)cc2)cn1	CC(=O)NCCc1ccc(S(=O)(=O)NC(=O)NC2CCCCC2)cc1		Human | Dog | Rat | in vitro (Rat Liver)	Oral | Intravenous; Oral		Urine | Feces; Urine	4
2500	MTB171	Acetylation | N-Acetylation | N-Acylation	1 of 2 | 1 of 2	MTB171-F | MTB171-G	171	2816	Sulfadimethoxine	N4-Acetylsulphadimethoxine	COc1cc(NS(=O)(=O)c2ccc(N)cc2)nc(OC)n1	COc1cc(NS(=O)(=O)c2ccc(NC(C)=O)cc2)nc(OC)n1		Bull | Pig | Salmo Salar | Chicken | Human | Rabbit | Monkey | Cat | in vitro (Rabbit Liver Homogenate)	Intravenous | Oral	N-Acetate | N-Glucuronide	Plasma | Urine | Kidney | Saliva | Liver | Skeletal Muscle | Adipose | Muscle | Bile | Heart | Lung | Gall Bladder | Spleen | Blood | Breast Muscle | Thigh Muscle | Gizzard | Glandular Stomach | Duodenum | Cecum | Rectum | Skin | Quill | Vexillum | Feces + Urine | Cecum Contents | Plasma; Tissue | Feces; Urine	18
2570	MTB177	Acetylation | N-Acetylation	2 of 2	MTB177-V	18499	18500			Nc1ccc(S(=O)(=O)Nc2cc(CO)on2)cc1	CC(=O)Nc1ccc(S(=O)(=O)Nc2cc(CO)on2)cc1		Human	Oral	N-Acetate	Urine | Plasma	4
4055	MTB273	Acetylation | N-Acetylation | N-Acylation	3 of 4 | 2 of 3	MTB273-A | MTB273-I	2825	2826	7-Aminonitrazepam	7-(Acetylamino)nitrazepam	Nc1ccc2c(c1)C(c1ccccc1)=NCC(=O)N2	CC(=O)Nc1ccc2c(c1)C(c1ccccc1)=NCC(=O)N2	N-Acetyltransferase | Cytochrome P450 Reductase	Rat (Female, Pregnant) | Mouse (Female, Pregnant) | Rat	Oral	N-Acetate	Plasma | Embryo | Urine | Feces; Urine	4
4956	MTB352	Acetylation | Conjugation	1 Step	MTB352-F	352	19095	Acetanilide		CC(=O)Nc1ccccc1	CC(=O)Nc1cccc(SC[C@H](NC(C)=O)C(=O)O)c1		Rat	Intraperitoneal		Urine	1
3537	MTB226	C-Deacylation | C-Dealkylation | C-Oxidation | Cleavage | Deacylation | Oxidation	1 of 2 | 1 of 2	MTB226-D | MTB226-E	226	6849	Dexamethasone	11beta-Hydroxy-16alpha-methyl-9-fluoroandrosta-1,4-diene-3,17-dione	C[C@@H]1C[C@H]2[C@@H]3CCC4=CC(=O)C=C[C@]4(C)[C@@]3(F)[C@@H](O)C[C@]2(C)[C@@]1(O)C(=O)CO	C[C@@H]1C[C@H]2[C@@H]3CCC4=CC(=O)C=C[C@]4(C)[C@@]3(F)[C@@H](O)C[C@]2(C)C1=O	Cytochrome P450 (['CYP17']) | C17,20 Lyase	in vitro (Human Kidney Microsomes) | in vitro (Human Kidney Cytosol) | in vitro (Human Liver Microsomes) | in vitro (Human Liver Cytosol) | Horse	Intramuscular		Urine	4
15031	MTB880	C-Deacylation | C-Oxidation | Chain Shortening | Decarboxylation | Oxidative Dealkylation	1 Step	MTB880-B	880	20941	Pentoxifylline		CC(=O)CCCCn1c(=O)c2c(ncn2C)n(C)c1=O	Cn1cnc2c1c(=O)n(CCCC(=O)O)c(=O)n2C	Cytochrome P450	Human | Chicken | Rabbit | Human (Cancer Patients) | Mouse	Oral | Intravenous | Subcutaneous | Intraperitoneal		Plasma | Plasma; Urine	16
22842	MTB1483	C-Deacylation | C-Oxidation	3 of 4 | 4 of 5 | 4 of 5 | 3 of 4 | 4 of 5	MTB1483-G | MTB1483-V | MTB1483-AT | MTB1483-AU | MTB1483-CF	12292	2077	5alpha-Pregnane-3alpha,17alpha-diol-20-one	Androsterone	CC(=O)[C@@]1(O)CC[C@H]2[C@@H]3CC[C@H]4C[C@H](O)CC[C@]4(C)[C@H]3CC[C@@]21C	C[C@]12CC[C@@H](O)C[C@@H]1CC[C@@H]1[C@@H]2CC[C@]2(C)C(=O)CC[C@@H]12	Cytochrome P450 (['CYP17A1']) | Cytochrome P450 (['CYP17']) | Steroid 17alpha-Hydroxylase	in vitro (Human Prostate Cancer Cells, LNCaP) | in vitro (Mouse Tumor, Human LNCaP Tumor Bearing) | in vitro (Mouse Tumor, Human LNCaP Tumor Bearing, Castrated) | in vitro (Wallaby Testes, Young)				2
22844	MTB1483	C-Deacylation | C-Dealkylation | C-Oxidation | Chain Shortening | Deacetylation | Deacylation | Decarbonylation | Dehydrogenation | Elimination | Oxidation | Oxidative Dealkylation	2 of 4 | 2 of 5 | 2 of 3	MTB1483-AP | MTB1483-AQ | MTB1483-AR	2859	1559	17alpha-Hydroxyprogesterone	Androst-4-en-3,17-dione	CC(=O)[C@@]1(O)CC[C@H]2[C@@H]3CCC4=CC(=O)CC[C@]4(C)[C@H]3CC[C@@]21C	C[C@]12CCC(=O)C=C1CC[C@@H]1[C@@H]2CC[C@]2(C)C(=O)CC[C@@H]12	Cytochrome P450 (['CYP17A1']) | Cytochrome P450 (['CYP17']) | 17alpha-Hydroxylase-C17,20-Lyase | C17,20 Lyase | Lyase | Cytochrome P450 | Cytochrome P450 (['CYP17A2']) | Steroid 17alpha-Hydroxylase | 17alpha-Hydroxylase-C17,20-Lyase (['CYP17']) | beta-Lyase	in vitro (Human Prostate Cancer Cells, C4-2AT6) | in vitro (Human Prostate Cancer Cells, C4-2) | in vitro (Human Testis Microsomes) | in vitro (Rat Testis Microsomes) | in vitro (Rat Leydig Cells) | in vitro (COS-7 Cells, Transfected) | in vitro (Human Kidney 293 Cells, Transfected) | in vitro (Fish Ovary Follicle Microsomes) | in vitro (Human Prostate Cancer Cells, LNCaP) | in vitro (Mouse Tumor, Human LNCaP Tumor Bearing) | in vitro (Mouse Tumor, Human LNCaP Tumor Bearing, Castrated) | in vitro (Rat Pancreas Microsomes) | in vitro (COS-1 Cells Expressing Goat CYP17) | in vitro (COS-1 Cells Expressing Human CYP17) | in vitro (COS-1 Cells Expressing Baboon CYP17) | in vitro (Human Kidney 293 Cells Expressing Fish CYP17A1, Embryonic) | in vitro (Human Kidney 293 Cells Expressing Fish CYP17A2, Embryonic) | in vitro (COS-1 Cells Expressing Angora Goat CYP17 ACS- and Cytochrome b5+ | in vitro (COS-1 Cells Expressing Angora Goat CYP17 ACS+ L41P and Cytochro+ | in vitro (COS-1 Cells Expressing Angora Goat CYP17 ACS+) | in vitro (COS-1 Cells Expressing Angora Goat CYP17 ACS-) | in vitro (COS-1 Cells Expressing Angora Goat CYP17 ACS+ L41P) | in vitro (COS-1 Cells Expressing Angora Goat CYP17 ACS- P41L) | in vitro (COS-1 Cells Expressing Angora Goat CYP17 ACS+ and Cytochrome b5+ | in vitro (COS-1 Cells Expressing Angora Goat CYP17 ACS- P41L and Cytochro+ | Frog | in vitro (Frog Ovary Follicles) | in vitro (Frog Ovary Follicle Cytosol) | in vitro (Frog Ovary Follicle Mitochondria) | in vitro (Frog Ovary Follicle Microsomes) | in vitro (Frog Eggs, Ovulated) | in vitro (Frog Embryonic Cells) | in vitro (Frog Oocyte Membranes) | in vitro (Human Testis Tumor) | in vitro (Mouse Leydig Cell Microsomes, MA-10) | in vitro (Rat Testis Microsomes, Neonatal) | in vitro (Rat Kidney Microsomes, Male, Neonatal) | in vitro (Rat Kidney Microsomes, Female, Neonatal) | in vitro (Rat Kidney Microsomes, Male, 7 Days) | in vitro (Rat Kidney Microsomes, Female, 7 Days) | in vitro (Rat Kidney Microsomes, Male, 15 Days) | in vitro (Rat Kidney Microsomes, Female, 15 Days) | in vitro (Rat Kidney Microsomes, Male, 30 Days) | in vitro (Rat Kidney Microsomes, Female, 30 Days) | in vitro (Rat Kidney Microsomes, Male, 60 Days) | in vitro (Rat Kidney Microsomes, Female, 60 Days) | in vitro (Rat Kidney Microsomes, Male, 365 Days) | in vitro (Rat Kidney Microsomes, Female, 365 Days) | in vitro (Human Testis Microsomes, Fetal) | in vitro (Wallaby Testes, Young) | in vitro (HEK 293T Cells, Transfected) | in vitro (Sheep Adrenal Microsomes) | in vitro (Monkey Kidney COS-1 Cells, Transfected) | in vitro (Rat Liver Microsomes) | in vitro (Rat Testis Microsomes, 30 Days) | in vitro (Chicken Ovary Theca Cells) | in vitro (Rat Duodenum Homogenate) | in vitro (Rat Testis Homogenate)	Intraperitoneal		Egg, Ovulated	29
22845	MTB1483	C-Deacylation | C-Oxidation | Deacetylation	1 of 3 | 1 of 4 | 1 of 2	MTB1483-BM | MTB1483-BN | MTB1483-BO	1483	1559	Progesterone	Androst-4-en-3,17-dione	CC(=O)[C@H]1CC[C@H]2[C@@H]3CCC4=CC(=O)CC[C@]4(C)[C@H]3CC[C@]12C	C[C@]12CCC(=O)C=C1CC[C@@H]1[C@@H]2CC[C@]2(C)C(=O)CC[C@@H]12	Cytochrome P450 (['CYP17']) | Cytochrome P450 (['CYP2C']) | 17alpha-Hydroxylase | C17,20 Lyase | Cytochrome P450	in vitro (Rat Leydig Cells) | in vitro (Rat Testis Leydig Cells) | in vitro (Frog Indifferent Gonad) | in vitro (Frog Testes) | in vitro (Rat Liver Microsomes) | in vitro (Human Testis Microsomes) | in vitro (Rat Testis Homogenate)				6
399	MTB21	N-Acetylation | N-Conjugation	1 Step	MTB21-E	21	17973	Bromisoval		CC(C)C(Br)C(=O)NC(N)=O	CC(=O)N[C@@H](CS)C(=O)NC(=O)NC(=O)C(Br)C(C)C		Human	Oral		Urine	1
7933	MTB552	Conjugation | N-Acylation | N-Conjugation	4 of 5 | 3 of 4 | 4 of 5 | 6 of 7 | 5 of 6 | 6 of 7 | 5 of 6 | 4 of 5 | 5 of 6 | 7 of 8 | 6 of 7 | 2 of 3 | 5 of 6 | 4 of 5 | 3 of 4 | 4 of 5 | 6 of 7 | 5 of 6 | 3 of 4 | 5 of 6 | 4 of 5	MTB552-Q | MTB552-AJ | MTB552-CF | MTB552-DE | MTB552-DX | MTB552-GQ | MTB552-HJ | MTB552-IO | MTB552-JP | MTB552-KO | MTB552-LH | MTB552-MX | MTB552-PF | MTB552-PY | MTB552-RD | MTB552-SE | MTB552-TD | MTB552-TW | MTB552-XA | MTB552-XZ | MTB552-YS	3509	43035	S-(5-Acetylamino-2-hydroxyphenyl)-L-cysteine		CC(=O)Nc1ccc(O)c(SC[C@H](N)C(=O)O)c1	CC(=O)Nc1ccc(O)c(SC[C@H](NC(=O)CC[C@H](N)C(=O)O)C(=O)O)c1	gamma-Glutamyltranspeptidase	Mouse | Rat	Intraperitoneal | Oral	Glutamic Acid	Urine | Bile	2
11893	MTB749	Glycosidation | N-Conjugation | N-Glycosidation | Tautomerization	1 of 6 | 1 of 6 | 1 of 7 | 1 of 5 | 1 of 5 | 1 of 4 | 1 of 10 | 1 of 11 | 1 of 11 | 1 of 12 | 1 of 10 | 1 of 10 | 1 of 7 | 1 of 9 | 1 of 10 | 1 of 10 | 1 of 11 | 1 of 9 | 1 of 9 | 1 of 6 | 1 of 4 | 1 of 8 | 1 of 9 | 1 of 9 | 1 of 10 | 1 of 8 | 1 of 8 | 1 of 5 | 1 of 7 | 1 of 8 | 1 of 8 | 1 of 9 | 1 of 7 | 1 of 7 | 1 of 4 | 1 of 3 | 1 of 4 | 1 of 3 | 1 of 3 | 1 of 5 | 1 of 6 | 1 of 6 | 1 of 7 | 1 of 5 | 1 of 5 | 1 of 3 | 1 of 7 | 1 of 7 | 1 of 8 | 1 of 6 | 1 of 6 | 1 of 5 | 1 of 11 | 1 of 12 | 1 of 12 | 1 of 13 | 1 of 11 | 1 of 11 | 1 of 8 | 1 of 10 | 1 of 11 | 1 of 11 | 1 of 12 | 1 of 10 | 1 of 10 | 1 of 7 | 1 of 9 | 1 of 10 | 1 of 10 | 1 of 11 | 1 of 9 | 1 of 9 | 1 of 6 | 1 of 8 | 1 of 9 | 1 of 9 | 1 of 10 | 1 of 8 | 1 of 8 | 1 of 5 | 1 of 4 | 1 of 5 | 1 of 9 | 1 of 10 | 1 of 10 | 1 of 11 | 1 of 9 | 1 of 9 | 1 of 6 | 1 of 8 | 1 of 9 | 1 of 9 | 1 of 10 | 1 of 8 | 1 of 8 | 1 of 5 | 1 of 3 | 1 of 9 | 1 of 10 | 1 of 10 | 1 of 11 | 1 of 9 | 1 of 9 | 1 of 6 | 1 of 8 | 1 of 9 | 1 of 9 | 1 of 10 | 1 of 8 | 1 of 8 | 1 of 5 | 1 of 4 | 1 of 5 | 1 of 4	MTB749-FI | MTB749-FJ | MTB749-FK | MTB749-FL | MTB749-FM | MTB749-FN | MTB749-FO | MTB749-FP | MTB749-FQ | MTB749-FR | MTB749-FS | MTB749-FT | MTB749-FU | MTB749-FV | MTB749-FW | MTB749-FX | MTB749-FY | MTB749-FZ | MTB749-GA | MTB749-GB | MTB749-GC | MTB749-GD | MTB749-GE | MTB749-GF | MTB749-GG | MTB749-GH | MTB749-GI | MTB749-GJ | MTB749-GK | MTB749-GL | MTB749-GM | MTB749-GN | MTB749-GO | MTB749-GP | MTB749-GQ | MTB749-GR | MTB749-GS | MTB749-GT | MTB749-GU | MTB749-GV | MTB749-GW | MTB749-GX | MTB749-GY | MTB749-GZ | MTB749-HA | MTB749-HB | MTB749-HC | MTB749-HD | MTB749-HE | MTB749-HF | MTB749-HG | MTB749-HH | MTB749-HI | MTB749-HJ | MTB749-HK | MTB749-HL | MTB749-HM | MTB749-HN | MTB749-HO | MTB749-HP | MTB749-HQ | MTB749-HR | MTB749-HS | MTB749-HT | MTB749-HU | MTB749-HV | MTB749-HW | MTB749-HX | MTB749-HY | MTB749-HZ | MTB749-IA | MTB749-IB | MTB749-IC | MTB749-ID | MTB749-IE | MTB749-IF | MTB749-IG | MTB749-IH | MTB749-II | MTB749-IJ | MTB749-IK | MTB749-IL | MTB749-IM | MTB749-IN | MTB749-IO | MTB749-IP | MTB749-IQ | MTB749-IR | MTB749-IS | MTB749-IT | MTB749-IU | MTB749-IV | MTB749-IW | MTB749-IX | MTB749-IY | MTB749-IZ | MTB749-JA | MTB749-JB | MTB749-JC | MTB749-JD | MTB749-JE | MTB749-JF | MTB749-JG | MTB749-JH | MTB749-JI | MTB749-JJ | MTB749-JK | MTB749-JL | MTB749-JM | MTB749-JN | MTB749-JO | MTB749-JP | MTB749-JQ | MTB749-JR	749	1034	Mercaptopurine	Thioinosine	S=c1[nH]cnc2[nH]cnc12	OC[C@H]1O[C@@H](n2cnc3c(=S)[nH]cnc32)[C@H](O)[C@@H]1O	Orthophosphate Ribosyltransferase	Human (Children, Leukemia Patients) | Human (Children) | Human	Intravenous | Oral		Plasma | Urine | Plasma; Urine	6
13157	MTB795	N-Acetylation | N-Conjugation	1 Step	MTB795-A	795	20642	Elliptinium hydroxide		Cc1c2cc[n+](C)cc2c(C)c2c1[nH]c1ccc(O)cc12.[OH-]	CC(=O)NC(CS)C(=O)n1c2ccc(O)cc2c2c(C)c3c[n+](C)ccc3c(C)c21		Rat	Intravenous		Bile; Urine	1
13308	MTB800	N-Conjugation	2 of 2	MTB800-AG	991	48103	Norantipyrine		CC1=NN(c2ccccc2)C(=O)C1	*[N+]1=C(C)CC(=O)N1c1ccccc1		Horse	Intravenous	N-Glucuronide and/or N-Sulfate	Urine	1
26362	MTB1685	Decomplexation	1 Step	MTB1685-A	1685	2853	Nitroprusside	Hydrocyanic acid	N#[C][Fe-2]([C]#N)([C]#N)([C]#N)([C]#N)[N]=O	C#N		Human	Intravenous		Plasma	1
26363	MTB1685	Decomplexation | Denitrosation	1 of 2	MTB1685-B	1685	4081	Nitroprusside	Nitric oxide	N#[C][Fe-2]([C]#N)([C]#N)([C]#N)([C]#N)[N]=O	[N]=O		in vitro (Rat Adrenal Pheochromocytoma Cells, PC-12) | in vitro (Rabbit Lung Perfusion)				2
26366	MTB1685	Decomplexation	1 Step	MTB1685-C	1685	22247	Nitroprusside		N#[C][Fe-2]([C]#N)([C]#N)([C]#N)([C]#N)[N]=O	N#C[S-]		Human	Intravenous		Plasma	1
30962	MTB1936	Decomplexation	1 Step	MTB1936-E	1936	29508	1,2-Diethyl-3-hydroxypyridin-4(1H)-one		CCc1c(O)c(=O)ccn1CC	CCc1c([O][Fe]([O]c2c(CC)n(CC)ccc2=O)[O]c2c(CC)n(CC)ccc2=O)c(=O)ccn1CC		Human	Oral		Serum | Urine	1
37357	MTB2363	Decomplexation	2 of 2 | 3 of 3	MTB2363-D | MTB2363-O	30466	29570			NCCCNCC[S][Pt+].N[C@@H]1CCCC[C@H]1N	N[C@@H]1CCCC[C@H]1N		Rat	Intraperitoneal		Peritoneal Fluid | Plasma | Kidney | Liver | Spleen | Tumor	1
1861	MTB106	N-Deformylation	1 Step	MTB106-A	106	171	Formylsulfadimethoxine	Sulfadimethoxine	COc1cc(NS(=O)(=O)c2ccc(NC=O)cc2)nc(OC)n1	COc1cc(NS(=O)(=O)c2ccc(N)cc2)nc(OC)n1		in vitro (Rat Liver) | Rat	Intraperitoneal; Oral		Urine	2
1862	MTB107	N-Deformylation	1 Step	MTB107-A	107	173	Formylsulfaguanidine	Sulfaguanidine	N=C(N)NS(=O)(=O)c1ccc(NC=O)cc1	N=C(N)NS(=O)(=O)c1ccc(N)cc1		in vitro (Rat Liver) | Rat	Intraperitoneal; Oral		Urine	2
1863	MTB108	N-Deformylation	1 Step	MTB108-A	108	179	Formylsulfamethoxypyridazine	Sulfamethoxypyridazine	COc1ccc(NS(=O)(=O)c2ccc(NC=O)cc2)nn1	COc1ccc(NS(=O)(=O)c2ccc(N)cc2)nn1		in vitro (Rat Liver) | Rat	Intraperitoneal; Oral		Urine	2
1864	MTB109	N-Deformylation	1 Step	MTB109-A	109	18270	Formylsulfamethylmercaptopyridazine		CSc1ccc(NS(=O)(=O)c2ccc(NC=O)cc2)nn1	CSc1ccc(NS(=O)(=O)c2ccc(N)cc2)nn1		in vitro (Rat Liver) | Rat	Intraperitoneal; Oral		Urine	2
1865	MTB110	N-Deformylation	1 Step	MTB110-A	110	184	Formylsulfanilamide	Sulfanilamide	NS(=O)(=O)c1ccc(NC=O)cc1	Nc1ccc(S(N)(=O)=O)cc1		in vitro (Rat Liver) | Rat	Intraperitoneal; Oral		Urine	2
12241	MTB760	Dehydration | Lactamization | Ring Closure	2 of 2	MTB760-B	20487	49166			C[C@H](N[C@@H](CCc1ccccc1)C(=O)O)C(=O)N(CC(=O)O)C1Cc2ccccc2C1	C[C@H]1C(=O)N(C2Cc3ccccc3C2)CC(=O)N1[C@@H](CCc1ccccc1)C(=O)O		Human (Young) | Human (Elderly) | Human	Oral		Plasma	2
13850	MTB811	Lactamization	1 Step	MTB811-F	811	22485	Perindopril		CCC[C@H](N[C@@H](C)C(=O)N1[C@H](C(=O)O)C[C@@H]2CCCC[C@@H]21)C(=O)OCC	CCC[C@@H](C(=O)OCC)N1C(=O)[C@@H]2C[C@@H]3CCCC[C@@H]3N2C(=O)[C@@H]1C		Rat	Intravenous; Oral		Urine	1
15448	MTB904	C-Oxidation | Deamination | Lactamization | O-Demethylation	3 of 3 | 3 of 3	MTB904-M | MTB904-AA	27185	27190			COc1cc(NC(C)CC(O)CN)c2ncccc2c1O	CC1CC(O)C(=O)N1c1cc(O)c(O)c2cccnc12		in vitro (Rat Liver Microsomes)				1
15450	MTB904	C-Hydroxylation | C-Oxidation | Deamination | Lactamization	3 of 3	MTB904-O	27189	27190			CC(CC(O)CN)Nc1cc(O)cc2cccnc12	CC1CC(O)C(=O)N1c1cc(O)c(O)c2cccnc12		in vitro (Rat Liver Microsomes)				1
15459	MTB904	C-Oxidation | Deamination | Lactamization | N-Oxidation	3 of 3 | 3 of 3	MTB904-Q | MTB904-AD	1906	27184	5-Hydroxydemethylprimaquine		CC(CCCN)Nc1cc(O)c(O)c2cccnc12	CC1CCC(=O)N1c1cc(O)c(O)c2ccc[n+]([O-])c12		in vitro (Rat Liver Microsomes)				1
496	MTB29	Aromatic Hydroxylation | C-Hydroxylation | Methoxylation	1 of 2	MTB29-BK	29	18004	Carbamazepine		NC(=O)N1c2ccccc2C=Cc2ccccc21	COc1cc2c(cc1O)C=Cc1ccccc1N2C(N)=O						1
4942	MTB351	Methoxylation	2 of 2	MTB351-G	19092	19094			O=c1c2ccccc2ncn1-c1ccccc1Cl	COc1ccc(-n2cnc3ccccc3c2=O)c(Cl)c1		Human			Urine	1
5328	MTB382	Methoxylation	3 of 4 | 4 of 5 | 3 of 4 | 2 of 3	MTB382-D | MTB382-S | MTB382-AK | MTB382-BM	3500	19247	5-(p-Hydroxyphenyl)-5-phenylhydantoin		O=C1NC(=O)C(c2ccccc2)(c2ccc(O)cc2)N1	COc1cc(C2(c3ccccc3)NC(=O)NC2=O)ccc1O		Mouse	Intraperitoneal		Urine	1
6784	MTB476	Methoxylation	3 of 3	MTB476-B	19535	19540			O=C(O)CCC(O)c1ccc(-c2ccc(O)cc2F)cc1	COc1cc(-c2ccc(C(O)CCC(=O)O)cc2)c(F)cc1O		Human	Oral	Unspecified	Feces; Urine	1
7797	MTB543	Aromatic Hydroxylation | C-Hydroxylation | Methoxylation	1 Step	MTB543-L	543	69763	Bupivacaine		CCCCN1CCCCC1C(=O)Nc1c(C)cccc1C	CCCCN1CCC(OC)CC1C(=O)Nc1c(C)cc(O)cc1C		Rat	Intramuscular		Urine	1
554	MTB29	Aromatization | Deformylation	3 of 4 | 3 of 4	MTB29-BI | MTB29-CT	63890	10764		Acridine	O=CC1c2ccccc2Nc2ccccc21	c1ccc2nc3ccccc3cc2c1		Human (Epilepsy Patients) | in vitro (Human Blood)	Oral		Plasma	1
1536	MTB75	C-Oxidation | Decarboxylation | Deformylation	2 of 2 | 3 of 3 | 4 of 4 | 3 of 3 | 3 of 3	MTB75-T | MTB75-BW | MTB75-FC | MTB75-FW | MTB75-JG	717	18193	2-n-Propyl-4-pentenoic acid		C=CCC(CCC)C(=O)O	CCCC(CC(=O)O)C(=O)O	Cytochrome P450	Rat | Sheep (Female) | Sheep (Neonatal) | Sheep (Female, Pregnant)	Intraperitoneal | Intravenous | Infusion		Plasma | Liver | Urine	3
2417	MTB159	Cleavage | Deformylation | Hydrolysis | N-Dealkylation | Ring Opening	1 Step	MTB159-A	159	18452	Primidone	Phenylethylmalonamide	CCC1(c2ccccc2)C(=O)NCNC1=O	CCC(C(N)=O)(C(N)=O)c1ccccc1		Rat | Human | in vitro (Rat Brain Perfusion) | Rabbit	Oral | Intraperitoneal | Intravenous	Glucuronide	Urine | Feces | Plasma | Serum | Cerebrospinal Fluid | Cerebral Cortex | Cerebellum | Striatum | Septum | Thalamus | Hippocampus | Hypothalamus | Hypophysis | Mesencephalon | Pons/Medulla Oblongata | Perfusion Medium	21
7301	MTB513	Deformylation | N-Deacylation | N-Deformylation	3 of 5 | 3 of 5 | 3 of 5 | 3 of 5 | 3 of 5 | 3 of 5 | 3 of 6 | 3 of 6 | 3 of 5 | 3 of 4 | 3 of 4 | 3 of 4 | 3 of 5 | 3 of 6 | 3 of 6 | 3 of 5 | 3 of 4 | 3 of 4 | 3 of 4 | 3 of 4 | 3 of 4 | 3 of 5 | 3 of 5 | 3 of 5	MTB513-GE | MTB513-GF | MTB513-GG | MTB513-GH | MTB513-GI | MTB513-GJ | MTB513-GK | MTB513-GL | MTB513-GM | MTB513-GN | MTB513-GO | MTB513-GP | MTB513-GQ | MTB513-GR | MTB513-GS | MTB513-GT | MTB513-GU | MTB513-GV | MTB513-GW | MTB513-GX | MTB513-GY | MTB513-GZ | MTB513-HA | MTB513-HB	44821	5868		Norverapamil	COc1ccc(CCN(C=O)CCCC(C#N)(c2ccc(OC)c(OC)c2)C(C)C)cc1OC	COc1ccc(CCNCCCC(C#N)(c2ccc(OC)c(OC)c2)C(C)C)cc1OC	Cytochrome P450	in vitro (Rat Lung Microsomes) | in vitro (Rat Alveolar Epithelium Cells) | in vitro (Rat Hepatocytes) | in vitro (Human Heart Microsomes) | in vitro (Rat Cardiomyocytes) | in vitro (Rat Heart Microsomes)				4
7326	MTB513	Deformylation	3 of 6 | 3 of 6 | 3 of 6 | 3 of 6 | 3 of 6 | 3 of 5 | 3 of 5 | 3 of 4	MTB513-DW | MTB513-DX | MTB513-DY | MTB513-DZ | MTB513-EA | MTB513-EB | MTB513-EC | MTB513-ED	44818	44817			COc1ccc(C(C#N)(CCCN(C)CCc2ccc(OC)c(OC=O)c2)C(C)C)cc1OC	COc1ccc(CCN(C)CCCC(C#N)(c2ccc(OC)c(OC)c2)C(C)C)cc1O		in vitro (Rat Cardiomyocytes) | in vitro (Rat Heart Microsomes)				1
7434	MTB513	N-Dealkylation | Oxygenation	1 Step	MTB513-BM	513	19649	Verapamil		COc1ccc(CCN(C)CCCC(C#N)(c2ccc(OC)c(OC)c2)C(C)C)cc1OC	COc1ccc(CC=O)cc1OC		in vitro (Human Liver Microsomes) | in vitro (Rat Liver Microsomes)				1
11624	MTB727	Aromatization | C-Oxidation | Dehydrogenation | O-Dealkylation | Oxygenation	1 Step	MTB727-AN	727	20369	Amlodipine		CCOC(=O)C1=C(COCCN)NC(C)=C(C(=O)OC)C1c1ccccc1Cl	CCOC(=O)c1c(C(=O)O)nc(C)c(C(=O)OC)c1-c1ccccc1Cl		Human | Rat | Dog | Mouse	Intravenous; Oral		Urine | Feces; Plasma; Urine | Feces; Urine | Plasma; Urine	4
12691	MTB780	Aliphatic Hydroxylation | Aromatic Hydroxylation | C-Hydroxylation | C-Oxidation | Dearomatization | Oxidation | Oxygenation | Tautomerization	3 of 7 | 3 of 5 | 3 of 4 | 3 of 5 | 3 of 4 | 3 of 6 | 3 of 6 | 2 of 6 | 2 of 4 | 2 of 3 | 2 of 4 | 2 of 3 | 2 of 5 | 2 of 5 | 3 of 7 | 3 of 5 | 3 of 4 | 3 of 5 | 3 of 4 | 3 of 6 | 3 of 6	MTB780-W | MTB780-X | MTB780-Y | MTB780-Z | MTB780-AA | MTB780-AB | MTB780-AC | MTB780-CV | MTB780-CW | MTB780-CX | MTB780-CY | MTB780-CZ | MTB780-DA | MTB780-DB | MTB780-ED | MTB780-EE | MTB780-EF | MTB780-EG | MTB780-EH | MTB780-EI | MTB780-EJ	4722	20485	1-Methylxanthine	1-Methyluric acid	Cn1c(=O)[nH]c2[nH]cnc2c1=O	Cn1c(=O)[nH]c2[nH]c(=O)[nH]c2c1=O	Xanthine Oxidase | Cytochrome P450 (['CYP1A2']) | Xanthine Dehydrogenase | Cytochrome P450 | Cytochrome P450 (['CYP1A'])	Human (Smoker) | Human (Non-Smoker) | Human | Rat | Fish (Tilapia) | Human (Asthma Patients) | Human (Children) | Human (HIV Infected Patients) | Human (Female) | Human (Children, Growth Hormone-Deficient) | Human (Growth Hormone-Deficient) | Human (Infant) | Human (Children, Obstructive Sleep Apnea Patients) | Human (Cancer Patients, Smoker) | Human (Cancer Patients, Non-Smoker) | Human (Female, Pregnant) | Human (Female, Pregnant, Smoker) | Human (Schizophrenia Patients) | Human (Biliary Cirrhosis Patients) | Human (Children, Cystic Fibrosis Patients) | Human (Cirrhosis Patients) | Chimpanzee | Human (Children, Liver Disease Patients) | Human (Alzheimer's Disease Patients) | Human (Cystic Fibrosis Patients) | in vitro (Rat Hepatocytes) | Mouse | Mouse (Cyp1a2 Knockout) | Human (Liver Disease Patients) | in vitro (Human Hepatocytes) | in vitro (Human Liver Microsomes) | in vitro (Human Liver Slices) | Hamster | Dog | Monkey	Oral | Intraperitoneal | Intravenous		Urine | Plasma | Gill | Liver | Serum | Plasma + Urine | Urine (Acidic) | Saliva | Feces | Feces; Urine | Feces; Lung; Urine	165
13994	MTB819	Hydrolysis | Oxygenation	1 Step	MTB819-G	819	20725	Midaglizole		c1ccc(C(CC2=NCCN2)c2ccccn2)cc1	NC(=O)CNC(=O)CC(c1ccccc1)c1ccccn1		Dog | Rat	Oral		Urine	1
14719	MTB867	N-Oxidation | Oxygenation	1 Step	MTB867-AW	867	42351	Cocaine		COC(=O)[C@H]1[C@@H](OC(=O)c2ccccc2)C[C@@H]2CC[C@H]1N2C	COC(=O)[C@H]1[C@@H](OC(=O)c2ccccc2)C[C@@H]2CC[C@H]1[N+]2(C)[O-]		Rat | Mouse | in vitro (Rat Liver Microsomes) | in vitro (Mouse Liver Microsomes) | in vitro (Human Liver Microsomes) | Human | Human (Female, Pregnant) | Rat (Female, Pregnant)	Intraperitoneal | Oral		Urine | Plasma | Meconium, Neonatal | Plasma, Maternal | Amniotic Fluid | Fetus | Placenta	4
1601	MTB75	Deglucuronidation | Glutathionation | Transacylation	2 of 2	MTB75-JL	2531	78844	Valproate Glucuronide		CCCC(CCC)C(=O)O[C@@H]1O[C@H](C(=O)O)[C@@H](O)[C@H](O)[C@H]1O	CCCC(CCC)C(=O)SC[C@H](NC(=O)CC[C@H](N)C(=O)O)C(=O)NCC(=O)O		in vitro (HepaRG Cells)		Glutathione		1
5396	MTB383	Deglucuronidation | Glutathionation | Transacylation	2 of 4 | 2 of 4 | 2 of 3	MTB383-FI | MTB383-FJ | MTB383-FK	14131	60238	Ibuprofen beta-D-glucuronide		CC(C)Cc1ccc(C(C)C(=O)O[C@@H]2O[C@H](C(=O)O)[C@@H](O)[C@H](O)[C@H]2O)cc1	CC(C)Cc1ccc(C(C)C(=O)SC[C@H](NC(=O)CC[C@H](N)C(=O)O)C(=O)NCC(=O)O)cc1		in vitro (HepaRG Cells)		Glutathione		1
5540	MTB384	Deglucuronidation | Glutathionation | Transacylation	2 of 2	MTB384-E	43283	78851			COc1ccc2c(c1)c(CC(=O)O[C@@H]1O[C@H](C(=O)O)[C@@H](O)[C@H](O)[C@H]1O)c(C)n2C(=O)c1ccc(Cl)cc1	COc1ccc2c(c1)c(CC(=O)SC[C@H](NC(=O)CC[C@H](N)C(=O)O)C(=O)NCC(=O)O)c(C)n2C(=O)c1ccc(Cl)cc1		in vitro (HepaRG Cells)		Glutathione		1
6238	MTB436	Deglucuronidation | Glutathionation | Transacylation	2 of 2	MTB436-E	2508	78846	Naproxen acyl glucuronide		COc1ccc2cc([C@H](C)C(=O)O[C@@H]3O[C@H](C(=O)O)[C@@H](O)[C@H](O)[C@H]3O)ccc2c1	COc1ccc2cc([C@H](C)C(=O)SC[C@H](NC(=O)CC[C@H](N)C(=O)O)C(=O)NCC(=O)O)ccc2c1		in vitro (HepaRG Cells)		Glutathione		1
11413	MTB721	Deglucuronidation | Protein Binding	2 of 2	MTB721-C	14145	44351	Zomepirac acylglucuronide		Cc1cc(CC(=O)O[C@@H]2O[C@H](C(=O)O)[C@@H](O)[C@H](O)[C@H]2O)n(C)c1C(=O)c1ccc(Cl)cc1	*OC(=O)Cc1cc(C)c(C(=O)c2ccc(Cl)cc2)n1C		Rat (Bile Duct Ligated) | Rat (Bile Exteriorized) | Rat	Intravenous		Plasma | Liver	1
6105	MTB433	Adduct Formation	1 of 2	MTB433-C	433	72973	Isoniazide		NNC(=O)c1ccncc1	NC(=O)c1c[n+]([C@@H]2O[C@H](COP(=O)([O-])OP(=O)(O)OC[C@H]3O[C@@H](n4cnc5c(N)ncnc54)[C@H](O)[C@@H]3O)[C@@H](O)[C@H]2O)ccc1C(=O)c1ccncc1		Human (Tuberculosis Patients) | Mouse (Tuberculosis Infected) | Mouse	Oral | Intraperitoneal		Urine	1
16550	MTB970	Adduct Formation	2 of 2	MTB970-HN	2119	57422	4-Hydroxyestradiol		C[C@]12CC[C@@H]3c4ccc(O)c(O)c4CC[C@H]3[C@@H]1CC[C@@H]2O	C[C@]12CC[C@@H]3c4c(-n5cnc(N)c6ncnc5-6)cc(O)c(O)c4CC[C@H]3[C@@H]1CC[C@@H]2O		in vitro (Human Breast Epithelium Cells, MCF-10A) | in vitro (Human Breast Epithelium Cells, MCF-10A, KEAP1 Knockdown)				1
16561	MTB970	Adduct Formation	2 of 2	MTB970-HO	2119	44975	4-Hydroxyestradiol		C[C@]12CC[C@@H]3c4ccc(O)c(O)c4CC[C@H]3[C@@H]1CC[C@@H]2O	C[C@]12CC[C@@H]3c4c(-n5cnc6nc(N)[nH]c(=O)c65)cc(O)c(O)c4CC[C@H]3[C@@H]1CC[C@@H]2O		in vitro (Human Breast Epithelium Cells, MCF-10A) | in vitro (Human Breast Epithelium Cells, MCF-10A, KEAP1 Knockdown)				1
16627	MTB970	Adduct Formation | DNA Binding	2 of 2 | 3 of 3 | 3 of 3	MTB970-DV | MTB970-FJ | MTB970-HR	2278	41753	4-Hydroxyestrone		C[C@]12CC[C@@H]3c4ccc(O)c(O)c4CC[C@H]3[C@@H]1CCC2=O	C[C@]12CC[C@@H]3c4c(-n5cnc6nc(N)[nH]c(=O)c65)cc(O)c(O)c4CC[C@H]3[C@@H]1CCC2=O		in vitro (Human Breast Epithelium Cells, MCF-10A) | in vitro (Human Breast Epithelium Cells, MCF-10A, KEAP1 Knockdown) | in vitro (Human Endometrial Glandular Cells, EM1) | in vitro (Human Endometrial Cancer Cells, Ishikawa)				2
16635	MTB970	Adduct Formation | DNA Binding	2 of 2 | 3 of 3 | 3 of 3	MTB970-EE | MTB970-FS | MTB970-IA	2278	57423	4-Hydroxyestrone		C[C@]12CC[C@@H]3c4ccc(O)c(O)c4CC[C@H]3[C@@H]1CCC2=O	C[C@]12CC[C@@H]3c4c(-n5cnc(N)c6ncnc5-6)cc(O)c(O)c4CC[C@H]3[C@@H]1CCC2=O		in vitro (Human Breast Epithelium Cells, MCF-10A) | in vitro (Human Breast Epithelium Cells, MCF-10A, KEAP1 Knockdown) | in vitro (Human Endometrial Glandular Cells, EM1) | in vitro (Human Endometrial Cancer Cells, Ishikawa)				2
7987	MTB552	Aromatic Methoxylation | C-Alkoxylation | C-Methoxylation	1 of 2 | 1 of 2 | 1 of 2 | 1 of 3	MTB552-WG | MTB552-WH | MTB552-WI | MTB552-WJ	552	19786	Paracetamol	3-Methoxyacetaminophen	CC(=O)Nc1ccc(O)cc1	COc1cc(NC(C)=O)ccc1O		Hamster | Human	Intraperitoneal | Oral		Urine	4
8317	MTB571	C-Alkoxylation | C-Methoxylation	2 of 2 | 3 of 3 | 4 of 4	MTB571-F | MTB571-AF | MTB571-AT	552	19786	Paracetamol	3-Methoxyacetaminophen	CC(=O)Nc1ccc(O)cc1	COc1cc(NC(C)=O)ccc1O		Human	Oral		Urine	1
10752	MTB707	Aromatic Hydroxylation | C-Alkoxylation | C-Hydroxylation | C-Methoxylation	1 of 2	MTB707-G	707	38229	Propranolol		CC(C)NCC(O)COc1cccc2ccccc12	COc1cccc2c(OCC(O)CNC(C)C)ccc(O)c12		Dog | Rat | Hamster	Oral | Intraperitoneal		Urine	1
10848	MTB707	Aromatic Hydroxylation | C-Alkoxylation | C-Hydroxylation | C-Methoxylation	3 of 3 | 4 of 4 | 3 of 3 | 2 of 2 | 4 of 4 | 5 of 5 | 3 of 3 | 4 of 4	MTB707-AP | MTB707-AU | MTB707-BX | MTB707-CX | MTB707-EU | MTB707-EZ | MTB707-FN | MTB707-FT	20250	38233			O=C(O)C(O)COc1cccc2ccccc12	COc1cccc2c(OCC(O)C(=O)O)ccc(O)c12		Dog | Rat | Hamster	Oral | Intraperitoneal		Urine	1
12067	MTB752	Aromatic Hydroxylation | C-Alkoxylation | C-Hydroxylation | C-Methoxylation | N-Oxidation | Quaternization	2 of 3 | 2 of 3	MTB752-U | MTB752-V	20464	70510	(E)-4-Hydroxyclomiphene		CCN(CC)CCOc1ccc(/C(=C(/Cl)c2ccccc2)c2ccc(O)cc2)cc1	CC[N+]([O-])(CC)CCOc1ccc(/C(=C(/Cl)c2ccc(OC)c(O)c2)c2ccc(O)cc2)cc1		Human	Oral		Urine	1
8113	MTB557	Deamidation | Deamination | N-Denitrosation	1 of 3 | 1 of 3 | 1 of 3	MTB557-A | MTB557-B | MTB557-C	557	19798	Carmustine		O=NN(CCCl)C(=O)NCCCl	O=C=NCCCl		Rat (Bile Duct Cannulated) | Rat | in vitro (Mouse Cells, L1210)	Intraperitoneal		Bile | Urine	4
9355	MTB670	Dehydrogenation | N-Denitrosation	4 of 6 | 3 of 5	MTB670-A | MTB670-D	20133	20135			N#CCN(N=O)N1CCOCC1	N#C/C=N/N1CCOCC1		Rat | in vitro (Rat Liver)	Oral		Urine	1
20490	MTB1314	Denitrosation | N-Denitrosation	1 of 2	MTB1314-U	1314	4081	N-Nitrosodimethylamine	Nitric oxide	CN(C)N=O	[N]=O	Cytochrome P450	in vitro (Rat Liver Microsomes) | in vitro (Human Liver Microsomes)				2
23771	MTB1547	N-Denitrosation | N-Nitrosation | S-Methylation | S-Oxidation	1 Step	MTB1547-D	1547	2125	2-Chloroethyl nitrosocarbamoylcystamine	N'-(2-Chloroethyl)-N-(2-(methylsulfonyl)ethyl)-N'-nitrosourea	O=NN(CCCl)C(=O)NCCSSCCN(N=O)C(=O)NCCCl	CS(=O)(=O)CCNC(=O)N(CCCl)N=O		Rat	Oral		Blood; Plasma	1
23777	MTB1547	N-Denitrosation | N-Nitrosation | S-Methylation | S-Oxidation	1 Step	MTB1547-H	1547	2126	2-Chloroethyl nitrosocarbamoylcystamine	N'-(2-Chloroethyl)-N-(2-(methylsulfinyl)ethyl)-N'-nitrosourea	O=NN(CCCl)C(=O)NCCSSCCN(N=O)C(=O)NCCCl	CS(=O)CCNC(=O)N(CCCl)N=O		Rat	Oral		Blood; Plasma	1
2859	MTB210	Aliphatic Hydroxylation | C-Alkylation | C-Dealkylation | C-Demethylation | C-Hydroxylation | C-Methylation | Dehydration | Oxidation | Rearrangement	1 of 2 | 1 of 2 | 1 of 2	MTB210-BP | MTB210-BQ | MTB210-BR	210	56368	Metandienone		C[C@]12C=CC(=O)C=C1CC[C@@H]1[C@@H]2CC[C@@]2(C)[C@H]1CC[C@]2(C)O	C[C@]1(CO)CCC2=C1CC[C@H]1[C@H]2CCC2=CC(=O)C=C[C@@]21C		Human	Oral		Urine	3
2909	MTB210	C-Alkylation | C-Dealkylation | C-Demethylation | C-Methylation	3 of 4 | 2 of 3 | 4 of 5 | 3 of 4	MTB210-V | MTB210-AM | MTB210-BX | MTB210-CV	23622	34329			C[C@]12C=C[C@@H](O)C[C@H]1CC[C@@H]1[C@@H]2CC[C@@]2(C)[C@H]1CC[C@@]2(C)O	CC1(C)CCC2=C1CC[C@H]1[C@H]2CC[C@@H]2C[C@H](O)C=C[C@@]21C		Human			Urine	1
2987	MTB210	Aliphatic Hydroxylation | C-Alkylation | C-Dealkylation | C-Demethylation | C-Hydroxylation | C-Methylation	1 Step	MTB210-CS	210	70350	Metandienone		C[C@]12C=CC(=O)C=C1CC[C@@H]1[C@@H]2CC[C@@]2(C)[C@H]1CC[C@]2(C)O	CC1(CO)CCC2=C1CC[C@H]1[C@H]2CCC2=CC(=O)C=C[C@@]21C		Human			Urine	1
9506	MTB684	C-Methylation | Dehalogenation | Reduction	1 Step	MTB684-N	684	4758	Tetrachloromethane	Ethane	ClC(Cl)(Cl)Cl	CC	Cytochrome P450	Rat	Intraperitoneal		Expired Air	1
10536	MTB705	C-Alkylation | C-Methylation	1 of 2	MTB705-HF	705	8708	Benzo(a)pyrene	6-Methylbenzo(a)pyrene	c1ccc2c(c1)cc1ccc3cccc4ccc2c1c34	Cc1c2ccccc2c2ccc3cccc4ccc1c2c43	Methyltransferase	in vitro (Fish Intestine Perfusion) | in vitro (Rat Liver S9 Fraction)			Blood | Mucosa | Perfusate	2
14997	MTB878	N-Acetylation | N-Deacylation | S-Deacetylation	1 Step	MTB878-A	878	20935	S-Acetyl-N-glycyl cysteamine		CC(=O)SCCNC(=O)CN	C=C(C)NCCS		Mouse	Intraperitoneal		Urine	1
14998	MTB878	N-Deacylation | S-Deacetylation	1 Step	MTB878-B	878	14391	S-Acetyl-N-glycyl cysteamine	Cysteamine	CC(=O)SCCNC(=O)CN	NCCS		Mouse	Oral | Intraperitoneal		Tissue | Urine	2
14999	MTB878	N-Acetylation | N-Deacylation | S-Deacetylation | S-Methylation | S-Oxidation	1 Step	MTB878-C	878	20936	S-Acetyl-N-glycyl cysteamine		CC(=O)SCCNC(=O)CN	CC(=O)NCCS(C)=O		Mouse	Intraperitoneal		Urine	1
15000	MTB878	S-Deacetylation	1 Step	MTB878-D	878	20934	S-Acetyl-N-glycyl cysteamine		CC(=O)SCCNC(=O)CN	NCC(=O)NCCS		Mouse	Oral		Tissue	1
15001	MTB878	N-Deacylation | S-Deacetylation | S-Oxidation	1 Step	MTB878-E	878	5876	S-Acetyl-N-glycyl cysteamine	Taurine	CC(=O)SCCNC(=O)CN	NCCS(=O)(=O)O		Mouse	Intraperitoneal		Urine	1
17935	MTB1104	Desulfuration | Nucleophilic Substitution | Oxidation | Oxidative Desulfuration | P-Desulfuration | P-Oxidation	1 of 2 | 1 of 5 | 1 of 3 | 1 of 2	MTB1104-A | MTB1104-B | MTB1104-C | MTB1104-D	1104	1098	Thio-TEPA	TEPA	S=P(N1CC1)(N1CC1)N1CC1	O=P(N1CC1)(N1CC1)N1CC1	Cytochrome P450 | Cytochrome P450 (['CYP2B6', 'CYP3A4', 'CYP3A5']) | Cytochrome P450 (['CYP2B6', 'CYP3A4']) | Cytochrome P450 (['CYP3A4', 'CYP2B6']) | Cytochrome P450 (['CYP2B6']) | Cytochrome P450 (['CYP2B1', 'CYP2C11']) | Cytochrome P450 (['CYP2B', 'CYP2C']) | Cytochrome P450 (['CYP2C11']) | Cytochrome P450 (['CYP2B1', 'CYP2C11', 'CYP2C6'])	Mouse | in vitro (Mouse Liver Microsomes) | Human (Cancer Patients) | Human | Human (Renal Impairment Patients) | in vitro (Human Liver Microsomes) | Human (Cancer Patients, Obese) | in vitro (Human Lymphoblast Cell Microsomes, Transfected) | in vitro (Human Microsomes) | in vitro (Rat Liver Slices) | in vitro (Mouse Liver Slices) | Human (Bone Marrow Transplanted Patients) | in vitro (Rat Liver Microsomes) | in vitro (Rat Liver Cytochrome P4502C11) | Dog | Rabbit | Rat	Intraperitoneal | Infusion | Intravenous | Oral | Intravenous; Oral		Serum | Urine | Plasma | Plasma; Urine	36
20740	MTB1327	Desulfuration | Hydrolysis | Nucleophilic Substitution | Oxidative Desulfuration | Oxygenation | P-Desulfuration | P-Oxidation | S-Oxidation	1 of 2 | 1 of 3 | 1 of 3 | 1 of 5 | 1 of 5 | 1 of 7 | 1 of 2 | 1 of 2 | 1 of 2 | 1 of 2 | 1 of 5 | 1 of 5 | 1 of 7 | 1 of 4 | 1 of 4 | 1 of 6 | 1 of 2	MTB1327-AB | MTB1327-AC | MTB1327-AD | MTB1327-AE | MTB1327-AF | MTB1327-AG | MTB1327-AH | MTB1327-AI | MTB1327-AJ | MTB1327-AK | MTB1327-AL | MTB1327-AM | MTB1327-AN | MTB1327-AO | MTB1327-AP | MTB1327-AQ | MTB1327-AR	1327	6635	Chlorpyrifos	Diethyl-(3,5,6-trichloro-2-pyridinyl)-phosphate	CCOP(=S)(OCC)Oc1nc(Cl)c(Cl)cc1Cl	CCOP(=O)(OCC)Oc1nc(Cl)c(Cl)cc1Cl	Cytochrome P450 | Cytochrome P450 (['CYP3A4', 'CYP2B6', 'CYP2C19']) | Cytochrome P450 (['CYP2B1']) | Cytochrome P450 (['CYP2B6', 'CYP3A4']) | Cytochrome P450 (['CYP3A4']) | Cytochrome P450 (['CYP2B']) | Cytochrome P450 (['CYP1A2', 'CYP2B1']) | Cytochrome P450 (['CYP2B1', 'CYP2B2']) | Paraoxonase (['PON1']) | Cytochrome P450 (['CYP2B6', 'CYP2C19', 'CYP3A4', 'CYP1A2', 'CYP3A5', 'CYP3A7']) | Cytochrome P450 (['CYP2B6']) | Cytochrome P450 (['CYP3A']) | Cytochrome P450 (['CYP3A4', 'CYP2D6']) | Cytochrome P450 (['CYP2D6']) | Cytochrome P450 (['CYP1A1', 'CYP2B1']) | Cytochrome P450 (['CYP1A1'])	Duck | in vitro (Fish Liver S9 Fraction) | Fish (Embryo) | Rat | Human | Fish (Carp) | in vitro (Human Duodenum Microsomes) | in vitro (Human Ileum and Jejunum Microsomes) | Rabbit | in vitro (Mouse Stem Cells, Embryonic) | in vitro (Rat Liver Microsomes) | in vitro (Mouse Liver Microsomes, Neonatal) | in vitro (Human Liver Microsomes) | Mouse | Human (Adult) | Human (Female, Pregnant) | in vitro (Rat Small Intestine Enterocyte Microsomes) | Rat (Female, Pregnant) | in vitro (Mouse Liver Microsomes) | in vitro (Human AHH-1 Cell Microsomes, Transfected) | in vitro (Fish Liver Microsomes) | in vitro (Rat Liver Microsomes, beta-Naphthoflavone Treated) | in vitro (Rat Liver Microsomes, Phenobarbital Treated)	Oral | Aqueous Uptake | Subcutaneous | Environmental Exposure | Occupational Exposure | Intraperitoneal | Intravenous		Muscle | Larva | Brain | Plasma | Spleen | Head Kidney | Urine | Serum | Hair | Liver | Blood | Saliva | Plasma, Maternal | Placenta | Fetus | Plasma, Fetal	43
20787	MTB1328	Desulfuration | Hydrolysis | Nucleophilic Substitution | Oxidation | Oxidative Desulfuration | P-Desulfuration | P-Oxidation	1 of 2 | 1 of 3 | 1 of 3 | 1 of 3 | 1 of 3	MTB1328-C | MTB1328-D | MTB1328-E | MTB1328-F | MTB1328-G	1328	2819	Parathion	Paraoxon	CCOP(=S)(OCC)Oc1ccc([N+](=O)[O-])cc1	CCOP(=O)(OCC)Oc1ccc([N+](=O)[O-])cc1	Cytochrome P450 (['CYP1A2']) | Cytochrome P450 | Cytochrome P450 (['CYP1A2', 'CYP2B6', 'CYP2C9', 'CYP2C19', 'CYP3A4', 'CYP3A5']) | Cytochrome P450 (['CYP3A', 'CYP2B']) | Cytochrome P450 (['CYP3A4', 'CYP3A5', 'CYP2C8']) | Cytochrome P450 (['CYP3A4', 'CYP2D6']) | Cytochrome P450 (['CYP2D6']) | Cytochrome P450 (['CYP3A']) | Cytochrome P450 (['CYP3A23']) | Cytochrome P450 (['CYP3A4', 'CYP3A5']) | Cytochrome P450 (['CYP3A4']) | Cytochrome P450 (['CYP1A1']) | Cytochrome P450 (['CYP2B6']) | Cytochrome P450 (['CYP2C8']) | Cytochrome P450 (['CYP2C9']) | Cytochrome P450 (['CYP2E1']) | Cytochrome P450 (['CYP2B1', 'CYP2B2']) | Cytochrome P450 (['CYP1A2', 'CYP2B6', 'CYP3A4']) | Cytochrome P450 (['CYP2A6']) | Cytochrome P450 (['CYP2B1']) | Cytochrome P450 (['CYP1A1', 'CYP2B1'])	in vitro (Human Liver Microsomes) | in vitro (Mouse Liver Microsomes) | in vitro (Mouse Liver Microsomes, CAR-Null) | in vitro (Rat Liver Microsomes) | Human (Adult) | in vitro (Human Liver Microsomes, Smoker) | in vitro (Human Liver Microsomes, Alcohol Abuser) | in vitro (Human AHH-1 Cell Microsomes, Transfected) | Rat | in vitro (Fish Liver Microsomes) | in vitro (Rat Lung Microsomes) | in vitro (Human Lung Microsomes) | in vitro (beta-Lymphoblastoid Cell Microsomes Expressing Human CYP3A4) | in vitro (beta-Lymphoblastoid Cell Microsomes Expressing Human CYP1A1) | in vitro (beta-Lymphoblastoid Cell Microsomes Expressing Human CYP2B6) | in vitro (beta-Lymphoblastoid Cell Microsomes Expressing Human CYP2C8) | in vitro (beta-Lymphoblastoid Cell Microsomes Expressing Human CYP2C9) | in vitro (beta-Lymphoblastoid Cell Microsomes Expressing Human CYP2E1) | Human | in vitro (Rabbit Lung Microsomes, Female) | in vitro (Rabbit Lung Microsomes, Male) | in vitro (Human Lymphoblast Cells Expressing Human CYP Isoenzyme) | in vitro (Human Lymphoblast Cells Expressing Human CYP2A6) | Pig | in vitro (Rat Liver Microsomes, beta-Naphthoflavone Treated) | in vitro (Rat Liver Microsomes, Phenobarbital Treated) | in vitro (Rat Liver Cytochrome P450) | in vitro (Pig Skin Perfusion) | Cow | in vitro (Rat Liver Perfusion) | in vitro (Mouse Liver Perfusion)	Intravenous | Transdermal | Percutaneous | Oral		Urine | Liver | Lung | Fat | Mesentery | Large Intestine | Spleen | Small Intestine | Plasma | Gastrointestinal Tract | Epidermis | Muscle | Kidney | Perfusate	33
27911	MTB1761	Oxidative Desulfuration | P-Desulfuration | P-Oxidation	2 of 3 | 4 of 5 | 3 of 4 | 4 of 5	MTB1761-A | MTB1761-C | MTB1761-M | MTB1761-Q	5963	34098	Phosphorodithioic acid O,O-diethyl ester		COP(=S)(S)OC	COP(=O)(S)OC		Human | Human (Female, Pregnant) | Human (Children)	Occupational Exposure | Environmental Exposure | Dermal + Inhalation		Urine	3
27916	MTB1761	Oxidative Desulfuration | P-Desulfuration | P-Oxidation	3 of 3 | 5 of 5 | 4 of 4 | 2 of 2 | 3 of 3 | 4 of 4 | 3 of 3 | 5 of 5 | 4 of 4	MTB1761-A | MTB1761-C | MTB1761-E | MTB1761-F | MTB1761-J | MTB1761-M | MTB1761-O | MTB1761-Q | MTB1761-S	34098	34096			COP(=O)(S)OC	COP(=O)(O)OC		Human (Female, Pregnant) | Human | Human (Children)	Environmental Exposure | Occupational Exposure | Dermal + Inhalation | Oral		Urine | Serum	6
1104	MTB50	Aromatic Sulfuration	1 Step	MTB50-CX	50	23509	Clozapine		CN1CCN(C2=Nc3cc(Cl)ccc3Nc3ccccc32)CC1	CN1CCN(C2=Nc3c(ccc(Cl)c3S)Nc3ccccc32)CC1	Peroxidase | Myeloperoxidase	in vitro (Horseradish Peroxidase) | in vitro (Human Myeloperoxidase)		Glutathione		1
1132	MTB50	Aromatic Sulfuration	1 Step	MTB50-DQ	50	23510	Clozapine		CN1CCN(C2=Nc3cc(Cl)ccc3Nc3ccccc32)CC1	CN1CCN(C2=Nc3cc(Cl)cc(S)c3Nc3ccccc32)CC1	Peroxidase | Myeloperoxidase	in vitro (Horseradish Peroxidase) | in vitro (Human Myeloperoxidase)		Glutathione		1
9576	MTB686	Aromatic Hydroxylation | Aromatic Sulfuration | C-Hydroxylation | Dehalogenation	1 Step	MTB686-L	686	24585	Bromobenzene		Brc1ccccc1	COc1ccc(SC)cc1OC		Rat	Intraperitoneal		Urine	1
9592	MTB686	Aromatic Hydroxylation | Aromatic Sulfuration | C-Hydroxylation	1 Step	MTB686-AU	686	24580	Bromobenzene		Brc1ccccc1	COc1cc(Br)c(OC)c(SC)c1		Rat	Intraperitoneal		Urine	1
9593	MTB686	Aromatic Hydroxylation | Aromatic Sulfuration | C-Hydroxylation | Dehalogenation	1 Step	MTB686-AV	686	24583	Bromobenzene		Brc1ccccc1	COc1cccc(SC)c1OC		Rat	Intraperitoneal		Urine	1
7167	MTB503	C-Deamination | Hydrolysis	3 of 4	MTB503-E	33755	19611			CCC(CSC[C@H](N)C(=O)NCC(=O)O)C(=O)c1ccc(OCC(=O)O)c(Cl)c1Cl	CCC(CSC[C@H](N)C(=O)O)C(=O)c1ccc(OCC(=O)O)c(Cl)c1Cl		in vitro (Rat Liver Perfusion)		Cysteine	Perfusate | Bile	2
8835	MTB623	Aliphatic Hydroxylation | Aromatization | C-Deamination | C-Hydroxylation | Dehydrogenation | N-Dealkylation	1 of 5 | 1 of 4	MTB623-K | MTB623-L	623	20008	Nicardipine		COC(=O)C1=C(C)NC(C)=C(C(=O)OCCN(C)Cc2ccccc2)C1c1cccc([N+](=O)[O-])c1	COC(=O)c1c(C)nc(C)c(C(=O)OCCO)c1-c1cccc([N+](=O)[O-])c1		Rat | Human	Intragastric | Oral | Intravenous	O-Glucuronide	Urine | Feces; Plasma; Urine	3
13250	MTB799	C-Deamination | O-Dealkylation | O-Demethylation	2 of 2	MTB799-P	28524	3549		p-Methylphenol	COc1ccc(CNCCN(C)C)cc1	Cc1ccc(O)cc1		Rat	Intraperitoneal		Urine	1
13253	MTB799	C-Deamination | O-Dealkylation | O-Demethylation	1 Step	MTB799-R	799	3549	Mepyramine	p-Methylphenol	COc1ccc(CN(CCN(C)C)c2ccccn2)cc1	Cc1ccc(O)cc1		Rat	Intraperitoneal		Urine	1
15424	MTB904	C-Deamination | C-Oxidation | Oxidative Deamination	1 of 3 | 1 of 3 | 1 of 3 | 1 of 3 | 1 of 3 | 1 of 4 | 1 of 2	MTB904-A | MTB904-B | MTB904-C | MTB904-D | MTB904-E | MTB904-F | MTB904-G	904	41460	Primaquine		COc1cc(NC(C)CCCN)c2ncccc2c1	COc1cc(NC(C)CCC=O)c2ncccc2c1	Cytochrome P450 | Monoamine Oxidase	in vitro (Human Hepatocytes) | in vitro (Rat Liver Cytosol and Microsomes) | in vitro (Rat Liver Homogenate)				3
7953	MTB552	S-Dealkylation | S-Demethylation	2 of 2 | 4 of 4 | 3 of 3	MTB552-BF | MTB552-ML | MTB552-VA	28700	34370			CC(=O)Nc1ccc(O)cc1SC[C@H](NC(=O)CC[C@H](N)C(=O)O)C(=O)NCC(=O)O	CSc1cc(O)ccc1NC(C)=O		Human | Mouse	Oral		Urine	1
11902	MTB749	Amination | S-Dealkylation | S-Demethylation | Tautomerization	2 of 7 | 2 of 8 | 2 of 8 | 2 of 9 | 2 of 7 | 2 of 7 | 2 of 4 | 2 of 6 | 2 of 7 | 2 of 7 | 2 of 8 | 2 of 6 | 2 of 6 | 2 of 3 | 3 of 8 | 3 of 9 | 3 of 9 | 3 of 10 | 3 of 8 | 3 of 8 | 3 of 5 | 3 of 7 | 3 of 8 | 3 of 8 | 3 of 9 | 3 of 7 | 3 of 7 | 3 of 4 | 3 of 8 | 3 of 9 | 3 of 9 | 3 of 10 | 3 of 8 | 3 of 8 | 3 of 5 | 3 of 7 | 3 of 8 | 3 of 8 | 3 of 9 | 3 of 7 | 3 of 7 | 3 of 4 | 4 of 9 | 4 of 10 | 4 of 10 | 4 of 11 | 4 of 9 | 4 of 9 | 4 of 6 | 4 of 8 | 4 of 9 | 4 of 9 | 4 of 10 | 4 of 8 | 4 of 8 | 4 of 5 | 4 of 9 | 4 of 10 | 4 of 10 | 4 of 11 | 4 of 9 | 4 of 9 | 4 of 6 | 4 of 8 | 4 of 9 | 4 of 9 | 4 of 10 | 4 of 8 | 4 of 8 | 4 of 5 | 3 of 8 | 3 of 9 | 3 of 9 | 3 of 10 | 3 of 8 | 3 of 8 | 3 of 5 | 3 of 7 | 3 of 8 | 3 of 8 | 3 of 9 | 3 of 7 | 3 of 7 | 3 of 4 | 4 of 9 | 4 of 10 | 4 of 10 | 4 of 11 | 4 of 9 | 4 of 9 | 4 of 6 | 4 of 8 | 4 of 9 | 4 of 9 | 4 of 10 | 4 of 8 | 4 of 8 | 4 of 5	MTB749-C | MTB749-D | MTB749-E | MTB749-F | MTB749-G | MTB749-H | MTB749-I | MTB749-J | MTB749-K | MTB749-L | MTB749-M | MTB749-N | MTB749-O | MTB749-P | MTB749-T | MTB749-U | MTB749-V | MTB749-W | MTB749-X | MTB749-Y | MTB749-Z | MTB749-AA | MTB749-AB | MTB749-AC | MTB749-AD | MTB749-AE | MTB749-AF | MTB749-AG | MTB749-DU | MTB749-DV | MTB749-DW | MTB749-DX | MTB749-DY | MTB749-DZ | MTB749-EA | MTB749-EB | MTB749-EC | MTB749-ED | MTB749-EE | MTB749-EF | MTB749-EG | MTB749-EH | MTB749-HW | MTB749-HX | MTB749-HY | MTB749-HZ | MTB749-IA | MTB749-IB | MTB749-IC | MTB749-ID | MTB749-IE | MTB749-IF | MTB749-IG | MTB749-IH | MTB749-II | MTB749-IJ | MTB749-JB | MTB749-JC | MTB749-JD | MTB749-JE | MTB749-JF | MTB749-JG | MTB749-JH | MTB749-JI | MTB749-JJ | MTB749-JK | MTB749-JL | MTB749-JM | MTB749-JN | MTB749-JO | MTB749-KG | MTB749-KH | MTB749-KI | MTB749-KJ | MTB749-KK | MTB749-KL | MTB749-KM | MTB749-KN | MTB749-KO | MTB749-KP | MTB749-KQ | MTB749-KR | MTB749-KS | MTB749-KT | MTB749-KX | MTB749-KY | MTB749-KZ | MTB749-LA | MTB749-LB | MTB749-LC | MTB749-LD | MTB749-LE | MTB749-LF | MTB749-LG | MTB749-LH | MTB749-LI | MTB749-LJ | MTB749-LK	20453	14898	Methylthioinosine monophosphate	6-Thioguanosine monophosphate	CSc1ncnc2c1ncn2[C@@H]1O[C@H](COP(=O)(O)O)[C@@H](O)[C@H]1O	Nc1nc2c(ncn2[C@@H]2O[C@H](COP(=O)(O)O)[C@@H](O)[C@H]2O)c(=S)[nH]1		Human	Oral		Red Blood Cells | White Blood Cells	1
22392	MTB1454	S-Demethylation	1 Step	MTB1454-B	1454	22448	Metioprim		COc1cc(Cc2cnc(N)nc2N)cc(OC)c1SC	COc1cc(Cc2cnc(N)nc2N)cc(O)c1SC		Pig | Goat	Intravenous		Feces; Urine	1
22747	MTB1472	Oxidative Dealkylation | S-Demethylation	1 Step	MTB1472-A	1472	4709	NSC-40774	Formaldehyde	CSc1ncnc2c1ncn2[C@@H]1O[C@H](CO)[C@@H](O)[C@H]1O	C=O	Cytochrome P450	in vitro (Rat Liver Microsomes)				1
23887	MTB1556	Hydrogenation | S-Demethylation	2 of 2	MTB1556-AA	22692	22693			CSC1=CC[C@H]2[C@@H]3CCC4=CC(=O)C=C[C@]4(C)[C@@]3(F)[C@@H](O)C[C@]12C	C[C@]12C[C@H](O)[C@@]3(F)[C@@H](CCC4=CC(=O)C=C[C@@]43C)[C@@H]1CC[C@@H]2S		in vitro (Rat Liver Homogenate) | in vitro (Human Liver Homogenate)				1
4147	MTB277	Chain Shortening | Hydrolysis | N-Acetylation | N-Acylation | N-Deacylation | Transconjugation	1 Step	MTB277-F	277	18800	Acebutolol	Diacetolol	CCCC(=O)Nc1ccc(OCC(O)CNC(C)C)c(C(C)=O)c1	CC(=O)Nc1ccc(OCC(O)CNC(C)C)c(C(C)=O)c1		Human	Oral	N-Acetate	Plasma | Urine	3
6917	MTB492	Conjugation | Transconjugation	2 of 2	MTB492-I	32418	49374			Cc1ccc(C(=O)c2ccc(CC(=O)SCCNC(=O)CCNC(=O)[C@H](O)C(C)(C)COP(=O)(O)OP(=O)(O)OC[C@H]3O[C@@H](n4cnc5c(N)ncnc54)[C@H](O)[C@@H]3OP(=O)(O)O)n2C)cc1	Cc1ccc(C(=O)c2ccc(CC(=O)NCCS(=O)(=O)O)n2C)cc1	Amino Acid N-Acyltransferase	Rat	Intraperitoneal | Oral	Taurine	Liver | Bile | Urine | Feces	2
6929	MTB492	Glutathionation | Transconjugation	2 of 3	MTB492-F	32418	57135			Cc1ccc(C(=O)c2ccc(CC(=O)SCCNC(=O)CCNC(=O)[C@H](O)C(C)(C)COP(=O)(O)OP(=O)(O)OC[C@H]3O[C@@H](n4cnc5c(N)ncnc54)[C@H](O)[C@@H]3OP(=O)(O)O)n2C)cc1	Cc1ccc(C(=O)c2ccc(CC(=O)SC[C@H](NC(=O)CC[C@H](N)C(=O)O)C(=O)NCC(=O)O)n2C)cc1		Rat	Intraperitoneal	Glutathione	Bile | Liver	1
6931	MTB492	Glutathionation | Transconjugation	2 of 3	MTB492-R	31919	57135			Cc1ccc(C(=O)c2ccc(CC(=O)O[C@@H]3O[C@H](C(=O)O)[C@@H](O)[C@H](O)[C@H]3O)n2C)cc1	Cc1ccc(C(=O)c2ccc(CC(=O)SC[C@H](NC(=O)CC[C@H](N)C(=O)O)C(=O)NCC(=O)O)n2C)cc1		Rat	Intraperitoneal	Glutathione	Bile | Liver	1
6936	MTB492	Desulfuration | Glycination | Transconjugation	2 of 2	MTB492-H	32418	32419			Cc1ccc(C(=O)c2ccc(CC(=O)SCCNC(=O)CCNC(=O)[C@H](O)C(C)(C)COP(=O)(O)OP(=O)(O)OC[C@H]3O[C@@H](n4cnc5c(N)ncnc54)[C@H](O)[C@@H]3OP(=O)(O)O)n2C)cc1	Cc1ccc(C(=O)c2ccc(CC(=O)NCC(=O)O)n2C)cc1	Amino Acid N-Acyltransferase	Rat | in vitro (Rat Hepatocytes)	Intraperitoneal | Oral	Glycine	Liver | Urine | Feces	3
8186	MTB563	Amination | Aromatic Amidation | Dearomatization | Isomerization | Rearrangement | S-Dealkylation | S-Dearylation | Tautomerization	1 of 2 | 1 of 3 | 1 of 2 | 1 of 2 | 1 of 3 | 1 of 4 | 1 of 5 | 1 of 4	MTB563-A | MTB563-B | MTB563-C | MTB563-D | MTB563-E | MTB563-F | MTB563-G | MTB563-H	563	1301	(Azathioprine=1H-Tautomer)	Thioguanine	Cn1cnc([N+](=O)[O-])c1Sc1ncnc2[nH]cnc12	Nc1nc2[nH]cnc2c(=S)[nH]1		Human	Oral		Erythrocytes | Red Blood Cells | Neutrophils | Reticulocytes | Blood	5
8187	MTB563	Dearomatization | Elimination | Hydrolysis | Isomerization | S-Dealkylation | S-Dearylation | Tautomerization	1 of 3 | 1 of 5 | 1 of 5 | 1 of 5 | 1 of 6 | 1 of 4 | 1 of 5 | 1 of 5 | 1 of 4 | 1 of 3 | 1 of 2 | 1 of 2 | 1 of 3 | 1 of 4 | 1 of 2 | 1 of 2 | 1 of 4 | 1 of 2 | 1 of 2 | 1 of 3 | 1 of 4 | 1 of 3 | 1 of 3 | 1 of 4 | 1 of 5 | 1 of 6 | 1 of 5 | 1 of 2 | 1 of 2 | 1 of 2 | 1 of 3 | 1 of 2 | 1 of 3 | 1 of 2	MTB563-S | MTB563-T | MTB563-U | MTB563-V | MTB563-W | MTB563-X | MTB563-Y | MTB563-Z | MTB563-AA | MTB563-AB | MTB563-AC | MTB563-AD | MTB563-AE | MTB563-AF | MTB563-AG | MTB563-AH | MTB563-AI | MTB563-AJ | MTB563-AK | MTB563-AL | MTB563-AM | MTB563-AN | MTB563-AO | MTB563-AP | MTB563-AQ | MTB563-AR | MTB563-AS | MTB563-AT | MTB563-AU | MTB563-AV | MTB563-AW | MTB563-AX | MTB563-AY | MTB563-AZ	563	749	(Azathioprine=1H-Tautomer)	Mercaptopurine	Cn1cnc([N+](=O)[O-])c1Sc1ncnc2[nH]cnc12	S=c1[nH]cnc2[nH]cnc12	Glutathione Transferase	Human (Inflammatory Bowel Disease Patients) | Human | Human (Children, Inflammatory Bowel Disease Patients) | Human (Children, Autoimmune Hepatitis Patients) | Human (Children, Crohn's Disease Patients) | Human (Female, Lactating) | Human (Crohn's Disease Patients) | Human (Infant) | Horse | in vitro (Human Peripheral Blood Mononuclear Cells) | Human (Renal Transplant Patients) | Human (Children, Renal Transplant Patients) | in vitro (Human Blood) | in vitro (Rat Liver Homogenate) | in vitro (Human Plasma) | Mouse	Oral | Oral (Maternal Milk) | Intravenous | Intravenous + Oral		Blood | Red Blood Cells | Peripheral Blood Mononuclear Cells | Urine | Plasma | Erythrocytes | Milk | Feces; Urine	53
8203	MTB563	Dearomatization | Glycosidation | N-Glycosidation | S-Dealkylation | S-Dearylation | Tautomerization	1 of 4 | 1 of 5 | 1 of 3 | 1 of 4 | 1 of 4 | 1 of 3 | 1 of 2	MTB563-BA | MTB563-BB | MTB563-BC | MTB563-BD | MTB563-BE | MTB563-BF | MTB563-BG	563	10396	(Azathioprine=1H-Tautomer)	Thioinosine-5'-monophosphate	Cn1cnc([N+](=O)[O-])c1Sc1ncnc2[nH]cnc12	O=P(O)(O)OC[C@H]1O[C@@H](n2cnc3c(=S)[nH]cnc32)[C@H](O)[C@@H]1O	Hypoxanthine-Guanine Phosphoribosyltransferase | Xanthine Oxidase | Hypoxanthine Phosphoribosyltransferase	Human | Human (Children) | Human (Systemic Lupus Erythematosus Patients)	Oral	Riboside	Blood | Red Blood Cells | Erythrocytes	5
8221	MTB563	Conjugation | S-Dearylation	1 of 2 | 1 of 2 | 1 of 2	MTB563-I | MTB563-J | MTB563-K	563	19836	(Azathioprine=1H-Tautomer)		Cn1cnc([N+](=O)[O-])c1Sc1ncnc2[nH]cnc12	Cn1cnc([N+](=O)[O-])c1SC[C@H](NC(=O)CC[C@H](N)C(=O)O)C(=O)NCC(=O)O		Dog | Human | in vitro (Rat Liver Homogenate)	Intravenous		Urine	4
8224	MTB563	Conjugation | Dimerization | S-Dearylation	2 of 2	MTB563-J	19836	19837			Cn1cnc([N+](=O)[O-])c1SC[C@H](NC(=O)CC[C@H](N)C(=O)O)C(=O)NCC(=O)O	Cn1cnc([N+](=O)[O-])c1N[C@@H](CSSC[C@H](Nc1c([N+](=O)[O-])ncn1C)C(=O)O)C(=O)O		Dog	Oral		Urine	1
6144	MTB433	Glucosidation	1 Step	MTB433-AG	433	67058	Isoniazide		NNC(=O)c1ccncc1	O=C(N/N=C/[C@H](O)[C@@H](O)[C@H](O)[C@H](O)CO)c1ccncc1		Human	Oral	Glucoside	Urine	1
7350	MTB513	Glucosidation	3 of 3 | 5 of 5 | 2 of 2 | 3 of 3 | 4 of 4 | 4 of 4 | 5 of 5 | 3 of 3 | 3 of 3	MTB513-P | MTB513-AH | MTB513-BV | MTB513-CC | MTB513-DN | MTB513-DV | MTB513-EC | MTB513-EK | MTB513-FP	19655	50173			CNCCCC(C#N)(c1ccc(OC)c(OC)c1)C(C)C	COc1ccc(C(C#N)(CCCN(C)[C@@H]2O[C@H](CO)[C@@H](O)[C@H](O)[C@H]2O)C(C)C)cc1OC		in vitro (Rat Hepatocytes)		N-Glucoside		1
9155	MTB653	Glucosidation	1 Step	MTB653-R	653	26851	Furosemide		NS(=O)(=O)c1cc(C(=O)O)c(NCc2ccco2)cc1Cl	NS(=O)(=O)c1cc(C(=O)O[C@@H]2O[C@H](CO)[C@@H](O)[C@H](O)[C@H]2O)c(NCc2ccco2)cc1Cl		in vitro (Cunninghamella elegans)		Glucoside		1
12477	MTB770	Glucosidation | O-Glycosidation	1 Step	MTB770-K	770	48810	Morphine		CN1CC[C@]23c4c5ccc(O)c4O[C@H]2[C@@H](O)C=C[C@H]3[C@H]1C5	CN1CC[C@]23c4c5ccc(O[C@@H]6O[C@H](CO)[C@@H](O)[C@H](O)[C@H]6O)c4O[C@H]2[C@@H](O)C=C[C@H]3[C@H]1C5	UDP-Glucuronosyltransferase (['UGT2B7']) | UDP-Glucuronosyltransferase (['UGT1A3', 'UGT1A9', 'UGT1A1', 'UGT1A10', 'UGT1A4', 'UGT2B4', 'UGT1A6', 'UGT2B17', 'UGT1A7;+'])	in vitro (Human Liver Microsomes) | in vitro (HEK 293 Cells Expressing Human UGT2B7) | in vitro (HEK 293 Cells Expressing Human UGT Isoenzymes) | Human	Oral	O-Glucoside	Urine	2
12485	MTB770	Glucosidation | O-Glycosidation	1 Step	MTB770-O	770	48809	Morphine		CN1CC[C@]23c4c5ccc(O)c4O[C@H]2[C@@H](O)C=C[C@H]3[C@H]1C5	CN1CC[C@]23c4c5ccc(O)c4O[C@H]2[C@@H](O[C@@H]2O[C@H](CO)[C@@H](O)[C@H](O)[C@H]2O)C=C[C@H]3[C@H]1C5		Human	Oral	O-Glucoside	Urine	1
4361	MTB296	N-Dealkylation | N-Debenzylation	1 of 2	MTB296-B	296	18878	Benzydamine		CN(C)CCCOc1nn(Cc2ccccc2)c2ccccc12	CN(C)CCCOc1n[nH]c2ccccc12		in vitro (Rat Hepatocytes) | Human | Rat | Rabbit	Oral		Urine | Bile; Urine	5
12884	MTB786	N-Dealkylation | N-Debenzylation	1 Step	MTB786-M	786	20597	Tripelennamine		CN(C)CCN(Cc1ccccc1)c1ccccn1	CN(C)CCNc1ccccn1		Human | Rat | in vitro (Rat Liver Microsomes)	Intravenous | Intraperitoneal | Intraperitoneal; Oral	Glucuronide	Urine	5
13242	MTB799	N-Dealkylation | N-Debenzylation	1 Step	MTB799-J	799	20597	Mepyramine		COc1ccc(CN(CCN(C)C)c2ccccn2)cc1	CN(C)CCNc1ccccn1		Rat	Intraperitoneal | Intraperitoneal; Oral		Urine	3
15049	MTB881	N-Dealkylation | N-Debenzylation	1 of 5 | 1 of 5 | 1 of 4 | 1 of 3 | 1 of 3 | 1 of 5 | 1 of 5 | 1 of 5 | 1 of 3 | 1 of 3	MTB881-B | MTB881-C | MTB881-D | MTB881-E | MTB881-F | MTB881-G | MTB881-H | MTB881-I | MTB881-J | MTB881-K	881	20953	Benidipine		COC(=O)C1=C(C)NC(C)=C(C(=O)O[C@@H]2CCCN(Cc3ccccc3)C2)[C@@H]1c1cccc([N+](=O)[O-])c1	COC(=O)C1=C(C)NC(C)=C(C(=O)O[C@@H]2CCCNC2)[C@@H]1c1cccc([N+](=O)[O-])c1	Cytochrome P450 (['CYP3A4', 'CYP3A5'])	in vitro (Human Liver Microsomes) | Rat | Human | Dog	Oral		Urine | Bile | Plasma | Feces | Bile; Plasma; Urine	4
21967	MTB1416	N-Dealkylation | N-Debenzylation	2 of 3	MTB1416-C	22380	5291		d-Amphetamine	C[C@@H](Cc1ccccc1)NCc1ccccc1	C[C@H](N)Cc1ccccc1		Rat | Human | in vitro (Rat Liver Microsomes)	Oral | Intraperitoneal		Urine | Plasma | Hair	4
1357	MTB64	Enantiomerization	1 of 2 | 1 of 3 | 1 of 3	MTB64-C | MTB64-D | MTB64-E	64	8909	Methylphenobarbital	(R)-Mephobarbital	CCC1(c2ccccc2)C(=O)NC(=O)N(C)C1=O	CC[C@@]1(c2ccccc2)C(=O)NC(=O)N(C)C1=O		Human	Oral		Plasma | Urine	1
1362	MTB64	Enantiomerization	1 of 3 | 1 of 3 | 1 of 2	MTB64-I | MTB64-J | MTB64-K	64	8010	Methylphenobarbital	S-Mephobarbital	CCC1(c2ccccc2)C(=O)NC(=O)N(C)C1=O	CC[C@]1(c2ccccc2)C(=O)NC(=O)N(C)C1=O		Human	Oral		Plasma | Urine	1
1756	MTB96	Enantiomerization | Optical Resolution	1 of 3 | 1 of 3 | 1 of 2 | 1 of 2	MTB96-C | MTB96-D | MTB96-E | MTB96-F	96	1744	Mephenytoin	(S)-Mephenytoin	CCC1(c2ccccc2)NC(=O)N(C)C1=O	CC[C@@]1(c2ccccc2)NC(=O)N(C)C1=O	Cytochrome P450 (['CYP2C19']) | Cytochrome P450 (['CYPC19'])	Human | Human (CYP2C19 Extensive Metabolizer) | Human (CYP2C19 Poor Metabolizer) | Human (HIV Infected Patients) | Human (Sclerosis Patients) | Human (Extensive Metabolizer) | Human (Poor Metabolizer) | Human (Chinese Dai) | in vitro (Human Liver Microsomes) | Human (Bladder Cancer Patients) | Human (Gastroenterological Patients)	Oral		Urine | Plasma | Plasma + Urine	64
1767	MTB96	Enantiomerization | Optical Resolution	1 of 2 | 1 of 2	MTB96-H | MTB96-I	96	2735	Mephenytoin	(R)-Mephenytoin	CCC1(c2ccccc2)NC(=O)N(C)C1=O	CC[C@]1(c2ccccc2)NC(=O)N(C)C1=O	Cytochrome P450 (['CYP2C19'])	Human | Human (CYP2C19 Extensive Metabolizer) | Human (CYP2C19 Poor Metabolizer) | Human (HIV Infected Patients) | Human (Sclerosis Patients) | Human (Extensive Metabolizer) | Human (Poor Metabolizer) | Human (Chinese Dai) | in vitro (Human Liver Microsomes) | Human (Bladder Cancer Patients) | Human (Gastroenterological Patients)	Oral		Urine | Plasma | Plasma + Urine	58
21640	MTB1393	Enantiomerization | Reduction	1 Step	MTB1393-B	1393	17824	(S)-(-)-Cathinone		C[C@H](N)C(=O)c1ccccc1	C[C@@H](N)[C@H](O)c1ccccc1		Human	Oral		Urine	1
1638	MTB75	Acyl Migration | Isomerization | Transglucuronidation	2 of 2	MTB75-JK	2531	9318	Valproate Glucuronide	2-O-Valproyl-beta-D-glucuronic acid	CCCC(CCC)C(=O)O[C@@H]1O[C@H](C(=O)O)[C@@H](O)[C@H](O)[C@H]1O	CCCC(CCC)C(=O)O[C@@H]1[C@@H](O)[C@H](O)[C@@H](C(=O)O)O[C@H]1O		in vitro (Human Liver Microsomes) | in vitro (HepaRG Cells)				2
5522	MTB383	Acyl Migration | Isomerization | Transglucuronidation	2 of 5	MTB383-FG	14131	46153	Ibuprofen beta-D-glucuronide		CC(C)Cc1ccc(C(C)C(=O)O[C@@H]2O[C@H](C(=O)O)[C@@H](O)[C@H](O)[C@H]2O)cc1	CC(C)Cc1ccc(C(C)C(=O)O[C@@H]2[C@@H](O)[C@H](O)[C@@H](C(=O)O)O[C@H]2O)cc1		in vitro (Human Liver Microsomes) | in vitro (HepaRG Cells) | Human	Oral	Acyl Glucuronide	Urine	4
5544	MTB384	Acyl Migration | Isomerization | Transglucuronidation	2 of 3	MTB384-F	43283	78394			COc1ccc2c(c1)c(CC(=O)O[C@@H]1O[C@H](C(=O)O)[C@@H](O)[C@H](O)[C@H]1O)c(C)n2C(=O)c1ccc(Cl)cc1	COc1ccc2c(c1)c(CC(=O)O[C@@H]1[C@@H](O)[C@H](O)[C@@H](C(=O)O)O[C@H]1O)c(C)n2C(=O)c1ccc(Cl)cc1		in vitro (Human Liver Microsomes) | in vitro (HepaRG Cells)				2
6244	MTB436	Acyl Migration | Isomerization | Transglucuronidation	2 of 4	MTB436-D	2508	44814	Naproxen acyl glucuronide		COc1ccc2cc([C@H](C)C(=O)O[C@@H]3O[C@H](C(=O)O)[C@@H](O)[C@H](O)[C@H]3O)ccc2c1	COc1ccc2cc([C@H](C)C(=O)O[C@@H]3[C@@H](O)[C@H](O)[C@@H](C(=O)O)O[C@H]3O)ccc2c1		in vitro (Human Liver Microsomes) | in vitro (HepaRG Cells)				2
6247	MTB436	Isomerization | Transglucuronidation	2 of 2	MTB436-F	2508	2506	Naproxen acyl glucuronide	Naproxen iso acyl glucuronide	COc1ccc2cc([C@H](C)C(=O)O[C@@H]3O[C@H](C(=O)O)[C@@H](O)[C@H](O)[C@H]3O)ccc2c1	COc1ccc2cc([C@H](C)C(=O)O[C@H]3[C@H](O)[C@@H](O)[C@H](O)O[C@@H]3C(=O)O)ccc2c1		Human	Oral		Urine	1
3965	MTB262	Azo Cleavage | Cleavage | Elimination | Hydrogenation | N-Deamination | N-Reduction | Reduction	1 of 2 | 1 of 2 | 1 of 3	MTB262-A | MTB262-B | MTB262-C	262	183	Salazosulfapyridine	Sulfapyridine	O=C(O)c1cc(/N=N/c2ccc(S(=O)(=O)Nc3ccccn3)cc2)ccc1O	Nc1ccc(S(=O)(=O)Nc2ccccn2)cc1	Azo Reductase	Rat | in vitro (Rat Colon Contents) | in vitro (Rat Ileum Contents) | Rat (Bcrp Knockout) | Rat (Mdr1a Knockout) | Rat (Mrp2 Knockout) | Human | Human (Intermediate Acetylator) | Human (Rapid Acetylator) | Human (Slow Acetylator) | Monkey | Dog | Pig | Human (Male) | Mouse (Male) | Mouse (Female) | Mouse	Oral | Rectal | Intraileal | Intravenous | Intraperitoneal; Oral	Glucuronide | Acetate	Plasma | Urine | Serum | Serum; Synovial Fluid; Urine | Feces; Urine	33
3976	MTB262	Azo Cleavage | Cleavage | Hydrogenation | N-Deamination | N-Reduction	1 of 2	MTB262-F	262	935	Salazosulfapyridine	5-Aminosalicylic acid	O=C(O)c1cc(/N=N/c2ccc(S(=O)(=O)Nc3ccccn3)cc2)ccc1O	Nc1ccc(O)c(C(=O)O)c1	Azo Reductase | Azobenzene Reductase	in vitro (Human Feces) | Rat | in vitro (Rat Colon Contents) | in vitro (Rat Ileum Contents) | Human | Monkey | in vitro (Rat Intestine Contents) | Dog | in vitro (Rat Cecum Contents) | in vitro (Rat Small Intestine Contents) | Mouse	Oral | Intravenous | Intraperitoneal; Oral	Acetate	Plasma | Urine | Feces | Serum | Cecum | Colon | Rectum | Stomach | Duodenum | Jejunum | Ileum | Feces; Urine	25
8699	MTB607	Deamination | N-Deamination | N-Reduction	1 Step	MTB607-G	607	19950	Dacarbazine	5-Aminoimidazole-4-carboxamide	CN(C)/N=N/c1[nH]cnc1C(N)=O	NC(=O)c1nc[nH]c1N		Human | Human (Male, Cancer Patients) | Human (Female, Cancer Patients)	Intravenous | Infusion		Plasma | Tumor | Adipose	4
18403	MTB1145	N-Deamination	1 Step	MTB1145-D	1145	411	Carbidopa	Methyldopa	C[C@@](Cc1ccc(O)c(O)c1)(NN)C(=O)O	C[C@](N)(Cc1ccc(O)c(O)c1)C(=O)O		Human	Oral		Plasma	1
31535	MTB1965	N-Deamination | Oxidation	3 of 3	MTB1965-D	24079	24081			C/N=N\C(O)c1ccc(C(=O)NC(C)C)cc1	CC(C)NC(=O)c1ccc(C(N)=O)cc1		in vitro (Cultured Cells)				1
8071	MTB552	Nitration	1 Step	MTB552-VP	552	23790	Paracetamol		CC(=O)Nc1ccc(O)cc1	CC(=O)Nc1ccc(O)c([N+](=O)[O-])c1		Human | Mouse | in vitro (Human Polymorphonuclear Neutrophil Blood Cells)	Oral | Intraperitoneal		Plasma | Urine | Red Blood Cells | Blood	2
17686	MTB1084	Nitration	2 of 2	MTB1084-H	66340	66341			CC(C)(C)NCC(O)c1c[c]c(O)cc1	CC(C)(C)NCC(O)c1ccc(O)c([N+](=O)[O-])c1		Human (Asthma Patients)			Expired Air	1
20923	MTB1329	Nitration	3 of 3 | 2 of 2	MTB1329-CD | MTB1329-IK	986	801	Phenol	p-Nitrophenol	Oc1ccccc1	O=[N+]([O-])c1ccc(O)cc1		Mouse	Intraperitoneal		Bone Marrow | Lung | Blood | Liver	1
20925	MTB1329	Nitration	3 of 3 | 2 of 2	MTB1329-CE | MTB1329-IL	986	38934	Phenol		Oc1ccccc1	O=[N+]([O-])c1cccc(O)c1		Mouse	Intraperitoneal		Bone Marrow | Lung | Blood | Liver	1
20927	MTB1329	Nitration	3 of 3 | 2 of 2	MTB1329-CF | MTB1329-IM	986	30608	Phenol		Oc1ccccc1	O=[N+]([O-])c1ccccc1O		Mouse	Intraperitoneal		Bone Marrow | Lung | Blood | Liver	1
5131	MTB368	Dealkenylation | Hydrolysis | N-Dealkylation	1 Step	MTB368-L	368	34928	Furazolidone		O=C1OCCN1/N=C/c1ccc([N+](=O)[O-])o1	NN1CCOC1=O		Pig | Channel Catfish | Hen (Laying) | in vitro (Pig Liver)	Oral | Aqueous Uptake		Plasma | Muscle | Liver | Egg | Choroid + Retina | Kidney	7
17326	MTB1041	Dealkenylation | Decarboxylation | Oxidation	1 of 3 | 1 of 3 | 1 of 4 | 1 of 4 | 1 of 3 | 1 of 4 | 1 of 4 | 1 of 3 | 1 of 4 | 1 of 4	MTB1041-O | MTB1041-P | MTB1041-Q | MTB1041-R | MTB1041-S | MTB1041-T | MTB1041-U | MTB1041-V | MTB1041-W | MTB1041-X	1041	1710	Oxymetholone	Mestanolone	C[C@]12C/C(=C\O)C(=O)C[C@@H]1CC[C@@H]1[C@@H]2CC[C@@]2(C)[C@H]1CC[C@]2(C)O	C[C@]12CCC(=O)C[C@@H]1CC[C@@H]1[C@@H]2CC[C@@]2(C)[C@H]1CC[C@]2(C)O		Horse | Human	Oral		Urine	2
17370	MTB1041	Dealkenylation | Decarboxylation | Hydrogenation | Oxidation | Reduction	1 of 2	MTB1041-AF	1041	18583	Oxymetholone		C[C@]12C/C(=C\O)C(=O)C[C@@H]1CC[C@@H]1[C@@H]2CC[C@@]2(C)[C@H]1CC[C@]2(C)O	C[C@]12CC[C@@H](O)C[C@@H]1CC[C@@H]1[C@@H]2CC[C@@]2(C)[C@H]1CC[C@]2(C)O		Human	Oral		Urine	2
19120	MTB1208	Dealkenylation | Hydrolysis | O-Dealkylation | O-Demethylation | Ring Opening	1 of 5 | 1 of 3 | 1 of 4 | 1 of 2 | 1 of 4 | 1 of 6 | 1 of 3 | 1 of 3 | 1 of 4 | 1 of 6 | 1 of 5 | 1 of 6 | 1 of 2	MTB1208-M | MTB1208-N | MTB1208-O | MTB1208-P | MTB1208-Q | MTB1208-R | MTB1208-S | MTB1208-T | MTB1208-U | MTB1208-V | MTB1208-W | MTB1208-X | MTB1208-Y	1208	2828	3,4-Methylendioxyamphetamine	alpha-Methyldopamine	CC(N)Cc1ccc2c(c1)OCO2	CC(N)Cc1ccc(O)c(O)c1	Cytochrome P450 (['CYP2D1', 'CYP3A2']) | Cytochrome P450 (['CYP2D6']) | Cytochrome P450 (['CYP2D', 'CYP2B', 'CYP3A2']) | Cytochrome P450 (['CYP2D']) | Cytochrome P450 (['CYP2D', 'CYP2B', 'CYP3A1']) | Cytochrome P450 (['CYP2D', 'CYP2B', 'CYP3A']) | Cytochrome P450	Rat | Human (Extensive Metabolizer) | in vitro (Rat Liver Microsomes) | in vitro (Rat Hepatocytes) | in vitro (Human Liver Microsomes) | Human | in vitro (Rabbit Liver Microsomes) | in vitro (Rabbit Liver Cytochrome P450)	Intravenous | Subcutaneous | Oral		Plasma | Bile | Brain | Urine	13
25454	MTB1634	Dealkenylation | Hydrolysis | O-Dealkylation | O-Demethylation | Ring Opening	1 of 3 | 1 of 3 | 1 of 5	MTB1634-L | MTB1634-M | MTB1634-N	1634	23005	(S)-3,4-(Methylenedioxy)methamphetamine		CN[C@@H](C)Cc1ccc2c(c1)OCO2	CN[C@@H](C)Cc1ccc(O)c(O)c1	Cytochrome P450 (['CYP2D6']) | Cytochrome P450 (['CYP1A2', 'CYP2C19', 'CYP2D6', 'CYP3A4']) | Cytochrome P450 (['CYP2D6', 'CYP1A2']) | Cytochrome P450 (['CYP2D']) | Cytochrome P450	Mouse | in vitro (Human Liver Cytosol) | in vitro (Human Liver Microsomes) | Rat | in vitro (Rat Liver Microsomes) | in vitro (Saccharomyces cerevisiae Microsomes, Yeast) | in vitro (Rabbit Liver Microsomes) | in vitro (Rabbit Liver Cytochrome P450) | Human	Intraperitoneal | Subcutaneous		Plasma | Striatum | Cortex | Brain | Urine	12
5865	MTB420	N-Nitrosation	1 Step	MTB420-Y	420	1314	Aminophenazone	N-Nitrosodimethylamine	Cc1c(N(C)C)c(=O)n(-c2ccccc2)n1C	CN(C)N=O		Rat | Rat (Diabetic)	Oral		Urine	1
16152	MTB951	N-Nitrosation	3 of 4 | 2 of 3 | 3 of 4	MTB951-BT | MTB951-BX | MTB951-CF	5892	3048	Nornicotine	N'-Nitrosonornicotine	c1cncc([C@@H]2CCCN2)c1	O=NN1CCC[C@H]1c1cccnc1		Human | Rat	Oral | Dermal		Urine	2
16153	MTB951	N-Dealkylation | N-Demethylation | N-Nitrosation	1 of 2	MTB951-DD	951	3048	Nicotine	N'-Nitrosonornicotine	CN1CCC[C@H]1c1cccnc1	O=NN1CCC[C@H]1c1cccnc1		Rat	Oral		Urine	1
16161	MTB951	C-Oxidation | N-Nitrosation | Oxidation | Ring Opening	1 of 3 | 1 of 2	MTB951-CG | MTB951-CH	951	1917	Nicotine	4-(Methylnitrosamino)-1-(3-pyridyl)-1-butanone	CN1CCC[C@H]1c1cccnc1	CN(CCCC(=O)c1cccnc1)N=O	Cytochrome P450	Human | Mouse	Inhalation | Intraperitoneal		Urine | Liver	2
16163	MTB951	N-Nitrosation | Ring Opening	1 of 2	MTB951-CV	951	3552	Nicotine	4-(Methylnitrosamino)-1-(3-pyridyl)-1-butanol	CN1CCC[C@H]1c1cccnc1	CN(CCCC(O)c1cccnc1)N=O		Human	Smoking		Urine	1
15354	MTB898	Hydrolysis | Se-Methylation	1 Step	MTB898-A	898	21006	Ebselen		O=c1c2ccccc2[se]n1-c1ccccc1	C[Se]c1ccccc1C(=O)O		Human | Rat | Pig	Oral		Bile; Plasma; Urine	1
15356	MTB898	Aromatic Hydroxylation | Aromatic Methoxylation | Ring Opening | Se-Methylation	1 Step	MTB898-C	898	21007	Ebselen		O=c1c2ccccc2[se]n1-c1ccccc1	COc1cc(NC(=O)c2ccccc2[Se]C)ccc1O		Human | Rat | Pig	Oral		Bile; Plasma; Urine	1
15357	MTB898	Aromatic Hydroxylation | Aromatic Methiolation | Ring Opening | Se-Methylation	1 Step	MTB898-D	898	21009	Ebselen		O=c1c2ccccc2[se]n1-c1ccccc1	CSc1cc(NC(=O)c2ccccc2[Se]C)ccc1O		Human | Rat | Pig	Oral		Bile; Plasma; Urine	1
15358	MTB898	Aromatic Hydroxylation | Ring Opening | Se-Methylation	1 Step	MTB898-E	898	21008	Ebselen		O=c1c2ccccc2[se]n1-c1ccccc1	C[Se]c1ccccc1C(=O)Nc1ccc(O)cc1		Human | Rat | Pig	Oral	O-Glucuronide	Bile; Plasma; Urine	1
38883	MTB2546	Alkylation | Deglutathionation | Methylation | Se-Alkylation | Se-Methylation	3 of 3 | 3 of 3 | 4 of 4	MTB2546-A | MTB2546-AJ | MTB2546-AK	50530	12532	Selenosugar A	Selenosugar B	CC(=O)N[C@@H]1[C@@H](O)[C@@H](O)[C@@H](CO)O[C@H]1[Se]SC[C@H](NC(=O)CC[C@H](N)C(=O)O)C(=O)NCC(=O)O	C[Se][C@@H]1O[C@H](CO)[C@H](O)[C@H](O)[C@H]1NC(C)=O	Methyltransferase	Bird | Rat	Oral | Intraperitoneal		Liver | Kidney | Serum | Urine | Pancreas	4
17935	MTB1104	Desulfuration | Nucleophilic Substitution | Oxidation | Oxidative Desulfuration | P-Desulfuration | P-Oxidation	1 of 2 | 1 of 5 | 1 of 3 | 1 of 2	MTB1104-A | MTB1104-B | MTB1104-C | MTB1104-D	1104	1098	Thio-TEPA	TEPA	S=P(N1CC1)(N1CC1)N1CC1	O=P(N1CC1)(N1CC1)N1CC1	Cytochrome P450 | Cytochrome P450 (['CYP2B6', 'CYP3A4', 'CYP3A5']) | Cytochrome P450 (['CYP2B6', 'CYP3A4']) | Cytochrome P450 (['CYP3A4', 'CYP2B6']) | Cytochrome P450 (['CYP2B6']) | Cytochrome P450 (['CYP2B1', 'CYP2C11']) | Cytochrome P450 (['CYP2B', 'CYP2C']) | Cytochrome P450 (['CYP2C11']) | Cytochrome P450 (['CYP2B1', 'CYP2C11', 'CYP2C6'])	Mouse | in vitro (Mouse Liver Microsomes) | Human (Cancer Patients) | Human | Human (Renal Impairment Patients) | in vitro (Human Liver Microsomes) | Human (Cancer Patients, Obese) | in vitro (Human Lymphoblast Cell Microsomes, Transfected) | in vitro (Human Microsomes) | in vitro (Rat Liver Slices) | in vitro (Mouse Liver Slices) | Human (Bone Marrow Transplanted Patients) | in vitro (Rat Liver Microsomes) | in vitro (Rat Liver Cytochrome P4502C11) | Dog | Rabbit | Rat	Intraperitoneal | Infusion | Intravenous | Oral | Intravenous; Oral		Serum | Urine | Plasma | Plasma; Urine	36
20740	MTB1327	Desulfuration | Hydrolysis | Nucleophilic Substitution | Oxidative Desulfuration | Oxygenation | P-Desulfuration | P-Oxidation | S-Oxidation	1 of 2 | 1 of 3 | 1 of 3 | 1 of 5 | 1 of 5 | 1 of 7 | 1 of 2 | 1 of 2 | 1 of 2 | 1 of 2 | 1 of 5 | 1 of 5 | 1 of 7 | 1 of 4 | 1 of 4 | 1 of 6 | 1 of 2	MTB1327-AB | MTB1327-AC | MTB1327-AD | MTB1327-AE | MTB1327-AF | MTB1327-AG | MTB1327-AH | MTB1327-AI | MTB1327-AJ | MTB1327-AK | MTB1327-AL | MTB1327-AM | MTB1327-AN | MTB1327-AO | MTB1327-AP | MTB1327-AQ | MTB1327-AR	1327	6635	Chlorpyrifos	Diethyl-(3,5,6-trichloro-2-pyridinyl)-phosphate	CCOP(=S)(OCC)Oc1nc(Cl)c(Cl)cc1Cl	CCOP(=O)(OCC)Oc1nc(Cl)c(Cl)cc1Cl	Cytochrome P450 | Cytochrome P450 (['CYP3A4', 'CYP2B6', 'CYP2C19']) | Cytochrome P450 (['CYP2B1']) | Cytochrome P450 (['CYP2B6', 'CYP3A4']) | Cytochrome P450 (['CYP3A4']) | Cytochrome P450 (['CYP2B']) | Cytochrome P450 (['CYP1A2', 'CYP2B1']) | Cytochrome P450 (['CYP2B1', 'CYP2B2']) | Paraoxonase (['PON1']) | Cytochrome P450 (['CYP2B6', 'CYP2C19', 'CYP3A4', 'CYP1A2', 'CYP3A5', 'CYP3A7']) | Cytochrome P450 (['CYP2B6']) | Cytochrome P450 (['CYP3A']) | Cytochrome P450 (['CYP3A4', 'CYP2D6']) | Cytochrome P450 (['CYP2D6']) | Cytochrome P450 (['CYP1A1', 'CYP2B1']) | Cytochrome P450 (['CYP1A1'])	Duck | in vitro (Fish Liver S9 Fraction) | Fish (Embryo) | Rat | Human | Fish (Carp) | in vitro (Human Duodenum Microsomes) | in vitro (Human Ileum and Jejunum Microsomes) | Rabbit | in vitro (Mouse Stem Cells, Embryonic) | in vitro (Rat Liver Microsomes) | in vitro (Mouse Liver Microsomes, Neonatal) | in vitro (Human Liver Microsomes) | Mouse | Human (Adult) | Human (Female, Pregnant) | in vitro (Rat Small Intestine Enterocyte Microsomes) | Rat (Female, Pregnant) | in vitro (Mouse Liver Microsomes) | in vitro (Human AHH-1 Cell Microsomes, Transfected) | in vitro (Fish Liver Microsomes) | in vitro (Rat Liver Microsomes, beta-Naphthoflavone Treated) | in vitro (Rat Liver Microsomes, Phenobarbital Treated)	Oral | Aqueous Uptake | Subcutaneous | Environmental Exposure | Occupational Exposure | Intraperitoneal | Intravenous		Muscle | Larva | Brain | Plasma | Spleen | Head Kidney | Urine | Serum | Hair | Liver | Blood | Saliva | Plasma, Maternal | Placenta | Fetus | Plasma, Fetal	43
20787	MTB1328	Desulfuration | Hydrolysis | Nucleophilic Substitution | Oxidation | Oxidative Desulfuration | P-Desulfuration | P-Oxidation	1 of 2 | 1 of 3 | 1 of 3 | 1 of 3 | 1 of 3	MTB1328-C | MTB1328-D | MTB1328-E | MTB1328-F | MTB1328-G	1328	2819	Parathion	Paraoxon	CCOP(=S)(OCC)Oc1ccc([N+](=O)[O-])cc1	CCOP(=O)(OCC)Oc1ccc([N+](=O)[O-])cc1	Cytochrome P450 (['CYP1A2']) | Cytochrome P450 | Cytochrome P450 (['CYP1A2', 'CYP2B6', 'CYP2C9', 'CYP2C19', 'CYP3A4', 'CYP3A5']) | Cytochrome P450 (['CYP3A', 'CYP2B']) | Cytochrome P450 (['CYP3A4', 'CYP3A5', 'CYP2C8']) | Cytochrome P450 (['CYP3A4', 'CYP2D6']) | Cytochrome P450 (['CYP2D6']) | Cytochrome P450 (['CYP3A']) | Cytochrome P450 (['CYP3A23']) | Cytochrome P450 (['CYP3A4', 'CYP3A5']) | Cytochrome P450 (['CYP3A4']) | Cytochrome P450 (['CYP1A1']) | Cytochrome P450 (['CYP2B6']) | Cytochrome P450 (['CYP2C8']) | Cytochrome P450 (['CYP2C9']) | Cytochrome P450 (['CYP2E1']) | Cytochrome P450 (['CYP2B1', 'CYP2B2']) | Cytochrome P450 (['CYP1A2', 'CYP2B6', 'CYP3A4']) | Cytochrome P450 (['CYP2A6']) | Cytochrome P450 (['CYP2B1']) | Cytochrome P450 (['CYP1A1', 'CYP2B1'])	in vitro (Human Liver Microsomes) | in vitro (Mouse Liver Microsomes) | in vitro (Mouse Liver Microsomes, CAR-Null) | in vitro (Rat Liver Microsomes) | Human (Adult) | in vitro (Human Liver Microsomes, Smoker) | in vitro (Human Liver Microsomes, Alcohol Abuser) | in vitro (Human AHH-1 Cell Microsomes, Transfected) | Rat | in vitro (Fish Liver Microsomes) | in vitro (Rat Lung Microsomes) | in vitro (Human Lung Microsomes) | in vitro (beta-Lymphoblastoid Cell Microsomes Expressing Human CYP3A4) | in vitro (beta-Lymphoblastoid Cell Microsomes Expressing Human CYP1A1) | in vitro (beta-Lymphoblastoid Cell Microsomes Expressing Human CYP2B6) | in vitro (beta-Lymphoblastoid Cell Microsomes Expressing Human CYP2C8) | in vitro (beta-Lymphoblastoid Cell Microsomes Expressing Human CYP2C9) | in vitro (beta-Lymphoblastoid Cell Microsomes Expressing Human CYP2E1) | Human | in vitro (Rabbit Lung Microsomes, Female) | in vitro (Rabbit Lung Microsomes, Male) | in vitro (Human Lymphoblast Cells Expressing Human CYP Isoenzyme) | in vitro (Human Lymphoblast Cells Expressing Human CYP2A6) | Pig | in vitro (Rat Liver Microsomes, beta-Naphthoflavone Treated) | in vitro (Rat Liver Microsomes, Phenobarbital Treated) | in vitro (Rat Liver Cytochrome P450) | in vitro (Pig Skin Perfusion) | Cow | in vitro (Rat Liver Perfusion) | in vitro (Mouse Liver Perfusion)	Intravenous | Transdermal | Percutaneous | Oral		Urine | Liver | Lung | Fat | Mesentery | Large Intestine | Spleen | Small Intestine | Plasma | Gastrointestinal Tract | Epidermis | Muscle | Kidney | Perfusate	33
27911	MTB1761	Oxidative Desulfuration | P-Desulfuration | P-Oxidation	2 of 3 | 4 of 5 | 3 of 4 | 4 of 5	MTB1761-A | MTB1761-C | MTB1761-M | MTB1761-Q	5963	34098	Phosphorodithioic acid O,O-diethyl ester		COP(=S)(S)OC	COP(=O)(S)OC		Human | Human (Female, Pregnant) | Human (Children)	Occupational Exposure | Environmental Exposure | Dermal + Inhalation		Urine	3
27914	MTB1761	Desulfuration | Hydrolysis | Oxidative Desulfuration | P-Desulfuration	1 of 2 | 1 of 3 | 1 of 2	MTB1761-I | MTB1761-J | MTB1761-K	1761	29401	Malathion		CCOC(=O)CC(SP(=S)(OC)OC)C(=O)OCC	CCOC(=O)CC(SP(=O)(OC)OC)C(=O)OCC	Cytochrome P450 (['CYP1A2', 'CYP2B6', 'CYP3A4'])	Human | Human (Children) | in vitro (Human Liver Microsomes) | Human (Adult) | in vitro (Rat Liver Microsomes) | in vitro (Bird Liver Microsomes, Bobwhite Quail)	Occupational Exposure | Environmental Exposure		Urine	5
8660	MTB606	RNA Binding	1 Step	MTB606-B	606	29530	Cytarabine		Nc1ccn([C@@H]2O[C@H](CO)[C@@H](O)[C@@H]2O)c(=O)n1	*OC[C@H]1O[C@@H](n2ccc(N)nc2=O)[C@@H](O)[C@@H]1O*		in vitro (Human Bone Marrow) | in vitro (Human Leukemia Blasts)				1
8961	MTB631	Covalent Binding | RNA Binding | Ring Opening	2 of 2	MTB631-AU	7972	40774	Doxoform		COc1cccc2c1C(=O)c1c(O)c3c(c(O)c1C2=O)C[C@@](O)(C(=O)CO)C[C@@H]3O[C@H]1C[C@H]2[C@H](OCN2CN2CO[C@@H]3[C@H](C)O[C@@H](O[C@H]4C[C@](O)(C(=O)CO)Cc5c(O)c6c(c(O)c54)C(=O)c4c(OC)cccc4C6=O)C[C@@H]32)[C@H](C)O1	*OC[C@H]1O[C@@H](n2cnc3c(=O)[nH]c(NCN[C@H]4C[C@H](O[C@H]5C[C@](O)(C(=O)CO)Cc6c(O)c7c(c(O)c65)C(=O)c5c(OC)cccc5C7=O)O[C@@H](C)[C@H]4O)nc32)[C@H](O)[C@@H]1O*		in vitro (Human Breast Cancer MCF-7 Cells) | in vitro (Human Breast Cancer MCF-7/ADR Cells)				1
11972	MTB749	RNA Binding	1 of 3	MTB749-FF	749	44327	Mercaptopurine		S=c1[nH]cnc2[nH]cnc12	*OC[C@H]1O[C@@H](n2cnc3c(=S)[nH]cnc32)[C@H](O)[C@@H]1O	Hypoxanthine-Guanine Phosphoribosyltransferase	Rat	Intraperitoneal		Erythrocytes | Liver | Kidney	1
13953	MTB818	Covalent Binding | RNA Binding	3 of 3 | 4 of 4 | 4 of 4 | 5 of 5 | 3 of 3 | 4 of 4 | 2 of 2 | 3 of 3	MTB818-F | MTB818-P | MTB818-AW | MTB818-BG | MTB818-BP | MTB818-CD | MTB818-CK | MTB818-CV	20723	25711	5-Fluorouridine triphosphate		O=c1[nH]c(=O)n([C@@H]2O[C@H](COP(=O)(O)OP(=O)(O)OP(=O)(O)O)[C@@H](O)[C@H]2O)cc1F	*O[C@H]1[C@@H](O)[C@H](n2cc(F)c(=O)[nH]c2=O)O[C@@H]1COP(=O)(O)O*		Mouse (Tumor Bearing)	Intraperitoneal		Tumor	1
13955	MTB818	Covalent Binding | RNA Binding	3 of 3 | 4 of 4 | 4 of 4 | 5 of 5 | 3 of 3 | 4 of 4 | 2 of 2 | 3 of 3	MTB818-H | MTB818-R | MTB818-AY | MTB818-BI | MTB818-BR | MTB818-CF | MTB818-CM | MTB818-CX	20723	36859	5-Fluorouridine triphosphate		O=c1[nH]c(=O)n([C@@H]2O[C@H](COP(=O)(O)OP(=O)(O)OP(=O)(O)O)[C@@H](O)[C@H]2O)cc1F	*OP(=O)(O)OC[C@H]1O[C@@H](n2cc(F)c(=O)[nH]c2=O)[C@H](O)[C@@H]1OP(=O)(O)O*		in vitro (Human Stomach Carcinoma Cells, NUGC-3) | in vitro (Mouse Cells, L1210)				2
9517	MTB686	Aromatization | C-Oxidation | Decysteination | Dehydrogenation	2 of 4 | 2 of 5 | 2 of 5 | 2 of 5 | 2 of 4 | 2 of 4 | 2 of 5 | 2 of 4 | 2 of 4 | 2 of 4 | 3 of 5 | 3 of 6 | 3 of 6 | 3 of 6 | 3 of 5 | 3 of 5 | 3 of 6 | 3 of 5 | 3 of 5 | 3 of 5 | 4 of 6 | 4 of 7 | 4 of 7 | 4 of 7 | 4 of 6 | 4 of 6 | 4 of 7 | 4 of 6 | 4 of 6 | 4 of 6 | 3 of 5 | 3 of 6 | 3 of 6 | 3 of 6 | 3 of 5 | 3 of 5 | 3 of 6 | 3 of 5 | 3 of 5 | 3 of 5	MTB686-A | MTB686-B | MTB686-C | MTB686-D | MTB686-E | MTB686-F | MTB686-G | MTB686-H | MTB686-I | MTB686-J | MTB686-BG | MTB686-BH | MTB686-BI | MTB686-BJ | MTB686-BK | MTB686-BL | MTB686-BM | MTB686-BN | MTB686-BO | MTB686-BP | MTB686-CK | MTB686-CL | MTB686-CM | MTB686-CN | MTB686-CO | MTB686-CP | MTB686-CQ | MTB686-CR | MTB686-CS | MTB686-CT | MTB686-DC | MTB686-DD | MTB686-DE | MTB686-DF | MTB686-DG | MTB686-DH | MTB686-DI | MTB686-DJ | MTB686-DK | MTB686-DL	2242	2095	S-(4-Bromophenyl)premercapturic acid	3-Bromophenol	CC(=O)N[C@@H](CSC1C=CC(Br)=CC1O)C(=O)O	Oc1cccc(Br)c1		Rat (Male) | Guinea Pig (Male)	Intraperitoneal		Urine	1
32090	MTB1983	Decysteination | S-Dealkylation	1 of 2 | 1 of 2	MTB1983-A | MTB1983-B	1983	749	S-(6-Purinyl)-L-cysteine	Mercaptopurine	N[C@@H](CSc1ncnc2[nH]cnc12)C(=O)O	S=c1[nH]cnc2[nH]cnc12	beta-Lyase	in vitro (Rat Kidney Homogenate) | Rat	Intraperitoneal		Kidney; Liver; Plasma	2
32097	MTB1984	Decysteination | S-Dealkylation | Tautomerization	2 of 3 | 2 of 3 | 2 of 3	MTB1984-A | MTB1984-B | MTB1984-C	1983	749	S-(6-Purinyl)-L-cysteine	Mercaptopurine	N[C@@H](CSc1ncnc2[nH]cnc12)C(=O)O	S=c1[nH]cnc2[nH]cnc12	beta-Lyase	in vitro (Rat Kidney Cells) | in vitro (Rat Kidney Cortex Cells) | in vitro (Rat Kidney Homogenate) | Rat | in vitro (Rat Liver Cytosol) | in vitro (Rat Liver Mitochondria)	Intraperitoneal		Kidney; Liver; Plasma	4
32107	MTB1985	Decysteination | S-Dealkylation	2 of 3 | 2 of 3	MTB1985-A | MTB1985-B	1983	749	S-(6-Purinyl)-L-cysteine	Mercaptopurine	N[C@@H](CSc1ncnc2[nH]cnc12)C(=O)O	S=c1[nH]cnc2[nH]cnc12	beta-Lyase	in vitro (Rat Kidney Homogenate) | Rat | in vitro (Rat Liver Cytosol) | in vitro (Rat Liver Mitochondria)	Intraperitoneal		Kidney; Liver; Plasma	2
32667	MTB2030	Acetylation | Decysteination	3 of 4 | 3 of 4 | 5 of 6 | 3 of 4 | 4 of 5 | 2 of 3 | 4 of 5 | 5 of 6	MTB2030-B | MTB2030-N | MTB2030-O | MTB2030-U | MTB2030-Z | MTB2030-AF | MTB2030-AI | MTB2030-AJ	17034	23511	N-Acetyl-S-(carboxymethyl)cysteine	Thiodiglycolic acid	CC(=O)N[C@@H](CSCC(=O)O)C(=O)O	O=C(O)CSCC(=O)O		Mouse | Rat	Oral	Thioacetate	Urine	1
23522	MTB1528	Aromatic Hydroxylation | C-Dearylation | Tautomerization	1 Step	MTB1528-C	1528	22542	HI-6		NC(=O)c1cc[n+](COC[n+]2ccccc2/C=N/O)cc1.[Cl-].[Cl-]	NC(=O)c1cc[n+](COCn2ccccc2=O)cc1		Rat	Oral		Urine	1
24288	MTB1561	C-Dearylation | C-Oxidation | Cleavage | Ring Opening	1 of 2 | 1 of 3 | 1 of 3 | 1 of 3 | 1 of 4 | 1 of 4 | 1 of 5 | 1 of 5 | 1 of 6 | 1 of 5 | 1 of 6 | 1 of 5 | 1 of 5 | 1 of 4 | 1 of 4 | 1 of 5 | 1 of 5 | 1 of 6 | 1 of 5 | 1 of 6 | 1 of 6 | 1 of 4 | 1 of 4 | 1 of 4 | 1 of 3 | 1 of 3 | 1 of 4 | 1 of 4 | 1 of 4 | 1 of 5 | 1 of 4 | 1 of 4 | 1 of 4 | 1 of 4 | 1 of 4 | 1 of 3 | 1 of 3 | 1 of 5 | 1 of 3 | 1 of 3 | 1 of 4 | 1 of 2 | 1 of 2	MTB1561-AE | MTB1561-AF | MTB1561-AG | MTB1561-AH | MTB1561-AI | MTB1561-AJ | MTB1561-AK | MTB1561-AL | MTB1561-AM | MTB1561-AN | MTB1561-AO | MTB1561-AP | MTB1561-AQ | MTB1561-AR | MTB1561-AS | MTB1561-AT | MTB1561-AU | MTB1561-AV | MTB1561-AW | MTB1561-AX | MTB1561-AY | MTB1561-AZ | MTB1561-BA | MTB1561-BB | MTB1561-BC | MTB1561-BD | MTB1561-BE | MTB1561-BF | MTB1561-BG | MTB1561-BH | MTB1561-BI | MTB1561-BJ | MTB1561-BK | MTB1561-BL | MTB1561-BM | MTB1561-BN | MTB1561-BO | MTB1561-BP | MTB1561-BQ | MTB1561-BR | MTB1561-BS | MTB1561-BT | MTB1561-BU	1561	38163	Catechin	5-(3,4-Dihydroxyphenyl)-gamma-valerolactone	Oc1cc(O)c2c(c1)O[C@H](c1ccc(O)c(O)c1)[C@@H](O)C2	O=C1CCC(Cc2ccc(O)c(O)c2)O1		Human | Rat	Oral		Blood Cells | Urine	3
57015	MTB5054	C-Dearylation | Dehydrogenation	2 of 2	MTB5054-H	3744	50064	Naringenin		O=C1C[C@@H](c2ccc(O)cc2)Oc2cc(O)cc(O)c21	O=c1ccoc2cc(O)cc(O)c12		Dog | Rat	Oral		Feces | Urine | Bile	1
57245	MTB5071	C-Dearylation | C-Oxidation	3 of 5 | 2 of 4	MTB5071-O | MTB5071-AL	41802	42513			CC(C(=O)c1c(O)cc(O)cc1O)c1ccc(O)cc1	CC(C(=O)O)c1ccc(O)cc1		Rat | in vitro (Rat Liver) | in vitro (Rat Hepatocytes)	Oral		Urine	1
73753	MTB7660	Aliphatic Hydroxylation | C-Dearylation | C-Hydroxylation | DNA Binding | N-Dehydroxylation	1 Step	MTB7660-A	7660	40294	N-Hydroxy-4,4'-methylenebis(2-chloroaniline)		Nc1ccc(Cc2ccc(NO)c(Cl)c2)cc1Cl	*OP(=O)(O*)OC[C@H]1O[C@@H](n2c(Nc3ccc(CO)cc3Cl)nc3c(N)ncnc32)C[C@@H]1OP(=O)(O*)O*		in vitro (Human SV-HUC.PC Cells) | in vitro (Human SV-HUC.PC Cell Cytosol)				1
1548	MTB75	CoA Binding | Dephosphorylation | Thioesterification | Transacylation	2 of 3 | 2 of 7 | 2 of 7 | 2 of 5 | 2 of 3 | 2 of 3	MTB75-CY | MTB75-CZ | MTB75-DA | MTB75-DB | MTB75-DC | MTB75-DD	24617	11067		Valproyl coenzyme A	CCCC(CCC)C(=O)OP(=O)(O)OC[C@H]1O[C@@H](n2cnc3c(N)ncnc32)[C@H](O)[C@@H]1O	CCCC(CCC)C(=O)SCCNC(=O)CCNC(=O)[C@H](O)C(C)(C)COP(=O)(O)OP(=O)(O)OC[C@H]1O[C@@H](n2cnc3c(N)ncnc32)[C@H](O)[C@@H]1OP(=O)(O)O		in vitro (HepaRG Cells)		Coenzyme A		1
5385	MTB383	CoA Binding | Dephosphorylation | Thioesterification | Transacylation	2 of 3 | 2 of 3 | 2 of 5 | 2 of 5 | 2 of 4 | 2 of 3	MTB383-C | MTB383-D | MTB383-E | MTB383-F | MTB383-G | MTB383-H	78849	4416		Ibuprofen-coenzyme A conjugate	CC(C)Cc1ccc(C(C)C(=O)OP(=O)(O)OC[C@H]2O[C@@H](n3cnc4c(N)ncnc43)[C@H](O)[C@@H]2O)cc1	CC(C)Cc1ccc(C(C)C(=O)SCCNC(=O)CCNC(=O)[C@H](O)C(C)(C)COP(=O)(O)OP(=O)(O)OC[C@H]2O[C@@H](n3cnc4c(N)ncnc43)[C@H](O)[C@@H]2OP(=O)(O)O)cc1		in vitro (HepaRG Cells)		Coenzyme A		1
5386	MTB383	CoA Binding | Conjugation	1 of 2 | 1 of 2 | 1 of 4 | 1 of 4 | 1 of 3 | 1 of 2	MTB383-J | MTB383-K | MTB383-L | MTB383-M | MTB383-N | MTB383-O	383	4416	Ibuprofen	Ibuprofen-coenzyme A conjugate	CC(C)Cc1ccc(C(C)C(=O)O)cc1	CC(C)Cc1ccc(C(C)C(=O)SCCNC(=O)CCNC(=O)[C@H](O)C(C)(C)COP(=O)(O)OP(=O)(O)OC[C@H]2O[C@@H](n3cnc4c(N)ncnc43)[C@H](O)[C@@H]2OP(=O)(O)O)cc1	Acyl-CoA Synthetase	in vitro (Rat Hepatocytes) | Human | in vitro (Rat Liver Mitochondria)	Oral	Coenzyme A	Urine	2
5541	MTB384	CoA Binding | Thioesterification	1 of 2	MTB384-G	384	78852	Indomethacin		COc1ccc2c(c1)c(CC(=O)O)c(C)n2C(=O)c1ccc(Cl)cc1	COc1ccc2c(c1)c(CC(=O)SCCNC(=O)CCNC(=O)[C@H](O)C(C)(C)COP(=O)(O)OP(=O)(O)OC[C@H]1O[C@@H](n3cnc4c(N)ncnc43)[C@H](O)[C@@H]1OP(=O)(O)O)c(C)n2C(=O)c1ccc(Cl)cc1		in vitro (HepaRG Cells)		Coenzyme A		1
5713	MTB410	CoA Binding	1 of 2	MTB410-AC	410	11071	Ketoprofen	Ketoprofen-CoA-thioester	CC(C(=O)O)c1cccc(C(=O)c2ccccc2)c1	CC(C(=O)SCCNC(=O)CCNC(=O)[C@H](O)C(C)(C)COP(=O)(O)OP(=O)(O)OC[C@H]1O[C@@H](n2cnc3c(N)ncnc32)[C@H](O)[C@@H]1OP(=O)(O)O)c1cccc(C(=O)c2ccccc2)c1		in vitro (Rat Liver Homogenate) | in vitro (Rat Liver Microsomes) | in vitro (Rat Liver Mitochondria) | in vitro (Rat Liver Cytosol)				1
5053	MTB363	Transglycosylation	2 of 3	MTB363-F	25594	46146			CC(C(=O)O[C@@H]1O[C@H](C(=O)O)[C@@H](O)[C@H](O)[C@H]1O)c1cccc(Oc2ccccc2)c1	CC(C(=O)O[C@@H]1[C@@H](O)[C@H](O)O[C@H](C(=O)O)[C@H]1O)c1cccc(Oc2ccccc2)c1		in vitro (Human Liver Microsomes)		Acyl Glucuronide		1
5524	MTB383	Transglycosylation	2 of 4	MTB383-FM	14131	46154	Ibuprofen beta-D-glucuronide		CC(C)Cc1ccc(C(C)C(=O)O[C@@H]2O[C@H](C(=O)O)[C@@H](O)[C@H](O)[C@H]2O)cc1	CC(C)Cc1ccc(C(C)C(=O)O[C@@H]2[C@@H](O)[C@H](O)O[C@H](C(=O)O)[C@H]2O)cc1		in vitro (Human Liver Microsomes)		Acyl Glucuronide		1
5649	MTB410	Transglycosylation	2 of 3	MTB410-B	2884	46149	Ketoprofen-1-O-acylglucuronide		CC(C(=O)O[C@@H]1O[C@H](C(=O)O)[C@@H](O)[C@H](O)[C@H]1O)c1cccc(C(=O)c2ccccc2)c1	CC(C(=O)O[C@@H]1[C@@H](O)[C@H](O)O[C@H](C(=O)O)[C@H]1O)c1cccc(C(=O)c2ccccc2)c1		in vitro (Human Liver Microsomes)		Acyl Glucuronide		1
6941	MTB492	Acyl Migration | Isomerization | Transglycosylation	2 of 3 | 2 of 3	MTB492-M | MTB492-N	31919	32416			Cc1ccc(C(=O)c2ccc(CC(=O)O[C@@H]3O[C@H](C(=O)O)[C@@H](O)[C@H](O)[C@H]3O)n2C)cc1	Cc1ccc(C(=O)c2ccc(CC(=O)O[C@@H]3[C@@H](O)[C@H](O)O[C@H](C(=O)O)[C@H]3O)n2C)cc1		in vitro (Human Liver Microsomes) | in vitro (Rat Hepatocytes)		Acyl Glucuronide		2
9139	MTB653	Transglycosylation	2 of 2	MTB653-H	10051	51255	Furosemide beta-D-glucuronide		NS(=O)(=O)c1cc(C(=O)O[C@@H]2O[C@H](C(=O)O)[C@@H](O)[C@H](O)[C@H]2O)c(NCc2ccco2)cc1Cl	NS(=O)(=O)c1cc(C(=O)O[C@@H]2[C@@H](O)[C@H](O)O[C@H](C(=O)O)[C@H]2O)c(NCc2ccco2)cc1Cl		in vitro (Human Liver Microsomes)		Acyl Glucuronide		1
7881	MTB552	Aromatic Cysteination | N-Acetylation	1 Step	MTB552-A	552	19778	Paracetamol		CC(=O)Nc1ccc(O)cc1	CC(=O)Nc1ccc(O)c(SCC(NC(C)=O)C(=O)O)c1		Human	Oral		Urine | Milk; Urine	5
7909	MTB552	Aromatic Cysteination | Cysteination	1 of 4 | 1 of 4 | 1 of 5 | 1 of 4 | 1 of 3 | 1 of 2 | 1 of 2 | 1 of 2 | 1 of 3 | 1 of 3 | 1 of 4 | 1 of 4 | 1 of 5 | 1 of 4 | 1 of 3 | 1 of 3 | 1 of 4 | 1 of 3 | 1 of 2	MTB552-MT | MTB552-MU | MTB552-MV | MTB552-MW | MTB552-MX | MTB552-MY | MTB552-MZ | MTB552-NA | MTB552-NB | MTB552-NC | MTB552-ND | MTB552-NE | MTB552-NF | MTB552-NG | MTB552-NH | MTB552-NI | MTB552-NJ | MTB552-NK | MTB552-NL	552	3509	Paracetamol	S-(5-Acetylamino-2-hydroxyphenyl)-L-cysteine	CC(=O)Nc1ccc(O)cc1	CC(=O)Nc1ccc(O)c(SC[C@H](N)C(=O)O)c1		Human | Mouse | in vitro (Mouse Liver Microsomes) | Human (Children) | Hamster | Rat	Oral | Intraperitoneal | Intravenous | Intraperitoneal; Intravenous; Oral	Cysteine	Plasma | Urine | Plasma; Urine | Bile | Bile; Plasma; Urine	22
7917	MTB552	Aromatic Cysteination | Conjugation | Cysteination | N-Acetylation | N-Acetylcysteination	1 of 2 | 1 of 2 | 1 of 3 | 1 of 3 | 1 of 4 | 1 of 3	MTB552-VT | MTB552-VU | MTB552-VV | MTB552-VW | MTB552-VX | MTB552-VY	552	19784	Paracetamol		CC(=O)Nc1ccc(O)cc1	CC(=O)Nc1ccc(O)c(SC[C@H](NC(C)=O)C(=O)O)c1		Rat | Rat (Superoxide Dismutase 2 Knockdown) | Mouse (SWR) | Mouse (C3HA) | Mouse (AKR) | Human (Children) | in vitro (Mouse Liver Microsomes, Male) | in vitro (Mouse Kidney Microsomes, Male) | in vitro (Mouse Liver Microsomes, Female) | in vitro (Mouse Kidney Microsomes, Female) | Hamster | Human | Mouse | in vitro (Rat Kidney Perfusion)	Oral | Intravenous | Intraperitoneal | Intraperitoneal; Intravenous; Oral	N-Acetylcysteine	Plasma | Urine | Blood | Plasma; Urine | Bile; Plasma; Urine | Bile; Urine | Bile	21
7921	MTB552	Aromatic Cysteination | Aromatic Methiolation | Methiolation | S-Dealkylation | S-Methylation	1 of 2 | 1 of 2 | 1 of 3 | 1 of 2	MTB552-NM | MTB552-NN | MTB552-NO | MTB552-NP	552	6855	Paracetamol	3-Thiomethylparacetamol	CC(=O)Nc1ccc(O)cc1	CSc1cc(NC(C)=O)ccc1O		Hamster | Human | Rat	Intraperitoneal | Oral		Urine | Blood	5
7927	MTB552	Aromatic Cysteination | S-Dealkylation | S-Methylation | S-Oxidation	1 of 2	MTB552-VN	552	19783	Paracetamol		CC(=O)Nc1ccc(O)cc1	CC(=O)Nc1ccc(O)c(S(C)=O)c1		Hamster	Oral		Urine	1
8201	MTB563	C-Amination | Dearomatization | Glycosidation | N-Glycosidation | Phosphorylation | Rearrangement | S-Dealkylation	1 of 2 | 1 of 3	MTB563-O | MTB563-P	563	14898	(Azathioprine=1H-Tautomer)	6-Thioguanosine monophosphate	Cn1cnc([N+](=O)[O-])c1Sc1ncnc2[nH]cnc12	Nc1nc2c(ncn2[C@@H]2O[C@H](COP(=O)(O)O)[C@@H](O)[C@H]2O)c(=S)[nH]1		Human (Inflammatory Bowel Disease Patients) | Human			Red Blood Cells | Blood	2
8206	MTB563	Amination | C-Amination	3 of 4 | 3 of 5 | 2 of 3 | 2 of 4	MTB563-X | MTB563-Y | MTB563-BC | MTB563-BD	10396	14898	Thioinosine-5'-monophosphate	6-Thioguanosine monophosphate	O=P(O)(O)OC[C@H]1O[C@@H](n2cnc3c(=S)[nH]cnc32)[C@H](O)[C@@H]1O	Nc1nc2c(ncn2[C@@H]2O[C@H](COP(=O)(O)O)[C@@H](O)[C@H]2O)c(=S)[nH]1	Inosine Monophosphate Dehydrogenase | Guanosine Monophosphate Synthetase	Human (Inflammatory Bowel Disease Patients) | Human (Children) | Human (Systemic Lupus Erythematosus Patients) | Human | Human (Renal Transplant Patients)	Oral		Red Blood Cells | Erythrocytes | Plasma	7
8207	MTB563	Amination | C-Amination | Glycosidation | N-Glycosidation | Phosphorylation	2 of 3 | 2 of 4	MTB563-AE | MTB563-AF	749	14898	Mercaptopurine	6-Thioguanosine monophosphate	S=c1[nH]cnc2[nH]cnc12	Nc1nc2c(ncn2[C@@H]2O[C@H](COP(=O)(O)O)[C@@H](O)[C@H]2O)c(=S)[nH]1	Hypoxanthine Phosphoribosyltransferase | Inosine Monophosphate Dehydrogenase | Guanosine Monophosphate Synthetase | Hypoxanthine-Guanine Phosphoribosyltransferase	Human | Human (Children, Inflammatory Bowel Disease Patients) | Human (Inflammatory Bowel Disease Patients) | Human (Children, Crohn's Disease Patients) | Human (Female, Lactating) | Human (Infant) | Human (Children, Renal Transplant Patients)	Oral | Oral (Maternal Milk) | Intravenous | Intravenous + Oral	O-Phosphate | Glycoside	Peripheral Blood Mononuclear Cells | Red Blood Cells | Plasma | Blood | Erythrocytes	14
8266	MTB563	Amination | C-Amination | Dearomatization | Glycosidation | N-Glycosidation | S-Dealkylation | S-Dearylation	1 Step	MTB563-BK	563	36783	(Azathioprine=1H-Tautomer)		Cn1cnc([N+](=O)[O-])c1Sc1ncnc2[nH]cnc12	*n1cnc2c(=S)[nH]c(N)nc21	Hypoxanthine-Guanine Phosphoribosyltransferase	Human (Children) | Human | Human (Inflammatory Bowel Disease Patients) | Human (Renal Transplant Patients) | Human (Skin Cancer Patients, Kidney Transplanted)	Oral	Glycoside	Red Blood Cells	4
11903	MTB749	Amination | C-Amination | Glycosidation | N-Glycosidation | Phosphorylation	1 of 6 | 1 of 7 | 1 of 7 | 1 of 8 | 1 of 6 | 1 of 6 | 1 of 3 | 1 of 5 | 1 of 6 | 1 of 6 | 1 of 7 | 1 of 5 | 1 of 5 | 1 of 2	MTB749-AL | MTB749-AM | MTB749-AN | MTB749-AO | MTB749-AP | MTB749-AQ | MTB749-AR | MTB749-AS | MTB749-AT | MTB749-AU | MTB749-AV | MTB749-AW | MTB749-AX | MTB749-AY	749	14898	Mercaptopurine	6-Thioguanosine monophosphate	S=c1[nH]cnc2[nH]cnc12	Nc1nc2c(ncn2[C@@H]2O[C@H](COP(=O)(O)O)[C@@H](O)[C@H]2O)c(=S)[nH]1		Human (Inflammatory Bowel Disease Patients) | Human | Human (Children, Leukemia Patients)	Oral	O-Phosphate	Red Blood Cells | Erythrocytes	5
1548	MTB75	CoA Binding | Dephosphorylation | Thioesterification | Transacylation	2 of 3 | 2 of 7 | 2 of 7 | 2 of 5 | 2 of 3 | 2 of 3	MTB75-CY | MTB75-CZ | MTB75-DA | MTB75-DB | MTB75-DC | MTB75-DD	24617	11067		Valproyl coenzyme A	CCCC(CCC)C(=O)OP(=O)(O)OC[C@H]1O[C@@H](n2cnc3c(N)ncnc32)[C@H](O)[C@@H]1O	CCCC(CCC)C(=O)SCCNC(=O)CCNC(=O)[C@H](O)C(C)(C)COP(=O)(O)OP(=O)(O)OC[C@H]1O[C@@H](n2cnc3c(N)ncnc32)[C@H](O)[C@@H]1OP(=O)(O)O		in vitro (HepaRG Cells)		Coenzyme A		1
5385	MTB383	CoA Binding | Dephosphorylation | Thioesterification | Transacylation	2 of 3 | 2 of 3 | 2 of 5 | 2 of 5 | 2 of 4 | 2 of 3	MTB383-C | MTB383-D | MTB383-E | MTB383-F | MTB383-G | MTB383-H	78849	4416		Ibuprofen-coenzyme A conjugate	CC(C)Cc1ccc(C(C)C(=O)OP(=O)(O)OC[C@H]2O[C@@H](n3cnc4c(N)ncnc43)[C@H](O)[C@@H]2O)cc1	CC(C)Cc1ccc(C(C)C(=O)SCCNC(=O)CCNC(=O)[C@H](O)C(C)(C)COP(=O)(O)OP(=O)(O)OC[C@H]2O[C@@H](n3cnc4c(N)ncnc43)[C@H](O)[C@@H]2OP(=O)(O)O)cc1		in vitro (HepaRG Cells)		Coenzyme A		1
5541	MTB384	CoA Binding | Thioesterification	1 of 2	MTB384-G	384	78852	Indomethacin		COc1ccc2c(c1)c(CC(=O)O)c(C)n2C(=O)c1ccc(Cl)cc1	COc1ccc2c(c1)c(CC(=O)SCCNC(=O)CCNC(=O)[C@H](O)C(C)(C)COP(=O)(O)OP(=O)(O)OC[C@H]1O[C@@H](n3cnc4c(N)ncnc43)[C@H](O)[C@@H]1OP(=O)(O)O)c(C)n2C(=O)c1ccc(Cl)cc1		in vitro (HepaRG Cells)		Coenzyme A		1
6235	MTB436	CoA Binding | Thioesterification	1 of 2	MTB436-A	436	78847	Naproxen		COc1ccc2cc([C@H](C)C(=O)O)ccc2c1	COc1ccc2cc([C@H](C)C(=O)SCCNC(=O)CCNC(=O)[C@H](O)C(C)(C)COP(=O)(O)OP(=O)(O)OC[C@H]3O[C@@H](n4cnc5c(N)ncnc54)[C@H](O)[C@@H]3OP(=O)(O)O)ccc2c1		in vitro (HepaRG Cells)		Coenzyme A		1
14239	MTB834	CoA Binding | Thioesterification	2 of 4 | 2 of 5 | 2 of 3 | 2 of 3	MTB834-I | MTB834-J | MTB834-K | MTB834-L	11302	37643	(R)-Benoxaprofen		C[C@@H](C(=O)O)c1ccc2oc(-c3ccc(Cl)cc3)nc2c1	C[C@@H](C(=O)SCCNC(=O)CCNC(=O)[C@H](O)C(C)(C)COP(=O)(O)OP(=O)(O)OC[C@H]1O[C@@H](n2cnc3c(N)ncnc32)[C@H](O)[C@@H]1OP(=O)(O)O)c1ccc2oc(-c3ccc(Cl)cc3)nc2c1	Acyl-CoA Ligase	Rat	Intravenous	Coenzyme A	Plasma | Bile	2
2283	MTB146	Condensation | Formylation	1 of 2	MTB146-D	146	25768	Phenelzine		NNCCc1ccccc1	C=NNCCc1ccccc1		Rat	Oral			1
2541	MTB176	Condensation | Formylation | Oxidation	1 of 2	MTB176-B	176	25791	Sulfamethizole		Cc1nnc(NS(=O)(=O)c2ccc(N)cc2)s1	C=N/N=C(\C)SC(=O)NS(=O)(=O)c1ccc(N)cc1		Rat	Oral			1
2574	MTB179	Condensation | Formylation	1 of 2	MTB179-B	179	25788	Sulfamethoxypyridazine		COc1ccc(NS(=O)(=O)c2ccc(N)cc2)nn1	C=N/N=C(/C=C\C(=O)NS(=O)(=O)c1ccc(N)cc1)OC		Rat	Oral			1
5997	MTB430	Condensation | Formylation	1 of 2	MTB430-H	430	25767	Iproniazid		CC(C)NNC(=O)c1ccncc1	C=NNC(=O)c1ccncc1		Rat	Oral			1
6146	MTB433	Condensation | Formylation	1 of 2	MTB433-AI	433	25767	Isoniazide		NNC(=O)c1ccncc1	C=NNC(=O)c1ccncc1		Rat | Mouse	Oral | Intragastric			1
3425	MTB224	C-Oxidation | Rearrangement | Ring Enlargement	1 of 2 | 1 of 2	MTB224-C | MTB224-D	224	38406	Ethinylestradiol		C#C[C@]1(O)CC[C@H]2[C@@H]3CCc4cc(O)ccc4[C@H]3CC[C@@]21C	C[C@]12CC[C@@H]3c4ccc(O)cc4CC[C@H]3[C@@H]1CCC(C(=O)O)C2=O	Cytochrome P450 | Aldehyde Oxidase	in vitro (Rhesus Monkey Liver Microsomes)				1
14893	MTB875	Rearrangement | Ring Enlargement	5 of 6 | 4 of 5 | 5 of 6 | 4 of 5 | 4 of 5 | 3 of 4	MTB875-O | MTB875-Y | MTB875-AO | MTB875-AY | MTB875-BR | MTB875-CB	38815	38837			C#C[C@]1(O)CC[C@H]2[C@@H]3CC[C@H]4C[C@@H](O)CC[C@@H]4[C@H]3C(=C)C[C@@]21CC	C=C1C[C@]2(CC)CC(=O)CC[C@H]2[C@@H]2CC[C@H]3C[C@@H](O)CC[C@@H]3[C@@H]12		Dog	Oral		Plasma | Urine | Feces	1
14894	MTB875	Rearrangement | Ring Enlargement	1 of 3 | 1 of 2	MTB875-BA | MTB875-BB	875	38836	Desogestrel		C#C[C@]1(O)CC[C@H]2[C@@H]3CCC4=CCCC[C@@H]4[C@H]3C(=C)C[C@@]21CC	C=C1C[C@]2(CC)CC(=O)CC[C@H]2[C@@H]2CCC3=CCCC[C@@H]3[C@@H]12		Dog	Oral		Plasma | Urine | Feces	1
18107	MTB1112	Dehalogenation | Ring Enlargement	1 Step	MTB1112-DR	1112	37944	Cyclophosphamide		O=P1(N(CCCl)CCCl)NCCCO1	O=P1(O)OCCCNCCN1CCCl		Human	Intravenous		Urine	1
23497	MTB1525	Condensation | Ring Enlargement	3 of 3	MTB1525-E	43961	43962			CN(C)CCCn1nc2cccc3c2c1-c1ccccc1N3	CN(C)CCCN1CNc2cccc3nc4ccccc4c1c23		in vitro (Rat Liver Microsomes)				1
14791	MTB869	C-Carboxylation | Oxidation | Ring Opening	1 of 2	MTB869-C	869	4759	Allopurinol	Orotic acid	O=c1[nH]cnc2[nH]ncc12	O=C(O)c1cc(=O)[nH]c(=O)[nH]1		Human	Oral		Urine	1
18008	MTB1112	C-Carboxylation | Ring Opening	2 of 2	MTB1112-B	6496	61314	(R)-Cyclophosphamide		O=[P@]1(N(CCCl)CCCl)NCCCO1	N[P@@](=O)(OCCC(=O)O)N(CCCl)CCCl	Aldehyde Dehydrogenase (['ALDH1'])	Human (Sclerosis Patients)	Infusion		Plasma	1
18095	MTB1112	C-Carboxylation | Ring Opening	2 of 2	MTB1112-BY	6497	61316	(S)-Cyclophosphamide		O=[P@@]1(N(CCCl)CCCl)NCCCO1	N[P@](=O)(OCCC(=O)O)N(CCCl)CCCl	Aldehyde Dehydrogenase (['ALDH1'])	Human (Sclerosis Patients)	Infusion		Plasma	1
20826	MTB1329	C-Carboxylation | C-Oxidation | Cleavage | Dearomatization | Epoxidation | Oxidation | Ring Opening	1 Step	MTB1329-L	1329	23853	Benzene	trans,trans-2,4-Hexadienedioic acid	c1ccccc1	O=C(O)/C=C/C=C/C(=O)O	Cytochrome P450 | Cytochrome P450 (['CYP2E1', 'CYP2B1']) | Cytochrome P450 (['CYP2E1'])	Human | Human (Female, Pregnant) | Human (Smoker) | Human (Non-Smoker) | Human (Children) | Rat | Mouse (Female, Lactating) | Mouse (Neonatal) | Mouse | Human (Adolescent) | in vitro (Rabbit Liver Microsomes) | in vitro (Rat Liver Microsomes) | in vitro (Mouse Liver Microsomes) | in vitro (Human Liver Microsomes) | in vitro (Mouse Hepatocytes) | in vitro (Rat Hepatocytes)	Smoking | Occupational Exposure | Environmental Exposure | Inhalation | Intraperitoneal | Dermal + Inhalation | Oral (Maternal Milk) | Oral | Dermal		Urine | Saliva | Meconium, Neonatal | Blood | Bone Marrow | Fat | Kidney | Liver | Lung | Spleen | Skin	55
24858	MTB1582	C-Carboxylation | C-Oxidation | Carboxylation | Cleavage | N-Dealkylation | Oxidation | Oxidative N-Dealkylation | Ring Opening	1 of 5 | 1 of 4 | 1 of 5 | 1 of 4 | 1 of 3 | 1 of 5 | 1 of 2 | 1 of 4 | 1 of 3 | 1 of 4 | 1 of 3 | 1 of 5	MTB1582-C | MTB1582-D | MTB1582-E | MTB1582-F | MTB1582-G | MTB1582-H | MTB1582-I | MTB1582-J | MTB1582-K | MTB1582-L | MTB1582-M | MTB1582-N	1582	5968	Irinotecan	7-Ethyl-10-((4-((4-carboxybutyl)amino)-1-piperidino)carbonyloxy)camptothe+	CCc1c2c(nc3ccc(OC(=O)N4CCC(N5CCCCC5)CC4)cc13)-c1cc3c(c(=O)n1C2)COC(=O)[C@]3(O)CC	CCc1c2c(nc3ccc(OC(=O)N4CCC(NCCCCC(=O)O)CC4)cc13)-c1cc3c(c(=O)n1C2)COC(=O)[C@]3(O)CC	Cytochrome P450 (['CYP3A4', 'CYP3A5']) | Cytochrome P450 (['CYP3A4']) | Cytochrome P450 | Cytochrome P450 (['CYP3A']) | Cytochrome P450 (['CYP2C19', 'CYP2D6', 'CYP2E1', 'CYP3A5', 'CYP3A7', 'CYP4A11', 'CYP1A1', 'CYP1A2', 'CYP1B1;+']) | Cytochrome P450 (['CYP1A1', 'CYP1A2', 'CYP3A5', 'CYP3A7', 'CYP2C8', 'CYP2C9'])	Human (Cancer Patients) | in vitro (Human Liver Microsomes) | Human | Rat | in vitro (Human B-Lymphoblastoid Cell Microsomes Expressing Human CYP3A4) | in vitro (Human B-Lymphoblastoid Cell Microsomes Expressing Human CYP Iso+ | Human (Children, Cancer Patients) | in vitro (Human Hepatocytes) | in vitro (Human Liver S9 Fraction) | Human (Cancer and HIV Patients) | Human (Cancer and Hepatic Impairment Patients) | in vitro (Rat Liver Perfusion) | Human (Colorectal Cancer Patients) | in vitro (Human Small Intestine Microsomes) | Mouse (Tumor Bearing) | Mouse | in vitro (Ad293 Cells Expressing Human CYP3A4) | in vitro (Ad293 Cells) | in vitro (Ad293 Cells Expressing Human CYP Isoenzymes) | Human (Bile Exteriorized) | in vitro (Human Lymphoblast Cells Expressing CYP3A4) | in vitro (Human Lymphoblast Cells Expressing CYP1A2) | in vitro (Human Lymphoblast Cells Expressing CYP2D6) | in vitro (Human Lymphoblast Cells Expressing CYP2C9)	Infusion | Oral | Intravenous | Intraarterial		Plasma | Serum | Blood | Saliva | Urine | Bile | Feces | Perfusate | Tumor Dialysate	72
39687	MTB2647	Diastereomeric Resolution | Optical Resolution	1 of 4 | 1 of 4 | 1 of 6 | 1 of 4 | 1 of 4 | 1 of 2 | 1 of 2	MTB2647-G | MTB2647-H | MTB2647-I | MTB2647-J | MTB2647-K | MTB2647-L | MTB2647-M	2647	3209	Budesonide	(22R)-Budesonide	CCCC1O[C@@H]2C[C@H]3[C@@H]4CCC5=CC(=O)C=C[C@]5(C)[C@H]4[C@@H](O)C[C@]3(C)[C@]2(C(=O)CO)O1	CCC[C@@H]1O[C@@H]2C[C@H]3[C@@H]4CCC5=CC(=O)C=C[C@]5(C)[C@H]4[C@@H](O)C[C@]3(C)[C@]2(C(=O)CO)O1		Human | in vitro (Human Plasma) | in vitro (Human Liver Microsomes) | in vitro (Human Lung Microsomes) | in vitro (Rat Liver Homogenate) | in vitro (Mouse Liver Homogenate) | in vitro (Human Liver Homogenate) | in vitro (Human Liver Supernatant)	Oral | Inhalation | Intravenous		Plasma	7
39714	MTB2647	Diastereomeric Resolution | Optical Resolution	1 of 2 | 1 of 2	MTB2647-Z | MTB2647-AA	2647	5285	Budesonide	(22S)-Budesonide	CCCC1O[C@@H]2C[C@H]3[C@@H]4CCC5=CC(=O)C=C[C@]5(C)[C@H]4[C@@H](O)C[C@]3(C)[C@]2(C(=O)CO)O1	CCC[C@H]1O[C@@H]2C[C@H]3[C@@H]4CCC5=CC(=O)C=C[C@]5(C)[C@H]4[C@@H](O)C[C@]3(C)[C@]2(C(=O)CO)O1		Human | in vitro (Human Plasma) | in vitro (Human Liver Microsomes) | in vitro (Human Lung Microsomes) | in vitro (Rat Liver Homogenate) | in vitro (Mouse Liver Homogenate) | in vitro (Human Liver Homogenate) | in vitro (Human Liver Supernatant)	Oral | Inhalation | Intravenous		Plasma	7
57505	MTB5119	Diastereomeric Resolution	1 of 2	MTB5119-A	5119	10779	rel-(2'R,3'R)-Silibinin	(2R,3R,10S,11S)-Silybin	COc1cc(C2Oc3cc([C@H]4Oc5cc(O)cc(O)c5C(=O)[C@@H]4O)ccc3OC2CO)ccc1O	COc1cc([C@@H]2Oc3cc([C@H]4Oc5cc(O)cc(O)c5C(=O)[C@@H]4O)ccc3O[C@H]2CO)ccc1O		Human (Male)	Oral		Plasma	1
57508	MTB5119	Diastereomeric Resolution	1 of 2	MTB5119-B	5119	8616	rel-(2'R,3'R)-Silibinin	Silibinin	COc1cc(C2Oc3cc([C@H]4Oc5cc(O)cc(O)c5C(=O)[C@@H]4O)ccc3OC2CO)ccc1O	COc1cc([C@H]2Oc3cc([C@H]4Oc5cc(O)cc(O)c5C(=O)[C@@H]4O)ccc3O[C@@H]2CO)ccc1O		Human (Male)	Oral		Plasma	1
73228	MTB7539	Diastereomeric Resolution | Optical Resolution	1 Step	MTB7539-B	7539	12250	Endosulfan	beta-Endosulfan	O=S1OCC2C(CO1)[C@@]1(Cl)C(Cl)=C(Cl)[C@]2(Cl)C1(Cl)Cl	O=[S@@]1OC[C@@H]2[C@H](CO1)[C@]1(Cl)C(Cl)=C(Cl)[C@@]2(Cl)C1(Cl)Cl		Cat | Dog | Rabbit | Rat | Human | Human (Pest Control Operators)	Oral | Dermal + Inhalation		Gastric Contents | Liver | Lung | Kidney | Brain | Bone Marrow | Blood | Bone Marrow, Postmortem, Putrefied | Viscera, Postmortem, Putrefied | Plasma | Serum | Urine	5
7171	MTB503	Glutamination	2 of 2	MTB503-D	5300	65509	4-(2-(Glutathion-S-yl)-1-oxobutyl)-2,3-dichlorophenoxyacetic acid		CCC(CSC[C@H](NC(=O)CC[C@H](N)C(=O)O)C(=O)NCC(=O)O)C(=O)c1ccc(OCC(=O)O)c(Cl)c1Cl	CCC(CSC[C@H](NC(=O)CC[C@H](NC(=O)CC[C@H](N)C(=O)O)C(=O)O)C(=O)NCC(=O)O)C(=O)c1ccc(OCC(=O)O)c(Cl)c1Cl	gamma-Glutamyltranspeptidase	in vitro (Human Liver Microsomes) | in vitro (Human Liver Cytosol) | in vitro (Human Liver S9 Fraction)		Glutamic Acid		1
17262	MTB1033	Amidation | Conjugation | Glutamination | Polyglutamation	2 of 6	MTB1033-I	9401	21335	Methotrexate diglutamate	MTXGlu3	CN(Cc1cnc2nc(N)nc(N)c2n1)c1ccc(C(=O)N[C@@H](CCC(=O)N[C@@H](CCC(=O)O)C(=O)O)C(=O)O)cc1	CN(Cc1cnc2nc(N)nc(N)c2n1)c1ccc(C(=O)N[C@@H](CCC(=O)N[C@@H](CCC(=O)N[C@@H](CCC(=O)O)C(=O)O)C(=O)O)C(=O)O)cc1	Folylpolyglutamate Synthetase | Folylpolyglutamate Synthase | gamma-Glutamyltransferase	Human (Rheumatoid Arthritis Patients) | Human | Rat (Arthritic) | in vitro (Human Erythroblastoid Cells, K-562) | Human (Arthritis Patients) | Human (Children) | in vitro (Caco-2 Cells) | in vitro (Human Leukemia Blasts) | in vitro (Mouse Leukemia Cells, L1210) | in vitro (Human Breast Cancer Cells) | in vitro (Human Breast Cancer Cells, Insulin Treated)	Oral | Subcutaneous | Intravenous	Polyglutamic Acid | Glutamic Acid	Red Blood Cells | Erythrocytes | Tumor	17
17263	MTB1033	Amidation | Conjugation | Glutamination | Polyglutamation	3 of 6	MTB1033-I	21335	12513	MTXGlu3	Methotrexate tetraglutamate	CN(Cc1cnc2nc(N)nc(N)c2n1)c1ccc(C(=O)N[C@@H](CCC(=O)N[C@@H](CCC(=O)N[C@@H](CCC(=O)O)C(=O)O)C(=O)O)C(=O)O)cc1	CN(Cc1cnc2nc(N)nc(N)c2n1)c1ccc(C(=O)N[C@@H](CCC(=O)N[C@@H](CCC(=O)N[C@@H](CCC(=O)N[C@@H](CCC(=O)O)C(=O)O)C(=O)O)C(=O)O)C(=O)O)cc1	Folylpolyglutamate Synthetase | Folylpolyglutamate Synthase | gamma-Glutamyltransferase	Human | Human (Rheumatoid Arthritis Patients) | in vitro (Human Erythroblastoid Cells, K-562) | Human (Arthritis Patients) | Human (Children) | in vitro (Caco-2 Cells) | in vitro (Human Leukemia Blasts) | in vitro (Mouse Leukemia Cells, L1210) | in vitro (Human Breast Cancer Cells) | in vitro (Human Breast Cancer Cells, Insulin Treated)	Oral | Subcutaneous | Intravenous	Glutamic Acid | Polyglutamic Acid	Red Blood Cells | Erythrocytes | Tumor	15
17264	MTB1033	Amidation | Conjugation | Glutamination | Polyglutamation	2 of 4 | 4 of 6	MTB1033-D | MTB1033-I	12513	39806	Methotrexate tetraglutamate	MTXGlu5	CN(Cc1cnc2nc(N)nc(N)c2n1)c1ccc(C(=O)N[C@@H](CCC(=O)N[C@@H](CCC(=O)N[C@@H](CCC(=O)N[C@@H](CCC(=O)O)C(=O)O)C(=O)O)C(=O)O)C(=O)O)cc1	CN(Cc1cnc2nc(N)nc(N)c2n1)c1ccc(C(=O)N[C@@H](CCC(=O)N[C@@H](CCC(=O)N[C@@H](CCC(=O)N[C@@H](CCC(=O)N[C@@H](CCC(=O)O)C(=O)O)C(=O)O)C(=O)O)C(=O)O)C(=O)O)cc1	Folylpolyglutamate Synthetase | Folylpolyglutamate Synthase | gamma-Glutamyltransferase	Human | Human (Rheumatoid Arthritis Patients) | in vitro (Human Erythroblastoid Cells, K-562) | Human (Arthritis Patients) | Human (Children) | in vitro (Human Leukemia Blasts) | in vitro (Human Breast Cancer Cells) | in vitro (Human Breast Cancer Cells, Insulin Treated)	Oral | Subcutaneous | Intravenous	Glutamic Acid | Polyglutamic Acid	Red Blood Cells | Erythrocytes	12
35871	MTB2217	Glutamination | N-Acylation	1 Step	MTB2217-B	2217	27075	L-Aminobutyric acid		CC[C@H](N)C(=O)O	CC[C@H](NC(=O)CC[C@H](N)C(=O)O)C(=O)O	gamma-Glutamylcysteine Ligase | gamma-Glutamylcysteine Synthetase | Glutamate-Cysteine Ligase	in vitro (Human Fibroblast Lysate) | in vitro (Rat Liver Extract) | in vitro (Rat Liver Microsomes) | in vitro (Rat Kidney Cells, NRK-52E) | in vitro (Rat Kidney Cytosol)		Glutamic Acid		3
39626	MTB2644	Reductive Desulfuration	4 of 5 | 4 of 5	MTB2644-S | MTB2644-T	31882	6477		2,3,5,6-Tetrachlorothiophenol	Sc1c(Cl)c(Cl)c(S)c(Cl)c1Cl	Sc1c(Cl)c(Cl)cc(Cl)c1Cl		Rat	Intravenous | Intraperitoneal		Feces + Urine	1
39649	MTB2644	Reductive Desulfuration	2 of 2	MTB2644-P	7287	2155	Pentachlorothiohenol	Pentachlorobenzene	Sc1c(Cl)c(Cl)c(Cl)c(Cl)c1Cl	Clc1cc(Cl)c(Cl)c(Cl)c1Cl		Rat	Intravenous | Intraperitoneal		Feces + Urine	1
39653	MTB2644	Reductive Desulfuration	5 of 5 | 2 of 2	MTB2644-Q | MTB2644-AI	6476	25624	4-(Methylthio)tetrachlorothiophenol		CSc1c(Cl)c(Cl)c(S)c(Cl)c1Cl	CSc1c(Cl)c(Cl)cc(Cl)c1Cl		Rat	Intravenous | Intraperitoneal		Feces + Urine	1
54364	MTB4631	Deconjugation | Hydrolysis | Lactonization | Reduction | Reductive Desulfuration | Ring Closure | S-Reduction	1 Step	MTB4631-B	4631	5651	3-Hydroxy-3-methylglutaryl coenzyme A	Mevalonolactone	CC(O)(CC(=O)O)CC(=O)SCCNC(=O)CCNC(=O)[C@H](O)C(C)(C)COP(=O)(O)OP(=O)(O)OC[C@H]1O[C@@H](n2cnc3c(N)ncnc32)[C@H](O)[C@@H]1OP(=O)(O)O	CC1(O)CCOC(=O)C1	HMG-CoA Reductase | Hydroxymethylglutaryl-CoA Reductase | 3-Hydroxy-3-methylglutaryl-CoA Reductase	in vitro (Mouse Myoblasts, C2C12) | in vitro (Human Hep G2 Cells) | in vitro (Rat Liver Microsomes, Hypertensive) | in vitro (Rat Heart Microsomes, Hypertensive) | in vitro (Rat Aorta Microsomes, Hypertensive) | in vitro (Rat Kidney Microsomes, Hypertensive) | in vitro (Rat Heart Microsomes) | in vitro (Rat Liver Microsomes) | in vitro (Rat Aorta Microsomes) | in vitro (Rat Kidney Microsomes) | in vitro (Rat Hepatoma Cells, Cultured) | in vitro (Rabbit Liver Microsomes) | in vitro (Human Hepatoma Hep G2 Cells)				9
66477	MTB6476	Desulfuration | Reductive Desulfuration	1 Step	MTB6476-B	6476	25624	4-(Methylthio)tetrachlorothiophenol		CSc1c(Cl)c(Cl)c(S)c(Cl)c1Cl	CSc1c(Cl)c(Cl)cc(Cl)c1Cl		Rat | in vitro (Rat Intestine Contents)	Intravenous | Intraperitoneal		Feces + Urine	2
1106	MTB50	Heterolysis | N-Dealkylation | N-Demethylation | N-Oxidation	1 of 2	MTB50-CZ	50	43248	Clozapine		CN1CCN(C2=Nc3cc(Cl)ccc3Nc3ccccc32)CC1	Clc1ccc2c(c1)N=C(N1CC[N+]CC1)c1ccccc1N2	Cytochrome P450 | Peroxidase	in vitro (Human Neutrophil Blood Cells)				1
20495	MTB1314	Heterolysis	1 of 2 | 1 of 2	MTB1314-X | MTB1314-Y	1314	67819	N-Nitrosodimethylamine		CN(C)N=O	[CH3+]		in vitro (Hep G2 Cells)				1
21475	MTB1367	Heterolysis | N-Deacylation | N-Reduction	1 of 2	MTB1367-F	1367	25057	N-Hydroxy-2-acetylaminofluorene		CC(=O)N(O)c1ccc2c(c1)Cc1ccccc1-2	[NH+]c1ccc2c(c1)Cc1ccccc1-2		in vitro (Rat Liver Cytosol) | in vitro (Rat Liver Microsomes) | in vitro (Rat Serosa Cytosol) | in vitro (Rat Serosa Microsomes)				1
21481	MTB1367	Heterolysis | N-Reduction	1 of 2	MTB1367-H	1367	25059	N-Hydroxy-2-acetylaminofluorene		CC(=O)N(O)c1ccc2c(c1)Cc1ccccc1-2	CC(=O)[N+]c1ccc2c(c1)Cc1ccccc1-2		in vitro (Rat Liver Cytosol) | in vitro (Rat Liver Microsomes) | in vitro (Rat Serosa Cytosol) | in vitro (Rat Serosa Microsomes)				1
24678	MTB1567	Heterolysis | N-Dehydroxylation	1 of 2 | 1 of 2 | 1 of 2 | 1 of 2 | 1 of 2	MTB1567-M | MTB1567-N | MTB1567-O | MTB1567-P | MTB1567-Q	1567	40593	N-Hydroxy-4-aminobiphenyl		ONc1ccc(-c2ccccc2)cc1	[NH+]c1ccc(-c2ccccc2)cc1		in vitro (Human Uroepithelium Cells) | in vitro (Human Uroepithelium Cell Cytosol) | in vitro (Human Cancer Cells) | in vitro (Human Bladder Epithelium Cells, E7)				2
2284	MTB146	Covalent Binding | Transmethylation	2 of 2	MTB146-D	25768	25763			C=NNCCc1ccccc1	*N1CN(C)c2c1nc(N)[nH]c2=O		Rat	Oral		Liver	1
2542	MTB176	Covalent Binding | Transmethylation	2 of 2	MTB176-B	25791	25763			C=N/N=C(\C)SC(=O)NS(=O)(=O)c1ccc(N)cc1	*N1CN(C)c2c1nc(N)[nH]c2=O		Rat	Oral		Liver	1
2575	MTB179	Covalent Binding | Transmethylation	2 of 2	MTB179-B	25788	25763			C=N/N=C(/C=C\C(=O)NS(=O)(=O)c1ccc(N)cc1)OC	*N1CN(C)c2c1nc(N)[nH]c2=O		Rat	Oral		Liver	1
5132	MTB368	Covalent Binding | Transmethylation	1 Step	MTB368-M	368	25763	Furazolidone		O=C1OCCN1/N=C/c1ccc([N+](=O)[O-])o1	*N1CN(C)c2c1nc(N)[nH]c2=O		Rat	Oral		Liver	1
5813	MTB417	Covalent Binding | Transmethylation	1 Step	MTB417-A	417	25766	Nitrofural		NC(=O)N/N=C/c1ccc([N+](=O)[O-])o1	*n1cnc2c(OC)nc(N)nc21		Rat	Oral		Liver	1
4006	MTB271	Dealkylation | Dearylation | Oxidation	2 of 4 | 3 of 5 | 4 of 6	MTB271-D | MTB271-N | MTB271-V	18755	18756			C/C=C(C(=C/C)\c1ccc(O)cc1)/c1ccc(O)cc1	CCC(=O)c1ccc(O)cc1		in vitro (Horseradish Peroxidase) | in vitro (Mouse Uterus Peroxidase)				1
4013	MTB271	Dearylation | Oxidation	1 of 2	MTB271-E	271	18757	Diethylstilbestrol		CC/C(=C(/CC)c1ccc(O)cc1)c1ccc(O)cc1	C/C=C(\C(=O)CC)c1ccc(O)cc1		in vitro (Horseradish Peroxidase) | in vitro (Mouse Uterus Peroxidase)				1
14112	MTB826	Dearylation	1 of 2	MTB826-F	826	451	Dihydralazine	1-Hydrazinophthalazine	N/N=c1\[nH][nH]/c(=N\N)c2ccccc12	N/N=c1/[nH]ncc2ccccc12		Human	Oral		Urine	1
17104	MTB1007	Dearylation | Oxidation	2 of 4	MTB1007-B	14896	21253	LAS 34850		O=C(O)C(O)(c1cccs1)c1cccs1	O=C(O)C(=O)c1cccs1		Rat			Lung; Urine	1
18318	MTB1133	Dearylation | Oxidation	1 Step	MTB1133-N	1133	21593	Tienilic acid		O=C(O)COc1ccc(C(=O)c2cccs2)c(Cl)c1Cl	O=C(O)COc1ccc(C(=O)O)c(Cl)c1Cl		Human	Oral		Urine	2
34098	MTB2100	Deconjugation | Glycination	3 of 3	MTB2100-C	60436	33836			COc1cc(C(=O)SCCNC(=O)CCNC(=O)[C@H](O)C(C)(C)COP(=O)(O)OP(=O)(O)OC[C@H]2O[C@@H](n3cnc4c(N)ncnc43)[C@H](O)[C@@H]2OP(=O)(O)O)ccc1O	COc1cc(C(=O)NCC(=O)O)ccc1O		Rat | in vitro (Rat Heart Homogenate)	Intravenous	Glycine	Plasma | Liver | Heart	1
38844	MTB2541	Deconjugation | Deglucuronidation | Hydrolysis | O-Deglucuronidation	1 Step	MTB2541-A	2541	2542	Phenolphthalein-beta-D-glucuronide	Phenolphthalein	O=C1OC(c2ccc(O)cc2)(c2ccc(O[C@@H]3O[C@H](C(=O)O)[C@@H](O)[C@H](O)[C@H]3O)cc2)c2ccccc21	O=C1OC(c2ccc(O)cc2)(c2ccc(O)cc2)c2ccccc21	beta-Glucuronidase | beta-D-Glucuronidase | UDP-Glucuronosyltransferase	in vitro (Rat Sertoli Cells) | in vitro (Human Blood Neutrophils) | in vitro (Mouse Macrophage Cells, RAW 264) | in vitro (Human Serum) | in vitro (Syrian Hamster Feces) | in vitro (Human Plasma) | in vitro (Rat Liver Homogenate) | in vitro (Rat Kidney Homogenate) | in vitro (Rat Heart Homogenate) | in vitro (Rat Brain Homogenate) | in vitro (Human Liver Microsomes) | in vitro (Human Kidney Microsomes) | in vitro (Dog Liver Microsomes) | in vitro (Dog Kidney Microsomes) | in vitro (Human Feces) | in vitro (Human Colon Adenocarcinoma Cells, Caco-2) | in vitro (Rat Liver Microsomes) | in vitro (Mouse Hepatocytes) | in vitro (Mouse Liver Microsomes) | in vitro (Human Polymorphonuclear Cells) | in vitro (Rat Kidney Microsomes) | in vitro (Mouse Proximal Small Intestine Contents) | in vitro (Rat Proximal Small Intestine Contents) | in vitro (Rabbit Proximal Small Intestine Contents) | in vitro (Mouse Distal Small Intestine Contents) | in vitro (Rat Distal Small Intestine Contents) | in vitro (Rabbit Distal Small Intestine Contents) | in vitro (Mouse Cecum Contents) | in vitro (Rat Cecum Contents) | in vitro (Rabbit Cecum Contents) | in vitro (Rat Liver Cytosol) | Rat | in vitro (Rat Liver Supernatant) | in vitro (Mouse Liver Homogenate)	Intracardiac		Plasma	21
41684	MTB2879	Deconjugation	1 of 2	MTB2879-B	2879	1687	3'-Azido-3'-deoxy-5'-O-beta-D-glucopyranuronosylthymidine	Zidovudine	Cc1cn([C@H]2C[C@H](N=[N+]=[N-])[C@@H](CO[C@@H]3O[C@H](C(=O)O)[C@@H](O)[C@H](O)[C@H]3O)O2)c(=O)[nH]c1=O	Cc1cn([C@H]2C[C@H](N=[N+]=[N-])[C@@H](CO)O2)c(=O)[nH]c1=O		in vitro (Rat Feces Suspension) | Rat	Oral		Urine | Feces	1
48045	MTB3615	Deconjugation | Desulfuration | N-Oxidation	2 of 2	MTB3615-E	5347	27250	S-Nitrosoglutathione		N[C@@H](CCC(=O)N[C@@H](CSN=O)C(=O)NCC(=O)O)C(=O)O	O=N[O-]		in vitro (Rat Hepatocytes)				1
50792	MTB4078	Deconjugation	1 of 2	MTB4078-C	4078	4155	Taurochenodeoxycholic acid	Chenodeoxycholic acid	C[C@H](CCC(=O)NCCS(=O)(=O)O)[C@H]1CC[C@H]2[C@@H]3[C@H](O)C[C@@H]4C[C@H](O)CC[C@]4(C)[C@H]3CC[C@]12C	C[C@H](CCC(=O)O)[C@H]1CC[C@H]2[C@@H]3[C@H](O)C[C@@H]4C[C@H](O)CC[C@]4(C)[C@H]3CC[C@]12C		in vitro (Hamster Fecal Culture)				1
75273	MTB7894	Cysteination | Transcomplexation	1 Step	MTB7894-J	7894	64543	Oxaliplatin		N[C@@H]1CCCC[C@H]1N.O=C1[O][Pt][O]C1=O	N[C@@H](C[S][Pt+])C(=O)O.N[C@@H]1CCCC[C@H]1N		in vitro (Rat Kidney)		Cysteine		1
75276	MTB7894	Halogenation | Nucleophilic Substitution | Reduction | Ring Opening | Transcomplexation	1 of 3 | 1 of 3 | 1 of 4 | 1 of 3 | 1 of 5 | 1 of 4 | 1 of 3	MTB7894-X | MTB7894-Y | MTB7894-Z | MTB7894-AA | MTB7894-AB | MTB7894-AC | MTB7894-AD	7894	14153	Oxaliplatin	Dichloro((1R,2R)-Cyclohexane-1,2-diamine-N,N')platinum	N[C@@H]1CCCC[C@H]1N.O=C1[O][Pt][O]C1=O	N[C@@H]1CCCC[C@H]1N.[Cl][Pt][Cl]		Human (Cancer Patients) | in vitro (Rat Blood) | in vitro (Rat Plasma) | Rat	Intravenous		Plasma | Urine | Red Blood Cells	4
75278	MTB7894	Nucleophilic Substitution | Transcomplexation	1 of 2 | 1 of 4 | 1 of 3	MTB7894-AF | MTB7894-AG | MTB7894-AH	7894	40440	Oxaliplatin		N[C@@H]1CCCC[C@H]1N.O=C1[O][Pt][O]C1=O	N[C@@H](CCC(=O)N[C@@H](C[S][Pt+])C(=O)NCC(=O)O)C(=O)O.N[C@@H]1CCCC[C@H]1N		in vitro (Rat Blood) | in vitro (Rat Plasma)				2
75281	MTB7894	Nucleophilic Substitution | Transcomplexation	1 of 2	MTB7894-P	7894	40437	Oxaliplatin		N[C@@H]1CCCC[C@H]1N.O=C1[O][Pt][O]C1=O	N[C@@H](C[S][Pt][S]C[C@H](N)C(=O)O)C(=O)O.N[C@@H]1CCCC[C@H]1N		in vitro (Rat Blood) | in vitro (Rat Plasma)				2
75289	MTB7894	Nucleophilic Substitution | Transcomplexation	1 of 2	MTB7894-R	7894	40438	Oxaliplatin		N[C@@H]1CCCC[C@H]1N.O=C1[O][Pt][O]C1=O	CSCC[C@H](N)C(=O)O.N[C@@H]1CCCC[C@H]1N.[Pt+2]		in vitro (Rat Kidney) | in vitro (Rat Plasma) | in vitro (Rat Blood)		Amino Acid	Plasma | Red Blood Cells	3
6111	MTB433	Transamination	2 of 2	MTB433-E	69010	69011			O=C(/N=N/O)c1ccncc1	CC(=O)N[C@@H](CCCCNC(=O)c1ccncc1)C(=O)O		in vitro (Human Liver Microsomes)				1
28956	MTB1814	Cyclization | Deamination | Ring Closure | Transamination	1 Step	MTB1814-H	1814	23704	L-Kynurenine		Nc1ccccc1C(=O)C[C@H](N)C(=O)O	O=C(O)c1cc(O)c2ccccc2n1	Kynurenine Aminotransferase | Kynurenine Aminotransferase (['KAT I', 'KAT II'])	in vitro (Rat Hippocampus Slices) | in vitro (Rat Brain Cortex Supernatant) | in vitro (Rat Brain Cortex Slices) | in vitro (Pig Brain) | in vitro (Rat Striatum Homogenate) | in vitro (Saccharomyces carlsbergensis)				5
32121	MTB1987	C-Oxidation | Transamination	1 of 3 | 1 of 3 | 1 of 2	MTB1987-C | MTB1987-D | MTB1987-E	1987	25512	S-(6-Purinyl)-L-homocysteine		N[C@@H](CCSc1ncnc2[nH]cnc12)C(=O)O	O=C(O)C(=O)CCSc1ncnc2[nH]cnc12	beta-Lyase	in vitro (Rat Kidney Homogenate)				1
34578	MTB2122	Transamination	3 of 4 | 3 of 4 | 3 of 4 | 2 of 3	MTB2122-F | MTB2122-N | MTB2122-W | MTB2122-AE	3985	13735	Glyoxylic acid	N-Benzoylglycine	O=CC(=O)O	O=C(O)CNC(=O)c1ccccc1		Rat	Intragastric		Urine	1
35850	MTB2216	Carboxylation | Decarboxylation | Elimination | Hydrolysis | Oxidation | Transamination	1 Step	MTB2216-D	2216	4734	L-Glutamine	L-Aspartic acid	NC(=O)CC[C@H](N)C(=O)O	N[C@@H](CC(=O)O)C(=O)O	Aspartate Aminotransferase	in vitro (Pig Jejunum Enterocytes) | in vitro (HeLa S3 Cells) | in vitro (Hamster Cell Culture) | in vitro (Rat Kidney Tubules)				3
80110	MTB8679	Deselenation | Elimination | Oxidative Deamination	1 Step	MTB8679-A	8679	2086	Se-Ethyl-L-selenocysneine	Pyruvic acid	CC[Se]C[C@H](N)C(=O)O	CC(=O)C(=O)O	beta-Lyase | Glutamine Transaminase K	in vitro (Rat Liver Cytosol) | in vitro (Rat Kidney Cytosol) | in vitro (Human Kidney Cytosol)				2
80112	MTB8680	Cleavage | Deselenation | Elimination | Oxidative Deamination	1 Step	MTB8680-B	8680	2086	Se-(n-Propyl)-L-selenocysteine	Pyruvic acid	CCC[Se]C[C@H](N)C(=O)O	CC(=O)C(=O)O	beta-Lyase | Glutamine Transaminase K	in vitro (Rat Hepatoma Cells, H-35) | in vitro (Rat Hepatocytes) | in vitro (Rat Brain Cytosol) | in vitro (Rat Heart Cytosol) | in vitro (Rat Kidney Cytosol) | in vitro (Rat Large Intestine Cytosol) | in vitro (Rat Liver Cytosol) | in vitro (Rat Spleen Cytosol) | in vitro (Rat Lung Cytosol) | in vitro (Rat Small Intestine Cytosol) | in vitro (Rat Thyroid Cytosol) | in vitro (Rat Brain Homogenate) | in vitro (Rat Heart Homogenate) | in vitro (Rat Kidney Homogenate) | in vitro (Rat Large Intestine Homogenate) | in vitro (Rat Liver Homogenate) | in vitro (Rat Spleen Homogenate) | in vitro (Rat Lung Homogenate) | in vitro (Rat Small Intestine Homogenate) | in vitro (Rat Thyroid Homogenate) | in vitro (Human Kidney Cytosol)				3
80113	MTB8681	Deselenation | Elimination | Oxidative Deamination	1 Step	MTB8681-A	8681	2086	Se-(n-Butyl)-L-selenocysteine	Pyruvic acid	CCCC[Se]C[C@H](N)C(=O)O	CC(=O)C(=O)O	beta-Lyase | Glutamine Transaminase K	in vitro (Rat Liver Cytosol) | in vitro (Rat Kidney Cytosol) | in vitro (Human Kidney Cytosol)				2
80114	MTB8682	Cleavage | Deselenation | Elimination | Oxidative Deamination	1 Step	MTB8682-A	8682	2086	Se-Allyl-L-selenocysteine	Pyruvic acid	C=CC[Se]C[C@H](N)C(=O)O	CC(=O)C(=O)O	beta-Lyase | Glutamine Transaminase K	in vitro (Rat Hepatoma Cells, H-35) | in vitro (Rat Hepatocytes) | in vitro (Rat Liver Cytosol) | in vitro (Human Liver Cytosol) | in vitro (Rat Kidney Cytosol) | in vitro (Human Kidney Cytosol)				3
80118	MTB8683	Cleavage | Deselenation | Elimination | Oxidative Deamination	1 Step	MTB8683-A	8683	2086	Se-Phenyl-L-selenocysteine	Pyruvic acid	N[C@@H](C[Se]c1ccccc1)C(=O)O	CC(=O)C(=O)O	beta-Lyase | Glutamine Transaminase K	in vitro (Rat Hepatoma Cells, H-35) | in vitro (Rat Hepatocytes) | in vitro (Rat Liver Cytosol) | in vitro (Human Liver Cytosol) | in vitro (Rat Kidney Cytosol) | in vitro (Human Kidney Cytosol)				3
8711	MTB608	Hydrolysis | Oxidative Cleavage | Ring Opening | Tautomerization	1 of 4 | 1 of 3 | 1 of 3 | 1 of 4 | 1 of 3 | 1 of 4 | 1 of 3 | 1 of 2 | 1 of 2 | 1 of 2 | 1 of 2 | 1 of 3 | 1 of 4 | 1 of 4 | 1 of 3 | 1 of 3	MTB608-AF | MTB608-AG | MTB608-AH | MTB608-AI | MTB608-AJ | MTB608-AK | MTB608-AL | MTB608-AM | MTB608-AN | MTB608-AO | MTB608-AP | MTB608-AQ | MTB608-AR | MTB608-AS | MTB608-AT | MTB608-AU	608	19962	Danazol		C#C[C@]1(O)CC[C@H]2[C@@H]3CCC4=Cc5oncc5C[C@]4(C)[C@H]3CC[C@@]21C	C#C[C@]1(O)CC[C@H]2[C@@H]3CCC4=CC(=O)C(CO)C[C@]4(C)[C@H]3CC[C@@]21C		Human	Oral		Urine	3
19248	MTB1213	Oxidative Cleavage	1 Step	MTB1213-K	1213	74927	Noscapine		COc1ccc2c(c1OC)C(=O)O[C@@H]2[C@H]1c2c(cc3c(c2OC)OCO3)CCN1C	COc1c2c(cc3c1[C@H](O)N(C)CC3)OCO2		in vitro (Human Liver Microsomes) | in vitro (Mouse Liver Microsomes) | Mouse	Oral		Urine | Feces	1
43198	MTB2994	C-Dealkylation | C-Oxidation | Chain Shortening | Oxidation | Oxidative Cleavage | Oxygenation	1 of 2 | 1 of 2	MTB2994-F | MTB2994-G	2994	3020	25-Hydroxycholesterol	Pregnenolone	C[C@H](CCCC(C)(C)O)[C@H]1CC[C@H]2[C@@H]3CC=C4C[C@@H](O)CC[C@]4(C)[C@H]3CC[C@]12C	CC(=O)[C@H]1CC[C@H]2[C@@H]3CC=C4C[C@@H](O)CC[C@]4(C)[C@H]3CC[C@]12C	Cytochrome P450 (['CYP11A1']) | Cholesterol Side-Chain Cleavage Enzyme | Cytochrome P450 | Cytochrome P450 (['CSCC'])	in vitro (Rat Ovary Granulosa Cells) | in vitro (Rat Leydig Cells) | in vitro (Bovine Adrenocortical Cells) | in vitro (Rat Granulosa Cells)				4
43547	MTB3021	C-Deacylation | C-Dealkylation | C-Oxidation | Deacetylation | Deacylation | Dealkylation | Dehydrogenation | Oxidative Cleavage	1 of 2 | 1 of 2 | 1 of 2	MTB3021-B | MTB3021-C | MTB3021-D	3021	1791	17-Hydroxypregnenolone	Prasterone	CC(=O)[C@@]1(O)CC[C@H]2[C@@H]3CC=C4C[C@@H](O)CC[C@]4(C)[C@H]3CC[C@@]21C	C[C@]12CC[C@H](O)CC1=CC[C@@H]1[C@@H]2CC[C@]2(C)C(=O)CC[C@@H]12	Cytochrome P450 (['CYP17']) | 17alpha-Hydroxylase-C17,20-Lyase | Cytochrome P450 (['CYP17A1']) | C17,20 Lyase | Cytochrome P450 (['CYP17A'])	in vitro (Mouse Placenta Explants, Cultured) | in vitro (Mouse Placenta, Freshly Isolated) | in vitro (HEK 293T Cells, Transfected) | in vitro (Monkey Adrenal Microsomes) | in vitro (COS-1 Cells, Transfected) | in vitro (Mouse Liver Homogenate, Female, Pregnant) | in vitro (Mouse Ovary Homogenate, Female, Pregnant) | in vitro (Mouse Liver Homogenate, Fetal) | in vitro (293T Cells, Transfected) | in vitro (Human Adrenal Cortex Tumor Cells, NCI-H295R) | in vitro (Human Adrenal Cortex Tumor Cells, NCI-H295A) | in vitro (COS-1 Cells Expressing Angora Goat CYP17 ACS+) | in vitro (COS-1 Cells Expressing Angora Goat CYP17 ACS-) | in vitro (COS-1 Cells Expressing Angora Goat CYP17 ACS+ L41P) | in vitro (COS-1 Cells Expressing Angora Goat CYP17 ACS- P41L) | in vitro (COS-1 Cells Expressing Angora Goat CYP17 ACS+ and Cytochrome b5+ | in vitro (COS-1 Cells Expressing Angora Goat CYP17 ACS- and Cytochrome b5+ | in vitro (COS-1 Cells Expressing Angora Goat CYP17 ACS+ L41P and Cytochro+ | in vitro (COS-1 Cells Expressing Angora Goat CYP17 ACS- P41L and Cytochro+ | in vitro (COS-1 Cells Expressing Human CYP17) | in vitro (COS-1 Cells Expressing Human CYP17-Arg440Cys) | in vitro (Human Testis Microsomes, Fetal) | in vitro (Human Testis Microsomes) | in vitro (Calf Testis Microsomes) | in vitro (Bovine Adrenal Gland Microsomes) | in vitro (Escherichia coli)				13
49629	MTB3902	C-Oxidation | Chain Shortening | Oxidative Cleavage	1 Step	MTB3902-B	3902	1785	9-cis-beta-Carotene	Tretinoin	CC1=C(/C=C/C(C)=C\C=C\C(C)=C\C=C\C=C(C)\C=C\C=C(C)\C=C\C2=C(C)CCCC2(C)C)C(C)(C)CCC1	CC1=C(/C=C/C(C)=C/C=C/C(C)=C/C(=O)O)C(C)(C)CCC1		in vitro (Ferret Intestine Perfusion) | in vitro (Human Intestine Mucosa)			Intestinal Mucosa | Blood, Portal Vein | Liver	2
8761	MTB609	C-Deglycosidation | Hydrolysis	1 Step	MTB609-D	609	19967	Daunorubicin		COc1cccc2c1C(=O)c1c(O)c3c(c(O)c1C2=O)C[C@@](O)(C(C)=O)C[C@@H]3O[C@H]1C[C@H](N)[C@H](O)[C@H](C)O1	COc1cccc2c1C(=O)c1c(O)c3c(c(O)c1C2=O)C[C@@](O)(C(C)=O)CC3		Mouse | Human | Rat	Intraperitoneal | Intravenous		Carcass + Feces + Tissue + Urine | Carcass + Tissue | Liver | Plasma | Urine | Feces; Urine | Feces	7
8769	MTB609	C-Deglycosidation	2 of 2	MTB609-J	25878	37260	Daunorubicinol		COc1cccc2c1C(=O)c1c(O)c3c(c(O)c1C2=O)C[C@@](O)([C@H](C)O)C[C@@H]3O[C@H]1C[C@H](N)[C@H](O)[C@H](C)O1	COc1cccc2c1C(=O)c1c(O)c3c(c(O)c1C2=O)C[C@@](O)([C@H](C)O)CC3		Mouse	Intraperitoneal		Carcass + Feces + Tissue + Urine | Carcass + Tissue | Liver | Plasma	1
8909	MTB631	C-Deglycosidation | Deglycosidation | Dehydroxylation | Deoxygenation | O-Dealkylation | O-Deglycosidation | Reduction	1 of 2 | 1 of 2 | 1 of 3 | 1 of 3 | 1 of 3 | 1 of 3	MTB631-A | MTB631-B | MTB631-C | MTB631-D | MTB631-E | MTB631-F	631	5870	Doxorubicin	7-Deoxyadriamycinone	COc1cccc2c1C(=O)c1c(O)c3c(c(O)c1C2=O)C[C@@](O)(C(=O)CO)C[C@@H]3O[C@H]1C[C@H](N)[C@H](O)[C@H](C)O1	COc1cccc2c1C(=O)c1c(O)c3c(c(O)c1C2=O)C[C@@](O)(C(=O)CO)CC3	NADPH-Cytochrome P450 Reductase | NAD(P)H:Quinone Oxidoreductase | Cytochrome P450 | NADPH-Cytochrome C Reductase | Cytochrome P450 Reductase	in vitro (Human Breast Carcinoma Cells, MCF-7) | Mouse | in vitro (Rat Liver Post-Mitochondrial Fraction) | in vitro (Human Myocardium) | in vitro (Human Myocardium Membranes) | Human (AIDS Patients) | in vitro (Human Leukemia Cells, CEM/C2) | in vitro (Human Leukemia Cells, CCRF-CEM) | in vitro (Mouse NS-1 Cells) | in vitro (NS-1 Cells) | Rat | Rabbit | in vitro (Human Heart Cytosol) | Mouse (Mdr1a(-/-)) | Rat (Bile Duct Cannulated) | Human | in vitro (Human Liver Microsomes) | Rat (Bile Duct Cannulated, Donor) | Rat (Receiver) | in vitro (Rat Liver) | in vitro (Rat Kidney) | in vitro (Hamster Liver)	Intravenous | Infusion | Intraduodenal | Intraperitoneal		Plasma | Urine | Bile | Intestinal Contents | Gastrointestinal Tract | Liver | Spleen | Kidney | Lung | Tumor | Heart | Serum; Urine | Carcass + Feces + Tissue + Urine | Carcass + Tissue	26
8932	MTB631	C-Deglycosidation | Deglycosidation | Dehydroxylation | Deoxygenation | O-Deglycosidation | Reduction	2 of 3	MTB631-S	7290	27802	Doxorubicinol	7-Deoxy-(13S)-dihydroadriamycinone	COc1cccc2c1C(=O)c1c(O)c3c(c(O)c1C2=O)C[C@@](O)([C@@H](O)CO)C[C@@H]3O[C@H]1C[C@H](N)[C@H](O)[C@H](C)O1	COc1cccc2c1C(=O)c1c(O)c3c(c(O)c1C2=O)C[C@@](O)([C@@H](O)CO)CC3	NADPH-Cytochrome P450 Reductase | NAD(P)H:Quinone Oxidoreductase | NADPH-Cytochrome C Reductase | Cytochrome P450 Reductase	Mouse | in vitro (Rat Liver Post-Mitochondrial Fraction) | in vitro (Human Myocardium) | in vitro (Human Myocardium Membranes) | Human (Cancer Patients) | Rabbit | in vitro (Human Liver Microsomes) | Rat (Bile Duct Cannulated, Donor) | Rat (Receiver)	Intravenous | Infusion | Intraduodenal | Intraperitoneal		Plasma | Liver | Bile | Carcass + Feces + Tissue + Urine | Carcass + Tissue	11
13141	MTB794	C-Deglycosidation | Deglycosidation | Dehydroxylation | Hydrolysis | Reduction	1 of 4	MTB794-I	794	5870	Epirubicin	7-Deoxyadriamycinone	COc1cccc2c1C(=O)c1c(O)c3c(c(O)c1C2=O)C[C@@](O)(C(=O)CO)C[C@@H]3O[C@H]1C[C@H](N)[C@@H](O)[C@H](C)O1	COc1cccc2c1C(=O)c1c(O)c3c(c(O)c1C2=O)C[C@@](O)(C(=O)CO)CC3		in vitro (Human Myocardium) | in vitro (Human Myocardium Membranes) | Human (Cancer Patients) | Human | Mouse	Intravenous | Intraarterial		Plasma | Heart | Tumor	7
26451	MTB1694	Carbamoylation | N-Carbamoylation	2 of 2	MTB1694-C	2218	2131	L-Ornithine	L-Citrulline	NCCC[C@H](N)C(=O)O	NC(=O)NCCC[C@H](N)C(=O)O	Ornithine Carbamoyltransferase | Carbamoyl Phosphate Synthetase	in vitro (Rat Heart Homogenate) | in vitro (Pig Jejunum Enterocytes)				2
34653	MTB2125	Carbamoylation	2 of 2	MTB2125-G	25098	25100			CS(=O)(=O)CCN=C=O	*NC(=O)NCCS(C)(=O)=O		Rat	Intravenous		Urine	1
34659	MTB2126	Carbamoylation	2 of 2	MTB2126-D	25093	25099			CS(=O)CCN=C=O	*NC(=O)NCCS(C)=O		Rat	Intravenous		Urine	1
35848	MTB2216	Carbamoylation | Reduction	1 Step	MTB2216-B	2216	2131	L-Glutamine	L-Citrulline	NC(=O)CC[C@H](N)C(=O)O	NC(=O)NCCC[C@H](N)C(=O)O		in vitro (Pig Jejunum Enterocytes)				1
35876	MTB2218	Carbamoylation | N-Acylation	1 Step	MTB2218-B	2218	44227	L-Ornithine		NCCC[C@H](N)C(=O)O	CC(=O)NCCC[C@H](N)C(=O)O	Ornithine Carbamyltransferase	in vitro (Rat Serum)				1
29605	MTB1852	Transphosphorylation	5 of 5 | 7 of 7	MTB1852-L | MTB1852-AY	44534	29906			O=P(O)(O)OC[C@H]1O[C@@H](O)[C@H](O)[C@@H](O)[C@@H]1O	O=P(O)(O)O[C@@H]1O[C@H](CO)[C@@H](O)[C@H](O)[C@H]1O		Goat (Female, Lactating)	Oral	O-Phosphate	Liver | Milk | Fat | Kidney | Muscle	1
34117	MTB2104	Hydrolysis | Transphosphorylation	1 Step	MTB2104-C	2104	2485	IMP	Adenosine monophosphate	O=c1[nH]cnc2c1ncn2[C@@H]1O[C@H](COP(=O)(O)O)[C@@H](O)[C@H]1O	Nc1ncnc2c1ncn2[C@@H]1O[C@H](COP(=O)(O)O)[C@@H](O)[C@H]1O		in vitro (Pig Kidney Cytosol)				1
37243	MTB2352	Transphosphorylation	3 of 4 | 3 of 4	MTB2352-B | MTB2352-C	42950	42956			O=P(O)(O)OC[C@H]1O[C@H](O)[C@@H](F)[C@@H](O)[C@@H]1O	O=P(O)(O)O[C@H]1O[C@H](CO)[C@@H](O)[C@H](O)[C@@H]1F	Phosphoglucomutase	Mouse | in vitro (Mouse RIF-1 Tumor Cells, Cultured)	Intraperitoneal		Tumor	1
37251	MTB2352	Transphosphorylation	2 of 5 | 2 of 5 | 2 of 3	MTB2352-F | MTB2352-G | MTB2352-H	42937	27299			O=P(O)(O)OC[C@H]1O[C@H](O)[C@H](F)[C@@H](O)[C@@H]1O	O=P(O)(O)O[C@H]1O[C@H](CO)[C@@H](O)[C@H](O)[C@H]1F	Phosphoglucomutase	Mouse | in vitro (Mouse RIF-1 Tumor Cells, Cultured)	Intraperitoneal		Tumor	1
37253	MTB2352	Transphosphorylation	2 of 5 | 2 of 5 | 2 of 3	MTB2352-U | MTB2352-V | MTB2352-W	27296	27299			O=P(O)(O)OC[C@H]1OC(O)[C@H](F)[C@@H](O)[C@@H]1O	O=P(O)(O)O[C@H]1O[C@H](CO)[C@@H](O)[C@H](O)[C@H]1F		in vitro (Human Chondrocytes, Cultured)				1
38883	MTB2546	Alkylation | Deglutathionation | Methylation | Se-Alkylation | Se-Methylation	3 of 3 | 3 of 3 | 4 of 4	MTB2546-A | MTB2546-AJ | MTB2546-AK	50530	12532	Selenosugar A	Selenosugar B	CC(=O)N[C@@H]1[C@@H](O)[C@@H](O)[C@@H](CO)O[C@H]1[Se]SC[C@H](NC(=O)CC[C@H](N)C(=O)O)C(=O)NCC(=O)O	C[Se][C@@H]1O[C@H](CO)[C@H](O)[C@H](O)[C@H]1NC(C)=O	Methyltransferase	Bird | Rat	Oral | Intraperitoneal		Liver | Kidney | Serum | Urine | Pancreas	4
38909	MTB2546	Deglutathionation | Se-Alkylation | Se-Methylation	3 of 3 | 4 of 4	MTB2546-G | MTB2546-AQ	56772	56773			CC(=O)O[C@@H]1[C@@H](O)[C@@H](O)[C@@H](CO)O[C@H]1[Se]SC[C@H](NC(=O)CC[C@H](N)C(=O)O)C(=O)NCC(=O)O	C[Se][C@@H]1O[C@H](CO)[C@H](O)[C@H](O)[C@H]1OC(C)=O		Rat	Oral		Liver | Urine | Kidney | Pancreas	1
38915	MTB2546	Alkylation | Methylation | Se-Alkylation | Se-Methylation	2 of 2 | 3 of 3	MTB2546-L | MTB2546-AV	13071	25408	Hydrogen selenide		[SeH2]	C[Se+](C)C		Rat | Rat (Young) | Rat (Adult)	Oral		Kidney | Urine	2
62454	MTB5899	Alkylation | Methylation | Se-Alkylation | Se-Methylation	1 Step	MTB5899-A	5899	25408	Dimethylselenide		C[Se]C	C[Se+](C)C		in vitro (Rat Liver Homogenate) | in vitro (Rat Kidney Homogenate) | in vitro (Rat Lung Homogenate) | in vitro (Mouse Liver Cytosol)				2
65237	MTB6250	Alkylation | Methylation | Se-Alkylation | Se-Methylation	1 of 2	MTB6250-B	6250	5899	Monomethylselenol	Dimethylselenide	C[SeH]	C[Se]C		in vitro (Rat Liver Homogenate) | in vitro (Rat Kidney Homogenate) | in vitro (Rat Lung Homogenate) | in vitro (Mouse Liver Microsomes)				2
2530	MTB172	Glycosidation | N-Glucosidation	1 Step	MTB172-J	172	26410	Sulfadimidine		Cc1cc(C)nc(NS(=O)(=O)c2ccc(N)cc2)n1	Cc1cc(C)nc(NS(=O)(=O)c2ccc(N[C@@H]3O[C@H](CO)[C@@H](O)[C@H](O)[C@H]3O)cc2)n1		Pig	Oral	N-Glucoside	Urine | Blood | Liver | Skeletal Muscle | Kidney | Adipose	3
2617	MTB190	N-Glucosidation	1 Step	MTB190-D	190	40613	Sulfathiazole		Nc1ccc(S(=O)(=O)Nc2nccs2)cc1	O=S(=O)(Nc1nccs1)c1ccc(N[C@@H]2O[C@H](CO)[C@@H](O)[C@H](O)[C@H]2O)cc1		Pig	Oral	N-Glucoside	Urine | Kidney | Liver | Muscle	1
5214	MTB381	N-Dealkylation | N-Glucosidation	1 Step	MTB381-A	381	48693	Chlorpromazine		CN(C)CCCN1c2ccccc2Sc2ccc(Cl)cc21	OC[C@H]1O[C@@H](N2c3ccccc3Sc3ccc(Cl)cc32)[C@H](O)[C@@H](O)[C@@H]1O		Monkey	Intramuscular + Oral	N-Glucoside	Urine	1
12327	MTB764	Glycosidation | N-Glucosidation | Optical Resolution	1 Step	MTB764-M	764	1850	Phenobarbital	(R)-Phenobarbital N-Glucoside	CCC1(c2ccccc2)C(=O)NC(=O)NC1=O	CC[C@@]1(c2ccccc2)C(=O)NC(=O)N([C@@H]2O[C@H](CO)[C@@H](O)[C@H](O)[C@H]2O)C1=O		in vitro (Human Liver Microsomes) | Human (Non-Smoker) | Mouse | Human	Oral | Intraperitoneal	N-Glucoside | N-Glucopyranoside	Urine	5
12328	MTB764	Glycosidation | N-Glucosidation | Optical Resolution	1 Step	MTB764-N	764	1851	Phenobarbital	(S)-Phenobarbital N-Glucoside	CCC1(c2ccccc2)C(=O)NC(=O)NC1=O	CC[C@]1(c2ccccc2)C(=O)NC(=O)N([C@@H]2O[C@H](CO)[C@@H](O)[C@H](O)[C@H]2O)C1=O		in vitro (Human Liver Microsomes) | Human (Non-Smoker) | Mouse | Human	Oral | Intraperitoneal	N-Glucoside | N-Glucopyranoside	Urine	6
4209	MTB282	S-Glucuronidation	3 of 3	MTB282-C	18819	7486		(2-Acetamidothiazol-4-yl)methylthio-S-beta-D-glucuronide	CC(=O)Nc1nc(CS)cs1	CC(=O)Nc1nc(CS[C@@H]2O[C@H](C(=O)O)[C@@H](O)[C@H](O)[C@H]2O)cs1		Rat (Bile Duct Cannulated)	Oral | Intraperitoneal	S-Glucuronide	Bile	1
20782	MTB1327	S-Glucuronidation	3 of 3 | 4 of 4 | 4 of 4	MTB1327-BQ | MTB1327-CG | MTB1327-CT	54270	60609			CCOP(=S)(OCC)Oc1nc(SC[C@H](N)C(=O)O)c(Cl)cc1Cl	CCOP(=S)(OCC)Oc1nc(S[C@@H]2O[C@H](C(=O)O)[C@@H](O)[C@H](O)[C@H]2O)c(Cl)cc1Cl	UDP-Glucuronosyltransferase	in vitro (Human Erythrocytes)		S-Glucuronide		1
54884	MTB4753	S-Glucuronidation	1 Step	MTB4753-A	4753	26991	2-Mercaptobenzothiazole		Sc1nc2ccccc2s1	O=C(O)[C@H]1O[C@@H](Sc2nc3ccccc3s2)[C@H](O)[C@@H](O)[C@@H]1O		Rat (Male) | in vitro (Rat Liver Homogenate) | in vitro (Rat Kidney Homogenate) | Rat	Oral	S-Glucuronide	Urine | Bile	2
57186	MTB5063	S-Glucuronidation	2 of 2 | 3 of 3	MTB5063-C | MTB5063-F	4753	26991	2-Mercaptobenzothiazole		Sc1nc2ccccc2s1	O=C(O)[C@H]1O[C@@H](Sc2nc3ccccc3s2)[C@H](O)[C@@H](O)[C@@H]1O		Rat (Male)	Oral	S-Glucuronide	Urine | Bile	1
57193	MTB5064	S-Glucuronidation	2 of 2	MTB5064-B	4753	26991	2-Mercaptobenzothiazole		Sc1nc2ccccc2s1	O=C(O)[C@H]1O[C@@H](Sc2nc3ccccc3s2)[C@H](O)[C@@H](O)[C@@H]1O		Rat (Male) | in vitro (Rat Liver Homogenate) | in vitro (Rat Kidney Homogenate)	Oral	S-Glucuronide	Urine | Bile	1
6901	MTB488	Dealkoxylation	1 of 2	MTB488-J	488	76327	Tinoridine		CCOC(=O)c1c(N)sc2c1CCN(Cc1ccccc1)C2	Nc1cc2c(s1)CN(Cc1ccccc1)CC2						1
58292	MTB5246	Dealkoxylation | Decarboxylation | Reduction	1 of 2 | 1 of 2	MTB5246-A | MTB5246-B	5246	15976	JM 216	JM 118	CC(=O)[O][Pt]([Cl])([Cl])[O]C(C)=O.N.NC1CCCCC1	N.NC1CCCCC1.[Cl][Pt][Cl]		in vitro (Human Plasma) | in vitro (Human Blood) | Human	Oral		Plasma	4
65032	MTB6232	Dealkoxylation | Glutathionation	1 Step	MTB6232-A	6232	5347	Amylnitrite	S-Nitrosoglutathione	CCCCCON=O	N[C@@H](CCC(=O)N[C@@H](CSN=O)C(=O)NCC(=O)O)C(=O)O	Glutathione Transferase (['GST M4-4']) | Glutathione Transferase	in vitro (Rat Liver Homogenate) | in vitro (Rat Heart Homogenate) | in vitro (Rat Kidney Homogenate) | in vitro (Rat Intestine Homogenate) | in vitro (Rat Lung Homogenate) | in vitro (Rat Erythrocytes) | in vitro (Rat Brain Homogenate)		Glutathione		1
88767	MTB10133	Dealkoxylation	1 of 3 | 1 of 3 | 1 of 4 | 1 of 2	MTB10133-B | MTB10133-C | MTB10133-D | MTB10133-E	10133	51284	CI 1040		O=C(NOCC1CC1)c1ccc(F)c(F)c1Nc1ccc(I)cc1Cl	NC(=O)c1ccc(F)c(F)c1Nc1ccc(I)cc1Cl		Rat | Cynomolgus Monkey | in vitro (Rat Liver Microsomes) | in vitro (Cynomolgus Monkey Liver Microsomes) | in vitro (Human Liver Microsomes) | in vitro (Rat Hepatocytes) | in vitro (Cynomolgus Monkey Hepatocytes) | in vitro (Human Hepatocytes) | Rat (Bile Duct Cannulated) | Cynomolgus Monkey (Bile Duct Cannulated) | Human | Human (Bile Duct Cannulated)	Oral		Feces | Plasma | Bile	1
88770	MTB10133	Dealkoxylation	2 of 3 | 2 of 3	MTB10133-G | MTB10133-H	47727	51286			O=C(NOCC1CC1)c1cc(O)c(F)c(F)c1Nc1ccc(I)cc1Cl	NC(=O)c1cc(O)c(F)c(F)c1Nc1ccc(I)cc1Cl		Rat | Cynomolgus Monkey | Rat (Bile Duct Cannulated) | Cynomolgus Monkey (Bile Duct Cannulated) | Human | Human (Bile Duct Cannulated) | in vitro (Rat Liver Microsomes) | in vitro (Cynomolgus Monkey Liver Microsomes) | in vitro (Human Liver Microsomes) | in vitro (Rat Hepatocytes) | in vitro (Cynomolgus Monkey Hepatocytes) | in vitro (Human Hepatocytes)	Oral		Feces | Plasma | Bile	1
7921	MTB552	Aromatic Cysteination | Aromatic Methiolation | Methiolation | S-Dealkylation | S-Methylation	1 of 2 | 1 of 2 | 1 of 3 | 1 of 2	MTB552-NM | MTB552-NN | MTB552-NO | MTB552-NP	552	6855	Paracetamol	3-Thiomethylparacetamol	CC(=O)Nc1ccc(O)cc1	CSc1cc(NC(C)=O)ccc1O		Hamster | Human | Rat	Intraperitoneal | Oral		Urine | Blood	5
9526	MTB686	Aromatic Methiolation	4 of 4 | 3 of 3 | 2 of 2 | 5 of 5 | 3 of 3 | 6 of 6 | 5 of 5 | 4 of 4 | 4 of 4	MTB686-A | MTB686-M | MTB686-BD | MTB686-BG | MTB686-BT | MTB686-CK | MTB686-DC | MTB686-EF | MTB686-FE	2097	42595	2-Bromohydroquinone		Oc1ccc(O)c(Br)c1	CSc1cc(O)c(Br)cc1O		Rat	Intragastric		Urine	1
9638	MTB686	Aromatic Methiolation | Aromatization | Hydrolysis	2 of 2	MTB686-FA	28566	31555			BrC1=CC=CC2OC12	CSc1c(O)cccc1Br		Rat (Male) | Guinea Pig (Male)	Intraperitoneal		Urine	1
9640	MTB686	Aromatic Methiolation | Aromatization | Hydrolysis	2 of 2	MTB686-FB	28566	31556			BrC1=CC=CC2OC12	CSc1cccc(Br)c1O		Rat (Male) | Guinea Pig (Male)	Intraperitoneal		Urine	1
15357	MTB898	Aromatic Hydroxylation | Aromatic Methiolation | Ring Opening | Se-Methylation	1 Step	MTB898-D	898	21009	Ebselen		O=c1c2ccccc2[se]n1-c1ccccc1	CSc1cc(NC(=O)c2ccccc2[Se]C)ccc1O		Human | Rat | Pig	Oral		Bile; Plasma; Urine	1
2521	MTB172	Azo Coupling	1 of 2	MTB172-D	172	31519	Sulfadimidine		Cc1cc(C)nc(NS(=O)(=O)c2ccc(N)cc2)n1	Cc1cc(C)nc(NS(=O)(=O)c2ccc([N+]#N)cc2)n1		Pig	Oral		Blood | Skeletal Muscle | Liver | Kidney | Gastrointestinal Tissue | Urine	1
5866	MTB420	Azo Coupling | N-Dealkylation | N-Demethylation	1 of 2 | 1 of 2	MTB420-Z | MTB420-AA	420	38165	Aminophenazone		Cc1c(N(C)C)c(=O)n(-c2ccccc2)n1C	C[N+]#N	Cytochrome P450	Rat	Oral		Liver	1
16888	MTB984	Azo Coupling	1 Step	MTB984-A	984	21215	p-Phenetidine		CCOc1ccc(N)cc1	CCOc1ccc(/N=N\c2ccc(OCC)cc2)cc1		in vitro (Horseradish Peroxidase) | in vitro (Horseradish Prostaglandin Synthase)				1
21878	MTB1409	Azo Coupling | Dimerization	2 of 2	MTB1409-C	44284	51949	SN 28093		NC(=O)c1cc(N2CC2)c([N+](=O)[O-])cc1NO	NC(=O)c1cc(N2CC2)c([N+](=O)[O-])cc1/N=[N+](/O)c1cc([N+](=O)[O-])c(N2CC2)cc1C(N)=O		in vitro (Hamster Fibroblast Cells, Transfected) | in vitro (Human Cervix Carcinoma Cells, Transfected)				1
21880	MTB1409	Azo Coupling | Dimerization	2 of 2	MTB1409-E	51950	51949			NC(=O)c1cc(N2CC2)c([N+](=O)[O-])cc1N=O	NC(=O)c1cc(N2CC2)c([N+](=O)[O-])cc1/N=[N+](/O)c1cc([N+](=O)[O-])c(N2CC2)cc1C(N)=O		in vitro (Hamster Fibroblast Cells, Transfected) | in vitro (Human Cervix Carcinoma Cells, Transfected)				1
460	MTB29	C-Oxidation | Dearomatization | N-Decarbamoylation | Oxidation	1 of 4 | 1 of 2	MTB29-GW | MTB29-GX	29	39998	Carbamazepine		NC(=O)N1c2ccccc2C=Cc2ccccc21	O=c1ccc2nc3ccccc3ccc-2c1		Rat | in vitro (Human Liver Microsomes) | in vitro (Rat Liver Microsomes)	Oral		Plasma | Liver	2
11992	MTB750	N-Deacylation | N-Decarbamoylation	3 of 4 | 2 of 3 | 4 of 5	MTB750-A | MTB750-D | MTB750-K	20460	4716		alpha-Fluoro-beta-alanine	NC(=O)NCC(F)C(=O)O	NCC(F)C(=O)O		Rat | Human	Intraperitoneal | Intravenous		Urine | Plasma	2
80285	MTB8718	Deamidation | Decarbamoylation | Hydrolysis | N-Deacetylation | N-Deacylation | N-Decarbamoylation | N-Deformylation	4 of 5 | 4 of 5 | 4 of 5 | 4 of 5 | 3 of 4 | 3 of 4 | 3 of 4 | 3 of 4 | 5 of 6 | 5 of 6 | 5 of 6 | 5 of 6 | 4 of 5 | 4 of 5 | 4 of 5 | 4 of 5 | 5 of 6 | 5 of 6 | 5 of 6 | 5 of 6 | 4 of 5 | 4 of 5 | 4 of 5 | 4 of 5 | 6 of 7 | 6 of 7 | 6 of 7 | 6 of 7 | 5 of 6 | 5 of 6 | 5 of 6 | 5 of 6	MTB8718-A | MTB8718-B | MTB8718-C | MTB8718-D | MTB8718-O | MTB8718-P | MTB8718-Q | MTB8718-R | MTB8718-T | MTB8718-U | MTB8718-V | MTB8718-W | MTB8718-AH | MTB8718-AI | MTB8718-AJ | MTB8718-AK | MTB8718-AO | MTB8718-AP | MTB8718-AQ | MTB8718-AR | MTB8718-BC | MTB8718-BD | MTB8718-BE | MTB8718-BF | MTB8718-BH | MTB8718-BI | MTB8718-BJ | MTB8718-BK | MTB8718-BV | MTB8718-BW | MTB8718-BX | MTB8718-BY	20460	4716		alpha-Fluoro-beta-alanine	NC(=O)NCC(F)C(=O)O	NCC(F)C(=O)O	beta-Ureidopropionase	Human (Cancer Patients) | Mouse (Tumor Bearing) | Mouse (Uridine Phosphorylase(-/-), Tumor Bearing) | Human (Cancer Patients, Japanese) | Human (Cancer Patients, Caucasian) | Rat | in vitro (Rat Liver Perfusion) | Mouse | Human | Cynomolgus Monkey	Oral		Plasma | Tumor | Urine | Liver | Kidney	10
80287	MTB8718	Cleavage | Decarbamoylation | Hydrogenation | Hydrolysis | N-Decarbamoylation | Reduction | Ring Opening	2 of 3 | 2 of 3 | 2 of 3 | 2 of 3 | 3 of 4 | 3 of 4 | 3 of 4 | 3 of 4 | 3 of 4 | 3 of 4 | 3 of 4 | 3 of 4 | 4 of 5 | 4 of 5 | 4 of 5 | 4 of 5	MTB8718-I | MTB8718-J | MTB8718-K | MTB8718-L | MTB8718-AB | MTB8718-AC | MTB8718-AD | MTB8718-AE | MTB8718-AW | MTB8718-AX | MTB8718-AY | MTB8718-AZ | MTB8718-BP | MTB8718-BQ | MTB8718-BR | MTB8718-BS	818	4716	5-Fluorouracil	alpha-Fluoro-beta-alanine	O=c1[nH]cc(F)c(=O)[nH]1	NCC(F)C(=O)O	Dihydropyrimidine Dehydrogenase	Human | Human (Cancer Patients) | in vitro (Human Liver S9 Fraction) | Mouse (Tumor Bearing)	Oral | Injection		Plasma | Blood | Serum | Tumor	17
94924	MTB11272	N-Decarbamoylation	1 Step	MTB11272-A	11272	818	1-Methylaminocarbonyl-5-fluorouracil	5-Fluorouracil	CNC(=O)n1cc(F)c(=O)[nH]c1=O	O=c1[nH]cc(F)c(=O)[nH]1		in vitro (Mouse Skin)				1
8055	MTB552	S-Cysteination | Thioalkylation	1 Step	MTB552-MR	552	26301	Paracetamol		CC(=O)Nc1ccc(O)cc1	CC(=O)Nc1ccc(SC[C@H](N)C(=O)NCC(=O)O)cc1	gamma-Glutamyltransferase	Rat	Intravenous	Cysteinylglycine	Bile	1
27990	MTB1768	S-Cysteination | Thioalkylation	2 of 2	MTB1768-C	28424	28426			O=Cc1ccn2c1C(O)CC2	N[C@@H](CSC1CCn2ccc(C=O)c21)C(=O)NCC(=O)O		in vitro (Rat Liver Perfusion)		Cysteinylglycine	Bile	1
28029	MTB1768	S-Cysteination | Thioalkylation	3 of 3 | 2 of 2	MTB1768-U | MTB1768-Y	28421	28423	Dehydropyrrolizidine		OCc1ccn2c1C(O)CC2	N[C@@H](CSC1CCn2ccc(CO)c21)C(=O)NCC(=O)O		in vitro (Rat Liver Perfusion)		Cysteinylglycine	Bile	1
28188	MTB1780	S-Cysteination	1 of 2 | 1 of 3 | 1 of 2	MTB1780-P | MTB1780-Q | MTB1780-R	1780	4352	Hexachlorobutadiene	N-Acetyl-S-(1,2,3,4,4-pentachlorobuta-1,3-dienyl)-L-cysteine	ClC(Cl)=C(Cl)C(Cl)=C(Cl)Cl	CC(=O)N[C@@H](CS/C(Cl)=C(\Cl)C(Cl)=C(Cl)Cl)C(=O)O	Glutathione Transferase | gamma-Glutamyltranspeptidase | N-Acetyltransferase	Rat	Oral	N-Acetylcysteine	Urine	1
28192	MTB1780	S-Cysteination | Thioalkylation	5 of 5 | 3 of 3	MTB1780-K | MTB1780-Q	6900	38376	(S)-N-Acetyl-S-(1,2,3,4,4-pentachlorobutadienyl)-L-cysteine-sulfoxide		CC(=O)N[C@@H](C[S@](=O)/C(Cl)=C(\Cl)C(Cl)=C(Cl)Cl)C(=O)O	CC(=O)N[C@@H](C[S@](=O)/C(Cl)=C(\SC[C@H](N)C(=O)NCC(=O)O)C(Cl)=C(Cl)Cl)C(=O)O	Glutathione Transferase | gamma-Glutamyltranspeptidase	Rat	Oral	Cysteinylglycine	Urine	1
11826	MTB745	Lysination	2 of 3	MTB745-L	2028	16887	Methyl isocyanate	Nepsilon-Methylcarbamoyllysine	CN=C=O	CNC(=O)NCCCC[C@H](N)C(=O)O		Rat		Lysine	Urine	1
44039	MTB3061	Lysination	3 of 4 | 3 of 4 | 4 of 5 | 2 of 3	MTB3061-I | MTB3061-R | MTB3061-AC | MTB3061-AN	2028	16887	Methyl isocyanate	Nepsilon-Methylcarbamoyllysine	CN=C=O	CNC(=O)NCCCC[C@H](N)C(=O)O		Rat		Lysine	Urine	1
46810	MTB3414	Lysination | Protein Binding	1 Step	MTB3414-A	3414	27763	(R)-alpha-Phenylglycidic acid		O=C(O)[C@]1(c2ccccc2)CO1	*N[C@H](CCCCNC[C@](O)(C(=O)O)c1ccccc1)C(*)=O	Mandelate Racemase	in vitro (Pseudomonas putida Mandelate Racemase)		Lysine		1
54893	MTB4754	Lysination	1 of 3 | 1 of 2	MTB4754-A | MTB4754-B	4754	71581	2,5-Hexanedione		CC(=O)CCC(C)=O	CC(=O)N[C@@H](CCCCn1c(C)ccc1C)C(=O)O		Rat	Intraperitoneal		Urine	1
126442	MTB16848	Dehydration | Lysination | Ring Closure	2 of 2	MTB16848-D	73567	73584			CC(=O)O[C@@H]1C[C@H](O)[C@@]23CO[C@@H](O)[C@]1(C)[C@@H]2C[C@@H](O)[C@]1(C)[C@@H]3C(=O)[C@H](OC(C)=O)[C@@]2(C)C(/C(C=O)=C/C=O)C[C@H]3O[C@@]312	CC(=O)O[C@@H]1C[C@H](O)[C@@]23CO[C@@H](O)[C@]1(C)[C@@H]2C[C@@H](O)[C@]1(C)[C@@H]3C(=O)[C@H](OC(C)=O)[C@@]2(C)C(C3=CCN(CCCC[C@H](NC(=O)OC(C)(C)C)C(=O)O)C3=O)C[C@H]3O[C@@]312		in vitro (Dog Liver Microsomes) | in vitro (Human Liver Microsomes)		Amino Acid		1
390	MTB21	Dehalogenation | Reductive Dehalogenation	1 Step	MTB21-A	21	17968	Bromisoval		CC(C)C(Br)C(=O)NC(N)=O	CC(C)CC(=O)NC(N)=O		Rat | in vitro (Rat Blood) | in vitro (Rat Erythrocytes) | in vitro (Rat Plasma) | Human | Rabbit | in vitro (Rat Liver Homogenate) | in vitro (Human Liver Homogenate)	Intraperitoneal | Oral		Plasma | Urine | Liver | Feces; Urine	9
717	MTB35	Dehalogenation | Reductive Dehalogenation	3 of 4 | 2 of 3	MTB35-D | MTB35-L	2066	2122	Trichloroacetic acid	Dichloroacetic acid	O=C(O)C(Cl)(Cl)Cl	O=C(O)C(Cl)Cl		Human | Human (Children) | Mouse	Oral | Intravenous		Plasma | Urine | Blood | Liver	5
718	MTB35	Dehalogenation | Dehydration | Reductive Dehalogenation	1 of 3	MTB35-P	35	22139	Chloral hydrate		OC(O)C(Cl)(Cl)Cl	O=CC(Cl)Cl		Human | Human (Children)	Oral		Plasma	2
720	MTB35	C-Oxidation | Dehalogenation | Reductive Dehalogenation	1 of 2	MTB35-Q	35	2122	Chloral hydrate	Dichloroacetic acid	OC(O)C(Cl)(Cl)Cl	O=C(O)C(Cl)Cl		Human | Human (Children) | Mouse	Oral | Intravenous		Plasma | Blood | Liver	3
721	MTB35	Reductive Dehalogenation	3 of 3 | 4 of 4 | 3 of 3 | 3 of 3 | 2 of 2	MTB35-A | MTB35-D | MTB35-L | MTB35-P | MTB35-Q	2122	22086	Dichloroacetic acid		O=C(O)C(Cl)Cl	O=C(O)CCl		Human	Oral		Plasma	1
4136	MTB277	Transacetylation	2 of 2	MTB277-A	33378	33382			CCCC(=O)Nc1ccc(OC[C@H](O)CNC(C)C)c(C(C)=O)c1	CC(=O)Nc1ccc(OC[C@H](O)CNC(C)C)c(C(C)=O)c1	Cytochrome P450	Human | Rat	Oral | Intravenous | Intraperitoneal	N-Acetate	Serum | Plasma | Urine	4
4143	MTB277	Transacetylation	2 of 2	MTB277-D	33379	33383	(-)-(S)-Acebutolol	(-)-(S)-Diacetolol	CCCC(=O)Nc1ccc(OC[C@@H](O)CNC(C)C)c(C(C)=O)c1	CC(=O)Nc1ccc(OC[C@@H](O)CNC(C)C)c(C(C)=O)c1	Cytochrome P450	Human | Rat	Oral | Intravenous | Intraperitoneal	N-Acetate	Serum | Plasma | Urine	4
6127	MTB433	Hydrolysis | N-Acetylation | N-Deacylation | Transacetylation	1 of 2 | 1 of 4	MTB433-R | MTB433-S	433	841	Isoniazide	Acetylhydrazine	NNC(=O)c1ccncc1	CC(=O)NN	Acetyltransferase | Arylamidase	Mouse | Rat | in vitro (Rat Red Blood Cells) | Human	Oral | Intravenous; Oral | Intravenous	N-Acetate	Serum | Plasma; Urine | Blood | Urine | Serum; Urine | Plasma	7
21485	MTB1367	Acyl Migration | N-Deacetylation | N-Deacylation | O-Acetylation | O-Acylation | Transacetylation	1 of 2 | 1 of 2 | 1 of 3	MTB1367-K | MTB1367-L | MTB1367-M	1367	26846	N-Hydroxy-2-acetylaminofluorene		CC(=O)N(O)c1ccc2c(c1)Cc1ccccc1-2	CC(=O)ONc1ccc2c(c1)Cc1ccccc1-2	N,O-Acetyltransferase | Acetyltransferase | N,O-Acyltransferase	in vitro (Mouse Prostate Cytosol Expressing Human NAT2) | in vitro (Mouse Prostate Cytosol) | in vitro (Rat Liver Cytosol) | in vitro (Rat Liver Microsomes) | in vitro (Rat Peritoneal Serosa Microsomes) | in vitro (Rat Peritoneal Serosa Cytosol) | in vitro (Rat Mammary Gland Microsomes)		O-Acetate		3
24666	MTB1567	O-Acetylation | O-Acylation | Transacetylation	1 of 2 | 1 of 2 | 1 of 2 | 1 of 2 | 1 of 2 | 1 of 2	MTB1567-B | MTB1567-C | MTB1567-D | MTB1567-E | MTB1567-F | MTB1567-G	1567	25256	N-Hydroxy-4-aminobiphenyl		ONc1ccc(-c2ccccc2)cc1	CC(=O)ONc1ccc(-c2ccccc2)cc1	N-Acetyltransferase (['NAT1*4', 'NAT1*10', 'NAT1*10B']) | N-Acetyltransferase (['NAT1*14B', 'NAT1*4']) | N-Acetyltransferase (['NAT2']) | N,O-Acetyltransferase | N-Acetyltransferase (['NAT1', 'NAT2']) | O-Acetyltransferase | N-Acetyltransferase (['NAT1']) | O-Acetyltransferase (['NAT1', 'NAT2']) | Acetyl-CoA C-Acetyltransferase | Aromatic Hydroxylamine O-Acetyltransferase | Arylamine Acetyltransferase (['NAT1']) | Arylamine Acetyltransferase (['NAT2'])	in vitro (Chinese Hamster Ovary Cells, UV5, Transfected) | in vitro (CHO Cells, Transfected) | in vitro (Human Hepatocyte Supernatant) | in vitro (COS-1 Cells Expressing Human NAT2) | in vitro (Mouse Liver Cytosol) | in vitro (Mouse Intestine Cytosol) | in vitro (Mouse Pancreas Cytosol) | in vitro (Mouse Liver Cytosol, NAT2 Knockout) | in vitro (Mouse Intestine Cytosol, NAT2 Knockout) | in vitro (Mouse Pancreas Cytosol, NAT2 Knockout) | in vitro (Hamster Liver Cytosol) | in vitro (Hamster Prostate Cytosol) | in vitro (Human Uroepithelium Cell Cytosol) | in vitro (Human Uroepithelium Cell Microsomes) | in vitro (Papillary Transitional Cell Carcinoma Cell Cytosol) | in vitro (Papillary Transitional Cell Carcinoma Cell Microsomes) | in vitro (Human Liver Cytosol) | in vitro (Human Pancreas Cytosol) | in vitro (Human Lung Cytosol) | in vitro (Human Mammary Epithelium Cytosol) | in vitro (Human Mammary Epithelium Microsomes) | in vitro (Monkey Kidney COS-1 Cells Expressing Human NAT-1) | in vitro (Monkey Kidney COS-1 Cells Expressing Human NAT-2) | in vitro (Rat Liver Cytosol) | in vitro (Human Colon Cytosol)		O-Acetate		13
4605	MTB325	C-Decarboxylation | C-Oxidation | Oxidative Decarboxylation	2 of 2	MTB325-G	43171	73308			CC1(C)O[C@@H]2C[C@H]3[C@@H]4CCC5=CC(=O)C=C[C@]5(C)[C@@]4(F)[C@@H](O)C[C@]3(C)[C@]2(C(=O)C(=O)O)O1	CC1(C)O[C@@H]2C[C@H]3[C@@H]4CCC5=CC(=O)C=C[C@]5(C)[C@@]4(F)[C@@H](O)C[C@]3(C)[C@]2(C(=O)O)O1		Human	Intramuscular | Intranasal | Dermal		Urine	2
24313	MTB1561	Chain Shortening | Oxidative Decarboxylation	3 of 4 | 4 of 5 | 4 of 5 | 4 of 5 | 4 of 5 | 3 of 4 | 2 of 3 | 5 of 6 | 5 of 6 | 5 of 6	MTB1561-F | MTB1561-AT | MTB1561-CA | MTB1561-CU | MTB1561-EC | MTB1561-FO | MTB1561-GI | MTB1561-HC | MTB1561-HW | MTB1561-JJ	16409	20482	m-Dihydrocoumaric acid		O=C(O)CCc1cccc(O)c1	O=C(O)Cc1cccc(O)c1						1
24422	MTB1561	Chain Shortening | O-Alkylation | O-Methylation | Oxidative Decarboxylation	3 of 4 | 3 of 4 | 3 of 4 | 2 of 3 | 4 of 5 | 4 of 5	MTB1561-BE | MTB1561-DF | MTB1561-EN | MTB1561-FZ | MTB1561-IH | MTB1561-JU	9152	19652	Dihydrocaffeic acid		O=C(O)CCc1ccc(O)c(O)c1	COc1ccc(CC(=O)O)cc1O						1
26656	MTB1708	Dearomatization | Oxidative Decarboxylation	1 of 2	MTB1708-B	1708	59441	Diclofenac		O=C(O)Cc1ccccc1Nc1c(Cl)cccc1Cl	C=C1C=CC=C/C1=N\c1c(Cl)cccc1Cl	Cytochrome P450 (['CYP3A4'])	in vitro (Human Liver Microsomes) | in vitro (Rat Liver Microsomes)				2
59355	MTB5387	Oxidative Decarboxylation	2 of 2	MTB5387-G	32292	65175	5-(4-Chlorophenyl)-1-(4-methoxyphenyl)-1H-pyrazole-3-propanoic acid		COc1ccc(-n2nc(CCC(=O)O)cc2-c2ccc(Cl)cc2)cc1	COc1ccc(-n2nc(CCO)cc2-c2ccc(Cl)cc2)cc1		Horse	Oral		Plasma	1
22288	MTB1435	Aromatic Sulfonation	1 Step	MTB1435-D	1435	22410	2,4-Diamino-6-(2,5-dichlorophenyl)-s-triazine		Nc1nc(N)nc(-c2cc(Cl)ccc2Cl)n1	CS(=O)(=O)c1cc(Cl)c(-c2nc(N)nc(N)n2)cc1Cl		Rat | Guinea Pig | Monkey	Intravenous; Oral		Urine	1
22289	MTB1435	Aromatic Sulfonation	1 Step	MTB1435-E	1435	22411	2,4-Diamino-6-(2,5-dichlorophenyl)-s-triazine		Nc1nc(N)nc(-c2cc(Cl)ccc2Cl)n1	CS(=O)(=O)c1cc(Cl)cc(-c2nc(N)nc(N)n2)c1Cl		Rat | Guinea Pig | Monkey	Intravenous; Oral		Urine	1
35812	MTB2211	Aromatic Sulfonation | Methiolation | S-Oxidation | Sulfonation	1 Step	MTB2211-A	2211	44682	PCB 49		Clc1ccc(-c2cc(Cl)ccc2Cl)c(Cl)c1	CS(=O)(=O)c1cc(Cl)c(-c2ccc(Cl)cc2Cl)cc1Cl		Human | Pelican | Seal | Bird (Glaucous Gull)	Environmental Exposure | Oral		Adipose | Muscle | Blubber | Egg | Plasma | Liver	4
35813	MTB2211	Aromatic Sulfonation	1 Step	MTB2211-B	2211	57733	PCB 49		Clc1ccc(-c2cc(Cl)ccc2Cl)c(Cl)c1	CS(=O)(=O)c1c(Cl)ccc(-c2cc(Cl)ccc2Cl)c1Cl		Human | Pelican | Seal	Environmental Exposure		Adipose | Muscle | Blubber	1
45820	MTB3283	Aromatic Sulfonation | Methiolation | S-Oxidation | Sulfonation	1 Step	MTB3283-A	3283	50404	p,p'-DDE		ClC(Cl)=C(c1ccc(Cl)cc1)c1ccc(Cl)cc1	CS(=O)(=O)c1cc(C(=C(Cl)Cl)c2ccc(Cl)cc2)ccc1Cl		Human | Bird (Glaucous Gull)	Environmental Exposure | Oral		Adipose | Egg | Plasma | Liver	4
3439	MTB224	Dealkynylation | Oxidation	1 Step	MTB224-K	224	18631	Ethinylestradiol		C#C[C@]1(O)CC[C@H]2[C@@H]3CCc4cc(O)ccc4[C@H]3CC[C@@]21C	C[C@]12CC[C@@H]3c4ccc(O)cc4CC[C@H]3[C@@H]1CCCC2=O		Rabbit		Unspecified	Urine	1
3471	MTB224	Dealkynylation	3 of 3 | 2 of 2	MTB224-Y | MTB224-AT	18636	18637			C#C[C@]1(O)CC[C@H]2[C@@H]3CCc4cc(O)c(OC)cc4[C@H]3CC[C@@]21C	COc1cc2c(cc1O)CC[C@@H]1[C@@H]2CC[C@]2(C)C(O)CC[C@@H]12		Human			Urine	1
3488	MTB224	Dealkynylation	1 Step	MTB224-AG	224	18630	Ethinylestradiol		C#C[C@]1(O)CC[C@H]2[C@@H]3CCc4cc(O)ccc4[C@H]3CC[C@@]21C	C[C@]12CC[C@@H]3c4ccc(O)cc4CC[C@H]3[C@@H]1CCC[C@@H]2O		Human	Intravenous; Oral	Unspecified	Urine	1
3497	MTB224	Dealkynylation	1 Step	MTB224-AM	224	18629	Ethinylestradiol		C#C[C@]1(O)CC[C@H]2[C@@H]3CCc4cc(O)ccc4[C@H]3CC[C@@]21C	C[C@]12CC[C@@H]3c4ccc(O)cc4CC[C@H]3[C@@H]1CCC[C@H]2O		Human		Unspecified	Feces; Urine	2
3498	MTB224	Dealkynylation	1 of 2 | 1 of 2	MTB224-AN | MTB224-AO	224	970	Ethinylestradiol	Estradiol	C#C[C@]1(O)CC[C@H]2[C@@H]3CCc4cc(O)ccc4[C@H]3CC[C@@]21C	C[C@]12CC[C@@H]3c4ccc(O)cc4CC[C@H]3[C@@H]1CC[C@@H]2O		Human			Urine	1
9664	MTB690	Decarbamoylation | Hydrolysis | O-Deacylation	1 of 3	MTB690-I	690	25270	Carbazeran		CCNC(=O)OC1CCN(c2nncc3cc(OC)c(OC)cc23)CC1	COc1cc2cnnc(N3CCC(O)CC3)c2cc1OC		in vitro (Human Hepatocytes) | in vitro (Guinea Pig Liver S9 Fraction) | in vitro (Rat Hepatocytes) | Guinea Pig	Oral		Urine | Feces	2
13965	MTB818	Deamidation | Decarbamoylation | Hydrolysis | N-Deacylation	2 of 3 | 2 of 3 | 2 of 3 | 3 of 4 | 3 of 4 | 3 of 4	MTB818-Y | MTB818-Z | MTB818-AA | MTB818-AC | MTB818-AD | MTB818-AE	20460	4716		alpha-Fluoro-beta-alanine	NC(=O)NCC(F)C(=O)O	NCC(F)C(=O)O	beta-Ureidopropionase	in vitro (Human Peripheral Blood Mononuclear Cell Cytosol) | in vitro (Human Stomach Supernatant, Tumor Region) | in vitro (Human Stomach Supernatant, Nontumor Region) | Rat (Tumor Bearing) | Mouse (Tumor Bearing) | Human (Cancer Patients) | in vitro (Human Cancer Cell Cytosol) | Mouse | in vitro (Rat Liver Cytosol) | in vitro (Human Cancer Cells, Colo-1) | in vitro (Human Cancer WIDR Cells) | Mouse (Human Colon Carcinoma Implanted) | Mouse (Human Hypopharynx Carcinoma Implanted) | Human	Intraperitoneal | Intravenous | Oral		Tumor | Liver | Small Intestine | Stomach | Tumor, Colon | Tumor, Implanted | Colon | Urine	14
24871	MTB1582	Cleavage | Decarbamoylation | Hydrolysis | O-Deacylation	1 of 3 | 1 of 2 | 1 of 3 | 1 of 2	MTB1582-V | MTB1582-W | MTB1582-X | MTB1582-Y	1582	5887	Irinotecan	SN-38	CCc1c2c(nc3ccc(OC(=O)N4CCC(N5CCCCC5)CC4)cc13)-c1cc3c(c(=O)n1C2)COC(=O)[C@]3(O)CC	CCc1c2c(nc3ccc(O)cc13)-c1cc3c(c(=O)n1C2)COC(=O)[C@]3(O)CC	Carboxylesterase | Carboxylesterase (['CES1', 'CES2']) | Carboxylesterase (['CES1']) | Carboxylesterase (['CES2']) | Carboxylesterase (['Type 2']) | Carboxylesterase (['CES1C']) | Carboxylesterase (['hCE-2']) | Carboxylesterase (['hCE-1']) | Carboxylesterase (['CES1', 'CES2', 'CES3']) | UDP-Glucuronosyltransferase (['UGT1A1', 'UGT1A6', 'UGT1A7']) | UDP-Glucuronosyltransferase | Carboxylesterase (['CE2']) | Esterase | Triacylglycerol Hydrolase | Cytochrome P450 (['CYP3A4']) | Carboxylesterase (['hCE-1', 'hiCE']) | Cholinesterase	Human | Human (Female) | Rat | Human (Cancer Patients) | Human (Cancer and Renal Failure Patients) | in vitro (Human Liver S9 Fraction) | Human (Colorectal Cancer Patients) | Mouse (Human Tumor Xenograft Bearing) | in vitro (Human Liver Cytosol) | Mouse | in vitro (Human Plasma) | in vitro (Mouse Plasma) | Mouse (Human Colon Carcinoma Xenograft Bearing) | in vitro (Human Breast Epithelium Cells, MCF-12A, pSP6-Transfected) | in vitro (Human Breast Epithelium Cells, MCF-12A, pSP8-Transfected) | in vitro (Human Breast Epithelium Cancer Cells, MCF-7, pSP6-Transfected) | in vitro (Human Breast Epithelium Cancer Cells, MCF-7, pSP8-Transfected) | in vitro (Human Breast Epithelium Cancer Cells, MDA-MB-231, pSP6-Transfec+ | in vitro (Human Breast Epithelium Cancer Cells, MDA-MB-231, pSP8-Transfec+ | Mouse (Transgenic, Human OATP1B1) | Mouse (Oatp1a/1b Knockout) | Mouse (Transgenic, Human OATP1B3) | in vitro (Human Liver Microsomes) | Rabbit (Tumor Bearing) | in vitro (Mouse Plasma, Abcb1a/1b(-/-)) | in vitro (Mouse Plasma, Abcg2(-/-)) | in vitro (Mouse Plasma, Abcb1a/1b(-/-)/Abcg2(-/-)) | Mouse (Mdr1a(+/+)) | Mouse (Mdr1a(-/-)) | Mouse (Human HT-29 Xenograft Bearing) | in vitro (Mouse Tumor, Human Colon Xenograft) | in vitro (Mouse Tumor, Human Pancreas Xenograft) | in vitro (Mouse Tumor, Human Lung Xenograft) | in vitro (Mouse Tumor, Human Ovary Xenograft) | in vitro (Human Jejunum Microsomes) | Mouse (Human PC-6 Xenograft Bearing) | in vitro (Rat Plasma) | in vitro (Rabbit Plasma) | in vitro (Monkey Plasma) | in vitro (Dog Plasma) | in vitro (Minipig Plasma) | in vitro (Mouse Brain Homogenate) | Human (Children) | Pig | Human (Gastric Adenocarcinoma Patients) | in vitro (Human Hepatoma Cells, Hep G2) | in vitro (Rat Intestine Perfusion) | in vitro (Rat Duodenum S9 Fraction) | in vitro (Rat Jejunum S9 Fraction) | in vitro (Rat Ileum S9 Fraction) | in vitro (Rat Colon S9 Fraction) | in vitro (Rat Liver Microsomes) | in vitro (Rat Small Intestine Epithelium Microsomes) | in vitro (Human Duodenum Microsomes) | in vitro (Human Ileum Microsomes) | in vitro (Human Small Intestine Microsomes) | in vitro (Human Kidney Microsomes) | in vitro (Human Lung Microsomes) | Human (Children, Cancer Patients) | in vitro (Mouse Everted Intestine Sac) | Mouse (Mdr1a/1b(-/-)) | Mouse (Mrp4(-/-)) | Sheep | Mouse (Oatp1b2 Knockout) | in vitro (Human Jejunum Cytosol) | in vitro (Rat Liver Cytosol) | in vitro (Rat Jejunum Microsomes) | in vitro (Rat Jejunum Cytosol) | in vitro (Rat Liver Perfusion) | in vitro (Mouse Liver S9 Fraction) | Human (Lung Cancer Patients) | Mouse (Human EJ Xenograft Bearing) | Mouse (Human EJ/mbetaG Xenograft Bearing) | in vitro (Human Hepatocytes) | in vitro (HEK 293 Cell Microsomes Expressing hCE-2) | in vitro (HEK 293 Cell Microsomes Expressing hCE-1) | in vitro (HEK 293 Cell Microsomes) | Mouse (Human Stomach Cancer Cells Inoculated) | Human (Cancer and HIV Patients) | Rat (Bile Duct Cannulated) | Dog | Human (Cancer and Hemodialysis Patients) | Rat (Gunn, Transfected) | Rat (Gunn, Heterozygous) | Human (Hemodialysis Patients) | in vitro (COS-1 Cells, Transfected) | in vitro (Rat Hepatoma Cells, H-4-II-E) | Human (Leukemia Patients) | in vitro (Human Colorectal Tumor Homogenate) | in vitro (Human Colon Mucosa Homogenate) | in vitro (U373MG Cells Expressing Human Carboxylesterase) | in vitro (U373MG Cells Expressing Rabbit Carboxylesterase) | in vitro (U373MG Cells) | in vitro (Rat Hepatocytes, Cultured) | in vitro (Rat Liver S9 Fraction) | in vitro (Dog Liver S9 Fraction) | in vitro (Monkey Liver S9 Fraction) | Mouse (Mrp2(-/-)) | Human (Cancer and Hepatic Impairment Patients) | Mouse (Esterase-Deficient) | in vitro (Mouse Stomach) | in vitro (Mouse Intestine) | in vitro (Mouse Esophagus) | Mouse (Human Tumor Bearing) | in vitro (COS-7 Cell Extract, Transfected) | Rat (Tumor Bearing) | in vitro (Human Liver Supernatant) | Human (Cancer Patients, Caucasian) | in vitro (Human Colon Carcinoma Cells) | in vitro (Murine LLC-PK1 Cells, Mdr1a-Transfected) | in vitro (Human Glioblastoma Cells, U87) | in vitro (Human Glioblastoma Cells, A-172) | in vitro (Human Kidney 293 Cell Lysate Expressing Mouse Carboxylesterase,+ | in vitro (Human Kidney 293 Cell Lysate Expressing Mouse Triacylglycerol H+ | in vitro (Human Kidney 293 Cell Lysate) | Mouse (Tumor Bearing) | in vitro (Mouse Plasma, Tumor Bearing) | in vitro (Mouse Liver Homogenate, Tumor Bearing) | in vitro (Mouse Tumor Homogenate, Tumor Bearing) | in vitro (Human Colorectal Adenocarcinoma HT-29 Cells Expressing Human Ca+ | Mouse (P-Glycoprotein-Deficient) | in vitro (Human Colon Cancer LoVo Cell Microsomes) | in vitro (Human Colon Cancer Cell Microsomes, HT-29) | in vitro (COS-7 Cells, Transfected) | in vitro (Human Plasma, Cancer Patients) | Human (Bile Exteriorized) | in vitro (Human Small Intestine Mucosa) | in vitro (Human Colon Mucosa) | in vitro (Human Liver Homogenate) | in vitro (Human Duodenum S9 Fraction) | in vitro (Human Jejunum S9 Fraction) | in vitro (Human Ileum S9 Fraction) | in vitro (Human Colon S9 Fraction) | in vitro (Human Rectum S9 Fraction) | in vitro (Mouse Plasma, Esterase-Deficient) | in vitro (Mouse Brain Extract) | in vitro (Mouse Brain Extract, Esterase-Deficient) | in vitro (Mouse Heart Extract) | in vitro (Mouse Heart Extract, Esterase-Deficient) | in vitro (Mouse Kidney Extract) | in vitro (Mouse Kidney Extract, Esterase-Deficient) | in vitro (Mouse Liver Extract) | in vitro (Mouse Liver Extract, Esterase-Deficient) | in vitro (Mouse Lung Extract) | in vitro (Mouse Lung Extract, Esterase-Deficient) | in vitro (Mouse Small Intestine Extract) | in vitro (Mouse Small Intestine Extract, Esterase-Deficient) | in vitro (Mouse Spleen Extract) | in vitro (Mouse Spleen Extract, Esterase-Deficient) | in vitro (Human Colon Tumor Cytosol) | in vitro (Human Colon Cytosol) | in vitro (Human Liver Tumor Cytosol) | in vitro (Human Liver Tumor S9 Fraction) | in vitro (Human Colon Tumor S9 Fraction) | in vitro (Human Lung Adenocarcinoma Cells, A549, Transfected) | in vitro (Human Lung Adenocarcinoma Cells, A549) | in vitro (Human Liver Bile Canalicular Membrane) | in vitro (Mouse Liver Homogenate) | in vitro (Mouse Tumor Homogenate) | Rhesus Monkey | in vitro (Human Colon Carcinoma Cells, HT-29) | in vitro (Rat Small Intestine Homogenate) | in vitro (Rat Colon Homogenate) | in vitro (Rat Cecum Homogenate) | in vitro (Rat Ovary Tumor Perfusion) | in vitro (Rat Serum Carboxylesterase)	Intravenous | Oral | Infusion | Intraperitoneal | Intravenous + Oral | Intraarterial | Intrahepatic | Injection | Retro-orbital | Intratumoral	Glucuronide	Plasma | Breast Milk | Urine | Feces | Serum | Tumor | Liver | Small Intestine | Large Intestine | Spleen | Kidney | Lung | Brain | Pancreas | Intestinal Lumen | Intestinal Mucosa | Muscle | Heart | Stomach | Colon | Bile | Intestine | Perfusate, Intestinal | Peritoneal Fluid | Cerebrospinal Fluid | Duodenum | Jejunum | Ileum | Cecum | Tumor, Stomach | Peritoneal Nodules | Small Intestine Contents | Cecum Contents | Colon Contents | Blood | Jejunum Contents | Ileum Contents | Saliva | Perfusate | Red Blood Cells | Bone Marrow | Tumor Dialysate | Atria | Large Intestine Contents | Lung Lymph | Feces + Urine	366
41512	MTB2863	Decarbamoylation	3 of 3	MTB2863-E	28102	26752			NC(=O)NCCC(=O)O	NCCC(=O)O		in vitro (Mouse Liver Cytosol) | in vitro (Mouse Colon Tumor Cytosol)				1
41873	MTB2897	Decarbamoylation | Hydrolysis	3 of 3 | 2 of 2	MTB2897-G | MTB2897-W	26273	33073	(R)-2,7-Diaminomitosene		CC1=C(N)C(=O)c2c(COC(N)=O)c3n(c2C1=O)C[C@H](N)C3	CC1=C(N)C(=O)c2c(CO)c3n(c2C1=O)C[C@H](N)C3		in vitro (Mouse Colon Adenocarcinoma Mitochondria) | Rat (Tumor Bearing)	Intratumoral		Tumor	2
30958	MTB1936	Complexation	2 of 2	MTB1936-B	24380	39061	1,2-Diethyl-3,6-dihydroxypyridin-4-one		CCc1c(O)c(=O)cc(O)n1CC	CCc1c([O][Fe]([O]c2c(CC)n(CC)c(O)cc2=O)[O]c2c(CC)n(CC)c(O)cc2=O)c(=O)cc(O)n1CC		Rat	Oral		Bile	1
30966	MTB1936	Complexation	2 of 2	MTB1936-G	24271	39060			CCn1ccc(=O)c(O)c1C(C)O	CCn1ccc(=O)c([O][Fe]([O]c2c(C(C)O)n(CC)ccc2=O)[O]c2c(C(C)O)n(CC)ccc2=O)c1C(C)O		Rat	Oral		Urine | Bile	1
57548	MTB5132	Complexation	1 Step	MTB5132-A	5132	31480	Mesoporphyrin IX		CCC1=C(C)c2cc3[nH]c(cc4nc(cc5[nH]c(cc1n2)c(C)c5CCC(=O)O)C(CCC(=O)O)=C4C)c(C)c3CC	CCC1=C(C)/C2=C/c3c(CC)c(C)c4[n]3[Zn][n]3/c(c(C)c(CCC(=O)O)/c3=C/C3=N/C(=C\4)C(C)=C3CCC(=O)O)=C\C1=N2	Ferrochelatase	in vitro (Mouse Plasma Macrophage Lysate)				1
57549	MTB5132	Complexation	1 Step	MTB5132-B	5132	53714	Mesoporphyrin IX		CCC1=C(C)c2cc3[nH]c(cc4nc(cc5[nH]c(cc1n2)c(C)c5CCC(=O)O)C(CCC(=O)O)=C4C)c(C)c3CC	CCC1=C(C)/C2=C/c3c(CC)c(C)c4[n]3[Fe][n]3/c(c(C)c(CCC(=O)O)/c3=C/C3=N/C(=C\4)C(C)=C3CCC(=O)O)=C\C1=N2	Ferrochelatase	in vitro (Chicken Liver Mitochondria, Embryonic)				1
64115	MTB6149	Complexation	2 of 2	MTB6149-C	3587	34617	1-(2-Hydroxyethyl)-2-ethyl-3-hydroxypyridin-4-one		CCc1c(O)c(=O)ccn1CCO	CCc1c([O][Fe]([O]c2c(CC)n(CCO)ccc2=O)[O]c2c(CC)n(CCO)ccc2=O)c(=O)ccn1CCO		Rat	Oral		Urine	1
6438	MTB446	N-Dealkylation | Nitrosation	1 Step	MTB446-G	446	25515	((2,3-Dihydro-1,5,-dimethyl-3-oxo-2-phenyl-1H-pyrazol-4-yl)methylamino)me+		Cc1c(N(C)CS(=O)(=O)O)c(=O)n(-c2ccccc2)n1C	Cc1c(N(C)N=O)c(=O)n(-c2ccccc2)n1C		Human	Oral		Urine | Saliva	1
21311	MTB1360	Nitrosation	1 Step	MTB1360-B	1360	44338	N-Acetylbenzidine		CC(=O)Nc1ccc(-c2ccc(N)cc2)cc1	CC(=O)Nc1ccc(-c2ccc(N)c([N+](=O)[O-])c2)cc1		in vitro (Human Polymorphonuclear Neutrophils)				1
49739	MTB3928	Hydrolysis | Nitrosation	1 of 2	MTB3928-H	3928	32943	Toluene 2,4-diisocyanate		Cc1ccc(N=C=O)cc1N=C=O	Cc1ccc(N=C=O)cc1NN=O		Guinea Pig (Male)	Inhalation		Erythrocytes	1
49749	MTB3928	Hydrolysis | Nitrosation	1 of 2	MTB3928-L	3928	32945	Toluene 2,4-diisocyanate		Cc1ccc(N=C=O)cc1N=C=O	Cc1ccc(N)cc1NN=O		Guinea Pig (Male)	Inhalation		Erythrocytes	1
66102	MTB6411	Deamination | Glutathionation | Nitrosation	1 of 2 | 1 of 2	MTB6411-B | MTB6411-C	6411	5347	1,3-Dimethyl-2-cyano-1-nitrosoguanidine	S-Nitrosoglutathione	CN/C(=N\C#N)N(C)N=O	N[C@@H](CCC(=O)N[C@@H](CSN=O)C(=O)NCC(=O)O)C(=O)O	Glutathione Transferase (['GST A1-1', 'GST A2-2', 'GST M2-2']) | Glutathione Transferase (['GST M3-4', 'GST M4-4'])	in vitro (Rat Liver Cytosol) | in vitro (Rat Hepatocytes)		Glutathione		2
8055	MTB552	S-Cysteination | Thioalkylation	1 Step	MTB552-MR	552	26301	Paracetamol		CC(=O)Nc1ccc(O)cc1	CC(=O)Nc1ccc(SC[C@H](N)C(=O)NCC(=O)O)cc1	gamma-Glutamyltransferase	Rat	Intravenous	Cysteinylglycine	Bile	1
26542	MTB1700	Dehalogenation | S-Oxidation | Thioalkylation	1 of 3	MTB1700-AE	1700	58198	Sulfur mustard		ClCCSCCCl	CSCCS(=O)(=O)CCSC		Human	Occupational Exposure		Urine	1
27990	MTB1768	S-Cysteination | Thioalkylation	2 of 2	MTB1768-C	28424	28426			O=Cc1ccn2c1C(O)CC2	N[C@@H](CSC1CCn2ccc(C=O)c21)C(=O)NCC(=O)O		in vitro (Rat Liver Perfusion)		Cysteinylglycine	Bile	1
28029	MTB1768	S-Cysteination | Thioalkylation	3 of 3 | 2 of 2	MTB1768-U | MTB1768-Y	28421	28423	Dehydropyrrolizidine		OCc1ccn2c1C(O)CC2	N[C@@H](CSC1CCn2ccc(CO)c21)C(=O)NCC(=O)O		in vitro (Rat Liver Perfusion)		Cysteinylglycine	Bile	1
28192	MTB1780	S-Cysteination | Thioalkylation	5 of 5 | 3 of 3	MTB1780-K | MTB1780-Q	6900	38376	(S)-N-Acetyl-S-(1,2,3,4,4-pentachlorobutadienyl)-L-cysteine-sulfoxide		CC(=O)N[C@@H](C[S@](=O)/C(Cl)=C(\Cl)C(Cl)=C(Cl)Cl)C(=O)O	CC(=O)N[C@@H](C[S@](=O)/C(Cl)=C(\SC[C@H](N)C(=O)NCC(=O)O)C(Cl)=C(Cl)Cl)C(=O)O	Glutathione Transferase | gamma-Glutamyltranspeptidase	Rat	Oral	Cysteinylglycine	Urine	1
65233	MTB6249	Reduction | Se-Dealkylation	1 of 2	MTB6249-A	6249	13071	DL-Selenocystine	Hydrogen selenide	NC(C[Se][Se]CC(N)C(=O)O)C(=O)O	[SeH2]		Mouse	Oral		Urine | Liver	1
65257	MTB6258	Reduction | Se-Dealkylation	2 of 2	MTB6258-A	35026	13071		Hydrogen selenide	N[C@@H](C[SeH])C(=O)O	[SeH2]	beta-Lyase	in vitro (Rat Liver Cytosol)				1
80111	MTB8680	Cleavage | Se-Dealkylation	1 Step	MTB8680-A	8680	46904	Se-(n-Propyl)-L-selenocysteine		CCC[Se]C[C@H](N)C(=O)O	CCC[SeH]	beta-Lyase	in vitro (Rat Hepatoma Cells, H-35) | in vitro (Rat Hepatocytes)				1
80117	MTB8682	Cleavage | Se-Dealkylation	1 Step	MTB8682-C	8682	46905	Se-Allyl-L-selenocysteine		C=CC[Se]C[C@H](N)C(=O)O	C=CC[SeH]	beta-Lyase	in vitro (Rat Hepatoma Cells, H-35) | in vitro (Rat Hepatocytes)				1
80121	MTB8683	Cleavage | Se-Dealkylation	1 Step	MTB8683-C	8683	3924	Se-Phenyl-L-selenocysteine	Benzeneselenol	N[C@@H](C[Se]c1ccccc1)C(=O)O	[SeH]c1ccccc1	beta-Lyase	in vitro (Rat Hepatoma Cells, H-35) | in vitro (Rat Hepatocytes)				1
25031	MTB1597	N-Demethoxylation	1 of 2	MTB1597-C	1597	6874	1-Methoxyindole-3-carboxylic acid	Indole-3-carboxylic acid	COn1cc(C(=O)O)c2ccccc21	O=C(O)c1c[nH]c2ccccc12		Rat	Oral		Urine	1
30269	MTB1914	N-Demethoxylation	1 Step	MTB1914-A	1914	24259	Miloxacin		COn1cc(C(=O)O)c(=O)c2cc3c(cc21)OCO3	O=C(O)c1c[nH]c2cc3c(cc2c1=O)OCO3		Fish (Eel) | Yellowtail | Red Sea Bream | Rainbow Trout			Muscle	1
69644	MTB6985	N-Demethoxylation	1 of 2 | 1 of 3 | 1 of 2	MTB6985-A | MTB6985-B | MTB6985-C	6985	6984	1-Methoxyindole	Indole	COn1ccc2ccccc21	c1ccc2[nH]ccc2c1		Rat	Oral		Urine	1
78931	MTB8490	N-Demethoxylation	1 of 5 | 1 of 5	MTB8490-A | MTB8490-B	8490	42519	Metobromuron		CON(C)C(=O)Nc1ccc(Br)cc1	CNC(=O)Nc1ccc(Br)cc1		Human	Oral		Urine | Plasma	1
78936	MTB8490	N-Demethoxylation	3 of 5 | 3 of 5	MTB8490-C | MTB8490-D	42517	42518			CONC(=O)Nc1ccc(Br)cc1	NC(=O)Nc1ccc(Br)cc1		Human	Oral		Plasma | Urine	1
12797	MTB782	Aromatic Hydroxylation | C-Hydroxylation | Isomerization | NIH Shift | Nucleophilic Substitution | Rearrangement | Transhalogenation	1 of 2	MTB782-AD	782	22962	Cisapride		COc1cc(N)c(Cl)cc1C(=O)N[C@H]1CCN(CCCOc2ccc(F)cc2)C[C@H]1OC	COc1cc(N)c(Cl)cc1C(=O)N[C@H]1CCN(CCCOc2ccc(O)c(F)c2)C[C@H]1OC	Cytochrome P450 (['CYP3A4']) | Cytochrome P450 (['CYP1A1', 'CYP1A2', 'CYP2C8', 'CYP2C9', 'CYP3A5', 'CYP3A7']) | Cytochrome P450 (['CYP3A', 'CYP2C8']) | Cytochrome P450 (['CYP3A4', 'CYP2A6'])	in vitro (Human Liver Microsomes, Neonatal) | in vitro (Human Liver Microsomes, Adult) | in vitro (Human 293 Cells Expressing Human CYP3A4) | in vitro (Human 293 Cells Expressing Human CYP Isoenzymes) | in vitro (Human Liver Microsomes, Fetal) | in vitro (Human Liver Microsomes, High CYP3A Activity) | in vitro (Human Liver Microsomes, Low CYP3A Activity) | in vitro (Human Liver Microsomes) | in vitro (Rat Liver Supernatant) | in vitro (Dog Liver Supernatant) | in vitro (Rabbit Liver Supernatant) | Rat | Dog	Oral	Glucuronide	Feces | Urine | Feces; Urine	9
20059	MTB1300	C-Oxidation | Dehalogenation | Halogenation | Hydrolysis | Isomerization | NIH Shift | Nucleophilic Substitution | Oxidative Dehalogenation | Rearrangement | Tautomerization | Transhalogenation	1 of 3 | 1 of 3 | 1 of 5 | 1 of 5 | 1 of 4 | 1 of 4 | 1 of 4 | 1 of 3 | 1 of 4 | 1 of 4 | 1 of 6 | 1 of 6 | 1 of 5 | 1 of 5 | 1 of 5 | 1 of 4	MTB1300-E | MTB1300-F | MTB1300-G | MTB1300-H | MTB1300-I | MTB1300-J | MTB1300-K | MTB1300-L | MTB1300-M | MTB1300-N | MTB1300-O | MTB1300-P | MTB1300-Q | MTB1300-R | MTB1300-S | MTB1300-T	1300	33967	Trichloroethylene	Chloral	ClC=C(Cl)Cl	O=CC(Cl)(Cl)Cl	Cytochrome P450 (['CYP2E1']) | Cytochrome P450 | Cytochrome P450 (['CYP2E1', 'CYP2F2']) | Cytochrome P450 (['CYP2F']) | Cytochrome P450 (['CYP2E1', 'CYP2C11'])	in vitro (Human Liver Microsomes) | in vitro (Human Hepatocytes) | in vitro (Rat Hepatocytes) | in vitro (Rat Liver Microsomes) | Mouse | Human | Rat (Female) | Rat (Male) | in vitro (Rat Liver S9 Fraction) | in vitro (Rat Brain Substantia Nigra Homogenate) | in vitro (Mouse Lung Microsomes, CD-1) | in vitro (Mouse Lung Microsomes, Cyp2e1-Null) | in vitro (Mouse Lung Microsomes) | Rat | in vitro (Human Lung Microsomes) | Human (Male) | Mouse (Male) | in vitro (Monkey Epididymis Microsomes) | in vitro (Mouse Testis Microsomes) | in vitro (Mouse Epididymis Microsomes) | in vitro (Rat Kidney Microsomes) | in vitro (Rat Kidney Proximal Tubule Cells) | in vitro (Rat Kidney Distal Tubule Cells) | in vitro (Human Kidney Microsomes) | in vitro (Mouse Liver Microsomes) | Rat (Bile Duct Cannulated) | Rat (Jugular Vein Cannulated)	Oral | Inhalation | Intraperitoneal | Intraduodenal		Serum | Blood | Urine | Liver | Kidney | Seminal Fluid | Epididymis | Bile | Feces | Lung	18
20067	MTB1300	Aliphatic Hydroxylation | C-Hydroxylation | C-Oxidation | Hydration | Isomerization | NIH Shift | Oxidation | Rearrangement | Transhalogenation	1 of 3 | 1 of 3 | 1 of 5 | 1 of 5 | 1 of 4 | 1 of 4 | 1 of 4 | 1 of 3	MTB1300-CC | MTB1300-CD | MTB1300-CE | MTB1300-CF | MTB1300-CG | MTB1300-CH | MTB1300-CI | MTB1300-CJ	1300	35	Trichloroethylene	Chloral hydrate	ClC=C(Cl)Cl	OC(O)C(Cl)(Cl)Cl	Cytochrome P450 | Cytochrome P450 (['CYP2E1']) | Cytochrome P450 (['CYP2E1', 'CYP1A2', 'CYP3A4']) | Cytochrome P450 (['CYP1A2']) | Cytochrome P450 (['CYP3A4'])	Mouse | Rat | Human (Female, Pregnant) | in vitro (Human Liver Microsomes) | in vitro (Human Liver Cytosol) | in vitro (Rat Liver Perfusion) | in vitro (Human Liver Hepatocytes) | in vitro (Mouse Liver Microsomes) | in vitro (Rat Liver Microsomes) | Mouse (Antibiotic Treated) | in vitro (Human Lymphoblast Cell Microsomes Expressing Human CYP1A2) | in vitro (Human Lymphoblast Cell Microsomes Expressing Human CYP3A4) | in vitro (Human Lymphoblast Cell Microsomes Expressing Human CYP2E1)	Oral | Inhalation | Intravenous		Serum | Blood | Urine | Liver | Kidney | Lung | Fat | Perfusate | Cecum Contents	13
20070	MTB1300	Aliphatic Hydroxylation | C-Hydroxylation | C-Oxidation | Dehalogenation | Hydration | Isomerization | NIH Shift | Rearrangement | Transhalogenation	1 of 2 | 1 of 2 | 1 of 4 | 1 of 4 | 1 of 3	MTB1300-DE | MTB1300-DF | MTB1300-DG | MTB1300-DH | MTB1300-DI	1300	4699	Trichloroethylene	Trichloroethanol	ClC=C(Cl)Cl	OCC(Cl)(Cl)Cl	Cytochrome P450 | Cytochrome P450 (['CYP2E1'])	Mouse | Mouse (PPARalpha(-/-)) | Mouse (PPARalpha Humanized) | Human | Rat | in vitro (Rat Hepatocytes) | in vitro (Methylocystis sp. M)	Oral | Occupational Exposure | Intraperitoneal | Inhalation | Dermal + Inhalation		Serum | Liver | Kidney | Plasma | Urine | Blood | Heart | Muscle | Brain | Lung | Blood; Urine	17
20075	MTB1300	C-Hydroxylation | C-Oxidation | Dehalogenation | Halogenation | Hydrolysis | Isomerization | Rearrangement | Transhalogenation	1 of 3 | 1 of 3 | 1 of 2	MTB1300-BM | MTB1300-BN | MTB1300-BO	1300	2066	Trichloroethylene	Trichloroacetic acid	ClC=C(Cl)Cl	O=C(O)C(Cl)(Cl)Cl	Cytochrome P450 | Cytochrome P450 (['CYP2E1']) | Cytochrome P450 (['CYP2C11', 'CYP2C6']) | Cytochrome P450 (['CYP2B1', 'CYP2B2']) | Cytochrome P450 (['CYP1A1', 'CYP1A2'])	Mouse | Human | Rat | Human (Children) | in vitro (Mouse Liver Slices) | in vitro (Human Liver Slices) | in vitro (Rat Liver Microsomes) | in vitro (Methylocystis sp. M)	Oral | Occupational Exposure | Environmental Exposure | Inhalation | Dermal + Inhalation		Serum | Urine | Blood | Lung | Liver | Kidney | Muscle | Plasma | Blood; Urine	18
30039	MTB1897	Hydroxylation | N-Denitrosylation	1 Step	MTB1897-A	1897	24194	N-Nitrosothiazolidine		O=NN1CCSC1	OC1NCCS1		in vitro (Rat Hepatocytes)				1
38124	MTB2488	N-Denitrosylation	1 Step	MTB2488-A	2488	31849	Fotemustine		CCOP(=O)(OCC)C(C)NC(=O)N(CCCl)N=O	CCOP(=O)(OCC)C(C)NC(=O)NCCCl		in vitro (Rat Liver Cytosol) | in vitro (Rat Liver Microsomes) | in vitro (Human Liver Microsomes) | Human	Infusion		Plasma | Urine	1
38147	MTB2488	C-Oxidation | Cyclization | Dehalogenation | N-Denitrosylation	1 Step	MTB2488-K	2488	31848	Fotemustine		CCOP(=O)(OCC)C(C)NC(=O)N(CCCl)N=O	CCOP(=O)(OCC)C(C)N1CC(=O)NC1=O		Human | in vitro (Rat Liver Cytosol) | in vitro (Rat Liver Microsomes) | in vitro (Human Liver Microsomes)	Infusion		Urine | Plasma	1
114183	MTB14930	N-Denitrosylation	2 of 3	MTB14930-A	66399	4081		Nitric oxide	CCOC(=O)N1CCN(/[N+]([O-])=N\[O-])CC1	[N]=O		in vitro (Human Lung Adenocarcinoma Cells, H1703) | in vitro (Human Lung Adenocarcinoma Cells, H1944)				1
114184	MTB14930	N-Denitrosylation	1 of 2	MTB14930-B	14930	4081	JS-K	Nitric oxide	CCOC(=O)N1CCN(/[N+]([O-])=N\Oc2ccc([N+](=O)[O-])cc2[N+](=O)[O-])CC1	[N]=O		in vitro (Human T-Lymphoblastoid Cells, Jurkat)				1
50724	MTB4066	Se-Oxidation	1 Step	MTB4066-A	4066	29407	2-Selenylbenzanilide		O=C(Nc1ccccc1)c1ccccc1[SeH]	O=C(Nc1ccccc1)c1ccccc1[Se]O		in vitro (Rat Liver Microsomes) | in vitro (Pig Liver Microsomes) | in vitro (Guinea Pig Liver Microsomes) | in vitro (Rat Liver Perfusion)				1
52125	MTB4259	Se-Oxidation	1 Step	MTB4259-A	4259	29408	2-(Methylseleno)benzanilide		C[Se]c1ccccc1C(=O)Nc1ccccc1	C[Se](=O)c1ccccc1C(=O)Nc1ccccc1		in vitro (Rat Liver Microsomes) | in vitro (Pig Liver Microsomes) | in vitro (Guinea Pig Liver Microsomes) | in vitro (Rat Liver Perfusion)				1
80115	MTB8682	Se-Oxidation	1 of 2	MTB8682-B	8682	43986	Se-Allyl-L-selenocysteine		C=CC[Se]C[C@H](N)C(=O)O	C=CC[Se](=O)C[C@H](N)C(=O)O		in vitro (Rat Liver Microsomes)				1
80119	MTB8683	Se-Oxidation	1 of 2	MTB8683-B	8683	43987	Se-Phenyl-L-selenocysteine		N[C@@H](C[Se]c1ccccc1)C(=O)O	N[C@@H](C[Se](=O)c1ccccc1)C(=O)O		in vitro (Rat Liver Microsomes)				1
80126	MTB8688	Se-Oxidation	1 of 2	MTB8688-A	8688	43988	Se-(p-Methylphenyl)-L-selenocysteine		Cc1ccc([Se]C[C@H](N)C(=O)O)cc1	Cc1ccc([Se](=O)C[C@H](N)C(=O)O)cc1		in vitro (Rat Liver Microsomes)				1
11988	MTB750	Deglycosidation | N-Dealkylation | N-Deglucosidation | N-Deglycosidation	1 of 5 | 1 of 5 | 1 of 5 | 1 of 4 | 1 of 4 | 1 of 4 | 1 of 5	MTB750-E | MTB750-F | MTB750-G | MTB750-H | MTB750-I | MTB750-J | MTB750-K	750	818	Doxifluridine	5-Fluorouracil	C[C@H]1O[C@@H](n2cc(F)c(=O)[nH]c2=O)[C@H](O)[C@@H]1O	O=c1[nH]cc(F)c(=O)[nH]1	Thymidine Phosphorylase | Pyrimidine Nucleoside Phosphorylase | Nucleoside Phosphorylase | Uridine Phosphorylase	Dog | in vitro (Rat Upper Small Intestine Cytosol) | in vitro (Rat Lower Small Intestine Cytosol) | in vitro (Rat Large Intestine Cytosol) | in vitro (Mouse Upper Small Intestine Cytosol) | in vitro (Mouse Lower Small Intestine Cytosol) | in vitro (Mouse Large Intestine Cytosol) | in vitro (Monkey Upper Small Intestine Cytosol) | in vitro (Monkey Lower Small Intestine Cytosol) | in vitro (Monkey Large Intestine Cytosol) | in vitro (Human Upper Small Intestine Cytosol) | in vitro (Human Liver Cytosol) | in vitro (Rat Liver Cytosol) | in vitro (Mouse Liver Cytosol) | in vitro (Monkey Liver Cytosol) | in vitro (Human Breast Carcinoma Cells, MCF-7, Mycoplasma Infected) | in vitro (Human Breast Carcinoma Cells, MCF-7) | Monkey | Human | Mouse (Tumor Bearing) | Human (Cancer Patients) | in vitro (Human Liver Microsomes) | in vitro (Mouse Liver) | in vitro (Mouse Small Intestine) | in vitro (Human Jejunum Cytosol) | in vitro (Human Breast Carcinoma Cells) | in vitro (Human Colorectal Carcinoma Cells) | in vitro (Human Colorectum Homogenate) | in vitro (Human Colorectum Tumor Homogenate) | in vitro (Human Liver Homogenate) | in vitro (Human Liver Metastasis Homogenate) | in vitro (Human Tissue Supernatant) | Rat | Rabbit | Mouse | in vitro (Human B Lymphocytes, Cultured) | in vitro (Human B Lymphocyte Supernatant, Cultured) | in vitro (Rat Novikoff Hepatoma Cells)	Oral | Injection | Intravenous | Intraarterial | Intraperitoneal		Plasma | Serum | Tumor | Blood | Urine	24
29559	MTB1850	N-Deglucosidation	1 Step	MTB1850-A	1850	23814	(R)-Phenobarbital N-Glucoside		CC[C@@]1(c2ccccc2)C(=O)NC(=O)N([C@@H]2O[C@H](CO)[C@@H](O)[C@H](O)[C@H]2O)C1=O	CC[C@@]1(c2ccc(O)cc2)C(=O)NC(=O)N([C@@H]2O[C@H](CO)[C@@H](O)[C@H](O)[C@H]2O)C1=O		Mouse	Intraperitoneal		Urine	1
29560	MTB1850	N-Deglucosidation	1 Step	MTB1850-B	1850	764	(R)-Phenobarbital N-Glucoside	Phenobarbital	CC[C@@]1(c2ccccc2)C(=O)NC(=O)N([C@@H]2O[C@H](CO)[C@@H](O)[C@H](O)[C@H]2O)C1=O	CCC1(c2ccccc2)C(=O)NC(=O)NC1=O		Mouse	Intraperitoneal		Urine	1
29561	MTB1851	N-Deglucosidation	1 Step	MTB1851-A	1851	764	(S)-Phenobarbital N-Glucoside	Phenobarbital	CC[C@]1(c2ccccc2)C(=O)NC(=O)N([C@@H]2O[C@H](CO)[C@@H](O)[C@H](O)[C@H]2O)C1=O	CCC1(c2ccccc2)C(=O)NC(=O)NC1=O		Mouse	Intraperitoneal		Urine	1
29562	MTB1851	N-Deglucosidation	1 Step	MTB1851-B	1851	23815	(S)-Phenobarbital N-Glucoside		CC[C@]1(c2ccccc2)C(=O)NC(=O)N([C@@H]2O[C@H](CO)[C@@H](O)[C@H](O)[C@H]2O)C1=O	CC[C@]1(c2ccc(O)cc2)C(=O)NC(=O)N([C@@H]2O[C@H](CO)[C@@H](O)[C@H](O)[C@H]2O)C1=O		Mouse	Intraperitoneal		Urine	1
44686	MTB3166	Acetylcysteination | C-Desulfuration | N-Acetylcysteination	1 Step	MTB3166-E	3166	30340	2-((4-(3-Methoxypropoxy)-3-methylpyridine-2-yl)-methylsulfinyl)-1H-benzim+		COCCCOc1ccnc(CS(=O)c2nc3ccccc3[nH]2)c1C	CC(=O)N[C@@H](CSc1nc2ccccc2[nH]1)C(=O)O		Human	Oral	N-Acetylcysteine	Plasma | Urine | Feces	2
45432	MTB3235	C-Deamination | C-Desulfuration | C-Oxidation | Deamination | Desulfuration | Oxidative Deamination | S-Dealkylation	1 Step	MTB3235-P	3235	2086	S-(1,2-Dichlorovinyl)-L-cysteine	Pyruvic acid	N[C@@H](CS/C(Cl)=C\Cl)C(=O)O	CC(=O)C(=O)O	Cysteine-S-conjugate beta-Lyase | beta-Lyase	in vitro (Rat Stomach Mitochondria) | in vitro (Pig Kidney Proximal Tubule Cells, LLC-PK1) | in vitro (Pig Kidney Proximal Tubule LLC-PK1 Cells Expressing Human Gluta+ | in vitro (Calf Kidney Cortex Cytosol) | in vitro (Rat Kidney Cytosol) | Rat	Intravenous | Intraperitoneal		Plasma | Urine	5
49312	MTB3856	C-Desulfuration | C-Oxidation | Oxidative Deamination | Ring Opening	1 of 2	MTB3856-M	3856	28377	Thiabendazole		c1ccc2[nH]c(-c3cscn3)nc2c1	O=CC(=O)c1nc2ccccc2[nH]1		Mouse | Pig | in vitro (Rabbit Hepatocytes)	Oral		Liver	1
61403	MTB5735	C-Desulfuration | Desulfuration	1 Step	MTB5735-A	5735	2086	3-Mercaptopyruvic acid	Pyruvic acid	O=C(O)C(=O)CS	CC(=O)C(=O)O	3-Mercaptopyruvate Sulfurtransferase	in vitro (Human Erythrocytes, End-Stage Renal Disease Peritoneal Dialysis+ | in vitro (Mouse Liver Homogenate) | in vitro (Mouse Kidney Homogenate) | in vitro (Mouse Brain Homogenate) | in vitro (Rat Kidney Homogenate) | in vitro (Human Erythrocytes) | in vitro (Duck Heart) | in vitro (Duck Liver) | in vitro (Duck Brain) | in vitro (Rat Liver Homogenate)				6
89246	MTB10203	C-Desulfuration | Hydration | Hydrolysis | Ring Opening	2 of 2	MTB10203-M	66962	68978			COC(=O)[C@H](c1ccccc1Cl)N1CCC2C(=CC(=O)S2=O)C1	COC(=O)[C@H](c1ccccc1Cl)N1CCC(O)/C(=C\C(=O)O)C1		in vitro (Human Liver Microsomes)				1
2533	MTB172	Aromatic Deamination | Deamination	1 Step	MTB172-M	172	803	Sulfadimidine	N-(4,6-Dimethyl-2-pyrimidyl)benzenesulfonamide	Cc1cc(C)nc(NS(=O)(=O)c2ccc(N)cc2)n1	Cc1cc(C)nc(NS(=O)(=O)c2ccccc2)n1		Pig	Oral		Tissue | Blood | Liver | Skeletal Muscle | Kidney | Adipose	3
21277	MTB1359	Aromatic Deamination | C-Deamination | Deamination	1 of 2 | 1 of 3	MTB1359-E | MTB1359-F	1359	1565	Benzidine	4-Aminobiphenyl	Nc1ccc(-c2ccc(N)cc2)cc1	Nc1ccc(-c2ccccc2)cc1		Human			Urine	2
21279	MTB1359	Aromatic Deamination | C-Deamination | Deamination	2 of 2	MTB1359-U	1360	1566	N-Acetylbenzidine	N-Acetyl-4-aminobiphenyl	CC(=O)Nc1ccc(-c2ccc(N)cc2)cc1	CC(=O)Nc1ccc(-c2ccccc2)cc1		Human | Mouse			Urine	2
28938	MTB1812	Aromatic Deamination | Decarboxylation | Dehydration | Oxidation | Ring Closure	1 Step	MTB1812-BG	1812	23704	Tryptophan		N[C@@H](Cc1c[nH]c2ccccc12)C(=O)O	O=C(O)c1cc(O)c2ccccc2n1		in vitro (Saccharomyces carlsbergensis)				1
28940	MTB1812	Aromatic Deamination | Decarboxylation | Dehydration | Oxidation | Ring Closure	1 Step	MTB1812-BO	1812	13738	Tryptophan	Xanthurenic acid	N[C@@H](Cc1c[nH]c2ccccc12)C(=O)O	O=C(O)c1cc(O)c2cccc(O)c2n1		in vitro (Saccharomyces carlsbergensis)				1
18645	MTB1178	Aliphatic Deamination | Hydrolysis	2 of 4	MTB1178-G	17816	21610	Norfenfluramine		CC(N)Cc1cccc(C(F)(F)F)c1	CC(O)Cc1cccc(C(F)(F)F)c1		Human			Urine	1
32024	MTB1979	Aliphatic Deamination | C-Oxidation | O-Methylation	1 Step	MTB1979-A	1979	24594	Norepinephrine		NC[C@H](O)c1ccc(O)c(O)c1	COc1cc([C@@H](O)C(=O)O)ccc1O		Sheep	Intravenous; Subcutaneous		Urine	1
32027	MTB1979	Aliphatic Deamination | Aliphatic Hydroxylation | Aromatic Dehydroxylation	1 Step	MTB1979-D	1979	24593	Norepinephrine		NC[C@H](O)c1ccc(O)c(O)c1	OC[C@H](O)c1ccc(O)cc1		Sheep	Intravenous; Subcutaneous		Urine	1
38139	MTB2488	Aliphatic Deamination | C-Hydroxylation | Deamination | Nucleophilic Substitution | Oxidative N-Dealkylation	1 of 2	MTB2488-J	2488	16196	Fotemustine	2-Chloroethanol	CCOP(=O)(OCC)C(C)NC(=O)N(CCCl)N=O	OCCCl		Human	Intravenous		Plasma	2
38145	MTB2488	Aliphatic Deamination | C-Oxidation | N-Deacylation | N-Dealkylation | Ring Opening	4 of 5	MTB2488-I	32103	2829		Acetic acid	CCOP(=O)(OCC)C(C)N1C(=O)CNC1=O	CC(=O)O		Human	Intravenous		Urine	1
25661	MTB1650	Aliphatic Hydroxylation | Allylic Oxidation | C-Hydroxylation	1 of 2	MTB1650-J	1650	23097	2-Methoxy-4-(2-propenyl)phenol		C=CCc1ccc(O)c(OC)c1	C=CC(O)c1ccc(O)c(OC)c1		in vitro (Rat Liver Microsomes) | in vitro (Mouse Liver Microsomes) | in vitro (Human Liver Microsomes) | in vitro (Rat Lung Microsomes) | in vitro (Mouse Lung Microsomes) | in vitro (Human Lung Microsomes) | in vitro (Rat Liver S9 Fraction) | in vitro (Mouse Liver S9 Fraction) | in vitro (Human Liver S9 Fraction) | in vitro (Rat Lung S9 Fraction) | in vitro (Mouse Lung S9 Fraction) | in vitro (Human Lung S9 Fraction) | in vitro (Cattle Liver Microsomes) | Human	Oral	Glucuronide; Sulfate	Urine	4
35202	MTB2171	Aliphatic Hydroxylation | Aliphatic Peroxidation | Allylic Oxidation | C-Hydroxylation | C-Oxidation | Cyclization | Epoxidation | Hydrolysis | Isomerization | Oxidation | Peroxidation | Rearrangement | Ring Closure	1 of 2 | 1 of 3 | 1 of 3 | 1 of 3 | 1 of 2 | 1 of 2 | 1 of 3 | 1 of 4 | 1 of 4 | 1 of 4 | 1 of 4 | 1 of 4 | 1 of 4 | 1 of 3 | 1 of 3 | 1 of 2 | 1 of 2 | 1 of 2 | 1 of 3 | 1 of 4 | 1 of 3 | 1 of 2	MTB2171-HR | MTB2171-HS | MTB2171-HT | MTB2171-HU | MTB2171-HV | MTB2171-HW | MTB2171-HX | MTB2171-HY | MTB2171-HZ | MTB2171-IA | MTB2171-IB | MTB2171-IC | MTB2171-ID | MTB2171-IE | MTB2171-IF | MTB2171-IG | MTB2171-IH | MTB2171-II | MTB2171-IJ | MTB2171-IK | MTB2171-IL | MTB2171-IM	2171	2887	Arachidonic acid	(5Z,9alpha,11alpha,13E,15S)-9,11-Epidioxy-15-hydroxyprosta-5,13-dien-1-oi+	CCCCC/C=C\C/C=C\C/C=C\C/C=C\CCCC(=O)O	CCCCC[C@H](O)/C=C/[C@@H]1[C@@H](C/C=C\CCCC(=O)O)[C@@H]2C[C@H]1OO2	Cyclooxygenase (['COX-2']) | Cyclooxygenase (['COX-1']) | Cyclooxygenase | Cyclooxygenase (['COX-1', 'COX-2']) | Prostaglandin-H Synthase | Prostaglandin Synthase | Prostaglandin-G/H Synthase 2 | Prostaglandin-G2 Hydroperoxidase	in vitro (A549 Cells) | in vitro (Human Platelets) | in vitro (Mouse Macrophage Cells, RAW 264.7) | in vitro (Human Polymorphonuclear Leukocytes) | in vitro (Human Polymorphonuclear Leukocyte Homogenate) | in vitro (Human Lung Adenocarcinoma Cells, A549) | in vitro (Human Cells, U937) | in vitro (Human Monocytes) | in vitro (Human Lung Epithelium Cells, A549) | in vitro (Rabbit Platelets) | in vitro (Human Lung Epithelium Cells) | in vitro (Human Colon Adenocarcinoma Cells, HCA-7) | in vitro (Human Blood) | in vitro (Human Lung Carcinoma Cells, A549) | in vitro (Rat Keratinocytes) | in vitro (Human Breast Cancer Cells, MDA-MB-231) | in vitro (Cattle Oviduct Cells) | in vitro (Human Platelets and Human Polymorphonuclear Leukocytes) | in vitro (Lung Cancer Cells, A549) | in vitro (Human Platelet Homogenate) | in vitro (Rat Neutrophils) | in vitro (Human Colon Carcinoma Cells, HCA-7) | in vitro (Human Erythroleukemia Cells) | in vitro (Bovine Colon Epithelium Cells, Freshly Isolated) | in vitro (Bovine Colon Epithelium Cells, Cultured) | in vitro (Rat Brain Microglia) | in vitro (Human Platelet Microsomes) | in vitro (Human Leukemia Cells, HL-60) | in vitro (Mouse Macrophage Microsomes, mPGES-1(-/-)) | in vitro (Mouse Macrophage Microsomes, mPGES-1(+/+)) | in vitro (Human Fallopian Tube Microsomes) | in vitro (Human Fallopian Tubes) | in vitro (Human Fallopian Tube Lumen Epithelium) | in vitro (Human Fallopian Tube Smooth Muscle) | in vitro (Human Cell Microsomes, U937) | in vitro (Hamster Ovary Cells, Transfected) | in vitro (Rabbit Intestine Mucosa Microsomes) | in vitro (Rat Platelets) | Mouse | in vitro (Mouse Peritoneal Macrophages) | in vitro (Human Endothelial Cells, Cultured) | in vitro (Rat Mesangial Cells) | in vitro (Ram Seminal Vesicle Microsomes) | in vitro (Human Fibroblast Prostaglandin G/H Synthase 2) | in vitro (Rat Kidney Homogenate) | in vitro (Rabbit Kidney Medulla Microsomes)	Intraperitoneal		Peritoneal Lavage Fluid	45
101193	MTB12447	Allylic Oxidation	1 of 2	MTB12447-A	12447	55040	beta-Phellandrene		C=C1C=CC(C(C)C)CC1	C=C1C=CC(C(C)C)CC1=O		in vitro (Mouse Liver Microsomes)				1
101199	MTB12448	Allylic Oxidation	1 of 2	MTB12448-A	12448	55044	(R)-(-)-alpha-Phellandrene		CC1=CC[C@H](C(C)C)C=C1	CC1=CC(=O)[C@H](C(C)C)C=C1		in vitro (Mouse Liver Microsomes)				1
101205	MTB12449	Allylic Oxidation	1 of 2	MTB12449-A	12449	55048	alpha-Terpinene		CC1=CC=C(C(C)C)CC1	CC1=CC=C(C(C)C)C(=O)C1		in vitro (Mouse Liver Microsomes) | in vitro (Human Liver Microsomes)				1
35200	MTB2171	Aliphatic Peroxidation | C-Oxidation | Cyclization | Epoxidation | Isomerization | Peroxidation | Rearrangement | Ring Closure	1 of 3 | 1 of 4 | 1 of 4 | 1 of 4 | 1 of 3 | 1 of 3 | 1 of 4 | 1 of 5 | 1 of 5 | 1 of 5 | 1 of 5 | 1 of 5 | 1 of 5 | 1 of 4 | 1 of 4 | 1 of 3 | 1 of 3 | 1 of 3 | 1 of 4 | 1 of 5 | 1 of 4 | 1 of 3 | 1 of 3 | 1 of 3 | 1 of 3	MTB2171-BY | MTB2171-BZ | MTB2171-CA | MTB2171-CB | MTB2171-CC | MTB2171-CD | MTB2171-CE | MTB2171-CF | MTB2171-CG | MTB2171-CH | MTB2171-CI | MTB2171-CJ | MTB2171-CK | MTB2171-CL | MTB2171-CM | MTB2171-CN | MTB2171-CO | MTB2171-CP | MTB2171-CQ | MTB2171-CR | MTB2171-CS | MTB2171-CT | MTB2171-CU | MTB2171-CV | MTB2171-CW	2171	26072	Arachidonic acid		CCCCC/C=C\C/C=C\C/C=C\C/C=C\CCCC(=O)O	CCCCC[C@@H](/C=C/[C@@H]1[C@@H](C/C=C\CCCC(=O)O)[C@@H]2C[C@H]1OO2)OO	Cyclooxygenase (['COX-2']) | Cyclooxygenase (['COX-1']) | Cyclooxygenase	in vitro (Mouse Intestine Muscle, Postoperative Ileus-Induced) | in vitro (Rat Intestine Epithelium Cells Expressing Rat COX-2) | in vitro (Rat Seminal Vesicles) | in vitro (Ram Seminal Gland Microsomes) | in vitro (Human Colon Mucosa Microsomes) | in vitro (Human Colon Tumor Microsomes) | in vitro (Bovine Seminal Vesicle Microsomes) | in vitro (Human Platelets) | in vitro (Ram Seminal Vesicle Homogenate)				8
35202	MTB2171	Aliphatic Hydroxylation | Aliphatic Peroxidation | Allylic Oxidation | C-Hydroxylation | C-Oxidation | Cyclization | Epoxidation | Hydrolysis | Isomerization | Oxidation | Peroxidation | Rearrangement | Ring Closure	1 of 2 | 1 of 3 | 1 of 3 | 1 of 3 | 1 of 2 | 1 of 2 | 1 of 3 | 1 of 4 | 1 of 4 | 1 of 4 | 1 of 4 | 1 of 4 | 1 of 4 | 1 of 3 | 1 of 3 | 1 of 2 | 1 of 2 | 1 of 2 | 1 of 3 | 1 of 4 | 1 of 3 | 1 of 2	MTB2171-HR | MTB2171-HS | MTB2171-HT | MTB2171-HU | MTB2171-HV | MTB2171-HW | MTB2171-HX | MTB2171-HY | MTB2171-HZ | MTB2171-IA | MTB2171-IB | MTB2171-IC | MTB2171-ID | MTB2171-IE | MTB2171-IF | MTB2171-IG | MTB2171-IH | MTB2171-II | MTB2171-IJ | MTB2171-IK | MTB2171-IL | MTB2171-IM	2171	2887	Arachidonic acid	(5Z,9alpha,11alpha,13E,15S)-9,11-Epidioxy-15-hydroxyprosta-5,13-dien-1-oi+	CCCCC/C=C\C/C=C\C/C=C\C/C=C\CCCC(=O)O	CCCCC[C@H](O)/C=C/[C@@H]1[C@@H](C/C=C\CCCC(=O)O)[C@@H]2C[C@H]1OO2	Cyclooxygenase (['COX-2']) | Cyclooxygenase (['COX-1']) | Cyclooxygenase | Cyclooxygenase (['COX-1', 'COX-2']) | Prostaglandin-H Synthase | Prostaglandin Synthase | Prostaglandin-G/H Synthase 2 | Prostaglandin-G2 Hydroperoxidase	in vitro (A549 Cells) | in vitro (Human Platelets) | in vitro (Mouse Macrophage Cells, RAW 264.7) | in vitro (Human Polymorphonuclear Leukocytes) | in vitro (Human Polymorphonuclear Leukocyte Homogenate) | in vitro (Human Lung Adenocarcinoma Cells, A549) | in vitro (Human Cells, U937) | in vitro (Human Monocytes) | in vitro (Human Lung Epithelium Cells, A549) | in vitro (Rabbit Platelets) | in vitro (Human Lung Epithelium Cells) | in vitro (Human Colon Adenocarcinoma Cells, HCA-7) | in vitro (Human Blood) | in vitro (Human Lung Carcinoma Cells, A549) | in vitro (Rat Keratinocytes) | in vitro (Human Breast Cancer Cells, MDA-MB-231) | in vitro (Cattle Oviduct Cells) | in vitro (Human Platelets and Human Polymorphonuclear Leukocytes) | in vitro (Lung Cancer Cells, A549) | in vitro (Human Platelet Homogenate) | in vitro (Rat Neutrophils) | in vitro (Human Colon Carcinoma Cells, HCA-7) | in vitro (Human Erythroleukemia Cells) | in vitro (Bovine Colon Epithelium Cells, Freshly Isolated) | in vitro (Bovine Colon Epithelium Cells, Cultured) | in vitro (Rat Brain Microglia) | in vitro (Human Platelet Microsomes) | in vitro (Human Leukemia Cells, HL-60) | in vitro (Mouse Macrophage Microsomes, mPGES-1(-/-)) | in vitro (Mouse Macrophage Microsomes, mPGES-1(+/+)) | in vitro (Human Fallopian Tube Microsomes) | in vitro (Human Fallopian Tubes) | in vitro (Human Fallopian Tube Lumen Epithelium) | in vitro (Human Fallopian Tube Smooth Muscle) | in vitro (Human Cell Microsomes, U937) | in vitro (Hamster Ovary Cells, Transfected) | in vitro (Rabbit Intestine Mucosa Microsomes) | in vitro (Rat Platelets) | Mouse | in vitro (Mouse Peritoneal Macrophages) | in vitro (Human Endothelial Cells, Cultured) | in vitro (Rat Mesangial Cells) | in vitro (Ram Seminal Vesicle Microsomes) | in vitro (Human Fibroblast Prostaglandin G/H Synthase 2) | in vitro (Rat Kidney Homogenate) | in vitro (Rabbit Kidney Medulla Microsomes)	Intraperitoneal		Peritoneal Lavage Fluid	45
35213	MTB2171	Aliphatic Peroxidation | Isomerization | Peroxidation | Rearrangement	1 of 3 | 1 of 5	MTB2171-AG | MTB2171-AH	2171	43195	Arachidonic acid	15(R)-HPETE	CCCCC/C=C\C/C=C\C/C=C\C/C=C\CCCC(=O)O	CCCCC[C@H](/C=C/C=C\C/C=C\C/C=C\CCCC(=O)O)OO	15-Lipoxygenase | 15-Lipoxygenase (['15-LOX-1']) | Cyclooxygenase (['COX-2']) | 12S-Lipoxygenase	in vitro (Human Monocytes) | in vitro (Mouse Macrophage RAW 264.7 Cells Expressing Human 15-LOX-1) | in vitro (Rat Intestine Epithelium Cells Expressing Rat COX-2) | in vitro (HEK 293 Cells Expressing Mouse Leukocyte (12S)-Lypoxygenase) | in vitro (HEK 293 Cells Expressing Mouse Platelet (12S)-Lypoxygenase) | in vitro (HEK 293 Cells Expressing Mouse Skin (12S)-Lypoxygenase)				3
35224	MTB2171	Aliphatic Peroxidation | Isomerization | Peroxidation | Rearrangement	1 of 3 | 1 of 3 | 1 of 3 | 1 of 5 | 1 of 3 | 1 of 2	MTB2171-IW | MTB2171-IX | MTB2171-IY | MTB2171-IZ | MTB2171-JA | MTB2171-JB	2171	10417	Arachidonic acid	15(S)-HPETE	CCCCC/C=C\C/C=C\C/C=C\C/C=C\CCCC(=O)O	CCCCC[C@@H](/C=C/C=C\C/C=C\C/C=C\CCCC(=O)O)OO	15-Lipoxygenase | 15-Lipoxygenase (['15-LOX-1']) | Cyclooxygenase (['COX-2']) | 12S-Lipoxygenase | Lipoxygenase	in vitro (Human Neutrophil Homogenate) | in vitro (Human Polymorphonuclear Leukocytes) | in vitro (Human Polymorphonuclear Leukocyte Homogenate) | in vitro (Human Monocytes) | in vitro (Human Blood) | in vitro (Human Platelets) | in vitro (Mouse Macrophage RAW 264.7 Cells Expressing Human 15-LOX-1) | in vitro (Rat Intestine Epithelium Cells Expressing Rat COX-2) | in vitro (Rabbit Aorta Microsomes and 15-Lipoxygenase) | in vitro (Rabbit Liver Microsomes and 15-Lipoxygenase) | in vitro (Rabbit Aorta Homogenate) | in vitro (Rabbit Aorta Homogenate and Leukocyte 12-Lipoxygenase) | in vitro (Rabbit Aorta Microsomes and Leukocyte 12-Lipoxygenase) | in vitro (HEK 293 Cells Expressing Mouse Leukocyte (12S)-Lypoxygenase) | in vitro (HEK 293 Cells Expressing Mouse Platelet (12S)-Lypoxygenase) | in vitro (HEK 293 Cells Expressing Mouse Skin (12S)-Lypoxygenase) | in vitro (Rat Hepatocytes) | in vitro (Human Bronchiole Epithelium Cells)				11
35510	MTB2171	Aliphatic Peroxidation | Peroxidation	1 Step	MTB2171-JS	2171	60093	Arachidonic acid		CCCCC/C=C\C/C=C\C/C=C\C/C=C\CCCC(=O)O	CCCCC/C=C\C/C=C\C/C=C\C/C=C(\CCCC(=O)O)OO	5-Lipoxygenase	in vitro (Mouse Tumor Homogenate, Human Glioma U87 cells Inoculated)				1
41611	MTB2869	C-Deformylation	3 of 3 | 4 of 4 | 5 of 5 | 4 of 4 | 3 of 3	MTB2869-C | MTB2869-F | MTB2869-J | MTB2869-N | MTB2869-T	3985	4068	Glyoxylic acid	Formic acid	O=CC(=O)O	O=CO		in vitro (Rat Liver Slices) | in vitro (Rabbit Liver Slices) | in vitro (Human Liver Slices)				1
43889	MTB3050	C-Deformylation	2 of 3	MTB3050-A	17994	10764		Acridine	O=Cc1c2ccccc2nc2ccccc12	c1ccc2nc3ccccc3cc2c1	Myeloperoxidase	in vitro (Human Neutrophils)				1
92127	MTB10767	C-Deformylation	2 of 2	MTB10767-A	3985	4068	Glyoxylic acid	Formic acid	O=CC(=O)O	O=CO		in vitro (Rabbit Liver Slices) | in vitro (Rat Liver Slices) | in vitro (Human Liver Slices)				1
94028	MTB11141	C-Deacylation | C-Deformylation | Dehydrogenation	3 of 3	MTB11141-J	52774	59473			CC(C)(C=O)c1ccc(CN(Cc2cccc(OCC(=O)O)c2)S(=O)(=O)c2cccnc2)cc1	C=C(C)c1ccc(CN(Cc2cccc(OCC(=O)O)c2)S(=O)(=O)c2cccnc2)cc1	Cytochrome P450 (['CYP3A4', 'CYP3A5', 'CYP2C8'])	in vitro (Human Liver Microsomes)				1
94030	MTB11141	Aliphatic Hydroxylation | C-Deacylation | C-Deformylation | C-Hydroxylation	3 of 3	MTB11141-K	52774	59472			CC(C)(C=O)c1ccc(CN(Cc2cccc(OCC(=O)O)c2)S(=O)(=O)c2cccnc2)cc1	CC(C)(O)c1ccc(CN(Cc2cccc(OCC(=O)O)c2)S(=O)(=O)c2cccnc2)cc1	Cytochrome P450 (['CYP3A5', 'CYP2C8'])	in vitro (Human Liver Microsomes)				1
81301	MTB8809	Deglucosidation | Deglycosidation | Hydrolysis | O-Deglucosidation | O-Deglycosidation	3 of 5 | 3 of 5 | 3 of 4 | 2 of 4 | 2 of 4 | 2 of 3	MTB8809-G | MTB8809-H | MTB8809-I | MTB8809-AN | MTB8809-AO | MTB8809-AP	11475	11941	Ginsenoside Rg3	Ginsenoside Rh2	CC(C)=CCC[C@](C)(O)[C@H]1CC[C@]2(C)[C@@H]1[C@H](O)C[C@@H]1[C@@]3(C)CC[C@H](O[C@@H]4O[C@H](CO)[C@@H](O)[C@H](O)[C@H]4O[C@@H]4O[C@H](CO)[C@@H](O)[C@H](O)[C@H]4O)C(C)(C)[C@@H]3CC[C@]12C	CC(C)=CCC[C@](C)(O)[C@H]1CC[C@]2(C)[C@@H]1[C@H](O)C[C@@H]1[C@@]3(C)CC[C@H](O[C@@H]4O[C@H](CO)[C@@H](O)[C@H](O)[C@H]4O)C(C)(C)[C@@H]3CC[C@]12C		Human | Rat | Fish	Oral | Aqueous Uptake | Intravenous		Feces | Urine | Plasma | Whole Body	4
127780	MTB17048	Deglucosidation | Hydrolysis | O-Deglucosidation | O-Deglycosidation	3 of 4 | 3 of 4 | 3 of 4 | 3 of 4 | 3 of 4 | 3 of 4	MTB17048-B | MTB17048-C | MTB17048-D | MTB17048-I | MTB17048-J | MTB17048-K	55309	5509		Diosgenin	C[C@@H]1CC[C@@]2(OC1)O[C@H]1C[C@H]3[C@@H]4CC=C5C[C@@H](O[C@@H]6O[C@H](CO)[C@@H](O)[C@H](O)[C@H]6O)CC[C@]5(C)[C@H]4CC[C@]3(C)[C@H]1[C@@H]2C	C[C@@H]1CC[C@@]2(OC1)O[C@H]1C[C@H]3[C@@H]4CC=C5C[C@@H](O)CC[C@]5(C)[C@H]4CC[C@]3(C)[C@H]1[C@@H]2C		Rat	Oral		Feces | Urine | Plasma	2
128704	MTB17206	Deglycosidation | O-Deglucosidation	1 of 3 | 1 of 2 | 1 of 2 | 1 of 2	MTB17206-B | MTB17206-C | MTB17206-D | MTB17206-E	17206	75689	Timosaponin AIII		C[C@H]1CC[C@@]2(OC1)O[C@H]1C[C@H]3[C@@H]4CC[C@@H]5C[C@@H](O[C@@H]6O[C@H](CO)[C@H](O)[C@H](O)[C@H]6O[C@@H]6O[C@H](CO)[C@@H](O)[C@H](O)[C@H]6O)CC[C@]5(C)[C@H]4CC[C@]3(C)[C@H]1[C@@H]2C	C[C@H]1CC[C@@]2(OC1)O[C@H]1C[C@H]3[C@@H]4CC[C@@H]5C[C@@H](O[C@@H]6O[C@H](CO)[C@H](O)[C@H](O)[C@H]6O)CC[C@]5(C)[C@H]4CC[C@]3(C)[C@H]1[C@@H]2C		Rat | in vitro (Rat Liver Microsomes)	Oral		Feces | Urine | Heart | Plasma | Brain | Liver | Spleen | Lung | Kidney	2
129591	MTB17281	Hydrolysis | O-Deglucosidation	4 of 5 | 4 of 5 | 4 of 5 | 4 of 5 | 4 of 5 | 4 of 5	MTB17281-C | MTB17281-D | MTB17281-K | MTB17281-L | MTB17281-O | MTB17281-P	55309	5509		Diosgenin	C[C@@H]1CC[C@@]2(OC1)O[C@H]1C[C@H]3[C@@H]4CC=C5C[C@@H](O[C@@H]6O[C@H](CO)[C@@H](O)[C@H](O)[C@H]6O)CC[C@]5(C)[C@H]4CC[C@]3(C)[C@H]1[C@@H]2C	C[C@@H]1CC[C@@]2(OC1)O[C@H]1C[C@H]3[C@@H]4CC=C5C[C@@H](O)CC[C@]5(C)[C@H]4CC[C@]3(C)[C@H]1[C@@H]2C		Rat	Oral		Plasma | Feces	1
130465	MTB17426	Hydrolysis | O-Deglucosidation	1 of 2 | 1 of 2	MTB17426-B | MTB17426-C	17426	2805	Tilianin	Acacetin	COc1ccc(-c2cc(=O)c3c(O)cc(O[C@@H]4O[C@H](CO)[C@@H](O)[C@H](O)[C@H]4O)cc3o2)cc1	COc1ccc(-c2cc(=O)c3c(O)cc(O)cc3o2)cc1	Lactase Phlorizin Hydrolase	in vitro (Rat Intestine Perfusion)			Bile | Perfusate | Mucosa | Plasma	1
94309	MTB11183	C-Oxidation | Deboronation | Oxidative Deboronation	1 of 3	MTB11183-A	11183	50844	Velcade		CC(C)C[C@H](NC(=O)[C@H](Cc1ccccc1)NC(=O)c1cnccn1)B(O)O	CC(C)CC(O)NC(=O)[C@H](Cc1ccccc1)NC(=O)c1cnccn1	Cytochrome P450 (['CYP3A4', 'CYP2C19', 'CYP1A2', 'CYP2C9', 'CYP2D6', 'CYP2E1'])	in vitro (Human Liver S9 Fraction) | in vitro (Human)				2
94317	MTB11183	Oxidative Deboronation	1 of 2 | 1 of 2 | 1 of 3 | 1 of 3 | 1 of 2	MTB11183-Z | MTB11183-AA | MTB11183-AB | MTB11183-AC | MTB11183-AD	11183	11699	Velcade	Pyrazine-2-carboxylic acid ((1S)-1-((1S)-1-hydroxy-3-methylbutylcarbamoyl+	CC(C)C[C@H](NC(=O)[C@H](Cc1ccccc1)NC(=O)c1cnccn1)B(O)O	CC(C)C[C@H](O)NC(=O)[C@H](Cc1ccccc1)NC(=O)c1cnccn1	Cytochrome P450 (['CYP3A4', 'CYP2C19', 'CYP1A2', 'CYP2D6', 'CYP2C9'])	in vitro (Human Liver Microsomes) | Human	Intravenous		Plasma	1
94327	MTB11183	Oxidative Deboronation	1 of 2 | 1 of 2 | 1 of 2 | 1 of 3	MTB11183-K | MTB11183-L | MTB11183-M | MTB11183-N	11183	11698	Velcade	Pyrazine-2-carboxylic acid ((1S)-1-((1R)-1-hydroxy-3-methylbutylcarbamoyl+	CC(C)C[C@H](NC(=O)[C@H](Cc1ccccc1)NC(=O)c1cnccn1)B(O)O	CC(C)C[C@@H](O)NC(=O)[C@H](Cc1ccccc1)NC(=O)c1cnccn1	Cytochrome P450 (['CYP1A2', 'CYP2C9', 'CYP2D6', 'CYP3A4', 'CYP2C19'])	in vitro (Human Liver Microsomes) | Human	Intravenous		Plasma	1
94343	MTB11183	Oxidative Deboronation	1 Step	MTB11183-AE	11183	52397	Velcade		CC(C)C[C@H](NC(=O)[C@H](Cc1ccccc1)NC(=O)c1cnccn1)B(O)O	CC(C)CC(=O)NC(=O)[C@H](Cc1ccccc1)NC(=O)c1cnccn1		in vitro (Human Liver Microsomes)				1
120206	MTB15899	Oxidative Deboronation	1 of 2 | 1 of 3 | 1 of 2 | 1 of 3 | 1 of 3 | 1 of 2	MTB15899-B | MTB15899-C | MTB15899-D | MTB15899-E | MTB15899-F | MTB15899-G	15899	68254	AN 6414		CC(C)OCCOc1nc(Oc2ccc3c(c2)COB3O)c(Cl)cc1C#N	CC(C)OCCOc1nc(Oc2ccc(O)c(CO)c2)c(Cl)cc1C#N		Rat	Oral		Plasma	1
12619	MTB778	Oxidation | P-Dealkylation | P-Hydroxylation	1 Step	MTB778-A	778	20555	(RS)-2-Methoxy-3-(octadecylcarbamoyloxy)propyl 2-(3-thiazolio)ethyl phosp+		CCCCCCCCCCCCCCCCCCNC(=O)OCC(COP(=O)([O-])OCC[n+]1ccsc1)OC	COC(COC(=O)NCCCCCCCCCCCCCCCCCC(=O)O)COP(=O)(O)O		Rat | Dog	Intravenous		Urine	1
12620	MTB778	Decarboxylation | Oxidation | P-Dealkylation | P-Hydroxylation	1 Step	MTB778-B	778	20554	(RS)-2-Methoxy-3-(octadecylcarbamoyloxy)propyl 2-(3-thiazolio)ethyl phosp+		CCCCCCCCCCCCCCCCCCNC(=O)OCC(COP(=O)([O-])OCC[n+]1ccsc1)OC	COC(COC(=O)NCC(=O)O)COP(=O)(O)O		Rat | Dog	Intravenous		Urine	1
62933	MTB5967	P-Desulfuration | P-Hydroxylation	3 of 3 | 4 of 4	MTB5967-A | MTB5967-B	57993	46442			CCOP(=O)(S)OCC	CCOP(=O)(O)OCC		Rat	Oral | Dermal		Urine	1
84552	MTB9303	Hydrolysis | P-Desulfuration | P-Hydroxylation	1 of 3	MTB9303-C	9303	45214	Profenofos		CCCSP(=O)(OCC)Oc1ccc(Br)cc1Cl	CCOP(=O)(O)Oc1ccc(Br)cc1Cl		Human | in vitro (Human Liver Microsomes)	Occupational Exposure | Oral		Urine | Plasma	2
87111	MTB9835	Oxidative Desulfuration | P-Desulfuration | P-Hydroxylation	3 of 3	MTB9835-B	34098	34096			COP(=O)(S)OC	COP(=O)(O)OC		Rat | Human (Female, Pregnant)	Oral | Dermal | Environmental Exposure		Urine	2
27798	MTB1751	Electron Uptake | Protonation	1 Step	MTB1751-C	1751	23534	3-Amino-1,2,4-benzotriazine 1,4-dioxide		Nc1n[n+]([O-])c2ccccc2[n+]1[O-]	NC1=NN([O-])c2ccccc2N1O		in vitro (Rat Liver Microsomes)				1
123936	MTB16456	Protonation	2 of 2	MTB16456-A	71264	71265			CC1(C)Sc2c(c([C-](c3c4c(c(C(=O)OCCC[N+](C)(C)C)c5c3SC(C)(C)S5)SC(C)(C)S4)c3c4c(c(C(=O)OCCC[N+](C)(C)C)c5c3SC(C)(C)S5)SC(C)(C)S4)c3c(c2C(=O)OCCC[N+](C)(C)C)SC(C)(C)S3)S1	CC1(C)Sc2c(c(C(c3c4c(c(C(=O)OCCC[N+](C)(C)C)c5c3SC(C)(C)S5)SC(C)(C)S4)c3c4c(c(C(=O)OCCC[N+](C)(C)C)c5c3SC(C)(C)S5)SC(C)(C)S4)c3c(c2C(=O)OCCC[N+](C)(C)C)SC(C)(C)S3)S1		in vitro (Rat Liver Microsomes, Anaerobic Conditions)				1
123939	MTB16457	Protonation	2 of 2	MTB16457-A	71266	71267			CC1(C)Sc2c(c([C-](c3c4c(c(C(=O)OCCCS(=O)(=O)O)c5c3SC(C)(C)S5)SC(C)(C)S4)c3c4c(c(C(=O)OCCCS(=O)(=O)O)c5c3SC(C)(C)S5)SC(C)(C)S4)c3c(c2C(=O)OCCCS(=O)(=O)O)SC(C)(C)S3)S1	CC1(C)Sc2c(c(C(c3c4c(c(C(=O)OCCCS(=O)(=O)O)c5c3SC(C)(C)S5)SC(C)(C)S4)c3c4c(c(C(=O)OCCCS(=O)(=O)O)c5c3SC(C)(C)S5)SC(C)(C)S4)c3c(c2C(=O)OCCCS(=O)(=O)O)SC(C)(C)S3)S1		in vitro (Rat Liver Microsomes, Anaerobic Conditions)				1
130237	MTB17391	Aromatization | Protonation	2 of 2	MTB17391-A	76787	76788			N[C@@H](CCC(=O)N[C@@H](CSC(=C=C1[N-]C=CC=C1F)c1cccc([C@H]2NC(=O)O[C@@H]2c2ccc(F)cc2)n1)C(=O)NCC(=O)O)C(=O)O	N[C@@H](CCC(=O)N[C@@H](CS/C(=C\c1ncccc1F)c1cccc([C@H]2NC(=O)O[C@@H]2c2ccc(F)cc2)n1)C(=O)NCC(=O)O)C(=O)O		in vitro (Human Liver Microsomes) | in vitro (Human Liver Cytosol) | in vitro (Rat Liver Microsomes) | in vitro (Rat Liver Cytosol)		Glutathione		1
130239	MTB17391	Aromatization | Protonation	2 of 2	MTB17391-B	76787	76789			N[C@@H](CCC(=O)N[C@@H](CSC(=C=C1[N-]C=CC=C1F)c1cccc([C@H]2NC(=O)O[C@@H]2c2ccc(F)cc2)n1)C(=O)NCC(=O)O)C(=O)O	N[C@@H](CCC(=O)N[C@@H](CS/C(=C/c1ncccc1F)c1cccc([C@H]2NC(=O)O[C@@H]2c2ccc(F)cc2)n1)C(=O)NCC(=O)O)C(=O)O		in vitro (Human Liver Microsomes) | in vitro (Human Liver Cytosol) | in vitro (Rat Liver Microsomes) | in vitro (Rat Liver Cytosol)		Glutathione		1
2474	MTB168	Lactosidation	1 Step	MTB168-C	168	28760	Sulfaquinoxaline		Nc1ccc(S(=O)(=O)Nc2cnc3ccccc3n2)cc1	O=S(=O)(Nc1cnc2ccccc2n1)c1ccc(N[C@@H]2O[C@H](CO)[C@@H](O[C@@H]3O[C@H](CO)[C@H](O)[C@H](O)[C@H]3O)[C@H](O)[C@H]2O)cc1		Cow	Oral	N-Lactoside	Milk	1
2504	MTB171	Lactosidation	1 Step	MTB171-D	171	28759	Sulfadimethoxine		COc1cc(NS(=O)(=O)c2ccc(N)cc2)nc(OC)n1	COc1cc(NS(=O)(=O)c2ccc(N[C@@H]3O[C@H](CO)[C@@H](O[C@@H]4O[C@H](CO)[C@H](O)[C@H](O)[C@H]4O)[C@H](O)[C@H]3O)cc2)nc(OC)n1		Cow	Oral	N-Lactoside	Milk	1
2529	MTB172	Lactosidation	1 Step	MTB172-I	172	28754	Sulfadimidine		Cc1cc(C)nc(NS(=O)(=O)c2ccc(N)cc2)n1	Cc1cc(C)nc(NS(=O)(=O)c2ccc(N[C@@H]3O[C@H](CO)[C@@H](O[C@@H]4O[C@H](CO)[C@H](O)[C@H](O)[C@H]4O)[C@H](O)[C@H]3O)cc2)n1		Cow	Oral | Intravenous	N-Lactoside	Milk | Blood	1
2537	MTB175	Lactosidation	1 Step	MTB175-A	175	28757	Sulfamerazine		Cc1ccnc(NS(=O)(=O)c2ccc(N)cc2)n1	Cc1ccnc(NS(=O)(=O)c2ccc(N[C@@H]3O[C@H](CO)[C@@H](O[C@@H]4O[C@H](CO)[C@H](O)[C@H](O)[C@H]4O)[C@H](O)[C@H]3O)cc2)n1		Cow	Oral	N-Lactoside	Milk	1
2581	MTB183	Lactosidation	1 Step	MTB183-A	183	28756	Sulfapyridine		Nc1ccc(S(=O)(=O)Nc2ccccn2)cc1	O=S(=O)(Nc1ccccn1)c1ccc(N[C@@H]2O[C@H](CO)[C@@H](O[C@@H]3O[C@H](CO)[C@H](O)[C@H](O)[C@H]3O)[C@H](O)[C@H]2O)cc1		Cow	Oral	N-Lactoside	Milk	1
3822	MTB251	S-Hydroxylation	1 of 5 | 1 of 5 | 1 of 4 | 1 of 5 | 1 of 5 | 1 of 4 | 1 of 4 | 1 of 5 | 1 of 4 | 1 of 4	MTB251-AP | MTB251-AQ | MTB251-AR | MTB251-AS | MTB251-AT | MTB251-AU | MTB251-AV | MTB251-AW | MTB251-AX | MTB251-AY	251	42757	Thioridazine		CSc1ccc2c(c1)N(CCC1CCCCN1C)c1ccccc1S2	CN1CCCCC1CCN1c2ccccc2Sc2ccc([SH](C)O)cc21		in vitro (Rat Liver Microsomes)				1
52367	MTB4314	S-Hydroxylation | Tautomerization	1 of 2 | 1 of 2 | 1 of 3	MTB4314-A | MTB4314-B | MTB4314-C	4314	29575	Benzimidazoline-2-thione		S=c1[nH]c2ccccc2[nH]1	OSc1nc2ccccc2[nH]1	Flavoprotein-Linked Monooxygenase	in vitro (Rat Liver Microsomes)				1
52376	MTB4316	S-Hydroxylation | Tautomerization	1 of 3 | 1 of 2 | 1 of 2	MTB4316-A | MTB4316-B | MTB4316-C	4316	29578	1-Methylbenzimidazoline-2-thione		Cn1c(=S)[nH]c2ccccc21	Cn1c(SO)nc2ccccc21	Cytochrome P450 | Flavoprotein-Linked Monooxygenase	in vitro (Rat Liver Microsomes)				1
88201	MTB9997	S-Hydroxylation | S-Oxidation	1 of 2 | 1 of 2 | 1 of 3 | 1 of 2	MTB9997-B | MTB9997-C | MTB9997-D | MTB9997-E	9997	47492	(Sodium Borocaptate=Disodium Salt)		SB1BBBBBBBBBBB1	OSB1BBBBBBBBBBB1		Human	Intravenous		Urine	1
98108	MTB11951	C-Oxidation | Ring Opening | S-Hydroxylation	1 of 2	MTB11951-B	11951	63479	R 95913		O=C1C=C2CN(C(C(=O)C3CC3)c3ccccc3F)CCC2S1	O=C(O)/C=C1/CN(C(C(=O)C2CC2)c2ccccc2F)CCC1SO	Cytochrome P450 (['CYP3A4', 'CYP2B6', 'CYP2C9', 'CYP2C19'])	in vitro (Human Liver Microsomes)				1
7911	MTB552	Aromatic Thiolation	1 of 3 | 1 of 3 | 1 of 4 | 1 of 3	MTB552-EY | MTB552-EZ | MTB552-FA | MTB552-FB	552	22943	Paracetamol		CC(=O)Nc1ccc(O)cc1	CC(=O)Nc1ccc(O)c(S)c1	Cytochrome P450 (['CYP1A1'])	Human | in vitro (Rat Liver Microsomes) | in vitro (Rat Cytochrome P4501A1) | in vitro (Mouse Liver Microsomes) | in vitro (Rabbit Liver Microsomes)	Intravenous | Oral	Glutathione	Plasma; Urine	4
9527	MTB686	Aromatic Thiolation	1 of 3	MTB686-FI	686	42593	Bromobenzene		Brc1ccccc1	Sc1ccc(Br)cc1		Rat	Intragastric		Urine	1
58342	MTB5262	Aromatic Thiolation | Thiolation	2 of 2	MTB5262-D	51569	51572			CSc1cccc(Br)c1Br	CSc1cc(S)cc(Br)c1Br		Rat	Intraperitoneal		Urine	1
58344	MTB5262	Aromatic Thiolation | S-Alkylation | Thiolation	1 Step	MTB5262-E	5262	51570	o-Dibromobenzene		Brc1ccccc1Br	CCSc1cccc(Br)c1Br		Rat	Intraperitoneal		Urine	1
79358	MTB8549	Aromatic Thiolation	1 of 2	MTB8549-E	8549	42734	1,3-Dimethylnaphthalene		Cc1cc(C)c2ccccc2c1	Cc1cc(C)c2c(S)cccc2c1		Rat	Intraperitoneal		Urine	1
8234	MTB563	Aromatization | Isomerization | S-Alkylation | S-Dealkylation | S-Methylation | Transalkylation	1 of 2 | 1 of 4 | 1 of 4	MTB563-BL | MTB563-BM | MTB563-BN	563	25479	(Azathioprine=1H-Tautomer)	6-Methylthiopurine	Cn1cnc([N+](=O)[O-])c1Sc1ncnc2[nH]cnc12	CSc1ncnc2[nH]cnc12		Human (Inflammatory Bowel Disease Patients) | Human			Red Blood Cells | Erythrocytes	2
9322	MTB666	Transalkylation	1 Step	MTB666-CS	666	1112	Ifosfamide	Cyclophosphamide	O=P1(NCCCl)OCCCN1CCCl	O=P1(N(CCCl)CCCl)NCCCO1		Human	Infusion		Urine	1
36207	MTB2253	Transalkylation	1 Step	MTB2253-CB	2253	5708	3,4-(Methylenedioxy)methamphetamine	3,4-Methylenedioxyethylamphetamine	CNC(C)Cc1ccc2c(c1)OCO2	CCNC(C)Cc1ccc2c(c1)OCO2		Human (Drug Addict)			Hair	1
67909	MTB6720	S-Alkylation | S-Methylation | Transalkylation	4 of 4	MTB6720-A	25636	7288		Tetrachloro-1,4-bis(methylthio)benzene	CSc1c(Cl)c(Cl)c(SC[C@H](NC(=O)CC[C@H](N)C(=O)O)C(=O)NCC(=O)O)c(Cl)c1Cl	CSc1c(Cl)c(Cl)c(SC)c(Cl)c1Cl		Mouse	Intravenous		Blood | Liver	1
71675	MTB7286	S-Methylation | Transalkylation	4 of 4	MTB7286-B	25636	7288		Tetrachloro-1,4-bis(methylthio)benzene	CSc1c(Cl)c(Cl)c(SC[C@H](NC(=O)CC[C@H](N)C(=O)O)C(=O)NCC(=O)O)c(Cl)c1Cl	CSc1c(Cl)c(Cl)c(SC)c(Cl)c1Cl		Rat | in vitro (Bovine Blood)	Intravenous | Intraperitoneal		Liver | Blood	1
37194	MTB2345	Amination | C-Amination | Deoxygenation | Hydrogenation | Reduction | Reductive Amination | Transamination	1 Step	MTB2345-E	2345	2085	alpha-Ketoglutaric acid	L-Glutamic acid	O=C(O)CCC(=O)C(=O)O	N[C@@H](CCC(=O)O)C(=O)O	Tyrosine Aminotransferase | Alanine Aminotransferase | Aspartate Aminotransferase | Glutamate Dehydrogenase | Glutamic-Oxaloacetic Transaminase | Glutamic-Pyruvic Transaminase | Glutamate Dehydrogenase (NAD+)	in vitro (Calf Liver Cytosol) | in vitro (Rat Serum) | in vitro (LLC-PK1 Cell Lysate) | in vitro (LLC-PK1 Cells Expressing Rat Mitochondrial Aspartate Aminotrans+ | in vitro (Rat Pancreas Islet Homogenate) | in vitro (Rat Liver Mitochondria) | in vitro (Rat Plasma) | in vitro (Human Neuroblastoma Cells, SH-SY5Y) | in vitro (Rat Kidney Cells, NRK-52E) | in vitro (Mouse Serum) | in vitro (Rat Cells, PC-12) | in vitro (Rabbit Liver Mitochondria) | in vitro (Rabbit Hepatocytes) | in vitro (Rat Pancreas Islet Cell Homogenate) | in vitro (Rat Kidney Tubules) | in vitro (Rat Urine)				13
55589	MTB4839	Reductive Amination	1 Step	MTB4839-B	4839	2310	4-Hydroxyphenylpyruvic acid	Tyrosine	O=C(O)C(=O)Cc1ccc(O)cc1	N[C@@H](Cc1ccc(O)cc1)C(=O)O	Tyrosine Aminotransferase	in vitro (Rat Liver Cytosol)				1
74260	MTB7722	Amination | Reduction | Reductive Amination	2 of 2	MTB7722-A	39978	39489			N=C(NCCCC(=O)C(=O)O)N[N+](=O)[O-]	N=C(NCCC[C@H](N)C(=O)O)N[N+](=O)[O-]	Transaminase	Dog | Rat | in vitro (Rat Kidney Homogenate)	Intravenous		Plasma	3
78916	MTB8487	Aromatization | Phosphorylation | Reductive Amination	5 of 6	MTB8487-B	2104	4731	IMP	ADP	O=c1[nH]cnc2c1ncn2[C@@H]1O[C@H](COP(=O)(O)O)[C@@H](O)[C@H]1O	Nc1ncnc2c1ncn2[C@@H]1O[C@H](COP(=O)(O)OP(=O)(O)O)[C@@H](O)[C@H]1O		in vitro (Human Hepatoblastoma Hep G2 Cells) | in vitro (Human Peripheral Blood Mononuclear Cells) | in vitro (Human Hepatocytes)				1
102609	MTB12674	Reductive Amination	2 of 3 | 3 of 4	MTB12674-I | MTB12674-Y	55907	55908			O=C(O)[C@@H](O)c1ccccc1Cl	N[C@H](C(=O)O)c1ccccc1Cl		Mouse | Rat | Rabbit | Dog | Human	Oral		Urine	2
94309	MTB11183	C-Oxidation | Deboronation | Oxidative Deboronation	1 of 3	MTB11183-A	11183	50844	Velcade		CC(C)C[C@H](NC(=O)[C@H](Cc1ccccc1)NC(=O)c1cnccn1)B(O)O	CC(C)CC(O)NC(=O)[C@H](Cc1ccccc1)NC(=O)c1cnccn1	Cytochrome P450 (['CYP3A4', 'CYP2C19', 'CYP1A2', 'CYP2C9', 'CYP2D6', 'CYP2E1'])	in vitro (Human Liver S9 Fraction) | in vitro (Human)				2
94313	MTB11183	Deboronation | N-Oxidation	1 of 3 | 1 of 3 | 1 of 4 | 1 of 4 | 1 of 3 | 1 of 3 | 1 of 3 | 1 of 3 | 1 of 4	MTB11183-B | MTB11183-C | MTB11183-D | MTB11183-E | MTB11183-F | MTB11183-G | MTB11183-H | MTB11183-I | MTB11183-J	11183	60184	Velcade		CC(C)C[C@H](NC(=O)[C@H](Cc1ccccc1)NC(=O)c1cnccn1)B(O)O	CC(C)C/C=N\C(=O)[C@H](Cc1ccccc1)NC(=O)c1cnccn1	Cytochrome P450	Human (Cancer Patients)	Percutaneous		Plasma	1
94315	MTB11183	Deboronation | Peroxidation	1 of 3 | 1 of 3 | 1 of 4 | 1 of 4 | 1 of 3	MTB11183-O | MTB11183-P | MTB11183-Q | MTB11183-R | MTB11183-S	11183	54873	Velcade		CC(C)C[C@H](NC(=O)[C@H](Cc1ccccc1)NC(=O)c1cnccn1)B(O)O	CC(C)C[C@@H](NC(=O)[C@H](Cc1ccccc1)NC(=O)c1cnccn1)OO	Cytochrome P450 (['CYP2E1'])	in vitro (Human Liver Microsomes)				1
94328	MTB11183	Deboronation | Peroxidation	1 of 3 | 1 of 3 | 1 of 3 | 1 of 4	MTB11183-V | MTB11183-W | MTB11183-X | MTB11183-Y	11183	12416	Velcade	N-((1S)-1-((1R)-1-Hydroperoxy-3-methylbutylcarbamoyl)-2-phenylethyl)pyraz+	CC(C)C[C@H](NC(=O)[C@H](Cc1ccccc1)NC(=O)c1cnccn1)B(O)O	CC(C)C[C@H](NC(=O)[C@H](Cc1ccccc1)NC(=O)c1cnccn1)OO	Cytochrome P450 (['CYP2E1'])	in vitro (Human Liver Microsomes)				1
94341	MTB11183	Deboronation | Dehydrogenation	1 Step	MTB11183-T	11183	52401	Velcade		CC(C)C[C@H](NC(=O)[C@H](Cc1ccccc1)NC(=O)c1cnccn1)B(O)O	CC(C)=CCNC(=O)[C@H](Cc1ccccc1)NC(=O)c1cnccn1	Cytochrome P450 (['CYP1A2', 'CYP2C9', 'CYP2D6', 'CYP3A4'])	in vitro (Human Liver Microsomes) | Human	Intravenous		Plasma	1
11876	MTB748	Protein Binding | S-Conjugation	2 of 2	MTB748-B	5304	64906	2-Mercaptoethanesulfonic acid		O=S(=O)(O)CCS	*SCCS(=O)(=O)O		in vitro (Rat Liver Cytosol)		Cysteine and/or Glutathione		1
15914	MTB927	N-Acetylation | S-Conjugation | S-Dealkylation | S-Reduction	1 Step	MTB927-L	927	21113	5-(1,1,2,2-Tetrafluoroethoxy)- 2-((4-methoxy-2-pyridinyl)methyl)sulfinyl-+		COc1ccnc(CS(=O)c2nc3cc(OC(F)(F)C(F)F)ccc3[nH]2)c1	CC(=O)N[C@@H](CSc1nc2cc(OC(F)(F)C(F)F)ccc2[nH]1)C(=O)O		Rat | in vitro (Rat Hepatocytes)	Oral		Feces	1
24922	MTB1583	N-Acetylation | S-Conjugation | S-Dealkylation	1 of 3 | 1 of 3 | 1 of 3 | 1 of 3	MTB1583-B | MTB1583-C | MTB1583-D | MTB1583-E	1583	22843	S-Ethyl-N,N-diisobutylthiocarbamate		CCSC(=O)N(CC(C)C)CC(C)C	CC(=O)N[C@@H](CSC(=O)N(CC(C)C)CC(C)C)C(=O)O		Rat	Oral		Urine	1
74944	MTB7855	Cysteination | S-Conjugation | S-Cysteination	2 of 2	MTB7855-F	40287	40288	Desfuroylceftiofur		CO/N=C(\C(=O)N[C@@H]1C(=O)N2C(C(=O)O)=C(CS)CS[C@H]12)c1csc(N)n1	CO/N=C(\C(=O)N[C@@H]1C(=O)N2C(C(=O)O)=C(CSSC[C@H](N)C(=O)O)CS[C@H]12)c1csc(N)n1		Cattle | Pig | Rat | Sheep	Intramuscular | Oral	S-Cysteine | Cysteine	Plasma | Kidney | Liver | Fat | Urine	5
92531	MTB10826	S-Conjugation	2 of 2	MTB10826-A	49587	49588			CN/C(S)=N/S(=O)(=O)c1cc(CCNC(=O)c2cc(Cl)ccc2OC)ccc1OC	CN/C(=N/S(=O)(=O)c1cc(CCNC(=O)c2cc(Cl)ccc2OC)ccc1OC)S[C@@H]1O[C@H](C(=O)O)[C@@H](O)[C@H](O)[C@H]1O	UDP-Glucuronosyltransferase (['UGT1A1', 'UGT1A9', 'UGT2B7']) | UDP-Glucuronosyltransferase (['UGT1A9']) | UDP-Glucuronosyltransferase (['UGT1A1']) | UDP-Glucuronosyltransferase (['UGT1A6', 'UGT2B7'])	Dog | Human | Rat | in vitro (Rat Hepatocytes) | in vitro (Human Liver Microsomes) | in vitro (Human Kidney Microsomes) | in vitro (V79 Cells Expressing Human UGT1A1) | in vitro (V79 Cells Expressing Human UGT1A9) | in vitro (V79 Cells Expressing Human UGT Isoenzymes)		S-Glucuronide	Bile | Plasma | Urine	1
14356	MTB850	Arylation | Reduction	2 of 2	MTB850-B	55926	55927			COc1cc(C(C)=O)ccc1[O]	COc1cc(C(C)=O)c(-c2cc(C(C)=O)cc(OC)c2O)cc1O		in vitro (Human Neutrophils)				1
20957	MTB1329	Arylation	2 of 2	MTB1329-IS	1311	50123	Biphenyl		c1ccc(-c2ccccc2)cc1	c1ccc(-c2ccc(-c3ccccc3)cc2)cc1		Mouse	Intraperitoneal		Bone Marrow | Lung | Liver | Blood	1
93754	MTB11095	Arylation	2 of 3	MTB11095-F	57819	10035		9-(4-Aminophenyl)-9H-pyrido(3,4-b)indole	On1c2ccccc2c2ccncc21	Nc1ccc(-n2c3ccccc3c3ccncc32)cc1		in vitro (Human Liver Microsomes) | in vitro (Human Lung Microsomes)				1
120263	MTB15911	Arylation | Nucleophilic Substitution	3 of 3 | 5 of 5 | 5 of 5 | 5 of 5 | 4 of 4 | 4 of 4	MTB15911-D | MTB15911-V | MTB15911-AC | MTB15911-AL | MTB15911-AS | MTB15911-BB	69380	69384			COc1cc2nccc(N[C@@H](CS)C(=O)O)c2cc1C(N)=O	COc1cc2nccc(N[C@@H](CSc3ccnc4cc(OC)c(C(N)=O)cc34)C(=O)O)c2cc1C(N)=O		Human | Rat | Cynomolgus Monkey | Monkey	Oral		Feces | Urine | Bile | Liver | Plasma	2
120298	MTB15911	Arylation	4 of 4 | 3 of 3	MTB15911-AB | MTB15911-AR	69382	78426			COc1cc2nccc(N[C@@H](CS)C(=O)NCC(=O)O)c2cc1C(N)=O	COc1cc2nccc(N[C@@H](CSc3ccnc4cc(OC)c(C(N)=O)cc34)C(=O)NCC(=O)O)c2cc1C(N)=O		Rat | Cynomolgus Monkey	Oral		Feces | Urine	1
31074	MTB1944	C-Acylation	3 of 4	MTB1944-F	62701	62711			CCn1ccnc1CC1COc2cc(O)ccc2O1	CCn1c(C(=O)CC(=O)O)cnc1CC1COc2cc(O)ccc2O1		in vitro (Rat Hepatocytes) | in vitro (Human Hepatocytes)				1
31109	MTB1944	C-Acylation	1 Step	MTB1944-R	1944	62723	Imiloxan		CCn1ccnc1CC1COc2ccccc2O1	CCn1c(C(=O)CC(=O)O)cnc1CC1COc2ccccc2O1		in vitro (Rat Hepatocytes) | in vitro (Human Hepatocytes)				1
49901	MTB3962	C-Acylation | C-Alkylation | C-Methylation	1 Step	MTB3962-H	3962	10061	Benz(a)anthracene	7-Formyl-12-methylbenz(a)anthracene	c1ccc2cc3c(ccc4ccccc43)cc2c1	Cc1c2ccccc2c(C=O)c2ccc3ccccc3c12		Rat	Subcutaneous		Tissue	1
49927	MTB3962	C-Acylation	1 Step	MTB3962-R	3962	10060	Benz(a)anthracene	7-Formylbenz(a)anthracene	c1ccc2cc3c(ccc4ccccc43)cc2c1	O=Cc1c2ccccc2cc2c1ccc1ccccc12		Rat	Subcutaneous		Tissue	1
123318	MTB16391	Acetylation | C-Acylation	2 of 2	MTB16391-C	70753	72511			COC(=O)c1c(C)nc(C)c(C(=O)OCC(C)C)c1-c1cccc([N+](=O)[O-])c1	COC(=O)c1c(CC(C)=O)nc(C)c(C(=O)OCC(C)C)c1-c1cccc([N+](=O)[O-])c1		in vitro (Human Liver Microsomes)				1
35320	MTB2171	Ring Expansion	3 of 3 | 2 of 2	MTB2171-CN | MTB2171-IG	2887	26082	(5Z,9alpha,11alpha,13E,15S)-9,11-Epidioxy-15-hydroxyprosta-5,13-dien-1-oi+		CCCCC[C@H](O)/C=C/[C@@H]1[C@@H](C/C=C\CCCC(=O)O)[C@@H]2C[C@H]1OO2	CCCCC[C@H](O)/C=C/[C@H]1O[C@H](O)C[C@H](O)[C@@H]1C/C=C\CCCC(=O)O		in vitro (Mouse Peritoneal Macrophages)				1
51149	MTB4118	C-Oxidation | Ring Expansion | Ring Opening	1 Step	MTB4118-A	4118	29146	Paxilline		CC(C)(O)[C@H]1O[C@H]2CC[C@@]3(C)[C@@](O)(CC[C@H]4Cc5c([nH]c6ccccc56)[C@@]43C)C2=CC1=O	CC(C)(O)[C@H]1O[C@H]2CC[C@@]3(C)[C@@](O)(CC[C@H]4CC(=O)c5ccccc5NC(=O)[C@@]43C)C2=CC1=O		in vitro (Sheep Bile)				1
97397	MTB11817	Isomerization | Rearrangement | Ring Expansion	2 of 2	MTB11817-A	52743	52745			C[C@H]1[C@H]2[C@H](C[C@H]3[C@@H]4CC[C@@H]5C[C@H](O)CC[C@]5(C)[C@H]4CC[C@]23C)O[C@]12CC[C@@](C)(CO)O2	C[C@H]1[C@H]2[C@H](C[C@H]3[C@@H]4CC[C@@H]5C[C@H](O)CC[C@]5(C)[C@H]4CC[C@]23C)O[C@]12CC[C@](C)(O)CO2		Rabbit	Oral		Bile	1
101182	MTB12444	Aromatization | Halogenation | Rearrangement | Ring Expansion	3 of 3	MTB12444-A	55033	55035			COc1cc2cc(C(=O)N3CC4CC45C3=CC(=O)c3ncccc35)[nH]c2c(OC)c1OC	COc1cc2cc(C(=O)N3CC(Cl)Cc4c3cc(O)c3ncccc43)[nH]c2c(OC)c1OC		in vitro (Human Colon Carcinoma Cells) | in vitro (Human Lung Cancer Cells)				1
113754	MTB14849	Ring Expansion	1 of 2	MTB14849-B	14849	63656	ER-879819		O=C1CCN(Cc2ccc3c(c2)-c2n[nH]c(=O)c4cccc(c24)O3)CC1	O=C1CCN(Cc2ccc3c(c2)-c2n[nH]c(=O)c4cccc(c24)O3)CCO1	Flavin-Containing Monooxygenase (['FMO5'])	in vitro (Dog Liver Microsomes) | in vitro (Human Liver Microsomes)				1
38390	MTB2512	C-Imination	2 of 2 | 4 of 4 | 3 of 3 | 4 of 4 | 4 of 4	MTB2512-B | MTB2512-Z | MTB2512-AP | MTB2512-BR | MTB2512-CQ	25230	66549			C/C(C=O)=C1\CC[C@@H](C)CC1=O	CC(/C=N/NC(N)=O)=C1\CC[C@@H](C)CC1=O		in vitro (Human Liver Microsomes)				1
38398	MTB2512	C-Imination	2 of 2 | 4 of 4 | 3 of 3 | 4 of 4 | 4 of 4	MTB2512-E | MTB2512-AC | MTB2512-AS | MTB2512-BU | MTB2512-CT	25230	66550			C/C(C=O)=C1\CC[C@@H](C)CC1=O	CC(/C=N\NC(N)=O)=C1\CC[C@@H](C)CC1=O		in vitro (Human Liver Microsomes)				1
49260	MTB3843	C-Imination | Reduction	2 of 2	MTB3843-D	4054	28351	Benzaldehyde		O=Cc1ccccc1	Clc1ccc(/N=C/c2ccccc2)cc1		in vitro (Hamster Liver Microsomes)				1
49299	MTB3854	C-Imination | Reduction	2 of 3	MTB3854-C	28368	28369			Cc1cc(C)c(C=O)c(C)c1	Cc1cc(C)c(/C=N/c2ccccc2)c(C)c1		in vitro (Hamster Liver Microsomes)				1
76516	MTB8059	C-Imination	2 of 2	MTB8059-E	70221	70222			CC(C)[C@@H](C(=O)N[C@@H](Cc1ccccc1)C[C@H](O)[C@H](Cc1ccccc1)NC(=O)C=O)N1CCCNC1=O	CC(C)[C@@H](C(=O)N[C@@H](Cc1ccccc1)C[C@H](O)[C@H](Cc1ccccc1)NC(=O)/C=N/NC(N)=O)N1CCCNC1=O		in vitro (Human Liver Microsomes)				1
39614	MTB2643	Oxidative S-Dealkylation	1 Step	MTB2643-N	2643	15041	L-Methionine	Carbon dioxide	CSCC[C@H](N)C(=O)O	O=C=O		Rabbit	Intraperitoneal		Expired Air	1
63585	MTB6075	C-Oxidation | Isomerization | Oxidation | Oxidative S-Dealkylation | Ring Opening	1 of 2	MTB6075-B	6075	56391	Clopidogrel	(Z)-(1-((1S)-1-(2-Chlorophenyl)-2-methoxy-2-oxoethyl)-4-sulfanyl-3-piperi+	COC(=O)[C@H](c1ccccc1Cl)N1CCc2sccc2C1	COC(=O)[C@H](c1ccccc1Cl)N1CCC(S)/C(=C\C(=O)O)C1	Cytochrome P450 | Cytochrome P450 (['CYP2C19']) | Cytochrome P450 (['CYP2C19', 'CYP1A2', 'CYP2B6', 'CYP3A4', 'CYP3A5']) | Myeloperoxidase | Cytochrome P450 (['CYP3A4', 'CYP3A5'])	in vitro (Rat Liver Microsomes) | Rat | Human | in vitro (Human Neutrophils)	Oral | Intravenous		Plasma | Serum	9
107862	MTB13638	Oxidative S-Dealkylation	1 of 2 | 1 of 2 | 1 of 3 | 1 of 2	MTB13638-Z | MTB13638-AA | MTB13638-AB | MTB13638-AC	13638	73611	(Arbidol=Monohydrochloride Salt)		CCOC(=O)c1c(CSc2ccccc2)n(C)c2cc(Br)c(O)c(CN(C)C)c12	CCOC(=O)c1c(CO)n(C)c2cc(Br)c(O)c(CN(C)C)c12		Human	Oral		Plasma | Urine | Feces	1
126240	MTB16805	Oxidative S-Dealkylation	2 of 2	MTB16805-F	75991	75993			CC(=O)O[C@@H]1C[C@]2(C)[C@@]3(CO)[C@H](O)C(=O)C(C)=C[C@H]3O[C@H]1[C@@]2(O)CSC[C@H](NC(=O)CC[C@H](N)C(=O)O)C(=O)NCC(=O)O	CC(=O)O[C@@H]1C[C@]2(C)[C@@]3(CO)[C@H](O)C(=O)C(C)=C[C@H]3O[C@H]1[C@@]2(O)C[SH]=O		in vitro (Human Hepatocarcinoma Cells, Hep G2)				1
126245	MTB16806	Oxidative S-Dealkylation	2 of 2	MTB16806-C	75997	75999			CC(=O)OC[C@]12[C@H](O)C(=O)C(C)=C[C@H]1O[C@@H]1[C@H](O)C[C@@]2(C)[C@]1(O)CSC[C@H](NC(=O)CC[C@H](N)C(=O)O)C(=O)NCC(=O)O	CC(=O)OC[C@]12[C@H](O)C(=O)C(C)=C[C@H]1O[C@@H]1[C@H](O)C[C@@]2(C)[C@]1(O)C[SH]=O		in vitro (Human Hepatocarcinoma Cells, Hep G2)				1
54885	MTB4753	S-Sulfation	1 Step	MTB4753-B	4753	31296	2-Mercaptobenzothiazole		Sc1nc2ccccc2s1	O=S(=O)(O)Sc1nc2ccccc2s1		Rat (Male) | in vitro (Rat Liver Homogenate) | in vitro (Rat Kidney Homogenate)	Oral	S-Sulfate	Urine | Bile	1
57184	MTB5063	S-Sulfation	2 of 2 | 3 of 3	MTB5063-B | MTB5063-E	4753	31296	2-Mercaptobenzothiazole		Sc1nc2ccccc2s1	O=S(=O)(O)Sc1nc2ccccc2s1		Rat (Male)	Oral	S-Sulfate	Urine | Bile	1
57195	MTB5064	S-Sulfation	2 of 2	MTB5064-C	4753	31296	2-Mercaptobenzothiazole		Sc1nc2ccccc2s1	O=S(=O)(O)Sc1nc2ccccc2s1		Rat (Male) | in vitro (Rat Liver Homogenate) | in vitro (Rat Kidney Homogenate)	Oral	S-Sulfate	Urine | Bile	1
57207	MTB5066	S-Sulfation	3 of 3 | 2 of 2	MTB5066-B | MTB5066-E	4753	31296	2-Mercaptobenzothiazole		Sc1nc2ccccc2s1	O=S(=O)(O)Sc1nc2ccccc2s1		Rat (Male) | in vitro (Rat Liver Homogenate)	Oral	S-Sulfate	Urine | Bile	1
84439	MTB9296	Oxidation | S-Oxidation | S-Sulfation | Sulfation	1 of 3 | 1 of 2	MTB9296-C | MTB9296-D	9296	73330	Hydrogen sulfide		S	O=S(=O)(O)S	Sulfide:Quinone Reductase	Human | in vitro (Mouse Colon Muscularis Externa) | in vitro (Mouse Brain Homogenate) | Rat | in vitro (Rat Cecum Mucosa) | in vitro (Rat Colon Mucosa) | in vitro (Rat Stomach Mucosa) | in vitro (Rat Ileum Mucosa) | in vitro (Rat Liver) | in vitro (Rat Muscle) | in vitro (Rat Plasma) | in vitro (Rat Erythrocytes) | in vitro (Rat Liver Homogenate) | in vitro (Rat Cecum Mucosa Homogenate)	Occupational Exposure | Inhalation | Intracecal		Blood | Urine | Serum | Cerebrospinal Fluid | Pleural Effusion | Lung | Plasma, Cecal | Plasma, Heart	10
57181	MTB5063	S-Deamination	1 of 2 | 1 of 2 | 1 of 3	MTB5063-B | MTB5063-C | MTB5063-D	5063	4753	N-Cyclohexyl-2-benzothiazolylsulfenamide	2-Mercaptobenzothiazole	c1ccc2sc(SNC3CCCCC3)nc2c1	Sc1nc2ccccc2s1		Rat (Male)	Oral		Urine	1
57182	MTB5063	Dimerization | S-Deamination	1 of 3 | 1 of 3 | 1 of 4	MTB5063-E | MTB5063-F | MTB5063-G	5063	5064	N-Cyclohexyl-2-benzothiazolylsulfenamide	Bis-(2-benzothiazolyl)disulfide	c1ccc2sc(SNC3CCCCC3)nc2c1	c1ccc2sc(SSc3nc4ccccc4s3)nc2c1		Rat (Male)	Oral		Urine | Feces | Stomach	1
57201	MTB5066	Dimerization | S-Deamination	1 of 4 | 1 of 3 | 1 of 3	MTB5066-A | MTB5066-B | MTB5066-C	5066	5064	N-(2-Benzothiazolylthio)morpholine	Bis-(2-benzothiazolyl)disulfide	c1ccc2sc(SN3CCOCC3)nc2c1	c1ccc2sc(SSc3nc4ccccc4s3)nc2c1		Rat (Male)	Oral		Urine | Feces | Stomach	1
57203	MTB5066	S-Deamination	1 of 3 | 1 of 2 | 1 of 2	MTB5066-D | MTB5066-E | MTB5066-F	5066	4753	N-(2-Benzothiazolylthio)morpholine	2-Mercaptobenzothiazole	c1ccc2sc(SN3CCOCC3)nc2c1	Sc1nc2ccccc2s1		Rat (Male) | in vitro (Rat Small Intestine) | in vitro (Rat Liver Homogenate)	Oral		Urine	1
58787	MTB5347	Dimerization | S-Deamination	2 of 4	MTB5347-F	60254	3046		L-gamma-Glutamyl-L-cysteinyl-glycine (2->2')-disulfide	N[C@@H](CCC(=O)N[C@@H](CSNO)C(=O)NCC(=O)O)C(=O)O	N[C@@H](CCC(=O)N[C@@H](CSSC[C@H](NC(=O)CC[C@H](N)C(=O)O)C(=O)NCC(=O)O)C(=O)NCC(=O)O)C(=O)O		in vitro (Mouse Liver Lysate)				1
51057	MTB4105	N-Deglucuronidation	1 of 3 | 1 of 4 | 1 of 3 | 1 of 4	MTB4105-A | MTB4105-B | MTB4105-C | MTB4105-D	4105	6	Amitriptyline N-beta-D-glucuronide	Amitriptyline	C[N+](C)(CCC=C1c2ccccc2CCc2ccccc21)[C@@H]1O[C@H](C(=O)O)[C@@H](O)[C@H](O)[C@H]1O	CN(C)CCC=C1c2ccccc2CCc2ccccc21		Human	Infusion		Urine	1
85157	MTB9410	Aromatic Hydroxylation | C-Hydroxylation | N-Deglucuronidation	2 of 4 | 2 of 3	MTB9410-A | MTB9410-B	77133	11088		3-Hydroxydesloratadine	O=C(O)[C@H]1O[C@@H](N2CCC(=C3c4ccc(Cl)cc4CCc4cccnc43)CC2)[C@H](O)[C@@H](O)[C@@H]1O	Oc1cnc2c(c1)CCc1cc(Cl)ccc1C2=C1CCNCC1	Cytochrome P450 (['CYP2C8']) | Cytochrome P450	in vitro (Human Liver Microsomes) | in vitro (Human Hepatocytes) | in vitro (Rabbit Hepatocytes) | in vitro (Dog Hepatocytes) | in vitro (Monkey Hepatocytes) | in vitro (Mouse Hepatocytes) | in vitro (Minipig Hepatocytes) | in vitro (Rat Hepatocytes) | in vitro (Human Liver S9 Fraction)				2
112124	MTB14545	Hydrolysis | N-Deglucuronidation	1 Step	MTB14545-A	14545	14543	N4-(2,2-Dimethyl-4-(1-beta-D-glucopyranosyl)-3-oxo-4H-pyrido(3,2-b)(1,4)o+	R 406	COc1cc(Nc2ncc(F)c(Nc3ccc4c(n3)N([C@@H]3O[C@H](C(=O)O)[C@@H](O)[C@H](O)[C@H]3O)C(=O)C(C)(C)O4)n2)cc(OC)c1OC	COc1cc(Nc2ncc(F)c(Nc3ccc4c(n3)NC(=O)C(C)(C)O4)n2)cc(OC)c1OC		in vitro (Human Feces)				1
130937	MTB17518	Hydrolysis | N-Deglucuronidation	1 Step	MTB17518-A	17518	11894	Sorafenib beta-D-glucuronide	Sorafenib	CNC(=O)c1cc(Oc2ccc(NC(=O)N(c3ccc(Cl)c(C(F)(F)F)c3)[C@@H]3O[C@H](C(=O)O)[C@@H](O)[C@H](O)[C@H]3O)cc2)ccn1	CNC(=O)c1cc(Oc2ccc(NC(=O)Nc3ccc(Cl)c(C(F)(F)F)c3)cc2)ccn1	beta-Glucuronidase	in vitro (Mouse Cecum Contents) | Mouse	Oral		Plasma	1
84326	MTB9264	Chelation | Complexation	1 Step	MTB9264-L	9264	44941	ICL 670		O=C(O)c1ccc(-n2nc(-c3ccccc3O)nc2-c2ccccc2O)cc1	O=C(O)c1ccc(-n2nc3nc2-c2ccccc2[O][Fe-]2([O]c4ccccc4-3)[O]c3ccccc3-c3nc(n(-c4ccc(C(=O)O)cc4)n3)-c3ccccc3[O]2)cc1		Human (beta-Thalassemia Patients) | Human	Oral		Plasma | Urine	2
93729	MTB11092	Chelation | Complexation	1 Step	MTB11092-A	11092	50495	Tachpyr		c1ccc(CN[C@H]2C[C@@H](NCc3ccccn3)C[C@@H](NCc3ccccn3)C2)nc1	[Cu+2].c1ccc(CNC2CC(NCc3ccccn3)CC(NCc3ccccn3)C2)nc1		in vitro (Human Cervix Cancer Cells, HeLa)				1
93730	MTB11092	Chelation | Complexation	1 Step	MTB11092-B	11092	50494	Tachpyr		c1ccc(CN[C@H]2C[C@@H](NCc3ccccn3)C[C@@H](NCc3ccccn3)C2)nc1	[Zn+2].c1ccc(CNC2CC(NCc3ccccn3)CC(NCc3ccccn3)C2)nc1		in vitro (Human Cervix Cancer Cells, HeLa) | in vitro (Breast Epithelium Cancer Cells, SUM149)				1
93731	MTB11092	Chelation | Complexation	1 of 3	MTB11092-C	11092	50493	Tachpyr		c1ccc(CN[C@H]2C[C@@H](NCc3ccccn3)C[C@@H](NCc3ccccn3)C2)nc1	[Fe+2].c1ccc(CNC2CC(NCc3ccccn3)CC(NCc3ccccn3)C2)nc1		in vitro (Human Cervix Cancer Cells, HeLa) | in vitro (Breast Epithelium Cancer Cells, SUM149)				1
6531	MTB452	Nitrosylation	1 Step	MTB452-I	452	64020	Nitroglycerol		O=[N+]([O-])OCC(CO[N+](=O)[O-])O[N+](=O)[O-]	*NN=O		Rat	Intraperitoneal		Plasma | Red Blood Cells | Heart | Liver | Aorta	1
6532	MTB452	Elimination | N-Reduction | Nitrosylation	1 of 2	MTB452-J	452	35494	Nitroglycerol		O=[N+]([O-])OCC(CO[N+](=O)[O-])O[N+](=O)[O-]	*SN=O		Rat | in vitro (Bovine Pulmonary Artery)	Intraperitoneal		Plasma | Red Blood Cells | Heart | Liver | Aorta	2
6534	MTB452	Nitrosylation | Protein Binding	1 Step	MTB452-K	452	35764	Nitroglycerol		O=[N+]([O-])OCC(CO[N+](=O)[O-])O[N+](=O)[O-]	*N=O		Rat	Intraperitoneal		Plasma | Red Blood Cells | Heart | Liver | Aorta	1
11448	MTB722	N-Sulfation | S-Amidation | Sulfuration	1 Step	MTB722-G	722	20355	Ciprofloxacin		O=C(O)c1cn(C2CC2)c2cc(N3CCNCC3)c(F)cc2c1=O	O=C(O)c1cn(C2CC2)c2cc(N3CCN(S(=O)(=O)O)CC3)c(F)cc2c1=O	Sulfotransferase (['SULT2A1'])	Human | in vitro (Human Liver Cytosol) | Human (Renal Impairment Patients)	Oral | Intravenous | Infusion	N-Sulfate	Urine | Plasma | Serum | Lung | Pleura | Feces | Bile; Serum	11
97238	MTB11766	Dehalogenation | S-Amidation	1 of 5	MTB11766-A	11766	52624	Perfluorooctanesulfonyl fluoride		O=S(=O)(F)C(F)(F)C(F)(F)C(F)(F)C(F)(F)C(F)(F)C(F)(F)C(F)(F)C(F)(F)F	CN(CCO)S(=O)(=O)C(F)(F)C(F)(F)C(F)(F)C(F)(F)C(F)(F)C(F)(F)C(F)(F)C(F)(F)F		Human (Elderly)	Environmental Exposure		Serum	1
97241	MTB11766	Dehalogenation | S-Amidation	1 of 5 | 1 of 2	MTB11766-B | MTB11766-C	11766	11236	Perfluorooctanesulfonyl fluoride	N-Ethyl-N-(2-hydroxyethyl)perfluorooctanesulfonamide	O=S(=O)(F)C(F)(F)C(F)(F)C(F)(F)C(F)(F)C(F)(F)C(F)(F)C(F)(F)C(F)(F)F	CCN(CCO)S(=O)(=O)C(F)(F)C(F)(F)C(F)(F)C(F)(F)C(F)(F)C(F)(F)C(F)(F)C(F)(F)F		Human (Elderly)	Environmental Exposure		Serum	1
12443	MTB769	Aromatic Dealkylation | Aromatic Hydroxylation	1 Step	MTB769-E	769	20512	Meclofenamic acid		Cc1ccc(Cl)c(Nc2ccccc2C(=O)O)c1Cl	O=C(O)c1ccccc1Nc1c(Cl)cc(O)cc1Cl		Human	Oral		Urine	1
39375	MTB2592	Aromatic Dealkylation | C-Demethylation	2 of 2	MTB2592-L	7175	16617	Chrysophanol	Danthron	Cc1cc(O)c2c(c1)C(=O)c1cccc(O)c1C2=O	O=C1c2cccc(O)c2C(=O)c2c(O)cccc21		Rat	Oral		Urine	1
124926	MTB16570	Aromatic Dealkylation | C-Dealkylation | C-Oxidation	1 of 2 | 1 of 2	MTB16570-A | MTB16570-B	16570	65054	Fenpropimorph		CC(Cc1ccc(C(C)(C)C)cc1)CN1C[C@@H](C)O[C@@H](C)C1	CC(C)(C(=O)O)c1ccccc1		Human (Female, Pregnant) | Rat	Environmental Exposure | Oral		Urine	1
17040	MTB995	O-Galacturonidation	1 Step	MTB995-F	995	30729	1-Naphthol		Oc1cccc2ccccc12	O=C(O)[C@H]1O[C@@H](Oc2cccc3ccccc23)[C@H](O)[C@@H](O)[C@H]1O	UDP-Glucuronosyltransferase	in vitro (Human Liver Microsomes) | in vitro (Rat Liver Microsomes)		O-Galacturonide		1
42404	MTB2939	O-Galacturonidation	1 of 2	MTB2939-C	2939	30724	3,6-Dihydroxybenzo(a)pyrene		Oc1ccc2ccc3c4ccccc4c(O)c4ccc1c2c43	O=C(O)[C@H]1O[C@@H](Oc2c3ccccc3c3ccc4ccc(O)c5ccc2c3c45)[C@H](O)[C@@H](O)[C@H]1O	UDP-Glucuronosyltransferase	in vitro (Human Liver Microsomes) | in vitro (Rat Liver Microsomes)		O-Galacturonide		1
42405	MTB2939	O-Galacturonidation	2 of 2	MTB2939-C	30724	30725			O=C(O)[C@H]1O[C@@H](Oc2c3ccccc3c3ccc4ccc(O)c5ccc2c3c45)[C@H](O)[C@@H](O)[C@H]1O	O=C(O)[C@H]1O[C@@H](Oc2ccc3ccc4c5ccccc5c(O[C@@H]5O[C@H](C(=O)O)[C@H](O)[C@H](O)[C@H]5O)c5ccc2c3c54)[C@H](O)[C@@H](O)[C@H]1O	UDP-Glucuronosyltransferase	in vitro (Human Liver Microsomes) | in vitro (Rat Liver Microsomes)		O-Galacturonide		1
28770	MTB1810	N-Acetoxylation	1 of 3 | 1 of 3 | 1 of 4 | 1 of 3 | 1 of 3 | 1 of 3 | 1 of 3 | 1 of 3 | 1 of 2 | 1 of 2 | 1 of 2	MTB1810-CD | MTB1810-CE | MTB1810-CF | MTB1810-CG | MTB1810-CH | MTB1810-CI | MTB1810-CJ | MTB1810-CK | MTB1810-CL | MTB1810-CM | MTB1810-CN	1810	8017	2-Amino-1-methyl-6-phenylimidazo(4,5-b)pyridine	N-Acetoxy-2-amino-1-methyl-6-phenylimidazo(4,5-b)pyridine	Cn1c(N)nc2ncc(-c3ccccc3)cc21	CC(=O)ONc1nc2ncc(-c3ccccc3)cc2n1C	O-Acetyltransferase	Rat	Oral		Blood | Liver	2
43713	MTB3034	N-Acetoxylation	1 of 2 | 1 of 2	MTB3034-E | MTB3034-F	3034	31583	3,2'-Dimethyl-4-aminobiphenyl		Cc1cc(-c2ccccc2C)ccc1N	CC(=O)ONc1ccc(-c2ccccc2C)cc1C	Cytochrome P450 (['CYP1A2'])	Rat	Subcutaneous		Liver | Colorectum	1
89541	MTB10251	N-Acetoxylation | N-Acetylation | N-Acylation | N-Reduction	1 of 2 | 1 of 2	MTB10251-C | MTB10251-D	10251	62237	3-Nitrobenzanthrone		O=C1c2ccccc2-c2ccc([N+](=O)[O-])c3cccc1c23	CC(=O)ON(C(C)=O)c1ccc2c3c(cccc13)C(=O)c1ccccc1-2		Rat	Oral	N-Acetate	Kidney | Lung | Liver | Forestomach | Stomach | Small Intestine | Cecum | Colon	1
31787	MTB1969	Acetylglutathionation | Glutathionation | N-Acetylation | Nucleophilic Addition | Ring Opening	2 of 2	MTB1969-GA	1978	27328	Naphthalene oxide		C1=CC2OC2c2ccccc21	CC(=O)N[C@@H](CCC(=O)N[C@@H](CSC1C=Cc2ccccc2C1O)C(=O)NCC(=O)O)C(=O)O		Mouse | Rat | in vitro (Mouse Liver Perfusion, B6C3F1)	Intraperitoneal	N-Acetylglutathione	Urine | Perfusate	2
73150	MTB7527	Acetylglutathionation	1 of 5 | 1 of 4 | 1 of 5	MTB7527-B | MTB7527-C | MTB7527-D	7527	50328	cis-1,3-Dichloropropene		Cl/C=C\CCl	CC(=O)N[C@@H](CCC(=O)N[C@@H](CSC/C=C\Cl)C(=O)NCC(=O)O)C(=O)O		Mouse | Rat	Oral	N-Acetylglutathione	Urine | Feces	1
73178	MTB7528	Acetylglutathionation	1 of 4 | 1 of 5 | 1 of 5	MTB7528-D | MTB7528-E | MTB7528-F	7528	50337	trans-1,3-Dichloropropene		Cl/C=C/CCl	CC(=O)N[C@@H](CCC(=O)N[C@@H](CSC/C=C/Cl)C(=O)NCC(=O)O)C(=O)O		Rat | Mouse	Oral	N-Acetylglutathione	Urine | Feces	1
33256	MTB2062	Glucosidation | Transglucosylation	1 Step	MTB2062-U	2062	27307	Retinol		CC1=C(/C=C/C(C)=C/C=C/C(C)=C/CO)C(C)(C)CCC1	CC1=C(/C=C/C(C)=C/C=C/C(C)=C/CO[C@@H]2O[C@H](CO)[C@@H](O)[C@H](O)[C@H]2O)C(C)(C)CCC1	beta-Glucocerebrosidase	in vitro (Human Placenta Cerebrosidase)		Glucoside		1
45173	MTB3198	Glucosidation | Transglucosylation	1 Step	MTB3198-C	3198	27306	n-Pentanol		CCCCCO	CCCCCO[C@@H]1O[C@H](CO)[C@@H](O)[C@H](O)[C@H]1O	beta-Glucocerebrosidase	in vitro (Human Placenta Cerebrosidase)		Glucoside		1
46349	MTB3363	Dehydration | Transglucosylation	1 Step	MTB3363-C	3363	27609	Maltoheptaose		OC[C@H]1O[C@H](O[C@H]2[C@H](O)[C@@H](O)[C@@H](O[C@H]3[C@H](O)[C@@H](O)[C@@H](O[C@H]4[C@H](O)[C@@H](O)[C@@H](O[C@H]5[C@H](O)[C@@H](O)[C@@H](O[C@H]6[C@H](O)[C@@H](O)[C@@H](O[C@H]7[C@H](O)[C@@H](O)C(O)O[C@@H]7CO)O[C@@H]6CO)O[C@@H]5CO)O[C@@H]4CO)O[C@@H]3CO)O[C@@H]2CO)[C@H](O)[C@@H](O)[C@@H]1O	OC[C@H]1O[C@H](O[C@H]2[C@H](O)[C@@H](O)[C@@H](O[C@H]3[C@H](O)[C@@H](O)[C@@H](O[C@H]4[C@H](O)[C@@H](O)[C@@H](O[C@H]5[C@H](O)[C@@H](O)[C@@H](O[C@H]6[C@H](O)[C@@H](O)[C@@H](O[C@H]7[C@H](O)[C@@H](O)[C@@H](O[C@H]8[C@H](O)[C@@H](O)[C@@H](O[C@H]9[C@H](O)[C@@H](O)[C@@H](O[C@H]%10[C@H](O)[C@@H](O)[C@@H](O[C@H]%11[C@H](O)[C@@H](O)C(O)O[C@@H]%11CO)O[C@@H]%10CO)O[C@@H]9CO)O[C@@H]8CO)O[C@@H]7CO)O[C@@H]6CO)O[C@@H]5CO)O[C@@H]4CO)O[C@@H]3CO)O[C@@H]2CO)[C@H](O)[C@@H](O)[C@@H]1O	alpha-Amylase	in vitro (Saccharomycopsis alpha-Amylase, Native Enzyme) | in vitro (Saccharomycopsis alpha-Amylase, Mutants Y83W, Y83N)				1
49606	MTB3901	Carbonylation | Decarbonylation | Rearrangement	1 of 5 | 1 of 3 | 1 of 3	MTB3901-L | MTB3901-M | MTB3901-N	3901	4110	(6S)-Leucovorin	(6R)-10-Formyl-5,6,7,8-tetrahydrofolic acid	Nc1nc(=O)c2c([nH]1)NC[C@H](CNc1ccc(C(=O)N[C@@H](CCC(=O)O)C(=O)O)cc1)N2C=O	Nc1nc(=O)c2c([nH]1)NC[C@H](CN(C=O)c1ccc(C(=O)N[C@@H](CCC(=O)O)C(=O)O)cc1)N2		Mouse | in vitro (Human Blood)	Subcutaneous		Plasma | Intestinal Epithelium | Intraperitoneal L-1210 Cells	2
88827	MTB10139	Carbonylation | Ring Closure | Tautomerization	3 of 3	MTB10139-C	47756	47757			N/N=C1\NCCN1Cc1ccc(Cl)nc1	O=C1N=NC2N(Cc3ccc(Cl)nc3)CCN12		in vitro (Human Liver Microsomes)				1
116122	MTB15181	Carbonylation | Hydrolysis | O-Deglycosidation	1 Step	MTB15181-C	15181	65485	Strictosamide		C=C[C@H]1[C@H](O[C@@H]2O[C@H](CO)[C@@H](O)[C@H](O)[C@H]2O)OC=C2C(=O)N3CCc4c([nH]c5ccccc45)[C@@H]3C[C@H]21	C=C[C@H]1[C@H](O)OC=C2C(=O)N3CCc4c([nH]c5cc(C=O)cc(C=O)c45)[C@@H]3C[C@H]21		Rat	Oral		Urine | Bile	1
61867	MTB5810	Transmetallation	2 of 2 | 3 of 3	MTB5810-B | MTB5810-D	33718	36761			Cc1ncc(CO)c(CN2CCN(Cc3c(CO)cnc(C)c3O)CC(=O)[O][Mn][O]C(=O)C2)c1O	Cc1ncc(CO)c(CN2CCN(Cc3c(CO)cnc(C)c3O)CC(=O)[O][Zn][O]C(=O)C2)c1O		Pig | Dog | Human	Infusion | Intravenous | Injection		Blood | Plasma	3
61868	MTB5810	Transmetallation	1 of 3	MTB5810-C	5810	36759	Manganese(II) N,N'-dipyridoxylethylenediamine-N,N'-diacetate 5,5'-bis(pho+		Cc1ncc(COP(=O)(O)O)c(CN2CCN(Cc3c(COP(=O)(O)O)cnc(C)c3O)CC(=O)[O][Mn][O]C(=O)C2)c1O	Cc1ncc(COP(=O)(O)O)c(CN2CCN(Cc3c(COP(=O)(O)O)cnc(C)c3O)CC(=O)[O][Zn][O]C(=O)C2)c1O		Dog | Human | in vitro (Human Blood)	Intravenous | Infusion | Injection		Plasma	3
61870	MTB5810	Transmetallation	2 of 3	MTB5810-E	36758	36760			Cc1ncc(CO)c(CN2CCN(Cc3c(COP(=O)(O)O)cnc(C)c3O)CC(=O)[O][Mn][O]C(=O)C2)c1O	Cc1ncc(CO)c(CN2CCN(Cc3c(COP(=O)(O)O)cnc(C)c3O)CC(=O)[O][Zn][O]C(=O)C2)c1O		Dog | Human | in vitro (Human Blood)	Intravenous | Infusion | Injection		Plasma	3
63669	MTB6079	Transsulfuration	2 of 2	MTB6079-A	6080	34396	1,1'-Dithiobis((S,S)-3-(2-(2-methoxyethyl)-4-(1-naphthoyl)-1-piperazinyl)+		COCC[C@H]1CN(C(=O)c2cccc3ccccc23)CCN1C[C@H](N)CSSC[C@@H](N)CN1CCN(C(=O)c2cccc3ccccc23)C[C@@H]1CCOC	*SSC[C@@H](N)CN1CCN(C(=O)c2cccc3ccccc23)C[C@@H]1CCOC		Rat			Feces + Urine	1
63675	MTB6080	Transsulfuration	1 Step	MTB6080-A	6080	34396	1,1'-Dithiobis((S,S)-3-(2-(2-methoxyethyl)-4-(1-naphthoyl)-1-piperazinyl)+		COCC[C@H]1CN(C(=O)c2cccc3ccccc23)CCN1C[C@H](N)CSSC[C@@H](N)CN1CCN(C(=O)c2cccc3ccccc23)C[C@@H]1CCOC	*SSC[C@@H](N)CN1CCN(C(=O)c2cccc3ccccc23)C[C@@H]1CCOC		Rat			Feces + Urine	1
63676	MTB6080	Transsulfuration	1 of 3	MTB6080-B	6080	34392	1,1'-Dithiobis((S,S)-3-(2-(2-methoxyethyl)-4-(1-naphthoyl)-1-piperazinyl)+		COCC[C@H]1CN(C(=O)c2cccc3ccccc23)CCN1C[C@H](N)CSSC[C@@H](N)CN1CCN(C(=O)c2cccc3ccccc23)C[C@@H]1CCOC	COCC[C@H]1CN(C(=O)c2cccc3ccccc23)CCN1C[C@H](N)CSC		Rat			Feces + Urine	1
80145	MTB8701	O-Dealkylation | O-Debenzylation	1 of 2	MTB8701-A	8701	6465	7-Benzyloxy-4-trifluoromethylcoumarin	7-Hydroxy-4-trifluoromethylcoumarin	O=c1cc(C(F)(F)F)c2ccc(OCc3ccccc3)cc2o1	O=c1cc(C(F)(F)F)c2ccc(O)cc2o1	Cytochrome P450 (['CYP3A']) | Cytochrome P450 (['CYP3A4']) | Cytochrome P450 (['CYP3A1', 'CYP1A2']) | Cytochrome P450 (['CYP3A11']) | Cytochrome P450 (['CYP1A', 'CYP2B']) | Cytochrome P450 | Cytochrome P450 (['CYP3A13']) | Cytochrome P450 (['CYP3A4', 'CYP3A5', 'CYP3A7']) | Cytochrome P450 (['CYP3A89']) | Cytochrome P450 (['CYP3A94']) | Cytochrome P450 (['CYP3A95']) | Cytochrome P450 (['CYP3A', 'CYP2B', 'CYP2C']) | Cytochrome P450 (['CYP2A', 'CYP2B', 'CYP2C', 'CYP3A']) | Cytochrome P450 (['CYP2C']) | Cytochrome P450 (['CYP3A2']) | Cytochrome P450 (['CYP3A4', 'CYP3A5']) | Cytochrome P450 (['CYP3A64']) | Cytochrome P450 (['CYP1A2']) | Cytochrome P450 (['CYP2C19']) | Cytochrome P450 (['CYP2C9']) | Cytochrome P450 (['CYP2B6']) | Cytochrome P450 (['CYP2C8']) | Cytochrome P450 (['CYP3A4', 'CYP1A2']) | Cytochrome P450 (['CYP2E1']) | Cytochrome P450 (['CYP2A1']) | Cytochrome P450 (['CYP3A', 'CYP1A2']) | Cytochrome P450 (['CYP2A6', 'CYP2C8', 'CYP2D6', 'CYP2E1'])	in vitro (Human Liver Microsomes) | in vitro (Pig Liver Microsomes) | in vitro (Mouse Liver Microsomes) | in vitro (Fish Liver Microsomes) | in vitro (Pig Colon Mucosa Microsomes) | in vitro (Hep G2 Cells Expressing Human PXR) | in vitro (Rat Liver Microsomes) | in vitro (Mouse Liver Microsomes, Cyp2c/2d/3a Knockout) | in vitro (Mouse Small Intestine Microsomes) | in vitro (Mouse Small Intestine Microsomes, Cyp2c/2d/3a Knockout) | in vitro (Human Skin) | in vitro (Human Keratinocytes) | in vitro (Hamster Lung Fibroblast V79 Cells Expressing Horse CYP3A89) | in vitro (Hamster Lung Fibroblast V79 Cells Expressing Horse CYP3A94) | in vitro (Hamster Lung Fibroblast V79 Cells Expressing Horse CYP3A95) | in vitro (Fish Hepatocellular Carcinoma Cells, PLHC-1) | in vitro (Horse Hepatocytes) | in vitro (Dog Kidney Cells, MDCK-MDR1, Transfected) | in vitro (Mouse Liver Microsomes, Cytochrome P450 Reductase-Null) | in vitro (Mouse Liver Microsomes, Cytochrome b5-Null) | in vitro (Mouse Liver Microsomes, Cytochrome P450 Reductase-Null, Cytochr+ | in vitro (Human Hepatoma Cells) | in vitro (Human Hepatocytes) | in vitro (Rat Hepatocytes) | in vitro (Rat Liver Microsomes, Male) | in vitro (Rat Liver Microsomes, Female) | in vitro (Dog Liver Microsomes) | in vitro (Cat Liver Microsomes) | in vitro (Mouse Liver Microsomes, Cytb5(-/-)) | in vitro (Mouse Lung Microsomes) | in vitro (Mouse Lung Microsomes, Cytb5(-/-)) | in vitro (Mouse Small Intestine Microsomes, Cytb5(-/-)) | in vitro (Mouse Kidney Microsomes) | in vitro (Mouse Kidney Microsomes, Cytb5(-/-)) | in vitro (Human Liver Epithelium THLE Cells Expressing Human CYP3A4) | in vitro (Pig Liver Stem Cells, PICM-19H) | in vitro (Human Hepatoblastoma Cells, Hep G2/C3A) | in vitro (Pig Hepatocytes) | in vitro (Mouse Fibroblasts, STO) | in vitro (Rat Liver Microsomes, Neonatal) | in vitro (Mouse Liver Microsomes, Neonatal) | in vitro (Human Monocytes, Hepatic Differentiated) | in vitro (Human Monocytes) | in vitro (Fish Liver Microsomes, Rainbow Trout) | in vitro (Rabbit Liver Microsomes) | in vitro (Mouse Liver Microsomes, Transgenic) | in vitro (Rat Hepatocytes, Cultured) | in vitro (Rat Small Intestine Microsomes) | in vitro (Human Cells, Caco-2) | in vitro (Human Cells, Caco-2, Transfected) | in vitro (Rat Uterus Microsomes) | in vitro (Rat Prostate Microsomes) | in vitro (Monkey Liver Microsomes) | in vitro (Human Liver Epithelium Cells Expressing Human CYP3A4) | in vitro (Human Liver Epithelium Cells Expressing Human CYP1A2) | in vitro (Human Liver Epithelium Cells Expressing Human CYP2C19) | in vitro (Human Liver Epithelium Cells Expressing Human CYP2C9) | in vitro (Human Liver Epithelium Cells Expressing Human CYP2B6) | in vitro (Human Liver Epithelium Cells Expressing Human CYP2C8) | in vitro (Fish Liver S9 Fraction, Killifish) | in vitro (Fish Intestine S9 Fraction, Killifish) | in vitro (Human Lymphoblasts, Transfected) | in vitro (Human B-Lymphoblastoid Cells Expressing Rat CYP2E1) | in vitro (Human B-Lymphoblastoid Cells Expressing Rat CYP2A1) | in vitro (Human Colon Carcinoma Cells, Caco-2, Transfected) | in vitro (Human B-Lymphoblastoid Cell Microsomes Expressing Human CYP1A2) | in vitro (Human B-Lymphoblastoid Cell Microsomes Expressing Human CYP3A4) | in vitro (Human B-Lymphoblastoid Cell Microsomes Expressing Human CYP2B6) | in vitro (Human B-Lymphoblastoid Cell Microsomes Expressing Human CYP2C9) | in vitro (Human B-Lymphoblastoid Cell Microsomes Expressing Human CYP2C19+ | in vitro (Human B-Lymphoblastoid Cell Microsomes Expressing Human CYP Iso+				57
87908	MTB9965	O-Dealkylation | O-Debenzylation	1 of 2	MTB9965-C	9965	2615	Dibenzylfluorescein	Fluorescein	O=C1OC2(c3ccc(OCc4ccccc4)cc3Oc3cc(OCc4ccccc4)ccc32)c2ccccc21	O=C1OC2(c3ccc(O)cc3Oc3cc(O)ccc32)c2ccccc21	Cytochrome P450 (['CYP3A4']) | Cytochrome P450 (['CYP3A1']) | Cytochrome P450 (['CYP3A4.1', 'CYP3A4.25', 'CYP3A4.27']) | Cytochrome P450 (['CYP2C23']) | Aromatase | Cytochrome P450 (['CYP19']) | Cytochrome P450 (['CYP2C8', 'CYP2C9']) | Cytochrome P450 (['CYP3A']) | Cytochrome P450 (['CYP2C']) | Cytochrome P450 | Cytochrome P450 (['CYP2C', 'CYP3A']) | Cytochrome P450 (['CYP3A4', 'CYP1A1']) | Cytochrome P450 (['CYP3A4', 'CYP3A5', 'CYP2C8']) | Cytochrome P450 (['CYP2E1']) | Cytochrome P450 (['CYP2A1'])	in vitro (Human Liver Microsomes) | in vitro (Rat Liver Microsomes) | in vitro (HEK 293 Cell Microsomes, Transfected) | in vitro (Human Choriocarcinoma Cells, JEG-3) | in vitro (Pig Ovary Cells) | in vitro (Human Hepatoma Cells) | in vitro (Human Hepatocytes) | in vitro (Mouse Liver Microsomes) | in vitro (Mouse Liver Microsomes, STK(-/-)) | in vitro (Fish Liver Microsomes) | in vitro (Mouse Liver Microsomes, Chimeric, Cyp3a(-/-)/ Cyp3a13(+/+)) | in vitro (Mouse Liver Microsomes, Transgenic, Human CYP3A4/CYP3A7) | in vitro (Mouse Liver Microsomes, Transgenic, Human CYP3A4/CYP3A7, Human + | in vitro (Mouse Intestine Microsomes, Chimeric, Cyp3a(-/-)/ Cyp3a13(+/+)) | in vitro (Mouse Intestine Microsomes, Transgenic, Human CYP3A4/CYP3A7) | in vitro (Mouse Intestine Microsomes, Transgenic, Human CYP3A4/CYP3A7, Hu+ | in vitro (Pig Ovary Follicles) | in vitro (Dog Liver Microsomes) | in vitro (Cat Liver Microsomes) | in vitro (Pig Ovary Follicle Cells) | in vitro (Human Monocytes, Hepatic Differentiated) | in vitro (Human Monocytes) | in vitro (Rabbit Liver Microsomes) | in vitro (Human Stem Cells, Embryonic) | in vitro (Human B-Lymphoblastoid Cells Expressing Rat CYP2E1) | in vitro (Human B-Lymphoblastoid Cells Expressing Rat CYP2A1)				18
110580	MTB14241	O-Dealkylation | O-Debenzylation	1 Step	MTB14241-A	14241	53856	Luciferin-PFBE		O=C(O)[C@H]1CSC(c2nc3ccc(OCc4c(F)c(F)c(F)c(F)c4F)cc3s2)=N1	O=C(O)[C@H]1CSC(c2nc3ccc(O)cc3s2)=N1	Cytochrome P450 (['CYP3A5']) | Cytochrome P450 (['CYP3A4']) | Cytochrome P450 (['CYP3A']) | Cytochrome P450 (['CYP3A4', 'CYP3A5', 'CYP3A7']) | Cytochrome P450 (['CYP3A1', 'CYP3A2'])	in vitro (Human Lung Fibroblast Cells, WI-38) | in vitro (Human Lung Fibroblast Cells, WI-38, Transfected) | in vitro (Human Hepatoma Cells, Hep G2/C3A) | in vitro (Human Hepatoma Cells, HepaRG) | in vitro (Mouse Hepatocyte Cells, TAMH) | in vitro (Human Hepatocellular Carcinoma Cells, Huh-7) | in vitro (Human Hepatocarcinoma Cells, Hep G2, Transfected, HPL-A3 Line) | in vitro (Human Hepatocarcinoma Cells, Hep G2) | in vitro (Rat Liver Microsomes) | in vitro (HEK 293 Cells, Transfected) | in vitro (Human Hepatoma Cells, Hep G2) | in vitro (Human Hepatoma Cells, Hep G2, Encapsulated) | in vitro (Rat Hepatocytes) | in vitro (Rat Hepatoma Cells, H-4-II-E) | in vitro (Human Hepatocytes)				11
5872	MTB421	Glucopyranosidation | Glycosidation | Optical Resolution	1 Step	MTB421-B	421	23846	Amobarbital		CCC1(CCC(C)C)C(=O)NC(=O)NC1=O	CC[C@]1(CCC(C)C)C(=O)NC(=O)N([C@@H]2O[C@H](CO)[C@@H](O)[C@H](O)[C@H]2O)C1=O		Human | in vitro (Cat Liver Microsomes)	Oral	N-Glucoside | N-Glucopyranoside	Urine	2
5873	MTB421	Glucopyranosidation | Glycosidation | Optical Resolution	1 Step	MTB421-C	421	23845	Amobarbital		CCC1(CCC(C)C)C(=O)NC(=O)NC1=O	CC[C@@]1(CCC(C)C)C(=O)NC(=O)N([C@@H]2O[C@H](CO)[C@@H](O)[C@H](O)[C@H]2O)C1=O		Human | in vitro (Cat Liver Microsomes)	Oral	N-Glucoside | N-Glucopyranoside	Urine	2
7520	MTB513	N-Dealkylation | N-Demethylation | N-Methoxylation	1 Step	MTB513-IA	513	19647	Verapamil		COc1ccc(CCN(C)CCCC(C#N)(c2ccc(OC)c(OC)c2)C(C)C)cc1OC	CO/N=C\CCC(C#N)(c1ccc(OC)c(OC)c1)C(C)C		in vitro (Human Liver Microsomes) | in vitro (Rat Liver Microsomes)				2
7522	MTB513	N-Dealkylation | N-Demethylation | N-Methoxylation	1 Step	MTB513-IC	513	19656	Verapamil		COc1ccc(CCN(C)CCCC(C#N)(c2ccc(OC)c(OC)c2)C(C)C)cc1OC	CO/N=C/Cc1ccc(OC)c(OC)c1		in vitro (Human Liver Microsomes) | in vitro (Rat Liver Microsomes)				1
12619	MTB778	Oxidation | P-Dealkylation | P-Hydroxylation	1 Step	MTB778-A	778	20555	(RS)-2-Methoxy-3-(octadecylcarbamoyloxy)propyl 2-(3-thiazolio)ethyl phosp+		CCCCCCCCCCCCCCCCCCNC(=O)OCC(COP(=O)([O-])OCC[n+]1ccsc1)OC	COC(COC(=O)NCCCCCCCCCCCCCCCCCC(=O)O)COP(=O)(O)O		Rat | Dog	Intravenous		Urine	1
12620	MTB778	Decarboxylation | Oxidation | P-Dealkylation | P-Hydroxylation	1 Step	MTB778-B	778	20554	(RS)-2-Methoxy-3-(octadecylcarbamoyloxy)propyl 2-(3-thiazolio)ethyl phosp+		CCCCCCCCCCCCCCCCCCNC(=O)OCC(COP(=O)([O-])OCC[n+]1ccsc1)OC	COC(COC(=O)NCC(=O)O)COP(=O)(O)O		Rat | Dog	Intravenous		Urine	1
17438	MTB1057	Cope Elimination	2 of 4	MTB1057-B	21384	21386			CC(CN1c2ccccc2S(=O)(=O)c2ccccc21)[N+](C)(C)[O-]	C=CCN1c2ccccc2S(=O)(=O)c2ccccc21						3
37367	MTB2363	Cope Elimination	1 Step	MTB2363-N	2363	29570	Tetraplatin		N[C@@H]1CCCC[C@H]1N.[Cl][Pt]([Cl])([Cl])[Cl]	N[C@@H]1CCCC[C@H]1N		Rat	Intravenous		Plasma	1
22286	MTB1435	Aromatic Sulfinylation	1 Step	MTB1435-B	1435	22414	2,4-Diamino-6-(2,5-dichlorophenyl)-s-triazine		Nc1nc(N)nc(-c2cc(Cl)ccc2Cl)n1	CS(=O)c1cc(Cl)cc(-c2nc(N)nc(N)n2)c1Cl		Rat | Guinea Pig | Monkey	Intravenous; Oral		Urine	1
22290	MTB1435	Aromatic Sulfinylation	1 Step	MTB1435-F	1435	22413	2,4-Diamino-6-(2,5-dichlorophenyl)-s-triazine		Nc1nc(N)nc(-c2cc(Cl)ccc2Cl)n1	CS(=O)c1cc(Cl)c(-c2nc(N)nc(N)n2)cc1Cl		Rat | Guinea Pig | Monkey	Intravenous; Oral		Urine	1
22359	MTB1446	Sulfinylation	1 of 2	MTB1446-M	1446	22514	Mopidralazine		Cc1ccc(C)n1Nc1ccc(N2CCOCC2)nn1	Cc1cc(S(C)=O)c(C)n1Nc1ccc(N2CCOCC2)nn1		Rat	Intravenous; Oral		Urine	1
53772	MTB4515	Covalent Binding | Protein Binding | Sulfinylation	2 of 3	MTB4515-F	5920	42198	4,4'-Methylenedianiline		Nc1ccc(Cc2ccc(N)cc2)cc1	*S(=O)Nc1ccc(Cc2ccc(N)cc2)cc1		Rat	Inhalation		Erythrocytes	1
26451	MTB1694	Carbamoylation | N-Carbamoylation	2 of 2	MTB1694-C	2218	2131	L-Ornithine	L-Citrulline	NCCC[C@H](N)C(=O)O	NC(=O)NCCC[C@H](N)C(=O)O	Ornithine Carbamoyltransferase | Carbamoyl Phosphate Synthetase	in vitro (Rat Heart Homogenate) | in vitro (Pig Jejunum Enterocytes)				2
35879	MTB2218	Carbamoylation | N-Carbamoylation	1 Step	MTB2218-E	2218	2131	L-Ornithine	L-Citrulline	NCCC[C@H](N)C(=O)O	NC(=O)NCCC[C@H](N)C(=O)O	Ornithine Carbamyltransferase | Carbamoyl Phosphate Synthetase	in vitro (Rat Liver Microsomes) | in vitro (Human Leukemia Tmolt4 Cells) | in vitro (Mouse Serum)				4
27797	MTB1751	Electron Uptake	1 Step	MTB1751-B	1751	23533	3-Amino-1,2,4-benzotriazine 1,4-dioxide		Nc1n[n+]([O-])c2ccccc2[n+]1[O-]	NC1=NN([O-])c2ccccc2N1[O-]		in vitro (Rat Liver Microsomes)				1
27798	MTB1751	Electron Uptake | Protonation	1 Step	MTB1751-C	1751	23534	3-Amino-1,2,4-benzotriazine 1,4-dioxide		Nc1n[n+]([O-])c2ccccc2[n+]1[O-]	NC1=NN([O-])c2ccccc2N1O		in vitro (Rat Liver Microsomes)				1
59856	MTB5443	Transchelation	1 Step	MTB5443-A	5443	32579	N,N-Bis(2-((carboxymethyl)(2-methylamino-2-oxoethyl)amino)ethyl)glycine		CNC(=O)CN(CCN(CCN(CC(=O)O)CC(=O)NC)CC(=O)O)CC(=O)O	CNC(=O)CN1CCN(CC(=O)O)CCN(CC(=O)NC)CC(=O)[O][Zn][O]C(=O)C1		Rat	Intravenous		Urine	1
59857	MTB5443	Transchelation	1 Step	MTB5443-B	5443	32580	N,N-Bis(2-((carboxymethyl)(2-methylamino-2-oxoethyl)amino)ethyl)glycine		CNC(=O)CN(CCN(CCN(CC(=O)O)CC(=O)NC)CC(=O)O)CC(=O)O	CNC(=O)CN1CCN(CC(=O)O)CCN(CC(=O)NC)CC(=O)[O][Cu][O]C(=O)C1		Rat	Intravenous		Urine	1
118273	MTB15517	Isomerization | Stereoisomerization	1 Step	MTB15517-A	15517	16219	gamma-Hexabromocyclododecane	alpha-Hexabromocyclododecane	Br[C@@H]1CC[C@@H](Br)[C@@H](Br)CC[C@H](Br)[C@H](Br)CC[C@H]1Br	Br[C@@H]1CC[C@H](Br)[C@H](Br)CC[C@@H](Br)[C@@H](Br)CC[C@H]1Br		Mouse	Oral		Fat | Feces | Liver | Brain | Bile | Serum | Urine	1
118274	MTB15517	Isomerization | Stereoisomerization	1 Step	MTB15517-B	15517	16423	gamma-Hexabromocyclododecane	beta-Hexabromocyclododecane	Br[C@@H]1CC[C@@H](Br)[C@@H](Br)CC[C@H](Br)[C@H](Br)CC[C@H]1Br	Br[C@@H]1CC[C@@H](Br)[C@@H](Br)CC[C@@H](Br)[C@@H](Br)CC[C@H]1Br		Mouse	Oral		Liver | Fat | Brain | Feces | Bile | Serum | Urine	1
8015	MTB552	Aromatic Selenylation	1 Step	MTB552-FE	552	24356	Paracetamol		CC(=O)Nc1ccc(O)cc1	CC(=O)Nc1ccc(O)c([SeH])c1		Mouse			Liver	1
8186	MTB563	Amination | Aromatic Amidation | Dearomatization | Isomerization | Rearrangement | S-Dealkylation | S-Dearylation | Tautomerization	1 of 2 | 1 of 3 | 1 of 2 | 1 of 2 | 1 of 3 | 1 of 4 | 1 of 5 | 1 of 4	MTB563-A | MTB563-B | MTB563-C | MTB563-D | MTB563-E | MTB563-F | MTB563-G | MTB563-H	563	1301	(Azathioprine=1H-Tautomer)	Thioguanine	Cn1cnc([N+](=O)[O-])c1Sc1ncnc2[nH]cnc12	Nc1nc2[nH]cnc2c(=S)[nH]1		Human	Oral		Erythrocytes | Red Blood Cells | Neutrophils | Reticulocytes | Blood	5
12299	MTB762	N-Cyanoalkylation	1 Step	MTB762-AL	762	3882	Methamphetamine	(S)-N-Cyanomethyl-N,alpha-dimethylbenzeneethanamine	CN[C@@H](C)Cc1ccccc1	C[C@@H](Cc1ccccc1)N(C)CC#N		Human	Inhalation		Urine	1
23606	MTB1533	Amide Hydroxylation | Deamidation | Hydrolysis | N-Deacylation	1 of 2	MTB1533-AF	1533	22558	Ochratoxin A		C[C@@H]1Cc2c(Cl)cc(C(=O)N[C@@H](Cc3ccccc3)C(=O)O)c(O)c2C(=O)O1	C[C@@H]1Cc2c(Cl)cc(C(=O)O)c(O)c2C(=O)O1	Cytochrome P450	Human (Female, Pregnant) | Human | Sheep | in vitro (Opossum Kidney Cells, Cultured) | Sheep (Female, Lactating) | Rat | Rat (Male) | Rat (Female) | in vitro (Human Bronchial Epithelium Cells) | in vitro (Rabbit Kidney Microsomes) | in vitro (Monkey Kidney Cells) | in vitro (Pig Liver Microsomes) | in vitro (Rat Liver Microsomes)	Environmental Exposure | Oral | Intravenous		Urine | Plasma | Serum | Milk | Liver | Kidney | Feces | Blood | Ruminal Fluid | Bile	18
25513	MTB1639	Aromatic Hydroxylation | N-Dehalogenation	3 of 3	MTB1639-E	23028	23030			CCCN(CCOc1c(Cl)cc(Cl)cc1Cl)C(N)=O	CCCN(CCOc1c(Cl)cc(O)cc1Cl)C(N)=O		Rat	Oral		Urine	1
34890	MTB2154	Thioacetylation	1 Step	MTB2154-N	2154	29111	1,2,4-Trichlorobenzene		Clc1ccc(Cl)c(Cl)c1	O=C(O)CSc1cc(Cl)c(Cl)cc1Cl		Rat (Bile Duct Cannulated)	Oral	Thioacetate	Urine | Bile	1
35884	MTB2218	Transcarbamoylation	1 of 2	MTB2218-G	2218	1694	L-Ornithine	L-Arginine	NCCC[C@H](N)C(=O)O	N=C(N)NCCC[C@H](N)C(=O)O	Carbamoyl Phosphate Synthetase | Ornithine Carbamoyltransferase	in vitro (Pig Jejunum Enterocyte Cytosol)				1
36269	MTB2256	Aliphatic Halogenation | Hydroxylation | O-Demethylation | Ring Closure	1 Step	MTB2256-D	2256	24596	Metolachlor		CCc1cccc(C)c1N(C(=O)CCl)C(C)COC	CCc1cccc(C)c1N1C(=O)C(O)OCC1C		in vitro (Tomatoes)				1
36940	MTB2319	Aliphatic Hydroxylation | C-Oxidation | Epoxidation | O-Deallylation | O-Demethylation	1 of 3	MTB2319-K	2319	26247	FK 506		C=CC[C@@H]1/C=C(\C)C[C@H](C)C[C@H](OC)[C@H]2O[C@@](O)(C(=O)C(=O)N3CCCC[C@H]3C(=O)O[C@H](/C(C)=C/[C@@H]3CC[C@@H](O)[C@H](OC)C3)[C@H](C)[C@@H](O)CC1=O)[C@H](C)C[C@@H]2OC	C/C(=C\[C@@H]1CC[C@@H](O)[C@H](O)C1)[C@H]1OC(=O)[C@@H]2CCCCN2C(=O)C(=O)[C@]2(O)O[C@H]([C@@H](O)C[C@@H](C)C/C(CO)=C/[C@@H](CC3CO3)C(=O)C[C@H](O)[C@H]1C)[C@@H](O)C[C@H]2C		in vitro (Rabbit Liver Microsomes)				1
41027	MTB2829	Oligomerization	1 of 4 | 1 of 2 | 1 of 3	MTB2829-A | MTB2829-B | MTB2829-C	2829	4788	Acetic acid	(+/-)-Squalene-2,3-oxide	CC(=O)O	CC(C)=CCC/C(C)=C/CC/C(C)=C/CC/C=C(\C)CC/C=C(\C)CCC1OC1(C)C		in vitro (Human Hepatoma Cells)				1
42385	MTB2936	Transformylation	1 of 5 | 1 of 6 | 1 of 3	MTB2936-B | MTB2936-C | MTB2936-D	2936	44926	(R)-Folinic acid		Nc1nc(=O)c2c([nH]1)NC[C@@H](CNc1ccc(C(=O)N[C@@H](CCC(=O)O)C(=O)O)cc1)N2C=O	Nc1nc(=O)c2c([nH]1)NC[C@@H](CN(C=O)c1ccc(C(=O)N[C@@H](CCC(=O)O)C(=O)O)cc1)N2		Human	Oral		Urine	1
44496	MTB3103	Transamidation	1 Step	MTB3103-A	3103	30508	gamma-L-Glutamyl-p-nitroanilide		N[C@@H](CCC(=O)Nc1ccc([N+](=O)[O-])cc1)C(=O)O	N[C@@H](CCC(=O)NCC(=O)NCC(=O)O)C(=O)O	gamma-Glutamyltransferase	in vitro (Rat Proximal Tubule Cells) | in vitro (Rat Serum)				2
45737	MTB3272	Dithiodecarboxylation	1 Step	MTB3272-I	3272	2830	Metham	Methylamine	CNC(=S)S	CN		Rat | Mouse	Oral | Intraperitoneal		Urine	1
46767	MTB3406	Dehalogenation | Selenation	1 Step	MTB3406-H	3406	35612	Methyl mercury chloride		[CH3][Hg][Cl]	[CH3][Hg][Se][Hg][CH3]		Rat	Intraperitoneal		Blood | Kidney | Liver | Brain	1
54878	MTB4752	S-Acylation	1 Step	MTB4752-D	4752	9301	Glutathione	S-D-Lactoylglutathione	N[C@@H](CCC(=O)N[C@@H](CS)C(=O)NCC(=O)O)C(=O)O	C[C@@H](O)C(=O)SC[C@H](NC(=O)CC[C@H](N)C(=O)O)C(=O)NCC(=O)O	Glyoxalase I	in vitro (Human Bronchial Epithelium Cells, BEAS-2B)				1
55978	MTB4896	Alkoxylation | C-Oxidation | Methoxylation | O-Alkylation | O-Methylation	1 of 2 | 1 of 2 | 1 of 3	MTB4896-J | MTB4896-K | MTB4896-L	4896	20696	3-Hydroxytamoxifen		CC/C(=C(/c1ccc(OCCN(C)C)cc1)c1cccc(O)c1)c1ccccc1	CC/C(=C(/c1ccc(OCCN(C)C)cc1)c1ccc(OC)c(O)c1)c1ccccc1		Human (Female) | Human | Rat	Oral		Plasma | Serum | Feces	3
61282	MTB5723	Aliphatic Sulfuration | Protein Binding	2 of 2	MTB5723-A	33402	33403			CCN=C=CC(=O)c1cccc(S(=O)(=O)O)c1	*C(=O)[C@@H](N)CS/C(=C/C(=O)c1cccc(S(=O)(=O)O)c1)NCC		in vitro (Human Platelets)		Cysteine		1
77287	MTB8198	S-Denitrosylation | S-Reduction	1 Step	MTB8198-A	8198	1539	S-Nitrosocaptopril	Captopril	C[C@H](CSN=O)C(=O)N1CCC[C@H]1C(=O)O	C[C@H](CS)C(=O)N1CCC[C@H]1C(=O)O		Rat	Oral		Urine | Feces	1
85806	MTB9555	Transselenation	1 of 2	MTB9555-H	9555	35026	Selenomethionine		C[Se]CC[C@H](N)C(=O)O	N[C@@H](C[SeH])C(=O)O		Rat	Oral		Liver | Kidney | Heart | Brain | Testes	1
99949	MTB12257	Trimerization	1 Step	MTB12257-I	12257	68383	Calycosin		COc1ccc(-c2coc3cc(O)ccc3c2=O)cc1O	COc1ccc(-c2coc3cc(O)c(Oc4cc(-c5coc6cc(O)c(Oc7cc(-c8coc9cc(O)ccc9c8=O)ccc7OC)cc6c5=O)ccc4OC)cc3c2=O)cc1O		in vitro (Rat Liver S9 Fraction)				1
