source	reaction_id	btmr_id	common_name	bt_object_id	n_reactant_smarts	reactant_smarts	n_excluded_smarts	excluded_smarts	smirks
base	ACETYLNEURAMINYL_HYDROLYSIS_PATTERN1	BTMR1015	Hydrolysis of terminal sialic acid from N-acylneumarinic acid conjugate	bt:ACETYLNEURAMINYL_HYDROLYSIS	2	[H][C;R0]([#6])([CX4H3,OX2H1,#1])[C;R0]([H])([CX4H3,OX2H1,#1])[C;R0]([H])([CX4H3,OX2H1,#1])[C;R0]([H])([CX4H3,OX2H1,#1])[C;R0]([H])([CX4H3,OX2H1,#1])[C;R0]([H])([CX4H3,OX2H1,#1])[C;R0]([H])([CX4H3,OX2H1,#1])[C;R0]([H])([CX4H3,OX2H1,#1])[#6]-,=[#6][#6;A;H1X4R0]([#8;A;H1X2])[#6;A;H1X4R0]([#6;A;H2X4R0][#8;R0]-[#6;R1]1-[#8;R1][#6;A;H1X4]([#6]-[#8])[#6;A;H1X4]([#8])[#6;A;H1X4]([#8;X2])[#6;A;H1X4]1[#8])[#7;A;H1X3][#6](-[#6])=O | [#6;A;H3X4][#6](=O)-[#7;H1X3][#6;A;H1X4]1[#6;A;H1X4]([#8;A;H1X2])[#6;A;X4]C([#8;X2][#6;A;H1X4]2[#6;A;H1X4]([#8])[#6;R1](-[#8;R0])-[#8;R1][#6;A;H1X4]([#6]-[#8])[#6;A;H1X4]2[#8])([#8][#6;A;H1X4]1[#6;H1X4]([#8;A;H1X2])-[#6;H1X4]([#8;A;H1X2])-[#6;H2X4][#8;A;H1X2])[#6]([#8;A;X2H1,X1-])=O	0		[#6;A;H3X4:30][#6:29](=[O:31])-[#7;H1X3:28][#6;A;H1X4:20]1[#6;A;H1X4:17]([#8;A;H1X2:21])[#6;A;X4:14][C:12]([#8;X2:7][#6;A;H1X4:3]2[#6;A;H1X4:6]([#8:10])[#6;R1:8](-[#8;R0:11])-[#8;R1:4][#6;A;H1X4:2]([#6:5]-[#8:9])[#6;A;H1X4:1]2[#8:32])([#8:13][#6;A;H1X4:16]1[#6;H1X4:22]([#8;A;H1X2:26])-[#6;H1X4:23]([#8;A;H1X2:27])-[#6;H2X4:24][#8;A;H1X2:25])[#6:15]([#8;A;X2H1,X1-:18])=[O:19]>>[H][#8;X2:7][#6;A;H1X4:3]1[#6;A;H1X4:6]([#8:10])[#6;R1:8](-[#8;R0:11])-[#8;R1:4][#6;A;H1X4:2]([#6:5]-[#8:9])[#6;A;H1X4:1]1[#8:32].[H][#8][C:12]1([#6;A;X4:14][#6;A;H1X4:17]([#8;A;H1X2:21])[#6;A;H1X4:20]([#7;H1X3:28]-[#6:29]([#6;A;H3X4:30])=[O:31])[#6;A;H1X4:16]([#8:13]1)[#6;H1X4:22]([#8;A;H1X2:26])-[#6;H1X4:23]([#8;A;H1X2:27])-[#6;H2X4:24][#8;A;H1X2:25])[#6:15]([#8;A;X2H1,X1-:18])=[O:19]
base	ACYLCHOLINE_ACYLHYDROLYSIS	BTMR0519	Acyl hydrolysis of acylcholine	bt:ACYLCHOLINE_ACYLHYDROLYSIS	1	[#6;H3X4][N;X4+]([#6;H3X4])([#6;H3X4])[#6;H2X4]-[#6;H2X4]-[#8;X2]-[#6]([#6,#1;A])=O	0		[#6;H3X4:1][N;X4+:2]([#6;H3X4:3])([#6;H3X4:4])[#6;H2X4:5]-[#6;H2X4:6]-[#8;X2:7]-[#6:8]([#6,#1;A:9])=[O:10]>>[H][#8]-[#6:8]([#6,#1;A:9])=[O:10].[H][#8;X2:7]-[#6;H2X4:6]-[#6;H2X4:5][N;X4+:2]([#6;H3X4:1])([#6;H3X4:3])[#6;H3X4:4]
base	ACYLGLYCEROL_3_PHOSPHATE_OXIDATION	BTMR0476	Oxidation of acylglycerol-3-phosphate	bt:ACYLGLYCEROL_3_PHOSPHATE_OXIDATION	1	[#6][#6;A;X3](=O)[#8;X2][#6;A;H2X4][#6;A;H1X4]([#8;A;H1X2])[#6;A;H2X4][#8;X2][P;X4]([#8;A;X1-,X2H1])([#8;A;X1-,X2H1])=[O;X1]	0		[H:14][#8;A;X2:4][#6;A;X4:3]([H:15])([#6;A;H2X4:2][#8;X2:1][#6;A;X3:7]([#6:8])=[O:13])[#6;A;H2X4:5][#8;X2:6][P;X4:9]([#8;A;X1-,X2H1:12])([#8;A;X1-,X2H1:11])=[O;X1:10]>>[H:15][H:14].[#6:8][#6;A;X3:7](=[O:13])[#8;X2:1][#6;A;H2X4:2][#6;A;X3:3](=[#8;A;X1:4])[#6;A;H2X4:5][#8;X2:6][P;X4:9]([#8;A;X1-,X2H1:12])([#8;A;X1-,X2H1:11])=[O;X1:10]
base	ACYLGLYCERONE_3_PHOSPHATE_REDUCTION	BTMR0477	Reduction of acylglycerol-3-phosphate	bt:ACYLGLYCERONE_3_PHOSPHATE_REDUCTION	1	[#6][#6;A;X3](=O)[#8;X2][#6;A;H2X4][#6;A;X3](=[#8;A;X1])[#6;A;H2X4][#8;X2][P;X4]([#8;A;X1-,X2H1])([#8;A;X1-,X2H1])=[O;X1]	0		[#6:8][#6;A;X3:7](=[O:13])[#8;X2:1][#6;A;H2X4:2][#6;A;X3:3](=[#8;A;X1:4])[#6;A;H2X4:5][#8;X2:6][P;X4:9]([#8;A;X1-,X2H1:12])([#8;A;X1-,X2H1:11])=[O;X1:10]>>[H][#8;A;X2:4][#6;A;X4:3]([H])([#6;A;H2X4:2][#8;X2:1][#6;A;X3:7]([#6:8])=[O:13])[#6;A;H2X4:5][#8;X2:6][P;X4:9]([#8;A;X1-,X2H1:12])([#8;A;X1-,X2H1:11])=[O;X1:10]
base	ACYLPHOSPHATE_PHOSPHOHYDROLYSIS	BTMR0586	Phosphohydrolysis of acylphosphate	bt:ACYLPHOSPHATE_PHOSPHOHYDROLYSIS	1	[#8;A;X2H1,X1-][P;X4]([#8;A;X2H1,X1-])(=[O;X1])[#8;X2]-[#6;X3]([#6,#1;A])=[O;X1]	0		[#8;A;X2H1,X1-:2][P;X4:1]([#8;A;X2H1,X1-:3])(=[O;X1:4])[#8;X2:5]-[#6;X3:6]([#6,#1;A:8])=[O;X1:7]>>[#8-]-[#6;X3:6]([#6,#1;A:8])=[O;X1:7].[#8;A;X2H1,X1-:2][P;X4:1]([#8;A;X2H1,X1-:3])([#8;X2:5])=[O;X1:4]
base	ACYL_COA_11Z_DESATURATION	BTMR0409	Desaturation of (11Z)-acyl-CoA	bt:ACYL_COA_11Z_DESATURATION	1	[#8]-,=[#6;R0](-,=[#7;R0]-[#6;R0]-[#6;R0]-[#16;R0]-[#6;R0](=[O;R0])-[#6;H2X4R0][#6;A;X4R0;H1,H2][#6;R0][#6;A;X4R0][#6;A;X4R0][#6;A;X4R0][#6;A;X4R0][#6;A;X4R0][#6;A;X4R0][#6;A;X4R0;H1,H2,H3][#6;A;X4R0;H1,H2,H3])-[#6;R0]-[#6;R0]-[#7;R0]-,=[#6;R0](-,=[#8;R0])[#6;A;H1X4]([#8])[C;R0]([#6;R0])([#6;R0])[#6;R0]-[#8;R0][P;R0]([!#1!#6;O,$([O-])])(=[O;R0])[#8;R0][P;R0]([!#1!#6;O,$([O-])])(=[O;R0])[#8]-[#6]-[#6]-1-[#8]-[#6](-[#6](-[#8])-[#6]-1-[#8]P([!#1!#6;O,$([O-])])([!#1!#6;O,$([O-])])=O)-n1cnc2c(-[#7])ncnc12	1	[$([#6]=[#6])]	[#8:1]-,=[#6;R0:2](-,=[#7;R0:3]-[#6;R0:4]-[#6;R0:5]-[#16;R0:6]-[#6;R0:7](=[O;R0:8])-[#6;H2X4R0:9][#6;A;X4R0;H1,H2:10][#6;R0:11][#6;A;X4R0:54][#6;A;X4R0:55][#6;A;X4R0:56][#6;A;X4R0:57][#6;A;X4R0:58][#6;A;X4R0:59][#6;A;X4R0;H1,H2,H3:60][#6;A;X4R0;H1,H2,H3:61])-[#6;R0:12]-[#6;R0:13]-[#7;R0:14]-,=[#6;R0:15](-,=[#8;R0:16])[#6;A;H1X4:17]([#8:18])[C;R0:19]([#6;R0:20])([#6;R0:21])[#6;R0:22]-[#8;R0:23][P;R0:24]([!#1!#6;O,$([O-]):25])(=[O;R0:26])[#8;R0:27][P;R0:28]([!#1!#6;O,$([O-]):29])(=[O;R0:30])[#8:31]-[#6:32]-[#6:33]-1-[#8:34]-[#6:35](-[#6:36](-[#8:37])-[#6:38]-1-[#8:39][P:40]([!#1!#6;O,$([O-]):41])([!#1!#6;O,$([O-]):42])=[O:43])-[n:44]1[c:45][n:46][c:47]2[c:48](-[#7:49])[n:50][c:51][n:52][c:53]12>>[#8:1]-,=[#6;R0:2](-,=[#7;R0:3]-[#6;R0:4]-[#6;R0:5]-[#16;R0:6]-[#6;R0:7](=[O;R0:8])-[#6;H2X4R0:9][#6;A;X4R0;H1,H2:10][#6;R0:11][#6;A;X4R0:54][#6;A;X4R0:55][#6;A;X4R0:56][#6;A;X4R0:57][#6;A;X4R0:58][#6;A;X4R0:59][#6;A;X3R0;H1,H2:60]=[#6;A;X3R0;H1,H2:61])-[#6;R0:12]-[#6;R0:13]-[#7;R0:14]-,=[#6;R0:15](-,=[#8;R0:16])[#6;A;H1X4:17]([#8:18])[C;R0:19]([#6;R0:20])([#6;R0:21])[#6;R0:22]-[#8;R0:23][P;R0:24]([!#1!#6;O,$([O-]):25])(=[O;R0:26])[#8;R0:27][P;R0:28]([!#1!#6;O,$([O-]):29])(=[O;R0:30])[#8:31]-[#6:32]-[#6:33]-1-[#8:34]-[#6:35](-[#6:36](-[#8:37])-[#6:38]-1-[#8:39][P:40]([!#1!#6;O,$([O-]):41])([!#1!#6;O,$([O-]):42])=[O:43])-[n:44]1[c:45][n:46][c:47]2[c:48](-[#7:49])[n:50][c:51][n:52][c:53]12
base	ACYL_COA_C_ACYL_TRANSFER	BTMR0423	Formation of 3-oxoacyl-CoA from acyl-CoA 	bt:ACYL_COA_C_ACYL_TRANSFER	1	[#6;R0]-,=[#6;R0]-,=[#6;R0]-,=[#6;R0]-[#6;R0](=O)-[#16]C([H])([H])C([H])([H])[#7]([H])-[#6](=O)C([H])([H])C([H])([H])[#7]([H])-[#6](=O)C([H])([#8][H])C(C([H])([H])[H])(C([H])([H])[H])C([H])([H])[#8]P(=O)([#8][H])[#8]P(=O)([#8][H])[#8]C([H])([H])C1([H])[#8]C([H])([#7]-2-[#6]([H])=[#7]-[#6]-3=[#6]-2-[#7]=[#6]([H])-[#7]=[#6]-3-[#7]([H])[H])C([H])([#8][H])C1([H])[#8]P(=O)([#8][H])[#8][H]	1	[#6]-,=[#6]-,=[#6]-,=[#6]-,=[#6]-,=[#6]-,=[#6]-,=[#6]-,=[#6]-,=[#6]-,=[#6]-,=[#6;R0]-,=[#6;R0]-,=[#6;R0]-,=[#6;R0]-[#6;R0](=O)-[#16]C([H])([H])C([H])([H])[#7]([H])-[#6](=O)C([H])([H])C([H])([H])[#7]([H])-[#6](=O)C([H])([#8][H])C(C([H])([H])[H])(C([H])([H])[H])C([H])([H])[#8]P(=O)([#8][H])[#8]P(=O)([#8][H])[#8]C([H])([H])C1([H])[#8]C([H])([#7]-2-[#6]([H])=[#7]-[#6]-3=[#6]-2-[#7]=[#6]([H])-[#7]=[#6]-3-[#7]([H])[H])C([H])([#8][H])C1([H])[#8]P(=O)([#8][H])[#8][H]	[#6;R0:89]-,=[#6;R0:88]-,=[#6;R0:87]-,=[#6;R0:27]-[#6;R0:26](=[O:28])-[#16:25][C:22]([H:23])([H:24])[C:19]([H:20])([H:21])[#7:17]([H:18])-[#6:15](=[O:16])[C:12]([H:13])([H:14])[C:9]([H:10])([H:11])[#7:7]([H:8])-[#6:5](=[O:6])[C:3]([H:4])([#8:2][H:1])[C:29]([C:30]([H:31])([H:32])[H:33])([C:34]([H:35])([H:36])[H:37])[C:38]([H:39])([H:40])[#8:41][P:42](=[O:43])([#8:44][H:45])[#8:46][P:47](=[O:48])([#8:49][H:50])[#8:51][C:52]([H:53])([H:54])[C:55]1([H:56])[#8:57][C:58]([H:59])([#7:60]-2-[#6:61]([H:62])=[#7:63]-[#6:64]-3=[#6:65]-2-[#7:66]=[#6:67]([H:68])-[#7:69]=[#6:70]-3-[#7:71]([H:72])[H:73])[C:74]([H:75])([#8:76][H:77])[C:78]1([H:79])[#8:80][P:81](=[O:82])([#8:83][H:84])[#8:85][H:86]>>[#6;R0:89]-,=[#6;R0:88]-,=[#6;R0:87]-,=[#6;R0:27]-[#6](=O)C([H])([H])[#6;R0:26](=[O:28])-[#16:25][C:22]([H:23])([H:24])[C:19]([H:20])([H:21])[#7:17]([H:18])-[#6:15](=[O:16])[C:12]([H:13])([H:14])[C:9]([H:10])([H:11])[#7:7]([H:8])-[#6:5](=[O:6])[C:3]([H:4])([#8:2][H:1])[C:29]([C:30]([H:31])([H:32])[H:33])([C:34]([H:35])([H:36])[H:37])[C:38]([H:39])([H:40])[#8:41][P:42](=[O:43])([#8:44][H:45])[#8:46][P:47](=[O:48])([#8:49][H:50])[#8:51][C:52]([H:53])([H:54])[C:55]1([H:56])[#8:57][C:58]([H:59])([#7:60]-2-[#6:61]([H:62])=[#7:63]-[#6:64]-3=[#6:65]-2-[#7:66]=[#6:67]([H:68])-[#7:69]=[#6:70]-3-[#7:71]([H:72])[H:73])[C:74]([H:75])([#8:76][H:77])[C:78]1([H:79])[#8:80][P:81](=[O:82])([#8:83][H:84])[#8:85][H:86]
base	ACYL_COA_GLYCEROL_3_PHOSPHATE_1_O_ACYL_TRANSFER	BTMR0421	1-O-Acyl transfer from acyl-CoA to glycerol-3-phosphate	bt:ACYL_COA_GLYCEROL_3_PHOSPHATE_1_O_ACYL_TRANSFER	1	[#8]-,=[#6;R0](-,=[#7;R0]-[#6;R0]-[#6;R0]-[#16;X2R0]-[#6;R0](=[O;R0])-[#6;H2X4R0]-[#6;H2X4R0])-[#6;R0]-[#6;R0]-[#7;R0]-,=[#6;R0](-,=[#8;R0])[#6;A;H1X4]([#8])[C;R0]([#6;R0])([#6;R0])[#6;H2X4R0]-[#8;R0][P;R0]([!#1!#6;O,$([O-])])(=[O;R0])[#8;R0][P;R0]([!#1!#6;O,$([O-])])(=[O;R0])[#8]-[#6]-[#6]-1-[#8]-[#6](-[#6](-[#8])-[#6]-1-[#8]P([!#1!#6;O,$([O-])])([!#1!#6;O,$([O-])])=O)-n1cnc2c(-[#7])ncnc12	0		[#8:1]-,=[#6;R0:2](-,=[#7;R0:3]-[#6;R0:4]-[#6;R0:5]-[#16;X2R0:6]-[#6;R0:7](=[O;R0:8])-[#6;H2X4R0:9]-[#6;H2X4R0:10])-[#6;R0:11]-[#6;R0:12]-[#7;R0:13]-,=[#6;R0:14](-,=[#8;R0:15])[#6;A;H1X4:16]([#8:17])[C;R0:18]([#6;R0:19])([#6;R0:20])[#6;H2X4R0:21]-[#8;R0:22][P;R0:23]([!#1!#6;O,$([O-]):24])(=[O;R0:25])[#8;R0:26][P;R0:27]([!#1!#6;O,$([O-]):28])(=[O;R0:29])[#8:30]-[#6:31]-[#6:32]-1-[#8:33]-[#6:34](-[#6:35](-[#8:36])-[#6:37]-1-[#8:38][P:39]([!#1!#6;O,$([O-]):40])([!#1!#6;O,$([O-]):41])=[O:42])-[n:43]1[c:44][n:45][c:46]2[c:51](-[#7:52])[n:50][c:49][n:48][c:47]12>>[#6;H2X4R0:10]-[#6;H2X4R0:9]-[#6;R0:7](=[O;R0:8])-[#8]-[#6]-[#6](-[#8])-[#6]-[#8]P([#8])([#8])=O.[#8:1]-,=[#6;R0:2](-,=[#7;R0:3]-[#6;R0:4]-[#6;R0:5]-[#16;X2R0:6])-[#6;R0:11]-[#6;R0:12]-[#7;R0:13]-,=[#6;R0:14](-,=[#8;R0:15])[#6;A;H1X4:16]([#8:17])[C;R0:18]([#6;R0:19])([#6;R0:20])[#6;H2X4R0:21]-[#8;R0:22][P;R0:23]([!#1!#6;O,$([O-]):24])(=[O;R0:25])[#8;R0:26][P;R0:27]([!#1!#6;O,$([O-]):28])(=[O;R0:29])[#8:30]-[#6:31]-[#6:32]-1-[#8:33]-[#6:34](-[#6:35](-[#8:36])-[#6:37]-1-[#8:38][P:39]([!#1!#6;O,$([O-]):40])([!#1!#6;O,$([O-]):41])=[O:42])-[n:43]1[c:44][n:45][c:46]2[c:51](-[#7:52])[n:50][c:49][n:48][c:47]12
base	ACYL_COA_OXIDATION	BTMR0384	Oxidation of acyl-CoA	bt:ACYL_COA_OXIDATION	1	[#8]-,=[#6;R0](-,=[#7;R0]-[#6;R0]-[#6;R0]-[#16;R0]-[#6;R0](=[O;R0])-[#6;H2X4R0][#6;A;X4R0;H1,H2][#6;R0])-[#6;R0]-[#6;R0]-[#7;R0]-,=[#6;R0](-,=[#8;R0])[#6;A;H1X4]([#8])[C;R0]([#6;R0])([#6;R0])[#6;R0]-[#8;R0][P;R0]([!#1!#6;O,$([O-])])(=[O;R0])[#8;R0][P;R0]([!#1!#6;O,$([O-])])(=[O;R0])[#8]-[#6]-[#6]-1-[#8]-[#6](-[#6](-[#8])-[#6]-1-[#8]P([!#1!#6;O,$([O-])])([!#1!#6;O,$([O-])])=O)-n1cnc2c(-[#7])ncnc12	0		[#8:52]-,=[#6;R0:51](-,=[#7;R0:50]-[#6;R0:49]-[#6;R0:48]-[#16;R0:47]-[#6;R0:46](=[O;R0:45])[C;X4R0:44]([H:55])([H:56])[#6;A;X4R0:43]([H:53])([#6;R0:42])[*,#1:54])-[#6;R0:41]-[#6;R0:40]-[#7;R0:39]-,=[#6;R0:38](-,=[#8;R0:37])[#6;A;H1X4:36]([#8:35])[C;R0:34]([#6;R0:32])([#6;R0:33])[#6;R0:31]-[#8;R0:30][P;R0:29]([!#1!#6;O,$([O-]):28])(=[O;R0:27])[#8;R0:26][P;R0:25]([!#1!#6;O,$([O-]):24])(=[O;R0:23])[#8:22]-[#6:21]-[#6:20]-1-[#8:19]-[#6:18](-[#6:17](-[#8:16])-[#6:15]-1-[#8:14][P:13]([!#1!#6;O,$([O-]):11])([!#1!#6;O,$([O-]):12])=[O:10])-[n:9]1[c:8][n:7][c:6](:[c:5](-[#7:4]):[n:3])[c:1]1:[n:2]>>[H:53][#8][H:56].[#8:52]-,=[#6;R0:51](-,=[#7;R0:50]-[#6;R0:49]-[#6;R0:48]-[#16;R0:47]-[#6;R0:46](=[O;R0:45])-[#6;X3R0:44]([H:55])=[#6;A;X3R0:43]([#6;R0:42])[*,#1:54])-[#6;R0:41]-[#6;R0:40]-[#7;R0:39]-,=[#6;R0:38](-,=[#8;R0:37])[#6;A;H1X4:36]([#8:35])[C;R0:34]([#6;R0:32])([#6;R0:33])[#6;R0:31]-[#8;R0:30][P;R0:29]([!#1!#6;O,$([O-]):28])(=[O;R0:27])[#8;R0:26][P;R0:25]([!#1!#6;O,$([O-]):24])(=[O;R0:23])[#8:22]-[#6:21]-[#6:20]-1-[#8:19]-[#6:18](-[#6:17](-[#8:16])-[#6:15]-1-[#8:14][P:13]([!#1!#6;O,$([O-]):11])([!#1!#6;O,$([O-]):12])=[O:10])-[n:9]1[c:8][n:7][c:6](:[c:5](-[#7:4]):[n:3])[c:1]1:[n:2]
base	ACYL_COA_TRANS_2_OXIDOREDUCTION	BTMR0378	Oxidoreduction of trans-2-enoyl-CoA	bt:ACYL_COA_TRANS_2_OXIDOREDUCTION	1	[H][#8]C([H])([#6](=O)-[#7]([H])C([H])([H])C([H])([H])[#6](=O)-[#7]([H])C([H])([H])C([H])([H])[#16]-[#6;R0](=O)[C;R0]([H])([H])[C;R0]([H])([H])[C;R0]([H])([H])[#6;R0])C(C([H])([H])[H])(C([H])([H])[H])C([H])([H])[#8]P(=O)([#8][H])[#8]P(=O)([#8][H])[#8]C([H])([H])C1([H])[#8]C([H])([#7]-2-[#6]([H])=[#7]-[#6]-3=[#6]-2-[#7]=[#6]([H])-[#7]=[#6]-3-[#7]([H])[H])C([H])([#8][H])C1([H])[#8]P(=O)([#8][H])[#8][H]	1	[#6]-,=[#6]-,=[#6]-,=[#6]-,=[#6]-,=[#6]-,=[#6]-,=[#6]-,=[#6]-,=[#6]-,=[#6]-,=[#6;R0]-,=[#6;R0]-,=[#6;R0]-,=[#6;R0]-[#6;R0](=O)-[#16]C([H])([H])C([H])([H])[#7]([H])-[#6](=O)C([H])([H])C([H])([H])[#7]([H])-[#6](=O)C([H])([#8][H])C(C([H])([H])[H])(C([H])([H])[H])C([H])([H])[#8]P(=O)([#8][H])[#8]P(=O)([#8][H])[#8]C([H])([H])C1([H])[#8]C([H])([#7]-2-[#6]([H])=[#7]-[#6]-3=[#6]-2-[#7]=[#6]([H])-[#7]=[#6]-3-[#7]([H])[H])C([H])([#8][H])C1([H])[#8]P(=O)([#8][H])[#8][H]	[H:31][#8:30][C:28]([H:29])([#6:26](=[O:27])-[#7:24]([H:25])[C:21]([H:23])([H:22])[C:18]([H:20])([H:19])[#6:16](=[O:17])-[#7:14]([H:15])[C:11]([H:13])([H:12])[C:8]([H:10])([H:9])[#16:7]-[#6;R0:5](=[O:6])-[#6;R0:4]([H:90])=[#6;R0:3](/[H:91])[C;R0:2]([H:93])([H:92])[#6;R0:1])[C:32]([C:37]([H:40])([H:39])[H:38])([C:33]([H:36])([H:35])[H:34])[C:41]([H:43])([H:42])[#8:44][P:45](=[O:46])([#8:47][H:48])[#8:49][P:50](=[O:51])([#8:52][H:53])[#8:54][C:55]([H:57])([H:56])[C:58]1([H:59])[#8:60][C:61]([H:62])([#7:63]-2-[#6:64]([H:65])=[#7:66]-[#6:67]-3=[#6:68]-2-[#7:69]=[#6:70]([H:71])-[#7:72]=[#6:73]-3-[#7:74]([H:76])[H:75])[C:77]([H:78])([#8:79][H:80])[C:81]1([H:82])[#8:83][P:84](=[O:85])([#8:88][H:89])[#8:86][H:87]>>[H:31][#8:30][C:28]([H:29])([#6:26](=[O:27])-[#7:24]([H:25])[C:21]([H:23])([H:22])[C:18]([H:20])([H:19])[#6:16](=[O:17])-[#7:14]([H:15])[C:11]([H:13])([H:12])[C:8]([H:10])([H:9])[#16:7]-[#6;R0:5](=[O:6])[C;R0:4]([H:90])([H])[C;R0:3]([H:91])([H])[C;R0:2]([H:93])([H:92])[#6;R0:1])[C:32]([C:37]([H:40])([H:39])[H:38])([C:33]([H:36])([H:35])[H:34])[C:41]([H:43])([H:42])[#8:44][P:45](=[O:46])([#8:47][H:48])[#8:49][P:50](=[O:51])([#8:52][H:53])[#8:54][C:55]([H:57])([H:56])[C:58]1([H:59])[#8:60][C:61]([H:62])([#7:63]-2-[#6:64]([H:65])=[#7:66]-[#6:67]-3=[#6:68]-2-[#7:69]=[#6:70]([H:71])-[#7:72]=[#6:73]-3-[#7:74]([H:76])[H:75])[C:77]([H:78])([#8:79][H:80])[C:81]1([H:82])[#8:83][P:84](=[O:85])([#8:88][H:89])[#8:86][H:87]
base	ACYL_HYDROLYSIS_OF_4_NITROPHENYL_ESTER	BTMR1261	Acyl hydrolysis of 4-nitrophenyl ester	bt:ACYL_HYDROLYSIS_OF_4_NITROPHENYL_ESTER	1	[#6]-[#6;X3](=O)-[#8;X2]-[#6;R1]=,:1[#6;R1]=,:[#6;R1][#6;R1](=,:[#6;R1][#6;R1]=,:1)-[#7;X3+](-[#8;X1-])=[O;X1]	0		[#6:10]-[#6;X3:8](=[O:9])-[#8;X2:7]-[#6;R1:1]=,:1[#6;R1:2]=,:[#6;R1:3][#6;R1:4](=,:[#6;R1:5][#6;R1:6]=,:1)-[#7;X3+:11](-[#8;X1-:13])=[O;X1:12]>>[H][#8;X2:7]-[#6;X3:8](-[#6:10])=[O:9].[H][#8]-[#6;R1:1]=,:1[#6;R1:2]=,:[#6;R1:3][#6;R1:4](=,:[#6;R1:5][#6;R1:6]=,:1)-[#7;X3+:11](-[#8;X1-:13])=[O;X1:12]
base	ALCOHOL_O_CINNAMOYL_TRANSFER_REVERSE	BTMR0444	Transfer of glucopyranose to alkylcinnamate	bt:ALCOHOL_O_CINNAMOYL_TRANSFER_REVERSE	1	[#6;A;X4][#8;X2]-[#6;X3](=[O;X1])-[#6;H1X3]=[#6;H1X3]-[c;R1]1[#6;a;H1X3][#6;a;H1X3][#6;a;H1X3][#6;a;H1X3][#6;a;H1X3]1	0		[#6;A;X4:1][#8;X2:2]-[#6;X3:3](=[O;X1:4])-[#6;H1X3:5]=[#6;H1X3:6]-[c;R1:7]1[#6;a;H1X3:8][#6;a;H1X3:9][#6;a;H1X3:10][#6;a;H1X3:11][#6;a;H1X3:12]1>>[#6;A;X4:1][#8;X2:2].[H][C@]1([#6]-[#8])[#8]C([H])([#8]-[#6;X3:3](=[O;X1:4])-[#6;H1X3:5]=[#6;H1X3:6]-[c;R1:7]2[#6;a;H1X3:8][#6;a;H1X3:9][#6;a;H1X3:10][#6;a;H1X3:11][#6;a;H1X3:12]2)[C@]([H])([#8])[C@@]([H])([#8])[C@]1([H])[#8]
base	ALDEHYDE_OXIDATION	BTMR0050	Aldehyde oxidation	bt:ALDEHYDE_OXIDATION	1	[#6][C;X3H1]=[OX1]	0		[H][#6;A;X3:1]([#6:3])=[O;X1:2]>>[#6:3][CX3:1]([O][H])=[OX1:2]
base	ALDEHYDE_REDUCTION	BTMR0367	Reduction of aldehyde	bt:ALDEHYDE_REDUCTION	1	[#6][C;X3H1]=[OX1]	0		[H][#6;A;X3:1]([#6:3])=[O;X1:2]>>[H][#8;X2:2][#6;A;X4:1]([H])([H])[#6:3]
base	ALIPHATIC_ACYL_O_GLUCURONIDATION	BTMR0167	O-Glucuronidation of aliphatic acid	bt:ALIPHATIC_ACYL_O_GLUCURONIDATION	1	[#6;A;!$(C(-[NX3H2])-[CX3](=O)[OX2H1,OX1-])][#6;A;X3]([#8;H1X2])=O	2	[H][#7]([#6;A;H2X4][#6](-[#8])=O)-[#6](=O)[#6;A;H1X4]([#6;A;H2X4][#16][#6,#8,#16;A])[#7]([H])-[#6](=O)[#6;A;H2X4][#6;A;H2X4][#6;A;H1X4]([#7])[#6](-[#8])=O | [#8]-,=[#6](-,=[#7]-[#6]-,=[#6]-,=[#16])-[#6]-[#6]-[#7]-,=[#6](-,=[#8])-[#6](-,=[#8])C([#6])([#6])[#6]-[#8]P([#8])(=O)[#8]P([#8])(=O)[#8]-[#6]-[#6]-1-[#8]-[#6](-[#7]~2~[#6]~[#7]~[#6]~3~[#6]~2~[#7]~[#6]~[#7]~[#6]~3-[#7])-[#6](-[#8])-[#6]-1-[#8]	[H:5][#8;X2:1][#6;A;X3:2]([#6;A;!$(C(-[NX3H2])-[CX3](=O)[OX2H1,OX1-]):3])=[O:4]>>[H:5]C1([#8;X2:1][#6;A;X3:2]([#6;A;!$(C(-[NX3H2])-[CX3](=O)[OX2H1,OX1-]):3])=[O:4])[#8]-[#6@@H](-[#6@@H](-[#8])-[#6@H](-[#8])-[#6@H]1-[#8])-[#6](-[#8])=O
base	ALIPHATIC_HYDROXYLATION_OF_ACYCLIC_12_DISUBSTITUTED_ALKENE_PATTERN1	BTMR1053	Aliphatic hydroxylation of acyclic 1,2-disubstituted alkene	bt:ALIPHATIC_HYDROXYLATION_OF_ACYCLIC_12_DISUBSTITUTED_ALKENE	1	[H][#6;A;X4]([#6;X3]=*)[#6;A;X3](-[H])=[#6;A;X3](-[H])[#6;X4]	0		[H][#6;A;X4:1]([#6;X3:2]=[*:6])[#6;A;X3:3](-[H])=[#6;A;X3:4](-[H])[#6;X4:5]>>[H][#8][#6;A;X4:4]([H])([#6;X4:5])-[#6;A;X3:3]=[#6;A;X3:1]-[#6;X3:2]=[*:6]
base	ALIPHATIC_HYDROXYLATION_OF_CARBON_ADJACENT_TO_HALOGEN_GROUP	BTMR1079	Hydroxylation of carbon adjacent to halogen	bt:ALIPHATIC_HYDROXYLATION_OF_CARBON_ADJACENT_TO_HALOGEN_GROUP	1	[H][#6;X4]-[F,Cl,Br,I]	0		[H][#6;X4:1]-[F,Cl,Br,I:2]>>[H][#8]-[#6;X4:1]-[F,Cl,Br,I:2]
base	ALIPHATIC_HYDROXYLATION_OF_CARBON_ALPHA_TO_SECONDARY_OR_TERTIARY_ALKYL_N	BTMR1081	Aliphatic hydroxylation of carbon alpha to secondary or tertiary alkyl-N	bt:ALIPHATIC_HYDROXYLATION_OF_CARBON_ALPHA_TO_SECONDARY_OR_TERTIARY_ALKYL_N	1	[H][C;X4]([#6])([#6,#1;A])[#7;A;X3;+0!$([N]~[!#6])!$([N]*~[#7,#8,#15,#16])]([#6])[#1,#6]	0		[H][C;X4:4]([#6:5])([#6,#1;A:6])[#7;A;X3;+0!$([N]~[!#6])!$([N]*~[#7,#8,#15,#16]):2]([#6:3])[#1,#6:1]>>[#6:3][#7;A;X3;+0!$([N]~[!#6])!$([N]*~[#7,#8,#15,#16]):2]([#1,#6:1])[C;X4:4]([#6:5])([#8])[#6,#1;A:6]
base	ALIPHATIC_HYDROXYLATION_OF_METHYL_CARBON_ADJACENT_TO_ALKYNE_GROUP	BTMR1060	Aliphatic hydroxylation of methyl carbon adjacent to alkyne ring	bt:ALIPHATIC_HYDROXYLATION_OF_METHYL_CARBON_ADJACENT_TO_ALKYNE_GROUP	1	[H][#6;A;X4]([H])([H])[#6;A]#[#6;A]	0		[H:3][#6;A;X4:2]([H])([H:1])[#6;A:4]#[#6;A:5]>>[H][#8][#6;A;X4:2]([H:3])([H:1])[#6;A:4]#[#6;A:5]
base	ALIPHATIC_HYDROXYLATION_OF_METHYL_CARBON_ADJACENT_TO_AROMATIC_RING	BTMR1058	Aliphatic hydroxylation of methyl carbon adjacent to aromatic ring	bt:ALIPHATIC_HYDROXYLATION_OF_METHYL_CARBON_ADJACENT_TO_AROMATIC_RING	1	[H][#6;A;X4]([H])([H])c:*	0		[H][#6;A;X4:3]([H:4])([H:5])[c:2]:[*:1]>>[H][#8][#6;A;X4:3]([H:4])([H:5])[c:2]:[*:1]
base	ALIPHATIC_NITRILE_DEGRADATION_TO_CARBOXYLIC_ACID	BTMR1258	Degradation of aliphatic nitrile to carboxylic acid	bt:ALIPHATIC_NITRILE_DEGRADATION_TO_CARBOXYLIC_ACID	1	[#6;A;X3,X4][C;X2]#[N;X1]	0		[#6;A;X3,X4:3][C;X2:2]#[N;X1:1]>>[H][#7;X3:1]([H])[H].[H][#8]-[#6;X3:2]([#6;A;X3,X4:3])=O
base	ALKENE_EPOXIDATION_PATTERN1	BTMR0109	Epoxidation of alkene	bt:ALKENE_EPOXIDATION	1	[#6][#6;A;X3R0]([#1,#6])=[#6;A;X3R0](/[#1,#6])[#1,#6]	1	[$([#6]-[#6;X4]-1-[#8]-[#6;X4]-1-[#1,#6,#7,#8]),$([#8;X2]-1-[#6;X3]-2=[#6;X3]-1-[#6]=[#6]-[#6]=[#6]-2)]	[#6:1][#6;A;X3R0:2]([#1,#6:3])=[#6;A;X3R0:4](/[#1,#6:6])[#1,#6:5]>>[#6:1][#6;A;X4R1:2]1([#1,#6:3])[#8][#6;A;X4R1:4]1([#1,#6:6])[#1,#6:5]
base	ALKENE_EPOXIDATION_PATTERN2	BTMR0110	Epoxidation of alkene	bt:ALKENE_EPOXIDATION	1	[#6]@-[#6;X3R1](-[#1,#6])=[#6;X3R1](@/[#6])-[#1,#6]	1	[$([#6]-[#6;X4]-1-[#8]-[#6;X4]-1-[#1,#6,#7,#8]),$([#8;X2]-1-[#6;X3]-2=[#6;X3]-1-[#6]=[#6]-[#6]=[#6]-2)]	[#6:1]@-[#6;X3R1:2](-[#1,#6:3])=[#6;X3R1:4](@/[#6:5])-[#1,#6:6]>>[#6:1]@-[C;X4R2:2]1([#1,#6:3])[#8][C;X4R2:4]1(@-[#6:5])[#1,#6:6]
base	ALKENYLGLYCERO_3_PHOSPHOCHOLINE_HYDROLYSIS_TO_GLYCERO_3_PHOSPHOCHOLINE	BTMR0576	Hydrolysis of 1-alkenylglycerol-3-phosphocholine	bt:ALKENYLGLYCERO_3_PHOSPHOCHOLINE_HYDROLYSIS_TO_GLYCERO_3_PHOSPHOCHOLINE	1	[#6][#6;A;H1X3]=[#6;A;H1X3][#8][#6;A;H2X4][#6;A;H1X4;@@]([#8;A;X2H1,X1-])[#6;A;H2X4][#8]P([#8;A;X2H1,X1-])(=O)[#8][#6;A;H2X4][#6;A;H2X4][N+]([#6;A;H3X4])([#6;A;H3X4])[#6;A;H3X4]	0		[#6:19]-[#6;A;H1X3:15]=[#6;A;H1X3:13]-[#8:12][#6;A;H2X4:11][#6;A@@H;X4:10]([#8;A;X2H1,X1-:14])[#6;A;H2X4:9][#8:3][P:2]([#8;A;X2H1,X1-:4])(=[O:5])[#8:1][#6;A;H2X4:6][#6;A;H2X4:7][N+:8]([#6;A;H3X4:16])([#6;A;H3X4:17])[#6;A;H3X4:18]>>[H][#6:19](=O)[#6;A;H1X3:15]=[#6;A;H2X3:13].[#6;A;H3X4:16][N+:8]([#6;A;H3X4:17])([#6;A;H3X4:18])[#6;A;H2X4:7][#6;A;H2X4:6][#8:1][P:2]([#8;A;X2H1,X1-:4])(=[O:5])[#8:3][#6;A;H2X4:9][#6;A@H;X4:10]([#8;A;X2H1,X1-:14])[#6;A;H2X4:11][#8:12]
base	ALKENYLGLYCERO_3_PHOSPHOETHANOLAMINE_HYDROLYSIS_TO_GLYCERO_3_PHOSPHOETHANOLAMINE	BTMR0577	Hydrolysis of 1-alkenylglycerol-3-phosphoethanolamine	bt:ALKENYLGLYCERO_3_PHOSPHOETHANOLAMINE_HYDROLYSIS_TO_GLYCERO_3_PHOSPHOETHANOLAMINE	1	[#6][#6;A;H1X3]=[#6;A;H1X3][#8][#6;A;H2X4][#6;A;H1X4;@@]([#8;A;X2H1,X1-])[#6;A;H2X4][#8]P([#8;A;X2H1,X1-])(=O)[#8][#6;A;H2X4][#6;A;H2X4][#7;A;H2X3]	0		[#6:1][#6;A;H1X3:2]=[#6;A;H1X3:3][#8:4][#6;A;H2X4:5][#6;A;H1X4;@@:6]([#8;A;X2H1,X1-:7])[#6;A;H2X4:8][#8:9][P:10]([#8;A;X2H1,X1-:11])(=[O:12])[#8:13][#6;A;H2X4:14][#6;A;H2X4:15][#7;A;H2X3:16]>>[H][#6:1](=O)[#6;A;H1X3:2]=[#6;A;H2X3:3].[#7;A;H2X3:16][#6;A;H2X4:15][#6;A;H2X4:14][#8:13][P:10]([#8;A;X2H1,X1-:11])(=[O:12])[#8:9][#6;A;H2X4:8][#6;A;H1X4;@@:6]([#8;A;X2H1,X1-:7])[#6;A;H2X4:5][#8:4]
base	ALKYLGLYCEROL_3_PHOSPHATE_OXIDATION	BTMR0475	Oxidation of alkylglycerol-3-phosphate	bt:ALKYLGLYCEROL_3_PHOSPHATE_OXIDATION	1	[#6;A;H2X4][#6;A;H2X4][#8;X2][#6;A;H2X4][#6;A;H1X4]([#8;A;H1X2])[#6;A;H2X4][#8;X2][P;X4]([#8;A;X1-,X2H1])([#8;A;X1-,X2H1])=[O;X1]	0		[H:14][#8;A;X2:4][#6;A;X4:3]([H:13])([#6;A;H2X4:2][#8;X2:1][#6;A;H2X4:7][#6;A;H2X4:8])[#6;A;H2X4:5][#8;X2:6][P;X4:9]([#8;A;X1-,X2H1:11])([#8;A;X1-,X2H1:12])=[O;X1:10]>>[H:13][H:14].[#6;A;H2X4:8][#6;A;H2X4:7][#8;X2:1][#6;A;H2X4:2][#6;A;X3:3](=[#8;A;X1:4])[#6;A;H2X4:5][#8;X2:6][P;X4:9]([#8;A;X1-,X2H1:11])([#8;A;X1-,X2H1:12])=[O;X1:10]
base	ALKYL_OH_GLUCURONIDATION	BTMR0165	Alkyl-OH-glucuronidation	bt:ALKYL_OH_GLUCURONIDATION	1	[H][#8;X2][#6;A;X4]([#6])([#6,#1])[#6,#1]	4	[#6]=,:[#6]-1[#6](=,:[#6])C([H])([#8][H])C([H])([H])[#6](=O)-[#6]-1-* | [#6]~1~[#6,#8,#7,#16]~[#6,#8,#7,#16]~[#6,#8,#7,#16;A;R2]~2~[#6,#8,#7,#16]~[#6,#8,#7,#16;A;R1]~[#6,#8,#7,#16;A;R2]~3-,=[#6,#8,#7,#16;A;R2]-,=4-,=[#6,#8,#7,#16]-,=[#6,#8,#7,#16]-,=[#6,#8,#7,#16;A]-,=[#6,#8,#7,#16]-,=4-,=[#6,#8,#7,#16]~[#6,#8,#7,#16;A]~[#6,#8,#7,#16]~3~[#6,#8,#7,#16]~2~[#6,#8,#7,#16]~1 | [H][#7]([#6;A;H2X4][#6](-[#8])=O)-[#6](=O)[#6;A;H1X4]([#6;A;H2X4][#16][#6,#8,#16;A])[#7]([H])-[#6](=O)[#6;A;H2X4][#6;A;H2X4][#6;A;H1X4]([#7])[#6](-[#8])=O | [#8]-,=[#6](-,=[#7]-[#6]-,=[#6]-,=[#16])-[#6]-[#6]-[#7]-,=[#6](-,=[#8])-[#6](-,=[#8])C([#6])([#6])[#6]-[#8]P([#8])(=O)[#8]P([#8])(=O)[#8]-[#6]-[#6]-1-[#8]-[#6](-[#7]~2~[#6]~[#7]~[#6]~3~[#6]~2~[#7]~[#6]~[#7]~[#6]~3-[#7])-[#6](-[#8])-[#6]-1-[#8]	[H][#8;X2:1][#6;A;X4:2]([#6:3])([#6,#1:5])[#6,#1:4]>>[H][#8]-[#6](=O)C1([H])[#8]C([H])([#8;X2:1][#6;A;X4:2]([#6:3])([#6,#1:5])[#6,#1:4])C([H])([#8][H])C([H])([#8][H])C1([H])[#8][H]
base	ALLYLIC_HYDROXLATION	BTMR1091	Allylic hydroxylation	bt:ALLYLIC_HYDROXLATION	1	[H][#6;A;X4;R0,R1]([CX4,#1])([CX4,#1])[#6;A;X3;R0,R1]([*,#1;#1,#6,Br,Cl,F,I])=[#6;A]([*,#1;#1,#6,Br,Cl,F,I])[*,#1;#1,#6,Br,Cl,F,I]	0		[H][#6;A;X4;R0,R1:1]([CX4,#1:3])([CX4,#1:2])[#6;A;X3;R0,R1:4]([*,#1;#1,#6,Br,Cl,F,I:5])=[#6;A:6]([*,#1;#1,#6,Br,Cl,F,I:8])[*,#1;#1,#6,Br,Cl,F,I:7]>>[H][#8][#6;A;X4;R0,R1:1]([CX4,#1:3])([CX4,#1:2])[#6;A;X3;R0,R1:4]([*,#1;#1,#6,Br,Cl,F,I:5])=[#6;A:6]([*,#1;#1,#6,Br,Cl,F,I:8])[*,#1;#1,#6,Br,Cl,F,I:7]
base	ALLYLIC_HYDROXYLATION	BTMR0071	Allylic hydroxylation	bt:ALLYLIC_HYDROXYLATION	1	[*,#1;#1,#6,Br,Cl,F,I][#6](-[*,#1;#1,#6,Br,Cl,F,I])=,:[#6;X3;R0,R1,R2]([*,#1;#1,#6,Br,Cl,F,I])[#6;A;X4;R0,R1]([H])([CX4,#1])[CX4,#1]	0		[*,#1;#1,#6,Br,Cl,F,I:7][#6:6](-[*,#1;#1,#6,Br,Cl,F,I:8])=,:[#6;X3;R0,R1,R2:4]([*,#1;#1,#6,Br,Cl,F,I:5])[#6;A;X4;R0,R1:1]([H])([CX4,#1:2])[CX4,#1:3]>>[*,#1;#1,#6,Br,Cl,F,I:7][#6:6](-[*,#1;#1,#6,Br,Cl,F,I:8])=,:[#6;X3;R0,R1,R2:4]([*,#1;#1,#6,Br,Cl,F,I:5])[#6;A;X4;R0,R1:1]([CX4,#1:2])([CX4,#1:3])[#8][H]
base	ALL_TRANS_RETINYL_ESTER_ACYLHYDROLYSIS	BTMR0436	Acyl hydrolysis of all-trans-retinyl ester	bt:ALL_TRANS_RETINYL_ESTER_ACYLHYDROLYSIS	1	[H]/[#6](=[#6](/[H])[#6;X3](=[#6](/[H])C([H])([H])[#8;X2]-[#6;X3](-[#6])=[O;X1])C([H])([H])[H])/[#6](/[H])=[#6](/[#6](/[H])=[#6]([H])-[#6]1=[#6](C([H])([H])[H])C([H])([H])C([H])([H])C([H])([H])C1(C([H])([H])[H])C([H])([H])[H])C([H])([H])[H]	0		[H:46]/[#6:15](=[#6:16](/[H:47])[#6;X3:17](=[#6:19](/[H:51])[C:20]([H:52])([H:53])[#8;X2:21]-[#6;X3:22](-[#6:24])=[O;X1:23])[C:18]([H:48])([H:49])[H:50])/[#6:14](/[H:45])=[#6:2](/[#6:3](/[H:28])=[#6:4]([H:29])-[#6:5]1=[#6:6]([C:13]([H:42])([H:43])[H:44])[C:7]([H:30])([H:31])[C:8]([H:32])([H:33])[C:9]([H:34])([H:35])[C:10]1([C:11]([H:36])([H:37])[H:38])[C:12]([H:39])([H:40])[H:41])[C:1]([H:25])([H:26])[H:27]>>[H][#8]-[#6;X3:22](-[#6:24])=[O;X1:23].[H][#8;X2:21][C:20]([H:52])([H:53])[#6:19]([H:51])=[#6;X3:17]([#6:16]([H:47])=[#6:15]([H:46])/[#6:14](/[H:45])=[#6:2](/[#6:3](/[H:28])=[#6:4]([H:29])-[#6:5]1=[#6:6]([C:13]([H:42])([H:43])[H:44])[C:7]([H:30])([H:31])[C:8]([H:32])([H:33])[C:9]([H:34])([H:35])[C:10]1([C:11]([H:36])([H:37])[H:38])[C:12]([H:39])([H:40])[H:41])[C:1]([H:25])([H:26])[H:27])/[C:18]([H:48])([H:49])[H:50]
base	ALPHA_BETA_MANNOSIDE_MANNOHYDROLYSIS	BTMR0642	Hydrolysis of alpha,beta-mannoside	bt:ALPHA_BETA_MANNOSIDE_MANNOHYDROLYSIS	1	[#6]-[#8][#6;A@H;H1X4R1]1[#8][#6;A@H;H1X4R1]([#6;A;H2X4R0][#8;A;H1X2])[#6;A@@H;H1X4R1]([#8;A;H1X2])[#6;A@H;H1X4R1]([#8;A;H1X2])[#6;A@@H;H1X4R1]1[#8;A;H1X2]	0		[#6:7]-[#8;X2:6][#6;A@H;H1X4R1:5]1[#8:4][#6;A@H;H1X4R1:3]([#6;A;H2X4R0:2][#8;A;H1X2:1])[#6;A@@H;H1X4R1:12]([#8;A;H1X2:13])[#6;A@H;H1X4R1:10]([#8;A;H1X2:11])[#6;A@@H;H1X4R1:8]1[#8;A;H1X2:9]>>[H][#8]-[#6:7].[H][#8;X2:6][#6;A@H;H1X4R1:5]1[#8:4][#6;A@H;H1X4R1:3]([#6;A;H2X4R0:2][#8;A;H1X2:1])[#6;A@@H;H1X4R1:12]([#8;A;H1X2:13])[#6;A@H;H1X4R1:10]([#8;A;H1X2:11])[#6;A@@H;H1X4R1:8]1[#8;A;H1X2:9]
base	ALPHA_HYDROXYLATION_OF_ARYLDIMETHYLAMINE_PATTERN1	BTMR1283	alpha-Hydroxylation of aryldimethylamine	bt:ALPHA_HYDROXYLATION_OF_ARYLDIMETHYLAMINE	1	[#6;A;H3X4][#7;A;X3]([#6;A;H3X4])[#6;R1]1=,:[#6;R1][#6;R1]=,:[#6;R1][#6;R1]=,:[#6,#7;R1]1	0		[H:10][#6;A;X4:8]([H:11])([H:12])[#7;A;X3:1]([#6;A;H3X4:9])[#6;R1:2]1=,:[#6;R1:7][#6;R1:6]=,:[#6;R1:5][#6;R1:4]=,:[#6,#7;R1:3]1>>[H:10][#8][#6;A;X4:8]([H:11])([H:12])[#7;A;X3:1]([#6;A;H3X4:9])[#6;R1:2]1=,:[#6;R1:7][#6;R1:6]=,:[#6;R1:5][#6;R1:4]=,:[#6,#7;R1:3]1
base	ALPHA_HYDROXYLATION_OF_ARYLDIMETHYLAMINE_PATTERN2	BTMR1284	alpha-Hydroxylation of aryldimethylamine	bt:ALPHA_HYDROXYLATION_OF_ARYLDIMETHYLAMINE	1	[#6;A;H3X4][#7;A;X3]([#6;A;H3X4])[#6;R1]=,:1[#6;R1]=,:[#6;R1][#7;R1]=,:[#6;R1][#6;R1]=,:1	0		[H:10][#6;A;X4:1]([H:11])([H:12])[#7;A;X3:2]([#6;A;H3X4:3])[#6;R1:4]=,:1[#6;R1:9]=,:[#6;R1:8][#7;R1:7]=,:[#6;R1:6][#6;R1:5]=,:1>>[H:12][#8][#6;A;X4:1]([H:10])([H:11])[#7;A;X3:2]([#6;A;H3X4:3])[#6;R1:4]=,:1[#6;R1:9]=,:[#6;R1:8][#7;R1:7]=,:[#6;R1:6][#6;R1:5]=,:1
base	ALPHA_HYDROXYLATION_OF_ARYLDIMETHYLFORMAMIDINE	BTMR1281	alpha-Hydroxylation of aryldimethylformamidine	bt:ALPHA_HYDROXYLATION_OF_ARYLDIMETHYLFORMAMIDINE	1	[#6;A;H3X4][#7;X3]([#6;A;H3X4])-[#6;X3](=[O;X1])-[#7;X2][#6;A;H1X3]=[#7;A;H1X3][#6;R1]=,:1[#6]=,:[#6][#6]=,:[#6][#6]=,:1	0		[H:15][#6;A;X4:1]([H:16])([H:17])[#7;X3:2]([#6;A;H3X4:3])-[#6;X3:4](=[O;X1:5])-[#7;X2:13][#6;A;H1X3:14]=[#7;A;H1X3:6][#6;R1:7]=,:1[#6:8]=,:[#6:9][#6:10]=,:[#6:11][#6:12]=,:1>>[H:15][#8][#6;A;X4:1]([H:16])([H:17])[#7;X3:2]([#6;A;H3X4:3])-[#6;X3:4](=[O;X1:5])-[#7;X2:13][#6;A;H1X3:14]=[#7;A;H1X3:6][#6;R1:7]=,:1[#6:8]=,:[#6:9][#6:10]=,:[#6:11][#6:12]=,:1
base	ALPHA_HYDROXYLATION_OF_ARYLDIMETHYLUREA	BTMR1277	alpha-Hydroxylation of aryldimethylamine	bt:ALPHA_HYDROXYLATION_OF_ARYLDIMETHYLUREA	1	[#6;A;H3X4][#7;X3]([#6;A;H3X4])-[#6;X3](=[O;X1])[#7;A;H1X3][#6;R1]=,:1[#6]=,:[#6][#6]=,:[#6][#6]=,:1	0		[H:13][#6;A;X4:1]([H:14])([H:15])[#7;X3:2]([#6;A;H3X4:3])-[#6;X3:4](=[O;X1:5])[#7;A;H1X3:6][#6;R1:7]=,:1[#6:8]=,:[#6:9][#6:10]=,:[#6:11][#6:12]=,:1>>[H:15][#8][#6;A;X4:1]([H:13])([H:14])[#7;X3:2]([#6;A;H3X4:3])-[#6;X3:4](=[O;X1:5])[#7;A;H1X3:6][#6;R1:7]=,:1[#6:8]=,:[#6:9][#6:10]=,:[#6:11][#6:12]=,:1
base	ALPHA_HYDROXYLATION_OF_CARBONYL_GROUP	BTMR1054	alpha-Hydroxylation of carbonyl group	bt:ALPHA_HYDROXYLATION_OF_CARBONYL_GROUP	1	[H][C;X4]([#1,#6])([#1,#6])[#6;X3]([#8,#7,#6,#16,#1,#17,#9,#35,#53;A])=[O;X1]	0		[H][C;X4:1]([#1,#6:5])([#1,#6:6])[#6;X3:2]([#8,#7,#6,#16,#1,#17,#9,#35,#53;A:3])=[O;X1:4]>>[H][#8][C;X4:1]([#1,#6:5])([#1,#6:6])[#6;X3:2]([#8,#7,#6,#16,#1,#17,#9,#35,#53;A:3])=[O;X1:4]
base	ALPHA_KETO_ACID_DECARBOXYLATION	BTMR0274	Decarboxylation of alpha-keto acid	bt:ALPHA_KETO_ACID_DECARBOXYLATION	1	[H][#8;X2]-[#6;X3](=[O;X1])-[#6;X3](-[#6])=[O;X1]	0		[H][#8;X2:3]-[#6;X3:2](=[O;X1:1])-[#6;X3:4](-[#6:5])=[O;X1:6]>>[O;X1:1]=[C;X2:2]=[O;X1:3].[H][#8]-[#6;X3:4](-[#6:5])=[O;X1:6]
base	ALPHA_L_RHAMNOSIDE_RHAMNOHYDROLYSIS	BTMR0463	Rhamnohydrolysis of alpha-L-rhamnoside	bt:ALPHA_L_RHAMNOSIDE_RHAMNOHYDROLYSIS	1	[#6]-[#8;X2][#6;A;H1X4R1]1[#8;X2][#6;A;H1X4R1]([#6;A;H3X4])[#6;A;H1X4R1]([#8;A;H1X2])[#6;A;H1X4R1]([#8;A;H1X2])[#6;A;H1X4R1]1[#8;A;H1X2]	0		[#6:1]-[#8;X2:2][#6;A;H1X4R1:3]1[#8;X2:4][#6;A;H1X4R1:5]([#6;A;H3X4:6])[#6;A;H1X4R1:7]([#8;A;H1X2:8])[#6;A;H1X4R1:9]([#8;A;H1X2:10])[#6;A;H1X4R1:11]1[#8;A;H1X2:12]>>[H][#8]-[#6:1].[H][#8;X2:2][#6;A;H1X4R1:3]1[#8;X2:4][#6;A;H1X4R1:5]([#6;A;H3X4:6])[#6;A;H1X4R1:7]([#8;A;H1X2:8])[#6;A;H1X4R1:9]([#8;A;H1X2:10])[#6;A;H1X4R1:11]1[#8;A;H1X2:12]
base	ALPHA_N_ACETYL_GLUCOSAMINIDE_N_ACETYL_GLUCOSAMINOHYDROLYSIS	BTMR0647	Hydrolysis of terminal non-reducing N-acetyl-D-glucosamine from alpha-N-acetyl-glucosaminide	bt:ALPHA_N_ACETYL_GLUCOSAMINIDE_N_ACETYL_GLUCOSAMINOHYDROLYSIS	1	[#6]-[#8;X2R0][#6;A;H1X4R1]1[#8;X2R1][#6;A;H1X4R1]([#6;A;H2X4R0][#8;A;H1X2])[#6;A;H1X4R1]([#8;A;H1X2])[#6;A;H1X4R1]([#8;A;H1X2])[#6;A;H1X4R1]1[#7;A;H1X3][#6]([#6;A;H3X4])=O	0		[#6:1]-[#8;X2R0:2][#6;A;H1X4R1:3]1[#8;X2R1:4][#6;A;H1X4R1:5]([#6;A;H2X4R0:6][#8;A;H1X2:7])[#6;A;H1X4R1:8]([#8;A;H1X2:9])[#6;A;H1X4R1:10]([#8;A;H1X2:11])[#6;A;H1X4R1:12]1[#7;A;H1X3:13][#6:14]([#6;A;H3X4:15])=[O:16]>>[H][#8]-[#6:1].[H][#8;X2R0:2][#6;A;H1X4R1:3]1[#8;X2R1:4][#6;A;H1X4R1:5]([#6;A;H2X4R0:6][#8;A;H1X2:7])[#6;A;H1X4R1:8]([#8;A;H1X2:9])[#6;A;H1X4R1:10]([#8;A;H1X2:11])[#6;A;H1X4R1:12]1[#7;A;H1X3:13][#6:14]([#6;A;H3X4:15])=[O:16]
base	ALPHA_OXIDATION_OF_CARBXOYLIC_ACID	BTMR0276	alpha-Oxidation of carboxylic acid	bt:ALPHA_OXIDATION_OF_CARBXOYLIC_ACID	1	[H][#8;X2]-[#6](=[O;X1])[C;X4]([H])([H])[#6;c,$([#6]-[#1,C])]	0		[H:1][#8;X2:2]-[#6:3](=[O;X1:4])[C;X4]([H])([H])[#6;c,$([#6]-[#1,C]):5]>>[H:1][#8;X2:2]-[#6:3](-[#6;c,$([#6]-[#1,C]):5])=[O;X1:4]
base	AMIDE_N_GLUCURONIDATION	BTMR0172	N-Glucuronidation of amide	bt:AMIDE_N_GLUCURONIDATION	1	[#7;X3;$([H2]),$([H1][#6;!$(C=[O,N,S])])]-[#6](-[#6X4,#7X3])=[O;X1]	2	[H][#7]([#6;A;H2X4][#6](-[#8])=O)-[#6](=O)[#6;A;H1X4]([#6;A;H2X4][#16][#6,#8,#16;A])[#7]([H])-[#6](=O)[#6;A;H2X4][#6;A;H2X4][#6;A;H1X4]([#7])[#6](-[#8])=O | [#8]-,=[#6](-,=[#7]-[#6]-,=[#6]-,=[#16])-[#6]-[#6]-[#7]-,=[#6](-,=[#8])-[#6](-,=[#8])C([#6])([#6])[#6]-[#8]P([#8])(=O)[#8]P([#8])(=O)[#8]-[#6]-[#6]-1-[#8]-[#6](-[#7]~2~[#6]~[#7]~[#6]~3~[#6]~2~[#7]~[#6]~[#7]~[#6]~3-[#7])-[#6](-[#8])-[#6]-1-[#8]	[H][#7;X3;$([H2]),$([H1][#6;!$(C=[O,N,S])]):1]-[#6:2](-[#6X4,#7X3:3])=[O;X1:4]>>[#8]-[#6]-1-[#6](-[#8])-[#6](-[#7;X3;$([H2]),$([H1][#6;!$(C=[O,N,S])]):1]-[#6:2](-[#6X4,#7X3:3])=[O;X1:4])-[#8]-[#6](-[#6]-1-[#8])-[#6](-[#8])=O
base	ANDROGEN_AROMATIZATION	BTMR0397	Aromatization of androgen	bt:ANDROGEN_AROMATIZATION	1	[H][CX4H3,$([CX4H2]-[OX2H1]),$([CX3H1]=O)]C12[#6]([H])-[#6]([H])-[#6;X3](=[O;X1])-[#6;R1]=[#6]1-[#6;R1]-,=[#6;R1][#6;A;H1X4]1[#6;A;H1X4]3[#6;R1]-[#6;R1]-[#6;R1;$([CX4H1]-[OX2H1]),$([CX3]=O)][#6;A;X4]3([#6;A;H3X4])[#6]-[#6]-[#6]21	0		[H:1][CX4H3,$([CX4H2]-[OX2H1]),$([CX3H1]=O):2][C:3]12[#6:4]([H:5])-[#6:6]([H:7])-[#6;X3:8](=[O;X1:9])-[#6;R1:10]=[#6:11]1-[#6;R1:12]-,=[#6;R1:13][#6;A;H1X4:14]1[#6;A;H1X4:15]3[#6;R1:16]-[#6;R1:17]-[#6;R1;$([CX4H1]-[OX2H1]),$([CX3]=O):18][#6;A;X4:19]3([#6;A;H3X4:23])[#6:20]-[#6:21]-[#6:22]21>>[H:5][#8]-[CX4H3,$([CX4H2]-[OX2H1]),$([CX3H1]=O):2][H:1].[H:7][#8;X2:9]-[#6;X3:8]-1=[#6:6]-[#6:4]=[#6:3]-2-[#6:22]3-[#6:21]-[#6:20][#6;A;X4:19]4([#6;A;H3X4:23])[#6;R1;$([CX4H1]-[OX2H1]),$([CX3]=O):18]-[#6;R1:17]-[#6;R1:16][#6;A;H1X4:15]4[#6;A;H1X4:14]3[#6;R1:13]-,=[#6;R1:12]-[#6:11]-2=[#6;R1:10]-1
base	ANTHOCYANIDIN_3O_GLUCOSIDE_6PP_DEACYLATION	BTMR0449	Deacylation of anthocyanidin 3-O-[6-O-(4-hydroxycinnamoyl)-beta-D-glucoside]	bt:ANTHOCYANIDIN_3O_GLUCOSIDE_6PP_DEACYLATION	1	[#8]-[#6@@H]-1-[#6@@H](-[#6]-[#8]-[#6](=O)-[#6]=[#6]-c2ccc(-[#8])cc2)-[#8]-[#6@@H](-[#8]-[c;R1]2[c;R1]c3ccccc3[o+][c;R1]2-[c;R1]2[c;R1][c;R1][c;R1]([#8;A;H1X2])[c;R1][c;R1]2)-[#6@H](-[#8])-[#6@H]-1-[#8]	1	[#6;R1]~1~[#6]~c2ccc[c;R1](-[#6;R1]~3~[#6;R1]~[#6](~[#8;A;X2;+]~c4ccccc~34)-c3ccccc3)c2~[#8;A;X2;+]~[#6]~1-c1ccccc1	[#8:16]-[#6@@H:15]-1-[#6@@H:14](-[#6:1]-[#8:2]-[#6:3](=[O:4])-[#6:5]=[#6:6]-[c:7]2[c:8][c:9][c:10](-[#8:11])[c:12][c:13]2)-[#8:40]-[#6@@H:21](-[#8:22]-[c;R1:23]2[c;R1:35][c:34]3[c:36][c:37][c:38][c:39][c:33]3[o+:32][c;R1:24]2-[c;R1:25]2[c;R1:26][c;R1:27][c;R1:28]([#8;A;H1X2:29])[c;R1:30][c;R1:31]2)-[#6@H:19](-[#8:20])-[#6@H:17]-1-[#8:18]>>[#8:2]-[#6:1]-[#6@H:14]-1-[#8:40]-[#6@@H:21](-[#8:22]-[c;R1:23]2[c;R1:35][c:34]3[c:36][c:37][c:38][c:39][c:33]3[o+:32][c;R1:24]2-[c;R1:25]2[c;R1:26][c;R1:27][c;R1:28]([#8;A;H1X2:29])[c;R1:30][c;R1:31]2)-[#6@H:19](-[#8:20])-[#6@@H:17](-[#8:18])-[#6@@H:15]-1-[#8:16].[#6]C([#6])([#6]-[#8]P([#8-])(=O)[#8]P([#8-])(=O)[#8]-[#6]-[#6@H]-1-[#8]-[#6@H](-[#6@H](-[#8])-[#6@@H]-1-[#8]P([#8-])([#8-])=O)-[#7]-1-[#6]=[#7]-[#6]-2=[#6]-1-[#7]=[#6]-[#7]=[#6]-2-[#7])[#6@@H](-[#8])-[#6](=O)-[#7]-[#6]-[#6]-[#6](=O)-[#7]-[#6]-[#6]-[#16]-[#6:3](=[O:4])-[#6:5]=[#6:6]-[c:7]1[c:8][c:9][c:10](-[#8:11])[c:12][c:13]1
base	ANTHOCYANIDIN_C_RING_FISSION_PATTERN3	BTMR0269	Anthocyanidin C-ring fission	bt:ANTHOCYANIDIN_C_RING_FISSION	2	[H][#8;X2]-[#6;R1]1[#6;R1](-[R0;*,#1])=,:[#6]2[#6](=,:[#8+][#6;R1]1-[#6;R1]=,:1[#6;R1](-[R0;*,#1])=,:[#6;R1](-[R0;#1,$([O][H]),$([O]-[C]([H])[H])])[#6;R1](-[R0;#1,$([O][H]),$([O]-[C]([H])[H])])=,:[#6;R1](-[R0;#1,$([O][H]),$([O]-[C]([H])[H])])[#6;R1]=,:1-[R0;*,#1])[#6](-[R0;*,#1])=,:[#6](-[#8;X2]-[R0;#1,$([O][C](-[H])(-[H])[H])])[#6](-[R0;*,#1])=,:[#6]2-[#8;X2][H] | [H][#8;X2]-[#6;R1]1[#6;R1](-[R0;*,#1])=,:[#6]2[#6](=,:[#8+][#6;R1]1-[#6;R1]=,:1[#6;R1](-[R0;*,#1])=,:[#6;R1](-[R0;#1,$([O][H]),$([O]-[C]([H])[H])])[#6;R1](-[R0;#1,$([O][H]),$([O]-[C]([H])[H])])=,:[#6;R1](-[R0;#1,$([O][H]),$([O]-[C]([H])[H])])[#6;R1]=,:1-[R0;*,#1])[#6](-[R0;*,#1])=,:[#6](-[#8;X2]-[R0;#1,$([O][C](-[H])(-[H])[H])])[#6](-[R0;*,#1])=,:[#6]2-[#8;X2]-[R0;#1,$([O][C](-[H])(-[H])[H])]	0		[H:1][#8;X2:2]-[c;R1:3]1[c;R1:4](-[R0;*,#1:5])[c:6]2[c:28](-[#8;X2:29]-[R0;#1,$([O][C](-[H])(-[H])[H]):30])[c:26](-[R0;*,#1:27])[c:23](-[#8;X2:24]-[R0;#1,$([O][C](-[H])(-[H])[H]):25])[c:21](-[R0;*,#1:22])[c:7]2[o+:8][c;R1:9]1-[c;R1:10]1[c;R1:11](-[R0;*,#1:12])[c;R1:13](-[R0;#1,$([O][H]),$([O]-[C]([H])[H]):14])[c;R1:15](-[R0;#1,$([O][H]),$([O]-[C]([H])[H]):16])[c;R1:17](-[R0;#1,$([O][H]),$([O]-[C]([H])[H]):18])[c;R1:19]1-[R0;*,#1:20]>>[H:1][#8;X2:2]-[#6;R0:3](=O)-[#6;R0:9]-[c;R1:10]1[c;R1:19](-[R0;*,#1:20])[c;R1:17](-[R0;#1,$([O][H]),$([O]-[C]([H])[H]):18])[c;R1:15](-[R0;#1,$([O][H]),$([O]-[C]([H])[H]):16])[c;R1:13](-[R0;#1,$([O][H]),$([O]-[C]([H])[H]):14])[c;R1:11]1-[R0;*,#1:12].[H][#8:8]-[#6:7]-1=[#6:21](-[R0;*,#1:22])-[#6:23](-[#8;X2:24]-[R0;#1,$([O][C](-[H])(-[H])[H]):25])=[#6:26](-[R0;*,#1:27])-[#6:28](-[#8;X2:29]-[R0;#1,$([O][C](-[H])(-[H])[H]):30])=[#6:6]-1-[#6;R0:4](-[R0;*,#1:5])=O
base	ANTHOCYANIDIN_C_RING_FISSION_PATTERN4	BTMR0270	Anthocyanidin C-ring fission	bt:ANTHOCYANIDIN_C_RING_FISSION	1	[H][#8][C;R1]1([#8]-[#6]2[#6](-[R0;*,#1])=,:[#6](-[#8;X2]-[R0;#1,$([O][C](-[H])(-[H])[H])])[#6](-[R0;*,#1])=,:[#6](-[#8;X2]-[R0;#1,$([O][C](-[H])(-[H])[H])])[#6]2-[#6;R1](-[R0;*,#1])=[#6;R1]1)[#6;R1]=,:1[#6;R1](-[R0;*,#1])=,:[#6;R1](-[R0;#1,$([O][H]),$([O]-[C]([H])[H])])[#6;R1](-[R0;#1,$([O][H]),$([O]-[C]([H])[H])])=,:[#6;R1](-[R0;#1,$([O][H]),$([O]-[C]([H])[H])])[#6;R1]=,:1-[R0;*,#1]	0		[H][#8][C;R1:7]1([#8:6]-[#6:5]2[#6:19](-[R0;*,#1:20])=,:[#6:21](-[#8;X2:22]-[R0;#1,$([O][C](-[H])(-[H])[H]):23])[#6:24](-[R0;*,#1:25])=,:[#6:26](-[#8;X2:27]-[R0;#1,$([O][C](-[H])(-[H])[H]):28])[#6:4]2-[#6;R1:2](-[R0;*,#1:3])=[#6;R1:1]1)[#6;R1:8]=,:1[#6;R1:9](-[R0;*,#1:10])=,:[#6;R1:11](-[R0;#1,$([O][H]),$([O]-[C]([H])[H]):12])[#6;R1:13](-[R0;#1,$([O][H]),$([O]-[C]([H])[H]):14])=,:[#6;R1:15](-[R0;#1,$([O][H]),$([O]-[C]([H])[H]):16])[#6;R1:17]=,:1-[R0;*,#1:18]>>[R0;#1,$([O][C](-[H])(-[H])[H]):23]-[#8;X2:22]-[#6:21]1=,:[#6:19](-[R0;*,#1:20])[#6:5][#6:4]([#6:26](-[#8;X2:27]-[R0;#1,$([O][C](-[H])(-[H])[H]):28])=,:[#6:24]1-[R0;*,#1:25])-[#6;R0:2]([R0;*,#1:3])=[#6;R0:1]/[#6;R0:7](=[O:6])-[#6;R1:8]=,:1[#6;R1:9](-[R0;*,#1:10])=,:[#6;R1:11](-[R0;#1,$([O][H]),$([O]-[C]([H])[H]):12])[#6;R1:13](-[R0;#1,$([O][H]),$([O]-[C]([H])[H]):14])=,:[#6;R1:15](-[R0;#1,$([O][H]),$([O]-[C]([H])[H]):16])[#6;R1:17]=,:1-[R0;*,#1:18]
base	ANTHOCYANIDIN_C_RING_FISSION_PATTERN5	BTMR0271	Anthocyanidin C-ring fission	bt:ANTHOCYANIDIN_C_RING_FISSION	1	[H][#8;X2]-[#6;R1]1=[#6;R1](-[R0;*,#1])-[#6]2[#6](-[#8][#6;R1]-1=[#6;R1]-1[#6;R1](-[R0;*,#1])=[#6;R1](-[R0;#1,$([O][H]),$([O]-[C]([H])[H])])-[#6;R1](=O)-[#6;R1](-[R0;#1,$([O][H]),$([O]-[C]([H])[H])])=[#6;R1]-1-[R0;*,#1])[#6](-[R0;*,#1])=,:[#6](-[#8;X2]-[R0;#1,$([O][C](-[H])(-[H])[H])])[#6](-[R0;*,#1])=,:[#6]2-[#8;X2]-[R0;#1,$([O][C](-[H])(-[H])[H])]	0		[H][#8;X2:1]-[#6;R1:2]1=[#6;R1:3](-[R0;*,#1:4])-[#6:5]2[#6:6](-[#8:7][#6;R1:8]-1=[#6;R1:9]-1[#6;R1:10](-[R0;*,#1:11])=[#6;R1:12](-[R0;#1,$([O][H]),$([O]-[C]([H])[H]):13])-[#6;R1:14](=[O:15])-[#6;R1:16](-[R0;#1,$([O][H]),$([O]-[C]([H])[H]):17])=[#6;R1:18]-1-[R0;*,#1:19])[#6:20](-[R0;*,#1:21])=,:[#6:22](-[#8;X2:23]-[R0;#1,$([O][C](-[H])(-[H])[H]):24])[#6:25](-[R0;*,#1:26])=,:[#6:27]2-[#8;X2:28]-[R0;#1,$([O][C](-[H])(-[H])[H]):29]>>[H][#8]-[#6:6]1[#6:20](-[R0;*,#1:21])=,:[#6:22](-[#8;X2:23]-[R0;#1,$([O][C](-[H])(-[H])[H]):24])[#6:25](-[R0;*,#1:26])=,:[#6:27](-[#8;X2:28]-[R0;#1,$([O][C](-[H])(-[H])[H]):29])[#6:5]1-[#6;R0:3](-[R0;*,#1:4])-[#6;R0:2](=[O;X1:1])-[#6;R0:8](=[O:7])-[#6;R1:9]-1=[#6;R1:18](-[R0;*,#1:19])-[#6;R1:16](-[R0;#1,$([O][H]),$([O]-[C]([H])[H]):17])=[#6;R1:14](-[#8:15][H])-[#6;R1:12](-[R0;#1,$([O][H]),$([O]-[C]([H])[H]):13])=[#6;R1:10]-1-[R0;*,#1:11]
base	ANTHOCYANIDIN_REDUCTION	BTMR0380	Reduction of anthocyanidin	bt:ANTHOCYANIDIN_REDUCTION	1	[#8;A;H1X2][c;R1]1[c;R1](-[R0;*,#1])[c;R1](-[R0;*,#1])[c;R1]([c;R1](-[R0;*,#1])[c;R1]1-[R0;*,#1])-[c;R1]1[o;R1+]c2[c;R1](-[R0;*,#1])[c;R1](-[R0;*,#1])[c;R1](-[R0;*,#1])[c;R1](-[*,#1;R0])c2[c;R1](-[R0;*,#1])[c;R1]1[#8;A;X2H1,X1-]	1	[#6;R1]~1~[#6]~c2ccc[c;R1](-[#6;R1]~3~[#6;R1]~[#6](~[#8;A;X2;+]~c4ccccc~34)-c3ccccc3)c2~[#8;A;X2;+]~[#6]~1-c1ccccc1	[#8;A;H1X2:1][c;R1:2]1[c;R1:3][c;R1:4][c;R1:5]([c;R1:6][c;R1:7]1)-[c;R1:8]1[o;R1+:9][c:10]2[c;R1:15][c;R1:14][c;R1:13][c;R1:12][c:11]2[c;R1:16][c;R1:17]1[#8;A;X2H1,X1-:18]>>[#8;A;X2H1,X1-:18][#6@@H;R1:17]-1-[#6;R1:16]-[#6:11]-2=[#6:10](-[#8;R1:9]-[#6@@H;R1:8]-1-[c;R1:5]1[c;R1:4][c;R1:3][c;R1:2]([#8;A;H1X2:1])[c;R1:7][c;R1:6]1)-[#6;R1:15]=[#6;R1:14]-[#6;R1:13]=[#6;R1:12]-2
base	ANTHOCYANIN_5_6PPP_HYDROXYCINNAMOYL_TRANSFER_REVERSE	BTMR0445	Acyl hydrolysis of anthocyanidin 3-glucoside-5-(4-hydroxycinnamoyl)glucoside	bt:ANTHOCYANIN_5_6PPP_HYDROXYCINNAMOYL_TRANSFER_REVERSE	1	[#8;A;H1X2][#6]-[#6@H]-1-[#8]-[#6](-[#8]-[c;R1]2[c;R1]c3c(-[#8]-[#6]-4-[#8]-[#6@H](-[#6]-[#8]-[#6](=O)-[#6]=[#6]-c5ccc([#8;A;H1X2])cc5)-[#6@@H]([#8;A;H1X2])-[#6@H]([#8;A;H1X2])-[#6@H]-4[#8;A;H1X2])cccc3[o+][c;R1]2-[c;R1]2[c;R1][c;R1][c;R1]([#8;A;H1X2])[c;R1][c;R1]2)-[#6@H]([#8;A;H1X2])-[#6@@H]([#8;A;H1X2])-[#6@@H]-1[#8;A;H1X2]	0		[#8;A;H1X2:2][#6:1]-[#6@H:3]-1-[#8:10]-[#6:9](-[#8:11]-[c;R1:12]2[c;R1:13][c:14]3[c:19](-[#8:20]-[#6:21]-4-[#8:41]-[#6@H:27](-[#6:28]-[#8:29]-[#6:30](=[O:40])-[#6:31]=[#6:32]-[c:33]5[c:34][c:35][c:36]([#8;A;H1X2:37])[c:38][c:39]5)-[#6@@H:25]([#8;A;H1X2:26])-[#6@H:24]([#8;A;H1X2:42])-[#6@H:22]-4[#8;A;H1X2:23])[c:18][c:17][c:16][c:15]3[o+:43][c;R1:44]2-[c;R1:45]2[c;R1:46][c;R1:47][c;R1:48]([#8;A;H1X2:49])[c;R1:50][c;R1:51]2)-[#6@H:7]([#8;A;H1X2:8])-[#6@@H:5]([#8;A;H1X2:6])-[#6@@H:4]-1[#8;A;H1X2:52]>>[#8;A;H1X2:2][#6:1]-[#6@H:3]-1-[#8:10]-[#6:9](-[#8:11]-[c;R1:12]2[c;R1:13][c:14]3[c:19](-[#8:20]-[#6:21]-4-[#8:41]-[#6@H:27](-[#6:28]-[#8:29])-[#6@@H:25]([#8;A;H1X2:26])-[#6@H:24]([#8;A;H1X2:42])-[#6@H:22]-4[#8;A;H1X2:23])[c:18][c:17][c:16][c:15]3[o+:43][c;R1:44]2-[c;R1:45]2[c;R1:46][c;R1:47][c;R1:48]([#8;A;H1X2:49])[c;R1:50][c;R1:51]2)-[#6@H:7]([#8;A;H1X2:8])-[#6@@H:5]([#8;A;H1X2:6])-[#6@@H:4]-1[#8;A;H1X2:52].[#6]C([#6])([#6]-[#8]P([#8])(=O)[#8]P([#8])(=O)[#8]-[#6]-[#6@H]-1-[#8]-[#6@H](-[#6@H](-[#8])-[#6@@H]-1-[#8]P([#8])([#8])=O)-[#7]-1-[#6]=[#7]-[#6]-2=[#6]-1-[#7]=[#6]-[#7]=[#6]-2-[#7])[#6@@H](-[#8])-[#6](=O)-[#7]-[#6]-[#6]-[#6](=O)-[#7]-[#6]-[#6]-[#16]-[#6:30](=[O:40])-[#6:31]=[#6:32]-[c:33]1[c:34][c:35][c:36]([#8;A;H1X2:37])[c:38][c:39]1
base	ANTHOCYANIN_6PP_MALONYL_TRANSFER_REVERSE	BTMR0446	Demanolynation of anthocyanidin 3-O-(6-O-malonyl-beta-D-glucoside)	bt:ANTHOCYANIN_6PP_MALONYL_TRANSFER_REVERSE	1	[#8]-[#6@H]-1-[#6@H](-[#8])-[#6@@H](-[#6]-[#8]-[#6](=O)[#6;A;H2X4][#6]([#8;A;X2H1,X1-])=O)-[#8]-[#6@@H](-[#8;X2]-[#6;R1]-2=[#6]-[#6]-3=[#6](-[#6]=[#6]([#8;A;H1X2])-[#6]=[#6]-3[#8;A;H1X2])[O+]=[#6]-2-c2c[c;R1](-[*,#1])c([#8;A;H1X2])[c;R1](-[*,#1])c2)-[#6@@H]-1-[#8]	0		[#8:1]-[#6@H:2]-1-[#6@H:3](-[#8:4])-[#6@@H:5](-[#6:6]-[#8:7]-[#6:8](=[O:9])[#6;A;H2X4:10][#6:11]([#8;A;X2H1,X1-:12])=[O:13])-[#8:14]-[#6@@H:15](-[#8;X2:16]-[#6;R1:17]-2=[#6:18]-[#6:19]-3=[#6:26](-[#6:25]=[#6:23]([#8;A;H1X2:24])-[#6:22]=[#6:20]-3[#8;A;H1X2:21])[O+:27]=[#6:28]-2-[c:29]2[c:30][c;R1:31](-[*,#1:32])[c:33]([#8;A;H1X2:34])[c;R1:35](-[*,#1:36])[c:37]2)-[#6@@H:38]-1-[#8:39]>>[#8:7]-[#6:6]-[#6@H:5]-1-[#8:14]-[#6@@H:15](-[#8;X2:16]-[#6;R1:17]-2=[#6:18]-[#6:19]-3=[#6:26](-[#6:25]=[#6:23]([#8;A;H1X2:24])-[#6:22]=[#6:20]-3[#8;A;H1X2:21])[O+:27]=[#6:28]-2-[c:29]2[c:30][c;R1:31](-[*,#1:32])[c:33]([#8;A;H1X2:34])[c;R1:35](-[*,#1:36])[c:37]2)-[#6@H:38](-[#8:39])-[#6@@H:2](-[#8:1])-[#6@@H:3]-1-[#8:4].[#6]C([#6])([#6]-[#8]P([#8])(=O)[#8]P([#8])(=O)[#8]-[#6]-[#6@H]-1-[#8]-[#6@H](-[#6@H](-[#8])-[#6@@H]-1-[#8]P([#8])([#8])=O)-n1cnc2c(-[#7])ncnc12)[#6](-[#8])-[#6](=O)-[#7]-[#6]-[#6]-[#6](=O)-[#7]-[#6]-[#6]-[#16]-[#6:8](=[O:9])[#6;A;H2X4:10][#6:11]([#8;A;X2H1,X1-:12])=[O:13]
base	ARALKYLAMINE_N_ACETYLATION	BTMR0439	N-Acetylation of aralkylamine	bt:ARALKYLAMINE_N_ACETYLATION	1	[H][#7;A;X3;+0!$([N]~[!#6])!$([N]*~[#7,#8,#15,#16])][#6;A;H2X4]!@-[#6;A;H2X4]!@-[#6;a]	0		[H:1][#7;A;X3;+0!$([N]~[!#6])!$([N]*~[#7,#8,#15,#16]):2][#6;A;H2X4:3]!@-[#6;A;H2X4:4]!@-[#6;a:5]>>[H:1]C([H])([H])[#6](=O)[#7;A;X3:2][#6;A;H2X4:3]!@-[#6;A;H2X4:4]!@-[#6;a:5]
base	ARALKYLAMINE_N_ACETYLATION_PATTERN2	BTMR1221	N-Acetylation of aralkylamine	bt:ARALKYLAMINE_N_ACETYLATION	1	[H][#7;A;X3]([H])[#6;A;H2X4]!@-[#6;A;H2X4]!@-[#6;a]	0		[H:1][#7;A;X3:2]([H:6])[#6;A;H2X4:3]!@-[#6;A;H2X4:4]!@-[#6;a:5]>>[H:6][#7;A;X3:2]([#6;A;H2X4:3]!@-[#6;A;H2X4:4]!@-[#6;a:5])[#6](=O)C([H:1])([H])[H]
base	ARENE_EPOXIDATION_PATTERN1	BTMR1027	Epoxidation of arene	bt:ARENE_EPOXIDATION	1	[H][#6;X3R1]=,:1[#6;X3]=,:2[#6]=,:[#6][#6]=,:[#6][#6]=,:2[#6;X3]=,:[#6;X3](-[*,#1;!$([OX2H1])])[#6;X3R1]=,:1[H]	3	[#6]~1~[#6;R1]~[#6;R1]~[#6;R1](~[#6]~[#6]~1)~[#6;R1]~1~[#6;R1]~[#6;R1]~[#6]~2~[#6]~[#6]~[#6]~[#6]~[#6]~2~[#8;$([#8;+1]),$([#8;+0])]~1 | [#6]~1~[#6;R1]~[#6;R1]~[#6;R1](~[#6]~[#6]~1)~[#6;R1]~1~[#6;R1]~[#8;$([#8;+1]),$([#8;+0])]~[#6]~2~[#6]~[#6]~[#6]~[#6]~[#6]~2~[#6;R1]~1 | [$([#6]-[#6;X4]-1-[#8]-[#6;X4]-1-[#1,#6,#7,#8]),$([#8;X2]-1-[#6;X3]-2=[#6;X3]-1-[#6]=[#6]-[#6]=[#6]-2)]	[H:12][#6;X3R1:11]=,:1[#6;X3:10]=,:2[#6:9]=,:[#6:8][#6:7]=,:[#6:6][#6:5]=,:2[#6;X3:4]=,:[#6;X3:3](-[*,#1;!$([OX2H1]):13])[#6;X3R1:2]=,:1[H:1]>>[H:12][H:1].[*,#1;!$([OX2H1]):13]-[#6;X3:3]1=,:[#6;X3:4][#6:5]=,:2[#6:6]=,:[#6:7][#6:8]=,:[#6:9][#6;X3:10]=,:2[#6;X4R2:11]2-[#8]-[#6;X4R2:2]12
base	ARENE_EPOXIDATION_PATTERN2	BTMR1028	Epoxidation of arene	bt:ARENE_EPOXIDATION	1	[H][c;X3R1]1-,:[c;X3R1](-[*,#1;!$([OX2H1])])[c;X3R1](-[*,#1])-,:[c;X3R1](-[*,#1])[c;R1](-[*,#1;!$([OX2H1])])-,:[c;X3R1]1-[F,Cl,Br,I,#1]	3	[#6]~1~[#6;R1]~[#6;R1]~[#6;R1](~[#6]~[#6]~1)~[#6;R1]~1~[#6;R1]~[#6;R1]~[#6]~2~[#6]~[#6]~[#6]~[#6]~[#6]~2~[#8;$([#8;+1]),$([#8;+0])]~1 | [#6]~1~[#6;R1]~[#6;R1]~[#6;R1](~[#6]~[#6]~1)~[#6;R1]~1~[#6;R1]~[#8;$([#8;+1]),$([#8;+0])]~[#6]~2~[#6]~[#6]~[#6]~[#6]~[#6]~2~[#6;R1]~1 | [$([#6]-[#6;X4]-1-[#8]-[#6;X4]-1-[#1,#6,#7,#8]),$([#8;X2]-1-[#6;X3]-2=[#6;X3]-1-[#6]=[#6]-[#6]=[#6]-2)]	[H:1][c;X3R1:2]-,:1[c;X3R1:11]([#9,#17,#35,#53,#1;A:12])-,:[c;R1:9](-[*,#1;!$([OX2H1]):10])[c;X3R1:7](-[*,#1:8])-,:[c;X3R1:5](-[*,#1:6])[c;X3R1:3]-,:1-[*,#1;!$([OX2H1]):4]>>[#9,#17,#35,#53,#1;A:12][H:1].[*,#1:6]-[#6;X3R1:5]1=[#6;X3R1:3](-[*,#1;!$([OX2H1]):4])-[#6;X4R1:2]-2-[#8]-[#6;X4R1:11]-2-[#6;R1:9](-[*,#1;!$([OX2H1]):10])=[#6;X3R1:7]1-[*,#1:8]
base	AROMATIC_ACYL_O_GLUCURONIDATION	BTMR0168	O-Glucuronidation of aromatic acid	bt:AROMATIC_ACYL_O_GLUCURONIDATION	1	[#6;a]-[#6]([#8;A;X2H1,X1-])=O	2	[H][#7]([#6;A;H2X4][#6](-[#8])=O)-[#6](=O)[#6;A;H1X4]([#6;A;H2X4][#16][#6,#8,#16;A])[#7]([H])-[#6](=O)[#6;A;H2X4][#6;A;H2X4][#6;A;H1X4]([#7])[#6](-[#8])=O | [#8]-,=[#6](-,=[#7]-[#6]-,=[#6]-,=[#16])-[#6]-[#6]-[#7]-,=[#6](-,=[#8])-[#6](-,=[#8])C([#6])([#6])[#6]-[#8]P([#8])(=O)[#8]P([#8])(=O)[#8]-[#6]-[#6]-1-[#8]-[#6](-[#7]~2~[#6]~[#7]~[#6]~3~[#6]~2~[#7]~[#6]~[#7]~[#6]~3-[#7])-[#6](-[#8])-[#6]-1-[#8]	[H][#8;A:1][#6;X3:2](-[#6;a:3])=[O;X1:4]>>[#6;a:3]-[#6;X3:2](=[O;X1:4])[#8;A:1][#6@H]-1-[#8]-[#6@@H](-[#6@@H](-[#8])-[#6@H](-[#8])-[#6@H]-1-[#8])-[#6](-[#8])=O
base	AROMATIC_AMINO_ACID_TRANSAMINATION	BTMR0478	Transamination of aromatic amino acid	bt:AROMATIC_AMINO_ACID_TRANSAMINATION	1	[#6;a][#6;A;H1X4]([#7;A;H2X3])[#6]([#8;A;X2H1,X1-])=O	0		[H][#6;A;X4:1]([#6;a:2])([#7;A;H2X3])[#6:3]([#8;A;X2H1,X1-:4])=[O:5]>>[#6;a:2][#6;A;X3:1](=O)[#6:3]([#8;A;X2H1,X1-:4])=[O:5]
base	AROMATIC_HYDROXYLATION_OF_FUSED_BENZENE_RING_PATTERN1	BTMR1030	Aromatic hydroxylation of fused benzene ring	bt:AROMATIC_HYDROXYLATION_OF_FUSED_BENZENE_RING	1	[H][#6;R1;!$([#6](~[#6]-[*;!#1])~[#6]-[*;!#1])]=,:1[#6;R1]=,:[#6;R1][#6;R2]=,:[#6;R2][#6;R1]=,:1	0		[H:1][#6;R1;!$([#6](~[#6]-[*;!#1])~[#6]-[*;!#1]):2]=,:1[#6;R1:3]=,:[#6;R1:4][#6;R2:5]=,:[#6;R2:6][#6;R1:7]=,:1>>[H:1][#8]-[#6;R1;!$([#6](~[#6]-[*;!#1])~[#6]-[*;!#1]):2]=,:1[#6;R1:3]=,:[#6;R1:4][#6;R2:5]=,:[#6;R2:6][#6;R1:7]=,:1
base	AROMATIC_HYDROXYLATION_OF_FUSED_BENZENE_RING_PATTERN2	BTMR1031	Aromatic hydroxylation of fused benzene ring	bt:AROMATIC_HYDROXYLATION_OF_FUSED_BENZENE_RING	1	[#6]@[#6;R2]1=,:[#6;R2](@[#6,#8,#7,#16])[#6;R1]([H])=,:[#6;R1](-[!#8;*,#1])[#6;R1]=,:[#6;R1]1[H]	2	[$([#6;R1]=,:1[#6;R1]=,:[#6;R1][#6;R1](=,:[#6;R1][#6;R1]=,:1)!@-[#6]-1-,=[#6;R1]-[#6;R1]-[#6]=,:2[#6;R1]=,:[#6;R1][#6;R1]=,:[#6;R1][#6]=,:2-[#8;R1]-1),$(O=[#6]1[#6]=,:[#6]([#8][#6]2=,:[#6][#6]=,:[#6][#6]=,:[#6]12)-[#6]=,:1[#6]=,:[#6][#6]=,:[#6][#6]=,:1)] | [$([#8]-[#6;R1]-1=[#6;R1](-[#8;R1]-[#6]-2=[#6]-[#6](=O)-[#6]=[#6]-[#6]-2=[#6;R1]-1)-[c;R1]1[c;R1][c;R1]c([#8;A;H1X2])[c;R1][c;R1]1),$([#8]-[#6;R1]1=,:[#6;R1]c2ccc([#8;A;H1X2])cc2[#8;R1+]=,:[#6;R1]1-[c;R1]1[c;R1][c;R1]c([#8;A;H1X2])[c;R1][c;R1]1),$([#8]-[#6;R1]1=,:[#6;R1]c2ccc([#8;A;H1X2])cc2[#8;R1+]=,:[#6;R1]1-[c;R1]1[c;R1][c;R1]c([#8;A;H1X2])[c;R1][c;R1]1),$([#8;A;H1X2][#6]-1=[#6;R1]-[#6;R1]=[#6;R1](-[#6;R1]=[#6;R1]-1)[C;R1]1([#8;A;H1X2])[#8;R1]-[#6]-2=[#6]-[#6]([#8;A;H1X2])=[#6]-[#6]=[#6]-2-[#6;R1]=[#6;R1]1-[#8]),$([H][#8;X2]-[#6;R1]1=,:[#6;R1](-[R0;*,#1])[#6]2=,:[#6]([#8+]=,:[#6;R1]1-[#6;R1]=,:1[#6;R1](-[R0;*,#1])=,:[#6;R1](-[R0;#1,$([O][H]),$([O]-[C]([H])[H])])[#6;R1](-[R0;#1,$([O][H]),$([O]-[C]([H])[H])])=,:[#6;R1](-[R0;#1,$([O][H]),$([O]-[C]([H])[H])])[#6;R1]=,:1-[R0;*,#1])[#6](-[R0;*,#1])=,:[#6](-[#8;X2]-[R0;#1,$([C](-[H])(-[H])[H])])[#6](-[R0;*,#1])=,:[#6]2-[#8;X2]-[R0;#1,$([C](-[H])(-[H])[H])])]	[#6:1]@[#6;R2:2]1=,:[#6;R2:3](@[#6,#8,#7,#16:4])[#6;R1:5]([H:6])=,:[#6;R1:7](-[!#8;*,#1:11])[#6;R1:8]=,:[#6;R1:9]1[H:10]>>[#6:1]@[#6;R2:2]1=,:[#6;R2:3](@[#6,#8,#7,#16:4])[#6;R1:5](-[#8][H:6])=,:[#6;R1:7](-[!#8;*,#1:11])[#6;R1:8]=,:[#6;R1:9]1[H:10]
base	AROMATIC_HYDROXYLATION_OF_FUSED_BENZENE_RING_PATTERN3	BTMR1032	Aromatic hydroxylation of fused benzene ring	bt:AROMATIC_HYDROXYLATION_OF_FUSED_BENZENE_RING	1	[#6]@[#6;R2]1=,:[#6;R2](@[#8,#7,#16])[#6;R1]([H])=,:[#6;R1][#6;R1]=,:[#6;R1]1[H]	0		[#6:1]@[#6;R2:2]1=,:[#6;R2:7](@[#8,#7,#16:8])[#6;R1:6]([H:9])=,:[#6;R1:5][#6;R1:4]=,:[#6;R1:3]1[H]>>[#6:1]@[#6;R2:2]1=,:[#6;R2:7](@[#8,#7,#16:8])[#6;R1:6]([H:9])=,:[#6;R1:5][#6;R1:4]=,:[#6;R1:3]1-[#8][H]
base	AROMATIC_HYDROXYLATION_OF_FUSED_BENZENE_RING_PATTERN4	BTMR1309	Aromatic hydroxylation of fused benzene ring	bt:AROMATIC_HYDROXYLATION_OF_FUSED_BENZENE_RING	1	[H][#6;R1]=,:1[#6;R2]=,:2[#6]=,:[#6][#6][#6]3=,:[#6][#6]=,:[#6][#6;R2]([#6]=,:23)=,:[#6;R1](!@-[*,#1])[#6;R1]=,:1[H]	0		[H:16][#6;R1:5]=,:1[#6;R2:4]=,:2[#6:3]=,:[#6:2][#6:1][#6:12]3=,:[#6:11][#6:10]=,:[#6:9][#6;R2:8]([#6:13]=,:23)=,:[#6;R1:7](!@-[*,#1:14])[#6;R1:6]=,:1[H:15]>>[H:16][#8]-[#6;R1:5]=,:1[#6;R2:4]=,:2[#6:3]=,:[#6:2][#6:1][#6:12]3=,:[#6:11][#6:10]=,:[#6:9][#6;R2:8]([#6:13]=,:23)=,:[#6;R1:7](!@-[*,#1:14])[#6;R1:6]=,:1[H:15]
base	AROMATIC_L_AMINO_ACID_DECARBOXYLATION	BTMR1288	Decarboxylation of aromatic L-amino acid	bt:AROMATIC_L_AMINO_ACID_DECARBOXYLATION	1	[#6;a][#6;A;X4;H1,H2][#6;A;H1X4]([#7;A;H2X3])[#6;X3]([#8;X1-,X2H1])=[O;X1]	0		[H:8][#7;A;X3:4]([H:9])[#6;A;X4:3]([H:12])([#6;X3:5]([#8;X1-,X2H1:6])=[O;X1:7])[#6;A;X4:2]([H:10])([#6;a:1])[*,#1:11]>>[H][#6;X3:5]([#8;X1-,X2H1:6])=[O;X1:7].[H:8][#7;A;X3:4]([H:9])[#6;A;X4:3]([H:12])([H])[#6;A;X4:2]([H:10])([#6;a:1])[*,#1:11]
base	AROMATIC_OH_GLUCURONIDATION	BTMR0166	Aromatic OH-glucuronidation	bt:AROMATIC_OH_GLUCURONIDATION	1	[#8;H1X2]-[#6,#7,#16;a]	3	[#6]~1~[#6,#8,#7,#16]~[#6,#8,#7,#16]~[#6,#8,#7,#16;A;R2]~2~[#6,#8,#7,#16]~[#6,#8,#7,#16;A;R1]~[#6,#8,#7,#16;A;R2]~3-,=[#6,#8,#7,#16;A;R2]-,=4-,=[#6,#8,#7,#16]-,=[#6,#8,#7,#16]-,=[#6,#8,#7,#16;A]-,=[#6,#8,#7,#16]-,=4-,=[#6,#8,#7,#16]~[#6,#8,#7,#16;A]~[#6,#8,#7,#16]~3~[#6,#8,#7,#16]~2~[#6,#8,#7,#16]~1 | [H][#7]([#6;A;H2X4][#6](-[#8])=O)-[#6](=O)[#6;A;H1X4]([#6;A;H2X4][#16][#6,#8,#16;A])[#7]([H])-[#6](=O)[#6;A;H2X4][#6;A;H2X4][#6;A;H1X4]([#7])[#6](-[#8])=O | [#8]-,=[#6](-,=[#7]-[#6]-,=[#6]-,=[#16])-[#6]-[#6]-[#7]-,=[#6](-,=[#8])-[#6](-,=[#8])C([#6])([#6])[#6]-[#8]P([#8])(=O)[#8]P([#8])(=O)[#8]-[#6]-[#6]-1-[#8]-[#6](-[#7]~2~[#6]~[#7]~[#6]~3~[#6]~2~[#7]~[#6]~[#7]~[#6]~3-[#7])-[#6](-[#8])-[#6]-1-[#8]	[H:1][#8;X2:2]-[#6,#7,#16;a:3]>>[H:1]C1([#8;X2:2]-[#6,#7,#16;a:3])[#8]-[#6@@H](-[#6@@H](-[#8])-[#6@H](-[#8])-[#6@H]1-[#8])-[#6](-[#8])=O
base	ARYLACETAMDE_DEACETYLATION	BTMR0628	Deacetylation of arylacetamide	bt:ARYLACETAMDE_DEACETYLATION	1	[#6;A;H3X4][#6](=O)-[#7;X3](-[#1,OX2H1])-[#6]=,:1[#6]=,:[#6][#6]=,:[#6][#6]=,:1	0		[#6;A;H3X4:11][#6:9](=[O:10])-[#7;X3:7](-[#1,OX2H1:8])-[#6:1]=,:1[#6:2]=,:[#6:3][#6:4]=,:[#6:5][#6:6]=,:1>>[H][#8]-[#6:9]([#6;A;H3X4:11])=[O:10].[H][#7;X3:7](-[#1,OX2H1:8])-[#6:1]=,:1[#6:2]=,:[#6:3][#6:4]=,:[#6:5][#6:6]=,:1
base	ARYLAMINE_N_ACETYLATION_PATTERN1	BTMR0187	N-Acetylation of arylamine	bt:ARYLAMINE_N_ACETYLATION	1	[#7;A;H2X3]!@-[#6]=,:1[#6;R1]=,:[#6][#6]=,:[#6][#6;R1]=,:1	2	[H][#7]([#6;A;H2X4][#6](-[#8])=O)-[#6](=O)[#6;A;H1X4]([#6;A;H2X4][#16][#6,#8,#16;A])[#7]([H])-[#6](=O)[#6;A;H2X4][#6;A;H2X4][#6;A;H1X4]([#7])[#6](-[#8])=O | [#8]-,=[#6](-,=[#7]-[#6]-,=[#6]-,=[#16])-[#6]-[#6]-[#7]-,=[#6](-,=[#8])-[#6](-,=[#8])C([#6])([#6])[#6]-[#8]P([#8])(=O)[#8]P([#8])(=O)[#8]-[#6]-[#6]-1-[#8]-[#6](-[#7]~2~[#6]~[#7]~[#6]~3~[#6]~2~[#7]~[#6]~[#7]~[#6]~3-[#7])-[#6](-[#8])-[#6]-1-[#8]	[H:8][#7;A;X3:1]([H:9])!@-[#6:2]=,:1[#6;R1:3]=,:[#6:4][#6:5]=,:[#6:6][#6;R1:7]=,:1>>[H:9][#7;A;X3:1](!@-[#6:2]=,:1[#6;R1:3]=,:[#6:4][#6:5]=,:[#6:6][#6;R1:7]=,:1)[#6](=O)C([H:8])([H])[H]
base	ARYLAMINE_N_ACETYLATION_PATTERN2	BTMR0188	N-Acetylation of arylamine	bt:ARYLAMINE_N_ACETYLATION	1	[H][#7;A;X3+0,X4+;!$([N]~[!#6])][#7;A;X3]([H])[#6;a]	2	[H][#7]([#6;A;H2X4][#6](-[#8])=O)-[#6](=O)[#6;A;H1X4]([#6;A;H2X4][#16][#6,#8,#16;A])[#7]([H])-[#6](=O)[#6;A;H2X4][#6;A;H2X4][#6;A;H1X4]([#7])[#6](-[#8])=O | [#8]-,=[#6](-,=[#7]-[#6]-,=[#6]-,=[#16])-[#6]-[#6]-[#7]-,=[#6](-,=[#8])-[#6](-,=[#8])C([#6])([#6])[#6]-[#8]P([#8])(=O)[#8]P([#8])(=O)[#8]-[#6]-[#6]-1-[#8]-[#6](-[#7]~2~[#6]~[#7]~[#6]~3~[#6]~2~[#7]~[#6]~[#7]~[#6]~3-[#7])-[#6](-[#8])-[#6]-1-[#8]	[H][#7;A;X3+0,X4+;!$([N]~[!#6]):3][#7;A;X3:2]([H:4])[#6;a:1]>>[H:4][#7;A;X3:2]([#6;a:1])[#7;A;X3+0,X4+;!$([N]~[!#6]):3][#8]-[#6](=O)C([H])([H])[H]
base	ARYLAMINE_N_ACETYLATION_PATTERN3	BTMR1242	N-Acetylation of arylamine	bt:ARYLAMINE_N_ACETYLATION	1	[#7;A;H2X3]!@-[#6;R1]=,:1[#6;R1]=,:[#6;R1][#6;R1]=,:[#6][#6]=,:1	2	[H][#7]([#6;A;H2X4][#6](-[#8])=O)-[#6](=O)[#6;A;H1X4]([#6;A;H2X4][#16][#6,#8,#16;A])[#7]([H])-[#6](=O)[#6;A;H2X4][#6;A;H2X4][#6;A;H1X4]([#7])[#6](-[#8])=O | [#8]-,=[#6](-,=[#7]-[#6]-,=[#6]-,=[#16])-[#6]-[#6]-[#7]-,=[#6](-,=[#8])-[#6](-,=[#8])C([#6])([#6])[#6]-[#8]P([#8])(=O)[#8]P([#8])(=O)[#8]-[#6]-[#6]-1-[#8]-[#6](-[#7]~2~[#6]~[#7]~[#6]~3~[#6]~2~[#7]~[#6]~[#7]~[#6]~3-[#7])-[#6](-[#8])-[#6]-1-[#8]	[H:8][#7;A;X3:1]([H:9])!@-[#6;R1:2]=,:1[#6;R1:3]=,:[#6;R1:4][#6;R1:5]=,:[#6:6][#6:7]=,:1>>[H:9][#7;A;X3:1](!@-[#6;R1:2]=,:1[#6;R1:3]=,:[#6;R1:4][#6;R1:5]=,:[#6:6][#6:7]=,:1)[#6](=O)C([H])([H])[H:8]
base	ARYLDIALKYLPHOSPHATE_PHOSPHOHYDROLYSIS	BTMR0558	Phosphorohydrolysis of aryldialkylphosphate	bt:ARYLDIALKYLPHOSPHATE_PHOSPHOHYDROLYSIS	1	[#6;X4]-[#8;X2][P;X4](=[X1;O,S])([#8;X2]-[#6;X4])[#8]-[#6;R1]=,:1[#6;R1]=,:[#6;R1][#6;R1]=,:[#6;R1][#6;R1]=,:1	0		[#6;X4:5]-[#8;X2:4][P;X4:3](=[X1;O,S:13])([#8;X2:2]-[#6;X4:1])[#8:6]-[#6;R1:7]=,:1[#6;R1:8]=,:[#6;R1:9][#6;R1:10]=,:[#6;R1:11][#6;R1:12]=,:1>>[H][#8:6]-[#6;R1:7]=,:1[#6;R1:8]=,:[#6;R1:9][#6;R1:10]=,:[#6;R1:11][#6;R1:12]=,:1.[H][#8][P;X4:3](=[X1;O,S:13])([#8;X2:4]-[#6;X4:5])[#8;X2:2]-[#6;X4:1]
base	ARYLSULFATE_SULFOHYDROLYSIS	BTMR0556	Sulfohydrolysis of arylsulfate	bt:ARYLSULFATE_SULFOHYDROLYSIS	1	[#8;A;X2H1,X1-][S;X4](=[O;X1])(=[O;X1])[#8]-[#6;R1]=,:1[#6]=,:[#6][#6]=,:[#6][#6;R1]=,:1	0		[#8;A;X2H1,X1-:1][S;X4:2](=[O;X1:3])(=[O;X1:4])[#8:5]-[#6;R1:6]=,:1[#6:7]=,:[#6:8][#6:9]=,:[#6:10][#6;R1:11]=,:1>>[H][#8:5][S;X4:2]([#8;A;X2H1,X1-:1])(=[O;X1:3])=[O;X1:4].[H][#8]-[#6;R1:6]=,:1[#6:7]=,:[#6:8][#6:9]=,:[#6:10][#6;R1:11]=,:1
base	ARYL_ALDEHYDE_DEHYDROGENATION	BTMR0611	Dehydrogenation of arylaldehyde	bt:ARYL_ALDEHYDE_DEHYDROGENATION	1	[#6;a;R1][#6;A;H1X3]=[O;X1]	0		[H][#6;A;X3:2]([#6;a;R1:3])=[O;X1:1]>>[#6;a;R1:3][#6;A;X3:2]([#8])=[O;X1:1]
base	AZOLE_N_GLUCURONIDATION_PATTERN1	BTMR0174	N-Glucuronidation of azole	bt:AZOLE_N_GLUCURONIDATION	1	[#6]=,:1[#7;H1v3X3R1][#7;R1]=,:[#6,#7][#6,#7]=,:1	2	[H][#7]([#6;A;H2X4][#6](-[#8])=O)-[#6](=O)[#6;A;H1X4]([#6;A;H2X4][#16][#6,#8,#16;A])[#7]([H])-[#6](=O)[#6;A;H2X4][#6;A;H2X4][#6;A;H1X4]([#7])[#6](-[#8])=O | [#8]-,=[#6](-,=[#7]-[#6]-,=[#6]-,=[#16])-[#6]-[#6]-[#7]-,=[#6](-,=[#8])-[#6](-,=[#8])C([#6])([#6])[#6]-[#8]P([#8])(=O)[#8]P([#8])(=O)[#8]-[#6]-[#6]-1-[#8]-[#6](-[#7]~2~[#6]~[#7]~[#6]~3~[#6]~2~[#7]~[#6]~[#7]~[#6]~3-[#7])-[#6](-[#8])-[#6]-1-[#8]	[H][#7;v3X3R1:1]1[#6:2]=,:[#6,#7:3][#6,#7:4]=,:[#7;R1:5]1>>[#8]-[#6]-1-[#6](-[#8])-[#6](-[#8]-[#6](-[#6]-1-[#8])-[#6](-[#8])=O)-[#7;v3X3R1:1]1[#6:2]=,:[#6,#7:3][#6,#7:4]=,:[#7;R1:5]1
base	AZOLE_N_GLUCURONIDATION_PATTERN2	BTMR0175	N-Glucuronidation of azole	bt:AZOLE_N_GLUCURONIDATION	1	[*,#1]-[#7;v3X3R1]1[#6]=,:[#6,#7][#6,#7]=,:[#7;v3R1]1	2	[H][#7]([#6;A;H2X4][#6](-[#8])=O)-[#6](=O)[#6;A;H1X4]([#6;A;H2X4][#16][#6,#8,#16;A])[#7]([H])-[#6](=O)[#6;A;H2X4][#6;A;H2X4][#6;A;H1X4]([#7])[#6](-[#8])=O | [#8]-,=[#6](-,=[#7]-[#6]-,=[#6]-,=[#16])-[#6]-[#6]-[#7]-,=[#6](-,=[#8])-[#6](-,=[#8])C([#6])([#6])[#6]-[#8]P([#8])(=O)[#8]P([#8])(=O)[#8]-[#6]-[#6]-1-[#8]-[#6](-[#7]~2~[#6]~[#7]~[#6]~3~[#6]~2~[#7]~[#6]~[#7]~[#6]~3-[#7])-[#6](-[#8])-[#6]-1-[#8]	[*,#1:6]-[#7;v3X3R1:1]1[#6:2]=,:[#6,#7:3][#6,#7:4]=,:[#7;v3R1:5]1>>[#8]-[#6]-1-[#6](-[#8])-[#6](-[#8]-[#6](-[#6]-1-[#8])-[#6](-[#8])=O)-[#7;v4R1+:5]1=,:[#6,#7:4][#6,#7:3]=,:[#6:2][#7;v3X3R1:1]1-[*,#1:6]
base	AZOLE_N_GLUCURONIDATION_PATTERN3	BTMR0176	N-Glucuronidation of azole	bt:AZOLE_N_GLUCURONIDATION	1	*-[#7]1[#6]=,:[#6;R1][#7;v3R1]=,:[#6;R1]1	2	[H][#7]([#6;A;H2X4][#6](-[#8])=O)-[#6](=O)[#6;A;H1X4]([#6;A;H2X4][#16][#6,#8,#16;A])[#7]([H])-[#6](=O)[#6;A;H2X4][#6;A;H2X4][#6;A;H1X4]([#7])[#6](-[#8])=O | [#8]-,=[#6](-,=[#7]-[#6]-,=[#6]-,=[#16])-[#6]-[#6]-[#7]-,=[#6](-,=[#8])-[#6](-,=[#8])C([#6])([#6])[#6]-[#8]P([#8])(=O)[#8]P([#8])(=O)[#8]-[#6]-[#6]-1-[#8]-[#6](-[#7]~2~[#6]~[#7]~[#6]~3~[#6]~2~[#7]~[#6]~[#7]~[#6]~3-[#7])-[#6](-[#8])-[#6]-1-[#8]	[*:6]-[#7:1]1[#6:2]=,:[#6;R1:3][#7;v3R1:4]=,:[#6;R1:5]1>>[#8]-[#6]-1-[#6](-[#8])-[#6](-[#8]-[#6](-[#6]-1-[#8])-[#6](-[#8])=O)-[#7;R1+:4]=,:1[#6;R1:3]=,:[#6:2][#7:1](-[*:6])[#6;R1:5]=,:1
base	AZOLE_N_GLUCURONIDATION_PATTERN4	BTMR0177	N-Glucuronidation of azole	bt:AZOLE_N_GLUCURONIDATION	1	[#6]=,:1[#7;R1][#7;R1]=,:[#6][#7;v3R1]=,:1	2	[H][#7]([#6;A;H2X4][#6](-[#8])=O)-[#6](=O)[#6;A;H1X4]([#6;A;H2X4][#16][#6,#8,#16;A])[#7]([H])-[#6](=O)[#6;A;H2X4][#6;A;H2X4][#6;A;H1X4]([#7])[#6](-[#8])=O | [#8]-,=[#6](-,=[#7]-[#6]-,=[#6]-,=[#16])-[#6]-[#6]-[#7]-,=[#6](-,=[#8])-[#6](-,=[#8])C([#6])([#6])[#6]-[#8]P([#8])(=O)[#8]P([#8])(=O)[#8]-[#6]-[#6]-1-[#8]-[#6](-[#7]~2~[#6]~[#7]~[#6]~3~[#6]~2~[#7]~[#6]~[#7]~[#6]~3-[#7])-[#6](-[#8])-[#6]-1-[#8]	[#6:2]=,:1[#7;R1:1][#7;R1:5]=,:[#6:4][#7;v3R1:3]=,:1>>[#8]-[#6]-1-[#6](-[#8])-[#6](-[#8]-[#6](-[#6]-1-[#8])-[#6](-[#8])=O)-[#7;R1+:3]=,:1[#6:4]=,:[#7;R1:5][#7;R1:1][#6:2]=,:1
base	AZOLE_N_GLUCURONIDATION_PATTERN5	BTMR1305	N-Glucuronidation of azole	bt:AZOLE_N_GLUCURONIDATION	1	*!@-[#6]-1=[#7]-[#7]=[#7;X2R1]-[#7;H1v3X3R1]-1	2	[H][#7]([#6;A;H2X4][#6](-[#8])=O)-[#6](=O)[#6;A;H1X4]([#6;A;H2X4][#16][#6,#8,#16;A])[#7]([H])-[#6](=O)[#6;A;H2X4][#6;A;H2X4][#6;A;H1X4]([#7])[#6](-[#8])=O | [#8]-,=[#6](-,=[#7]-[#6]-,=[#6]-,=[#16])-[#6]-[#6]-[#7]-,=[#6](-,=[#8])-[#6](-,=[#8])C([#6])([#6])[#6]-[#8]P([#8])(=O)[#8]P([#8])(=O)[#8]-[#6]-[#6]-1-[#8]-[#6](-[#7]~2~[#6]~[#7]~[#6]~3~[#6]~2~[#7]~[#6]~[#7]~[#6]~3-[#7])-[#6](-[#8])-[#6]-1-[#8]	[*:6]!@-[#6:1]-1=[#7:5]-[#7:4]=[#7;X2R1:3]-[#7;H1v3X3R1:2]-1>>[#8]-[#6]-1-[#6](-[#8])-[#6](-[#8]-[#6](-[#6]-1-[#8])-[#7;X3R1+:3]-1=[#7:4]-[#7:5]=[#6:1](!@-[*:6])-[#7;H1v3X3R1:2]-1)-[#6](-[#8])=O
base	BENZALDEHYDE_DEHYDROGENATION	BTMR0376	Dehydrogenation of benzaldehyde	bt:BENZALDEHYDE_DEHYDROGENATION	1	[O;X1]=[#6;A;H1X3][#6;R1]=,:1[#6;R1]=,:[#6;R1][#6;R1]=,:[#6;R1][#6;R1]=,:1	0		[H:1][#6;A;X3:2](=[O;X1:3])[#6;R1:4]=,:1[#6;R1:5]=,:[#6;R1:6][#6;R1:7]=,:[#6;R1:8][#6;R1:9]=,:1>>[H:1][#8][#6;A;X3:2](=[O;X1:3])[#6;R1:4]=,:1[#6;R1:5]=,:[#6;R1:6][#6;R1:7]=,:[#6;R1:8][#6;R1:9]=,:1
base	BENZOIC_ACID_DECARBOXYLATION	BTMR0282	Decarboxylation of benzoic acid	bt:BENZOIC_ACID_DECARBOXYLATION	1	[H][#8;X2]-[#6;R1]1=,:[#6;R1]([H])[#6;R1](=,:[#6;R1]([H])[#6;R1](-[#1,$([O][H]),$([O][C](-[H])(-[H])[H])])=,:[#6;R1]1-[#8;X2][H])-[#6](=[O;X1])-[#8;X2][H]	0		[H:1][#8;X2:2]-[#6;R1:3]1=,:[#6;R1:4]([H:5])[#6;R1:6](=,:[#6;R1:7]([H:8])[#6;R1:9](-[#1,$([O][H]),$([O][C](-[H])(-[H])[H]):10])=,:[#6;R1:11]1-[#8;X2:12][H:13])-[#6](=[O;X1])-[#8;X2][H]>>[H:1][#8;X2:2]-[#6;R1:3]1=,:[#6;R1:4]([H:5])[#6;R1:6]([H])=,:[#6;R1:7]([H:8])[#6;R1:9](-[#1,$([O][H]),$([O][C](-[H])(-[H])[H]):10])=,:[#6;R1:11]1-[#8;X2:12][H:13]
base	BETA_D_GALACTOSIDE_6_ACETYLATION	BTMR0565	6-Acetylation of beta-D-galactoside	bt:BETA_D_GALACTOSIDE_6_ACETYLATION	1	[#6][!#1!#6;$([#8;A;X2]),$([#16;A;X2])][#6;A@@H;H1X4R1]1[#8][#6;A@H;H1X4R1]([#6][#8;A;H1X2])[#6;A@H;H1X4R1]([#8;A;H1X2])[#6;A@H;H1X4R1]([#8;A;H1X2])[#6;A@H;H1X4R1]1[#8;A;H1X2]	0		[H][#8;A;X2:13][#6:12][#6;A@H;H1X4R1:5]1[#8:4][#6;A@@H;H1X4R1:3]([!#1!#6;$([#8;A;X2]),$([#16;A;X2]):2][#6:1])[#6;A@H;H1X4R1:10]([#8;A;H1X2:11])[#6;A@@H;H1X4R1:8]([#8;A;H1X2:9])[#6;A@H;H1X4R1:6]1[#8;A;H1X2:7]>>[#6:1][!#1!#6;$([#8;A;X2]),$([#16;A;X2]):2][#6;A@@H;H1X4R1:3]1[#8:4][#6;A@H;H1X4R1:5]([#6:12][#8;A;X2:13][#6](-[#6])=O)[#6;A@H;H1X4R1:6]([#8;A;H1X2:7])[#6;A@H;H1X4R1:8]([#8;A;H1X2:9])[#6;A@H;H1X4R1:10]1[#8;A;H1X2:11]
base	BETA_D_GALACTOSIDE_GALACTO_HYDROLYSIS_PATTERN1	BTMR0566	Hydrolysis of galactose from beta-D-galactoside	bt:BETA_D_GALACTOSIDE_GALACTO_HYDROLYSIS	1	[H][#8]C([H])([H])C1([H])[#8]C([H])([#8]C2([H])C([H])([#8][H])C([H])([#8][H])C([H])([#8]C([H])([H])C([H])([#7]([H])-[#6]([#6,#1;A])=O)C([H])([#8][H])[#6]([H;#1,OX2H1])-,=[#6]([H])C([H])([H])C([H])([H])C([H])([H])C([H])([H])C([H])([H])C([H])([H])C([H])([H])C([H])([H])C([H])([H])[#6]([H])[H])[#8]C2([H])C([H])([H])[#8][H])C([H])([#8][H])C([H])([#8][H])C1([H])[#8][H]	0		[H:1][#8:2][C:3]([H:4])([H:5])[C:6]1([H:7])[#8:8][C:9]([H:10])([#8:11][C:12]2([H:13])[C:14]([H:15])([#8:16][H:17])[C:18]([H:19])([#8:20][H:21])[C:22]([H:23])([#8:24][C:25]([H:26])([H:27])[C:28]([H:29])([#7:30]([H:31])-[#6:32]([#6,#1;A:33])=[O:34])[C:35]([H:36])([#8:37][H:38])[#6:39]([H;#1,OX2H1:41])-,=[#6:40]([H:92])[C:42]([H:43])([H:44])[C:45]([H:46])([H:47])[C:48]([H:49])([H:50])[C:51]([H:52])([H:53])[C:54]([H:55])([H:56])[C:57]([H:58])([H:59])[C:60]([H:61])([H:62])[C:63]([H:64])([H:65])[C:66]([H:67])([H:68])[#6:69]([H:70])[H:71])[#8:72][C:73]2([H:74])[C:75]([H:76])([H:77])[#8:78][H:79])[C:80]([H:81])([#8:82][H:83])[C:84]([H:85])([#8:86][H:87])[C:88]1([H:89])[#8:90][H:91]>>[H:1][#8:2][C:3]([H:4])([H:5])[C:6]1([H:7])[#8:8][C:9]([H:10])([#8][H])[C:80]([H:81])([#8:82][H:83])[C:84]([H:85])([#8:86][H:87])[C:88]1([H:89])[#8:90][H:91].[H:79][#8:78][C:75]([H:76])([H:77])[C:73]1([H:74])[#8:72][C:22]([H:23])([#8:24][C:25]([H:26])([H:27])[C:28]([H:29])([#7:30]([H:31])-[#6:32]([#6,#1;A:33])=[O:34])[C:35]([H:36])([#8:37][H:38])[#6:39]([H;#1,OX2H1:41])-,=[#6:40]([H:92])[C:42]([H:43])([H:44])[C:45]([H:46])([H:47])[C:48]([H:49])([H:50])[C:51]([H:52])([H:53])[C:54]([H:55])([H:56])[C:57]([H:58])([H:59])[C:60]([H:61])([H:62])[C:63]([H:64])([H:65])[C:66]([H:67])([H:68])[#6:69]([H:70])[H:71])[C:18]([H:19])([#8:20][H:21])[C:14]([H:15])([#8:16][H:17])[C:12]1([H:13])[#8:11][H]
base	BETA_D_GALACTOSIDE_GALACTO_HYDROLYSIS_PATTERN2	BTMR0567	Hydrolysis of galactose from beta-D-galactoside	bt:BETA_D_GALACTOSIDE_GALACTO_HYDROLYSIS	1	[H][#8]-[#6](=O)[C@]1([#8][C@]2([H])[C@@]([H])([#8][H])[C@]([H])([#8][C@@]3([H])[C@]([H])([#8][H])[C@@]([H])([#8][H])[C@]([H])([#8]C([H])([H])C([H])([#7]([H])-[#6](-[#6,#1])=O)C([H])([#8][H])[#6](-[H])=[#6](/[H])C([H])([H])C([H])([H])C([H])([H])C([H])([H])C([H])([H])C([H])([H])C([H])([H])C([H])([H])C([H])([H])C([H])([H])C([H])([H])C([H])([H])C([H])([H])[H])[#8][C@]3([H])C([H])([H])[#8][H])[#8][C@]([H])(C([H])([H])[#8][H])[C@]2([H])[#8][C@]2([H])[#8][C@]([H])(C([H])([H])[#8][H])[C@]([H])([#8][H])[C@]([H])([#8][C@]3([H])[#8][C@]([H])(C([H])([H])[#8][H])[C@]([H])([#8][H])[C@]([H])([#8][H])[C@@]3([H])[#8][H])[C@@]2([H])[#7]([H])-[#6](=O)C([H])([H])[H])[#8][C@@]([H])([C@]([H])([#8][H])[C@]([H])([#8][H])C([H])([H])[#8][H])[C@]([H])([#7]([H])-[#6](=O)C([H])([H])[H])[C@@]([H])([#8][H])C1([H])[H]	0		[H:173][#8:76]-[#6:5](=[O:77])[C@:1]1([#8:2][C@:6]2([H:95])[C@@:10]([H:98])([#8:17][H:104])[C@:16]([H:103])([#8:24][C@@:30]3([H:115])[C@:38]([H:124])([#8:46][H:131])[C@@:45]([H:130])([#8:51][H:137])[C@:50]([H:136])([#8:52][C:53]([H:138])([H:139])[C:54]([H:140])([#7:56]([H:142])-[#6:59](-[#6,#1:62])=[O:61])[C:55]([H:141])([#8:58][H:144])[#6:57](-[H:143])=[#6:60](/[H:145])[C:63]([H:146])([H:147])[C:64]([H:148])([H:149])[C:65]([H:150])([H:151])[C:66]([H:152])([H:153])[C:67]([H:154])([H:155])[C:68]([H:156])([H:157])[C:69]([H:158])([H:159])[C:70]([H:160])([H:161])[C:71]([H:162])([H:163])[C:72]([H:164])([H:165])[C:73]([H:166])([H:167])[C:74]([H:168])([H:169])[C:75]([H:170])([H:171])[H:172])[#8:43][C@:37]3([H:123])[C:44]([H:128])([H:129])[#8:79][H:174])[#8:21][C@:14]([H:102])([C:22]([H:108])([H:109])[#8:80][H:175])[C@:9]2([H:97])[#8:15][C@:23]2([H:110])[#8:29][C@:36]([H:122])([C:42]([H:126])([H:127])[#8:81][H:176])[C@:39]([H:125])([#8:47][H:132])[C@:34]([H:120])([#8:40][C@:82]3([H:177])[#8:83][C@:84]([H:178])([C:88]([H:182])([H:183])[#8:92][H:187])[C@:85]([H:179])([#8:89][H:184])[C@:86]([H:180])([#8:90][H:185])[C@@:87]3([H:181])[#8:91][H:186])[C@@:28]2([H:114])[#7:35]([H:121])-[#6:41](=[O:49])[C:48]([H:133])([H:134])[H:135])[#8:3][C@@:7]([H:78])([C@:12]([H:100])([#8:20][H:107])[C@:19]([H:106])([#8:26][H:111])[C:27]([H:112])([H:113])[#8:33][H:119])[C@:11]([H:99])([#7:18]([H:105])-[#6:25](=[O:31])[C:32]([H:116])([H:117])[H:118])[C@@:8]([H:96])([#8:13][H:101])[C:4]1([H:93])[H:94]>>[H:187][#8:92][C:88]([H:182])([H:183])[C@@:84]1([H:178])[#8:83][C@@:82]([H:177])([#8][H])[C@:87]([H:181])([#8:91][H:186])[C@@:86]([H:180])([#8:90][H:185])[C@@:85]1([H:179])[#8:89][H:184].[H:173][#8:76]-[#6:5](=[O:77])[C@:1]1([#8:2][C@:6]2([H:95])[C@@:10]([H:98])([#8:17][H:104])[C@:16]([H:103])([#8:24][C@@:30]3([H:115])[C@:38]([H:124])([#8:46][H:131])[C@@:45]([H:130])([#8:51][H:137])[C@:50]([H:136])([#8:52][C:53]([H:138])([H:139])[C:54]([H:140])([#7:56]([H:142])-[#6:59](-[#6,#1:62])=[O:61])[C:55]([H:141])([#8:58][H:144])[#6:57](-[H:143])=[#6:60](/[H:145])[C:63]([H:146])([H:147])[C:64]([H:148])([H:149])[C:65]([H:150])([H:151])[C:66]([H:152])([H:153])[C:67]([H:154])([H:155])[C:68]([H:156])([H:157])[C:69]([H:158])([H:159])[C:70]([H:160])([H:161])[C:71]([H:162])([H:163])[C:72]([H:164])([H:165])[C:73]([H:166])([H:167])[C:74]([H:168])([H:169])[C:75]([H:170])([H:171])[H:172])[#8:43][C@:37]3([H:123])[C:44]([H:128])([H:129])[#8:79][H:174])[#8:21][C@:14]([H:102])([C:22]([H:108])([H:109])[#8:80][H:175])[C@:9]2([H:97])[#8:15][C@:23]2([H:110])[#8:29][C@:36]([H:122])([C:42]([H:126])([H:127])[#8:81][H:176])[C@:39]([H:125])([#8:47][H:132])[C@:34]([H:120])([#8:40][H])[C@@:28]2([H:114])[#7:35]([H:121])-[#6:41](=[O:49])[C:48]([H:133])([H:134])[H:135])[#8:3][C@@:7]([H:78])([C@:12]([H:100])([#8:20][H:107])[C@:19]([H:106])([#8:26][H:111])[C:27]([H:112])([H:113])[#8:33][H:119])[C@:11]([H:99])([#7:18]([H:105])-[#6:25](=[O:31])[C:32]([H:116])([H:117])[H:118])[C@@:8]([H:96])([#8:13][H:101])[C:4]1([H:93])[H:94]
base	BETA_D_GALACTOSIDE_GALACTO_HYDROLYSIS_PATTERN3	BTMR0568	Hydrolysis of galactose from beta-D-galactoside	bt:BETA_D_GALACTOSIDE_GALACTO_HYDROLYSIS	1	[H][#8]C([H])([H])[C@@]1([H])[#8][C@@]([H])([#8][C@@]2([H])[C@@]([H])([#8][H])[C@]([H])([#8][C@@]([H])([#8][C@]3([H])[C@]([H])([#8][H])[C@@]([H])([#8][H])[C@]([H])([#8][C@@]4([H])[C@]([H])([#8][H])[C@@]([H])([#8][H])[C@]([H])([#8]C([H])([H])[C@]([H])([#7]([H])-[#6]([#6,#1;A])=O)[C@]([H])([#8][H])[#6](-[H])=[#6](/[H])C([H])([H])C([H])([H])C([H])([H])C([H])([H])C([H])([H])C([H])([H])C([H])([H])C([H])([H])C([H])([H])C([H])([H])C([H])([H])C([H])([H])C([H])([H])[H])[#8][C@]4([H])C([H])([H])[#8][H])[#8][C@]3([H])C([H])([H])[#8][H])[C@]2([H])[#7]([H])-[#6](=O)C([H])([H])[H])C([H])([H])[#8][H])[C@]([H])([#8][H])[C@@]([H])([#8][H])[C@@]1([H])[#8][H]	0		[H:150][#8:71][C:70]([H:148])([H:149])[C@@:63]1([H:141])[#8:62][C@@:61]([H:140])([#8:22][C@@:16]2([H:84])[C@@:21]([H:89])([#8:29][H:96])[C@:18]([H:86])([#8:14][C@@:11]([H:81])([#8:6][C@:3]3([H:74])[C@:2]([H:73])([#8:1][H:72])[C@@:4]([H:75])([#8:8][H:78])[C@:7]([H:77])([#8:12][C@@:15]4([H:83])[C@:20]([H:88])([#8:28][H:95])[C@@:27]([H:94])([#8:33][H:101])[C@:32]([H:100])([#8:34][C:35]([H:102])([H:103])[C@:36]([H:104])([#7:38]([H:106])-[#6:41]([#6,#1;A:44])=[O:43])[C@:37]([H:105])([#8:40][H:108])[#6:39](-[H:107])=[#6:42](/[H:109])[C:45]([H:110])([H:111])[C:46]([H:112])([H:113])[C:47]([H:114])([H:115])[C:48]([H:116])([H:117])[C:49]([H:118])([H:119])[C:50]([H:120])([H:121])[C:51]([H:122])([H:123])[C:52]([H:124])([H:125])[C:53]([H:126])([H:127])[C:54]([H:128])([H:129])[C:55]([H:130])([H:131])[C:56]([H:132])([H:133])[C:57]([H:134])([H:135])[H:136])[#8:25][C@:19]4([H:87])[C:26]([H:92])([H:93])[#8:58][H:137])[#8:9][C@:5]3([H:76])[C:10]([H:79])([H:80])[#8:59][H:138])[C@:13]2([H:82])[#7:17]([H:85])-[#6:23](=[O:31])[C:30]([H:97])([H:98])[H:99])[C:24]([H:90])([H:91])[#8:60][H:139])[C@:66]([H:144])([#8:67][H:145])[C@@:65]([H:143])([#8:68][H:146])[C@@:64]1([H:142])[#8:69][H:147]>>[H:150][#8:71][C:70]([H:148])([H:149])[C@@:63]1([H:141])[#8:62][C@@:61]([H:140])([#8][H])[C@:66]([H:144])([#8:67][H:145])[C@@:65]([H:143])([#8:68][H:146])[C@@:64]1([H:142])[#8:69][H:147].[H:139][#8:60][C:24]([H:90])([H:91])[C@@:18]1([H:86])[#8:14][C@@:11]([H:81])([#8:6][C@:3]2([H:74])[C@:2]([H:73])([#8:1][H:72])[C@@:4]([H:75])([#8:8][H:78])[C@:7]([H:77])([#8:12][C@@:15]3([H:83])[C@:20]([H:88])([#8:28][H:95])[C@@:27]([H:94])([#8:33][H:101])[C@:32]([H:100])([#8:34][C:35]([H:102])([H:103])[C@:36]([H:104])([#7:38]([H:106])-[#6:41]([#6,#1;A:44])=[O:43])[C@:37]([H:105])([#8:40][H:108])[#6:39](-[H:107])=[#6:42](/[H:109])[C:45]([H:110])([H:111])[C:46]([H:112])([H:113])[C:47]([H:114])([H:115])[C:48]([H:116])([H:117])[C:49]([H:118])([H:119])[C:50]([H:120])([H:121])[C:51]([H:122])([H:123])[C:52]([H:124])([H:125])[C:53]([H:126])([H:127])[C:54]([H:128])([H:129])[C:55]([H:130])([H:131])[C:56]([H:132])([H:133])[C:57]([H:134])([H:135])[H:136])[#8:25][C@:19]3([H:87])[C:26]([H:92])([H:93])[#8:58][H:137])[#8:9][C@:5]2([H:76])[C:10]([H:79])([H:80])[#8:59][H:138])[C@:13]([H:82])([#7:17]([H:85])-[#6:23](=[O:31])[C:30]([H:97])([H:98])[H:99])[C@@:16]([H:84])([#8:22][H])[C@@:21]1([H:89])[#8:29][H:96]
base	BETA_D_GALACTOSYL_BETA_D_GLUCOSYL_CERAMIDE_ACETYLGALACTOSAMINE_TRANSFER	BTMR0458	Transfer of N-acetylgalactosamine to (N-acetylneuraminyl)-galactosylglucosylceramide	bt:BETA_D_GALACTOSYL_BETA_D_GLUCOSYL_CERAMIDE_ACETYLGALACTOSAMINE_TRANSFER	1	[H][#8]C([H])([H])[C@@]1([H])[#8][C@@]([H])([#8][C@@]2([H])[C@]([H])([#8][H])[C@@]([H])([#8][H])[C@]([H])([#8]C([H])([H])C([H])([#7]([H])-[#6](-[#6,#1])=O)[C@]([H])([#8][H])[#6](-[H])=[#6](/[H])C([H])([H])C([H])([H])C([H])([H])C([H])([H])C([H])([H])C([H])([H])C([H])([H])C([H])([H])C([H])([H])C([H])([H])C([H])([H])C([H])([H])C([H])([H])[H])[#8][C@]2([H])C([H])([H])[#8][H])[C@]([H])([#8][H])[C@@]([H])([#8][H])[C@@]1([H])[#8][H]	0		[H:68][#8:25][C:21]([H:64])([H:65])[C@@:16]1([H:58])[#8:12][C@@:7]([H:51])([#8:3][C@@:1]2([H:46])[C@:4]([H:48])([#8:9][H:53])[C@@:8]([H:52])([#8:14][H:57])[C@:10]([H:54])([#8:15][C:19]([H:61])([H:62])[C:23]([H:67])([#7:27]([H:70])-[#6:30](-[#6,#1:32])=O)[C@:26]([H:69])([#8:29][H:72])[#6:28](-[H:71])=[#6:31](/[H:73])[C:33]([H:74])([H:75])[C:34]([H:76])([H:77])[C:35]([H:78])([H:79])[C:36]([H:80])([H:81])[C:37]([H:82])([H:83])[C:38]([H:84])([H:85])[C:39]([H:86])([H:87])[C:40]([H:88])([H:89])[C:41]([H:90])([H:91])[C:42]([H:92])([H:93])[C:43]([H:94])([H:95])[C:44]([H:96])([H:97])[C:45]([H:98])([H:99])[H:100])[#8:5][C@:2]2([H:47])[C:6]([H:49])([H:50])[#8:11][H:55])[C@:13]([H:56])([#8:18][H:60])[C@@:17]([H:59])([#8:22][H:66])[C@@:20]1([H:63])[#8:24][H]>>[H][#8]C([H])([H])[C@@]1([H])[#8][C@@]([H])([#8:24][C@:20]2([H:63])[C@:17]([H:59])([#8:22][H:66])[C@@:13]([H:56])([#8:18][H:60])[C@:7]([H:51])([#8:3][C@@:1]3([H:46])[C@:4]([H:48])([#8:9][H:53])[C@@:8]([H:52])([#8:14][H:57])[C@:10]([H:54])([#8:15][C:19]([H:61])([H:62])[C:23]([H:67])([#7:27]([H:70])-[#6:30](-[#6,#1:32])=O)[C@:26]([H:69])([#8:29][H:72])[#6:28](-[H:71])=[#6:31](/[H:73])[C:33]([H:74])([H:75])[C:34]([H:76])([H:77])[C:35]([H:78])([H:79])[C:36]([H:80])([H:81])[C:37]([H:82])([H:83])[C:38]([H:84])([H:85])[C:39]([H:86])([H:87])[C:40]([H:88])([H:89])[C:41]([H:90])([H:91])[C:42]([H:92])([H:93])[C:43]([H:94])([H:95])[C:44]([H:96])([H:97])[C:45]([H:98])([H:99])[H:100])[#8:5][C@:2]3([H:47])[C:6]([H:49])([H:50])[#8:11][H:55])[#8:12][C@:16]2([H:58])[C:21]([H:64])([H:65])[#8:25][H:68])[C@]([H])([#7]([H])-[#6](=O)C([H])([H])[H])[C@@]([H])([#8][H])[C@@]1([H])[#8][H]
base	BETA_D_GLUCORONOSIDE_GLUCURONOSOHYDROLYSIS	BTMR0645	Glucuronide hydrolysis from beta-D-glucuronoside	bt:BETA_D_GLUCORONOSIDE_GLUCURONOSOHYDROLYSIS	1	[H][#8]-[#6](=O)[C@@;R1]1([H])[#8;R1][C@@;R1]([H])([#8;R0]!@-[#6])[C@;R1]([H])([#8][H])[C@@;R1]([H])([#8][H])[C@;R1]1([H])[#8][H]	0		[#6:8]!@-[#8;X2R0:7][#6;A@@H;H1X4R1:6]1[#8;R1:5][#6;A@@H;H1X4R1:4]([#6;A@@H;H1X4R1:13]([#8;A;H1X2:14])[#6;A@H;H1X4R1:11]([#8;A;H1X2:12])[#6;A@H;H1X4R1:9]1[#8;A;H1X2:10])[#6;X3:2]([#8;A;H1X2:1])=[O:3]>>[H][#8]-[#6:8].[H][#8;X2R0:7][#6;A@@H;H1X4R1:6]1[#8;R1:5][#6;A@@H;H1X4R1:4]([#6;A@@H;H1X4R1:13]([#8;A;H1X2:14])[#6;A@H;H1X4R1:11]([#8;A;H1X2:12])[#6;A@H;H1X4R1:9]1[#8;A;H1X2:10])[#6;X3:2]([#8;A;H1X2:1])=[O:3]
base	BETA_GLUCORONOSIDE_GLUCURONOSOHYDROLYSIS	BTMR0646	Glucuronide hydrolysis from beta-glucuronoside	bt:BETA_GLUCORONOSIDE_GLUCURONOSOHYDROLYSIS	1	[H][#8]-[#6](=O)[C@@;R1]1([H])[#8;R1][C@@;R1]([H])([#8;R0]!@-[#6])[C;R1]([H])([#8][H])[C@@;R1]([H])([#8][H])[C;R1]1([H])[#8][H]	0		[#6:8]!@-[#8;X2R0:7][#6;A@@H;H1X4R1:6]1[#8;R1:5][#6;A@@H;H1X4R1:4]([#6;A;H1X4R1:13]([#8;A;H1X2:14])[#6;A@H;H1X4R1:11]([#8;A;H1X2:12])[#6;A;H1X4R1:9]1[#8;A;H1X2:10])[#6;X3:2]([#8;A;H1X2:1])=[O:3]>>[H][#8]-[#6:8].[H][#8;X2R0:7][#6;A@@H;H1X4R1:6]1[#8;R1:5][#6;A@@H;H1X4R1:4]([#6;A;H1X4R1:13]([#8;A;H1X2:14])[#6;A@H;H1X4R1:11]([#8;A;H1X2:12])[#6;A;H1X4R1:9]1[#8;A;H1X2:10])[#6;X3:2]([#8;A;H1X2:1])=[O:3]
base	BETA_OXIDATION_OF_CARBXOYLIC_ACID	BTMR0275	beta-Oxidation of carboxylic acid	bt:BETA_OXIDATION_OF_CARBXOYLIC_ACID	1	[H][#8;X2]-[#6](=[O;X1])[C;X4]([H])([H])[C;X4]([H])([H])[#6]	0		[H:5][#8;X2:4]-[#6:3](=[O;X1:2])[C;X4]([H])([H])[C;X4]([H])([H])[#6:1]>>[H:5][#8;X2:4]-[#6:3](-[#6:1])=[O;X1:2]
base	BISALLYLIC_HYDROXYLATION	BTMR0072	Bisallylic hydroxylation	bt:BISALLYLIC_HYDROXYLATION	1	[H][C;X4](!@-[CX4,#1])([#6;A]([*,#1;#1,#6,Br,Cl,F,I])=[#6;A](/[*,#1;#1,#6,Br,Cl,F,I])[*,#1;#1,#6,Br,Cl,F,I])[#6;A]([*,#1;#1,#6,Br,Cl,F,I])=[#6;A](/[*,#1;#1,#6,Br,Cl,F,I])[*,#1;#1,#6,Br,Cl,F,I]	0		[H][C;X4:1](!@-[CX4,#1:2])([#6;A:3]([*,#1;#1,#6,Br,Cl,F,I:4])=[#6;A:5](/[*,#1;#1,#6,Br,Cl,F,I:6])[*,#1;#1,#6,Br,Cl,F,I:7])[#6;A:8]([*,#1;#1,#6,Br,Cl,F,I:9])=[#6;A:10](/[*,#1;#1,#6,Br,Cl,F,I:11])[*,#1;#1,#6,Br,Cl,F,I:12]>>[H][#8][C;X4:1](!@-[CX4,#1:2])([#6;A:3]([*,#1;#1,#6,Br,Cl,F,I:4])=[#6;A:5](/[*,#1;#1,#6,Br,Cl,F,I:6])[*,#1;#1,#6,Br,Cl,F,I:7])[#6;A:8]([*,#1;#1,#6,Br,Cl,F,I:9])=[#6;A:10](/[*,#1;#1,#6,Br,Cl,F,I:11])[*,#1;#1,#6,Br,Cl,F,I:12]
base	B_TYPE_PROCYANIDIN_DIMER_DEGRADATION_PATTERN1	BTMR0301	Degradation of B-type procyanidin dimer	bt:B_TYPE_PROCYANIDIN_DIMER_DEGRADATION	1	[H][#8]-[#6;R1]1-[#6;R1](-[#8;R1]-[#6;R2]2=,:[#6;R2]([#6;R1](-[*,#1;R0])=,:[#6;R1](-[*,#1;R0])[#6;R1](-[*,#1;R0])=,:[#6]2[C;R1]2([*,#1;R0])[#6;R2]=,:3[#6;R1](-[*,#1;R0])=,:[#6;R1](-[*,#1;R0])[#6;R1](-[*,#1;R0])=,:[#6;R1](-[*,#1;R0])[#6;R2]=,:3-[#8;R1]-[#6;R1](-[#6;R1]=,:3[#6;R1](-[*,#1;R0])=,:[#6;R1](-[*,#1;R0])[#6;R1](-[*,#1;R0])=,:[#6;R1](-[*,#1;R0])[#6;R1]=,:3-[*,#1;R0])-[#6;R1]2-[#8][H])[C;R1]1([H])[H])-[#6;R1]=,:1[#6;R1](-[*,#1;R0])=,:[#6;R1](-[*,#1;R0])[#6;R1](-[*,#1;R0])=,:[#6;R1](-[*,#1;R0])[#6;R1]=,:1-[*,#1;R0]	5	OC1C(Oc2c(C1c1cccc3CCC(Oc13)c1ccccc1)c(O)cc(O)c2C1C(O)C(Oc2cc(O)cc(O)c12)c1ccc(O)c(O)c1)c1ccc(O)c(O)c1 | [#8]-[#6]-1-[#6](-[#8]-c2c(-[#6]-1-c1ccc3-[#8]-[#6](-,=[#6]-,=[#6]-c3c1)-c1ccccc1)c(-[#8])cc(-[#8])c2-[#6]-1-[#6](-[#8])-[#6](-[#8]-c2cc(-[#8])cc(-[#8])c-12)-c1ccc(-[#8])c(-[#8])c1)-c1ccc(-[#8])c(-[#8])c1 | [#8]-[#6]-1-[#6](-[#8]-c2cc(-[#8])c(-[#6]-3-[#6](-[#8])-[#6](-[#8]-c4cc(-[#8])cc(-[#8])c-34)-c3ccc(-[#8])c(-[#8])c3)c(-[#8])c2-[#6]-1-c1cccc2-[#6]-,=[#6]-,=[#6](-[#8]-c12)-c1ccccc1)-c1ccc(-[#8])c(-[#8])c1 | [#8]-[#6]1-[#6]-c2c(-[#8])cc(-[#8])c(-[#6]-3-[#6](-[#8])-[#6](-[#8]-c4cc(-[#8])cc(-[#8])c-34)-c3ccc(-[#8])c(-[#8])c3)c2-[#8]C1(c1ccc(-[#8])c(-[#8])c1)c1ccc2-[#6]-,=[#6]-,=[#6](-[#8]-c2c1)-c1ccccc1 | [#8]-[#6]1-[#6]-c2c(-[#8])cc(-[#8])cc2-[#8]C1(c1ccc(-[#8])c(-[#8])c1)c1cc(-[#8])c2-[#6](-[#6](-[#8])-[#6](-[#8]-c2c1)-c1ccc(-[#8])c(-[#8])c1)-c1cccc2-[#6]-,=[#6]-,=[#6](-[#8]-c12)-c1ccccc1	[H:19][#8:20]-[#6;R1:21]1-[#6;R1:30](-[#8;R1:29]-[#6;R2:28]2=,:[#6;R2:23]([#6;R1:24](-[*,#1;R0:39])=,:[#6;R1:25](-[*,#1;R0:45])[#6;R1:26](-[*,#1;R0:44])=,:[#6:27]2[C;R1:7]2([*,#1;R0:41])[#6;R2:5]=,:3[#6;R1:4](-[*,#1;R0:40])=,:[#6;R1:3](-[*,#1;R0:46])[#6;R1:2](-[*,#1;R0:42])=,:[#6;R1:1](-[*,#1;R0:43])[#6;R2:6]=,:3-[#8;R1:10]-[#6;R1:9](-[#6;R1:11]=,:3[#6;R1:12](-[*,#1;R0:51])=,:[#6;R1:13](-[*,#1;R0:50])[#6;R1:14](-[*,#1;R0:49])=,:[#6;R1:15](-[*,#1;R0:48])[#6;R1:16]=,:3-[*,#1;R0:47])-[#6;R1:8]2-[#8:17][H:18])[C;R1:22]1([H:37])[H:38])-[#6;R1:31]=,:1[#6;R1:32](-[*,#1;R0:53])=,:[#6;R1:33](-[*,#1;R0:52])[#6;R1:34](-[*,#1;R0:56])=,:[#6;R1:35](-[*,#1;R0:55])[#6;R1:36]=,:1-[*,#1;R0:54]>>[H][#8;R0:10]-[#6;R1:6]=,:1[#6;R1:1](-[*,#1;R0:43])=,:[#6;R1:2](-[*,#1;R0:42])[#6;R1:3](-[*,#1;R0:46])=,:[#6;R1:4](-[*,#1;R0:40])[#6;R1:5]=,:1[C;R0:7]([*,#1;R0:41])([#6:27]1=,:[#6;R1:26](-[*,#1;R0:44])[#6;R1:25](-[*,#1;R0:45])=,:[#6;R1:24](-[*,#1;R0:39])[#6;R2:23]2=,:[#6;R2:28]1-[#8;R1:29]-[#6;R1:30](-[#6;R1:31]=,:1[#6;R1:32](-[*,#1;R0:53])=,:[#6;R1:33](-[*,#1;R0:52])[#6;R1:34](-[*,#1;R0:56])=,:[#6;R1:35](-[*,#1;R0:55])[#6;R1:36]=,:1-[*,#1;R0:54])-[#6;R1:21](-[#8:20][H:19])[C;R1:22]2([H:37])[H:38])[#6;R0:8](-[#8:17][H:18])-[#6;R0:9]([H])-[#6;R1:11]=,:1[#6;R1:12](-[*,#1;R0:51])=,:[#6;R1:13](-[*,#1;R0:50])[#6;R1:14](-[*,#1;R0:49])=,:[#6;R1:15](-[*,#1;R0:48])[#6;R1:16]=,:1-[*,#1;R0:47]
base	B_TYPE_PROCYANIDIN_DIMER_DEGRADATION_PATTERN4	BTMR0302	Degradation of B-type procyanidin dimer	bt:B_TYPE_PROCYANIDIN_DIMER_DEGRADATION	1	[H][#8]-[#6;R1]1-[#6;R1](-[#8;R1]-[#6;R2]2=,:[#6;R2]([#6;R1](-[*,#1;R0])=,:[#6;R1](-[*,#1;R0])[#6;R1](-[*,#1;R0])=,:[#6]2[C;R1]2([*,#1;R0])[#6;R2]=,:3[#6;R1](-[*,#1;R0])=,:[#6;R1](-[*,#1;R0])[#6;R1](-[*,#1;R0])=,:[#6;R1](-[*,#1;R0])[#6;R2]=,:3-[#8;R1]-[#6;R1](-[#6;R1]=,:3[#6;R1](-[*,#1;R0])=,:[#6;R1](-[*,#1;R0])[#6;R1](-[*,#1;R0])=,:[#6;R1](-[*,#1;R0])[#6;R1]=,:3-[*,#1;R0])-[#6;R1]2-[#8][H])[C;R1]1([H])[H])-[#6;R1]=,:1[#6;R1](-[*,#1;R0])=,:[#6;R1](-[*,#1;R0])[#6;R1](-[*,#1;R0])=,:[#6;R1](-[*,#1;R0])[#6;R1]=,:1-[*,#1;R0]	0		[H:19][#8:20]-[#6;R1:21]1-[#6;R1:30](-[#8;R1:29]-[#6;R2:28]2=,:[#6;R2:23]([#6;R1:24](-[*,#1;R0:39])=,:[#6;R1:25](-[*,#1;R0:45])[#6;R1:26](-[*,#1;R0:44])=,:[#6:27]2[C;R1:7]2([*,#1;R0:41])[#6;R2:5]=,:3[#6;R1:4](-[*,#1;R0:40])=,:[#6;R1:3](-[*,#1;R0:46])[#6;R1:2](-[*,#1;R0:42])=,:[#6;R1:1](-[*,#1;R0:43])[#6;R2:6]=,:3-[#8;R1:10]-[#6;R1:9](-[#6;R1:11]=,:3[#6;R1:12](-[*,#1;R0:51])=,:[#6;R1:13](-[*,#1;R0:50])[#6;R1:14](-[*,#1;R0:49])=,:[#6;R1:15](-[*,#1;R0:48])[#6;R1:16]=,:3-[*,#1;R0:47])-[#6;R1:8]2-[#8:17][H:18])[C;R1:22]1([H:37])[H:38])-[#6;R1:31]=,:1[#6;R1:32](-[*,#1;R0:53])=,:[#6;R1:33](-[*,#1;R0:52])[#6;R1:34](-[*,#1;R0:56])=,:[#6;R1:35](-[*,#1;R0:55])[#6;R1:36]=,:1-[*,#1;R0:54]>>[H:19][#8:20]-[#6;R1:21]1-[#6;R1:30](-[#8;R1:29]-[#6;R2:28]=,:2[#6:27]([H])=,:[#6;R1:26](-[*,#1;R0:44])[#6;R1:25](-[*,#1;R0:45])=,:[#6;R1:24](-[*,#1;R0:39])[#6;R2:23]=,:2[C;R1:22]1([H:37])[H:38])-[#6;R1:31]=,:1[#6;R1:32](-[*,#1;R0:53])=,:[#6;R1:33](-[*,#1;R0:52])[#6;R1:34](-[*,#1;R0:56])=,:[#6;R1:35](-[*,#1;R0:55])[#6;R1:36]=,:1-[*,#1;R0:54].[H:18][#8:17]-[#6;R1:8]1-[#6;R1:9](-[#8;R1:10]-[#6;R2:6]=,:2[#6;R1:1](-[*,#1;R0:43])=,:[#6;R1:2](-[*,#1;R0:42])[#6;R1:3](-[*,#1;R0:46])=,:[#6;R1:4](-[*,#1;R0:40])[#6;R2:5]=,:2[C;R1:7]1([H])[*,#1;R0:41])-[#6;R1:11]=,:1[#6;R1:12](-[*,#1;R0:51])=,:[#6;R1:13](-[*,#1;R0:50])[#6;R1:14](-[*,#1;R0:49])=,:[#6;R1:15](-[*,#1;R0:48])[#6;R1:16]=,:1-[*,#1;R0:47]
base	C23_BILE_ACID_7ALPHA_DEHYDROXYLATION_PATTERN2	BTMR0323	7-alpha-Dehydroxylation of C24 bile acid	bt:C23_BILE_ACID_7ALPHA_DEHYDROXYLATION	1	[#6]-[#6](-[#6]-[#6]-[#6](-[#8])=O)-[#6]1-,=[#6]-,=[#6][#6;A;H1X4]2[#6]-3=[#6](-[#6]-[#6]C12[#6])C1([#6])[#6]-[#6]-[#6]([#8;A;H1X2])-,=[#6][#6;A;H1X4]1[#6]-,=[#6]-3[#8;A;H1X2]	0		[#6:1]-[#6:2](-[#6:3]-[#6:4]-[#6:5](-[#8:7])=[O:6])-[#6:8]1-,=[#6:9]-,=[#6:10][#6;A;H1X4:11]2[#6:16]-3=[#6:15](-[#6:14]-[#6:13][C:12]12[#6:26])[C:20]1([#6:25])[#6:21]-[#6:22]-[#6:23]([#8;A;H1X2:27])-,=[#6:24][#6;A;H1X4:19]1[#6:18]-,=[#6:17]-3[#8;A;H1X2]>>[#6:1]-[#6:2](-[#6:3]-[#6:4]-[#6:5](-[#8:7])=[O:6])-[#6:8]1-,=[#6:9]-,=[#6:10][#6;A;H1X4:11]2[#6:16]-3=[#6:15](-[#6:14]-[#6:13][C:12]12[#6:26])[C:20]1([#6:25])[#6:21]-[#6:22]-[#6:23]([#8;A;H1X2:27])-,=[#6:24][#6;A;H1X4:19]1[#6:18]-,=[#6:17]-3
base	C23_BILE_ACID_COA_ESTERIFICATION_PATTERN2	BTMR1271	Conjugation of bile acid to C23 bile acyl-CoA thioester	bt:C23_BILE_ACID_COA_ESTERIFICATION	1	[#6;A;H3X4][#6;A;H1X4]([#6;A;H2X4][#6]([#8;A;X1-,X2H1])=O)[#6]1-[#6]-,=[#6]-[#6]2-[#6]-,=3-[#6]-,=[#6]-[#6]4-,=[#6]-,=[#6]([#8;A;X2H1,X1-])-[#6]-[#6]C4([#6;A;H3X4])[#6]-,=3-[#6]-[#6]C12[#6;A;H3X4]	0		[H:27][#8;A:5][#6:4](=[O:6])[#6;A;H2X4:3][#6;A;H1X4:2]([#6;A;H3X4:1])[#6:7]1-[#6:8]-,=[#6:9]-[#6:10]2-[#6:11]-,=3-[#6:12]-,=[#6:13]-[#6:14]4-,=[#6:15]-,=[#6:16]([#8;A;X2H1,X1-:17])-[#6:18]-[#6:19][C:20]4([#6;A;H3X4:21])[#6:22]-,=3-[#6:23]-[#6:24][C:25]12[#6;A;H3X4:26]>>[H:27][#8;A:5][H].[#6;A;H3X4:1][#6;A;H1X4:2]([#6;A;H2X4:3][#6:4](=[O:6])-[#16]-[#6]-[#6]-[#7]-[#6](=O)-[#6]-[#6]-[#7]-[#6](=O)-[#6@H](-[#8])C([#6])([#6])[#6]-[#8]P([#8])(=O)[#8]P([#8])(=O)[#8]-[#6]-[#6@H]-1-[#8]-[#6@H](-[#6@H](-[#8])-[#6@@H]-1-[#8]P([#8])([#8])=O)-[#7]-1-[#6]=[#7]-[#6]-2=[#6](-[#7])-[#7]=[#6]-[#7]=[#6]-1-2)[#6:7]1-[#6:8]-,=[#6:9]-[#6:10]2-[#6:11]-,=3-[#6:12]-,=[#6:13]-[#6:14]4-,=[#6:15]-,=[#6:16]([#8;A;X2H1,X1-:17])-[#6:18]-[#6:19][C:20]4([#6;A;H3X4:21])[#6:22]-,=3-[#6:23]-[#6:24][C:25]12[#6;A;H3X4:26]
base	C23_BILE_ACID_COA_GLYCINATION_PATTERN2	BTMR1272	Glycination of bile acid-CoA	bt:C23_BILE_ACID_COA_GLYCINATION	1	[#6;A;H3X4][#6;A;H1X4]([#6;A;H2X4][#6](=O)-[#16;X2]-[#6]-[#6]-[#7]-[#6](=O)-[#6]-[#6]-[#7]-[#6](=O)-[#6@H]([#8;A;H1X2])C([#6])([#6])[#6]-[#8]P([#8;A;X1-,X2H1])(=O)[#8]P([#8;A;X1-,X2H1])(=O)[#8]-[#6]-[#6@H]-1-[#8]-[#6@@H](-[#7]2[#6]=,:[#7][#6]=,:3[#6]2=,:[#7][#6]=,:[#7][#6]=,:3[#7;A;H2X3])-[#6@H]([#8;A;H1X2])-[#6@@H]-1-[#8]P([#8])([#8;A;X1-,X2H1])=O)[#6]1-[#6]-,=[#6]-[#6]2-[#6]-,=3-[#6;CX4H2,$([CX4H1]-[OX2H1])]-[#6]-,=[#6]4-,=[#6]-,=[#6]([#8;A;X2H1,X1-])-[#6]-[#6]C4([#6;A;H3X4])[#6]-,=3-[#6]-[#6;CX4H2,$([CX4H1]-[OX2H1])]C12[#6;A;H3X4]	0		[#6;A;H3X4:1][#6;A;H1X4:2]([#6;A;H2X4:3][#6:4](=[O:5])-[#16;X2:6]-[#6:7]-[#6:8]-[#7:9]-[#6:10](=[O:11])-[#6:12]-[#6:13]-[#7:14]-[#6:15](=[O:16])-[#6@H:17]([#8;A;H1X2:18])[C:19]([#6:20])([#6:21])[#6:22]-[#8:23][P:24]([#8;A;X1-,X2H1:25])(=[O:26])[#8:27][P:28]([#8;A;X1-,X2H1:29])(=[O:30])[#8:31]-[#6:32]-[#6@H:33]-1-[#8:34]-[#6@@H:35](-[#7:36]2[#6:37]=,:[#7:38][#6:39]=,:3[#6:40]2=,:[#7:41][#6:42]=,:[#7:43][#6:44]=,:3[#7;A;H2X3:45])-[#6@H:46]([#8;A;H1X2:47])-[#6@@H:48]-1-[#8:49][P:50]([#8:51])([#8;A;X1-,X2H1:52])=[O:53])[#6:54]1-[#6:55]-,=[#6:56]-[#6:57]2-[#6:58]-,=3-[#6;CX4H2,$([CX4H1]-[OX2H1]):59]-[#6:60]-,=[#6:61]4-,=[#6:62]-,=[#6:63]([#8;A;X2H1,X1-:64])-[#6:65]-[#6:66][C:67]4([#6;A;H3X4:68])[#6:69]-,=3-[#6:70]-[#6;CX4H2,$([CX4H1]-[OX2H1]):71][C:72]12[#6;A;H3X4:73]>>[H][#8]-[#6](=O)-[#6]-[#7]([H])-[#6:4](=[O:5])[#6;A;H2X4:3][#6;A;H1X4:2]([#6;A;H3X4:1])[#6:54]1-[#6:55]-,=[#6:56]-[#6:57]2-[#6:58]-,=3-[#6;CX4H2,$([CX4H1]-[OX2H1]):59]-[#6:60]-,=[#6:61]4-,=[#6:62]-,=[#6:63]([#8;A;X2H1,X1-:64])-[#6:65]-[#6:66][C:67]4([#6;A;H3X4:68])[#6:69]-,=3-[#6:70]-[#6;CX4H2,$([CX4H1]-[OX2H1]):71][C:72]12[#6;A;H3X4:73].[H][#16;X2:6]-[#6:7]-[#6:8]-[#7:9]-[#6:10](=[O:11])-[#6:12]-[#6:13]-[#7:14]-[#6:15](=[O:16])-[#6@H:17]([#8;A;H1X2:18])[C:19]([#6:20])([#6:21])[#6:22]-[#8:23][P:24]([#8;A;X1-,X2H1:25])(=[O:26])[#8:27][P:28]([#8;A;X1-,X2H1:29])(=[O:30])[#8:31]-[#6:32]-[#6@H:33]-1-[#8:34]-[#6@@H:35](-[#7:36]2[#6:37]=,:[#7:38][#6:39]=,:3[#6:40]2=,:[#7:41][#6:42]=,:[#7:43][#6:44]=,:3[#7;A;H2X3:45])-[#6@H:46]([#8;A;H1X2:47])-[#6@@H:48]-1-[#8:49][P:50]([#8:51])([#8;A;X1-,X2H1:52])=[O:53]
base	C23_BILE_ACID_COA_TAURINATION_PATTERN2	BTMR1274	Taurine conjugation of C23 bile acid-CoA	bt:C23_BILE_ACID_COA_TAURINATION	1	[#6;A;H3X4][#6;A;H1X4]([#6;A;H2X4][#6](=O)-[#16;X2]-[#6]-[#6]-[#7]-[#6](=O)-[#6]-[#6]-[#7]-[#6](=O)-[#6@H]([#8;A;H1X2])C([#6])([#6])[#6]-[#8]P([#8;A;X1-,X2H1])(=O)[#8]P([#8;A;X1-,X2H1])(=O)[#8]-[#6]-[#6@H]-1-[#8]-[#6@@H](-[#7]2[#6]=,:[#7][#6]=,:3[#6]2=,:[#7][#6]=,:[#7][#6]=,:3[#7;A;H2X3])-[#6@H]([#8;A;H1X2])-[#6@@H]-1-[#8]P([#8])([#8;A;X1-,X2H1])=O)[#6]1-[#6]-,=[#6]-[#6]2-[#6]-,=3-[#6;CX4H2,$([CX4H1]-[OX2H1])]-[#6]-,=[#6]4-,=[#6]-,=[#6]([#8;A;X2H1,X1-])-[#6]-[#6]C4([#6;A;H3X4])[#6]-,=3-[#6]-[#6;CX4H2,$([CX4H1]-[OX2H1])]C12[#6;A;H3X4]	0		[#6;A;H3X4:1][#6;A;H1X4:2]([#6;A;H2X4:3][#6:4](=[O:5])-[#16;X2:6]-[#6:7]-[#6:8]-[#7:9]-[#6:10](=[O:11])-[#6:12]-[#6:13]-[#7:14]-[#6:15](=[O:16])-[#6@H:17]([#8;A;H1X2:18])[C:19]([#6:20])([#6:21])[#6:22]-[#8:23][P:24]([#8;A;X1-,X2H1:25])(=[O:26])[#8:27][P:28]([#8;A;X1-,X2H1:29])(=[O:30])[#8:31]-[#6:32]-[#6@H:33]-1-[#8:34]-[#6@@H:35](-[#7:36]2[#6:37]=,:[#7:38][#6:39]=,:3[#6:40]2=,:[#7:41][#6:42]=,:[#7:43][#6:44]=,:3[#7;A;H2X3:45])-[#6@H:46]([#8;A;H1X2:47])-[#6@@H:48]-1-[#8:49][P:50]([#8:51])([#8;A;X1-,X2H1:52])=[O:53])[#6:54]1-[#6:55]-,=[#6:56]-[#6:57]2-[#6:58]-,=3-[#6;CX4H2,$([CX4H1]-[OX2H1]):59]-[#6:60]-,=[#6:61]4-,=[#6:62]-,=[#6:63]([#8;A;X2H1,X1-:64])-[#6:65]-[#6:66][C:67]4([#6;A;H3X4:68])[#6:69]-,=3-[#6:70]-[#6;CX4H2,$([CX4H1]-[OX2H1]):71][C:72]12[#6;A;H3X4:73]>>[H][#8]S(=O)(=O)[#6]-[#6]-[#7]([H])-[#6:4](=[O:5])[#6;A;H2X4:3][#6;A;H1X4:2]([#6;A;H3X4:1])[#6:54]1-[#6:55]-,=[#6:56]-[#6:57]2-[#6:58]-,=3-[#6;CX4H2,$([CX4H1]-[OX2H1]):59]-[#6:60]-,=[#6:61]4-,=[#6:62]-,=[#6:63]([#8;A;X2H1,X1-:64])-[#6:65]-[#6:66][C:67]4([#6;A;H3X4:68])[#6:69]-,=3-[#6:70]-[#6;CX4H2,$([CX4H1]-[OX2H1]):71][C:72]12[#6;A;H3X4:73].[H][#16;X2:6]-[#6:7]-[#6:8]-[#7:9]-[#6:10](=[O:11])-[#6:12]-[#6:13]-[#7:14]-[#6:15](=[O:16])-[#6@H:17]([#8;A;H1X2:18])[C:19]([#6:20])([#6:21])[#6:22]-[#8:23][P:24]([#8;A;X1-,X2H1:25])(=[O:26])[#8:27][P:28]([#8;A;X1-,X2H1:29])(=[O:30])[#8:31]-[#6:32]-[#6@H:33]-1-[#8:34]-[#6@@H:35](-[#7:36]2[#6:37]=,:[#7:38][#6:39]=,:3[#6:40]2=,:[#7:41][#6:42]=,:[#7:43][#6:44]=,:3[#7;A;H2X3:45])-[#6@H:46]([#8;A;H1X2:47])-[#6@@H:48]-1-[#8:49][P:50]([#8:51])([#8;A;X1-,X2H1:52])=[O:53]
base	C24_BILE_ACID_7ALPHA_DEHYDROXYLATION_PATTERN1	BTMR0322	7-alpha-Dehydroxylation of C24 bile acid	bt:C24_BILE_ACID_7ALPHA_DEHYDROXYLATION	1	[#6]-[#6](-[#6]-[#6]-[#6](-[#8])=O)-[#6]1-,=[#6]-,=[#6][#6;A;H1X4]2[#6;A;H1X4]3[#6]([#8;A;H1X2])-,=[#6][#6;A;H1X4]4[#6]-,=[#6]([#8;A;H1X2])-[#6]-[#6]C4([#6])[#6;A;H1X4]3[#6]-[#6]C12[#6]	0		[#6:1]-[#6:2](-[#6:3]-[#6:4]-[#6:5](-[#8:7])=[O:6])-[#6:8]1-,=[#6:9]-,=[#6:10][#6;A;H1X4:11]2[#6;A;H1X4:16]3[#6:17]([#8;A;H1X2])-,=[#6:18][#6;A;H1X4:19]4[#6:24]-,=[#6:23]([#8;A;H1X2:27])-[#6:22]-[#6:21][C:20]4([#6:25])[#6;A;H1X4:15]3[#6:14]-,=[#6:13][C:12]12[#6:26]>>[#6:1]-[#6:2](-[#6:3]-[#6:4]-[#6:5](-[#8:7])=[O:6])-[#6:8]1-,=[#6:9]-,=[#6:10][#6;A;H1X4:11]2[#6;A;H1X4:16]3[#6:17]-,=[#6:18][#6;A;H1X4:19]4[#6:24]-,=[#6:23]([#8;A;H1X2:27])-[#6:22]-[#6:21][C:20]4([#6:25])[#6;A;H1X4:15]3[#6:14]-,=[#6:13][C:12]12[#6:26]
base	C24_BILE_ACID_C24_COOH_GLUCURONIDATION	BTMR1275	Bile acid C24 acyl glucuronidation	bt:C24_BILE_ACID_C24_COOH_GLUCURONIDATION	1	[#6;A;H3X4][#6;A;H1X4]([#6;A;H2X4][#6;A;H2X4][#6]([#8;A;X1-,X2H1])=O)[#6]1-[#6]-,=[#6]-[#6]2-[#6]-,=3-[#6;CX4H2,$([CX4H1]-[OX2H1])]-[#6]-[#6]4-,=[#6]-,=[#6]([#8;A;X2H1,X1-])-[#6]-[#6]C4([#6;A;H3X4])[#6]-,=3-[#6]-[#6;CX4H2,$([CX4H1]-[OX2H1])]C12[#6;A;H3X4]	0		[H:28][#8;A:6][#6:5](=[O:7])[#6;A;H2X4:4][#6;A;H2X4:3][#6;A;H1X4:2]([#6;A;H3X4:1])[#6:8]1-[#6:9]-,=[#6:10]-[#6:11]2-[#6:12]-,=3-[#6;CX4H2,$([CX4H1]-[OX2H1]):13]-[#6:14]-[#6:15]4-,=[#6:16]-,=[#6:17]([#8;A;X2H1,X1-:18])-[#6:19]-[#6:20][C:21]4([#6;A;H3X4:22])[#6:23]-,=3-[#6:24]-[#6;CX4H2,$([CX4H1]-[OX2H1]):25][C:26]12[#6;A;H3X4:27]>>[H:28][#8]-[#6]-1-[#6](-[#8])-[#6](-[#8])-[#6](-[#8]-[#6]-1[#8;A:6][#6:5](=[O:7])[#6;A;H2X4:4][#6;A;H2X4:3][#6;A;H1X4:2]([#6;A;H3X4:1])[#6:8]1-[#6:9]-,=[#6:10]-[#6:11]2-[#6:12]-,=3-[#6;CX4H2,$([CX4H1]-[OX2H1]):13]-[#6:14]-[#6:15]4-,=[#6:16]-,=[#6:17]([#8;A;X2H1,X1-:18])-[#6:19]-[#6:20][C:21]4([#6;A;H3X4:22])[#6:23]-,=3-[#6:24]-[#6;CX4H2,$([CX4H1]-[OX2H1]):25][C:26]12[#6;A;H3X4:27])-[#6](-[#8])=O
base	C24_BILE_ACID_COA_ESTERIFICATION_PATTERN1	BTMR1270	Conjugation of bile acid to C24 acyl-CoA	bt:C24_BILE_ACID_COA_ESTERIFICATION	1	[#6;A;H3X4][#6;A;H1X4]([#6;A;H2X4][#6;A;H2X4][#6]([#8;A;X1-,X2H1])=O)[#6]1-[#6]-,=[#6]-[#6]2-[#6]-,=3-[#6;CX4H2,$([CX4H1]-[OX2H1])]-[#6]-[#6]4-,=[#6]-,=[#6]([#8;A;X2H1,X1-])-[#6]-[#6]C4([#6;A;H3X4])[#6]-,=3-[#6]-[#6;CX4H2,$([CX4H1]-[OX2H1])]C12[#6;A;H3X4]	0		[H:28][#8;A:6][#6:5](=[O:7])[#6;A;H2X4:4][#6;A;H2X4:3][#6;A;H1X4:2]([#6;A;H3X4:1])[#6:8]1-[#6:9]-,=[#6:10]-[#6:11]2-[#6:12]-,=3-[#6;CX4H2,$([CX4H1]-[OX2H1]):13]-[#6:14]-[#6:15]4-,=[#6:16]-,=[#6:17]([#8;A;X2H1,X1-:18])-[#6:19]-[#6:20][C:21]4([#6;A;H3X4:22])[#6:23]-,=3-[#6:24]-[#6;CX4H2,$([CX4H1]-[OX2H1]):25][C:26]12[#6;A;H3X4:27]>>[H:28][#8;A:6][H].[#6;A;H3X4:1][#6;A;H1X4:2]([#6;A;H2X4:3][#6;A;H2X4:4][#6:5](=[O:7])-[#16]-[#6]-[#6]-[#7]-[#6](=O)-[#6]-[#6]-[#7]-[#6](=O)-[#6@H](-[#8])C([#6])([#6])[#6]-[#8]P([#8])(=O)[#8]P([#8])(=O)[#8]-[#6]-[#6@H]-1-[#8]-[#6@H](-[#6@H](-[#8])-[#6@@H]-1-[#8]P([#8])([#8])=O)-[#7]-1-[#6]=[#7]-[#6]-2=[#6](-[#7])-[#7]=[#6]-[#7]=[#6]-1-2)[#6:8]1-[#6:9]-,=[#6:10]-[#6:11]2-[#6:12]-,=3-[#6;CX4H2,$([CX4H1]-[OX2H1]):13]-[#6:14]-[#6:15]4-,=[#6:16]-,=[#6:17]([#8;A;X2H1,X1-:18])-[#6:19]-[#6:20][C:21]4([#6;A;H3X4:22])[#6:23]-,=3-[#6:24]-[#6;CX4H2,$([CX4H1]-[OX2H1]):25][C:26]12[#6;A;H3X4:27]
base	C24_BILE_ACID_COA_GLYCINATION_PATTERN1	BTMR0207	Glycination of bile acid-CoA	bt:C24_BILE_ACID_COA_GLYCINATION	1	[#6;A;H3X4][#6;A;H1X4]([#6;A;H2X4][#6;A;H2X4][#6](=O)-[#16;X2]-[#6]-[#6]-[#7]-[#6](=O)-[#6]-[#6]-[#7]-[#6](=O)-[#6@H]([#8;A;H1X2])C([#6])([#6])[#6]-[#8]P([#8;A;X1-,X2H1])(=O)[#8]P([#8;A;X1-,X2H1])(=O)[#8]-[#6]-[#6@H]-1-[#8]-[#6@@H](-[#7]2[#6]=,:[#7][#6]=,:3[#6]2=,:[#7][#6]=,:[#7][#6]=,:3[#7;A;H2X3])-[#6@H]([#8;A;H1X2])-[#6@@H]-1-[#8]P([#8])([#8;A;X1-,X2H1])=O)[#6]1-[#6]-,=[#6]-[#6]2-[#6]-,=3-[#6;CX4H2,$([CX4H1]-[OX2H1])]-[#6]-,=[#6]4-,=[#6]-,=[#6]([#8;A;X2H1,X1-])-[#6]-[#6]C4([#6;A;H3X4])[#6]-,=3-[#6]-[#6;CX4H2,$([CX4H1]-[OX2H1])]C12[#6;A;H3X4]	0		[#6;A;H3X4:1][#6;A;H1X4:2]([#6;A;H2X4:3][#6;A;H2X4:4][#6:5](=[O:6])-[#16;X2:74]-[#6:73]-[#6:72]-[#7:71]-[#6:69](=[O:70])-[#6:68]-[#6:67]-[#7:66]-[#6:64](=[O:65])-[#6@H:62]([#8;A;H1X2:63])[C:28]([#6:27])([#6:29])[#6:30]-[#8:31][P:32]([#8;A;X1-,X2H1:33])(=[O:34])[#8:35][P:36]([#8;A;X1-,X2H1:37])(=[O:38])[#8:39]-[#6:40]-[#6@H:41]-1-[#8:42]-[#6@@H:43](-[#7:52]2[#6:53]=,:[#7:54][#6:55]=,:3[#6:61]2=,:[#7:60][#6:59]=,:[#7:58][#6:56]=,:3[#7;A;H2X3:57])-[#6@H:44]([#8;A;H1X2:45])-[#6@@H:46]-1-[#8:47][P:48]([#8:49])([#8;A;X1-,X2H1:50])=[O:51])[#6:7]1-[#6:8]-,=[#6:9]-[#6:10]2-[#6:11]-,=3-[#6;CX4H2,$([CX4H1]-[OX2H1]):12]-[#6:13]-,=[#6:14]4-,=[#6:15]-,=[#6:16]([#8;A;X2H1,X1-:17])-[#6:18]-[#6:19][C:20]4([#6;A;H3X4:21])[#6:22]-,=3-[#6:23]-[#6;CX4H2,$([CX4H1]-[OX2H1]):24][C:25]12[#6;A;H3X4:26]>>[H][#8]-[#6](=O)-[#6]-[#7]-[#6:5](=[O:6])[#6;A;H2X4:4][#6;A;H2X4:3][#6;A;H1X4:2]([#6;A;H3X4:1])[#6:7]1-[#6:8]-,=[#6:9]-[#6:10]2-[#6:11]-,=3-[#6;CX4H2,$([CX4H1]-[OX2H1]):12]-[#6:13]-,=[#6:14]4-,=[#6:15]-,=[#6:16]([#8;A;X2H1,X1-:17])-[#6:18]-[#6:19][C:20]4([#6;A;H3X4:21])[#6:22]-,=3-[#6:23]-[#6;CX4H2,$([CX4H1]-[OX2H1]):24][C:25]12[#6;A;H3X4:26].[H][#16;X2:74]-[#6:73]-[#6:72]-[#7:71]-[#6:69](=[O:70])-[#6:68]-[#6:67]-[#7:66]-[#6:64](=[O:65])-[#6@H:62]([#8;A;H1X2:63])[C:28]([#6:27])([#6:29])[#6:30]-[#8:31][P:32]([#8;A;X1-,X2H1:33])(=[O:34])[#8:35][P:36]([#8;A;X1-,X2H1:37])(=[O:38])[#8:39]-[#6:40]-[#6@H:41]-1-[#8:42]-[#6@@H:43](-[#7:52]2[#6:53]=,:[#7:54][#6:55]=,:3[#6:61]2=,:[#7:60][#6:59]=,:[#7:58][#6:56]=,:3[#7;A;H2X3:57])-[#6@H:44]([#8;A;H1X2:45])-[#6@@H:46]-1-[#8:47][P:48]([#8:49])([#8;A;X1-,X2H1:50])=[O:51]
base	C24_BILE_ACID_COA_TAURINATION_PATTERN1	BTMR1273	Taurine conjugation of C24 bile acid-CoA	bt:C24_BILE_ACID_COA_TAURINATION	1	[#6;A;H3X4][#6;A;H1X4]([#6;A;H2X4][#6;A;H2X4][#6](=O)-[#16;X2]-[#6]-[#6]-[#7]-[#6](=O)-[#6]-[#6]-[#7]-[#6](=O)-[#6@H]([#8;A;H1X2])C([#6])([#6])[#6]-[#8]P([#8;A;X1-,X2H1])(=O)[#8]P([#8;A;X1-,X2H1])(=O)[#8]-[#6]-[#6@H]-1-[#8]-[#6@@H](-[#7]2[#6]=,:[#7][#6]=,:3[#6]2=,:[#7][#6]=,:[#7][#6]=,:3[#7;A;H2X3])-[#6@H]([#8;A;H1X2])-[#6@@H]-1-[#8]P([#8])([#8;A;X1-,X2H1])=O)[#6]1-[#6]-,=[#6]-[#6]2-[#6]-,=3-[#6;CX4H2,$([CX4H1]-[OX2H1])]-[#6]-,=[#6]4-,=[#6]-,=[#6]([#8;A;X2H1,X1-])-[#6]-[#6]C4([#6;A;H3X4])[#6]-,=3-[#6]-[#6;CX4H2,$([CX4H1]-[OX2H1])]C12[#6;A;H3X4]	0		[#6;A;H3X4:1][#6;A;H1X4:2]([#6;A;H2X4:3][#6;A;H2X4:4][#6:5](=[O:6])-[#16;X2:7]-[#6:8]-[#6:9]-[#7:10]-[#6:11](=[O:12])-[#6:13]-[#6:14]-[#7:15]-[#6:16](=[O:17])-[#6@H:18]([#8;A;H1X2:19])[C:20]([#6:21])([#6:22])[#6:23]-[#8:24][P:25]([#8;A;X1-,X2H1:26])(=[O:27])[#8:28][P:29]([#8;A;X1-,X2H1:30])(=[O:31])[#8:32]-[#6:33]-[#6@H:34]-1-[#8:35]-[#6@@H:36](-[#7:37]2[#6:38]=,:[#7:39][#6:40]=,:3[#6:41]2=,:[#7:42][#6:43]=,:[#7:44][#6:45]=,:3[#7;A;H2X3:46])-[#6@H:47]([#8;A;H1X2:48])-[#6@@H:49]-1-[#8:50][P:51]([#8:52])([#8;A;X1-,X2H1:53])=[O:54])[#6:55]1-[#6:56]-,=[#6:57]-[#6:58]2-[#6:59]-,=3-[#6;CX4H2,$([CX4H1]-[OX2H1]):60]-[#6:61]-,=[#6:62]4-,=[#6:63]-,=[#6:64]([#8;A;X2H1,X1-:65])-[#6:66]-[#6:67][C:68]4([#6;A;H3X4:69])[#6:70]-,=3-[#6:71]-[#6;CX4H2,$([CX4H1]-[OX2H1]):72][C:73]12[#6;A;H3X4:74]>>[#6;A;H3X4:1][#6;A;H1X4:2]([#6;A;H2X4:3][#6;A;H2X4:4][#6:5](=[O:6])-[#7]-[#6]-[#6]S([#8])(=O)=O)[#6:55]1-[#6:56]-,=[#6:57]-[#6:58]2-[#6:59]-,=3-[#6;CX4H2,$([CX4H1]-[OX2H1]):60]-[#6:61]-,=[#6:62]4-,=[#6:63]-,=[#6:64]([#8;A;X2H1,X1-:65])-[#6:66]-[#6:67][C:68]4([#6;A;H3X4:69])[#6:70]-,=3-[#6:71]-[#6;CX4H2,$([CX4H1]-[OX2H1]):72][C:73]12[#6;A;H3X4:74].[H][#16;X2:7]-[#6:8]-[#6:9]-[#7:10]-[#6:11](=[O:12])-[#6:13]-[#6:14]-[#7:15]-[#6:16](=[O:17])-[#6@H:18]([#8;A;H1X2:19])[C:20]([#6:21])([#6:22])[#6:23]-[#8:24][P:25]([#8;A;X1-,X2H1:26])(=[O:27])[#8:28][P:29]([#8;A;X1-,X2H1:30])(=[O:31])[#8:32]-[#6:33]-[#6@H:34]-1-[#8:35]-[#6@@H:36](-[#7:37]2[#6:38]=,:[#7:39][#6:40]=,:3[#6:41]2=,:[#7:42][#6:43]=,:[#7:44][#6:45]=,:3[#7;A;H2X3:46])-[#6@H:47]([#8;A;H1X2:48])-[#6@@H:49]-1-[#8:50][P:51]([#8:52])([#8;A;X1-,X2H1:53])=[O:54]
base	C24_BILE_ACID_LEUCINE_CONJUGATION	BTMR1323	C24-bile acid leucine conjugation	bt:C24_BILE_ACID_LEUCINE_CONJUGATION	1	[#6;A;H3X4][#6;A;H1X4]([#6;A;H2X4][#6;A;H2X4][#6]([#8;A;X1-,X2H1])=O)[#6]1-[#6]-,=[#6]-[#6]2-[#6]-,=3-[#6;CX4H2,$([CX4H1]-[OX2H1])]-[#6]-,=[#6]4-,=[#6]-,=[#6]([#8;A;X2H1,X1-])-[#6]-[#6]C4([#6;A;H3X4])[#6]-,=3-[#6]-[#6;CX4H2,$([CX4H1]-[OX2H1])]C12[#6;A;H3X4]	0		[#6;A;H3X4:1][#6;A;H1X4:2]([#6;A;H2X4:3][#6;A;H2X4:4][#6:5]([#8;A;X1-,X2H1])=[O:6])[#6:7]1-[#6:8]-,=[#6:9]-[#6:10]2-[#6:11]-,=3-[#6;CX4H2,$([CX4H1]-[OX2H1]):12]-[#6:13]-,=[#6:14]4-,=[#6:15]-,=[#6:16]([#8;A;X2H1,X1-:17])-[#6:18]-[#6:19][C:20]4([#6;A;H3X4:21])[#6:22]-,=3-[#6:23]-[#6;CX4H2,$([CX4H1]-[OX2H1]):24][C:25]12[#6;A;H3X4:26]>>[#6]-[#6](-[#6])-[#6]-[#6](-[#7]-[#6:5](=[O:6])[#6;A;H2X4:4][#6;A;H2X4:3][#6;A;H1X4:2]([#6;A;H3X4:1])[#6:7]1-[#6:8]-,=[#6:9]-[#6:10]2-[#6:11]-,=3-[#6;CX4H2,$([CX4H1]-[OX2H1]):12]-[#6:13]-,=[#6:14]4-,=[#6:15]-,=[#6:16]([#8;A;X2H1,X1-:17])-[#6:18]-[#6:19][C:20]4([#6;A;H3X4:21])[#6:22]-,=3-[#6:23]-[#6;CX4H2,$([CX4H1]-[OX2H1]):24][C:25]12[#6;A;H3X4:26])-[#6](-[#8])=O
base	C24_BILE_ACID_PHENYLALANINE_CONJUGATION	BTMR1321	C24-bile acid phenylalanine conjugation	bt:C24_BILE_ACID_PHENYLALANINE_CONJUGATION	1	[#6;A;H3X4][#6;A;H1X4]([#6;A;H2X4][#6;A;H2X4][#6]([#8;A;X1-,X2H1])=O)[#6]1-[#6]-,=[#6]-[#6]2-[#6]-,=3-[#6;CX4H2,$([CX4H1]-[OX2H1])]-[#6]-,=[#6]4-,=[#6]-,=[#6]([#8;A;X2H1,X1-])-[#6]-[#6]C4([#6;A;H3X4])[#6]-,=3-[#6]-[#6;CX4H2,$([CX4H1]-[OX2H1])]C12[#6;A;H3X4]	0		[#6;A;H3X4:1][#6;A;H1X4:2]([#6;A;H2X4:3][#6;A;H2X4:4][#6:5]([#8;A;X1-,X2H1])=[O:6])[#6:7]1-[#6:8]-,=[#6:9]-[#6:10]2-[#6:11]-,=3-[#6;CX4H2,$([CX4H1]-[OX2H1]):12]-[#6:13]-,=[#6:14]4-,=[#6:15]-,=[#6:16]([#8;A;X2H1,X1-:17])-[#6:18]-[#6:19][C:20]4([#6;A;H3X4:21])[#6:22]-,=3-[#6:23]-[#6;CX4H2,$([CX4H1]-[OX2H1]):24][C:25]12[#6;A;H3X4:26]>>[#6;A;H3X4:1][#6;A;H1X4:2]([#6;A;H2X4:3][#6;A;H2X4:4][#6:5](=[O:6])-[#7]-[#6](-[#6]-[#6]-1=[#6]-[#6]=[#6]-[#6]=[#6]-1)-[#6](-[#8])=O)[#6:7]1-[#6:8]-,=[#6:9]-[#6:10]2-[#6:11]-,=3-[#6;CX4H2,$([CX4H1]-[OX2H1]):12]-[#6:13]-,=[#6:14]4-,=[#6:15]-,=[#6:16]([#8;A;X2H1,X1-:17])-[#6:18]-[#6:19][C:20]4([#6;A;H3X4:21])[#6:22]-,=3-[#6:23]-[#6;CX4H2,$([CX4H1]-[OX2H1]):24][C:25]12[#6;A;H3X4:26]
base	C24_BILE_ACID_TYROSINE_CONJUGATION	BTMR1322	C24-bile acid tyrosine conjugation	bt:C24_BILE_ACID_TYROSINE_CONJUGATION	1	[#6;A;H3X4][#6;A;H1X4]([#6;A;H2X4][#6;A;H2X4][#6]([#8;A;X1-,X2H1])=O)[#6]1-[#6]-,=[#6]-[#6]2-[#6]-,=3-[#6;CX4H2,$([CX4H1]-[OX2H1])]-[#6]-,=[#6]4-,=[#6]-,=[#6]([#8;A;X2H1,X1-])-[#6]-[#6]C4([#6;A;H3X4])[#6]-,=3-[#6]-[#6;CX4H2,$([CX4H1]-[OX2H1])]C12[#6;A;H3X4]	0		[#6;A;H3X4:1][#6;A;H1X4:2]([#6;A;H2X4:3][#6;A;H2X4:4][#6:5]([#8;A;X1-,X2H1])=[O:6])[#6:7]1-[#6:8]-,=[#6:9]-[#6:10]2-[#6:11]-,=3-[#6;CX4H2,$([CX4H1]-[OX2H1]):12]-[#6:13]-,=[#6:14]4-,=[#6:15]-,=[#6:16]([#8;A;X2H1,X1-:17])-[#6:18]-[#6:19][C:20]4([#6;A;H3X4:21])[#6:22]-,=3-[#6:23]-[#6;CX4H2,$([CX4H1]-[OX2H1]):24][C:25]12[#6;A;H3X4:26]>>[#6;A;H3X4:1][#6;A;H1X4:2]([#6;A;H2X4:3][#6;A;H2X4:4][#6:5](=[O:6])-[#7]-[#6](-[#6]-[#6]-1=[#6]-[#6]=[#6](-[#8])-[#6]=[#6]-1)-[#6](-[#8])=O)[#6:7]1-[#6:8]-,=[#6:9]-[#6:10]2-[#6:11]-,=3-[#6;CX4H2,$([CX4H1]-[OX2H1]):12]-[#6:13]-,=[#6:14]4-,=[#6:15]-,=[#6:16]([#8;A;X2H1,X1-:17])-[#6:18]-[#6:19][C:20]4([#6;A;H3X4:21])[#6:22]-,=3-[#6:23]-[#6;CX4H2,$([CX4H1]-[OX2H1]):24][C:25]12[#6;A;H3X4:26]
base	CARBONYL_REDUCTION	BTMR0368	Reduction of carbonyl	bt:CARBONYL_REDUCTION	1	[#6][#6;A;X3;!$(C([OX2H])[O,S,#7,#15])]([#6;$([#6;A]=[#6;A]),$([#6;a]:[#6;a])])=[O;X1]	0		[#6:3][#6;A;X3;!$(C([OX2H])[O,S,#7,#15]):2]([#6;$([#6;A]=[#6;A]),$([#6;a]:[#6;a]):1])=[O;X1:4]>>[H][#8;X2:4][#6;A;X4:2]([H])([#6:3])[#6;$([#6;A]=[#6;A]),$([#6;a]:[#6;a]):1]
base	CARDIOLIPIN_DEACYLATION	BTMR0500	Deacylation of cardiolipin	bt:CARDIOLIPIN_DEACYLATION	1	[#8;A;H1X2][#6;H1X4](-[#6;H2X4]-[#8;X2]P([#8;A;X1-,X2H1])(=O)[#8]-[#6;H2X4]-[#6;H1X4](-[#6;H2X4]-[#8;X2]-[#6]([#6,#1;A])=O)-[#8;X2]-[#6;X3]([#6,#1;A])=O)-[#6;H2X4]-[#8;X2]P([#8;A;X1-,X2H1])(=O)[#8]-[#6;H2X4]-[#6;X4](-[#6;H2X4]-[#8]-[#6]([#6,#1;A])=O)-[#8]-[#6]([#6,#1;A])=O	0		[#8;A;H1X2:36][#6;H1X4:35](-[#6;H2X4:17]-[#8;X2:16][P:15]([#8;A;X1-,X2H1:14])(=[O:13])[#8:12]-[#6;H2X4:11]-[#6;H1X4:10](-[#6;H2X4:9]-[#8;X2:8]-[#6:7]([#6,#1;A:6])=[O:5])-[#8;X2:4]-[#6;X3:3]([#6,#1;A:2])=[O:1])-[#6;H2X4:34]-[#8;X2:33][P:32]([#8;A;X1-,X2H1:31])(=[O:30])[#8:29]-[#6;H2X4:28]-[#6;X4:27](-[#6;H2X4:26]-[#8:25]-[#6:24]([#6,#1;A:23])=[O:22])-[#8:21]-[#6:20]([#6,#1;A:19])=[O:18]>>[H][#8]-[#6;X3:3]([#6,#1;A:2])=[O:1].[H][#8;X2:4]-[#6;H1X4:10](-[#6;H2X4:9]-[#8;X2:8]-[#6:7]([#6,#1;A:6])=[O:5])-[#6;H2X4:11]-[#8:12][P:15]([#8;A;X1-,X2H1:14])(=[O:13])[#8;X2:16]-[#6;H2X4:17]-[#6;H1X4:35]([#8;A;H1X2:36])-[#6;H2X4:34]-[#8;X2:33][P:32]([#8;A;X1-,X2H1:31])(=[O:30])[#8:29]-[#6;H2X4:28]-[#6;X4:27](-[#6;H2X4:26]-[#8:25]-[#6:24]([#6,#1;A:23])=[O:22])-[#8:21]-[#6:20]([#6,#1;A:19])=[O:18]
base	CARDIOLIPIN_SYNTHESIS	BTMR0499	Synthesis of cardiolipin	bt:CARDIOLIPIN_SYNTHESIS	1	[#8;X2]-[#6;H2X4]-[#6;H1X4](-[#8;X2])-[#6;H2X4]-[#8;X2]P([#8;A;X2H1,X1-])(=O)[#8]-[#6;H2X4]-[#6;H1X4](-[#6;H2X4]-[#8;X2]-[#6]([#6,#1;A])=O)-[#8;X2]-[#6;X3]([#6,#1;A])=O.[#7]-[#6;R1]-1=[#7;R1]-[#6;R1](=O)-[#7](-[#6;R1]=[#6;R1]-1)-[#6;R1]-1-[#8]-[#6;R1](-[#6]-[#8]P([#8;A;X2H1,X1-])(=O)[#8]P([#8;A;X2H1,X1-])(=O)[#8]-[#6;H2X4]-[#6;X4](-[#6;H2X4]-[#8]-[#6]([#6,#1;A])=O)-[#8]-[#6]([#6,#1;A])=O)-[#6;R1](-[#8])-[#6;R1]-1-[#8]	0		[#8;X2:37]-[#6;H2X4:38]-[#6;H1X4:39](-[#8;X2:40])-[#6;H2X4:41]-[#8;X2:42][P:43]([#8:44])(=[O:45])[#8:46]-[#6;H2X4:47]-[#6;H1X4:48](-[#6;H2X4:49]-[#8;X2:50]-[#6:51]([#6,#1;A:52])=[O:53])-[#8;X2:54]-[#6;X3:55]([#6,#1;A:56])=[O:57].[#7:1]-[#6;R1:2]-1=[#7;R1:3]-[#6;R1:4](=[O:5])-[#7:6](-[#6;R1:7]=[#6;R1:8]-1)-[#6;R1:9]-1-[#8:10]-[#6;R1:11](-[#6:12]-[#8:13][P:14]([#8:15])(=[O:16])[#8:17][P:18]([#8:19])(=[O:20])[#8:21]-[#6;H2X4:22]-[#6;X4:23](-[#6;H2X4:24]-[#8:25]-[#6:26]([#6,#1;A:27])=[O:28])-[#8:29]-[#6:30]([#6,#1;A:31])=[O:32])-[#6;R1:33](-[#8:34])-[#6;R1:35]-1-[#8:36]>>[#7:1]-[#6;R1:2]-1=[#7;R1:3]-[#6;R1:4](=[O:5])-[#7:6](-[#6;R1:7]=[#6;R1:8]-1)-[#6;R1:9]-1-[#8:10]-[#6;R1:11](-[#6:12]-[#8:13][P:14]([#8:15])([#8:17])=[O:16])-[#6;R1:33](-[#8:34])-[#6;R1:35]-1-[#8:36].[#8;X2:40]-[#6;H1X4:39](-[#6;H2X4:38]-[#8;X2:37][P:18]([#8:19])(=[O:20])[#8:21]-[#6;H2X4:22]-[#6;X4:23](-[#6;H2X4:24]-[#8:25]-[#6:26]([#6,#1;A:27])=[O:28])-[#8:29]-[#6:30]([#6,#1;A:31])=[O:32])-[#6;H2X4:41]-[#8;X2:42][P:43]([#8:44])(=[O:45])[#8:46]-[#6;H2X4:47]-[#6;H1X4:48](-[#6;H2X4:49]-[#8;X2:50]-[#6:51]([#6,#1;A:52])=[O:53])-[#8;X2:54]-[#6;X3:55]([#6,#1;A:56])=[O:57]
base	CATECHOL_DEHYDROXYLATION_PATTERN1	BTMR0277	Dehydroxylation of catechol	bt:CATECHOL_DEHYDROXYLATION	1	[H][#8]-[#6;R1]1=,:[#6;R1]([H])[#6;R1]([H])=,:[#6;R1]([#6;A;R0])[#6;R1]([H])=,:[#6;R1]1-[#8][H]	0		[H:1][#8:2]-[#6;R1:3]1=,:[#6;R1:4]([H:5])[#6;R1:6]([H:7])=,:[#6;R1:8]([#6;A;R0:9])[#6;R1:10]([H:11])=,:[#6;R1:12]1-[#8][H]>>[H:1][#8:2]-[#6;R1:3]=,:1[#6;R1:12]([H])=,:[#6;R1:10]([H:11])[#6;R1:8]([#6;A;R0:9])=,:[#6;R1:6]([H:7])[#6;R1:4]=,:1[H:5]
base	CATECHOL_DEHYDROXYLATION_PATTERN2	BTMR0278	Dehydroxylation of catechol	bt:CATECHOL_DEHYDROXYLATION	1	[H][#8]-[#6;R1]1=,:[#6;R1]([H])[#6;R1]([H])=,:[#6;R1]([#6;A;R0])[#6;R1]([H])=,:[#6;R1]1-[#8][H]	0		[H][#8]-[#6;R1:1]1=,:[#6;R1:2]([H:3])[#6;R1:4]([H:5])=,:[#6;R1:6]([#6;A;R0:7])[#6;R1:8]([H:9])=,:[#6;R1:10]1-[#8:11][H:12]>>[H:12][#8:11]-[#6;R1:10]=,:1[#6;R1:1]([H])=,:[#6;R1:2]([H:3])[#6;R1:4]([H:5])=,:[#6;R1:6]([#6;A;R0:7])[#6;R1:8]=,:1[H:9]
base	CATECHOL_O_METHYLATION_PATTERN1	BTMR0211	Catechol O-methylation	bt:CATECHOL_O_METHYLATION	1	[H][#8;A;X2][#6;R1]1=,:[#6;R1](-[*,#1;!$([OX2H1])])[#6;R1](-[*,#1])=,:[#6;R1](-[*,#1])[#6;R1](-[*,#1;!$([OX2H1])])=,:[#6;R1]1[#8;A;X2][H]	3	[H][#8]-[#6]1=,:[#6]([H])[#6]([H])=,:[#6](-*)[#6]([H])=,:[#6]1-[#8][H] | [H][#7]([#6;A;H2X4][#6](-[#8])=O)-[#6](=O)[#6;A;H1X4]([#6;A;H2X4][#16][#6,#8,#16;A])[#7]([H])-[#6](=O)[#6;A;H2X4][#6;A;H2X4][#6;A;H1X4]([#7])[#6](-[#8])=O | [#7]~[#6]~1~[#7]~[#6]~[#7]~[#6]~2~[#6]~1~[#7]~[#6]~[#7]~2-[#6]-1-[#8]-[#6](-[#6]-[#8]P([#8])(=O)[#8]P([#8])(=O)[#8]-[#6]C([#6])([#6])[#6](-,=[#8])-[#6](-,=[#8])-,=[#7]-[#6]-[#6]-[#6](-,=[#8])-,=[#7]-[#6]-[#6]-[#16])-[#6](-[#8]P([#8])([#8])=O)-[#6]-1-[#8]	[H][#8;A;X2:1][#6;R1:2]1=,:[#6;R1:3](-[*,#1;!$([OX2H1]):4])[#6;R1:5](-[*,#1:6])=,:[#6;R1:7](-[*,#1:8])[#6;R1:9](-[*,#1;!$([OX2H1]):10])=,:[#6;R1:11]1[#8;A;X2:12][H:13]>>[H:13][#8;A;X2:12][#6;R1:11]1=,:[#6;R1:9](-[*,#1;!$([OX2H1]):10])[#6;R1:7](-[*,#1:8])=,:[#6;R1:5](-[*,#1:6])[#6;R1:3](-[*,#1;!$([OX2H1]):4])=,:[#6;R1:2]1[#8;A;X2:1]C([H])([H])[H]
base	CATECHOL_O_METHYLATION_PATTERN2	BTMR0212	Catechol O-methylation	bt:CATECHOL_O_METHYLATION	1	[H][#8;A;X2][#6;R1]1=,:[#6;R1]([H])[#6;R1]([H])=,:[#6;R1](-[!#8])[#6;R1]([H])=,:[#6;R1]1[#8;A;X2][H]	2	[H][#7]([#6;A;H2X4][#6](-[#8])=O)-[#6](=O)[#6;A;H1X4]([#6;A;H2X4][#16][#6,#8,#16;A])[#7]([H])-[#6](=O)[#6;A;H2X4][#6;A;H2X4][#6;A;H1X4]([#7])[#6](-[#8])=O | [#7]~[#6]~1~[#7]~[#6]~[#7]~[#6]~2~[#6]~1~[#7]~[#6]~[#7]~2-[#6]-1-[#8]-[#6](-[#6]-[#8]P([#8])(=O)[#8]P([#8])(=O)[#8]-[#6]C([#6])([#6])[#6](-,=[#8])-[#6](-,=[#8])-,=[#7]-[#6]-[#6]-[#6](-,=[#8])-,=[#7]-[#6]-[#6]-[#16])-[#6](-[#8]P([#8])([#8])=O)-[#6]-1-[#8]	[H:1][#8;A;X2:2][#6;R1:3]1=,:[#6;R1:4]([H:5])[#6;R1:6]([H:7])=,:[#6;R1:8](-[!#8:9])[#6;R1:10]([H:11])=,:[#6;R1:12]1[#8;A;X2:13][H]>>[H:1][#8;A;X2:2][#6;R1:3]1=,:[#6;R1:4]([H:5])[#6;R1:6]([H:7])=,:[#6;R1:8](-[!#8:9])[#6;R1:10]([H:11])=,:[#6;R1:12]1[#8;A;X2:13]C([H])([H])[H]
base	CATECHOL_O_METHYLATION_PATTERN3	BTMR0213	Catechol O-methylation	bt:CATECHOL_O_METHYLATION	1	[H][#8;A;X2][#6;R1]=,:1[#6;R1]([H])=,:[#6;R1]([H])[#6;R1](-[#6;R0])=,:[#6;R1]([H])[#6;R1]=,:1[#8;A;X2][H]	2	[H][#7]([#6;A;H2X4][#6](-[#8])=O)-[#6](=O)[#6;A;H1X4]([#6;A;H2X4][#16][#6,#8,#16;A])[#7]([H])-[#6](=O)[#6;A;H2X4][#6;A;H2X4][#6;A;H1X4]([#7])[#6](-[#8])=O | [#7]~[#6]~1~[#7]~[#6]~[#7]~[#6]~2~[#6]~1~[#7]~[#6]~[#7]~2-[#6]-1-[#8]-[#6](-[#6]-[#8]P([#8])(=O)[#8]P([#8])(=O)[#8]-[#6]C([#6])([#6])[#6](-,=[#8])-[#6](-,=[#8])-,=[#7]-[#6]-[#6]-[#6](-,=[#8])-,=[#7]-[#6]-[#6]-[#16])-[#6](-[#8]P([#8])([#8])=O)-[#6]-1-[#8]	[H:1][#8;A;X2:2][#6;R1:3]=,:1[#6;R1:4]([H:5])=,:[#6;R1:6]([H:7])[#6;R1:8](-[#6;R0:9])=,:[#6;R1:10]([H:11])[#6;R1:12]=,:1[#8;A;X2:13][H:14]>>[H:14][#8;A;X2:13][#6;R1:12]=,:1[#6;R1:10]([H:11])=,:[#6;R1:8](-[#6;R0:9])[#6;R1:6]([H:7])=,:[#6;R1:4]([H:5])[#6;R1:3]=,:1[#8;A;X2:2]C([H:1])([H])[H]
base	CERAMIDE_GLUCOSYLATION_PATTERN1	BTMR0453	Glucosylation of ceramide	bt:CERAMIDE_GLUCOSYLATION	1	[H][#6]([#6;A;H2X4][#6;A;H2X4][#6;A;H2X4][#6;A;H2X4][#6;A;H2X4][#6;A;H2X4])-,=[#6]([H])[#6;A;H2X4]C([H])([#1,OX2H1])[#6;H1X3]=[#6;H1X3][#6;A;H1X4]([#8;A;X2H1,X1-])[#6;A;H1X4]([!#1!#6;NX4H3+,NX3H2,$([#7X3]C(=O)C)])[#6;A;H2X4][#8;A;X2H1,X1-]	0		[H:23][#8;A:22][#6;A;H2X4:21][#6;A;H1X4:19]([!#1!#6;NX4H3+,NX3H2,$([#7X3]C(=O)C):20])[#6;A;H1X4:17]([#8;A;X2H1,X1-:18])[#6;H1X3:16]=[#6;H1X3:15][C:12]([H:13])([#1,OX2H1:14])[#6;A;H2X4:11][#6:9]([H:10])-,=[#6:2]([H:1])[#6;A;H2X4:3][#6;A;H2X4:4][#6;A;H2X4:5][#6;A;H2X4:6][#6;A;H2X4:7][#6;A;H2X4:8]>>[H:23][#8]-[#6@@H]-1-[#6@@H](-[#8])-[#6@H](-[#8])-[#6@@H](-[#6]-[#8])-[#8]-[#6]-1[#8;A:22][#6;A;H2X4:21][#6;A;H1X4:19]([!#1!#6;NX4H3+,NX3H2,$([#7X3]C(=O)C):20])[#6;A;H1X4:17]([#8;A;X2H1,X1-:18])[#6;H1X3:16]=[#6;H1X3:15][C:12]([H:13])([#1,OX2H1:14])[#6;A;H2X4:11][#6:9]([H:10])-,=[#6:2]([H:1])[#6;A;H2X4:3][#6;A;H2X4:4][#6;A;H2X4:5][#6;A;H2X4:6][#6;A;H2X4:7][#6;A;H2X4:8]
base	CERAMIDE_GLUCOSYLATION_PATTERN2	BTMR1228	Glucosylation of ceramide	bt:CERAMIDE_GLUCOSYLATION	1	[#6;A;H2X4][#6;A;H2X4][#6;A;H2X4][#6;A;H2X4][#6;A;H2X4][#6;A;H2X4][#6;A;H2X4][#6;A;H2X4][#6;A;H2X4][#6;A;H2X4][#6;A;H2X4][#6;A;H2X4][#6;A;H1X4]([#8;A;X2H1,X1-])[#6;A;H1X4]([!#1!#6;NX4H3+,NX3H2,$([#7X3]C(=O)C)])[#6;A;H2X4][#8;A;H1X2]	0		[H:19][#8;A;X2:18][#6;A;H2X4:17][#6;A;H1X4:15]([!#1!#6;NX4H3+,NX3H2,$([#7X3]C(=O)C):16])[#6;A;H1X4:13]([#8;A;X2H1,X1-:14])[#6;A;H2X4:12][#6;A;H2X4:11][#6;A;H2X4:10][#6;A;H2X4:9][#6;A;H2X4:8][#6;A;H2X4:7][#6;A;H2X4:6][#6;A;H2X4:5][#6;A;H2X4:4][#6;A;H2X4:3][#6;A;H2X4:2][#6;A;H2X4:1]>>[H:19][#8]-[#6]-[#6@H]-1-[#8]-[#6]([#8;A;X2:18][#6;A;H2X4:17][#6;A;H1X4:15]([!#1!#6;NX4H3+,NX3H2,$([#7X3]C(=O)C):16])[#6;A;H1X4:13]([#8;A;X2H1,X1-:14])[#6;A;H2X4:12][#6;A;H2X4:11][#6;A;H2X4:10][#6;A;H2X4:9][#6;A;H2X4:8][#6;A;H2X4:7][#6;A;H2X4:6][#6;A;H2X4:5][#6;A;H2X4:4][#6;A;H2X4:3][#6;A;H2X4:2][#6;A;H2X4:1])-[#6@H](-[#8])-[#6@@H](-[#8])-[#6@@H]-1-[#8]
base	CERAMIDE_GLUCOSYLATION_PATTERN3	BTMR1229	Glucosylation of ceramide	bt:CERAMIDE_GLUCOSYLATION	1	[H][#6]([#6;A;H2X4][#6;A;H2X4][#6;A;H2X4][#6;A;H2X4][#6;A;H2X4][#6;A;H2X4])-,=[#6]([H])[#6;A;H2X4][#6;A;H1X4]([#8;A;H1X2])[#6;H1X3]=[#6;H1X3][#6;A;H1X4]([!#1!#6;NX4H3+,NX3H2,$([#7X3]C(=O)C)])[#6;A;H2X4][#8;A;H1X2]	0		[H:20][#8;A;X2:19][#6;A;H2X4:18][#6;A;H1X4:16]([!#1!#6;NX4H3+,NX3H2,$([#7X3]C(=O)C):17])[#6;H1X3:15]=[#6;H1X3:14][#6;A;H1X4:12]([#8;A;H1X2:13])[#6;A;H2X4:11][#6:9]([H:10])-,=[#6:2]([H:1])[#6;A;H2X4:3][#6;A;H2X4:4][#6;A;H2X4:5][#6;A;H2X4:6][#6;A;H2X4:7][#6;A;H2X4:8]>>[H:20][#8]-[#6]-[#6@H]-1-[#8]-[#6]([#8;A;X2:19][#6;A;H2X4:18][#6;A;H1X4:16]([!#1!#6;NX4H3+,NX3H2,$([#7X3]C(=O)C):17])[#6;H1X3:15]=[#6;H1X3:14][#6;A;H1X4:12]([#8;A;H1X2:13])[#6;A;H2X4:11][#6:9]([H:10])-,=[#6:2]([H:1])[#6;A;H2X4:3][#6;A;H2X4:4][#6;A;H2X4:5][#6;A;H2X4:6][#6;A;H2X4:7][#6;A;H2X4:8])-[#6@H](-[#8])-[#6@@H](-[#8])-[#6@@H]-1-[#8]
base	CERAMIDE_PHOSPHORYLATION	BTMR0486	Phosphorylation of ceramide	bt:CERAMIDE_PHOSPHORYLATION	1	[#6;H3X4]-[#6;H2X4]-[#6;H2X4]-[#6;H2X4]-[#6;H2X4]-[#6;H2X4]-[#6;H2X4]-[#6;H2X4]-[#6;H2X4]-[#6;H2X4]-[#6;H2X4]-[#6;H2X4]-[#6;H2X4]-[#6;H1X3]=[#6;H1X3]-[#6@@H](-[#8;H1X2])-[#6@H;X4](-[#6;H2X4]-[#8;H1X2])-[#7;H1X3]-[#6;X3]([#6,#1;A])=[O;X1]	0		[H][#8;X2:20]-[#6;H2X4:19]-[#6@H;X4:18](-[#7;H1X3:21]-[#6;X3:22]([#6,#1;A:23])=[O;X1:24])-[#6@H:16](-[#8;H1X2:17])-[#6;H1X3:15]=[#6;H1X3:14]-[#6;H2X4:13]-[#6;H2X4:12]-[#6;H2X4:11]-[#6;H2X4:10]-[#6;H2X4:9]-[#6;H2X4:8]-[#6;H2X4:7]-[#6;H2X4:6]-[#6;H2X4:5]-[#6;H2X4:4]-[#6;H2X4:3]-[#6;H2X4:2]-[#6;H3X4:1]>>[H][#8]P(=O)([#8][H])[#8;X2:20]-[#6;H2X4:19]-[#6@H;X4:18](-[#7;H1X3:21]-[#6;X3:22]([#6,#1;A:23])=[O;X1:24])-[#6@H:16](-[#8;H1X2:17])-[#6;H1X3:15]=[#6;H1X3:14]-[#6;H2X4:13]-[#6;H2X4:12]-[#6;H2X4:11]-[#6;H2X4:10]-[#6;H2X4:9]-[#6;H2X4:8]-[#6;H2X4:7]-[#6;H2X4:6]-[#6;H2X4:5]-[#6;H2X4:4]-[#6;H2X4:3]-[#6;H2X4:2]-[#6;H3X4:1]
base	CEREBROSIDE_3_SULFATE_SULFOHYDROLYSIS	BTMR0557	Sulfohydrolysis of cerebroside-3-sulfate	bt:CEREBROSIDE_3_SULFATE_SULFOHYDROLYSIS	1	[H][#8]C([H])([H])[C@@]1([H])[#8][C@@]([H])([#8]C([H])([H])C([H])([#7]([H])-[#6](-[#6,#1])=O)C([H])([#8][H])[#6](-[H])=[#6](/[H])C([H])([H])C([H])([H])C([H])([H])C([H])([H])C([H])([H])C([H])([H])C([H])([H])C([H])([H])C([H])([H])C([H])([H])C([H])([H])C([H])([H])C([H])([H])[H])[C@]([H])([#8][H])[C@@]([H])([#8]S(=O)(=O)[#8][H])[C@@]1([H])[#8][H]	0		[H:52][#8:15][C:11]([H:48])([H:49])[C@@:7]1([H:44])[#8:3][C@@:1]([H:40])([#8:4][C:8]([H:45])([H:46])[C:12]([H:50])([#7:17]([H:54])-[#6:23](-[#6,#1:26])=[O:25])[C:16]([H:53])([#8:22][H:57])[#6:21](-[H:56])=[#6:24](/[H:58])[C:27]([H:59])([H:60])[C:28]([H:61])([H:62])[C:29]([H:63])([H:64])[C:30]([H:65])([H:66])[C:31]([H:67])([H:68])[C:32]([H:69])([H:70])[C:33]([H:71])([H:72])[C:34]([H:73])([H:74])[C:35]([H:75])([H:76])[C:36]([H:77])([H:78])[C:37]([H:79])([H:80])[C:38]([H:81])([H:82])[C:39]([H:83])([H:84])[H:85])[C@:2]([H:41])([#8:6][H:43])[C@@:5]([H:42])([#8:10][S:14](=[O:18])(=[O:20])[#8:19][H:55])[C@@:9]1([H:47])[#8:13][H:51]>>[H:55][#8:19][S:14](=[O:18])(=[O:20])[#8][H].[H:52][#8:15][C:11]([H:48])([H:49])[C@@:7]1([H:44])[#8:3][C@@:1]([H:40])([#8:4][C:8]([H:45])([H:46])[C:12]([H:50])([#7:17]([H:54])-[#6:23](-[#6,#1:26])=[O:25])[C:16]([H:53])([#8:22][H:57])[#6:21](-[H:56])=[#6:24](/[H:58])[C:27]([H:59])([H:60])[C:28]([H:61])([H:62])[C:29]([H:63])([H:64])[C:30]([H:65])([H:66])[C:31]([H:67])([H:68])[C:32]([H:69])([H:70])[C:33]([H:71])([H:72])[C:34]([H:73])([H:74])[C:35]([H:75])([H:76])[C:36]([H:77])([H:78])[C:37]([H:79])([H:80])[C:38]([H:81])([H:82])[C:39]([H:83])([H:84])[H:85])[C@:2]([H:41])([#8:6][H:43])[C@@:5]([H:42])([#8:10][H])[C@@:9]1([H:47])[#8:13][H:51]
base	CHOLINE_LYSIS_TO_TRIMETHYLAMINE	BTMR1312	Lysis of choline to trimethylamine	bt:CHOLINE_LYSIS_TO_TRIMETHYLAMINE	1	[#6;H3X4][N;X4+]([#6;H3X4])([#6;H3X4])[#6;H2X4]-[#6;H2X4][#8;A;X1-,X2H1]	0		[H:12][#8:7][C;X4:6]([H:10])([H:11])[C;X4:5]([H:8])([H:9])[N;X4+:2]([#6;H3X4:1])([#6;H3X4:3])[#6;H3X4:4]>>[H:11][N;X4+:2]([#6;H3X4:1])([#6;H3X4:3])[#6;H3X4:4].[H:10][#6;X3:6](=[O:7])[C;X4:5]([H:8])([H:9])[H:12]
base	CORTICOSTEROID_21_DEHYDROXYLATION	BTMR0328	21-OH-Dehydroxylation of corticosteroid	bt:CORTICOSTEROID_21_DEHYDROXYLATION	1	[#6]C12[#6]-[#6;$([#6;A;H2X4]-[#8]),$([CX4H3])][#6;A;H1X4]3[#6;A;H1X4]([#6]-[#6]-[#6]4=[#6]-[#6](=O)-[#6]-[#6]C34[#6])[#6;A;H1X4]1[#6]-[#6]-[#6;$([#6;A;H2X4]-[#8]),$([CX4H3])]2-[#6](=O)[C;X4]([#8;A;H1X2])([#1,!#6])[#1,!#6]	0		[#6:23][C:15]12[#6:14]-[#6;$([#6;A;H2X4]-[#8]),$([CX4H3]):13][#6;A;H1X4:12]3[#6;A;H1X4:11]([#6:10]-[#6:9]-[#6:8]4=[#6:7]-[#6:5](=[O:6])-[#6:4]-[#6:3][C:2]34[#6:1])[#6;A;H1X4:16]1[#6:17]-[#6:18]-[#6;$([#6;A;H2X4]-[#8]),$([CX4H3]):19]2-[#6:20](=[O:21])[C;X4:22]([#8;A;H1X2])([#1,!#6:24])[#1,!#6:25]>>[#6:23][C:15]12[#6:14]-[#6;$([#6;A;H2X4]-[#8]),$([CX4H3]):13][#6;A;H1X4:12]3[#6;A;H1X4:11]([#6:10]-[#6:9]-[#6:8]4=[#6:7]-[#6:5](=[O:6])-[#6:4]-[#6:3][C:2]34[#6:1])[#6;A;H1X4:16]1[#6:17]-[#6:18]-[#6;$([#6;A;H2X4]-[#8]),$([CX4H3]):19]2-[#6:20](=[O:21])-[#6;X4:22](-[#1,!#6:24])-[#1,!#6:25]
base	CYCLOGUANIDE_FORMATION	BTMR1184	Formation of cycloguanide	bt:CYCLOGUANIDE_FORMATION	1	[H][#7;X3R0]-[#6;X3R0](-[#7;X2R0]-[#6;X3R0](!@=[#7;X3]-[*,#1])-[#7;X3R0]([H])-[#6;X4R0])!@=[#7;X3]-[*,#1]	0		[H][#7;X3R0:1]-[#6;X3R0:2](-[#7;X2R0:4]-[#6;X3R0:5](!@=[#7;X3:6]-[*,#1:10])-[#7;X3R0:7]([H])-[#6;X4R0:8])!@=[#7;X3:3]-[*,#1:9]>>[*,#1:9]-[#7;X3:3]!@-[#6;X3R1:2]-1=[#7;X2R1:4]-[#6;R1:5](!@-[#7;X3:6]-[*,#1:10])=[#7;X2R1:7]-[#6;X4R1:8]-[#7;R1:1]-1
base	CYSTEINE_S_CONJUGATE_CLEAVAGE	BTMR1318	Cysteine-S-conjugate cleavage	bt:CYSTEINE_S_CONJUGATE_CLEAVAGE	1	[H][#7;X3]([H])[#6;A@@H;H1X4]([#6;A;H2X4][#16;X2]-[*;R])[#6;X3]([#8;A;X2H1,X1-])=[O;X1]	0		[H:9][#7;X3:5]([H:10])[#6;A@;X4:4]([H:13])([#6;X3:6]([#8;A;X2H1,X1-:8])=[O;X1:7])[#6;A;X4:1]([H:11])([H:12])[#16;X2:2]-[*;R:3]>>[H][#16;X2:2]-[*;R:3].[H:9][#7;X4+:5]([H:10])[H].[H:11][#6;A;X4:1]([H:12])([H])[#6;A;X4:4]([H:13])([H])[#6;X3:6]([#8;A;X2H1,X1-:8])=[O;X1:7]
base	CYSTEINYLGLYCINE_HYDROLYSIS	BTMR1320	Hydrolysis of cysteinylglycine	bt:CYSTEINYLGLYCINE_HYDROLYSIS	1	[#6]-[#16;X2R0][#6;A;H2X4][#6@H;R0]([#7;A;H2X3])-[#6](=[O;X1])[#7;A;H1X3][#6;A;H2X4][#6;R0]([#8;A;X2H1,X1-])=[O;X1]	0		[H:8][#7;A;X3:1]([H:9])[#6@@H;R0:2]([#6;A;H2X4:3][#16;X2R0:4]-[#6:5])-[#6:6](=[O;X1:7])[#7;A;X3]([H])[#6;A;H2X4][#6;R0]([#8;A;X2H1,X1-])=[O;X1]>>[H][#8]-[#6:6](=[O;X1:7])-[#6@H;R0:2]([#6;A;H2X4:3][#16;X2R0:4]-[#6:5])[#7;A;X3:1]([H:8])[H:9]
base	CYTIDINE_TRANSFER_TO_N_ACYLNEURAMINATE	BTMR0491	Transfer of cytidine to N-acylneuraminate	bt:CYTIDINE_TRANSFER_TO_N_ACYLNEURAMINATE	1	[#8;A;H1X2][#6]-[#6]([#8;A;H1X2])-[#6]([#8;A;H1X2])-[#6]-1-[#8]C([#8])([#6]-[#6]([#8;A;H1X2])-[#6]-1-[#7]-[#6]([#6,#1;A])=O)[#6](-[#8-])=O	0		[#8;A;H1X2:1][#6:2]-[#6:3]([#8;A;H1X2:4])-[#6:5]([#8;A;H1X2:6])-[#6:7]-1-[#8:8][C:9]([#8:10])([#6:11]-[#6:12]([#8;A;H1X2:13])-[#6:14]-1-[#7:15]-[#6:16]([#6,#1;A:17])=[O:18])[#6:19](-[#8-:20])=[O:21]>>[#8;A;H1X2:1][#6:2]-[#6:3]([#8;A;H1X2:4])-[#6:5]([#8;A;H1X2:6])-[#6:7]-1-[#8:8][C:9]([#6:11]-[#6:12]([#8;A;H1X2:13])-[#6:14]-1-[#7:15]-[#6:16]([#6,#1;A:17])=[O:18])([#8:10]P([#8])(=O)[#8]-[#6]-[#6@H]-1-[#8]-[#6@H](-[#6@H](-[#8])-[#6@@H]-1-[#8])-[#7]-1-[#6]=[#6]-[#6](=[#7])-[#7]=[#6]-1-[#8])[#6:19](-[#8-:20])=[O:21]
base	DEARYLATION_OF_ORGANOPHOSPHOSULFUR_COMPOUNDS_PATTERN2	BTMR1170	Dearylation of organphosphosulfur compound	bt:DEARYLATION_OF_ORGANOPHOSPHOSULFUR_COMPOUNDS	1	[#6;a]-[#8;X2R0][P;X4]([#8])([#8])=[!#1!#6;X1;R0]	0		[#6;a:6]-[#8;X2R0:3][P;X4:1]([#8:2])([#8:4])=[!#1!#6;X1,R0:5]>>[#6;a:6]-[#8].[H][#8;X2R0:3][P;X4:1]([#8:2])([#8:4])=[!#1!#6;X1,R0:5]
base	DECARBOXYLATION_OF_FUSED_BENZENE	BTMR0284	Decarboxylation of fused benzene	bt:DECARBOXYLATION_OF_FUSED_BENZENE	1	[#8;A;X2H1,X1-][#6;R0](=[O;R0])-[#6;R1]=,:1[#6;R2]=,:[#6;R2][#6;R1]=,:[#6;R1][#6;R1]=,:1	0		[H:10][#8:1]-[#6;R0:2](=[O;R0:3])-[#6;R1:4]=,:1[#6;R2:9]=,:[#6;R2:8][#6;R1:7]=,:[#6;R1:6][#6;R1:5]=,:1>>[H:10][#8:1]-[#6;R0:2]([H])=[O;R0:3].[H][#6;R1:4]=,:1[#6;R2:9]=,:[#6;R2:8][#6;R1:7]=,:[#6;R1:6][#6;R1:5]=,:1
base	DEHYDROGENATION_OF_4_ARYL_SUBSTITUTED_14_DIHYDROPYRIDINES	BTMR1196	Dehydrogenation of 4-aryl substituted 1,4-dihydropyridine	bt:DEHYDROGENATION_OF_4_ARYL_SUBSTITUTED_14_DIHYDROPYRIDINES	1	[H][#7;X3R1]1[#6;R1]=,:[#6;R1]-,:[C;R1]([H])(!@-[#6;a])-,:[#6;R1]=,:[#6;R1]1	0		[H][#7;X3R1:1]1[#6;R1:2]=,:[#6;R1:3]-,:[C;R1:4]([H])(!@-[#6;a:5])-,:[#6;R1:6]=,:[#6;R1:7]1>>[#6;a:5]!@-[#6;R1:4]=,:1[#6;R1:6]=,:[#6;R1:7][#7;X3R1:1]=,:[#6;R1:2][#6;R1:3]=,:1
base	DEHYDROGENATION_OF_ALPHA_BETA_UNSATURATED_AMIDE	BTMR1193	Dehydrogenation of alpha,beta-unsaturated amide	bt:DEHYDROGENATION_OF_ALPHA_BETA_UNSATURATED_AMIDE	1	[#6]-[#7;X3;$([H2]),$([H1][#6;!$(C=[O,N,S])]),$([#7]([#6;!$(C=[O,N,S])])[#6;!$(C=[O,N,S])])][#6;A;X3](=[O;X1])[#6]=[#6]	0		[#6:4]-[#7;X3;$([H2]),$([H1][#6;!$(C=[O,N,S])]),$([#7]([#6;!$(C=[O,N,S])])[#6;!$(C=[O,N,S])]):3][#6;A;X3:1](=[O;X1:2])[#6:5]=[#6:6]>>[H][#6:6]-[#6:5]([H])[#6;A;X3:1](=[O;X1:2])[#7;X3;$([H2]),$([H1][#6;!$(C=[O,N,S])]),$([#7]([#6;!$(C=[O,N,S])])[#6;!$(C=[O,N,S])]):3]-[#6:4]
base	DEHYDROGENATION_OF_PRIMARY_ALCOHOL_PATTERN1	BTMR0028	Dehydrogenation of primary alcohol	bt:DEHYDROGENATION_OF_PRIMARY_ALCOHOL	1	[CX4,CX3,NX2,NX3,NX4+]-,=[#6;A;X4H2,X3H1][#6;A;X4]([H])([H])[#8;A;X2][H]	0		[CX4,CX3,NX2,NX3,NX4+:1]-,=[#6;A;X4H2,X3H1:2][#6;A;X4:3]([H])([H:5])[#8;A;X2:4][H]>>[CX4,CX3,NX2,NX3,NX4+:1]-,=[#6;A;X4H2,X3H1:2][#6;A;X3:3]([H:5])=[#8;A;X1:4]
base	DEHYDROGENATION_OF_PRIMARY_ALCOHOL_PATTERN2	BTMR0029	Dehydrogenation of primary alcohol	bt:DEHYDROGENATION_OF_PRIMARY_ALCOHOL	1	[#8;A;H1X2]!@-[#6;A;H2X4]!@-[#6]=,:1[#6]=,:[#6][#6]=,:[#6][#6]=,:1	0		[H][#8;A;X2:8]!@-[#6;A;X4:7]([H])([H])!@-[#6:6]=,:1[#6:5]=,:[#6:4][#6:3]=,:[#6:2][#6:1]=,:1>>[H][#6;A;X3:7](!@=[#8;A;X1:8])!@-[#6:6]=,:1[#6:5]=,:[#6:4][#6:3]=,:[#6:2][#6:1]=,:1
base	DEHYDROGENATION_OF_SECONDARY_ALCOHOL_PATTERN1	BTMR0030	Dehydrogenation of secondary alcohol	bt:DEHYDROGENATION_OF_SECONDARY_ALCOHOL	1	[H][#6]@-1-[#6][#6,#8;A][#15,#6;A][CX4H2,N]@-[C;X4]@-1([H])!@-[#8;A;H1X2]	0		[H][#8;A;X2:1]!@-[C;X4:2]@-1([H])@-[CX4H2,N:3][#15,#6;A:7][#6,#8;A:6][#6:5]-[#6:4]@-1[H]>>[H][#6:4]@-1-[#6:5][#6,#8;A:6][#15,#6;A:7][CX4H2,N:3]@-[#6;X3:2]@-1!@=[#8;A;X1:1]
base	DEHYDROGENATION_OF_SECONDARY_ALCOHOL_PATTERN2	BTMR0031	Dehydrogenation of secondary alcohol	bt:DEHYDROGENATION_OF_SECONDARY_ALCOHOL	1	[H][#6]@-1-[#6][#6,#8;A][#15,#6;A]=[CX3,N]@-[C;X4]@-1([H])!@-[#8;A;H1X2]	0		[H][#8;A;X2:8]!@-[C;X4:7]@-1([H])@-[CX3,N:6]=[#15,#6;A:5][#6,#8;A:4][#6:3]-[#6:2]@-1[H:1]>>[H:1][#6:2]@-1-[#6:3][#6,#8;A:4][#15,#6;A:5]=[CX3,N:6]@-[#6;X3:7]@-1!@=[#8;A;X1:8]
base	DEHYDROXYLATION_OF_DIBENZOPYRANONE_PATTERN1	BTMR0287	Dehydroxylation of dibenzopyranone	bt:DEHYDROXYLATION_OF_DIBENZOPYRANONE	1	[#8;H1X2]-[#6;R1]1=,:[#6;R1](-[#1,OX2H1])[#6]2=,:[#6;R2]([#6]3=,:[#6]([#8;R1][#6]2=[O;R0])[#6;R1](-[#1,OX2H1])=,:[#6;R1](-[#1,OX2H1])[#6;R1](-[#1,OX2H1])=,:[#6;R1]3-[#1,OX2H1])[#6;R1](-[#1,OX2H1])=,:[#6;R1]1-[#1,OX2H1]	0		[H:24][#8;X2:1]-[#6;R1:2]1=,:[#6;R1:22](-[#1,OX2H1:23])[#6:21]2=,:[#6;R2:7]([#6:8]3=,:[#6:17]([#8;R1:18][#6:19]2=[O;R0:20])[#6;R1:15](-[#1,OX2H1:16])=,:[#6;R1:13](-[#1,OX2H1:14])[#6;R1:11](-[#1,OX2H1:12])=,:[#6;R1:9]3-[#1,OX2H1:10])[#6;R1:5](-[#1,OX2H1:6])=,:[#6;R1:3]1-[#1,OX2H1:4]>>[H:24][#8;X2:1][H].[H][#6;R1:2]1=,:[#6;R1:22](-[#1,OX2H1:23])[#6:21]2=,:[#6;R2:7]([#6:8]3=,:[#6:17]([#8;R1:18][#6:19]2=[O;R0:20])[#6;R1:15](-[#1,OX2H1:16])=,:[#6;R1:13](-[#1,OX2H1:14])[#6;R1:11](-[#1,OX2H1:12])=,:[#6;R1:9]3-[#1,OX2H1:10])[#6;R1:5](-[#1,OX2H1:6])=,:[#6;R1:3]1-[#1,OX2H1:4]
base	DEHYDROXYLATION_OF_DIBENZOPYRANONE_PATTERN2	BTMR0288	Dehydroxylation of dibenzopyranone	bt:DEHYDROXYLATION_OF_DIBENZOPYRANONE	1	[#8;H1X2]-[#6;R1]1=,:[#6;R1](-[#1,OX2H1])[#6]=,:2[#8;R1][#6](=[O;R0])[#6]3=,:[#6;R2]([#6]=,:2[#6;R1](-[#1,OX2H1])=,:[#6;R1]1-[#1,OX2H1])[#6;R1](-[#1,OX2H1])=,:[#6;R1](-[#1,OX2H1])[#6;R1](-[#1,OX2H1])=,:[#6;R1]3-[#1,OX2H1]	0		[H:24][#8;X2:1]-[#6;R1:2]1=,:[#6;R1:22](-[#1,OX2H1:23])[#6:8]=,:2[#8;R1:9][#6:10](=[O;R0:11])[#6:12]3=,:[#6;R2:21]([#6:7]=,:2[#6;R1:5](-[#1,OX2H1:6])=,:[#6;R1:3]1-[#1,OX2H1:4])[#6;R1:19](-[#1,OX2H1:20])=,:[#6;R1:17](-[#1,OX2H1:18])[#6;R1:15](-[#1,OX2H1:16])=,:[#6;R1:13]3-[#1,OX2H1:14]>>[H:24][#8;X2:1][H].[H][#6;R1:2]1=,:[#6;R1:22](-[#1,OX2H1:23])[#6:8]=,:2[#8;R1:9][#6:10](=[O;R0:11])[#6:12]3=,:[#6;R2:21]([#6:7]=,:2[#6;R1:5](-[#1,OX2H1:6])=,:[#6;R1:3]1-[#1,OX2H1:4])[#6;R1:19](-[#1,OX2H1:20])=,:[#6;R1:17](-[#1,OX2H1:18])[#6;R1:15](-[#1,OX2H1:16])=,:[#6;R1:13]3-[#1,OX2H1:14]
base	DEHYDROXYLATION_OF_DIBENZOPYRANONE_PATTERN3	BTMR0289	Dehydroxylation of dibenzopyranone	bt:DEHYDROXYLATION_OF_DIBENZOPYRANONE	1	[#8;H1X2]-[#6;R1]1=,:[#6;R1](-[#1,OX2H1])[#6;R2]=,:2[#6]3=,:[#6]([#8;R1][#6](=[O;R0])[#6]=,:2[#6;R1](-[#1,OX2H1])=,:[#6;R1]1-[#1,OX2H1])[#6;R1](-[#1,OX2H1])=,:[#6;R1](-[#1,OX2H1])[#6;R1](-[#1,OX2H1])=,:[#6;R1]3-[#1,OX2H1]	0		[H:24][#8;X2:1]-[#6;R1:2]1=,:[#6;R1:9](-[#1,OX2H1:10])[#6;R2:8]=,:2[#6:11]3=,:[#6:20]([#8;R1:21][#6:22](=[O;R0:23])[#6:7]=,:2[#6;R1:5](-[#1,OX2H1:6])=,:[#6;R1:3]1-[#1,OX2H1:4])[#6;R1:18](-[#1,OX2H1:19])=,:[#6;R1:16](-[#1,OX2H1:17])[#6;R1:14](-[#1,OX2H1:15])=,:[#6;R1:12]3-[#1,OX2H1:13]>>[H:24][#8;X2:1][H].[H][#6;R1:2]1=,:[#6;R1:9](-[#1,OX2H1:10])[#6;R2:8]=,:2[#6:11]3=,:[#6:20]([#8;R1:21][#6:22](=[O;R0:23])[#6:7]=,:2[#6;R1:5](-[#1,OX2H1:6])=,:[#6;R1:3]1-[#1,OX2H1:4])[#6;R1:18](-[#1,OX2H1:19])=,:[#6;R1:16](-[#1,OX2H1:17])[#6;R1:14](-[#1,OX2H1:15])=,:[#6;R1:12]3-[#1,OX2H1:13]
base	DEHYDROXYLATION_OF_DIBENZOPYRANONE_PATTERN4	BTMR0290	Dehydroxylation of dibenzopyranone	bt:DEHYDROXYLATION_OF_DIBENZOPYRANONE	1	[#8;H1X2]-[#6;R1]=,:1[#6]=,:2[#8;R1][#6](=[O;R0])[#6]3=,:[#6;R1]([#6]=,:2[#6;R1](-[#1,OX2H1])=,:[#6;R1](-[#1,OX2H1])[#6;R1]=,:1-[#1,OX2H1])[#6;R1](-[#1,OX2H1])=,:[#6;R1](-[#1,OX2H1])[#6;R1](-[#1,OX2H1])=,:[#6;R1]3-[#1,OX2H1]	0		[H:24][#8;X2:1]-[#6;R1:2]=,:1[#6:10]=,:2[#8;R1:11][#6:12](=[O;R0:13])[#6:14]3=,:[#6;R1:23]([#6:9]=,:2[#6;R1:7](-[#1,OX2H1:8])=,:[#6;R1:5](-[#1,OX2H1:6])[#6;R1:3]=,:1-[#1,OX2H1:4])[#6;R1:21](-[#1,OX2H1:22])=,:[#6;R1:19](-[#1,OX2H1:20])[#6;R1:17](-[#1,OX2H1:18])=,:[#6;R1:15]3-[#1,OX2H1:16]>>[H:24][#8;X2:1][H].[H][#6;R1:2]=,:1[#6:10]=,:2[#8;R1:11][#6:12](=[O;R0:13])[#6:14]3=,:[#6;R1:23]([#6:9]=,:2[#6;R1:7](-[#1,OX2H1:8])=,:[#6;R1:5](-[#1,OX2H1:6])[#6;R1:3]=,:1-[#1,OX2H1:4])[#6;R1:21](-[#1,OX2H1:22])=,:[#6;R1:19](-[#1,OX2H1:20])[#6;R1:17](-[#1,OX2H1:18])=,:[#6;R1:15]3-[#1,OX2H1:16]
base	DELTA_14_STEROL_REDUCTION	BTMR0379	Reduction of delta-14-sterol	bt:DELTA_14_STEROL_REDUCTION	1	C[C@H](CCC=C(C)C)[C@H]1CC[C@H]2C3=C(CC[C@]12C)[C@@]1(C)CC[C@H](O)C(C)(C)[C@@H]1CC3	0		[#6:8]-[#6@H:7](-[#6:6]-[#6:5]-[#6:4]=[#6:2](-[#6:1])-[#6:3])-[#6@H:9]1-[#6:10][#6;A;X4;H1,H2:11][#6;A@H;H1X4:12]2[#6:13]-3=[#6:23](-[#6:24]-[#6:25][C@:26]12[#6:27])[C@@:21]1([#6:22])[#6:20]-[#6:19]-[#6:18](-[#8;H1X2:28])[C:17]([#6:29])([#6:30])[#6@@H:16]1-[#6:15]-[#6:14]-3>>[#6:8]-[#6@H:7](-[#6:6]-[#6:5]-[#6:4]=[#6:2](-[#6:1])-[#6:3])-[#6@H:9]1-[#6:10][#6;A;X3:11]=[#6;A;X3:12]2[#6:13]-3=[#6:23](-[#6:24]-[#6:25][C@:26]12[#6:27])[C@@:21]1([#6:22])[#6:20]-[#6:19]-[#6:18](-[#8;H1X2:28])[C:17]([#6:29])([#6:30])[#6@@H:16]1-[#6:15]-[#6:14]-3
base	DELTA_7_STEROL_56_DESATURATION	BTMR0413	5,6-Desaturation of delta-7-sterol	bt:DELTA_7_STEROL_56_DESATURATION	1	[#8;A;H1X2][#6]-1-[#6]-[#6]-[#6]-2[#6;A;H1X4]([#6;A;X4;H1,H2][#6]=[#6]-3-[#6]-4-[#6,#7,#8,#16]-[#6,#7,#8,#16]-[#6]-[#6]-4-[#6,#7,#8,#16]-[#6,#7,#8,#16]-[#6]-2-3)[#6]-1	0		[#8;H1X2:11]-[#6:10]-1-[#6:12]-[#6:13]-[#6:14]-2[#6;A;H1X4:8]([#6;A;X4;H1,H2:7][#6:6]=[#6:5]-3-[#6:15]-4-[#6,#7,#8,#16:16]-[#6,#7,#8,#16:17]-[#6:18]-[#6:1]-4-[#6,#7,#8,#16:2]-[#6,#7,#8,#16:3]-[#6:4]-2-3)[#6:9]-1>>[#8;H1X2:11]-[#6:10]-1-[#6:12]-[#6:13]-[#6:14]2-[#6:4]-3-[#6,#7,#8,#16:3]-[#6,#7,#8,#16:2]-[#6:1]-4-[#6:18]-[#6,#7,#8,#16:17]-[#6,#7,#8,#16:16]-[#6:15]-4-[#6:5]-3=[#6:6][#6;A;X3:7]=[#6;A;X3:8]2[#6:9]-1
base	DELTA_7_STEROL_56_SATURATION	BTMR0414	5,6-Saturation of delta-7-sterol	bt:DELTA_7_STEROL_56_SATURATION	1	[#8;H1X2]-[#6]-1-[#6]-[#6]-[#6]2-[#6]-3-[#6,#7,#8,#16]-[#6,#7,#8,#16]-[#6]-4-[#6]-[#6,#7,#8,#16]-[#6,#7,#8,#16]-[#6]-4-[#6]-3=[#6][#6;A;X3]=[#6;A;X3]2[#6]-1	0		[#8;H1X2:11]-[#6:10]-1-[#6:12]-[#6:13]-[#6:14]2-[#6:4]-3-[#6,#7,#8,#16:3]-[#6,#7,#8,#16:2]-[#6:1]-4-[#6:18]-[#6,#7,#8,#16:17]-[#6,#7,#8,#16:16]-[#6:15]-4-[#6:5]-3=[#6:6][#6;A;X3:7]=[#6;A;X3:8]2[#6:9]-1>>[#8;H1X2:11]-[#6:10]-1-[#6:12]-[#6:13]-[#6:14]-2[#6;A;X4:8]([#6;A;X4:7][#6:6]=[#6:5]-3-[#6:15]-4-[#6,#7,#8,#16:16]-[#6,#7,#8,#16:17]-[#6:18]-[#6:1]-4-[#6,#7,#8,#16:2]-[#6,#7,#8,#16:3]-[#6:4]-2-3)[#6:9]-1
base	DEMETHYLATION_OF_METHOXY_PHENYL_AND_BENZOIC_ACIDS_PATTERN1	BTMR0280	Demethylation of methoxyphenyl, or methoxybenzoic acid	bt:DEMETHYLATION_OF_METHOXY_PHENYL_AND_BENZOIC_ACIDS	1	[H][#6;R1]1=,:[#6;R1](-[$(C(=O)O[H]),$([H][#8]-[#6](=O)-[#6](-[*,#1;#1,$([#8;X2]-[#1,#6X4,c])])=[#6]-[H]),$(C([H])([H])C(=O)O[H]),$(C([H])([H])C([H])([H])C(=O)O[H])])[#6;R1]([H])=,:[#6;R1](-[#8]C([H])([H])[H])[#6;R1](-[*,#1;#1,$([O][H]),$([OX2]-[C]([H])([H])[H])])=,:[#6;R1]1-[*,#1;#1,$([O][H]),$([OX2]-[C]([H])([H])[H])]	0		[H:1][#6;R1:2]1=,:[#6;R1:3](-[$(C(=O)O[H]),$([H][#8]-[#6](=O)-[#6](-[*,#1;#1,$([#8;X2]-[#1,#6X4,c])])=[#6]-[H]),$(C([H])([H])C(=O)O[H]),$(C([H])([H])C([H])([H])C(=O)O[H]):4])[#6;R1:5]([H:6])=,:[#6;R1:7](-[#8:8]C([H])([H])[H])[#6;R1:9](-[*,#1;#1,$([O][H]),$([OX2]-[C]([H])([H])[H]):10])=,:[#6;R1:11]1-[*,#1;#1,$([O][H]),$([OX2]-[C]([H])([H])[H]):12]>>[H][#8:8]-[#6;R1:7]1=,:[#6;R1:5]([H:6])[#6;R1:3](-[$(C(=O)O[H]),$([H][#8]-[#6](=O)-[#6](-[*,#1;#1,$([#8;X2]-[#1,#6X4,c])])=[#6]-[H]),$(C([H])([H])C(=O)O[H]),$(C([H])([H])C([H])([H])C(=O)O[H]):4])=,:[#6;R1:2]([H:1])[#6;R1:11](-[*,#1;#1,$([O][H]),$([OX2]-[C]([H])([H])[H]):12])=,:[#6;R1:9]1-[*,#1;#1,$([O][H]),$([OX2]-[C]([H])([H])[H]):10]
base	DEMETHYLATION_OF_METHOXY_PHENYL_AND_BENZOIC_ACIDS_PATTERN2	BTMR0281	Demethylation of methoxyphenyl, or methoxybenzoic acid	bt:DEMETHYLATION_OF_METHOXY_PHENYL_AND_BENZOIC_ACIDS	1	[H][#6;R1]=,:1[#6;R1](-[$(C(=O)O[H]),$(C([H])=C([H])C(=O)O[H]),$(C([H])([H])C(=O)O[H]),$(C([H])([H])C([H])([H])C(=O)O[H])])=,:[#6;R1]([H])[#6;R1](-[#1,$([O][H])])=,:[#6;R1](-[#8]C([H])([H])[H])[#6;R1]=,:1-[#1,$([O][H])]	0		[H][#6;R1:4]=,:1[#6;R1:2](-[$(C(=O)O[H]),$(C([H])=C([H])C(=O)O[H]),$(C([H])([H])C(=O)O[H]),$(C([H])([H])C([H])([H])C(=O)O[H]):3])=,:[#6;R1:1]([H])[#6;R1:7](-[#1,$([O][H]):9])=,:[#6;R1:6](-[#8:8]C([H])([H])[H])[#6;R1:5]=,:1-[#1,$([O][H]):10]>>[H][#8:8]-[#6;R1:6]=,:1[#6;R1:5](-[#1,$([O][H]):10])=,:[#6;R1:4]([H])[#6;R1:2](-[$(C(=O)O[H]),$(C([H])=C([H])C(=O)O[H]),$(C([H])([H])C(=O)O[H]),$(C([H])([H])C([H])([H])C(=O)O[H]):3])=,:[#6;R1:1]([H])[#6;R1:7]=,:1-[#1,$([O][H]):9]
base	DEOXYBENZOIN_DEGRADATION	BTMR0300	Deoxybenzoin degradation	bt:DEOXYBENZOIN_DEGRADATION	1	[H][#6;X4R0]-[#6;X4R0](-[#6;R1]=,:1[#6;R1]=,:[#6;R1][#6;R1](=,:[#6;R1][#6;R1]=,:1)-[#8][#1,#6;A])-[#6;R0](=[O;X1])-[#6;R1]=,:1[#6;R1](=,:[#6;R1][#6;R1](=,:[#6;R1][#6;R1]=,:1-[#8;R0][H])-[#8][H])-[#8][H]	0		[H:1][#6;X4R0:2]-[#6;X4R0:3](-[#6;R1:4]=,:1[#6;R1:5]=,:[#6;R1:6][#6;R1:7](=,:[#6;R1:8][#6;R1:9]=,:1)-[#8:10][#1,#6;A:11])-[#6;R0:12](=[O;X1:13])-[#6;R1:14]=,:1[#6;R1:15](=,:[#6;R1:16][#6;R1:17](=,:[#6;R1:18][#6;R1:19]=,:1-[#8;R0:20][H:21])-[#8:22][H:23])-[#8:24][H:25]>>[H:23][#8:22]-[#6;R1:17]=,:1[#6;R1:16]=,:[#6;R1:15](-[#8:24][H:25])[#6;R1:14]([H])=,:[#6;R1:19]([#6;R1:18]=,:1)-[#8;R0:20][H:21].[H:1][#6;X4R0:2]-[#6;X4R0:3](-[#6;R1:4]=,:1[#6;R1:5]=,:[#6;R1:6][#6;R1:7](=,:[#6;R1:8][#6;R1:9]=,:1)-[#8:10][#1,#6;A:11])-[#6;R0:12](=[O;X1:13])-[#8][H]
base	DEPSIDE_HYDROLYSIS	BTMR0316	Hydrolysis of depsides	bt:DEPSIDE_HYDROLYSIS	1	[H][#8]-[#6;R1]1=,:[#6;R1][#6;R1](=,:[#6;R1][#6;R1](-[#8])=,:[#6;R1]1-[#8][H])-[#6](=O)-[#8]-[#6;R1]=,:1[#6;R1]=,:[#6;R1]([#6;R1]=,:[#6;R1](-[#8][H])[#6;R1]=,:1-[#8][H])-[#6](=O)-[#8][H]	0		[H:25][#8:16]-[#6;R1:15]1=,:[#6;R1:14][#6;R1:13](=,:[#6;R1:21][#6;R1:19](-[#8:20])=,:[#6;R1:17]1-[#8:18][H:26])-[#6:12](=[O:22])-[#8:11]-[#6;R1:10]=,:1[#6;R1:23]=,:[#6;R1:4]([#6;R1:5]=,:[#6;R1:6](-[#8:7][H:27])[#6;R1:8]=,:1-[#8:9][H:28])-[#6:1](=[O:2])-[#8:3][H:24]>>[H:25][#8:16]-[#6;R1:15]1=,:[#6;R1:14][#6;R1:13](=,:[#6;R1:21][#6;R1:19](-[#8:20])=,:[#6;R1:17]1-[#8:18][H:26])-[#6:12](=[O:22])-[#8][H].[H:27][#8:7]-[#6;R1:6]1=,:[#6;R1:5][#6;R1:4](=,:[#6;R1:23][#6;R1:10](-[#8:11][H])=,:[#6;R1:8]1-[#8:9][H:28])-[#6:1](=[O:2])-[#8:3][H:24]
base	DESULFURATION_OF_ORGANOPHOSPHORODITHIOATES	BTMR1159	Desulfuration of organophosphorodithioate	bt:DESULFURATION_OF_ORGANOPHOSPHORODITHIOATES	1	[#6][#16;A;X2][P;X4]([#8])([#8])=[S;v2X1]	0		[#6:1][#16;A;X2:2][P;X4:3]([#8:4])([#8:5])=[S;v2X1]>>[#6:1][#16;A;X2:2][P;X4:3]([#8:4])([#8:5])=[O;X1]
base	DESULFURATION_OF_ORGANOPHOSPHOROTHIOATES	BTMR0070	Desulfuration of organophosphothioate	bt:DESULFURATION_OF_ORGANOPHOSPHOROTHIOATES	1	[#6][#8,#16;A;X2][P;X4]([#8])([#8])=[S;v2X1]	0		[#6:1][#8,#16;A;X2:2][P;X4:3]([#8:4])([#8:5])=[S;v2X1]>>[#6:1][#8,#16;A;X2:2][P;X4:3]([#8:4])([#8:5])=[O;X1]
base	DESULFURIZATION_OF_THIOAMIDE_INTO_AMIDE	BTMR1204	Desulfurization of thioamide into amide	bt:DESULFURIZATION_OF_THIOAMIDE_INTO_AMIDE	1	[#1,$([#6;!$(C=[O,N,S])])][#7;X3]([#1,$([#6;!$(C=[O,N,S])])])[$([#6;X3][#6]),$([#6;X3;H1])]=[S;X1]	0		[#1,$([#6;!$(C=[O,N,S])]):1][#7;X3:2]([#1,$([#6;!$(C=[O,N,S])]):3])[$([#6;X3][#6]),$([#6;X3;H1]):4]=[S;X1]>>[#1,$([#6;!$(C=[O,N,S])]):1][#7;X3:2]([#1,$([#6;!$(C=[O,N,S])]):3])[$([#6;X3][#6]),$([#6;X3;H1]):4]=O
base	DIACYLGLYCEROL_O_ACYLATION	BTMR0425	O-Acylation of 1,2-diacylglycerol	bt:DIACYLGLYCEROL_O_ACYLATION	2	[#8]-,=[#6;R0](-,=[#7;R0]-[#6;R0]-[#6;R0]-[#16;X2R0]-[#6;R0](-[#6;H2X4R0])=[O;R0])-[#6;R0]-[#6;R0]-[#7;R0]-,=[#6;R0](-,=[#8;R0])[#6;A;H1X4]([#8])[C;R0]([#6;R0])([#6;R0])[#6;H2X4R0]-[#8;R0][P;R0]([!#1!#6;O,$([O-])])(=[O;R0])[#8;R0][P;R0]([!#1!#6;O,$([O-])])(=[O;R0])[#8]-[#6]-[#6]-1-[#8]-[#6](-[#6](-[#8])-[#6]-1-[#8]P([!#1!#6;O,$([O-])])([!#1!#6;O,$([O-])])=O)-n1cnc2c(-[#7])ncnc12 | [H][#8][#6;A;H2X4][#6;A;H1X4]([#6;A;H2X4][#8]-[#6]([#6,#1;A])=O)[#8]-[#6]([#6,#1;A])=O	0		[#8:57][#6;A;H2X4:56][#6;A;H1X4:54]([#6;A;H2X4:53][#8:52]-[#6:58]([#6,#1;A:60])=[O:59])[#8:55]-[#6:61]([#6,#1;A:63])=[O:62].[#8:1]-,=[#6;R0:2](-,=[#7;R0:3]-[#6;R0:4]-[#6;R0:5]-[#16;X2R0:6]-[#6;R0:7](-[#6;H2X4R0:9])=[O;R0:8])-[#6;R0:10]-[#6;R0:11]-[#7;R0:12]-,=[#6;R0:13](-,=[#8;R0:14])[#6;A;H1X4:15]([#8:16])[C;R0:17]([#6;R0:18])([#6;R0:19])[#6;H2X4R0:20]-[#8;R0:21][P;R0:22]([!#1!#6;O,$([O-]):23])(=[O;R0:24])[#8;R0:25][P;R0:26]([!#1!#6;O,$([O-]):27])(=[O;R0:28])[#8:29]-[#6:30]-[#6:31]-1-[#8:32]-[#6:33](-[#6:34](-[#8:35])-[#6:36]-1-[#8:37][P:38]([!#1!#6;O,$([O-]):39])([!#1!#6;O,$([O-]):40])=[O:41])-[n:42]1[c:43][n:44][c:45]2[c:50](-[#7:51])[n:49][c:48][n:47][c:46]12>>[#6;H2X4R0:9]-[#6;R0:7](=[O;R0:8])-[#8:57][#6;A;H2X4:56][#6;A;H1X4:54]([#6;A;H2X4:53][#8:52]-[#6:58]([#6,#1;A:60])=[O:59])[#8:55]-[#6:61]([#6,#1;A:63])=[O:62].[#8:1]-,=[#6;R0:2](-,=[#7;R0:3]-[#6;R0:4]-[#6;R0:5]-[#16;X2R0:6])-[#6;R0:10]-[#6;R0:11]-[#7;R0:12]-,=[#6;R0:13](-,=[#8;R0:14])[#6;A;H1X4:15]([#8:16])[C;R0:17]([#6;R0:18])([#6;R0:19])[#6;H2X4R0:20]-[#8;R0:21][P;R0:22]([!#1!#6;O,$([O-]):23])(=[O;R0:24])[#8;R0:25][P;R0:26]([!#1!#6;O,$([O-]):27])(=[O;R0:28])[#8:29]-[#6:30]-[#6:31]-1-[#8:32]-[#6:33](-[#6:34](-[#8:35])-[#6:36]-1-[#8:37][P:38]([!#1!#6;O,$([O-]):39])([!#1!#6;O,$([O-]):40])=[O:41])-[n:42]1[c:43][n:44][c:45]2[c:50](-[#7:51])[n:49][c:48][n:47][c:46]12
base	DIENELACTONE_HYDROLYSIS	BTMR1262	Hydrolysis of dienelactone	bt:DIENELACTONE_HYDROLYSIS	1	[#6,#1,#35,#17,#53;A][#6]-1=[#6]([#6,#1,#35,#17,#53;A])-[#6](=O)-[#8]-[#6]-1=[#6]	0		[#6,#1,#35,#17,#53;A:9][#6:4]-1=[#6:3]([#6,#1,#35,#17,#53;A:8])-[#6:2](=[O:6])-[#8:1]-[#6:5]-1=[#6:7]>>[#6:7]-[#6:5](=O)-[#6:4](-[#6,#1,#35,#17,#53;A:9])=[#6:3](-[#6,#1,#35,#17,#53;A:8])-[#6:2](-[#8-:1])=[O:6]
base	DIGALACTOSYLCERAMIDE_3P_SULFATION	BTMR0510	3'-O-Sulfation of digalactosylceramide	bt:DIGALACTOSYLCERAMIDE_3P_SULFATION	1	[H][#8][#6;A@@H;H1X4]1[#6;A;H1X4]([#8])[#6;A;H1X4]([#8])[C@@]([H])([#8][#6;A@@;H1X4]2([H])[#6;A@H;H1X4]([#8]-[#6@@H](-[#8]C([H])([H])C([H])([#7]([H])-[#6](-[#6,#1])=O)C([H])([#8][H])[#6]([H])-,=[#6](-[*,#1;#1,OX2H1])C([H])([H])C([H])([H])C([H])([H])C([H])([H])C([H])([H])C([H])([H])C([H])([H])C([H])([H])C([H])([H])[#1,#6;A])[#6;A@;H1X4]([H])([#8][H])[#6;A;H1X4]2[#8][H])C([H])([H])[#8][H])[#8][#6;A@@H;H1X4]1C([H])([H])[#8][H]	0		[H:80][#8:79][#6;A@@H;H1X4:78]1[#6;A;H1X4:76]([#8:77])[#6;A;H1X4:74]([#8:75])[C@@:8]([H:9])([#8:10][#6;A@@;H1X4:11]2([H:12])[#6;A@H;H1X4:68]([#8:67]-[#6@@H:20](-[#8:21][C:22]([H:23])([H:24])[C:25]([H:26])([#7:27]([H:28])-[#6:29](-[#6,#1:30])=[O:31])[C:32]([H:33])([#8:34][H:35])[#6:36]([H:37])-,=[#6:38](-[*,#1;#1,OX2H1:39])[C:40]([H:41])([H:42])[C:43]([H:44])([H:45])[C:46]([H:47])([H:48])[C:49]([H:50])([H:51])[C:52]([H:53])([H:54])[C:55]([H:56])([H:57])[C:58]([H:59])([H:60])[C:61]([H:62])([H:63])[C:64]([H:65])([H:66])[#1,#6;A:81])[#6;A@;H1X4:16]([H:17])([#8:18][H:19])[#6;A;H1X4:13]2[#8:14][H:15])[C:69]([H:70])([H:71])[#8:72][H:73])[#8:7][#6;A@@H;H1X4:6]1[C:3]([H:4])([H:5])[#8:2][H:1]>>[H:15][#8:14][#6;A;H1X4:13]1[#6;A@@;H1X4:16]([H:17])([#8:18][H:19])[#6@H:20](-[#8:21][C:22]([H:23])([H:24])[C:25]([H:26])([#7:27]([H:28])-[#6:29](-[#6,#1:30])=[O:31])[C:32]([H:33])([#8:34][H:35])[#6:36]([H:37])-,=[#6:38](-[*,#1;#1,OX2H1:39])[C:40]([H:41])([H:42])[C:43]([H:44])([H:45])[C:46]([H:47])([H:48])[C:49]([H:50])([H:51])[C:52]([H:53])([H:54])[C:55]([H:56])([H:57])[C:58]([H:59])([H:60])[C:61]([H:62])([H:63])[C:64]([H:65])([H:66])[#1,#6;A:81])-[#8:67][#6;A@H;H1X4:68]([C:69]([H:70])([H:71])[#8:72][H:73])[#6;A@;H1X4:11]1([H:12])[#8:10][C@@:8]1([H:9])[#8:7][#6;A@@H;H1X4:6]([#6;A@H;H1X4:78]([#8:79]S(=O)(=O)[#8][H:80])[#6;A;H1X4:76]([#8:77])[#6;A;H1X4:74]1[#8:75])[C:3]([H:4])([H:5])[#8:2][H:1]
base	DIGALACTOSYLCERAMIDE_GALACTO_HYDROLYSIS_PATTERN1	BTMR0561	Hydrolysis of terminal, non-reducing galactose from digalactosylceramide	bt:DIGALACTOSYLCERAMIDE_GALACTO_HYDROLYSIS	1	[H][#8]C([H])([H])C1([H])[#8]C([H])([#8]C2([H])C([H])([#8][H])C([H])([#8][H])C([H])([#8]C([H])([H])C([H])([#7]([H])-[#6](-[$([#1,*])])=O)C([H])([#8][H])[#6](-[H])=[#6](/[H])C([H])([H])C([H])([H])C([H])([H])C([H])([H])C([H])([H])C([H])([H])C([H])([H])C([H])([H])C([H])([H])C([H])([H])C([H])([H])C([H])([H])C([H])([H])[H])[#8]C2([H])C([H])([H])[#8][H])C([H])([#8][H])C([H])([#8][H])C1([H])[#8][H]	0		[H:93][#8:37][C:35]([H:90])([H:91])[C:31]1([H:88])[#8:34][C:29]([H:86])([#8:33][C:36]2([H:92])[C:39]([H:95])([#8:43][H:99])[C:42]([H:98])([#8:46][H:102])[C:44]([H:100])([#8:8][C:4]([H:52])([H:53])[C:1]([H:49])([#7:3]([H:51])-[#6:7](-[$([#1,*])])=[O:10])[C:2]([H:50])([#8:6][H:54])[#6:5]([H:48])=[#6:9]([H:47])[C:12]([H:55])([H:56])[C:13]([H:57])([H:58])[C:14]([H:59])([H:60])[C:15]([H:61])([H:62])[C:16]([H:63])([H:64])[C:17]([H:65])([H:66])[C:18]([H:67])([H:68])[C:19]([H:69])([H:70])[C:20]([H:71])([H:72])[C:21]([H:73])([H:74])[C:22]([H:75])([H:76])[C:23]([H:77])([H:78])[C:24]([H:79])([H:80])[H:81])[#8:40][C:38]2([H:94])[C:41]([H:96])([H:97])[#8:45][H:101])[C:27]([H:84])([#8:30][H:87])[C:26]([H:83])([#8:25][H:82])[C:28]1([H:85])[#8:32][H:89]>>[H:93][#8:37][C:35]([H:90])([H:91])[C:31]1([H:88])[#8:34]-[#6:29]([H:86])[C:27]([H:84])([#8:30][H:87])[C:26]([H:83])([#8:25][H:82])[C:28]1([H:85])[#8:32][H:89].[H:101][#8:45][C:41]([H:96])([H:97])[C:38]1([H:94])[#8:40][C:44]([H:100])([#8:8][C:4]([H:52])([H:53])[C:1]([H:49])([#7:3]([H:51])-[#6:7](-[$([#1,*])])=[O:10])[C:2]([H:50])([#8:6][H:54])[#6:5]([H:48])=[#6:9]([H:47])[C:12]([H:55])([H:56])[C:13]([H:57])([H:58])[C:14]([H:59])([H:60])[C:15]([H:61])([H:62])[C:16]([H:63])([H:64])[C:17]([H:65])([H:66])[C:18]([H:67])([H:68])[C:19]([H:69])([H:70])[C:20]([H:71])([H:72])[C:21]([H:73])([H:74])[C:22]([H:75])([H:76])[C:23]([H:77])([H:78])[C:24]([H:79])([H:80])[H:81])[C:42]([H:98])([#8:46][H:102])[C:39]([H:95])([#8:43][H:99])[C:36]1([H:92])[#8:33][H]
base	DIGALACTOSYLCERAMIDE_GALACTO_HYDROLYSIS_PATTERN2	BTMR0562	Hydrolysis of terminal, non-reducing galactose from digalactosylceramide	bt:DIGALACTOSYLCERAMIDE_GALACTO_HYDROLYSIS	1	[H][#8]C([H])([H])C1([H])[#8]C([H])([#8]C2([H])C([H])([#8][H])C([H])([#8][H])C([H])([#8]C([H])([H])C([H])([#7]([H])-[#6](-[$([#1,*])])=O)C([H])([#8][H])C([H])([H])C([H])([H])C([H])([H])C([H])([H])C([H])([H])C([H])([H])C([H])([H])C([H])([H])C([H])([H])C([H])([H])C([H])([H])C([H])([H])C([H])([H])C([H])([H])C([H])([H])[H])[#8]C2([H])C([H])([H])[#8][H])C([H])([#8][H])C([H])([#8][H])C1([H])[#8][H]	0		[H:93][#8:37][C:35]([H:90])([H:91])[C:31]1([H:88])[#8:34][C:29]([H:86])([#8:33][C:36]2([H:92])[C:39]([H:95])([#8:43][H:99])[C:42]([H:98])([#8:46][H:102])[C:44]([H:100])([#8:8][C:4]([H:52])([H:53])[C:1]([H:49])([#7:3]([H:51])-[#6:7](-[$([#1,*])])=[O:10])[C:2]([H:50])([#8:6][H:54])[C:5]([H:48])([H])[C:9]([H:47])([H])[C:12]([H:55])([H:56])[C:13]([H:57])([H:58])[C:14]([H:59])([H:60])[C:15]([H:61])([H:62])[C:16]([H:63])([H:64])[C:17]([H:65])([H:66])[C:18]([H:67])([H:68])[C:19]([H:69])([H:70])[C:20]([H:71])([H:72])[C:21]([H:73])([H:74])[C:22]([H:75])([H:76])[C:23]([H:77])([H:78])[C:24]([H:79])([H:80])[H:81])[#8:40][C:38]2([H:94])[C:41]([H:96])([H:97])[#8:45][H:101])[C:27]([H:84])([#8:30][H:87])[C:26]([H:83])([#8:25][H:82])[C:28]1([H:85])[#8:32][H:89]>>[H:93][#8:37][C:35]([H:90])([H:91])[C:31]1([H:88])[#8:34]-[#6:29]([H:86])[C:27]([H:84])([#8:30][H:87])[C:26]([H:83])([#8:25][H:82])[C:28]1([H:85])[#8:32][H:89].[H:101][#8:45][C:41]([H:96])([H:97])[C:38]1([H:94])[#8:40][C:44]([H:100])([#8:8][C:4]([H:52])([H:53])[C:1]([H:49])([#7:3]([H:51])-[#6:7](-[$([#1,*])])=[O:10])[C:2]([H:50])([#8:6][H:54])[C:5]([H:48])([H])[C:9]([H:47])([H])[C:12]([H:55])([H:56])[C:13]([H:57])([H:58])[C:14]([H:59])([H:60])[C:15]([H:61])([H:62])[C:16]([H:63])([H:64])[C:17]([H:65])([H:66])[C:18]([H:67])([H:68])[C:19]([H:69])([H:70])[C:20]([H:71])([H:72])[C:21]([H:73])([H:74])[C:22]([H:75])([H:76])[C:23]([H:77])([H:78])[C:24]([H:79])([H:80])[H:81])[C:42]([H:98])([#8:46][H:102])[C:39]([H:95])([#8:43][H:99])[C:36]1([H:92])[#8:33][H]
base	DIGALACTOSYLDIACYLGLYCEROL_GALACTO_HYDROLYSIS	BTMR0559	Hydrolysis of terminal, non-reducing galactose from digalactosyldiacylglycerol	bt:DIGALACTOSYLDIACYLGLYCEROL_GALACTO_HYDROLYSIS	1	[H][#8]C([H])([H])C1([H])[#8]C([H])([#8]C([H])([H])C2([H])[#8]C([H])([#8][#6;A;H2X4]([H])([H])[#6;A;H1X4]([H])([#8;X2]-[#6]([#6,#1;A])=[O;X1])[#6;A;H2X4]([H])([H])[#8;X2]-[#6]([#6,#1;A])=[O;X1])C([H])([#8][H])C([H])([#8][H])C2([H])[#8][H])C([H])([#8][H])C([H])([#8][H])C1([H])[#8][H]	0		[H:35][#8:1][C:2]([H:36])([H:37])[C:3]1([H:38])[#8:4][C:5]([H:39])([#8:6][C:7]([H:40])([H:41])[C:8]2([H:42])[#8:9][C:10]([H:43])([#8:11][#6;A;H2X4:12]([H:44])([H:45])[#6;A;H1X4:13]([H:46])([#8;X2:19]-[#6:20]([#6,#1;A:21])=[O;X1:22])[#6;A;H2X4:14]([H:47])([H:48])[#8;X2:15]-[#6:16]([#6,#1;A:17])=[O;X1:18])[C:23]([H:49])([#8:24][H:50])[C:25]([H:51])([#8:26][H:52])[C:27]2([H:53])[#8:28][H:54])[C:29]([H:55])([#8:30][H:56])[C:31]([H:57])([#8:32][H:58])[C:33]1([H:59])[#8:34][H:60]>>[H:35][#8:1][C:2]([H:36])([H:37])[C:3]1([H:38])[#8:4][C:5]([H:39])([H])[C:29]([H:55])([#8:30][H:56])[C:31]([H:57])([#8:32][H:58])[C:33]1([H:59])[#8:34][H:60].[H][#8:6][C:7]([H:40])([H:41])[C:8]1([H:42])[#8:9][C:10]([H:43])([#8:11][#6;A;H2X4:12]([H:44])([H:45])[#6;A;H1X4:13]([H:46])([#8;X2:19]-[#6:20]([#6,#1;A:21])=[O;X1:22])[#6;A;H2X4:14]([H:47])([H:48])[#8;X2:15]-[#6:16]([#6,#1;A:17])=[O;X1:18])[C:23]([H:49])([#8:24][H:50])[C:25]([H:51])([#8:26][H:52])[C:27]1([H:53])[#8:28][H:54]
base	DIHYDROCHALCONE_HYDROLYSIS	BTMR0333	Hydrolysis of dihydrochalcone	bt:DIHYDROCHALCONE_HYDROLYSIS	1	[H][#6;R1]=,:1[#6;R1](-[#1,OX2H1])=,:[#6;R1]([H])[#6;R1]([#8;A;H1X2])=,:[#6;R1]([#6;R1]=,:1[#8;A;H1X2])-[#6;X3R0](=[O;X1])[#6;A;H2X4R0][#6;A;H2X4R0][#6;R1]=,:1[#6;R1]=,:[#6;R1][#6;R1]=,:[#6;R1][#6;R1]=,:1	0		[H:1][#6;R1:2]=,:1[#6;R1:3](-[#1,OX2H1:4])=,:[#6;R1:5]([H:6])[#6;R1:7]([#8;A;H1X2:8])=,:[#6;R1:9]([#6;R1:10]=,:1[#8;A;H1X2:11])-[#6;X3R0:12](=[O;X1:13])[#6;A;H2X4R0:14][#6;A;H2X4R0:15][#6;R1:16]=,:1[#6;R1:17]=,:[#6;R1:18][#6;R1:19]=,:[#6;R1:20][#6;R1:21]=,:1>>[H][#8]-[#6;X3R0:12](=[O;X1:13])[#6;A;H2X4R0:14][#6;A;H2X4R0:15][#6;R1:16]=,:1[#6;R1:17]=,:[#6;R1:18][#6;R1:19]=,:[#6;R1:20][#6;R1:21]=,:1.[H][#6;R1:9]-1=[#6;R1:10]([#8;A;H1X2:11])-[#6;R1:2]([H:1])=[#6;R1:3](-[#1,OX2H1:4])-[#6;R1:5]([H:6])=[#6;R1:7]-1[#8;A;H1X2:8]
base	DINUCLEOTIDE_HYDROLYSIS	BTMR0587	Hydrolysis of a dinucleotide	bt:DINUCLEOTIDE_HYDROLYSIS	1	[#7;R1][#6;A@@H;X4]1[#8][#6;A@H;X4]([#6]-[#8]P([#8;A;X2H1,X1-])(=O)[#8]P([#8;A;X2H1,X1-])(=O)[#8]-[#6][#6;A@H;X4]2[#8][#6;A@@H;X4]([#7;R1])[#6;A@H;X4]([#8;A;X2H1,X1-])[#6;A@@H;X4]2[#8;A;X2H1,X1-])[#6;A@@H;X4]([#8;A;X2H1,X1-])[#6;A@H;X4]1[#8;A;X2H1,X1-]	0		[#7;R1:26][#6;A@@H;X4:24]1[#8:21][#6;A@H;X4:19]([#6:18]-[#8:15][P:14]([#8;A;X2H1,X1-:16])(=[O:17])[#8:11][P:10]([#8;A;X2H1,X1-:12])(=[O:13])[#8:7]-[#6:3][#6;A@H;X4:1]2[#8:4][#6;A@@H;X4:8]([#7;R1:27])[#6;A@H;X4:5]([#8;A;X2H1,X1-:9])[#6;A@@H;X4:2]2[#8;A;X2H1,X1-:6])[#6;A@@H;X4:20]([#8;A;X2H1,X1-:23])[#6;A@H;X4:22]1[#8;A;X2H1,X1-:25]>>[#7;R1:26][#6;A@@H;X4:24]1[#8:21][#6;A@H;X4:19]([#6:18]-[#8:15][P:14]([#8;A;X2H1,X1-:16])([#8])=[O:17])[#6;A@@H;X4:20]([#8;A;X2H1,X1-:23])[#6;A@H;X4:22]1[#8;A;X2H1,X1-:25].[#7;R1:27][#6;A@@H;X4:8]1[#8:4][#6;A@H;X4:1]([#6:3]-[#8:7][P:10]([#8:11])([#8;A;X2H1,X1-:12])=[O:13])[#6;A@@H;X4:2]([#8;A;X2H1,X1-:6])[#6;A@H;X4:5]1[#8;A;X2H1,X1-:9]
base	D_2_HYDROXY_ACID_DEHYDROGENATION	BTMR0624	Dehydrogenation of (D)-2-hydroxy acid	bt:D_2_HYDROXY_ACID_DEHYDROGENATION	1	[#8;A;H1X2][#6;A@H;H1X4](*)!@-[#6;R0]([#8;A;X2H1,X1-])=[O;R0]	0		[H:8][#8;A;X2:1][#6;A@;X4:2]([H:7])([*:3])!@-[#6;R0:4]([#8;A;X2H1,X1-:5])=[O;R0:6]>>[H:7][H:8].[#8;A;X2H1,X1-:5][#6;R0:4](=[O;R0:6])!@-[#6;A;X3:2]([*:3])=[#8;A;X1:1]
base	D_GLYCOSIDE_HYDROLYSIS	BTMR0644	D-Glycoside hydrolysis	bt:D_GLYCOSIDE_HYDROLYSIS	1	[#6]-[#8,#16;X2][#6;A;H1X4R1]1[#8][#6;A;H1X4R1;@]([#6;A;H2X4R0][#8;A;H1X2])[#6;A;H1X4R1]([#8;OX2H1,$([OX2]-[#6])])[#6;A;H1X4R1;@]([#8;OX2H1,$([OX2]-[#6])])[#6;A;H1X4R1]1!@-[#8;OX2H1,$([OX2]-[#6])]	0		[#6:1]-[#8,#16;X2:2][#6;A;H1X4R1:3]1[#8:4][#6;A;H1X4R1;@:5]([#6;A;H2X4R0:6][#8;A;H1X2:7])[#6;A;H1X4R1:8]([#8;OX2H1,$([OX2]-[#6]):9])[#6;A;H1X4R1;@:10]([#8;OX2H1,$([OX2]-[#6]):11])[#6;A;H1X4R1:12]1!@-[#8;OX2H1,$([OX2]-[#6]):13]>>[H][#8,#16;X2:2]-[#6:1].[H][#8][#6;A;X4R1:3]1[#8:4][#6;A;H1X4R1;@:5]([#6;A;H2X4R0:6][#8;A;H1X2:7])[#6;A;H1X4R1:8]([#8;OX2H1,$([OX2]-[#6]):9])[#6;A;H1X4R1;@:10]([#8;OX2H1,$([OX2]-[#6]):11])[#6;A;H1X4R1:12]1!@-[#8;OX2H1,$([OX2]-[#6]):13]
base	EPOXIDATION_OF_VINYL_ETHER	BTMR1026	Epoxidation of vinyl ether	bt:EPOXIDATION_OF_VINYL_ETHER	1	[#6]-[#8;X2]-[#6;X3](-[#1,#6])=,:[#6;X3](-[#1,#6])-[#1,#6]	1	[$([#6]-[#6;X4]-1-[#8]-[#6;X4]-1-[#1,#6,#7,#8]),$([#8;X2]-1-[#6;X3]-2=[#6;X3]-1-[#6]=[#6]-[#6]=[#6]-2)]	[#6:1]-[#8;X2:2]-[#6;X3:3](-[#1,#6:4])=,:[#6;X3:5](-[#1,#6:6])-[#1,#6:7]>>[#6:1]-[#8;X2:2][C;X4:3]1([#1,#6:4])[#8][C;X4:5]1([#1,#6:6])[#1,#6:7]
base	EPOXIDE_HYDROLYSIS	BTMR0600	Hydrolysis of epoxide	bt:EPOXIDE_HYDROLYSIS	1	[H][C;X4]1([#6])[#8][C;X4]1([H])[#1,#6,#7,#8]	0		[H:1][C;X4:2]1([#6:3])[#8:4][C;X4:5]1([H:6])[#1,#6,#7,#8:7]>>[H:1][#8][#6;X3:2](-[#6:3])=[#6;X3:5]([#1,#6,#7,#8:7])-[#8:4][H:6]
base	ETHANOLAMINEPHOSPHATE_TRANSFER_TO_12_DIACYLGLYCEROL	BTMR0492	Synthesis of 1,2-diacylglycerol-3-phosphethanolamine from 1,2-diacylglycerol	bt:ETHANOLAMINEPHOSPHATE_TRANSFER_TO_12_DIACYLGLYCEROL	1	[H]C([#6;H2X4]-[#8;H1X2])([#6;H2X4]-[#8;X2]-[#6]([#6,#1;A])=O)[#8;X2]-[#6]([#6,#1;A])=[O;X1]	0		[H][#8;X2:4]-[#6;H2X4:3][C:2]([H:1])([#6;H2X4:5]-[#8;X2:6]-[#6:7]([#6,#1;A:8])=[O:9])[#8;X2:10]-[#6:11]([#6,#1;A:12])=[O;X1:13]>>[H][#7]([H])C([H])([H])C([H])([H])[#8]P([#8])(=O)[#8;X2:4]-[#6;H2X4:3][C:2]([H:1])([#6;H2X4:5]-[#8;X2:6]-[#6:7]([#6,#1;A:8])=[O:9])[#8;X2:10]-[#6:11]([#6,#1;A:12])=[O;X1:13]
base	FLAVANONE_C_RING_FISSION	BTMR0273	Flavanone C-ring fission	bt:FLAVANONE_C_RING_FISSION	1	[H][#8]-[#6]1=,:[#6](-[R0;*,#1])[#6](-[R0;$([O][H]),$([O](-[C])(-[C])[C])])=,:[#6](-[R0;*,#1])[#6]=,:2-[#8][C;R1]([H])([#6;R1]=,:3[#6;R1](-[R0;*,#1])=,:[#6;R1](-[R0;#1,$([O][H]),$([O]-[C]([H])[H])])[#6;R1](-[R0;#1,$([O][H]),$([O]-[C]([H])[H])])=,:[#6;R1](-[R0;#1,$([O][H]),$([O]-[C]([H])[H])])[#6;R1]=,:3-[R0;*,#1])[C;R1]([H])([H])[#6;R1](=[O;X1])-[#6]1=,:2	0		[H:1][#8:2]-[#6:3]1=,:[#6:4](-[R0;*,#1:5])[#6:6](-[R0;$([O][H]),$([O](-[C])(-[C])[C]):7])=,:[#6:8](-[R0;*,#1:9])[#6:10]=,:2-[#8:11][C;R1:12]([H:13])([#6;R1:14]=,:3[#6;R1:15](-[R0;*,#1:16])=,:[#6;R1:17](-[R0;#1,$([O][H]),$([O]-[C]([H])[H]):18])[#6;R1:19](-[R0;#1,$([O][H]),$([O]-[C]([H])[H]):20])=,:[#6;R1:21](-[R0;#1,$([O][H]),$([O]-[C]([H])[H]):22])[#6;R1:23]=,:3-[R0;*,#1:24])[C;R1:25]([H])([H:29])[#6;R1:26](=[O;X1:27])-[#6:28]1=,:2>>[H:1][#8:2]-[#6:3]1=,:[#6:4](-[R0;*,#1:5])[#6:6](-[R0;$([O][H]),$([O](-[C])(-[C])[C]):7])=,:[#6:8](-[R0;*,#1:9])[#6:10](-[#8:11][H])=,:[#6:28]1-[#6:26](=[O;X1:27])-[#6:25]([H:29])=[#6:12](/[H:13])-[#6;R1:14]=,:1[#6;R1:15](-[R0;*,#1:16])=,:[#6;R1:17](-[R0;#1,$([O][H]),$([O]-[C]([H])[H]):18])[#6;R1:19](-[R0;#1,$([O][H]),$([O]-[C]([H])[H]):20])=,:[#6;R1:21](-[R0;#1,$([O][H]),$([O]-[C]([H])[H]):22])[#6;R1:23]=,:1-[R0;*,#1:24]
base	FLAVANON_3_OL_C_RING_FISSION	BTMR0272	Flavanon-3-ol C-ring fission	bt:FLAVANON_3_OL_C_RING_FISSION	1	[R0;*,#1]-[#6]1=,:[#6][#6]-2=,:[#6](-[#8]-[#6;R1](-[#6;R1]-[#6;R1]-2=[O;X1])-[#6;R1]2=,:[#6;R1][#6;R1](-[R0;#1,$([O][H]),$([O]-[C]([H])[H])])=,:[#6;R1](-[R0;#1,$([O][H]),$([O]-[C]([H])[H])])[#6;R1](-[R0;#1,$([O][H]),$([O]-[C]([H])[H])])=,:[#6;R1]2-[R0;*,#1])[#6](-[R0;*,#1])=,:[#6]1-[R0;$([O][H]),$([O](-[C])(-[C])[C])]	0		[H:1][#8:2]-[#6:3]1=,:[#6:4](-[R0;*,#1:5])[#6:6](-[R0;$([O][H]),$([O](-[C])(-[C])[C]):7])=,:[#6:8](-[R0;*,#1:9])[#6:10]=,:2-[#8:11][C;R1:12]([H:13])([#6;R1:14]=,:3[#6;R1:15](-[R0;*,#1:16])=,:[#6;R1:17](-[R0;#1,$([O][H]),$([O]-[C]([H])[H]):18])[#6;R1:19](-[R0;#1,$([O][H]),$([O]-[C]([H])[H]):20])=,:[#6;R1:21](-[R0;#1,$([O][H]),$([O]-[C]([H])[H]):22])[#6;R1:23]=,:3-[R0;*,#1:24])[C;R1:25]([H])([#8:26][H])[#6;R1:27](=[O;X1:28])-[#6:29]1=,:2>>[H:1][#8:2]-[#6:3]1=,:[#6:4](-[R0;*,#1:5])[#6:6](-[R0;$([O][H]),$([O](-[C])(-[C])[C]):7])=,:[#6:8](-[R0;*,#1:9])[#6:10](-[#8:11][H])=,:[#6:29]1-[#6:27](=[O;X1:28])-[#6:25](=[O:26])[C:12]([H:13])([H])[#6;R1:14]=,:1[#6;R1:15](-[R0;*,#1:16])=,:[#6;R1:17](-[R0;#1,$([O][H]),$([O]-[C]([H])[H]):18])[#6;R1:19](-[R0;#1,$([O][H]),$([O]-[C]([H])[H]):20])=,:[#6;R1:21](-[R0;#1,$([O][H]),$([O]-[C]([H])[H]):22])[#6;R1:23]=,:1-[R0;*,#1:24]
base	FLAVAN_3_OL_C_RING_FISSION_PATTERN1	BTMR0256	Flavan-3-ol C-ring fission	bt:FLAVAN_3_OL_C_RING_FISSION	1	[H][#8;X2]-[#6]=,:1[#6](-[R0;*,#1])=,:[#6](-[#8;X2][H])[#6]2=,:[#6](-[#8][C;R1]([H])([#6;R1]=,:3[#6;R1](-[R0;*,#1])=,:[#6;R1](-[R0;#1,$([O][H]),$([O]-[C]([H])[H])])[#6;R1](-[R0;#1,$([O][H]),$([O]-[C]([H])[H])])=,:[#6;R1](-[R0;#1,$([O][H]),$([O]-[C]([H])[H])])[#6;R1]=,:3-[R0;*,#1])[C;R1]([H])([#8][H])[C;R1]2([H])[H])[#6]=,:1-[R0;*,#1]	1	[H][#8;X2]-[#6]=,:1[#6](-[R0;*,#1])=,:[#6](-[#8;X2][H])[#6]2=,:[#6](-[#8][C;R1]([H])([#6;R1]=,:3[#6;R1](-[R0;*,#1])=,:[#6;R1](-[R0;#1,$([O][H]),$([O]-[C]([H])[H])])[#6;R1](-[R0;#1,$([O][H]),$([O]-[C]([H])[H])])=,:[#6;R1](-[R0;#1,$([O][H]),$([O]-[C]([H])[H])])[#6;R1]=,:3-[R0;*,#1])[C;R1]([H])([#8][H])[C;R1]2([H])[H])[#6;R1]=,:1-[#6;R0](-[#6;R0]-[#6;R0]-[#6;R1]=,:1[#6]=,:[#6][#6]=,:[#6][#6]=,:1)-[#6;R1]=,:1[#6]=,:[#6][#6]=,:[#6][#6]=,:1	[H:25][#8;X2:10]-[#6:9]1=,:[#6:8][#6:6](-[#8;X2:7][H:26])=,:[#6:5]2[#6:12](=,:[#6:11]1)-[#8:13][C;R1:14]([H:15])([#6;R1:16]=,:1[#6;R1:24]=,:[#6;R1:22](-[#1,$([O][H]),$([O]-[C]([H])[H]):23])[#6;R1:20](-[#1,$([O][H]),$([O]-[C]([H])[H]):21])=,:[#6;R1:18](-[#1,$([O][H]),$([O]-[C]([H])[H]):19])[#6;R1:17]=,:1)[C;R1:2]([H:3])([#8:1][H])[C;R1:4]2([H])[H]>>[H:25][#8;X2:10]-[#6:9]=,:1[#6:11]=,:[#6:12](-[#8:13][H])[#6:5]([H])=,:[#6:6]([#6:8]=,:1)-[#8;X2:7][H:26].[H:15][C;R0:14]([H])([#6;R1:16]=,:1[#6;R1:24]=,:[#6;R1:22](-[#1,$([O][H]),$([O]-[C]([H])[H]):23])[#6;R1:20](-[#1,$([O][H]),$([O]-[C]([H])[H]):21])=,:[#6;R1:18](-[#1,$([O][H]),$([O]-[C]([H])[H]):19])[#6;R1:17]=,:1)[C;R1:2]1([H:3])[#8:1]-[#6;R1:4](=O)C([H])([H])C1([H])[H]
base	FLAVAN_3_OL_C_RING_FISSION_PATTERN2	BTMR0257	Flavan-3-ol C-ring fission	bt:FLAVAN_3_OL_C_RING_FISSION	1	[H][#8;X2]-[#6]=,:1[#6](-[R0;*,#1])=,:[#6](-[#8;X2][H])[#6]2=,:[#6](-[#8][C;R1]([H])([#6;R1]=,:3[#6;R1](-[R0;*,#1])=,:[#6;R1](-[R0;#1,$([O][H]),$([O]-[C]([H])[H])])[#6;R1](-[R0;#1,$([O][H]),$([O]-[C]([H])[H])])=,:[#6;R1](-[R0;#1,$([O][H]),$([O]-[C]([H])[H])])[#6;R1]=,:3-[R0;*,#1])[C;R1]([H])([#8][H])[C;R1]2([H])[H])[#6]=,:1-[R0;*,#1]	1	[H][#8;X2]-[#6]=,:1[#6](-[R0;*,#1])=,:[#6](-[#8;X2][H])[#6]2=,:[#6](-[#8][C;R1]([H])([#6;R1]=,:3[#6;R1](-[R0;*,#1])=,:[#6;R1](-[R0;#1,$([O][H]),$([O]-[C]([H])[H])])[#6;R1](-[R0;#1,$([O][H]),$([O]-[C]([H])[H])])=,:[#6;R1](-[R0;#1,$([O][H]),$([O]-[C]([H])[H])])[#6;R1]=,:3-[R0;*,#1])[C;R1]([H])([#8][H])[C;R1]2([H])[H])[#6;R1]=,:1-[#6;R0](-[#6;R0]-[#6;R0]-[#6;R1]=,:1[#6]=,:[#6][#6]=,:[#6][#6]=,:1)-[#6;R1]=,:1[#6]=,:[#6][#6]=,:[#6][#6]=,:1	[H:1][#8;X2:2]-[#6:3]1=,:[#6:4](-[R0;*,#1:5])[#6:6](-[#8;X2:7][H:8])=,:[#6:9]2[#6:10](-[#8:11][C;R1:12]([H:13])([#6;R1:14]=,:3[#6;R1:15](-[R0;*,#1:16])=,:[#6;R1:17](-[R0;#1,$([O][H]),$([O]-[C]([H])[H]):18])[#6;R1:19](-[R0;#1,$([O][H]),$([O]-[C]([H])[H]):20])=,:[#6;R1:21](-[R0;#1,$([O][H]),$([O]-[C]([H])[H]):22])[#6;R1:23]=,:3-[R0;*,#1:24])[C;R1:25]([H:26])([#8:27][H:28])[C;R1:29]2([H:31])[H:30])=,:[#6:32]1-[R0;*,#1:33]>>[H:1][#8;X2:2]-[#6:3]=,:1[#6:32](-[R0;*,#1:33])=,:[#6:10](-[#8:11][H])[#6:9](=,:[#6:6](-[#8;X2:7][H:8])[#6:4]=,:1-[R0;*,#1:5])[C;R0:29]([H:31])([H:30])[C;R0:25]([H:26])([#8:27][H:28])[C;R0:12]([H])([H:13])[#6;R1:14]=,:1[#6;R1:15](-[R0;*,#1:16])=,:[#6;R1:17](-[R0;#1,$([O][H]),$([O]-[C]([H])[H]):18])[#6;R1:19](-[R0;#1,$([O][H]),$([O]-[C]([H])[H]):20])=,:[#6;R1:21](-[R0;#1,$([O][H]),$([O]-[C]([H])[H]):22])[#6;R1:23]=,:1-[R0;*,#1:24]
base	FLAVONE_3P_O_METHYLATION	BTMR0417	3'-O-Methylation of flavone	bt:FLAVONE_3P_O_METHYLATION	1	[#8;A;H1X2][c;R1]1[c;R1][c;R1][c;R1][c;R1]([c;R1]1)-[#6;R1]1=,:[#6;R1][#6;R1](=[O;X1])c2ccccc2[#8]1	0		[#8;A;H1X2:18][c;R1:16]1[c;R1:15][c;R1:14][c;R1:13][c;R1:12]([c;R1:17]1)-[#6;R1:4]1=,:[#6;R1:3][#6;R1:2](=[O;X1:1])[c:11]2[c:10][c:9][c:8][c:7][c:6]2[#8:5]1>>[#6][#8;A;X2:18][c;R1:16]1[c;R1:15][c;R1:14][c;R1:13][c;R1:12]([c;R1:17]1)-[#6;R1:4]1=,:[#6;R1:3][#6;R1:2](=[O;X1:1])[c:11]2[c:10][c:9][c:8][c:7][c:6]2[#8:5]1
base	FLAVONOID_C_RING_REDUCTION	BTMR0255	Flavonoid C-ring reduction	bt:FLAVONOID_C_RING_REDUCTION	1	[R0;*,#1]-[#6]=,:1[#6]=,:2[#8][#6;R1](=,:[#6;R1](-[R0;*,#1])[#6;R1](=[O;X1])[#6]=,:2[#6](-[R0;$([O][H]),$([O](-[C])(-[C])[C])])=,:[#6](-[R0;*,#1])[#6]=,:1-[R0;$([O][H]),$([O](-[C])(-[C])[C])])-[#6;R1]=,:1[#6;R1](-[R0;*,#1])=,:[#6;R1](-[R0;#1,$([O][H]),$([O]-[C]([H])[H])])[#6;R1](-[R0;#1,$([O][H]),$([O]-[C]([H])[H])])=,:[#6;R1](-[R0;#1,$([O][H]),$([O]-[C]([H])[H])])[#6;R1]=,:1-[R0;*,#1]	0		[$([O][H]),$([O](-[C])(-[C])[C]):9]-[#6:8]1=,:[#6:10][#6:11]=,:2[#8:12][#6;R1:13](=,:[#6;R1:1][#6;R1:2](=[O;X1:3])[#6:4]=,:2[#6:5](-[$([O][H]),$([O](-[C])(-[C])[C]):6])=,:[#6:7]1)-[#6;R1:14]=,:1[#6;R1:22]=,:[#6;R1:20](-[#1,$([O][H]),$([O]-[C]([H])[H]):21])[#6;R1:18](-[#1,$([O][H]),$([O]-[C]([H])[H]):19])=,:[#6;R1:16](-[#1,$([O][H]),$([O]-[C]([H])[H]):17])[#6;R1:15]=,:1>>[H][#6;R1:1]1-[#6;R1:2](=[O;X1:3])-[#6:4]=,:2[#6:5](-[$([O][H]),$([O](-[C])(-[C])[C]):6])=,:[#6:7][#6:8](-[$([O][H]),$([O](-[C])(-[C])[C]):9])=,:[#6:10][#6:11]=,:2-[#8:12][C;R1:13]1([H])[#6;R1:14]=,:1[#6;R1:22]=,:[#6;R1:20](-[#1,$([O][H]),$([O]-[C]([H])[H]):21])[#6;R1:18](-[#1,$([O][H]),$([O]-[C]([H])[H]):19])=,:[#6;R1:16](-[#1,$([O][H]),$([O]-[C]([H])[H]):17])[#6;R1:15]=,:1
base	FLAVONOL_3O_GLUCOSIDE_L_DERHAMNOSYLATION	BTMR0465	Derhamnosylation of flavonol 3-O-[alpha-L-rhamnosyl-(1->6)-beta-D-glucoside]	bt:FLAVONOL_3O_GLUCOSIDE_L_DERHAMNOSYLATION	1	[#6;A;H3X4][#6@@H]-1-[#8]-[#6@@H]([#8;A][#6]-[#6@H;R1]-2-[#8]-[#6@@H;R1](-[#8]-[#6;R1]-3=[#6;R1](-[#8;R1]-c4ccccc4-[#6;R1]-3=O)-[c;R1]3[c;R1][c;R1][c;R1]([#8;A;X2H1,X1-])[c;R1][c;R1]3)-[#6@H;R1]([#8;A;X2H1,X1-])-[#6@@H;R1]([#8;A;X2H1,X1-])-[#6@@H;R1]-2[#8;A;X2H1,X1-])-[#6@H]([#8;A;X2H1,X1-])-[#6@H]([#8;A;X2H1,X1-])-[#6@H]-1[#8;A;X2H1,X1-]	0		[#6;A;H3X4][#6@@H]-1-[#8]-[#6@@H]([#8;A:22][#6:5]-[#6@H;R1:12]-2-[#8:29]-[#6@@H;R1:21](-[#8:30]-[#6;R1:20]-3=[#6;R1:19](-[#8;R1:28]-[c:11]4[c:4][c:7][c:3][c:8][c:13]4-[#6;R1:16]-3=[O:25])-[c;R1:6]3[c;R1:1][c;R1:9][c;R1:14]([#8;A;X2H1,X1-:23])[c;R1:10][c;R1:2]3)-[#6@H;R1:18]([#8;A;X2H1,X1-:27])-[#6@@H;R1:17]([#8;A;X2H1,X1-:26])-[#6@@H;R1:15]-2[#8;A;X2H1,X1-:24])-[#6@H]([#8;A;X2H1,X1-])-[#6@H]([#8;A;X2H1,X1-])-[#6@H]-1[#8;A;X2H1,X1-]>>[#8;A:22][#6:5]-[#6@H;R1:12]-1-[#8:29]-[#6@@H;R1:21](-[#8:30]-[#6;R1:20]-2=[#6;R1:19](-[#8;R1:28]-[c:11]3[c:4][c:7][c:3][c:8][c:13]3-[#6;R1:16]-2=[O:25])-[c;R1:6]2[c;R1:1][c;R1:9][c;R1:14]([#8;A;X2H1,X1-:23])[c;R1:10][c;R1:2]2)-[#6@H;R1:18]([#8;A;X2H1,X1-:27])-[#6@@H;R1:17]([#8;A;X2H1,X1-:26])-[#6@@H;R1:15]-1[#8;A;X2H1,X1-:24]
base	FLAVONOL_3O_GLUCOSIDE_L_RHAMNOSYLATION	BTMR0464	L-Rhamnosylation of flavonol-3-O-glucoside	bt:FLAVONOL_3O_GLUCOSIDE_L_RHAMNOSYLATION	1	[#8;A;X2H1,X1-][#6]-[#6@H;R1]-1-[#8]-[#6@@H;R1](-[#8]-[#6;R1]-2=[#6;R1](-[#8;R1]-c3ccccc3-[#6;R1]-2=O)-[c;R1]2[c;R1][c;R1][c;R1]([#8;A;X2H1,X1-])[c;R1][c;R1]2)-[#6@H;R1]([#8;A;X2H1,X1-])-[#6@@H;R1]([#8;A;X2H1,X1-])-[#6@@H;R1]-1[#8;A;X2H1,X1-]	0		[#8;A;X2H1,X1-:22][#6:5]-[#6@H;R1:12]-1-[#8:29]-[#6@@H;R1:21](-[#8:30]-[#6;R1:20]-2=[#6;R1:19](-[#8;R1:28]-[c:11]3[c:4][c:7][c:3][c:8][c:13]3-[#6;R1:16]-2=[O:25])-[c;R1:6]2[c;R1:1][c;R1:9][c;R1:14]([#8;A;X2H1,X1-:23])[c;R1:10][c;R1:2]2)-[#6@H;R1:18]([#8;A;X2H1,X1-:27])-[#6@@H;R1:17]([#8;A;X2H1,X1-:26])-[#6@@H;R1:15]-1[#8;A;X2H1,X1-:24]>>[#6]-[#6@@H]-1-[#8]-[#6@@H]([#8;A:22][#6:5]-[#6@H;R1:12]-2-[#8:29]-[#6@@H;R1:21](-[#8:30]-[#6;R1:20]-3=[#6;R1:19](-[#8;R1:28]-[c:11]4[c:4][c:7][c:3][c:8][c:13]4-[#6;R1:16]-3=[O:25])-[c;R1:6]3[c;R1:1][c;R1:9][c;R1:14]([#8;A;X2H1,X1-:23])[c;R1:10][c;R1:2]3)-[#6@H;R1:18]([#8;A;X2H1,X1-:27])-[#6@@H;R1:17]([#8;A;X2H1,X1-:26])-[#6@@H;R1:15]-2[#8;A;X2H1,X1-:24])-[#6@H](-[#8])-[#6@H](-[#8])-[#6@H]-1-[#8]
base	FORMATION_OF_IMINIUM_IN_PYRROLIDINE_RING	BTMR1189	Formation of iminium from pyrrolidine ring	bt:FORMATION_OF_IMINIUM_IN_PYRROLIDINE_RING	1	[H][#6;R1]-1-[#6;R1]-[#6;R1]-[#6;R1]-[#7;X3R1]-1!@-[#6]	0		[H][#6;R1:5]-1-[#6;R1:1]-[#6;R1:2]-[#6;R1:3]-[#7;X3R1:4]-1!@-[#6:6]>>[#6:6]!@-[#7;X3R1+:4]-1=[#6;R1:5]-[#6;R1:1]-[#6;R1:2]-[#6;R1:3]-1
base	FORMATION_OF_IMMINIUM_ION_FROM_N_SUBSTITUTED_PIPERIDINE	BTMR1187	Formation of imminium ion from N-substituted piperidine	bt:FORMATION_OF_IMMINIUM_ION_FROM_N_SUBSTITUTED_PIPERIDINE	1	[H][#6;R1]-1-[#6;R1]-[#6;R1]-[#6;R1]-[#6;R1]-[#7;X3R1]-1!@-[#6;R0,R1]	0		[H:1][#6;R1:2]-1-[#6;R1:3]-[#6;R1:4]-[#6;R1:5]-[#6;R1:6]-[#7;X3R1:7]-1!@-[#6;R0,R1:8]>>[H][H:1].[#6;R0,R1:8]!@-[#7;X3R1+:7]-1=[#6;R1:2]-[#6;R1:3]-[#6;R1:4]-[#6;R1:5]-[#6;R1:6]-1
base	FORMATION_OF_PYRIDINIUM_FROM_4_SUBSTITUTED_PIPERIDINE	BTMR1186	Formation of pyridinium from 4-substituted piperidine	bt:FORMATION_OF_PYRIDINIUM_FROM_4_SUBSTITUTED_PIPERIDINE	1	[H][#6;R1]-1-[#6;R1]([H])-[#7;X3R1](-[#6;R0])-[#6;R1]([H])-[#6;R1]([H])-[#6;R1]-1-[OX2H1,F]	0		[H][C;R1]1([*,#1])[#7;X3R1](-[#6;R0])[C;R1]([H])([*,#1])[C;R1]([H])([*,#1])[C;R1]([OX2H1,F])([*,#1])[C;R1]1([H])[*,#1]>>[#6;R0:4]-[#7;X3R1+:3]-1=[#6;R1:5](-[*,#1:10])-[#6;R1:6](-[*,#1:11])=[#6;R1:7](-[*,#1:12])-[#6;R1:1](-[*,#1:8])=[#6;R1:2]-1-[*,#1:9]
base	GALACTOSYLCERAMIDE_3P_SULFATION	BTMR0508	3'-O-Sulfation of galactosylceramide	bt:GALACTOSYLCERAMIDE_3P_SULFATION	1	[H][#8]C([H])([#6]([H])-,=[#6](-[*,#1;#1,OX2H1])C([H])([H])C([H])([H])C([H])([H])C([H])([H])C([H])([H])C([H])([H])C([H])([H])C([H])([H])C([H])([H])[#1,#6;A])C([H])([#7]([H])-[#6]([#6,#1;A])=O)C([H])([H])[#8][#6;A@@H;H1X4]1[#8][#6;A@@H;H1X4]([#6;A@H;H1X4]([#8;A;H1X2])[#6;A;H1X4]([#8;A;H1X2])[#6;A;H1X4]1[#8;A;H1X2])C([H])([H])[#8;A;H1X2]	0		[H:61][#8;A;X2:57][#6;A;H1X4:56]1[#6;A;H1X4:54]([#8;A;H1X2:55])[#6;A@H;H1X4:7]([#8:8][C:9]([H:10])([H:11])[C:12]([H:13])([#7:14]([H:15])-[#6:16]([#6,#1;A:17])=[O:18])[C:19]([H:20])([#8:21][H:22])[#6:23]([H:24])-,=[#6:25](-[*,#1;#1,OX2H1:26])[C:27]([H:28])([H:29])[C:30]([H:31])([H:32])[C:33]([H:34])([H:35])[C:36]([H:37])([H:38])[C:39]([H:40])([H:41])[C:42]([H:43])([H:44])[C:45]([H:46])([H:47])[C:48]([H:49])([H:50])[C:51]([H:52])([H:53])[#1,#6;A:60])[#8:6][#6;A@@H;H1X4:5]([#6;A@@H;H1X4:58]1[#8;A;H1X2:59])[C:2]([H:3])([H:4])[#8;A;H1X2:1]>>[H:22][#8:21][C:19]([H:20])([#6:23]([H:24])-,=[#6:25](-[*,#1;#1,OX2H1:26])[C:27]([H:28])([H:29])[C:30]([H:31])([H:32])[C:33]([H:34])([H:35])[C:36]([H:37])([H:38])[C:39]([H:40])([H:41])[C:42]([H:43])([H:44])[C:45]([H:46])([H:47])[C:48]([H:49])([H:50])[C:51]([H:52])([H:53])[#1,#6;A:60])[C:12]([H:13])([#7:14]([H:15])-[#6:16]([#6,#1;A:17])=[O:18])[C:9]([H:10])([H:11])[#8:8][#6;A@@H;H1X4:7]1[#8:6][#6;A@@H;H1X4:5]([#6;A@H;H1X4:58]([#8;A;H1X2:59])[#6;A;H1X4:56]([#8;A;X2:57]S(=O)(=O)[#8][H:61])[#6;A;H1X4:54]1[#8;A;H1X2:55])[C:2]([H:3])([H:4])[#8;A;H1X2:1]
base	GALACTOSYLCERAMIDE_GALACTO_HYDROLISIS	BTMR0570	Hydrolysis of galactose from galactosylceramide	bt:GALACTOSYLCERAMIDE_GALACTO_HYDROLISIS	1	[H][#8]C([H])([#6]([H])-,=[#6](-[*,#1;#1,OX2H1])C([H])([H])C([H])([H])C([H])([H])C([H])([H])C([H])([H])C([H])([H])C([H])([H])C([H])([H])C([H])([H])[#1,#6;A])C([H])([#7]([H])-[#6]([#6,#1;A])=O)C([H])([H])[#8][#6;A@@H;H1X4]1[#8][#6;A@@H;H1X4]([#6;A@H;H1X4]([#8;A;H1X2])[#6;A@H;H1X4]([#8;A;H1X2])[#6;A;H1X4]1[#8;A;H1X2])C([H])([H])[#8;A;H1X2]	0		[H:22][#8:21][C:19]([H:20])([#6:23]([H:24])-,=[#6:25](-[*,#1;#1,OX2H1:26])[C:27]([H:28])([H:29])[C:30]([H:31])([H:32])[C:33]([H:34])([H:35])[C:36]([H:37])([H:38])[C:39]([H:40])([H:41])[C:42]([H:43])([H:44])[C:45]([H:46])([H:47])[C:48]([H:49])([H:50])[C:51]([H:52])([H:53])[#1,#6;A:60])[C:12]([H:13])([#7:14]([H:15])-[#6:16]([#6,#1;A:17])=[O:18])[C:9]([H:10])([H:11])[#8:8][#6;A@@H;H1X4:7]1[#8:6][#6;A@@H;H1X4:5]([#6;A@H;H1X4:58]([#8;A;H1X2:59])[#6;A@H;H1X4:56]([#8;A;H1X2:57])[#6;A;H1X4:54]1[#8;A;H1X2:55])[C:2]([H:3])([H:4])[#8;A;H1X2:1]>>[H][#8:8][#6;A@@H;H1X4:7]1[#8:6][#6;A@@H;H1X4:5]([#6;A@H;H1X4:58]([#8;A;H1X2:59])[#6;A@H;H1X4:56]([#8;A;H1X2:57])[#6;A;H1X4:54]1[#8;A;H1X2:55])[C:2]([H:3])([H:4])[#8;A;H1X2:1].[H][#8][C:9]([H:10])([H:11])[C:12]([H:13])([#7:14]([H:15])-[#6:16]([#6,#1;A:17])=[O:18])[C:19]([H:20])([#8:21][H:22])[#6:23]([H:24])-,=[#6:25](-[*,#1;#1,OX2H1:26])[C:27]([H:28])([H:29])[C:30]([H:31])([H:32])[C:33]([H:34])([H:35])[C:36]([H:37])([H:38])[C:39]([H:40])([H:41])[C:42]([H:43])([H:44])[C:45]([H:46])([H:47])[C:48]([H:49])([H:50])[C:51]([H:52])([H:53])[#1,#6;A:60]
base	GALACTOSYL_1_ALKYL_2_ACYL_SULFATION	BTMR0511	O-Sulfation of 1-O-alkyl-2-O-acyl-3-O-beta-D-galactosyl-sn-glycerol	bt:GALACTOSYL_1_ALKYL_2_ACYL_SULFATION	1	[H][#8][#6;A;H1X4]1[#6;A@H;H1X4]([#8]C([H])([H])C([H])([#8]-[#6]([#6,#1;A])=O)C([H])([H])[#8][#6;A;X4]([H])([H])[#6])[#8][#6;A@@H;H1X4]([#6;A@H;H1X4]([#8][H])[#6;A;H1X4]1[#8][H])C([H])([H])[#8][H]	0		[H:29][#8:28][#6;A;H1X4:27]1[#6;A@H;H1X4:8]([#8:9][C:10]([H:11])([H:12])[C:13]([H:14])([#8:15]-[#6:16]([#6,#1;A:17])=[O:18])[C:19]([H:20])([H:21])[#8:22][#6;A;X4:23]([H:24])([H:26])[#6:25])[#8:7][#6;A@@H;H1X4:6]([#6;A@H;H1X4:32]([#8:33][H:34])[#6;A;H1X4:30]1[#8:31][H:35])[C:3]([H:4])([H:5])[#8:2][H:1]>>[H:29][#8:28][#6;A;H1X4:27]1[#6;A@H;H1X4:8]([#8:9][C:10]([H:11])([H:12])[C:13]([H:14])([#8:15]-[#6:16]([#6,#1;A:17])=[O:18])[C:19]([H:20])([H:21])[#8:22][#6;A;X4:23]([H:24])([H:26])[#6:25])[#8:7][#6;A@@H;H1X4:6]([#6;A@H;H1X4:32]([#8:33][H:34])[#6;A;H1X4:30]1[#8:31]S(=O)(=O)[#8][H:35])[C:3]([H:4])([H:5])[#8:2][H:1]
base	GALLOYL_ESTER_HYDROLYSIS	BTMR0317	Hydrolysis of galloyl ester	bt:GALLOYL_ESTER_HYDROLYSIS	1	[#6]-[#8;X2]-[#6;R0](=O)-[#6;R1]=,:1[#6;R1]=,:[#6;R1](-[#8;R0])[#6;R1](-[#8;R0])=,:[#6;R1](-[#8;R0])[#6;R1]=,:1	0		[#6:13]-[#8;X2:1]-[#6;R0:2](=[O:3])-[#6;R1:4]=,:1[#6;R1:5]=,:[#6;R1:6](-[#8;R0:10])[#6;R1:7](-[#8;R0:11])=,:[#6;R1:8](-[#8;R0:12])[#6;R1:9]=,:1>>[H][#8;X2:1]-[#6:13].[H][#8]-[#6;R0:2](=[O:3])-[#6;R1:4]=,:1[#6;R1:5]=,:[#6;R1:6](-[#8;R0:10])[#6;R1:7](-[#8;R0:11])=,:[#6;R1:8](-[#8;R0:12])[#6;R1:9]=,:1
base	GANGLIOSIDE_GD3_ACETYLGALACTOSAMINE_TRANSFER	BTMR0457	Transfer of acetylgalactosamine to ganglioside GD3	bt:GANGLIOSIDE_GD3_ACETYLGALACTOSAMINE_TRANSFER	1	[H][#8]-[#6](=O)[C@]1([#8][C@]([H])(C([H])([H])[#8][H])[C@@]([H])([#8][H])[C@]2([H])[#8][C@@]([#8][C@]3([H])[C@@]([H])([#8][H])[C@]([H])([#8][C@@]4([H])[C@]([H])([#8][H])[C@@]([H])([#8][H])[C@]([H])([#8]C([H])([H])[C@]([H])([#7]([H])-[#6]([#6,#1;A])=O)[C@]([H])([#8][H])[#6](-[H])=[#6](/[H])C([H])([H])C([H])([H])C([H])([H])C([H])([H])C([H])([H])C([H])([H])C([H])([H])C([H])([H])C([H])([H])C([H])([H])C([H])([H])C([H])([H])C([H])([H])[H])[#8][C@]4([H])C([H])([H])[#8][H])[#8][C@]([H])(C([H])([H])[#8][H])[C@]3([H])[#8][H])([#6](=O)-[#8][H])C([H])([H])[C@]([H])([#8][H])[C@@]2([H])[#7]([H])-[#6](=O)C([H])([H])[H])[#8][C@@]([H])([C@]([H])([#8][H])[C@]([H])([#8][H])C([H])([H])[#8][H])[C@]([H])([#7]([H])-[#6](=O)C([H])([H])[H])[C@@]([H])([#8][H])C1([H])[H]	0		[H][#8:86]-[#6:84](=[O:85])[C@:67]1([#8:59][C@:58]([H])([C:61]([H])([H])[#8:66][H])[C@@:57]([H])([#8:60][H])[C@:51]2([H])[#8:48][C@@:47]([#8:1][C@:2]3([H])[C@@:3]([H])([#8:6][H])[C@:5]([H])([#8:9][C@@:12]4([H])[C@:14]([H])([#8:18][H])[C@@:17]([H])([#8:21][H])[C@:19]([H])([#8:22][C:23]([H])([H])[C:24]([H])([#7:26]([H])-[#6:29]([#6,#1;A:32])=[O:31])[C:25]([H])([#8:28][H])[#6:27](-[H])=[#6:30](/[H])[C:33]([H])([H])[C:34]([H])([H])[C:35]([H])([H])[C:36]([H])([H])[C:37]([H])([H])[C:38]([H])([H])[C:39]([H])([H])[C:40]([H])([H])[C:41]([H])([H])[C:42]([H])([H])[C:43]([H])([H])[C:44]([H])([H])[C:45]([H])([H])[H])[#8:15][C@:13]4([H])[C:16]([H])([H])[#8:20][H])[#8:10][C@:7]([H])([C:11]([H])([H])[#8:46][H])[C@:4]3([H])[#8:8][H])([#6:50](=[O:54])-[#8:53][H])[C:49]([H])([H])[C@:52]([H])([#8:56][H])[C@@:55]2([H])[#7:62]([H])-[#6:63](=[O:65])[C:64]([H])([H])[H])[#8:68][C@@:70]([H])([C@:74]([H])([#8:78][H])[C@:75]([H])([#8:79][H])[C:76]([H])([H])[#8:77][H])[C@:72]([H])([#7:80]([H])-[#6:81](=[O:83])[C:82]([H])([H])[H])[C@@:71]([H])([#8:73][H])[C:69]1([H])[H]>>[H][#8:86]-[#6:84](=[O:85])[C@:67]1([#8:59][C@:58]([H])([C:61]([H])([H])[#8:66][H])[C@@:57]([H])([#8:60][H])[C@:51]2([H])[#8:48][C@@:47]([#8:1][C@:2]3([H])[C@@:3]([H])([#8:6][H])[C@:5]([H])([#8:9][C@:12]4([H])[C@:13]([H])([#8:15][C@@:19]([H])([#8:22][C:23]([H])([H])[C:24]([H])([#7:26]([H])-[#6:29]([#6,#1;A:32])=[O:31])[C:25]([H])([#8:28][H])[#6:27](-[H])=[#6:30](/[H])[C:33]([H])([H])[C:34]([H])([H])[C:35]([H])([H])[C:36]([H])([H])[C:37]([H])([H])[C:38]([H])([H])[C:39]([H])([H])[C:40]([H])([H])[C:41]([H])([H])[C:42]([H])([H])[C:43]([H])([H])[C:44]([H])([H])[C:45]([H])([H])[H])[C@:17]([H])([#8:21][H])[C@@:14]4([H])[#8:18][H])[C:16]([H])([H])[#8:20][H])[#8:10][C@:7]([H])([C:11]([H])([H])[#8:46][H])[C@:4]3([H])[#8:8][C@]3([H])[#8][C@]([H])([#8])[C@]([H])([#8])[C@]([H])([#8])[C@@]3([H])[#7]-[#6](=O)C([H])([H])[H])([#6:50](=[O:54])-[#8:53][H])[C:49]([H])([H])[C@:52]([H])([#8:56][H])[C@@:55]2([H])[#7:62]([H])-[#6:63](=[O:65])[C:64]([H])([H])[H])[#8:68][C@@:70]([H])([C@:74]([H])([#8:78][H])[C@:75]([H])([#8:79][H])[C:76]([H])([H])[#8:77][H])[C@:72]([H])([#7:80]([H])-[#6:81](=[O:83])[C:82]([H])([H])[H])[C@@:71]([H])([#8:73][H])[C:69]1([H])[H]
base	GANGLIOSIDE_GM3_ACETYLGALACTOSAMINE_TRANSFER	BTMR0456	Transfer of acetylgalactosamine to ganglioside GM3	bt:GANGLIOSIDE_GM3_ACETYLGALACTOSAMINE_TRANSFER	1	[H][#8]-[#6](=O)[C@]1([#8][C@]2([H])[C@@]([H])([#8][H])[C@]([H])([#8][C@@]3([H])[C@]([H])([#8][H])[C@@]([H])([#8][H])[C@]([H])([#8]C([H])([H])C([H])([#7]([H])-[#6](-[#6,#1])=O)[C@]([H])([#8][H])[#6](-[H])=[#6](/[H])C([H])([H])C([H])([H])C([H])([H])C([H])([H])C([H])([H])C([H])([H])C([H])([H])C([H])([H])C([H])([H])C([H])([H])C([H])([H])C([H])([H])C([H])([H])[H])[#8][C@]3([H])C([H])([H])[#8][H])[#8][C@]([H])(C([H])([H])[#8][H])[C@]2([H])[#8][H])[#8][C@@]([H])([C@]([H])([#8][H])[C@]([H])([#8][H])C([H])([H])[#8][H])[C@]([H])([#7]([H])-[#6](=O)C([H])([H])[H])[C@@]([H])([#8][H])C1([H])[H]	0		[H:125][#8:53]-[#6:50](=[O:54])[C@:47]1([#8:1][C@:2]2([H:68])[C@@:3]([H:69])([#8:6][H:72])[C@:5]([H:71])([#8:9][C@@:12]3([H:76])[C@:15]([H:79])([#8:19][H:83])[C@@:18]([H:82])([#8:22][H:86])[C@:20]([H:84])([#8:23][C:24]([H:87])([H:88])[C:25]([H:89])([#7:27]([H:91])-[#6:30](-[#6,#1:33])=[O:32])[C@:26]([H:90])([#8:29][H:93])[#6:28](-[H:92])=[#6:31](/[H:94])[C:34]([H:95])([H:96])[C:35]([H:97])([H:98])[C:36]([H:99])([H:100])[C:37]([H:101])([H:102])[C:38]([H:103])([H:104])[C:39]([H:105])([H:106])[C:40]([H:107])([H:108])[C:41]([H:109])([H:110])[C:42]([H:111])([H:112])[C:43]([H:113])([H:114])[C:44]([H:115])([H:116])[C:45]([H:117])([H:118])[C:46]([H:119])([H:120])[H:121])[#8:16][C@:14]3([H:78])[C:17]([H:80])([H:81])[#8:21][H:85])[#8:10][C@:7]([H:73])([C:11]([H:74])([H:75])[#8:13][H:77])[C@:4]2([H:70])[#8:8][H])[#8:48][C@@:51]([H:61])([C@:57]([H:128])([#8:62][H:133])[C@:58]([H:129])([#8:63][H:134])[C:59]([H:130])([H:131])[#8:60][H:132])[C@:55]([H:126])([#7:64]([H:135])-[#6:65](=[O:67])[C:66]([H:136])([H:137])[H:138])[C@@:52]([H:124])([#8:56][H:127])[C:49]1([H:122])[H:123]>>[H:125][#8:53]-[#6:50](=[O:54])[C@:47]1([#8:1][C@:2]2([H:68])[C@@:3]([H:69])([#8:6][H:72])[C@:5]([H:71])([#8:9][C@@:12]3([H:76])[C@:15]([H:79])([#8:19][H:83])[C@@:18]([H:82])([#8:22][H:86])[C@:20]([H:84])([#8:23][C:24]([H:87])([H:88])[C:25]([H:89])([#7:27]([H:91])-[#6:30](-[#6,#1:33])=[O:32])[C@:26]([H:90])([#8:29][H:93])[#6:28](-[H:92])=[#6:31](/[H:94])[C:34]([H:95])([H:96])[C:35]([H:97])([H:98])[C:36]([H:99])([H:100])[C:37]([H:101])([H:102])[C:38]([H:103])([H:104])[C:39]([H:105])([H:106])[C:40]([H:107])([H:108])[C:41]([H:109])([H:110])[C:42]([H:111])([H:112])[C:43]([H:113])([H:114])[C:44]([H:115])([H:116])[C:45]([H:117])([H:118])[C:46]([H:119])([H:120])[H:121])[#8:16][C@:14]3([H:78])[C:17]([H:80])([H:81])[#8:21][H:85])[#8:10][C@:7]([H:73])([C:11]([H:74])([H:75])[#8:13][H:77])[C@:4]2([H:70])[#8:8]-[#6@@H]-2-[#8]-[#6@H](-[#6]-[#8])-[#6@H](-[#8])-[#6@H](-[#8])-[#6@H]-2-[#7]-[#6](-[#6])=O)[#8:48][C@@:51]([H:61])([C:57]([H:128])([#8:62][H:133])[C@:58]([H:129])([#8:63][H:134])[C:59]([H:130])([H:131])[#8:60][H:132])[C@:55]([H:126])([#7:64]([H:135])-[#6:65](=[O:67])[C:66]([H:136])([H:137])[H:138])[C@@:52]([H:124])([#8:56][H:127])[C:49]1([H:122])[H:123]
base	GLUCOSYLCERAMIDE_BETA_1_4_GALACTOSYL_TRANSFER	BTMR0472	Galactosylation of beta-D-glucosyl-(1<->1)-ceramide	bt:GLUCOSYLCERAMIDE_BETA_1_4_GALACTOSYL_TRANSFER	1	[H][#8]C([H])([H])[C@@]1([H])[#8][C@@]([H])([#8]C([H])([H])C([H])([#7]([H])-[#6]([#6,#1;A])=O)C([H])([#8][H])[#6](-[H])=[#6](/[H])C([H])([H])C([H])([H])C([H])([H])C([H])([H])C([H])([H])C([H])([H])C([H])([H])C([H])([H])C([H])([H])C([H])([H])C([H])([H])C([H])([H])C([H])([H])[H])[C@]([H])([#8][H])[C@@]([H])([#8][H])[C@]1([H])[#8][H]	0		[H:48][#8:14][C:10]([H:44])([H:45])[C@@:5]1([H:38])[#8:2][C@@:1]([H:36])([#8:3][C:6]([H:39])([H:40])[C:11]([H:46])([#7:16]([H:50])-[#6:19]([#6,#1;A:22])=[O:21])[C:15]([H:49])([#8:18][H:52])[#6:17](-[H:51])=[#6:20](/[H:53])[C:23]([H:54])([H:55])[C:24]([H:56])([H:57])[C:25]([H:58])([H:59])[C:26]([H:60])([H:61])[C:27]([H:62])([H:63])[C:28]([H:64])([H:65])[C:29]([H:66])([H:67])[C:30]([H:68])([H:69])[C:31]([H:70])([H:71])[C:32]([H:72])([H:73])[C:33]([H:74])([H:75])[C:34]([H:76])([H:77])[C:35]([H:78])([H:79])[H:80])[C@:4]([H:37])([#8:8][H:42])[C@@:7]([H:41])([#8:12][H:47])[C@:9]1([H:43])[#8:13][H]>>[H][#8]C([H])([H])[C@@]1([H])[#8][C@@]([H])([#8:13][C@@:9]2([H:43])[C@:7]([H:41])([#8:12][H:47])[C@@:4]([H:37])([#8:8][H:42])[C@:1]([H:36])([#8:3][C:6]([H:39])([H:40])[C:11]([H:46])([#7:16]([H:50])-[#6:19]([#6,#1;A:22])=[O:21])[C:15]([H:49])([#8:18][H:52])[#6:17](-[H:51])=[#6:20](/[H:53])[C:23]([H:54])([H:55])[C:24]([H:56])([H:57])[C:25]([H:58])([H:59])[C:26]([H:60])([H:61])[C:27]([H:62])([H:63])[C:28]([H:64])([H:65])[C:29]([H:66])([H:67])[C:30]([H:68])([H:69])[C:31]([H:70])([H:71])[C:32]([H:72])([H:73])[C:33]([H:74])([H:75])[C:34]([H:76])([H:77])[C:35]([H:78])([H:79])[H:80])[#8:2][C@:5]2([H:38])[C:10]([H:44])([H:45])[#8:14][H:48])[C@]([H])([#8][H])[C@@]([H])([#8][H])[C@@]1([H])[#8][H]
base	GLUCOSYLCERAMIDE_GLUCO_HYDROLYSIS	BTMR0569	Hydrolysis of glucose from glucosylceramide	bt:GLUCOSYLCERAMIDE_GLUCO_HYDROLYSIS	1	[#6;A;H3X4][#6;A;H2X4][#6;A;H2X4][#6;A;H2X4][#6;A;H2X4][#6;A;H2X4][#6;A;H2X4][#6;A;H2X4][#6;A;H2X4][#6;A;H2X4][#6;A;H2X4][#6;A;H2X4][#6;A;H2X4][#6]=[#6][#6@@H](-[#8])-[#6]([#6;A;H2X4][#8][#6;A@@H;H1X4]1[#8][#6;A@H;H1X4]([#6;A;H2X4][#8;A;X2H1,X1-])[#6;A@@H;H1X4]([#8;A;X2H1,X1-])[#6;A@H;H1X4]([#8;A;X2H1,X1-])[#6;A@H;H1X4]1[#8;A;X2H1,X1-])[#7;A;H1X3][#6;R0]([#6,#1;A;R0])=[O;R0]	0		[H:1][C;X4:36]1([#8:34][#6;A;H2X4:31][#6;A;H1X4:26]([#7;A;H1X3:21][#6;R0:18]([#6,#1;A;R0:15])=[O;R0:16])[#6;A;H1X4:22]([#8;A;H1X2:19])[#6;A;H1X3:20]=[#6;A;H1X3:17][#6;A;H2X4:14][#6;A;H2X4:13][#6;A;H2X4:12][#6;A;H2X4:11][#6;A;H2X4:10][#6;A;H2X4:9][#6;A;H2X4:8][#6;A;H2X4:7][#6;A;H2X4:6][#6;A;H2X4:5][#6;A;H2X4:4][#6;A;H2X4:3][#6;A;H3X4:2])[#8:35][#6;A;H1X4:32]([#6;A;H2X4:27][#8;A;X2H1,X1-:23])[#6;A;H1X4:28]([#8;A;X2H1,X1-:24])[#6;A;H1X4:30]([#8;A;X2H1,X1-:25])[#6;A;H1X4:33]1[#8;A;X2H1,X1-:29]>>[H:1][C;X4:36]1([H])[#8:35][#6;A;H1X4:32]([#6;A;H2X4:27][#8;A;X2H1,X1-:23])[#6;A;H1X4:28]([#8;A;X2H1,X1-:24])[#6;A;H1X4:30]([#8;A;X2H1,X1-:25])[#6;A;H1X4:33]1[#8;A;X2H1,X1-:29].[H][#8:34][#6;A;H2X4:31][#6;A;H1X4:26]([#7;A;H1X3:21][#6;R0:18]([#6,#1;A;R0:15])=[O;R0:16])[#6;A;H1X4:22]([#8;A;H1X2:19])[#6;A;H1X3:20]=[#6;A;H1X3:17][#6;A;H2X4:14][#6;A;H2X4:13][#6;A;H2X4:12][#6;A;H2X4:11][#6;A;H2X4:10][#6;A;H2X4:9][#6;A;H2X4:8][#6;A;H2X4:7][#6;A;H2X4:6][#6;A;H2X4:5][#6;A;H2X4:4][#6;A;H2X4:3][#6;A;H3X4:2]
base	GLUCURONIDATION_OF_AMINE_OXIDE	BTMR0184	O-Glucuronidation of N-oxide	bt:GLUCURONIDATION_OF_AMINE_OXIDE	1	[$([#6][N;X4+]([#6])([#6])[#8;X1-]),$([#6][#7;X3+](=,:[#6])-[#8;X1-])]	2	[H][#7]([#6;A;H2X4][#6](-[#8])=O)-[#6](=O)[#6;A;H1X4]([#6;A;H2X4][#16][#6,#8,#16;A])[#7]([H])-[#6](=O)[#6;A;H2X4][#6;A;H2X4][#6;A;H1X4]([#7])[#6](-[#8])=O | [#8]-,=[#6](-,=[#7]-[#6]-,=[#6]-,=[#16])-[#6]-[#6]-[#7]-,=[#6](-,=[#8])-[#6](-,=[#8])C([#6])([#6])[#6]-[#8]P([#8])(=O)[#8]P([#8])(=O)[#8]-[#6]-[#6]-1-[#8]-[#6](-[#7]~2~[#6]~[#7]~[#6]~3~[#6]~2~[#7]~[#6]~[#7]~[#6]~3-[#7])-[#6](-[#8])-[#6]-1-[#8]	[#7+:1]-[#8;X1-:2]>>[#7+:1]-[#8;X2:2]-[#6]-1-[#8]-[#6](-[#6](-[#8])-[#6](-[#8])-[#6]-1-[#8])-[#6](-[#8])=O
base	GLUCURONIDATION_OF_PRIMARY_AROMATIC_AMINE	BTMR0171	Glucuronidation of primary aromatic amine	bt:GLUCURONIDATION_OF_PRIMARY_AROMATIC_AMINE	1	[#6;a]-[N;X3;H2]	2	[H][#7]([#6;A;H2X4][#6](-[#8])=O)-[#6](=O)[#6;A;H1X4]([#6;A;H2X4][#16][#6,#8,#16;A])[#7]([H])-[#6](=O)[#6;A;H2X4][#6;A;H2X4][#6;A;H1X4]([#7])[#6](-[#8])=O | [#8]-,=[#6](-,=[#7]-[#6]-,=[#6]-,=[#16])-[#6]-[#6]-[#7]-,=[#6](-,=[#8])-[#6](-,=[#8])C([#6])([#6])[#6]-[#8]P([#8])(=O)[#8]P([#8])(=O)[#8]-[#6]-[#6]-1-[#8]-[#6](-[#7]~2~[#6]~[#7]~[#6]~3~[#6]~2~[#7]~[#6]~[#7]~[#6]~3-[#7])-[#6](-[#8])-[#6]-1-[#8]	[H:3][#7;X3:2]([H])-[#6;a:1]>>[H:3][#7;X3:2](-[#6;a:1])-[#6]-1-[#8]-[#6](-[#6](-[#8])-[#6](-[#8])-[#6]-1-[#8])-[#6](-[#8])=O
base	GLUTATHIONE_S_CONJUGATE_HYDROLYSIS_PATTERN_1	BTMR1319	Glutathione S-conjugate hydrolysis to cysteinglycine conjugate	bt:GLUTATHIONE_S_CONJUGATE_HYDROLYSIS_PATTERN_1	1	[#6]-[#16;X2R0][#6;A;H2X4][#6@H;R0]([#7;A;H1X3][#6](=O)[#6;A;H2X4][#6;A;H2X4][#6@H;R0]([#7;A;H2X3])-[#6;R0]([#8;A;X2H1,X1-])=O)-[#6](=O)[#7;A;H1X3][#6;A;H2X4][#6;R0]([#8;A;X2H1,X1-])=O	0		[H:14][#7;A;X3:8]([#6;A;H2X4:9][#6;R0:10]([#8;A;X2H1,X1-:11])=[O;X1:12])[#6:6](=[O;X1:7])-[#6@H;R0:2]([#6;A;H2X4:3][#16;X2R0:4]-[#6:5])[#7;A;X3:1]([H:13])[#6](=[O;X1])[#6;A;X4]([H])([H])[#6;A;H2X4][#6@H;R0]([#7;A;H2X3])-[#6;R0]([#8;A;X2H1,X1-])=[O;X1]>>[H:13][#7;A;X3:1]([H])[#6@@H;R0:2]([#6;A;H2X4:3][#16;X2R0:4]-[#6:5])-[#6:6](=[O;X1:7])[#7;A;X3:8]([H:14])[#6;A;H2X4:9][#6;R0:10]([#8;A;X2H1,X1-:11])=[O;X1:12]
base	GLYCERONE_PHOSPHATE_O_ACYLATION	BTMR0422	1-O-Acylation of glycerone-3-phosphate	bt:GLYCERONE_PHOSPHATE_O_ACYLATION	1	[#6;R0]-,=[#6;R0]-,=[#6;R0]-,=[#6;R0]-,=[#6;R0]-,=[#6;R0]-,=[#6;R0]-,=[#6;R0]-,=[#6;R0]-,=[#6;R0][#6;A;X4R0;H1,H2]([H])([H])[C;H2X4R0]([H])([H])[#6;R0]([#8;A;X2H1,X1-])=[O;R0]	1	[#6;R0]-,=[#6;R0]-,=[#6;R0]-,=[#6;R0]-,=[#6;R0]-,=[#6;R0]-,=[#6;R0]-,=[#6;R0]-,=[#6;R0]-,=[#6;R0]-,=[#6;R0]-,=[#6;R0]-,=[#6;R0]-,=[#6;R0]-,=[#6;R0]-,=[#6;R0]-,=[#6;R0]-,=[#6;R0]-,=[#6;R0][#6;A;X4R0;H1,H2]([H])([H])[C;H2X4R0]([H])([H])[#6;R0]([#8;A;X2H1,X1-])=[O;R0]	[#6;R0:1]-,=[#6;R0:2]-,=[#6;R0:3]-,=[#6;R0:4]-,=[#6;R0:5]-,=[#6;R0:6]-,=[#6;R0:7]-,=[#6;R0:8]-,=[#6;R0:9]-,=[#6;R0:10][#6;A;X4R0;H1,H2:11]([H:12])([H:13])[C;H2X4R0:14]([H:15])([H:16])[#6;R0:17](=[O;R0:18])[#8;A:19][H]>>[#6;R0:1]-,=[#6;R0:2]-,=[#6;R0:3]-,=[#6;R0:4]-,=[#6;R0:5]-,=[#6;R0:6]-,=[#6;R0:7]-,=[#6;R0:8]-,=[#6;R0:9]-,=[#6;R0:10][#6;A;X4R0;H1,H2:11]([H:12])([H:13])[C;H2X4R0:14]([H:15])([H:16])[#6;R0:17](=[O;R0:18])[#8;A:19]C([H])([H])[#6](=O)C([H])([H])[#8]P([#8-])([#8-])=O
base	GLYCEROPHOSPHODIESTER_HYDROLYSIS	BTMR0579	Acylhydrolysis of glycerophosphodiester	bt:GLYCEROPHOSPHODIESTER_HYDROLYSIS	1	[H][#8]C([H])([H])[C@@]([H])([#8][H])C([H])([H])[#8]P(=O)([#8][H])[#8]-[#6]	0		[H:12][#8:1][C:2]([H:13])([H:14])[C@@:3]([H:15])([#8:6][H:18])[C:4]([H:16])([H:17])[#8:5][P:7](=[O:9])([#8:10][H:19])[#8:8]-[#6:11]>>[H][#8]-[#6:11].[H:12][#8:1][C:2]([H:13])([H:14])[C@@:3]([H:15])([#8:6][H:18])[C:4]([H:16])([H:17])[#8:5][P:7](=[O:9])([#8:10][H:19])[#8:8][H]
base	GLYCINATED_C23_BILE_ACID_DECONJUGATION_PATTERN2	BTMR0321	Deconjugation of glycinated C23 bile acid	bt:GLYCINATED_C23_BILE_ACID_DECONJUGATION	1	[#6;A;H3X4][#6;A;H1X4]([#6;A;H2X4][#6](=O)[#7;A;H1X3][#6;A;H2X4][#6]([#8;A;X1-,X2H1])=O)[#6]1-[#6]-,=[#6]-[#6]2-[#6]-,=3-[#6;CX4H2,$([CX4H1]-[OX2H1])]-[#6]-,=[#6]4-,=[#6]-,=[#6]([#8;A;X2H1,X1-])-[#6]-[#6]C4([#6;A;H3X4])[#6]-,=3-[#6]-[#6;CX4H2,$([CX4H1]-[OX2H1])]C12[#6;A;H3X4]	0		[H:31][#8;A:30][#6:8](=[O:29])[#6;A;H2X4:7][#7;A;X3:6]([H:32])[#6:4](=[O:5])[#6;A;H2X4:3][#6;A;H1X4:2]([#6;A;H3X4:1])[#6:9]1-[#6:10]-,=[#6:11]-[#6:12]2-[#6:13]-,=3-[#6;CX4H2,$([CX4H1]-[OX2H1]):14]-[#6:15]-,=[#6:16]4-,=[#6:17]-,=[#6:18]([#8;A;X2H1,X1-:19])-[#6:20]-[#6:21][C:22]4([#6;A;H3X4:23])[#6:24]-,=3-[#6:25]-[#6;CX4H2,$([CX4H1]-[OX2H1]):26][C:27]12[#6;A;H3X4:28]>>[H:31][#8;A:30][#6:8](=[O:29])[#6;A;H2X4:7][#7;A;X3:6]([H:32])[H].[H][#8]-[#6:4](=[O:5])[#6;A;H2X4:3][#6;A;H1X4:2]([#6;A;H3X4:1])[#6:9]1-[#6:10]-,=[#6:11]-[#6:12]2-[#6:13]-,=3-[#6;CX4H2,$([CX4H1]-[OX2H1]):14]-[#6:15]-,=[#6:16]4-,=[#6:17]-,=[#6:18]([#8;A;X2H1,X1-:19])-[#6:20]-[#6:21][C:22]4([#6;A;H3X4:23])[#6:24]-,=3-[#6:25]-[#6;CX4H2,$([CX4H1]-[OX2H1]):26][C:27]12[#6;A;H3X4:28]
base	GLYCINATED_C24_BILE_ACID_DECONJUGATION_PATTERN1	BTMR0320	Deconjugation of glycinated C24 bile acid	bt:GLYCINATED_C24_BILE_ACID_DECONJUGATION	1	[#6;A;H3X4][#6;A;H1X4]([#6;A;H2X4][#6;A;H2X4][#6](=O)[#7;A;H1X3][#6;A;H2X4][#6]([#8;A;X1-,X2H1])=O)[#6]1-[#6]-,=[#6]-[#6]2-[#6]-,=3-[#6;CX4H2,$([CX4H1]-[OX2H1])]-[#6]-,=[#6]4-,=[#6]-,=[#6]([#8;A;X2H1,X1-])-[#6]-[#6]C4([#6;A;H3X4])[#6]-,=3-[#6]-[#6;CX4H2,$([CX4H1]-[OX2H1])]C12[#6;A;H3X4]	0		[H:32][#8;A:9][#6:8](=[O:10])[#6;A;H2X4:7][#7;A;X3:6]([H:33])[#6:4](=[O:5])[#6;A;H2X4:31][#6;A;H2X4:3][#6;A;H1X4:2]([#6;A;H3X4:1])[#6:11]1-[#6:12]-,=[#6:13]-[#6:14]2-[#6:15]-,=3-[#6;CX4H2,$([CX4H1]-[OX2H1]):16]-[#6:17]-,=[#6:18]4-,=[#6:19]-,=[#6:20]([#8;A;X2H1,X1-:21])-[#6:22]-[#6:23][C:24]4([#6;A;H3X4:25])[#6:26]-,=3-[#6:27]-[#6;CX4H2,$([CX4H1]-[OX2H1]):28][C:29]12[#6;A;H3X4:30]>>[H:32][#8;A:9][#6:8](=[O:10])[#6;A;H2X4:7][#7;A;X3:6]([H:33])[H].[H][#8]-[#6:4](=[O:5])[#6;A;H2X4:31][#6;A;H2X4:3][#6;A;H1X4:2]([#6;A;H3X4:1])[#6:11]1-[#6:12]-,=[#6:13]-[#6:14]2-[#6:15]-,=3-[#6;CX4H2,$([CX4H1]-[OX2H1]):16]-[#6:17]-,=[#6:18]4-,=[#6:19]-,=[#6:20]([#8;A;X2H1,X1-:21])-[#6:22]-[#6:23][C:24]4([#6;A;H3X4:25])[#6:26]-,=3-[#6:27]-[#6;CX4H2,$([CX4H1]-[OX2H1]):28][C:29]12[#6;A;H3X4:30]
base	GLYCINATION_OF_ALIPHATIC_ACID	BTMR0205	Glycination of aliphatic acid	bt:GLYCINATION_OF_ALIPHATIC_ACID	1	[H][#8;X2]-[#6;X3](-[#6;$([#7;A;R0]-,=[#6;A;R0]-,=[#6;A;R0]-,=[#6;A;R0]),$([#7]-[#6;A;X3]=[#6;A]-[#6]=,:1[#6]=,:[#6][#6]=,:[#6][#6]=,:1)])=[O;X1]	4	[H][#8;A][#6;X3]([#6;A;$(C1OC(O)C(O)C(O)C1O)])=[O;X1] | [H][#8;A][#6;X3](=[O;X1])[C;R0]([H])([H])[#6;R1]=,:1[#6;R1]([H])=,:[#6;R1]([H])[#6;R1]([H])=,:[#6;R1]([H])[#6;R1]=,:1[H] | [#8]-[#6](=O)-[#6]-[#6;R1]-1=[#6;R1]-[#7;R1]-[#6;R2]-2=[#6;R1]-[#6;R1]=[#6;R1]-[#6;R1]=[#6;R2]-1-2 | [H][#7]([#6;A;H2X4][#6](-[#8])=O)-[#6](=O)[#6;A;H1X4]([#6;A;H2X4][#16][#6,#8,#16;A])[#7]([H])-[#6](=O)[#6;A;H2X4][#6;A;H2X4][#6;A;H1X4]([#7])[#6](-[#8])=O	[H][#8;X2]-[#6;X3:1](-[#6;$([#7;A;R0]-,=[#6;A;R0]-,=[#6;A;R0]-,=[#6;A;R0]),$([#7]-[#6;A;X3]=[#6;A]-[#6]=,:1[#6]=,:[#6][#6]=,:[#6][#6]=,:1):2])=[O;X1:3]>>[H][#8]-[#6](=O)-[#6]-[#7]([H])-[#6;X3:1](-[#6;$([#7;A;R0]-,=[#6;A;R0]-,=[#6;A;R0]-,=[#6;A;R0]),$([#7]-[#6;A;X3]=[#6;A]-[#6]=,:1[#6]=,:[#6][#6]=,:[#6][#6]=,:1):2])=[O;X1:3]
base	GLYCINATION_OF_ARYL_ACID	BTMR0206	Glycination of aromatic acid	bt:GLYCINATION_OF_ARYL_ACID	1	[#8;A;X2H1,X1-][#6;X3](=O)-[#6;R1]=,:1[#6;R1]=,:[#6;R1][#6;R1]=,:[#6;R1][#6;R1]=,:1	3	[H][#8;A][#6;X3](=[O;X1])[C;R0]([H])([H])[#6;R1]=,:1[#6;R1]([H])=,:[#6;R1]([H])[#6;R1]([H])=,:[#6;R1]([H])[#6;R1]=,:1[H] | [#8]-[#6](=O)-[#6]-[#6;R1]-1=[#6;R1]-[#7;R1]-[#6;R2]-2=[#6;R1]-[#6;R1]=[#6;R1]-[#6;R1]=[#6;R2]-1-2 | [H][#7]([#6;A;H2X4][#6](-[#8])=O)-[#6](=O)[#6;A;H1X4]([#6;A;H2X4][#16][#6,#8,#16;A])[#7]([H])-[#6](=O)[#6;A;H2X4][#6;A;H2X4][#6;A;H1X4]([#7])[#6](-[#8])=O	[H:10][#8;A:3][#6;X3:2](=[O:4])-[#6;R1:1]=,:1[#6;R1:5]=,:[#6;R1:6][#6;R1:7]=,:[#6;R1:8][#6;R1:9]=,:1>>[H:10][#8;A:3][#6](=O)-[#6]-[#7]-[#6;X3:2](=[O:4])-[#6;R1:1]=,:1[#6;R1:5]=,:[#6;R1:6][#6;R1:7]=,:[#6;R1:8][#6;R1:9]=,:1
base	GLYCOSIDE_HYDROLYSIS	BTMR0643	Glycoside hydrolysis	bt:GLYCOSIDE_HYDROLYSIS	1	[#6][!#1!#6;$([#8;X2;R0]),$([#16;X2;R0])][#6;A;H1X4R1]1[#8][#6;A;H1X4R1]([#1,$([#6;CX4H3,$(C(=O)[OX2H1,OX1-]),$([CX4H2]-[OX2H1])])])[#6;A;H1X4R1]([#8;OX2H1,$([OX2]-[#6])])[#6;A;H1X4R1]([#8;OX2H1,$([OX2]-[#6])])[#6;A;H1X4R1]1!@-[#8;OX2H1,$([OX2]-[#6])]	0		[#6:1][!#1!#6;$([#8;X2;R0]),$([#16;X2;R0]):2][#6;A;H1X4R1:3]1[#8:4][#6;A;H1X4R1:5]([#1,$([#6;CX4H3,$(C(=O)[OX2H1,OX1-]),$([CX4H2]-[OX2H1])]):6])[#6;A;H1X4R1:7]([#8;OX2H1,$([OX2]-[#6]):8])[#6;A;H1X4R1:9]([#8;OX2H1,$([OX2]-[#6]):10])[#6;A;H1X4R1:11]1!@-[#8;OX2H1,$([OX2]-[#6]):12]>>[H][!#1!#6:2][#6:1].[H][#8][#6;A;X4R1:3]1[#8:4][#6;A;H1X4R1:5]([#1,$([#6;CX4H3,$(C(=O)[OX2H1,OX1-]),$([CX4H2]-[OX2H1])]):6])[#6;A;H1X4R1:7]([#8;OX2H1,$([OX2]-[#6]):8])[#6;A;H1X4R1:9]([#8;OX2H1,$([OX2]-[#6]):10])[#6;A;H1X4R1:11]1!@-[#8;OX2H1,$([OX2]-[#6]):12]
base	GLYCOSYLCERAMIDE_GLYCOSYL_HYDROLYSIS	BTMR0571	N-Deglycosylation of glycosyl-N-acylsphingosine	bt:GLYCOSYLCERAMIDE_GLYCOSYL_HYDROLYSIS	1	[#6;A;H3X4][#6;A;H2X4][#6;A;H2X4][#6;A;H2X4][#6;A;H2X4][#6;A;H2X4][#6;A;H2X4][#6;A;H2X4][#6;A;H2X4][#6;A;H2X4][#6;A;H2X4][#6;A;H2X4][#6;A;H2X4][#6;A;H2X4][#6;A;H2X4][#6;A;H2X4][#6;A;H2X4][#6;A;H1X3]=[#6;A;H1X3][#6;A;H1X3]([#8;A;H1X2])[#6;A;H1X3]([#6;A;H2X3][#8][#6;A;H1X4]1[#8][#6;A;H1X4]([#6;A;H2X4][#8;A;H1X2])[#6;A;H1X4]([#8;A;H1X2])[#6;A;H1X4]([#8;A;H1X2])[#6;A;H1X4]1[#8;A;H1X2])[#7;A;H1X3][#6]([#6,#1;A])=[O;X1]	0		[#6;A;H3X4:1][#6;A;H2X4:2][#6;A;H2X4:3][#6;A;H2X4:4][#6;A;H2X4:5][#6;A;H2X4:6][#6;A;H2X4:7][#6;A;H2X4:8][#6;A;H2X4:9][#6;A;H2X4:10][#6;A;H2X4:11][#6;A;H2X4:12][#6;A;H2X4:13][#6;A;H2X4:14][#6;A;H2X4:15][#6;A;H2X4:16][#6;A;H2X4:17][#6;A;H1X3:18]=[#6;A;H1X3:19][#6;A;H1X3:20]([#8;A;H1X2:21])[#6;A;H1X3:22]([#6;A;H2X3:23][#8:24][#6;A;H1X4:25]1[#8:26][#6;A;H1X4:27]([#6;A;H2X4:28][#8;A;H1X2:29])[#6;A;H1X4:30]([#8;A;H1X2:31])[#6;A;H1X4:32]([#8;A;H1X2:33])[#6;A;H1X4:34]1[#8;A;H1X2:35])[#7;A;H1X3:36][#6:37]([#6,#1;A:39])=[O;X1:38]>>[#8;A;H1X2:29][#6;A;H2X4:28][#6;A;H1X4:27]1[#8:26][#6;A;X4:25]([#8])[#6;A;H1X4:34]([#8;A;H1X2:35])[#6;A;H1X4:32]([#8;A;H1X2:33])[#6;A;H1X4:30]1[#8;A;H1X2:31].[#6;A;H3X4:1][#6;A;H2X4:2][#6;A;H2X4:3][#6;A;H2X4:4][#6;A;H2X4:5][#6;A;H2X4:6][#6;A;H2X4:7][#6;A;H2X4:8][#6;A;H2X4:9][#6;A;H2X4:10][#6;A;H2X4:11][#6;A;H2X4:12][#6;A;H2X4:13][#6;A;H2X4:14][#6;A;H2X4:15][#6;A;H2X4:16][#6;A;H2X4:17][#6;A;H1X3:18]=[#6;A;H1X3:19][#6;A;H1X3:20]([#8;A;H1X2:21])[#6;A;H1X3:22]([#6;A;H2X3:23][#8:24])[#7;A;H1X3:36][#6:37]([#6,#1;A:39])=[O;X1:38]
base	GLYCOSYLPHOSPHATIDYLINOSITOL_HYDROLYSIS_TO_PHOSPHATIDATE	BTMR0554	Hydrolysis of glycosylphosphatidylinositol to phosphatidate	bt:GLYCOSYLPHOSPHATIDYLINOSITOL_HYDROLYSIS_TO_PHOSPHATIDATE	1	[#7;A;H2X3][#6@@H;X4]-1-[#6@@H;X4]([#8;A;H1X2])-[#6@H;X4]([#8;A;H1X2])-[#6@@H;X4](-[#6][#8;A;H1X2])-[#8]-[#6@@H;X4]-1-[#8]-[#6@@H;X4]-1-[#6@@H;X4]([#8;A;H1X2])-[#6@H;X4]([#8;A;H1X2])-[#6@@H;X4]([#8;A;H1X2])-[#6@@H;X4]([#8;A;H1X2])-[#6@H;X4]-1-[#8]P([#8;A;X2H1,X1-])(=O)[#8]-[#6;H2X4]-[#6;H1X4](-[#6;H2X4]-[#8]-[#6]([#6,#1;A])=O)-[#8]-[#6]([#6,#1;A])=O	0		[#7;A;H2X3:32][#6@@H;X4:29]-1-[#6@@H;X4:31]([#8;A;H1X2:35])-[#6@H;X4:34]([#8;A;H1X2:37])-[#6@@H;X4:33](-[#6:36][#8;A;H1X2:38])-[#8:30]-[#6@@H;X4:28]-1-[#8:11]-[#6@@H;X4:7]-1-[#6@@H;X4:10]([#8;A;H1X2:17])-[#6@H;X4:16]([#8;A;H1X2:21])-[#6@@H;X4:12]([#8;A;H1X2:18])-[#6@@H;X4:8]([#8;A;H1X2:13])-[#6@H;X4:5]-1-[#8:2][P:1]([#8;A;X2H1,X1-:27])(=[O:4])[#8:3]-[#6;H2X4:6]-[#6;H1X4:9](-[#6;H2X4:14]-[#8:19]-[#6:22]([#6,#1;A:26])=[O:25])-[#8:15]-[#6:20]([#6,#1;A:24])=[O:23]>>[#8;A;X2H1,X1-:27][P:1]([#8])(=[O:4])[#8:3]-[#6;H2X4:6]-[#6;H1X4:9](-[#6;H2X4:14]-[#8:19]-[#6:22]([#6,#1;A:26])=[O:25])-[#8:15]-[#6:20]([#6,#1;A:24])=[O:23].[#7;A;H2X3:32][#6@@H;X4:29]-1-[#6@@H;X4:31]([#8;A;H1X2:35])-[#6@H;X4:34]([#8;A;H1X2:37])-[#6@@H;X4:33](-[#6:36][#8;A;H1X2:38])-[#8:30]-[#6@@H;X4:28]-1-[#8:11]-[#6@@H;X4:7]-1-[#6@@H;X4:10]([#8;A;H1X2:17])-[#6@H;X4:16]([#8;A;H1X2:21])-[#6@@H;X4:12]([#8;A;H1X2:18])-[#6@@H;X4:8]([#8;A;H1X2:13])-[#6@H;X4:5]-1-[#8:2]
base	GM2_GANGLIOSIDE_GALACTOSYL_TRANSFER	BTMR0452	Transfer of galactose to ganglioside GM2	bt:GM2_GANGLIOSIDE_GALACTOSYL_TRANSFER	1	[H][#8]-[#6](=O)[C@]1([#8][C@]2([H])[C@@]([H])([#8][H])[C@]([H])([#8][C@@]3([H])[C@]([H])([#8][H])[C@@]([H])([#8][H])[C@]([H])([#8]C([H])([H])C([H])([#7]([H])-[#6](-[#6,#1])=O)C([H])([#8][H])[#6](-[H])=[#6](/[H])C([H])([H])C([H])([H])C([H])([H])C([H])([H])C([H])([H])C([H])([H])C([H])([H])C([H])([H])C([H])([H])C([H])([H])C([H])([H])C([H])([H])C([H])([H])[H])[#8][C@]3([H])C([H])([H])[#8][H])[#8][C@]([H])(C([H])([H])[#8][H])[C@]2([H])[#8][C@]2([H])[#8][C@]([H])(C([H])([H])[#8][H])[C@]([H])([#8][H])[C@]([H])([#8][H])[C@@]2([H])[#7]([H])-[#6](=O)C([H])([H])[H])[#8][C@@]([H])([C@]([H])([#8][H])[C@]([H])([#8][H])C([H])([H])[#8][H])[C@]([H])([#7]([H])-[#6](=O)C([H])([H])[H])[C@@]([H])([#8][H])C1([H])[H]	0		[H:162][#8:76]-[#6:5](=[O:77])[C@:1]1([#8:2][C@:6]2([H:84])[C@@:10]([H:87])([#8:17][H:93])[C@:16]([H:92])([#8:24][C@@:30]3([H:104])[C@:38]([H:113])([#8:46][H:120])[C@@:45]([H:119])([#8:51][H:126])[C@:50]([H:125])([#8:52][C:53]([H:127])([H:128])[C:54]([H:129])([#7:56]([H:131])-[#6:59](-[#6,#1:62])=[O:61])[C:55]([H:130])([#8:58][H:133])[#6:57](-[H:132])=[#6:60](/[H:134])[C:63]([H:135])([H:136])[C:64]([H:137])([H:138])[C:65]([H:139])([H:140])[C:66]([H:141])([H:142])[C:67]([H:143])([H:144])[C:68]([H:145])([H:146])[C:69]([H:147])([H:148])[C:70]([H:149])([H:150])[C:71]([H:151])([H:152])[C:72]([H:153])([H:154])[C:73]([H:155])([H:156])[C:74]([H:157])([H:158])[C:75]([H:159])([H:160])[H:161])[#8:43][C@:37]3([H:112])[C:44]([H:117])([H:118])[#8:79][H:163])[#8:21][C@:14]([H:91])([C:22]([H:97])([H:98])[#8:80][H:164])[C@:9]2([H:86])[#8:15][C@:23]2([H:99])[#8:29][C@:36]([H:111])([C:42]([H:115])([H:116])[#8:81][H:165])[C@:39]([H:114])([#8:47][H:121])[C@:34]([H:109])([#8:40][H])[C@@:28]2([H:103])[#7:35]([H:110])-[#6:41](=[O:49])[C:48]([H:122])([H:123])[H:124])[#8:3][C@@:7]([H:78])([C@:12]([H:89])([#8:20][H:96])[C@:19]([H:95])([#8:26][H:100])[C:27]([H:101])([H:102])[#8:33][H:108])[C@:11]([H:88])([#7:18]([H:94])-[#6:25](=[O:31])[C:32]([H:105])([H:106])[H:107])[C@@:8]([H:85])([#8:13][H:90])[C:4]1([H:82])[H:83]>>[H:162][#8:76]-[#6:5](=[O:77])[C@:1]1([#8:2][C@:6]2([H:84])[C@@:10]([H:87])([#8:17][H:93])[C@:16]([H:92])([#8:24][C@@:30]3([H:104])[C@:38]([H:113])([#8:46][H:120])[C@@:45]([H:119])([#8:51][H:126])[C@:50]([H:125])([#8:52][C:53]([H:127])([H:128])[C:54]([H:129])([#7:56]([H:131])-[#6:59](-[#6,#1:62])=[O:61])[C:55]([H:130])([#8:58][H:133])[#6:57](-[H:132])=[#6:60](/[H:134])[C:63]([H:135])([H:136])[C:64]([H:137])([H:138])[C:65]([H:139])([H:140])[C:66]([H:141])([H:142])[C:67]([H:143])([H:144])[C:68]([H:145])([H:146])[C:69]([H:147])([H:148])[C:70]([H:149])([H:150])[C:71]([H:151])([H:152])[C:72]([H:153])([H:154])[C:73]([H:155])([H:156])[C:74]([H:157])([H:158])[C:75]([H:159])([H:160])[H:161])[#8:43][C@:37]3([H:112])[C:44]([H:117])([H:118])[#8:79][H:163])[#8:21][C@:14]([H:91])([C:22]([H:97])([H:98])[#8:80][H:164])[C@:9]2([H:86])[#8:15][C@:23]2([H:99])[#8:29][C@:36]([H:111])([C:42]([H:115])([H:116])[#8:81][H:165])[C@:39]([H:114])([#8:47][H:121])[C@:34]([H:109])([#8:40][C@]3([H])[#8][C@]([H])(C([H])([H])[#8][H])[C@]([H])([#8][H])[C@]([H])([#8][H])[C@@]3([H])[#8][H])[C@@:28]2([H:103])[#7:35]([H:110])-[#6:41](=[O:49])[C:48]([H:122])([H:123])[H:124])[#8:3][C@@:7]([H:78])([C@:12]([H:89])([#8:20][H:96])[C@:19]([H:95])([#8:26][H:100])[C:27]([H:101])([H:102])[#8:33][H:108])[C@:11]([H:88])([#7:18]([H:94])-[#6:25](=[O:31])[C:32]([H:105])([H:106])[H:107])[C@@:8]([H:85])([#8:13][H:90])[C:4]1([H:82])[H:83]
base	GSH_CONJUGATION_OF_4_HYDROXYAZAPHOSPHORINE	BTMR1234	GSH-conjugation of 4-hydroxyazaphosphorine	bt:GSH_CONJUGATION_OF_4_HYDROXYAZAPHOSPHORINE	1	[#7;X3R0;NX3H1+0,NX3H2+0,$([NX3+0;!$([N]~[!#6]);!$([N]*~[#7,#8,#15,#16])])][P;X4]1(=[O;X1])[#7;NX3H1,$([NX3]-[#6])][#6;A;H1X4R1]([#8;A;X2H1,X1-])[#6;R1]-[#6;R1]-[#8]1	0		[H:10][#8;A:6][#6;A;X4R1:5]1([H:11])[#6;R1:7]-[#6;R1:8]-[#8:9][P;X4:2]([#7;X3R0;NX3H1+0,NX3H2+0,$([NX3+0;!$([N]~[!#6]);!$([N]*~[#7,#8,#15,#16])]):1])(=[O;X1:3])[#7;NX3H1,$([NX3]-[#6]):4]1>>[H:10][#8;A:6][H].[H:11][#6;A;X4R1:5]1([#6;R1:7]-[#6;R1:8]-[#8:9][P;X4:2]([#7;X3R0;NX3H1+0,NX3H2+0,$([NX3+0;!$([N]~[!#6]);!$([N]*~[#7,#8,#15,#16])]):1])(=[O;X1:3])[#7;NX3H1,$([NX3]-[#6]):4]1)[#16]-[#6]-[#6@H](-[#7]-[#6](=O)-[#6]-[#6]-[#6@H](-[#7])-[#6](-[#8])=O)-[#6](=O)-[#7]-[#6]-[#6](-[#8])=O
base	GSH_CONJUGATION_OF_ACYL_CHLORIDE	BTMR0226	GSH-conjugation of acyl chloride	bt:GSH_CONJUGATION_OF_ACYL_CHLORIDE	1	[#6]-[#6;X3](Cl)=[O;X1]	2	[H][#7]([#6;A;H2X4][#6](-[#8])=O)-[#6](=O)[#6;A;H1X4]([#6;A;H2X4][#16][#6,#8,#16;A])[#7]([H])-[#6](=O)[#6;A;H2X4][#6;A;H2X4][#6;A;H1X4]([#7])[#6](-[#8])=O | [#6;R0]-[#6;R0](=O)-[#16]-[#6]-[#6]-[#7]-[#6](=O)-[#6]-[#6]-[#7]-[#6](=O)-[#6](-[#8])C([#6])([#6])[#6]-[#8]P([#8])(=O)[#8]P([#8])(=O)[#8]-[#6]-[#6]-1-[#8]-[#6](-[#6](-[#8])-[#6]-1-[#8]P([#8])([#8])=O)-[#7]-1-[#6]=[#7]-[#6]-2=[#6]-1-[#7]=[#6]-[#7]=[#6]-2-[#7]	[#6:1]-[#6;X3:2](Cl)=[O;X1:3]>>[#6:1]-[#6;X3:2](=[O;X1:3])-[#16;X2]-[#6]-[#6@H](-[#7]-[#6](=O)-[#6]-[#6]-[#6@H](-[#7])-[#6](-[#8])=O)-[#6](=O)-[#7]-[#6]-[#6](-[#8])=O
base	GSH_CONJUGATION_OF_ALKYLARYL_PHOSPHATE_OR_PHOSPHOROTHIOATE	BTMR1208	GST-catalyzed conjugation of alkylaryl phosphate or phosphorothioate	bt:GSH_CONJUGATION_OF_ALKYLARYL_PHOSPHATE_OR_PHOSPHOROTHIOATE	1	[#1,#6]-[#8;X2]!@-P(=[#8,#16])(!@-[#8]-[CX4H3,$([CX4H2]-[CX4H3])])!@-[#8]-[#6;R1]1=,:[#6,#7;R1][#6;R1](-[F,Cl,Br,I,#1])=,:[$([#7]),$([#6]-[H,F,Cl,Br,I])][#6;R1]=,:[#6;R1]1-[F,Cl,Br,I,#1]	0		[#1,#6:15]-[#8;X2:13]!@-[P:10](=[#8,#16:11])(!@-[#8:12]-[CX4H3,$([CX4H2]-[CX4H3]):14])!@-[#8:9]-[#6;R1:5]1=,:[#6,#7;R1:4][#6;R1:3](-[F,Cl,Br,I,#1:7])=,:[$([#7]),$([#6]-[H,F,Cl,Br,I]):2][#6;R1:1]=,:[#6;R1:6]1-[F,Cl,Br,I,#1:8]>>[H][#8:12]!@-[P:10](=[#8,#16:11])(!@-[#8;X2:13]-[#1,#6:15])!@-[#8:9]-[#6;R1:5]1=,:[#6,#7;R1:4][#6;R1:3](-[F,Cl,Br,I,#1:7])=,:[$([#7]),$([#6]-[H,F,Cl,Br,I]):2][#6;R1:1]=,:[#6;R1:6]1-[F,Cl,Br,I,#1:8].[#7]-[#6@@H](-[#6]-[#6]-[#6](=O)-[#7]-[#6@@H](-[#6]-[#16;X2]-[CX4H3,$([CX4H2]-[CX4H3]):14])-[#6](=O)-[#7]-[#6]-[#6](-[#8])=O)-[#6](-[#8])=O
base	GSH_CONJUGATION_OF_ALPHA_BETA_UNSATURATED_CARBONYL_PATTERN1	BTMR0228	GSH-conjugation of alpha,beta-unsaturated carbonyl	bt:GSH_CONJUGATION_OF_ALPHA_BETA_UNSATURATED_CARBONYL	1	[H][#6;X3R1]-1=[#6;X3R1]-[#6;R1](=[!#1!#6;R0;OX1,NX2])-[#6;X3]=[#6;X3]-[#6;R1]-1=[O;X1]	2	[H][#7]([#6;A;H2X4][#6](-[#8])=O)-[#6](=O)[#6;A;H1X4]([#6;A;H2X4][#16][#6,#8,#16;A])[#7]([H])-[#6](=O)[#6;A;H2X4][#6;A;H2X4][#6;A;H1X4]([#7])[#6](-[#8])=O | [#6;R0]-[#6;R0](=O)-[#16]-[#6]-[#6]-[#7]-[#6](=O)-[#6]-[#6]-[#7]-[#6](=O)-[#6](-[#8])C([#6])([#6])[#6]-[#8]P([#8])(=O)[#8]P([#8])(=O)[#8]-[#6]-[#6]-1-[#8]-[#6](-[#6](-[#8])-[#6]-1-[#8]P([#8])([#8])=O)-[#7]-1-[#6]=[#7]-[#6]-2=[#6]-1-[#7]=[#6]-[#7]=[#6]-2-[#7]	[H:9][#6;X3R1:8]-1=[#6;X3R1:7]-[#6;R1:5](=[!#1!#6;R0;OX1,NX2:6])-[#6;X3:4]=[#6;X3:3]-[#6;R1:2]-1=[O;X1:1]>>[H:9][#7](-[#6@@H](-[#6]-[#16;X2]-[#6;X3R1:8]-1=[#6;X3R1:7]-[#6;R1:5](=[!#1!#6;R0;OX1,NX2:6])-[#6;X3:4]=[#6;X3:3]-[#6;R1:2]-1=[O;X1:1])-[#6](=O)-[#7]-[#6]-[#6](-[#8])=O)-[#6](=O)-[#6]-[#6]-[#6@H](-[#7])-[#6](-[#8])=O
base	GSH_CONJUGATION_OF_ALPHA_BETA_UNSATURATED_CARBONYL_PATTERN2	BTMR0229	GSH-conjugation of alpha,beta-unsaturated carbonyl	bt:GSH_CONJUGATION_OF_ALPHA_BETA_UNSATURATED_CARBONYL	1	[H][#6;X3](-*)!@=[#6;X3](!@[$([CX3;$([R0][#6]),$([H1R0])](=[OX1])[OX2][#6;!$(C=[O,N,S])]),$([$([CX3H][#6]),$([CX3H2])]=[OX1]),$([#6][CX3](=[OX1])[#6])])-[*,#1]	2	[H][#7]([#6;A;H2X4][#6](-[#8])=O)-[#6](=O)[#6;A;H1X4]([#6;A;H2X4][#16][#6,#8,#16;A])[#7]([H])-[#6](=O)[#6;A;H2X4][#6;A;H2X4][#6;A;H1X4]([#7])[#6](-[#8])=O | [#6;R0]-[#6;R0](=O)-[#16]-[#6]-[#6]-[#7]-[#6](=O)-[#6]-[#6]-[#7]-[#6](=O)-[#6](-[#8])C([#6])([#6])[#6]-[#8]P([#8])(=O)[#8]P([#8])(=O)[#8]-[#6]-[#6]-1-[#8]-[#6](-[#6](-[#8])-[#6]-1-[#8]P([#8])([#8])=O)-[#7]-1-[#6]=[#7]-[#6]-2=[#6]-1-[#7]=[#6]-[#7]=[#6]-2-[#7]	[H:1][#6;X3:2](-[*:3])!@=[#6;X3:4](/[*,#1:6])!@-[$([CX3;$([R0][#6]),$([H1R0])](=[OX1])[OX2][#6;!$(C=[O,N,S])]),$([$([CX3H][#6]),$([CX3H2])]=[OX1]),$([#6][CX3](=[OX1])[#6]):5]>>[H][C;X4:4]([*,#1:6])(!@-[$([CX3;$([R0][#6]),$([H1R0])](=[OX1])[OX2][#6;!$(C=[O,N,S])]),$([$([CX3H][#6]),$([CX3H2])]=[OX1]),$([#6][CX3](=[OX1])[#6]):5])!@-[C;X4:2]([H:1])([*:3])[#16;X2]-[#6]-[#6@H](-[#7]-[#6](=O)-[#6]-[#6]-[#6@H](-[#7])-[#6](-[#8])=O)-[#6](=O)-[#7]-[#6]-[#6](-[#8])=O
base	GSH_CONJUGATION_OF_ARENE_EPOXIDE	BTMR0223	GSH-conjugation of arene epoxide	bt:GSH_CONJUGATION_OF_ARENE_EPOXIDE	1	[#8;X2]-1-[#6;X3]-2=[#6;X3]-1-[#6]=[#6]-[#6]=[#6]-2	2	[H][#7]([#6;A;H2X4][#6](-[#8])=O)-[#6](=O)[#6;A;H1X4]([#6;A;H2X4][#16][#6,#8,#16;A])[#7]([H])-[#6](=O)[#6;A;H2X4][#6;A;H2X4][#6;A;H1X4]([#7])[#6](-[#8])=O | [#6;R0]-[#6;R0](=O)-[#16]-[#6]-[#6]-[#7]-[#6](=O)-[#6]-[#6]-[#7]-[#6](=O)-[#6](-[#8])C([#6])([#6])[#6]-[#8]P([#8])(=O)[#8]P([#8])(=O)[#8]-[#6]-[#6]-1-[#8]-[#6](-[#6](-[#8])-[#6]-1-[#8]P([#8])([#8])=O)-[#7]-1-[#6]=[#7]-[#6]-2=[#6]-1-[#7]=[#6]-[#7]=[#6]-2-[#7]	[#8;X2:1]-1-[#6;X3:3]-2=[#6;X3:2]-1-[#6:7]=[#6:6]-[#6:5]=[#6:4]-2>>[H][#8;X2:1][C;X4:3]1([H])[#6:4]=[#6:5]-[#6:6]=[#6:7][C;X4:2]1([H])[#16;X2]-[#6]-[#6@H](-[#7]-[#6](=O)-[#6]-[#6]-[#6@H](-[#7])-[#6](-[#8])=O)-[#6](=O)-[#7]-[#6]-[#6](-[#8])=O
base	GSH_CONJUGATION_OF_ARYL_HALIDE_PATTERN1	BTMR0233	GSH-conjugation of aryl halide	bt:GSH_CONJUGATION_OF_ARYL_HALIDE	1	[!#1!#6;F,Cl,Br,I,$([N+]),$([#7;X3+](-[#8;X1-])=[O;X1]),$([#6]~[C;X4](F)(F)F),$([C;X4](Cl)(Cl)Cl),$([S;X4]([#8;A;X1-,X2H1])(=O)=O),$([#6]=O),$(C#N)]~[#6]1=,:[#6][#6]=,:[#6](-[F,Cl,Br,I])[#6](~[#1,!#6;F,Cl,Br,I,$([N+]),$([#7;X3+](-[#8;X1-])=[O;X1]),$([#6]~[C;X4](F)(F)F),$([C;X4](Cl)(Cl)Cl),$([S;X4]([#8;A;X1-,X2H1])(=O)=O),$([#6]=O),$(C#N)])=,:[#6]1	2	[H][#7]([#6;A;H2X4][#6](-[#8])=O)-[#6](=O)[#6;A;H1X4]([#6;A;H2X4][#16][#6,#8,#16;A])[#7]([H])-[#6](=O)[#6;A;H2X4][#6;A;H2X4][#6;A;H1X4]([#7])[#6](-[#8])=O | [#6;R0]-[#6;R0](=O)-[#16]-[#6]-[#6]-[#7]-[#6](=O)-[#6]-[#6]-[#7]-[#6](=O)-[#6](-[#8])C([#6])([#6])[#6]-[#8]P([#8])(=O)[#8]P([#8])(=O)[#8]-[#6]-[#6]-1-[#8]-[#6](-[#6](-[#8])-[#6]-1-[#8]P([#8])([#8])=O)-[#7]-1-[#6]=[#7]-[#6]-2=[#6]-1-[#7]=[#6]-[#7]=[#6]-2-[#7]	[#6;a:1]-[F,Cl,Br,I:2]>>[F,Cl,Br,I:2][H].[#6;a:1]-[#16]-[#6]-[#6](-[#7]-[#6](=O)-[#6]-[#6]-[#6](-[#7])-[#6](-[#8])=O)-[#6](=O)-[#7]-[#6]-[#6](-[#8])=O
base	GSH_CONJUGATION_OF_ARYL_HALIDE_PATTERN2	BTMR0234	GSH-conjugation of aryl halide	bt:GSH_CONJUGATION_OF_ARYL_HALIDE	1	[#1,!#6;F,Cl,Br,I,$([N+]),$([#7;X3+](-[#8;X1-])=[O;X1]),$([#6]~[C;X4](F)(F)F),$([C;X4](Cl)(Cl)Cl),$([S;X4]([#8;A;X1-,X2H1])(=O)=O),$([#6]=O),$(C#N)]-[#6]=,:1[#6]=,:[#6][#6](-[F,Cl,Br,I])=,:[#6]([!#1!#6;F,Cl,Br,I,$([N+]),$([#7;X3+](-[#8;X1-])=[O;X1]),$([#6]~[C;X4](F)(F)F),$([C;X4](Cl)(Cl)Cl),$([S;X4]([#8;A;X1-,X2H1])(=O)=O),$([#6]=O),$(C#N)])[#6]=,:1	0		[#1,!#6;F,Cl,Br,I,$([N+]),$([#7;X3+](-[#8;X1-])=[O;X1]),$([#6]~[C;X4](F)(F)F),$([C;X4](Cl)(Cl)Cl),$([S;X4]([#8;A;X1-,X2H1])(=O)=O),$([#6]=O),$(C#N):8]-[#6:2]=,:1[#6:9]=,:[#6:7][#6:5](-[F,Cl,Br,I:6])=,:[#6:4]([!#1!#6;F,Cl,Br,I,$([N+]),$([#7;X3+](-[#8;X1-])=[O;X1]),$([#6]~[C;X4](F)(F)F),$([C;X4](Cl)(Cl)Cl),$([S;X4]([#8;A;X1-,X2H1])(=O)=O),$([#6]=O),$(C#N):1])[#6:3]=,:1>>[F,Cl,Br,I:6][H].[#7]-[#6](-[#6]-[#6]-[#6](=O)-[#7]-[#6](-[#6]-[#16]-[#6:5]=,:1[#6:7]=,:[#6:9][#6:2](-[#1,!#6;F,Cl,Br,I,$([N+]),$([#7;X3+](-[#8;X1-])=[O;X1]),$([#6]~[C;X4](F)(F)F),$([C;X4](Cl)(Cl)Cl),$([S;X4]([#8;A;X1-,X2H1])(=O)=O),$([#6]=O),$(C#N):8])=,:[#6:3][#6:4]=,:1[!#1!#6;F,Cl,Br,I,$([N+]),$([#7;X3+](-[#8;X1-])=[O;X1]),$([#6]~[C;X4](F)(F)F),$([C;X4](Cl)(Cl)Cl),$([S;X4]([#8;A;X1-,X2H1])(=O)=O),$([#6]=O),$(C#N):1])-[#6](=O)-[#7]-[#6]-[#6](-[#8])=O)-[#6](-[#8])=O
base	GSH_CONJUGATION_OF_ARYL_HALIDE_PATTERN3	BTMR0235	GSH-conjugation of aryl halide	bt:GSH_CONJUGATION_OF_ARYL_HALIDE	1	[$([H][#8]-[#6]=,:1[#6]=,:[#6](-[F,Cl,Br,I,$([N+]),$([#7;X3+](-[#8;X1-])=[O;X1]),$([#6]~[C;X4](F)(F)F),$([C;X4](Cl)(Cl)Cl),$([S;X4]([#8;A;X1-,X2H1])(=O)=O),$([#6]=O),$(C#N)])[#6]=,:[#6][#6]=,:1-[F,Cl,Br,I]),$([H][#8]-[#6]=,:1[#6]=,:[#6][#6](-[F,Cl,Br,I,$([N+]),$([#7;X3+](-[#8;X1-])=[O;X1]),$([#6]~[C;X4](F)(F)F),$([C;X4](Cl)(Cl)Cl),$([S;X4]([#8;A;X1-,X2H1])(=O)=O),$([#6]=O),$(C#N)])=,:[#6][#6]=,:1-[F,Cl,Br,I]),$([H][#8]-[#6]1=,:[#6][#6](-[F,Cl,Br,I,$([N+]),$([#7;X3+](-[#8;X1-])=[O;X1]),$([#6]~[C;X4](F)(F)F),$([C;X4](Cl)(Cl)Cl),$([S;X4]([#8;A;X1-,X2H1])(=O)=O),$([#6]=O),$(C#N)])=,:[#6][#6](-[F,Cl,Br,I])=,:[#6]1),$([H][#8]-[#6]1=,:[#6](-[F,Cl,Br,I,$([N+]),$([#7;X3+](-[#8;X1-])=[O;X1]),$([#6]~[C;X4](F)(F)F),$([C;X4](Cl)(Cl)Cl),$([S;X4]([#8;A;X1-,X2H1])(=O)=O),$([#6]=O),$(C#N)])[#6]=,:[#6][#6]=,:[#6]1-[F,Cl,Br,I]),$([H][#8]-[#6]=,:1[#6]=,:[#6][#6](-[F,Cl,Br,I])=,:[#6](-[F,Cl,Br,I,$([N+]),$([#7;X3+](-[#8;X1-])=[O;X1]),$([#6]~[C;X4](F)(F)F),$([C;X4](Cl)(Cl)Cl),$([S;X4]([#8;A;X1-,X2H1])(=O)=O),$([#6]=O),$(C#N)])[#6]=,:1),$([H][#8]-[#6]1=,:[#6][#6]=,:[#6][#6](-[F,Cl,Br,I,$([N+]),$([#7;X3+](-[#8;X1-])=[O;X1]),$([#6]~[C;X4](F)(F)F),$([C;X4](Cl)(Cl)Cl),$([S;X4]([#8;A;X1-,X2H1])(=O)=O),$([#6]=O),$(C#N)])=,:[#6]1-[F,Cl,Br,I])]	0		[H:9][#8:8]-[#6:1]1=,:[#6:6][#6:5]=,:[#6:4][#6:3]=,:[#6:2]1-[F,Cl,Br,I:7]>>[F,Cl,Br,I;-:7].[H:9][#8:8]-[#6:1]1=,:[#6:6][#6:5]=,:[#6:4][#6:3]=,:[#6:2]1-[#16]-[#6]-[#6](-[#7]-[#6](=O)-[#6]-[#6]-[#6](-[#7])-[#6](-[#8])=O)-[#6](=O)-[#7]-[#6]-[#6](-[#8])=O
base	GSH_CONJUGATION_OF_CARBOXIMIDIC_ACID	BTMR0227	GSH-conjugation of carboxamidic acid	bt:GSH_CONJUGATION_OF_CARBOXIMIDIC_ACID	1	[#6]-[#7]=[#6]-[H1X2;O,S]	2	[H][#7]([#6;A;H2X4][#6](-[#8])=O)-[#6](=O)[#6;A;H1X4]([#6;A;H2X4][#16][#6,#8,#16;A])[#7]([H])-[#6](=O)[#6;A;H2X4][#6;A;H2X4][#6;A;H1X4]([#7])[#6](-[#8])=O | [#6;R0]-[#6;R0](=O)-[#16]-[#6]-[#6]-[#7]-[#6](=O)-[#6]-[#6]-[#7]-[#6](=O)-[#6](-[#8])C([#6])([#6])[#6]-[#8]P([#8])(=O)[#8]P([#8])(=O)[#8]-[#6]-[#6]-1-[#8]-[#6](-[#6](-[#8])-[#6]-1-[#8]P([#8])([#8])=O)-[#7]-1-[#6]=[#7]-[#6]-2=[#6]-1-[#7]=[#6]-[#7]=[#6]-2-[#7]	[H][#8,#16:4]-[#6:3]=[#7:2]-[#6:1]>>[H][#7:2](-[#6:1])-[#6:3](=[#8,#16:4])-[#16;X2]-[#6]-[#6@H](-[#7]-[#6](=O)-[#6]-[#6]-[#6@H](-[#7])-[#6](-[#8])=O)-[#6](=O)-[#7]-[#6]-[#6](-[#8])=O
base	GSH_CONJUGATION_OF_EPOXIDE	BTMR0222	GSH-conjugation of epoxide	bt:GSH_CONJUGATION_OF_EPOXIDE	1	[#6]-[#6;X4]-1-[#8]-[#6;X4]-1-[#1,#6,#7,#8]	2	[H][#7]([#6;A;H2X4][#6](-[#8])=O)-[#6](=O)[#6;A;H1X4]([#6;A;H2X4][#16][#6,#8,#16;A])[#7]([H])-[#6](=O)[#6;A;H2X4][#6;A;H2X4][#6;A;H1X4]([#7])[#6](-[#8])=O | [#6;R0]-[#6;R0](=O)-[#16]-[#6]-[#6]-[#7]-[#6](=O)-[#6]-[#6]-[#7]-[#6](=O)-[#6](-[#8])C([#6])([#6])[#6]-[#8]P([#8])(=O)[#8]P([#8])(=O)[#8]-[#6]-[#6]-1-[#8]-[#6](-[#6](-[#8])-[#6]-1-[#8]P([#8])([#8])=O)-[#7]-1-[#6]=[#7]-[#6]-2=[#6]-1-[#7]=[#6]-[#7]=[#6]-2-[#7]	[#6:5]-[#6;X4:4]-1-[#8:3]-[#6;X4:2]-1-[#1,#6,#7,#8:1]>>[H][#8:3]-[#6;X4:2](-[#1,#6,#7,#8:1])-[#6;X4:4](-[#6:5])-[#16;X2]-[#6]-[#6@H](-[#7]-[#6](=O)-[#6]-[#6]-[#6@H](-[#7])-[#6](=O)-[#8][H])-[#6](=O)-[#7]-[#6]-[#6](=O)-[#8][H]
base	GSH_CONJUGATION_OF_EWG_SUBSTITUTED_BENZENE_PATTERN1	BTMR0236	GSH-conjugation of benzene substituted with an electron donating group	bt:GSH_CONJUGATION_OF_EWG_SUBSTITUTED_BENZENE	1	[H][#6;R1]1=,:[#6;R1][#6;R1](-[R0;F,Cl,Br,I,$([N+]),$([#7;X3+](-[#8;X1-])=[O;X1]),$([#6]~[C;X4](F)(F)F),$([C;X4](Cl)(Cl)Cl),$([S;X4]([#8;A;X1-,X2H1])(=O)=O),$([#6]=O),$(C#N)])=,:[#6;R1](-[R0;F,Cl,Br,I,$([N+]),$([#7;X3+](-[#8;X1-])=[O;X1]),$([#6]~[C;X4](F)(F)F),$([C;X4](Cl)(Cl)Cl),$([S;X4]([#8;A;X1-,X2H1])(=O)=O),$([#6]=O),$(C#N)])[#6;R1]=,:[#6;R1]1-[R0;F,Cl,Br,I,$([N+]),$([#7;X3+](-[#8;X1-])=[O;X1]),$([#6]~[C;X4](F)(F)F),$([C;X4](Cl)(Cl)Cl),$([S;X4]([#8;A;X1-,X2H1])(=O)=O),$([#6]=O),$(C#N)]	0		[H:7][#6;R1:6]1=,:[#6;R1:1][#6;R1:2](-[R0;F,Cl,Br,I,$([N+]),$([#7;X3+](-[#8;X1-])=[O;X1]),$([#6]~[C;X4](F)(F)F),$([C;X4](Cl)(Cl)Cl),$([S;X4]([#8;A;X1-,X2H1])(=O)=O),$([#6]=O),$(C#N):9])=,:[#6;R1:3](-[R0;F,Cl,Br,I,$([N+]),$([#7;X3+](-[#8;X1-])=[O;X1]),$([#6]~[C;X4](F)(F)F),$([C;X4](Cl)(Cl)Cl),$([S;X4]([#8;A;X1-,X2H1])(=O)=O),$([#6]=O),$(C#N):8])[#6;R1:4]=,:[#6;R1:5]1-[R0;F,Cl,Br,I,$([N+]),$([#7;X3+](-[#8;X1-])=[O;X1]),$([#6]~[C;X4](F)(F)F),$([C;X4](Cl)(Cl)Cl),$([S;X4]([#8;A;X1-,X2H1])(=O)=O),$([#6]=O),$(C#N):10]>>[H:7][#7](-[#6](-[#6]-[#16]-[#6;R1:6]-1-[#6;R1:1]=[#6;R1:2](-[R0;F,Cl,Br,I,$([N+]),$([#7;X3+](-[#8;X1-])=[O;X1]),$([#6]~[C;X4](F)(F)F),$([C;X4](Cl)(Cl)Cl),$([S;X4]([#8;A;X1-,X2H1])(=O)=O),$([#6]=O),$(C#N):9])-[#6;R1:3](-[R0;F,Cl,Br,I,$([N+]),$([#7;X3+](-[#8;X1-])=[O;X1]),$([#6]~[C;X4](F)(F)F),$([C;X4](Cl)(Cl)Cl),$([S;X4]([#8;A;X1-,X2H1])(=O)=O),$([#6]=O),$(C#N):8])-[#6;R1:4]=[#6;R1:5]-1-[R0;F,Cl,Br,I,$([N+]),$([#7;X3+](-[#8;X1-])=[O;X1]),$([#6]~[C;X4](F)(F)F),$([C;X4](Cl)(Cl)Cl),$([S;X4]([#8;A;X1-,X2H1])(=O)=O),$([#6]=O),$(C#N):10])-[#6](=O)-[#7]-[#6]-[#6](-[#8])=O)-[#6](=O)-[#6]-[#6]-[#6](-[#7])-[#6](-[#8])=O
base	GSH_CONJUGATION_OF_EWG_SUBSTITUTED_BENZENE_PATTERN2	BTMR0237	GSH-conjugation of benzene substituted with an electron donating group	bt:GSH_CONJUGATION_OF_EWG_SUBSTITUTED_BENZENE	1	[H][#6;R1]=,:1[#6;R1](-[R0;F,Cl,Br,I,$([N+]),$([#7;X3+](-[#8;X1-])=[O;X1]),$([#6]~[C;X4](F)(F)F),$([C;X4](Cl)(Cl)Cl),$([S;X4]([#8;A;X1-,X2H1])(=O)=O),$([#6]=O),$(C#N)])=,:[#6;R1][#6;R1](-[R0;F,Cl,Br,I,$([N+]),$([#7;X3+](-[#8;X1-])=[O;X1]),$([#6]~[C;X4](F)(F)F),$([C;X4](Cl)(Cl)Cl),$([S;X4]([#8;A;X1-,X2H1])(=O)=O),$([#6]=O),$(C#N)])=,:[#6;R1][#6;R1]=,:1-[R0;F,Cl,Br,I,$([N+]),$([#7;X3+](-[#8;X1-])=[O;X1]),$([#6]~[C;X4](F)(F)F),$([C;X4](Cl)(Cl)Cl),$([S;X4]([#8;A;X1-,X2H1])(=O)=O),$([#6]=O),$(C#N)]	0		[H:7][#6;R1:6]=,:1[#6;R1:5](-[R0;F,Cl,Br,I,$([N+]),$([#7;X3+](-[#8;X1-])=[O;X1]),$([#6]~[C;X4](F)(F)F),$([C;X4](Cl)(Cl)Cl),$([S;X4]([#8;A;X1-,X2H1])(=O)=O),$([#6]=O),$(C#N):10])=,:[#6;R1:4][#6;R1:3](-[R0;F,Cl,Br,I,$([N+]),$([#7;X3+](-[#8;X1-])=[O;X1]),$([#6]~[C;X4](F)(F)F),$([C;X4](Cl)(Cl)Cl),$([S;X4]([#8;A;X1-,X2H1])(=O)=O),$([#6]=O),$(C#N):8])=,:[#6;R1:2][#6;R1:1]=,:1-[R0;F,Cl,Br,I,$([N+]),$([#7;X3+](-[#8;X1-])=[O;X1]),$([#6]~[C;X4](F)(F)F),$([C;X4](Cl)(Cl)Cl),$([S;X4]([#8;A;X1-,X2H1])(=O)=O),$([#6]=O),$(C#N):9]>>[H:7][#7](-[#6](-[#6]-[#16]-[#6;R1:6]-1-[#6;R1:1](-[R0;F,Cl,Br,I,$([N+]),$([#7;X3+](-[#8;X1-])=[O;X1]),$([#6]~[C;X4](F)(F)F),$([C;X4](Cl)(Cl)Cl),$([S;X4]([#8;A;X1-,X2H1])(=O)=O),$([#6]=O),$(C#N):9])=[#6;R1:2]-[#6;R1:3](-[R0;F,Cl,Br,I,$([N+]),$([#7;X3+](-[#8;X1-])=[O;X1]),$([#6]~[C;X4](F)(F)F),$([C;X4](Cl)(Cl)Cl),$([S;X4]([#8;A;X1-,X2H1])(=O)=O),$([#6]=O),$(C#N):8])-[#6;R1:4]=[#6;R1:5]-1-[R0;F,Cl,Br,I,$([N+]),$([#7;X3+](-[#8;X1-])=[O;X1]),$([#6]~[C;X4](F)(F)F),$([C;X4](Cl)(Cl)Cl),$([S;X4]([#8;A;X1-,X2H1])(=O)=O),$([#6]=O),$(C#N):10])-[#6](=O)-[#7]-[#6]-[#6](-[#8])=O)-[#6](=O)-[#6]-[#6]-[#6](-[#7])-[#6](-[#8])=O
base	GSH_CONJUGATION_OF_HALO_S_TRIAZINE	BTMR0239	GSH-conjugation of halo-S-triazine	bt:GSH_CONJUGATION_OF_HALO_S_TRIAZINE	1	[F,Cl,Br,I]-[#6;R1]=,:1[#7;R1]=,:[#6;R1][#7;R1]=,:[#6;R1][#7;R1]=,:1	2	[H][#7]([#6;A;H2X4][#6](-[#8])=O)-[#6](=O)[#6;A;H1X4]([#6;A;H2X4][#16][#6,#8,#16;A])[#7]([H])-[#6](=O)[#6;A;H2X4][#6;A;H2X4][#6;A;H1X4]([#7])[#6](-[#8])=O | [#6;R0]-[#6;R0](=O)-[#16]-[#6]-[#6]-[#7]-[#6](=O)-[#6]-[#6]-[#7]-[#6](=O)-[#6](-[#8])C([#6])([#6])[#6]-[#8]P([#8])(=O)[#8]P([#8])(=O)[#8]-[#6]-[#6]-1-[#8]-[#6](-[#6](-[#8])-[#6]-1-[#8]P([#8])([#8])=O)-[#7]-1-[#6]=[#7]-[#6]-2=[#6]-1-[#7]=[#6]-[#7]=[#6]-2-[#7]	[F,Cl,Br,I:7]-[#6;R1:1]=,:1[#7;R1:2]=,:[#6;R1:3][#7;R1:4]=,:[#6;R1:5][#7;R1:6]=,:1>>[F,Cl,Br,I:7][H].[#7]-[#6](-[#6]-[#6]-[#6](=O)-[#7]-[#6](-[#6]-[#16]-[#6;R1:1]=,:1[#7;R1:2]=,:[#6;R1:3][#7;R1:4]=,:[#6;R1:5][#7;R1:6]=,:1)-[#6](=O)-[#7]-[#6]-[#6](-[#8])=O)-[#6](-[#8])=O
base	GSH_CONJUGATION_OF_ISOCYANATE	BTMR0219	GSH-conjugation of isocyanate	bt:GSH_CONJUGATION_OF_ISOCYANATE	1	[#6]-[#7;X2]=[C;X2]=[O;X1]	2	[H][#7]([#6;A;H2X4][#6](-[#8])=O)-[#6](=O)[#6;A;H1X4]([#6;A;H2X4][#16][#6,#8,#16;A])[#7]([H])-[#6](=O)[#6;A;H2X4][#6;A;H2X4][#6;A;H1X4]([#7])[#6](-[#8])=O | [#7]~[#6]~1~[#7]~[#6]~[#7]~[#6]~2~[#6]~1~[#7]~[#6]~[#7]~2-[#6]-1-[#8]-[#6](-[#6]-[#8]P([#8])(=O)[#8]P([#8])(=O)[#8]-[#6]C([#6])([#6])[#6](-,=[#8])-[#6](-,=[#8])-,=[#7]-[#6]-[#6]-[#6](-,=[#8])-,=[#7]-[#6]-[#6]-[#16])-[#6](-[#8]P([#8])([#8])=O)-[#6]-1-[#8]	[#6:1]-[#7;X2:2]=[C;X2:3]=[O;X1:4]>>[H][#7;X3:2](-[#6:1])-[#6;X2:3](=[O;X1:4])-[#16;X2]-[#6]-[#6@H](-[#7]-[#6](=O)-[#6]-[#6]-[#6@H](-[#7])-[#6](-[#8])=O)-[#6](=O)-[#7]-[#6]-[#6](-[#8])=O
base	GSH_CONJUGATION_OF_ISOTHIOCYANATE	BTMR0220	GSH-conjugation of isothiocyanate	bt:GSH_CONJUGATION_OF_ISOTHIOCYANATE	1	[#6]-[#7;X2]=[C;X2]=[S;X1]	2	[H][#7]([#6;A;H2X4][#6](-[#8])=O)-[#6](=O)[#6;A;H1X4]([#6;A;H2X4][#16][#6,#8,#16;A])[#7]([H])-[#6](=O)[#6;A;H2X4][#6;A;H2X4][#6;A;H1X4]([#7])[#6](-[#8])=O | [#7]~[#6]~1~[#7]~[#6]~[#7]~[#6]~2~[#6]~1~[#7]~[#6]~[#7]~2-[#6]-1-[#8]-[#6](-[#6]-[#8]P([#8])(=O)[#8]P([#8])(=O)[#8]-[#6]C([#6])([#6])[#6](-,=[#8])-[#6](-,=[#8])-,=[#7]-[#6]-[#6]-[#6](-,=[#8])-,=[#7]-[#6]-[#6]-[#16])-[#6](-[#8]P([#8])([#8])=O)-[#6]-1-[#8]	[#6:4]-[#7;X2:1]=[C;X2:2]=[S;X1:3]>>[H][#7;X3:1](-[#6:4])-[#6;X3:2](=[S;X1:3])-[#16;X2]-[#6]-[#6@H](-[#7]-[#6](=O)-[#6]-[#6]-[#6@H](-[#7])-[#6](-[#8])=O)-[#6](=O)-[#7]-[#6]-[#6](-[#8])=O
base	GSH_CONJUGATION_OF_ORGANOHALIDE_PATTERN1	BTMR0224	GSH-conjugation of organohalide	bt:GSH_CONJUGATION_OF_ORGANOHALIDE	1	[H][C;X4]([#1,#6])([F,Cl,Br,I])[*,#1]	2	[H][#7]([#6;A;H2X4][#6](-[#8])=O)-[#6](=O)[#6;A;H1X4]([#6;A;H2X4][#16][#6,#8,#16;A])[#7]([H])-[#6](=O)[#6;A;H2X4][#6;A;H2X4][#6;A;H1X4]([#7])[#6](-[#8])=O | [#6;R0]-[#6;R0](=O)-[#16]-[#6]-[#6]-[#7]-[#6](=O)-[#6]-[#6]-[#7]-[#6](=O)-[#6](-[#8])C([#6])([#6])[#6]-[#8]P([#8])(=O)[#8]P([#8])(=O)[#8]-[#6]-[#6]-1-[#8]-[#6](-[#6](-[#8])-[#6]-1-[#8]P([#8])([#8])=O)-[#7]-1-[#6]=[#7]-[#6]-2=[#6]-1-[#7]=[#6]-[#7]=[#6]-2-[#7]	[H:1][C;X4:2]([#1,#6:3])([F,Cl,Br,I])[*,#1:4]>>[H:1][C;X4:2]([#1,#6:3])([*,#1:4])[#16;X2]-[#6]-[#6@H](-[#7]-[#6](=O)-[#6]-[#6]-[#6@H](-[#7])-[#6](-[#8])=O)-[#6](=O)-[#7]-[#6]-[#6](-[#8])=O
base	GSH_CONJUGATION_OF_ORGANOHALIDE_PATTERN2	BTMR0225	GSH-conjugation of organohalide	bt:GSH_CONJUGATION_OF_ORGANOHALIDE	1	[H][#6;X3](-[F,Cl,Br,I])=[#6;X3]([*,#1])-[*,#1]	2	[H][#7]([#6;A;H2X4][#6](-[#8])=O)-[#6](=O)[#6;A;H1X4]([#6;A;H2X4][#16][#6,#8,#16;A])[#7]([H])-[#6](=O)[#6;A;H2X4][#6;A;H2X4][#6;A;H1X4]([#7])[#6](-[#8])=O | [#6;R0]-[#6;R0](=O)-[#16]-[#6]-[#6]-[#7]-[#6](=O)-[#6]-[#6]-[#7]-[#6](=O)-[#6](-[#8])C([#6])([#6])[#6]-[#8]P([#8])(=O)[#8]P([#8])(=O)[#8]-[#6]-[#6]-1-[#8]-[#6](-[#6](-[#8])-[#6]-1-[#8]P([#8])([#8])=O)-[#7]-1-[#6]=[#7]-[#6]-2=[#6]-1-[#7]=[#6]-[#7]=[#6]-2-[#7]	[H:4][#6;X3:2](-[F,Cl,Br,I:3])=[#6;X3:1]([*,#1:5])-[*,#1:6]>>[H:4][C;X4:2]([H])([F,Cl,Br,I:3])[C;X4:1]([*,#1:5])([*,#1:6])[#16;X2]-[#6]-[#6@H](-[#7]-[#6](=O)-[#6]-[#6]-[#6@H](-[#7])-[#6](-[#8])=O)-[#6](=O)-[#7]-[#6]-[#6](-[#8])=O
base	GSH_CONJUGATION_OF_QUINONE_PATTERN1	BTMR0231	GSH-conjugation of quinone	bt:GSH_CONJUGATION_OF_QUINONE	1	[H][#6;R1]-1=[#6]-[#6]=[#6;R1]-[#6;R1](=[O;X1R0])-[#6;R1]-1=[O;X1R0]	2	[H][#7]([#6;A;H2X4][#6](-[#8])=O)-[#6](=O)[#6;A;H1X4]([#6;A;H2X4][#16][#6,#8,#16;A])[#7]([H])-[#6](=O)[#6;A;H2X4][#6;A;H2X4][#6;A;H1X4]([#7])[#6](-[#8])=O | [#6;R0]-[#6;R0](=O)-[#16]-[#6]-[#6]-[#7]-[#6](=O)-[#6]-[#6]-[#7]-[#6](=O)-[#6](-[#8])C([#6])([#6])[#6]-[#8]P([#8])(=O)[#8]P([#8])(=O)[#8]-[#6]-[#6]-1-[#8]-[#6](-[#6](-[#8])-[#6]-1-[#8]P([#8])([#8])=O)-[#7]-1-[#6]=[#7]-[#6]-2=[#6]-1-[#7]=[#6]-[#7]=[#6]-2-[#7]	[H][#6;R1:2]-1=[#6:1]-[#6:8]=[#6;R1:7]-[#6;R1:5](=[O;X1R0:6])-[#6;R1:3]-1=[O;X1R0:4]>>[H][#8;R0:6]-[#6;R1:5]-1=[#6;R1:3](-[#8;R0:4][H])-[#6;R1:2](-[#16]-[#6]-[#6@H](-[#7]-[#6](=O)-[#6]-[#6]-[#6@H](-[#7])-[#6](-[#8])=O)-[#6](=O)-[#7]-[#6]-[#6](-[#8])=O)=[#6:1]-[#6:8]=[#6;R1:7]-1
base	GSH_CONJUGATION_OF_QUINONE_PATTERN2	BTMR0232	GSH-conjugation of quinone	bt:GSH_CONJUGATION_OF_QUINONE	1	[H][#6]-1=[#6]-[#6;R1](=[O;X1R0])-[#6;R1]=[#6;R1]-[#6;R1]-1=[O;X1R0]	2	[H][#7]([#6;A;H2X4][#6](-[#8])=O)-[#6](=O)[#6;A;H1X4]([#6;A;H2X4][#16][#6,#8,#16;A])[#7]([H])-[#6](=O)[#6;A;H2X4][#6;A;H2X4][#6;A;H1X4]([#7])[#6](-[#8])=O | [#6;R0]-[#6;R0](=O)-[#16]-[#6]-[#6]-[#7]-[#6](=O)-[#6]-[#6]-[#7]-[#6](=O)-[#6](-[#8])C([#6])([#6])[#6]-[#8]P([#8])(=O)[#8]P([#8])(=O)[#8]-[#6]-[#6]-1-[#8]-[#6](-[#6](-[#8])-[#6]-1-[#8]P([#8])([#8])=O)-[#7]-1-[#6]=[#7]-[#6]-2=[#6]-1-[#7]=[#6]-[#7]=[#6]-2-[#7]	[H][#6:2]-1=[#6:1]-[#6;R1:8](=[O;X1R0:6])-[#6;R1:7]=[#6;R1:5]-[#6;R1:3]-1=[O;X1R0:4]>>[H][#8;X2R0:6]-[#6;R1:8]-1=[#6:1]-[#6:2](-[#16]-[#6]-[#6@H](-[#7]-[#6](=O)-[#6]-[#6]-[#6@H](-[#7])-[#6](-[#8])=O)-[#6](=O)-[#7]-[#6]-[#6](-[#8])=O)=[#6;R1:3](-[#8;X2R0:4][H])-[#6;R1:5]=[#6;R1:7]-1
base	GSH_CONJUGATION_OF_SULFHYDRYL	BTMR0221	GSH-conjugation of sulfhydryl	bt:GSH_CONJUGATION_OF_SULFHYDRYL	1	[#6][S;X2H1]	2	[H][#7]([#6;A;H2X4][#6](-[#8])=O)-[#6](=O)[#6;A;H1X4]([#6;A;H2X4][#16][#6,#8,#16;A])[#7]([H])-[#6](=O)[#6;A;H2X4][#6;A;H2X4][#6;A;H1X4]([#7])[#6](-[#8])=O | [#7]~[#6]~1~[#7]~[#6]~[#7]~[#6]~2~[#6]~1~[#7]~[#6]~[#7]~2-[#6]-1-[#8]-[#6](-[#6]-[#8]P([#8])(=O)[#8]P([#8])(=O)[#8]-[#6]C([#6])([#6])[#6](-,=[#8])-[#6](-,=[#8])-,=[#7]-[#6]-[#6]-[#6](-,=[#8])-,=[#7]-[#6]-[#6]-[#16])-[#6](-[#8]P([#8])([#8])=O)-[#6]-1-[#8]	[H][#16;X2:1]-[#6:2]>>[#6:2]-[#16;X2:1]-[#16;X2]-[#6]-[#6@H](-[#7]-[#6](=O)-[#6]-[#6]-[#6@H](-[#7])-[#6](-[#8])=O)-[#6](=O)-[#7]-[#6]-[#6](-[#8])=O
base	HYDROLISIS_OF_ARYL_ACYLAMIDE	BTMR1247	Acylhydrolysis of acrylacylamide	bt:HYDROLISIS_OF_ARYL_ACYLAMIDE	1	[O;X1]=[#6;A;X3;$([R0][#6]),$([H1R0])][#7;X3;$([H2]),$([H1][#6;!$(C=[O,N,S])]),$([#7]([#6;!$(C=[O,N,S])])[#6;!$(C=[O,N,S])])]-[#6;R1]=,:1[#6]=,:[#6][#6;R1]=,:[#6;R1][#6;R1]=,:1	0		[*,#1;#1,$([#6;!$(C=[O,N,S])]):10]-[#7;X3:1]([#6;A;X3;$([R0][#6]),$([H1R0]):2]=[O;X1:3])-[#6;R1:4]=,:1[#6:5]=,:[#6:6][#6;R1:7]=,:[#6;R1:8][#6;R1:9]=,:1>>[H][#8][#6;A;X3:2]=[O;X1:3].[H][#7;X3:1](-[*,#1;#1,$([#6;!$(C=[O,N,S])]):10])-[#6;R1:4]=,:1[#6:5]=,:[#6:6][#6;R1:7]=,:[#6;R1:8][#6;R1:9]=,:1
base	HYDROLYSIS_OF_ACYLCARNITINE	BTMR1246	Hydrolysis of acylcarnitine	bt:HYDROLYSIS_OF_ACYLCARNITINE	1	[#6;R0]-,=[#6;R0]-,=[#6;R0]-,=[#6;R0]-,=[#6;R0]-,=[#6;R0]-[#6;X3](=[O;X1])-[#8;X2][#6;A;H1X4]([#6;A;H2X4][#6]([#8;A;X1-,X2H1])=O)[#6;A;H2X4][N;X4+]([#6;A;H3X4])([#6;A;H3X4])[#6;A;H3X4]	0		[#6;R0:10]-,=[#6;R0:9]-,=[#6;R0:8]-,=[#6;R0:7]-,=[#6;R0:6]-,=[#6;R0:5]-[#6;X3:4](=[O;X1:11])-[#8;X2:3][#6;A;H1X4:2]([#6;A;H2X4:12][#6:13]([#8;A;X1-,X2H1:15])=[O:14])[#6;A;H2X4:1][N;X4+:16]([#6;A;H3X4:17])([#6;A;H3X4:18])[#6;A;H3X4:19]>>[#6;R0:10]-,=[#6;R0:9]-,=[#6;R0:8]-,=[#6;R0:7]-,=[#6;R0:6]-,=[#6;R0:5]-[#6;X3:4](=[O;X1:11])-[#8][H].[H][#8;X2:3][#6;A;H1X4:2]([#6;A;H2X4:12][#6:13]([#8;A;X1-,X2H1:15])=[O:14])[#6;A;H2X4:1][N;X4+:16]([#6;A;H3X4:17])([#6;A;H3X4:18])[#6;A;H3X4:19]
base	HYDROLYSIS_OF_CARBOXYLIC_ACID_ESTER_PATTERN1	BTMR0143	Hydrolysis of carboxylic acid ester	bt:HYDROLYSIS_OF_CARBOXYLIC_ACID_ESTER	1	[#6]-[#8;X2]!@-[#6](!@-[#6,#1;A])=[O;X1]	0		[#6:1]-[#8;X2:2]!@-[#6:3](!@-[#6,#1;A:4])=[O;X1:5]>>[H][#8]-[#6:1].[H][#8;X2:2]!@-[#6:3](!@-[#6,#1;A:4])=[O;X1:5]
base	HYDROLYSIS_OF_CARBOXYLIC_ACID_ESTER_PATTERN2	BTMR0144	Hydrolysis of carboxylic acid ester	bt:HYDROLYSIS_OF_CARBOXYLIC_ACID_ESTER	1	[#6]-[#8;X2]!@-[#6;X3](!@-[#6;a])=[O;X1]	0		[#6:1]-[#8;X2:2]!@-[#6;X3:3](!@-[#6;a:4])=[O;X1:5]>>[H][#8]-[#6:1].[H][#8;X2:2]!@-[#6;X3:3](!@-[#6;a:4])=[O;X1:5]
base	HYDROLYSIS_OF_CYCLIC_N_ACYLGUANIDINE	BTMR0095	Hydrolysis of cyclic N-acylguanidine	bt:HYDROLYSIS_OF_CYCLIC_N_ACYLGUANIDINE	1	[#6]@-[#6](!@=O)@-[#7](!@-[#1,$([#6;!$(C=[O,N,S])])])@-[#6](@-[#7])!@=[#7;A;X1+,X2H1]	0		[#6:4]@-[#6:5](!@=[O:6])@-[#7:7](!@-[#1,$([#6;!$(C=[O,N,S])]):8])@-[#6:2](@-[#7:3])!@=[#7;A;X1+,X2H1:1]>>[H][#8]-[#6:5](@-[#6:4])!@=[O:6].[H][#7:7](!@-[#1,$([#6;!$(C=[O,N,S])]):8])@-[#6:2](@-[#7:3])!@=[#7;A;X1+,X2H1:1]
base	HYDROLYSIS_OF_CYCLIC_N_ACYLUREA	BTMR0091	Hydrolysis of cyclic N-acylurea	bt:HYDROLYSIS_OF_CYCLIC_N_ACYLUREA	1	[#6;R1]-[#6;R1](!@=[O;X1])-[#7;R1]([#6,#1;A])-[#6;R1](-[#7;R1])!@=[O;X1]	0		[#6;R1:3]-[#6;R1:2](!@=[O;X1:1])-[#7;R1:7]([#6,#1;A:8])-[#6;R1:5](-[#7;R1:4])!@=[O;X1:6]>>[H][#8]-[#6;R1:2](-[#6;R1:3])!@=[O;X1:1].[H][#7;R1:7]([#6,#1;A:8])-[#6;R1:5](-[#7;R1:4])!@=[O;X1:6]
base	HYDROLYSIS_OF_CYCLIC_SECONDARY_CARBOXAMIDE_PATTERN_1	BTMR0092	Hydrolysis of cyclic secondary carboxamide	bt:HYDROLYSIS_OF_CYCLIC_SECONDARY_CARBOXAMIDE_PATTERN_1	1	[H][#7;X3](@-[#6;A;!$(C=[O,N,S])])@-[#6;A;X3](@-[#6])=[O;X1]	0		[H:1][#7;X3:2](@-[#6;A;!$(C=[O,N,S]):3])@-[#6;A;X3:4](@-[#6:5])=[O;X1:6]>>[H][#7;X3:2]([H:1])[#6;A;!$(C=[O,N,S]):3].[H][#8][#6;A;X3:4]([#6:5])=[O;X1:6]
base	HYDROLYSIS_OF_CYCLIC_SECONDARY_CARBOXAMIDE_PATTERN_2	BTMR0093	Hydrolysis of cyclic secondary carboxamide	bt:HYDROLYSIS_OF_CYCLIC_SECONDARY_CARBOXAMIDE_PATTERN_2	1	[#6]@[#6](!@=[O;X1])@[#7;X2]@=,@:[#6]	0		[#6:3]@[#6:2](!@=[O;X1:1])@[#7;X2:4]@=,@:[#6:5]>>[H][#7;X2:4]!@=[#6:5].[H][#8]-[#6:2](!@-[#6:3])!@=[O;X1:1]
base	HYDROLYSIS_OF_CYCLIC_TERTIARY_CARBOXAMIDE_PATTERN_1	BTMR0094	Hydrolysis of cyclic tertiary carboxamide	bt:HYDROLYSIS_OF_CYCLIC_TERTIARY_CARBOXAMIDE_PATTERN_1	1	[#6;!$(C=[O,N,S])]@[#7;H0X3]([#6;!$(C=[O,N,S])])@-[#6;A;X3](@-[#6])!@=[O;X1]	0		[#6;!$(C=[O,N,S]):4]@[#7;H0X3:3]([#6;!$(C=[O,N,S]):5])@-[#6;A;X3:1](@-[#6:6])!@=[O;X1:2]>>[#6;!$(C=[O,N,S]):4]!@[#7;X3:3]([#6;!$(C=[O,N,S]):5])[H].[H][#8][#6;A;X3:1](!@-[#6:6])!@=[O;X1:2]
base	HYDROLYSIS_OF_FERULIC_ACID_ESTER	BTMR1260	Hydrolysis of ferulic acid ester	bt:HYDROLYSIS_OF_FERULIC_ACID_ESTER	1	[#6;!$([#6](=[#8])-[#8])]-[#8;X2]-[#6](=O)[#6;H1X3R0]=[#6;H1X3R0][#6;R1]1[#6;R1]=,:[#6;R1][#6;R1]([#8;A;H1X2])=,:[#6;R1](-[#1,$([#8]-[#1,CX4H3])])[#6;R1]1	0		[#6;!$([#6](=[#8])-[#8]):1]-[#8;X2:2]-[#6:3](=[O:4])[#6;H1X3R0:5]=[#6;H1X3R0:6][#6;R1:7]1[#6;R1:8]=,:[#6;R1:9][#6;R1:10]([#8;A;H1X2:11])=,:[#6;R1:12](-[#1,$([#8]-[#1,CX4H3]):13])[#6;R1:14]1>>[H][#8]-[#6:1].[H][#8;X2:2]-[#6:3](=[O:4])[#6;H1X3R0:5]=[#6;H1X3R0:6][#6;R1:7]1[#6;R1:8]=,:[#6;R1:9][#6;R1:10]([#8;A;H1X2:11])=,:[#6;R1:12](-[#1,$([#8]-[#1,CX4H3]):13])[#6;R1:14]1
base	HYDROLYSIS_OF_GLYCOSYLATED_CONDENSED_GALLOYL_GROUPS_PATTERN1	BTMR0303	Hydrolysis of glycosylated condensed galloyl group	bt:HYDROLYSIS_OF_GLYCOSYLATED_CONDENSED_GALLOYL_GROUPS	2	[$([#8;A;H1X2][#6;A;H2X4][#6;A;H1X4]1[#8][#6;A;H1X4]([#8;A;H1X2])[#6;A;H1X4]([#8;A;H1X2])[#6;A;H1X4]([#8;A;H1X2])[#6;A;H1X4]1[#8;A;H1X2]),$([#8][#6;A;X4;H1,H2][#6;A;H1X4]([#8])[#6;A;H1X4]([#8])[#6](-[#8])[#6;A;H2X4][#8])] | [#6]-[#8]-[#6](=O)-[#6;R2]1=,:[#6;R1][#6;R1]=,:[#6;R1][#6;R1]([#8;A;H1X2])=,:[#6;R2]1-[#6;R2]=,:1[#6;R1]([#8;A;H1X2])=,:[#6;R1][#6;R1]=,:[#6;R1][#6;R2]=,:1-[#6](=O)-[#8]-[#6]	0		[#6:1]-[#8:2]-[#6:3](=[O:4])-[#6;R2:5]1=,:[#6;R1:6][#6;R1:7]=,:[#6;R1:8][#6;R1:9]([#8;A;H1X2:10])=,:[#6;R2:11]1-[#6;R2:12]=,:1[#6;R1:13]([#8;A;H1X2:14])=,:[#6;R1:15][#6;R1:16]=,:[#6;R1:17][#6;R2:18]=,:1-[#6:19](=[O:20])-[#8:21]-[#6:22]>>[H][#8:2]-[#6:1].[H][#8:21]-[#6:22].[H][#8]-[#6:3](=[O:4])-[#6;R2:5]1=,:[#6;R1:6][#6;R1:7]=,:[#6;R1:8][#6;R1:9]([#8;A;H1X2:10])=,:[#6;R2:11]1-[#6;R2:12]=,:1[#6;R1:13]([#8;A;H1X2:14])=,:[#6;R1:15][#6;R1:16]=,:[#6;R1:17][#6;R2:18]=,:1-[#6:19](=[O:20])-[#8][H]
base	HYDROLYSIS_OF_GLYCOSYLATED_CONDENSED_GALLOYL_GROUPS_PATTERN10	BTMR0312	Hydrolysis of glycosylated condensed galloyl group	bt:HYDROLYSIS_OF_GLYCOSYLATED_CONDENSED_GALLOYL_GROUPS	2	[$([H][#8]C1([H])[#8]C([H])(C([H])([H])[#8])C([H])([#8])C([H])([#8])C1([H])[#8]),$([H][#6](-[#8])C([H])([#8])C([H])([#8])[#6](-[#8])C([H])([H])[#8])] | [H][#8]-[#6]=,:1[#6]=,:[#6]([#6](-[#8]-[#6]2=,:[#6]([H])[#6](=,:[#6]([#6;R1](-[#8][H])=,:[#6;R1]2-[#8]-[#6]2=,:[#6;R1](-[#8][H])[#6;R1](-[#8][H])=,:[#6]([#6]=,:[#6]2-[#6](=O)-[#8]-[#6])-[#8][H])-[#6]2=,:[#6](-[#8][H])[#6;R1](-[#8][H])=,:[#6;R1]([#6]=,:[#6]2-[#6](=O)-[#8]-[#6])-[#8][H])-[#6](=O)-[#8]-[#6])=,:[#6;R1](-[#8][H])[#6;R1]=,:1-[#8][H])-[#6](=O)-[#8]-[#6]	0		[H:54][#8:53]-[#6:52]=,:1[#6:51]=,:[#6:50]([#6:49](-[#8:22]-[#6:10]2=,:[#6:8]([H:63])[#6:9](=,:[#6:13]([#6;R1:12](-[#8:24][H:25])=,:[#6;R1:11]2-[#8:23]-[#6:3]2=,:[#6;R1:2](-[#8:21][H:26])[#6;R1:1](-[#8:20][H:27])=,:[#6:6]([#6:5]=,:[#6:4]2-[#6:14](=[O:19])-[#8:18]-[#6:29])-[#8:7][H:45])-[#6:30]2=,:[#6:35](-[#8:36][H:62])[#6;R1:34](-[#8:37][H:43])=,:[#6;R1:33]([#6:32]=,:[#6:31]2-[#6:39](=[O:40])-[#8:41]-[#6:42])-[#8:38][H:44])-[#6:15](=[O:16])-[#8:17]-[#6:28])=,:[#6;R1:48](-[#8:47][H:46])[#6;R1:55]=,:1-[#8:56][H:57])-[#6:58](=[O:59])-[#8:60]-[#6:61]>>[H][#8:18]-[#6:29].[H][#8:60]-[#6:61].[H][#8:17]-[#6:28].[H][#8:41]-[#6:42].[H:54][#8:53]-[#6:52]=,:1[#6:51]=,:[#6:50]([#6:49](-[#8:22]-[#6:10]2=,:[#6:8]([H:63])[#6:9](=,:[#6:13]([#6;R1:12](-[#8:24][H:25])=,:[#6;R1:11]2-[#8:23]-[#6:3]2=,:[#6;R1:2](-[#8:21][H:26])[#6;R1:1](-[#8:20][H:27])=,:[#6:6]([#6:5]=,:[#6:4]2-[#6:14](=[O:19])-[#8][H])-[#8:7][H:45])-[#6:30]2=,:[#6:35](-[#8:36][H:62])[#6;R1:34](-[#8:37][H:43])=,:[#6;R1:33]([#6:32]=,:[#6:31]2-[#6:39](=[O:40])-[#8][H])-[#8:38][H:44])-[#6:15](=[O:16])-[#8][H])=,:[#6;R1:48](-[#8:47][H:46])[#6;R1:55]=,:1-[#8:56][H:57])-[#6:58](-[#8])=[O:59]
base	HYDROLYSIS_OF_GLYCOSYLATED_CONDENSED_GALLOYL_GROUPS_PATTERN11	BTMR0313	Hydrolysis of glycosylated condensed galloyl group	bt:HYDROLYSIS_OF_GLYCOSYLATED_CONDENSED_GALLOYL_GROUPS	2	[$([H][#8]C1([H])[#8]C([H])(C([H])([H])[#8])C([H])([#8])C([H])([#8])C1([H])[#8]),$([H][#6](-[#8])C([H])([#8])C([H])([#8])[#6](-[#8])C([H])([H])[#8])] | [H][#8]-[#6]1=,:[#6](@-[#8])[#6](@-[#8])=,:[#6][#6](=,:[#6]1-[#6]1=,:[#6](-[#8][H])[#6](-[#8])=,:[#6](-[#8])[#6]=,:[#6]1-[#6](=O)-[#8]-[#6])-[#6](=O)-[#8]-[#6]	0		[H:1][#8:2]-[#6:3]1=,:[#6:4](-[#8:27])[#6:5](-[#8:28])=,:[#6:6][#6:7](=,:[#6:8]1-[#6:9]1=,:[#6:10](-[#8:19][H:20])[#6:11](@-[#8:25])=,:[#6:12](@-[#8:26])[#6:13]=,:[#6:14]1-[#6:15](=[O:16])-[#8:17]-[#6:18])-[#6:21](=[O:22])-[#8:23]-[#6:24]>>[H][#8:17]-[#6:18].[H][#8:23]-[#6:24].[H:1][#8:2]-[#6:3]1=,:[#6:4](-[#8:27])[#6:5](-[#8:28])=,:[#6:6][#6:7](=,:[#6:8]1-[#6:9]1=,:[#6:10](-[#8:19][H:20])[#6:11](@-[#8:25])=,:[#6:12](@-[#8:26])[#6:13]=,:[#6:14]1-[#6:15](=[O:16])-[#8][H])-[#6:21](=[O:22])-[#8][H]
base	HYDROLYSIS_OF_GLYCOSYLATED_CONDENSED_GALLOYL_GROUPS_PATTERN12	BTMR0314	Hydrolysis of glycosylated condensed galloyl group	bt:HYDROLYSIS_OF_GLYCOSYLATED_CONDENSED_GALLOYL_GROUPS	1	[#6]-[#8]-[#6](=O)-[#6]1=,:[#6][#6]=,:[#6][#6]=,:[#6]1-[#6]=,:1[#6]=,:[#6][#6]=,:2-[#8]-[#6](=O)-[#6]3=,:[#6]([#6]=,:[#6][#6]=,:4-[#8]-[#6](=O)-[#6]=,:1[#6]=,:2-[#6]3=,:4)-[#6]=,:1[#6]=,:[#6][#6]=,:[#6][#6]=,:1-[#6](=O)-[#8]-[#6]	0		[#6:1]-[#8:2]-[#6:3](=[O:4])-[#6:5]1=,:[#6:6][#6:7]=,:[#6:8][#6:9]=,:[#6:10]1-[#6:11]=,:1[#6:24]=,:[#6:23][#6:22]=,:2-[#8:21]-[#6:19](=[O:20])-[#6:18]3=,:[#6:26]([#6:27]=,:[#6:28][#6:16]=,:4-[#8:15]-[#6:13](=[O:14])-[#6:12]=,:1[#6:25]=,:2-[#6:17]3=,:4)-[#6:29]=,:1[#6:34]=,:[#6:33][#6:32]=,:[#6:31][#6:30]=,:1-[#6:35](=[O:36])-[#8:37]-[#6:38]>>[H][#8]-[#6:38].[H][#8]-[#6:1].[H][#8:2]-[#6:3](=[O:4])-[#6:5]1=,:[#6:6][#6:7]=,:[#6:8][#6:9]=,:[#6:10]1-[#6:11]=,:1[#6:24]=,:[#6:23][#6:22]=,:2-[#8:21]-[#6:19](=[O:20])-[#6:18]3=,:[#6:26]([#6:27]=,:[#6:28][#6:16]=,:4-[#8:15]-[#6:13](=[O:14])-[#6:12]=,:1[#6:25]=,:2-[#6:17]3=,:4)-[#6:29]=,:1[#6:34]=,:[#6:33][#6:32]=,:[#6:31][#6:30]=,:1-[#6:35](=[O:36])-[#8:37][H]
base	HYDROLYSIS_OF_GLYCOSYLATED_CONDENSED_GALLOYL_GROUPS_PATTERN2	BTMR0304	Hydrolysis of glycosylated condensed galloyl group	bt:HYDROLYSIS_OF_GLYCOSYLATED_CONDENSED_GALLOYL_GROUPS	2	[$([H][#8]C1([H])[#8]C([H])(C([H])([H])[#8])C([H])([#8])C([H])([#8])C1([H])[#8]),$([H][#6](-[#8])C([H])([#8])C([H])([#8])[#6](-[#8])C([H])([H])[#8])] | [H][#8]-[#6;R1]1=,:[#6][#6](=,:[#6]-2[#6](-[#8]C3([#8][H])[#6](=O)-[#6]=[#6](-[#6]-2[C;R1]3([#8])[#8])-[#6](=O)-[#8]-[#6])=,:[#6;R1]1-[#8][H])-[#6](=O)-[#8]-[#6]	0		[H:1][#8:2]-[#6;R1:3]1=,:[#6:4][#6:5](=,:[#6:8]-2[#6:20](-[#8:19][C:16]3([#8:17][H:18])[#6:14](=[O:15])-[#6:13]=[#6:10](-[#6:9]-2[C;R1:24]3([#8:26])[#8:25])-[#6:11](=[O:12])-[#8:27]-[#6:29])=,:[#6;R1:21]1-[#8:22][H:23])-[#6:6](=[O:7])-[#8:28]-[#6:30]>>[H][#8:27]-[#6:29].[H][#8:28]-[#6:30].[H:1][#8:2]-[#6;R1:3]1=,:[#6:4][#6:5](=,:[#6:8]-2[#6:20](-[#8:19][C:16]3([#8:17][H:18])[#6:14](=[O:15])-[#6:13]=[#6:10](-[#6:9]-2[C;R1:24]3([#8:26])[#8:25])-[#6:11](-[#8])=[O:12])=,:[#6;R1:21]1-[#8:22][H:23])-[#6:6](-[#8])=[O:7]
base	HYDROLYSIS_OF_GLYCOSYLATED_CONDENSED_GALLOYL_GROUPS_PATTERN3	BTMR0305	Hydrolysis of glycosylated condensed galloyl group	bt:HYDROLYSIS_OF_GLYCOSYLATED_CONDENSED_GALLOYL_GROUPS	2	[$([H][#8]C1([H])[#8]C([H])(C([H])([H])[#8])C([H])([#8])C([H])([#8])C1([H])[#8]),$([H][#6](-[#8])C([H])([#8])C([H])([#8])[#6](-[#8])C([H])([H])[#8])] | [H][#8]-[#6;R1]1=,:[#6][#6](=,:[#6]2[#6;R1](-[#8][C;R1]3([#8][H])C2([H])[#6](=[#6]-[#6;R1](=O)[C;R1]3([#8][H])[#8][H])-[#6](=O)-[#8]-[#6])=,:[#6;R1]1-[#8][H])-[#6](=O)-[#8]-[#6]	0		[H:1][#8:2]-[#6;R1:3]1=,:[#6:4][#6:5](=,:[#6:8]2[#6;R1:9](-[#8:10][C;R1:11]3([#8:12][H:13])[C:14]2([H:15])[#6:16](=[#6:19]-[#6;R1:20](=[O:21])[C;R1:22]3([#8:25][H:26])[#8:23][H:24])-[#6:17](=[O:18])-[#8:30]-[#6:32])=,:[#6;R1:27]1-[#8:28][H:29])-[#6:6](=[O:7])-[#8:31]-[#6:33]>>[H][#8:30]-[#6:32].[H][#8:31]-[#6:33].[H:1][#8:2]-[#6;R1:3]1=,:[#6:4][#6:5](=,:[#6:8]2[#6;R1:9](-[#8:10][C;R1:11]3([#8:12][H:13])[C:14]2([H:15])[#6:16](=[#6:19]-[#6;R1:20](=[O:21])[C;R1:22]3([#8:25][H:26])[#8:23][H:24])-[#6:17](=[O:18])-[#8][H])=,:[#6;R1:27]1-[#8:28][H:29])-[#6:6](=[O:7])-[#8][H]
base	HYDROLYSIS_OF_GLYCOSYLATED_CONDENSED_GALLOYL_GROUPS_PATTERN4	BTMR0306	Hydrolysis of glycosylated condensed galloyl group	bt:HYDROLYSIS_OF_GLYCOSYLATED_CONDENSED_GALLOYL_GROUPS	2	[$([H][#8]C1([H])[#8]C([H])(C([H])([H])[#8])C([H])([#8])C([H])([#8])C1([H])[#8]),$([H][#6](-[#8])C([H])([#8])C([H])([#8])[#6](-[#8])C([H])([H])[#8])] | [H][#8]-[#6]1=,:[#6][#6](=,:[#6]2[#6](-[#8]-[#6](=O)-[#6](-[#8][H])C2([H])C([H])([#6;R](=O)-[#8]-[#6])C([H])([H])[#6](=O)-[#8][H])=,:[#6]1-[#8][H])-[#6;R](=O)-[#8]-[#6]	0		[H:13][#8:12]-[#6:11]=,:1[#6:14]=,:[#6:15]([#6:19]2=,:[#6:7](-[#8:6]-[#6:4](=[O:5])-[#6:3](-[#8:2][H:1])[C:20]2([H:21])[C:22]([H:23])([#6;R:24](=[O:26])-[#8:25]-[#6:35])[C:27]([H:28])([H:29])[#6:30](=[O:31])-[#8:32][H:33])[#6:8]=,:1-[#8:9][H:10])-[#6;R:16](=[O:18])-[#8:17]-[#6:34]>>[H][#8:25]-[#6:35].[H][#8:17]-[#6:34].[H:13][#8:12]-[#6:11]=,:1[#6:14]=,:[#6:15]([#6:19]2=,:[#6:7](-[#8:6]-[#6:4](=[O:5])-[#6:3](-[#8:2][H:1])[C:20]2([H:21])[C:22]([H:23])([#6:24](=[O:26])-[#8][H])[C:27]([H:28])([H:29])[#6:30](=[O:31])-[#8:32][H:33])[#6:8]=,:1-[#8:9][H:10])-[#6:16](=[O:18])-[#8][H]
base	HYDROLYSIS_OF_GLYCOSYLATED_CONDENSED_GALLOYL_GROUPS_PATTERN5	BTMR0307	Hydrolysis of glycosylated condensed galloyl group	bt:HYDROLYSIS_OF_GLYCOSYLATED_CONDENSED_GALLOYL_GROUPS	2	[$([H][#8]C1([H])[#8]C([H])(C([H])([H])[#8])C([H])([#8])C([H])([#8])C1([H])[#8]),$([H][#6](-[#8])C([H])([#8])C([H])([#8])[#6](-[#8])C([H])([H])[#8])] | [H][#8]-[#6]1=,:[#6][#6](=,:[#6](-[#8]-[#6]=,:2[#6](-[#8][H])=,:[#6]([#6]=,:[#6]-3[#6]=,:2-[#8]-[#6](=O)-[#6]=,:2[#6]=,:[#6](-[#8][H])[#6](-[#8][H])=,:[#6](-[#8][H])[#6]-3=,:2)-[#6](=O)-[#8]-[#6])[#6](-[#8][H])=,:[#6]1-[#8][H])-[#6](=O)-[#8]-[#6]	0		[H:36][#8:13]-[#6:12]1=,:[#6:11][#6:10](=,:[#6:9](-[#8:8]-[#6:7]=,:2[#6:5](-[#8:6][H:42])=,:[#6:4]([#6:35]=,:[#6:34]-3[#6:21]=,:2-[#8:22]-[#6:23](=[O:24])-[#6:25]=,:2[#6:33]=,:[#6:31](-[#8:32][H:41])[#6:29](-[#8:30][H:40])=,:[#6:27](-[#8:28][H:39])[#6:26]-3=,:2)-[#6:2](=[O:3])-[#8:1]-[#6:43])[#6:16](-[#8:17][H:38])=,:[#6:14]1-[#8:15][H:37])-[#6:18](=[O:20])-[#8:19]-[#6:44]>>[H][#8:1]-[#6:43].[H][#8:19]-[#6:44].[H:36][#8:13]-[#6:12]1=,:[#6:11][#6:10](=,:[#6:9](-[#8:8]-[#6:7]=,:2[#6:5](-[#8:6][H:42])=,:[#6:4]([#6:35]=,:[#6:34]-3[#6:21]=,:2-[#8:22]-[#6:23](=[O:24])-[#6:25]=,:2[#6:33]=,:[#6:31](-[#8:32][H:41])[#6:29](-[#8:30][H:40])=,:[#6:27](-[#8:28][H:39])[#6:26]-3=,:2)-[#6:2](=[O:3])-[#8][H])[#6:16](-[#8:17][H:38])=,:[#6:14]1-[#8:15][H:37])-[#6:18](=[O:20])-[#8][H]
base	HYDROLYSIS_OF_GLYCOSYLATED_CONDENSED_GALLOYL_GROUPS_PATTERN6	BTMR0308	Hydrolysis of glycosylated condensed galloyl group	bt:HYDROLYSIS_OF_GLYCOSYLATED_CONDENSED_GALLOYL_GROUPS	2	[$([H][#8]C1([H])[#8]C([H])(C([H])([H])[#8])C([H])([#8])C([H])([#8])C1([H])[#8]),$([H][#6](-[#8])C([H])([#8])C([H])([#8])[#6](-[#8])C([H])([H])[#8])] | [H][#8]-[#6]1=,:[#6][#6](=,:[#6](-[#8]-[#6;R1]2=,:[#6][#6](=,:[#6]([#6;R1](-[#8][H])=,:[#6;R1]2-[#8][H])-[#6]2=,:[#6]([#6]=,:[#6;R1](-[#8][H])[#6;R1](-[#8][H])=,:[#6;R1]2-[#8][H])-[#6](=O)-[#8]-[#6])-[#6](=O)-[#8]-[#6])[#6](-[#8][H])=,:[#6]1-[#8][H])-[#6](=O)-[#8]-[#6]	0		[H:47][#8:25]-[#6:24]1=,:[#6:23][#6:22](=,:[#6:21](-[#8:20]-[#6;R1:19]2=,:[#6:18][#6:17](=,:[#6:16]([#6;R1:38](-[#8:39][H:40])=,:[#6;R1:35]2-[#8:36][H:37])-[#6:9]2=,:[#6:5]([#6:4]=,:[#6;R1:3](-[#8:2][H:1])[#6;R1:13](-[#8:14][H:15])=,:[#6;R1:10]2-[#8:11][H:12])-[#6:6](=[O:8])-[#8:7]-[#6:44])-[#6:41](=[O:43])-[#8:42]-[#6:45])[#6:29](-[#8:30][H:31])=,:[#6:26]1-[#8:27][H:28])-[#6:32](=[O:34])-[#8:33]-[#6:46]>>[H][#8:7]-[#6:44].[H][#8:42]-[#6:45].[H][#8:33]-[#6:46].[H:47][#8:25]-[#6:24]1=,:[#6:23][#6:22](=,:[#6:21](-[#8:20]-[#6;R1:19]2=,:[#6:18][#6:17](=,:[#6:16]([#6;R1:38](-[#8:39][H:40])=,:[#6;R1:35]2-[#8:36][H:37])-[#6:9]2=,:[#6:5]([#6:4]=,:[#6;R1:3](-[#8:2][H:1])[#6;R1:13](-[#8:14][H:15])=,:[#6;R1:10]2-[#8:11][H:12])-[#6:6](=[O:8])-[#8][H])-[#6:41](=[O:43])-[#8][H])[#6:29](-[#8:30][H:31])=,:[#6:26]1-[#8:27][H:28])-[#6:32](=[O:34])-[#8][H]
base	HYDROLYSIS_OF_GLYCOSYLATED_CONDENSED_GALLOYL_GROUPS_PATTERN7	BTMR0309	Hydrolysis of glycosylated condensed galloyl group	bt:HYDROLYSIS_OF_GLYCOSYLATED_CONDENSED_GALLOYL_GROUPS	2	[$([H][#8]C1([H])[#8]C([H])(C([H])([H])[#8])C([H])([#8])C([H])([#8])C1([H])[#8]),$([H][#6](-[#8])C([H])([#8])C([H])([#8])[#6](-[#8])C([H])([H])[#8])] | [H][#8]-[#6;R1]1=,:[#6][#6](=,:[#6][#6](-[#8]-[#6]=,:2[#6](=,:[#6][#6;R1](-[#8][H])=,:[#6;R1](-[#8][H])[#6]=,:2-[#8][H])-[#6](=O)-[#8]-[#6])=,:[#6;R1]1-[#8][H])-[#6](=O)-[#8]-[#6]	0		[H:28][#8:21]-[#6;R1:2]1=,:[#6:3][#6:4](=,:[#6:5][#6:6](-[#8:7]-[#6:8]=,:2[#6:9](=,:[#6:13][#6;R1:12](-[#8:24][H:25])=,:[#6;R1:11](-[#8:23][H:26])[#6:10]=,:2-[#8:22][H:27])-[#6:15](=[O:16])-[#8:17]-[#6:30])=,:[#6;R1:1]1-[#8:20][H:29])-[#6:14](=[O:19])-[#8:18]-[#6:31]>>[H][#8:18]-[#6:31].[H][#8:17]-[#6:30].[H:28][#8:21]-[#6;R1:2]1=,:[#6:3][#6:4](=,:[#6:5][#6:6](-[#8:7]-[#6:8]=,:2[#6:9](=,:[#6:13][#6;R1:12](-[#8:24][H:25])=,:[#6;R1:11](-[#8:23][H:26])[#6:10]=,:2-[#8:22][H:27])-[#6:15](=[O:16])-[#8][H])=,:[#6;R1:1]1-[#8:20][H:29])-[#6:14](=[O:19])-[#8][H]
base	HYDROLYSIS_OF_GLYCOSYLATED_CONDENSED_GALLOYL_GROUPS_PATTERN8	BTMR0310	Hydrolysis of glycosylated condensed galloyl group	bt:HYDROLYSIS_OF_GLYCOSYLATED_CONDENSED_GALLOYL_GROUPS	2	[$([H][#8]C1([H])[#8]C([H])(C([H])([H])[#8])C([H])([#8])C([H])([#8])C1([H])[#8]),$([H][#6](-[#8])C([H])([#8])C([H])([#8])[#6](-[#8])C([H])([H])[#8])] | [H][#8]-[#6;R1]1=,:[#6][#6](=,:[#6][#6](-[#8]-[#6]2=,:[#6](-[#8][H])[#6;R1](-[#8][H])=,:[#6;R1](-[#8][H])[#6](-[#6]=,:3[#6](=,:[#6][#6;R1](-[#8][H])=,:[#6;R1](-[#8][H])[#6]=,:3-[#8][H])-[#6](=O)-[#8]-[#6])=,:[#6]2-[#6](=O)-[#8]-[#6])=,:[#6;R1]1-[#8][H])-[#6](=O)-[#8]-[#6]	0		[H:28][#8:21]-[#6;R1:2]1=,:[#6:3][#6:4](=,:[#6:5][#6:6](-[#8:7]-[#6:8]2=,:[#6:10](-[#8:22][H:27])[#6;R1:11](-[#8:23][H:26])=,:[#6;R1:12](-[#8:24][H:25])[#6:13](-[#6:32]=,:3[#6:33](=,:[#6:34][#6;R1:35](-[#8:40][H:47])=,:[#6;R1:36](-[#8:39][H:46])[#6:37]=,:3-[#8:38][H:45])-[#6:41](=[O:42])-[#8:43]-[#6:44])=,:[#6:9]2-[#6:15](=[O:16])-[#8:17]-[#6:30])=,:[#6;R1:1]1-[#8:20][H:29])-[#6:14](=[O:19])-[#8:18]-[#6:31]>>[H][#8:18]-[#6:31].[H][#8:17]-[#6:30].[H][#8:43]-[#6:44].[H:28][#8:21]-[#6;R1:2]1=,:[#6:3][#6:4](=,:[#6:5][#6:6](-[#8:7]-[#6:8]2=,:[#6:10](-[#8:22][H:27])[#6;R1:11](-[#8:23][H:26])=,:[#6;R1:12](-[#8:24][H:25])[#6:13](-[#6:32]=,:3[#6:33](=,:[#6:34][#6;R1:35](-[#8:40][H:47])=,:[#6;R1:36](-[#8:39][H:46])[#6:37]=,:3-[#8:38][H:45])-[#6:41](=[O:42])-[#8][H])=,:[#6:9]2-[#6:15](=[O:16])-[#8][H])=,:[#6;R1:1]1-[#8:20][H:29])-[#6:14](=[O:19])-[#8][H]
base	HYDROLYSIS_OF_GLYCOSYLATED_CONDENSED_GALLOYL_GROUPS_PATTERN9	BTMR0311	Hydrolysis of glycosylated condensed galloyl group	bt:HYDROLYSIS_OF_GLYCOSYLATED_CONDENSED_GALLOYL_GROUPS	2	[$([H][#8]C1([H])[#8]C([H])(C([H])([H])[#8])C([H])([#8])C([H])([#8])C1([H])[#8]),$([H][#6](-[#8])C([H])([#8])C([H])([#8])[#6](-[#8])C([H])([H])[#8])] | [H][#8]-[#6]1=,:[#6][#6](=,:[#6]([#6;R1](-[#8][H])=,:[#6;R1]1-[#8][H])-[#6]=,:1[#6](=,:[#6][#6;R1](-[#8][H])=,:[#6;R1](-[#8][H])[#6]=,:1-[#8]-[#6]=,:1[#6](=,:[#6][#6](-[#8][H])=,:[#6;R1](-[#8][H])[#6;R1]=,:1-[#8][H])-[#6](=O)-[#8]-[#6])-[#6](=O)-[#8]-[#6])-[#6](=O)-[#8]-[#6]	0		[H:27][#8:22]-[#6:10]1=,:[#6:8][#6:9](=,:[#6:13]([#6;R1:12](-[#8:24][H:25])=,:[#6;R1:11]1-[#8:23][H:26])-[#6:32]=,:1[#6:33](=,:[#6:34][#6;R1:35](-[#8:40][H:46])=,:[#6;R1:36](-[#8:39][H:45])[#6:37]=,:1-[#8:38]-[#6:3]=,:1[#6:4](=,:[#6:5][#6:6](-[#8:7][H:47])=,:[#6;R1:1](-[#8:20][H:29])[#6;R1:2]=,:1-[#8:21][H:28])-[#6:14](=[O:19])-[#8:18]-[#6:31])-[#6:41](=[O:42])-[#8:43]-[#6:44])-[#6:15](=[O:16])-[#8:17]-[#6:30]>>[H][#8:18]-[#6:31].[H][#8:17]-[#6:30].[H][#8:43]-[#6:44].[H:27][#8:22]-[#6:10]1=,:[#6:8][#6:9](=,:[#6:13]([#6;R1:12](-[#8:24][H:25])=,:[#6;R1:11]1-[#8:23][H:26])-[#6:32]=,:1[#6:33](=,:[#6:34][#6;R1:35](-[#8:40][H:46])=,:[#6;R1:36](-[#8:39][H:45])[#6:37]=,:1-[#8:38]-[#6:3]=,:1[#6:4](=,:[#6:5][#6:6](-[#8:7][H:47])=,:[#6;R1:1](-[#8:20][H:29])[#6;R1:2]=,:1-[#8:21][H:28])-[#6:14](-[#8])=[O:19])-[#6:41](=[O:42])-[#8][H])-[#6:15](=[O:16])-[#8][H]
base	HYDROLYSIS_OF_O_ARYL_CARBAMATE	BTMR1250	Hydrolysis of O-arylcarbamate	bt:HYDROLYSIS_OF_O_ARYL_CARBAMATE	1	[#6;!$(C=[O,N,S])]-[#7;X3](-[#1,$([#6;!$(C=[O,N,S])])])-[#6;X3](=[O;X1])-[#8;X2]!@-[#6]=,:1[#6]=,:[#6][#6]=,:[#6][#6]=,:1	0		[#6;!$(C=[O,N,S]):1]-[#7;X3:2](-[#1,$([#6;!$(C=[O,N,S])]):3])-[#6;X3:4](=[O;X1:5])-[#8;X2:6]!@-[#6:11]=,:1[#6:12]=,:[#6:7][#6:8]=,:[#6:9][#6:10]=,:1>>[H][#8;X2:6]-[#6;X3:4](=[O;X1:5])-[#7;X3:2](-[#6;!$(C=[O,N,S]):1])-[#1,$([#6;!$(C=[O,N,S])]):3].[H][#8]-[#6:11]=,:1[#6:12]=,:[#6:7][#6:8]=,:[#6:9][#6:10]=,:1
base	HYDROLYSIS_OF_SECONDARY_ALKYL_SULFATE_ESTER_PATTERN1	BTMR1316	Hydrolysis of secondary alkylsulfate ester	bt:HYDROLYSIS_OF_SECONDARY_ALKYL_SULFATE_ESTER	1	[H][#6;A;H1X4;!$(C([OX2H])[O,S,#7,#15])](!@-[#6])(!@-[#6])[#8;X2][S;X4]([#8;A;X1-,X2H1])(=[O;X1])=[O;X1]	0		[H:3][#6;A;H1X4;!$(C([OX2H])[O,S,#7,#15]):2](!@-[#6:4])(!@-[#6:5])[#8;X2:1][S;X4:6]([#8;A;X1-,X2H1:9])(=[O;X1:7])=[O;X1:8]>>[H][#8][#6;A;X4:2]([H:3])(!@-[#6:4])!@-[#6:5].[H][#8;X2:1][S;X4:6]([#8;A;X1-,X2H1:9])(=[O;X1:7])=[O;X1:8]
base	HYDROLYSIS_OF_TERMINAL_14_LINKED_ALPHA_D_GLUCOSE_PATTERN1	BTMR0640	Hydrolysis of terminal 1,4-linked alpha-D-glucose	bt:HYDROLYSIS_OF_TERMINAL_14_LINKED_ALPHA_D_GLUCOSE	1	[H][#8]C([H])([H])[C@@]1([H])[#8][C@]([H])([#8]-*)C([H])([#8][H])[C@@]([H])([#8][H])C1([H])[#8][H]	0		[#6:1]-[#8;X2][#6;A;H1X4R1;@]1[#8][#6;A;H1X4R1;@]([#6;A;H2X4R0][#8;A;H1X2])[#6;A;H1X4R1]([#8;A;H1X2])[#6;A;H1X4R1;@]([#8;A;H1X2])[#6;A;H1X4R1]1[#8;A;H1X2]>>[H][#8]-[#6:1].[H][#8;X2][#6;A;H1X4R1;@]1[#8][#6;A;H1X4R1;@]([#6;A;H2X4R0][#8;A;H1X2])[#6;A;H1X4R1]([#8;A;H1X2])[#6;A;H1X4R1;@]([#8;A;H1X2])[#6;A;H1X4R1]1[#8;A;H1X2]
base	HYDROLYSIS_OF_TERMINAL_ALPHA_GALACTOSE	BTMR0563	Hydrolysis of terminal alpha-galactose	bt:HYDROLYSIS_OF_TERMINAL_ALPHA_GALACTOSE	1	[#6]-[#8;X2][#6;A@H;H1X4R1]1[#8][#6;A@H;H1X4R1]([#6;A;H2X4R0][#8;A;H1X2])[#6;A@H;H1X4R1]([#8;A;H1X2])[#6;A@H;H1X4R1]([#8;A;H1X2])[#6;A@H;H1X4R1]1[#8;A;H1X2]	0		[#6:12]-[#8;X2:10][#6;A@H;H1X4R1:6]1[#8:1][#6;A@H;H1X4R1:2]([#6;A;H2X4R0:7][#8;A;H1X2:13])[#6;A@H;H1X4R1:3]([#8;A;H1X2:8])[#6;A@H;H1X4R1:4]([#8;A;H1X2:9])[#6;A@H;H1X4R1:5]1[#8;A;H1X2:11]>>[H][#8]-[#6:12].[H][#8;X2:10][#6;A@H;H1X4R1:6]1[#8:1][#6;A@H;H1X4R1:2]([#6;A;H2X4R0:7][#8;A;H1X2:13])[#6;A@H;H1X4R1:3]([#8;A;H1X2:8])[#6;A@H;H1X4R1:4]([#8;A;H1X2:9])[#6;A@H;H1X4R1:5]1[#8;A;H1X2:11]
base	HYDROLYSIS_OF_TERMINAL_BETA_D_GLUCOSE_PATTERN1	BTMR0641	Hydrolysis of terminal beta-D-glucose	bt:HYDROLYSIS_OF_TERMINAL_BETA_D_GLUCOSE	1	[H][#8]C([H])([H])[C@@]1([H])[#8][C@@]([H])([#8]-*)C([H])([#8][H])[C@@]([H])([#8][H])C1([H])[#8][H]	0		[H:1][#8:2][C:3]([H:4])([H:5])[C@@:6]1([H:7])[#8:8][C@@:9]([H:10])([#8:11]-[*:12])[C:13]([H:14])([#8:15][H:16])[C@@:17]([H:18])([#8:19][H:20])[C:21]1([H:22])[#8:23][H:24]>>[H][#8]-[*:12].[H:1][#8:2][C:3]([H:4])([H:5])[C@@:6]1([H:7])[#8:8][C@@:9]([H:10])([#8:11][H])[C:13]([H:14])([#8:15][H:16])[C@@:17]([H:18])([#8:19][H:20])[C:21]1([H:22])[#8:23][H:24]
base	HYDROLYSIS_OF_TERMINAL_BETA_GALACTOSE	BTMR0564	Hydrolysis of terminal beta-galactose	bt:HYDROLYSIS_OF_TERMINAL_BETA_GALACTOSE	1	[#6]-[#8;X2][#6;A@@H;H1X4R1]1[#8][#6;A@H;H1X4R1]([#6;A;H2X4R0][#8;A;H1X2])[#6;A@H;H1X4R1]([#8;A;H1X2])[#6;A@H;H1X4R1]([#8;A;H1X2])[#6;A@H;H1X4R1]1[#8;A;H1X2]	0		[#6:12]-[#8;X2:10][#6;A@@H;H1X4R1:6]1[#8:1][#6;A@H;H1X4R1:2]([#6;A;H2X4R0:7][#8;A;H1X2:13])[#6;A@H;H1X4R1:3]([#8;A;H1X2:8])[#6;A@H;H1X4R1:4]([#8;A;H1X2:9])[#6;A@H;H1X4R1:5]1[#8;A;H1X2:11]>>[H][#8]-[#6:12].[H][#8;X2:10][#6;A;H1X4R1:6]1[#8:1][#6;A@H;H1X4R1:2]([#6;A;H2X4R0:7][#8;A;H1X2:13])[#6;A@H;H1X4R1:3]([#8;A;H1X2:8])[#6;A@H;H1X4R1:4]([#8;A;H1X2:9])[#6;A@H;H1X4R1:5]1[#8;A;H1X2:11]
base	HYDROXYCINNAMIC_ACID_DECARBOXYLATION	BTMR0283	Decarboxylation of hydroxycinnamic acid	bt:HYDROXYCINNAMIC_ACID_DECARBOXYLATION	1	[H][#6;A;X3](=[#6;A;H1X3]/[#6;R1]=,:1[#6;R1]=,:[#6;R1](-[#1,$([O][H]),$([O][C](-[H])(-[H])[H])])[#6;R1]([#8;A;H1X2])=,:[#6;R1](-[#1,$([O][H]),$([O][C](-[H])(-[H])[H])])[#6;R1]=,:1)[#6]([#8;A;X2H1,X1-])=[O;X1]	0		[H][#8;A][#6](=[O;X1])[#6;A;X3:11]([H:12])=[#6;A;H1X3:10][#6;R1:6]=,:1[#6;R1:5]=,:[#6;R1:3](-[#1,$([O][H]),$([O][C](-[H])(-[H])[H]):4])[#6;R1:2]([#8;A;H1X2:1])=,:[#6;R1:8](-[#1,$([O][H]),$([O][C](-[H])(-[H])[H]):9])[#6;R1:7]=,:1>>[H][#6;A;X3:11]([H:12])=[#6;A;H1X3:10][#6;R1:6]=,:1[#6;R1:5]=,:[#6;R1:3](-[#1,$([O][H]),$([O][C](-[H])(-[H])[H]):4])[#6;R1:2]([#8;A;H1X2:1])=,:[#6;R1:8](-[#1,$([O][H]),$([O][C](-[H])(-[H])[H]):9])[#6;R1:7]=,:1
base	HYDROXYLAMINE_N_GLUCURONIDATION_PATTERN1	BTMR0169	N-Glucuronidation of hydroxylamine	bt:HYDROXYLAMINE_N_GLUCURONIDATION	1	[H][#7;A;X3R0;!$(NC=[O,N,S])](!@-[#6])[#8;A;X2R0;$([H1]),$(O[#6;!$(C=[N,O,S])])]	2	[H][#7]([#6;A;H2X4][#6](-[#8])=O)-[#6](=O)[#6;A;H1X4]([#6;A;H2X4][#16][#6,#8,#16;A])[#7]([H])-[#6](=O)[#6;A;H2X4][#6;A;H2X4][#6;A;H1X4]([#7])[#6](-[#8])=O | [#8]-,=[#6](-,=[#7]-[#6]-,=[#6]-,=[#16])-[#6]-[#6]-[#7]-,=[#6](-,=[#8])-[#6](-,=[#8])C([#6])([#6])[#6]-[#8]P([#8])(=O)[#8]P([#8])(=O)[#8]-[#6]-[#6]-1-[#8]-[#6](-[#7]~2~[#6]~[#7]~[#6]~3~[#6]~2~[#7]~[#6]~[#7]~[#6]~3-[#7])-[#6](-[#8])-[#6]-1-[#8]	[H][#7;A;X3R0;!$(NC=[O,N,S]):1](!@-[#6:2])[#8;A;X2R0;$([H1]),$(O[#6;!$(C=[N,O,S])]):3]>>[#6:2]!@-[#7;A;X3R0;!$(NC=[O,N,S]):1]([#8;A;X2R0;$([H1]),$(O[#6;!$(C=[N,O,S])]):3])[#6@H]-1-[#8]-[#6@@H](-[#6@@H](-[#8])-[#6@H](-[#8])-[#6@H]-1-[#8])-[#6](-[#8])=O
base	HYDROXYLAMINE_N_GLUCURONIDATION_PATTERN2	BTMR1317	N-Glucuronidation of hydroxylamine	bt:HYDROXYLAMINE_N_GLUCURONIDATION	1	[#6]!@-[#7;A;H0X3;$([H0]([#6])[#6])!$(NC=[O,N,S])](!@-[#6])[#8;A;X2;$([H1]),$(O[#6;!$(C=[N,O,S])])]	2	[H][#7]([#6;A;H2X4][#6](-[#8])=O)-[#6](=O)[#6;A;H1X4]([#6;A;H2X4][#16][#6,#8,#16;A])[#7]([H])-[#6](=O)[#6;A;H2X4][#6;A;H2X4][#6;A;H1X4]([#7])[#6](-[#8])=O | [#8]-,=[#6](-,=[#7]-[#6]-,=[#6]-,=[#16])-[#6]-[#6]-[#7]-,=[#6](-,=[#8])-[#6](-,=[#8])C([#6])([#6])[#6]-[#8]P([#8])(=O)[#8]P([#8])(=O)[#8]-[#6]-[#6]-1-[#8]-[#6](-[#7]~2~[#6]~[#7]~[#6]~3~[#6]~2~[#7]~[#6]~[#7]~[#6]~3-[#7])-[#6](-[#8])-[#6]-1-[#8]	[#6:1]!@-[#7;A;H0X3;$([H0]([#6])[#6])!$(NC=[O,N,S]):2](!@-[#6:3])[#8;A;X2;$([H1]),$(O[#6;!$(C=[N,O,S])]):4]>>[#6:1]!@-[#7;A;X4+;$([H0]([#6])[#6])!$(NC=[O,N,S]):2](!@-[#6:3])([#8;A;X2;$([H1]),$(O[#6;!$(C=[N,O,S])]):4])[#6]-1-[#8]-[#6@@H](-[#6@@H](-[#8])-[#6@H](-[#8])-[#6@H]-1-[#8])-[#6](-[#8])=O
base	HYDROXYLATION_OF_ACYCLIC_ALIPHATIC_SECONDARY_CARBON	BTMR1063	Hydroxylation of acyclic aliphatic secondary carbon	bt:HYDROXYLATION_OF_ACYCLIC_ALIPHATIC_SECONDARY_CARBON	1	[H][#6;A;X4R0]([H])([#6;X4](-[*,#1])-[*,#1])[#6;X4](-[*,#1])-[*,#1]	0		[H][#6;A;X4R0:1]([H:2])([#6;X4:3](-[*,#1:4])-[*,#1:5])[#6;X4:6](-[*,#1:7])-[*,#1:8]>>[H][#8][#6;A;X4R0:1]([H:2])([#6;X4:3](-[*,#1:4])-[*,#1:5])[#6;X4:6](-[*,#1:7])-[*,#1:8]
base	HYDROXYLATION_OF_ALICYCLIC_SECONDARY_CARBON_PATTERN1	BTMR1065	Hydroxylation of alicyclic secondary carbon	bt:HYDROXYLATION_OF_ALICYCLIC_SECONDARY_CARBON	1	[H][#6;A]1([#1,#6])[#6](-[*,#1])-,=[#6]1-[*,#1]	0		[H][#6;A:1]1([#1,#6:2])[#6:3](-[*,#1:4])-,=[#6:5]1-[*,#1:6]>>[H][#8][#6;A:1]1([#1,#6:2])[#6:3](-[*,#1:4])-,=[#6:5]1-[*,#1:6]
base	HYDROXYLATION_OF_ALICYCLIC_SECONDARY_CARBON_PATTERN3	BTMR1067	Hydroxylation of alicyclic secondary carbon	bt:HYDROXYLATION_OF_ALICYCLIC_SECONDARY_CARBON	1	[H][#6;A;X4]1([H])[#6](-[*,#1])-,=[#6]-,=[#6]-,=[#6]1-[*,#1]	0		[H:1][#6;A;X4:2]1([H:3])[#6:4](-[*,#1:5])-,=[#6:6]-,=[#6:7]-,=[#6:8]1-[*,#1:9]>>[H:1][#8][#6;A;X4:2]1([H:3])[#6:4](-[*,#1:5])-,=[#6:6]-,=[#6:7]-,=[#6:8]1-[*,#1:9]
base	HYDROXYLATION_OF_ALICYCLIC_SECONDARY_CARBON_PATTERN4	BTMR1068	Hydroxylation of alicyclic secondary carbon	bt:HYDROXYLATION_OF_ALICYCLIC_SECONDARY_CARBON	1	[H][#6;A]1([H])[#6](-[*,#1])-,=[#6]-,=[#6]-,=[#6]-,=[#6]1-[*,#1]	0		[H:10][#6;A:2]1([H:1])[#6:8](-[*,#1:9])-,=[#6:7]-,=[#6:6]-,=[#6:5]-,=[#6:3]1-[*,#1:4]>>[H:1][#8][#6;A:2]1([H:10])[#6:8](-[*,#1:9])-,=[#6:7]-,=[#6:6]-,=[#6:5]-,=[#6:3]1-[*,#1:4]
base	HYDROXYLATION_OF_ALICYCLIC_SECONDARY_CARBON_PATTERN5	BTMR1069	Hydroxylation of alicyclic secondary carbon	bt:HYDROXYLATION_OF_ALICYCLIC_SECONDARY_CARBON	1	[H][#6;A]1([#1,!#6])[#6](-[*,#1])-,=[#6]-,=[#6]-,=[#6]-,=[#6]-,=[#6]1-[*,#1]	0		[H][#6;A:1]1([#1,!#6:2])[#6:3](-[*,#1:4])-,=[#6:5]-,=[#6:6]-,=[#6:7]-,=[#6:8]-,=[#6:9]1-[*,#1:10]>>[H][#8][#6;A:1]1([#1,!#6:2])[#6:3](-[*,#1:4])-,=[#6:5]-,=[#6:6]-,=[#6:7]-,=[#6:8]-,=[#6:9]1-[*,#1:10]
base	HYDROXYLATION_OF_ALICYCLIC_TERTIARY_CARBON	BTMR1243	Hydroxylation of alicyclic tertiary carbon	bt:HYDROXYLATION_OF_ALICYCLIC_TERTIARY_CARBON	1	[#6;R]@-[#6;A;H1X4R](@-[#6;A;R])@-[#6;A;R]	0		[H:5][#6;A;X4R:2](@-[#6;A;R:4])(@-[#6;R:3])@-[#6;A;R:1]>>[H:5][#8][#6;A;X4R:2](@-[#6;A;R:4])(@-[#6;R:3])@-[#6;A;R:1]
base	HYDROXYLATION_OF_ALIPHATIC_NON_TERMINAL_CARBON_ADJACENT_TO_AROMATIC_RING	BTMR1077	Hydroxylation of non-terminal aliphatic carbon adjacent to aromatic ring	bt:HYDROXYLATION_OF_ALIPHATIC_NON_TERMINAL_CARBON_ADJACENT_TO_AROMATIC_RING	1	[H][#6;A;!$([CX4H3])](!@-[#6;a])(!@-[#6,#1;A;R0])!@-*	0		[H:1][#6;A;!$([CX4H3]):2](!@-[#6;a:3])(!@-[#6,#1;A;R0:4])!@-[*:5]>>[H:1][#8][#6;A:2](!@-[#6;a:3])(!@-[#6,#1;A;R0:4])!@-[*:5]
base	HYDROXYLATION_OF_ALIPHATIC_PENULTIMATE_CARBON_ADJACENT_TO_AROMATIC_CARBON	BTMR1076	Hydroxylation of penultimate aliphatic carbon adjacent to aromatic carbon	bt:HYDROXYLATION_OF_ALIPHATIC_PENULTIMATE_CARBON_ADJACENT_TO_AROMATIC_CARBON	1	[H][C;X4]([H])([H])C([H])([#6;a])[*,#1]	0		[H:4][C;X4:2]([H:3])([H:1])[C:5]([H])([#6;a:7])[*,#1:6]>>[H:4][C;X4:2]([H:3])([H:1])[C:5]([#6;a:7])([#8])[*,#1:6]
base	HYDROXYLATION_OF_ALIPHATIC_SECONDARY_ANTEPENULTIMATE_CARBON_PATTERN1	BTMR1072	Hydroxylation of antepenultimate aliphatic secondary carbon	bt:HYDROXYLATION_OF_ALIPHATIC_SECONDARY_ANTEPENULTIMATE_CARBON	1	[H][C;X4R0]([H])([H])[C;R0]([H])([H])[C;R0]([H])([H])[#6]	0		[H:8][C;X4R0:2]([H:3])([H:1])[C;R0:4]([H:6])([H:5])[C;R0:7]([H:9])([H])[#6:10]>>[H][#8][C;R0:7]([H:9])([#6:10])[C;R0:4]([H:6])([H:5])[C;X4R0:2]([H:8])([H:3])[H:1]
base	HYDROXYLATION_OF_ALIPHATIC_SECONDARY_PENULTIMATE_CARBON	BTMR1074	Hydroxylation of penultimate aliphatic secondary carbon	bt:HYDROXYLATION_OF_ALIPHATIC_SECONDARY_PENULTIMATE_CARBON	1	[H][C;X4]([H])([H])C([H])([H])[#6]	0		[H:1][C;X4:2]([H:3])([H:4])[C:5]([H:6])([H])[#6:7]>>[H:1][C;X4:2]([H:3])([H:4])[C:5]([H:6])([#6:7])[#8]
base	HYDROXYLATION_OF_ALIPHATIC_TERTIARY_PENULTIMATE_CARBON	BTMR1075	Hydroxylation of penultimate aliphatic tertiary carbon	bt:HYDROXYLATION_OF_ALIPHATIC_TERTIARY_PENULTIMATE_CARBON	1	[H][C;X4]([H])([H])[C;X4]([H])([#6])[#6]	0		[H:4][C;X4:2]([H:3])([H:1])[C;X4:5]([H])([#6:7])[#6:6]>>[H:4][C;X4:2]([H:3])([H:1])[C;X4:5]([#6:7])([#6:6])[#8]
base	HYDROXYLATION_OF_ALKYL_METHINE	BTMR0053	Hydroxylation of alkyl methine	bt:HYDROXYLATION_OF_ALKYL_METHINE	1	[H][#6;A;R0]([#6;A;X4])([#6;A;X4])[#6;A;X4]	0		[H:1][#6;A;R0:2]([#6;A;X4:5])([#6;A;X4:4])[#6;A;X4:3]>>[H:1][#8][#6;A;R0:2]([#6;A;X4:5])([#6;A;X4:4])[#6;A;X4:3]
base	HYDROXYLATION_OF_AROMATIC_CARBON_META_TO_HALIDE_GROUP	BTMR1039	Hydroxylation of aromatic carbon meta to halide group	bt:HYDROXYLATION_OF_AROMATIC_CARBON_META_TO_HALIDE_GROUP	1	[H]c:*:c-[F,Cl,Br,I]	0		[H][c:1]:[*:2]:[c:3]-[F,Cl,Br,I:4]>>[#8]-[c:1]:[*:2]:[c:3]-[F,Cl,Br,I:4]
base	HYDROXYLATION_OF_AROMATIC_CARBON_ORTHO_TO_HALIDE_GROUP	BTMR1040	Hydroxylation of aromatic carbon ortho to halide group	bt:HYDROXYLATION_OF_AROMATIC_CARBON_ORTHO_TO_HALIDE_GROUP	1	[H]c(:*):c-[F,Cl,Br,I]	0		[H][c:2](:[*:4]):[c:1]-[F,Cl,Br,I:3]>>[H][#8]-[c:2](:[*:4]):[c:1]-[F,Cl,Br,I:3]
base	HYDROXYLATION_OF_AROMATIC_CARBON_PARA_TO_HALIDE_GROUP	BTMR1041	Hydroxylation of aromatic carbon para to halide group	bt:HYDROXYLATION_OF_AROMATIC_CARBON_PARA_TO_HALIDE_GROUP	1	[H]c:*:*:c-[F,Cl,Br,I]	0		[H][c:3]:[*:2]:[*:1]:[c:4]-[F,Cl,Br,I:5]>>[H][#8]-[c:3]:[*:2]:[*:1]:[c:4]-[F,Cl,Br,I:5]
base	HYDROXYLATION_OF_BENZENE_META_TO_EWG	BTMR1049	Hydroxylation of benzene on carbon meta to electron withdrawing group	bt:HYDROXYLATION_OF_BENZENE_META_TO_EWG	1	[H][#6;R1]1=,:[#6;R1][#6;R1]=,:[#6;R1][#6;R1](-[$(C([Br])([Br])[Br]),$(C([Cl])([Cl])[Cl]),$(C([F])([F])[F]),$(C([I])([I])[I]),$(C#[NX1]),$([NX1+]),$([#16;A](=O)(=O)[OX2H1,OX1-]),$([NX4H3+1]),$([NX4H0+;$([N]([#6])([#6])[#6][#6]);!$([N]*~[#7,#8,#15,#16])]),$([$([NX3](=O)=O),$([NX3+](=O)[O-])][!#8]),$([$([CX3H][#6]),$([CX3H2])]=[OX1]),$([#6][CX3](=[OX1])[#6]),$([CX3;$([R0][#6]),$([H1R0])](=[OX1])[$([OX2H]),$([OX1-])]),$([CX3;$([R0][#6]),$([H1R0])](=[OX1])[ClX1]),$([CX3;$([R0][#6]),$([H1R0])](=[OX1])[OX2][#6;!$(C=[O,N,S])]),$([CX3;$([R0][#6]),$([H1R0])](=[OX1])[#7X3;$([H2]),$([H1][#6;!$(C=[O,N,S])]),$([#7]([#6;!$(C=[O,N,S])])[#6;!$(C=[O,N,S])])])])=,:[#6;R1]1-[*,#1;!$(C([Br])([Br])[Br])!$(C([Cl])([Cl])[Cl])!$(C([F])([F])[F])!$(C([I])([I])[I])!$(C#[NX1])!$([NX1+])!$([#16;A](=O)(=O)[OX2H1,OX1-])!$([NX4H3+1])!$([NX4H0+;$([N]([#6])([#6])[#6][#6]);!$([N]*~[#7,#8,#15,#16])])!$([$([NX3](=O)=O),$([NX3+](=O)[O-])][!#8])!$([$([CX3H][#6]),$([CX3H2])]=[OX1])!$([#6][CX3](=[OX1])[#6])!$([CX3;$([R0][#6]),$([H1R0])](=[OX1])[$([OX2H]),$([OX1-])])!$([CX3;$([R0][#6]),$([H1R0])](=[OX1])[ClX1])!$([CX3;$([R0][#6]),$([H1R0])](=[OX1])[OX2][#6;!$(C=[O,N,S])])!$([CX3;$([R0][#6]),$([H1R0])](=[OX1])[#7X3;$([H2]),$([H1][#6;!$(C=[O,N,S])]),$([#7]([#6;!$(C=[O,N,S])])[#6;!$(C=[O,N,S])])])]	0		[H:9][#6;R1:2]1=,:[#6;R1:1][#6;R1:6]=,:[#6;R1:5][#6;R1:4](-[$(C([Br])([Br])[Br]),$(C([Cl])([Cl])[Cl]),$(C([F])([F])[F]),$(C([I])([I])[I]),$(C#[NX1]),$([NX1+]),$([#16;A](=O)(=O)[OX2H1,OX1-]),$([NX4H3+1]),$([NX4H0+;$([N]([#6])([#6])[#6][#6]);!$([N]*~[#7,#8,#15,#16])]),$([$([NX3](=O)=O),$([NX3+](=O)[O-])][!#8]),$([$([CX3H][#6]),$([CX3H2])]=[OX1]),$([#6][CX3](=[OX1])[#6]),$([CX3;$([R0][#6]),$([H1R0])](=[OX1])[$([OX2H]),$([OX1-])]),$([CX3;$([R0][#6]),$([H1R0])](=[OX1])[ClX1]),$([CX3;$([R0][#6]),$([H1R0])](=[OX1])[OX2][#6;!$(C=[O,N,S])]),$([CX3;$([R0][#6]),$([H1R0])](=[OX1])[#7X3;$([H2]),$([H1][#6;!$(C=[O,N,S])]),$([#7]([#6;!$(C=[O,N,S])])[#6;!$(C=[O,N,S])])]):8])=,:[#6;R1:3]1-[*,#1;!$(C([Br])([Br])[Br])!$(C([Cl])([Cl])[Cl])!$(C([F])([F])[F])!$(C([I])([I])[I])!$(C#[NX1])!$([NX1+])!$([#16;A](=O)(=O)[OX2H1,OX1-])!$([NX4H3+1])!$([NX4H0+;$([N]([#6])([#6])[#6][#6]);!$([N]*~[#7,#8,#15,#16])])!$([$([NX3](=O)=O),$([NX3+](=O)[O-])][!#8])!$([$([CX3H][#6]),$([CX3H2])]=[OX1])!$([#6][CX3](=[OX1])[#6])!$([CX3;$([R0][#6]),$([H1R0])](=[OX1])[$([OX2H]),$([OX1-])])!$([CX3;$([R0][#6]),$([H1R0])](=[OX1])[ClX1])!$([CX3;$([R0][#6]),$([H1R0])](=[OX1])[OX2][#6;!$(C=[O,N,S])])!$([CX3;$([R0][#6]),$([H1R0])](=[OX1])[#7X3;$([H2]),$([H1][#6;!$(C=[O,N,S])]),$([#7]([#6;!$(C=[O,N,S])])[#6;!$(C=[O,N,S])])]):7]>>[H:9][#8]-[#6;R1:2]1=,:[#6;R1:1][#6;R1:6]=,:[#6;R1:5][#6;R1:4](-[$(C([Br])([Br])[Br]),$(C([Cl])([Cl])[Cl]),$(C([F])([F])[F]),$(C([I])([I])[I]),$(C#[NX1]),$([NX1+]),$([#16;A](=O)(=O)[OX2H1,OX1-]),$([NX4H3+1]),$([NX4H0+;$([N]([#6])([#6])[#6][#6]);!$([N]*~[#7,#8,#15,#16])]),$([$([NX3](=O)=O),$([NX3+](=O)[O-])][!#8]),$([$([CX3H][#6]),$([CX3H2])]=[OX1]),$([#6][CX3](=[OX1])[#6]),$([CX3;$([R0][#6]),$([H1R0])](=[OX1])[$([OX2H]),$([OX1-])]),$([CX3;$([R0][#6]),$([H1R0])](=[OX1])[ClX1]),$([CX3;$([R0][#6]),$([H1R0])](=[OX1])[OX2][#6;!$(C=[O,N,S])]),$([CX3;$([R0][#6]),$([H1R0])](=[OX1])[#7X3;$([H2]),$([H1][#6;!$(C=[O,N,S])]),$([#7]([#6;!$(C=[O,N,S])])[#6;!$(C=[O,N,S])])]):8])=,:[#6;R1:3]1-[*,#1;!$(C([Br])([Br])[Br])!$(C([Cl])([Cl])[Cl])!$(C([F])([F])[F])!$(C([I])([I])[I])!$(C#[NX1])!$([NX1+])!$([#16;A](=O)(=O)[OX2H1,OX1-])!$([NX4H3+1])!$([NX4H0+;$([N]([#6])([#6])[#6][#6]);!$([N]*~[#7,#8,#15,#16])])!$([$([NX3](=O)=O),$([NX3+](=O)[O-])][!#8])!$([$([CX3H][#6]),$([CX3H2])]=[OX1])!$([#6][CX3](=[OX1])[#6])!$([CX3;$([R0][#6]),$([H1R0])](=[OX1])[$([OX2H]),$([OX1-])])!$([CX3;$([R0][#6]),$([H1R0])](=[OX1])[ClX1])!$([CX3;$([R0][#6]),$([H1R0])](=[OX1])[OX2][#6;!$(C=[O,N,S])])!$([CX3;$([R0][#6]),$([H1R0])](=[OX1])[#7X3;$([H2]),$([H1][#6;!$(C=[O,N,S])]),$([#7]([#6;!$(C=[O,N,S])])[#6;!$(C=[O,N,S])])]):7]
base	HYDROXYLATION_OF_BENZENE_ORTHO_TO_EDG	BTMR1045	Hydroxylation of benzene on carbon ortho to electron donating group	bt:HYDROXYLATION_OF_BENZENE_ORTHO_TO_EDG	1	[H][#6;R1]1=,:[#6;R1](-[$([#6;R1]1=,:[#6;R1][#6;R1]=,:[#6;R1][#6;R1]([OX2H1,OX1-])=,:[#6;R1]1),$([#6;R1]1=,:[#6;R1]([OX2H1,OX1-])[#6;R1]=,:[#6;R1][#6;R1]=,:[#6;R1]1),$([#6;R1]1=,:[#6;R1][#6;R1]=,:[#6;R1]([OX2H1,OX1-])[#6;R1]=,:[#6;R1]1),$([NX3H0+0,NX4H1+;$([N]([#6])([#6])[#6]);!$([N]*~[#7,#8,#15,#16])]),$([NX3H1+0,NX4H2+;$([N]([#6])[#6]);!$([N]*~[#7,#8,#15,#16])]),$([NX3H2+0,NX4H3+;!$([N][!C]);!$([N]*~[#7,#8,#15,#16])]),$([NX3H2+0,NX4H3+]c),$([OX2](c)[CX4;!$(C([OX2])[O,S,#7,#15,F,Cl,Br,I])]),$([OX2]([CX4;!$(C([OX2])[O,S,#7,#15,F,Cl,Br,I])])[CX4;!$(C([OX2])[O,S,#7,#15,F,Cl,Br,I])]),$([#7X3;$([H2]),$([H1][#6;!$(C=[O,N,S])]),$([#7]([#6;!$(C=[O,N,S])])[#6;!$(C=[O,N,S])])]-[CX3;$([R0][#6]),$([H1R0])]=[OX1]),$([OX2][CX3;$([R0][#6]),$([H1R0])](=[OX1])[#6;!$(C=[O,N,S])]),$([CX4]),$([CX3]),$([#6;R1]1:,=[#6;R1]:,-[#6;R1]:,=[#6;R1]:,-[#6;R1]:,=[#6;R1]1),$([#6;X3](=,:[#6;X3])-,:[#1,*]),$([#6;A;X3](=[#6;X3])-[#1,*])])[#6;R1]=,:[#6;R1][#6;R1](-[*,#1;!$([OX2H1])!$([OX2]-[CX4H3])])=,:[#6;R1]1-[*,#1;!$(C([Br])([Br])[Br])!$(C([Cl])([Cl])[Cl])!$(C([F])([F])[F])!$(C([I])([I])[I])!$(C#[NX1]),$([NX1+])!$([#16;A](=O)(=O)[OX2H1,OX1-])!$([NX4H3+1])!$([NX4H0+;$([N]([#6])([#6])[#6][#6]);!$([N]*~[#7,#8,#15,#16])])!$([$([NX3](=O)=O),$([NX3+](=O)[O-])][!#8])]	1	[H][#8]-[#6;R1]=,:1[#6;R1]=,:[#6;R1][#6;R1](-[$([#8X1-]),$([NX3+0,NX4+;!$([N]~[!#6]);!$([N]*~[#7,#8,#15,#16])])$([OX2]([#6;!$(C([OX2])[O,S,#7,#15,F,Cl,Br,I])])[#6;!$(C([OX2])[O,S,#7,#15,F,Cl,Br,I])]),$([OX2H1]),$([CX3;$([R0][#6]),$([H1R0])](=[OX1])[#7X3;$([H2]),$([H1][#6;!$(C=[O,N,S])]),$([#7]([#6;!$(C=[O,N,S])])[#6;!$(C=[O,N,S])])]),$([CX3;$([R0][#6]),$([H1R0])](=[OX1])[OX2][#6;!$(C=[O,N,S])]),$([CX4H3]),$([CX4H2]-[CX4H3]),$([#6;R1]1:,=[#6;R1]:,-[#6;R1]:,=[#6;R1]:,-[#6;R1]:,=[#6;R1]1),$([C]([H])=[C;X3]([#6,#1])[#6,#1]),$([CX3+0]([#1,#6])[#1,#6])])=,:[#6;R1]([H])[#6;R1]=,:1-[#8][H]	[H:1][#6;R1:2]1=,:[#6;R1:3](-[$([#6;R1]1=,:[#6;R1][#6;R1]=,:[#6;R1][#6;R1]([OX2H1,OX1-])=,:[#6;R1]1),$([#6;R1]1=,:[#6;R1]([OX2H1,OX1-])[#6;R1]=,:[#6;R1][#6;R1]=,:[#6;R1]1),$([#6;R1]1=,:[#6;R1][#6;R1]=,:[#6;R1]([OX2H1,OX1-])[#6;R1]=,:[#6;R1]1),$([NX3H0+0,NX4H1+;$([N]([#6])([#6])[#6]);!$([N]*~[#7,#8,#15,#16])]),$([NX3H1+0,NX4H2+;$([N]([#6])[#6]);!$([N]*~[#7,#8,#15,#16])]),$([NX3H2+0,NX4H3+;!$([N][!C]);!$([N]*~[#7,#8,#15,#16])]),$([NX3H2+0,NX4H3+]c),$([OX2](c)[CX4;!$(C([OX2])[O,S,#7,#15,F,Cl,Br,I])]),$([OX2]([CX4;!$(C([OX2])[O,S,#7,#15,F,Cl,Br,I])])[CX4;!$(C([OX2])[O,S,#7,#15,F,Cl,Br,I])]),$([#7X3;$([H2]),$([H1][#6;!$(C=[O,N,S])]),$([#7]([#6;!$(C=[O,N,S])])[#6;!$(C=[O,N,S])])]-[CX3;$([R0][#6]),$([H1R0])]=[OX1]),$([OX2][CX3;$([R0][#6]),$([H1R0])](=[OX1])[#6;!$(C=[O,N,S])]),$([CX4]),$([CX3]),$([#6;R1]1:,=[#6;R1]:,-[#6;R1]:,=[#6;R1]:,-[#6;R1]:,=[#6;R1]1),$([#6;X3](=,:[#6;X3])-,:[#1,*]),$([#6;A;X3](=[#6;X3])-[#1,*]):4])[#6;R1:5]=,:[#6;R1:6][#6;R1:7](-[*,#1;!$([OX2H1])!$([OX2]-[CX4H3]):10])=,:[#6;R1:8]1-[*,#1;!$(C([Br])([Br])[Br])!$(C([Cl])([Cl])[Cl])!$(C([F])([F])[F])!$(C([I])([I])[I])!$(C#[NX1]),$([NX1+])!$([#16;A](=O)(=O)[OX2H1,OX1-])!$([NX4H3+1])!$([NX4H0+;$([N]([#6])([#6])[#6][#6]);!$([N]*~[#7,#8,#15,#16])])!$([$([NX3](=O)=O),$([NX3+](=O)[O-])][!#8]):9]>>[H:1][#8]-[#6;R1:2]1=,:[#6;R1:3](-[$([#6;R1]1=,:[#6;R1][#6;R1]=,:[#6;R1][#6;R1]([OX2H1,OX1-])=,:[#6;R1]1),$([#6;R1]1=,:[#6;R1]([OX2H1,OX1-])[#6;R1]=,:[#6;R1][#6;R1]=,:[#6;R1]1),$([#6;R1]1=,:[#6;R1][#6;R1]=,:[#6;R1]([OX2H1,OX1-])[#6;R1]=,:[#6;R1]1),$([NX3H0+0,NX4H1+;$([N]([#6])([#6])[#6]);!$([N]*~[#7,#8,#15,#16])]),$([NX3H1+0,NX4H2+;$([N]([#6])[#6]);!$([N]*~[#7,#8,#15,#16])]),$([NX3H2+0,NX4H3+;!$([N][!C]);!$([N]*~[#7,#8,#15,#16])]),$([NX3H2+0,NX4H3+]c),$([OX2](c)[CX4;!$(C([OX2])[O,S,#7,#15,F,Cl,Br,I])]),$([OX2]([CX4;!$(C([OX2])[O,S,#7,#15,F,Cl,Br,I])])[CX4;!$(C([OX2])[O,S,#7,#15,F,Cl,Br,I])]),$([#7X3;$([H2]),$([H1][#6;!$(C=[O,N,S])]),$([#7]([#6;!$(C=[O,N,S])])[#6;!$(C=[O,N,S])])]-[CX3;$([R0][#6]),$([H1R0])]=[OX1]),$([OX2][CX3;$([R0][#6]),$([H1R0])](=[OX1])[#6;!$(C=[O,N,S])]),$([CX4]),$([CX3]),$([#6;R1]1:,=[#6;R1]:,-[#6;R1]:,=[#6;R1]:,-[#6;R1]:,=[#6;R1]1),$([#6;X3](=,:[#6;X3])-,:[#1,*]),$([#6;A;X3](=[#6;X3])-[#1,*]):4])[#6;R1:5]=,:[#6;R1:6][#6;R1:7](-[*,#1;!$([OX2H1])!$([OX2]-[CX4H3]):10])=,:[#6;R1:8]1-[*,#1;!$(C([Br])([Br])[Br])!$(C([Cl])([Cl])[Cl])!$(C([F])([F])[F])!$(C([I])([I])[I])!$(C#[NX1]),$([NX1+])!$([#16;A](=O)(=O)[OX2H1,OX1-])!$([NX4H3+1])!$([NX4H0+;$([N]([#6])([#6])[#6][#6]);!$([N]*~[#7,#8,#15,#16])])!$([$([NX3](=O)=O),$([NX3+](=O)[O-])][!#8]):9]
base	HYDROXYLATION_OF_BENZENE_ORTHO_TO_STRONGLY_EDG	BTMR1046	Hydroxylation of benzene on carbon ortho to strongly electron donating group	bt:HYDROXYLATION_OF_BENZENE_ORTHO_TO_STRONGLY_EDG	1	[H][#6;R1]1=,:[#6;R1](-[$([#6;R1]1=,:[#6;R1][#6;R1]=,:[#6;R1][#6;R1]([OX2H1,OX1-])=,:[#6;R1]1),$([#6;R1]1=,:[#6;R1]([OX2H1,OX1-])[#6;R1]=,:[#6;R1][#6;R1]=,:[#6;R1]1),$([#6;R1]1=,:[#6;R1][#6;R1]=,:[#6;R1]([OX2H1,OX1-])[#6;R1]=,:[#6;R1]1),$([NX3H0+0,NX4H1+;$([N]([#6])([#6])[#6]);!$([N]*~[#7,#8,#15,#16])]),$([NX3H1+0,NX4H2+;$([N]([#6])[#6]);!$([N]*~[#7,#8,#15,#16])]),$([NX3H2+0,NX4H3+;!$([N][!C]);!$([N]*~[#7,#8,#15,#16])]),$([NX3H2+0,NX4H3+]c),$([OX2](c)[CX4;!$(C([OX2])[O,S,#7,#15,F,Cl,Br,I])]),$([OX2]([CX4;!$(C([OX2])[O,S,#7,#15,F,Cl,Br,I])])[CX4;!$(C([OX2])[O,S,#7,#15,F,Cl,Br,I])]),$([#7X3;$([H2]),$([H1][#6;!$(C=[O,N,S])]),$([#7]([#6;!$(C=[O,N,S])])[#6;!$(C=[O,N,S])])]-[CX3;$([R0][#6]),$([H1R0])]=[OX1]),$([OX2][CX3;$([R0][#6]),$([H1R0])](=[OX1])[#6;!$(C=[O,N,S])])])[#6;R1]=,:[#6;R1][#6;R1]=,:[#6;R1]1-[*,#1;!$(C([Br])([Br])[Br])!$(C([Cl])([Cl])[Cl])!$(C([F])([F])[F])!$(C([I])([I])[I])!$(C#[NX1]),$([NX1+])!$([#16;A](=O)(=O)[OX2H1,OX1-])!$([NX4H3+1])!$([NX4H0+;$([N]([#6])([#6])[#6][#6]);!$([N]*~[#7,#8,#15,#16])])!$([$([NX3](=O)=O),$([NX3+](=O)[O-])][!#8])]	1	[H][#8]-[#6;R1]=,:1[#6;R1]=,:[#6;R1][#6;R1](-[$([#8X1-]),$([NX3+0,NX4+;!$([N]~[!#6]);!$([N]*~[#7,#8,#15,#16])])$([OX2]([#6;!$(C([OX2])[O,S,#7,#15,F,Cl,Br,I])])[#6;!$(C([OX2])[O,S,#7,#15,F,Cl,Br,I])]),$([OX2H1]),$([CX3;$([R0][#6]),$([H1R0])](=[OX1])[#7X3;$([H2]),$([H1][#6;!$(C=[O,N,S])]),$([#7]([#6;!$(C=[O,N,S])])[#6;!$(C=[O,N,S])])]),$([CX3;$([R0][#6]),$([H1R0])](=[OX1])[OX2][#6;!$(C=[O,N,S])]),$([CX4H3]),$([CX4H2]-[CX4H3]),$([#6;R1]1:,=[#6;R1]:,-[#6;R1]:,=[#6;R1]:,-[#6;R1]:,=[#6;R1]1),$([C]([H])=[C;X3]([#6,#1])[#6,#1]),$([CX3+0]([#1,#6])[#1,#6])])=,:[#6;R1]([H])[#6;R1]=,:1-[#8][H]	[H:7][#6;R1:6]1=,:[#6;R1:1](-[$([#6;R1]1=,:[#6;R1][#6;R1]=,:[#6;R1][#6;R1]([OX2H1,OX1-])=,:[#6;R1]1),$([#6;R1]1=,:[#6;R1]([OX2H1,OX1-])[#6;R1]=,:[#6;R1][#6;R1]=,:[#6;R1]1),$([#6;R1]1=,:[#6;R1][#6;R1]=,:[#6;R1]([OX2H1,OX1-])[#6;R1]=,:[#6;R1]1),$([NX3H0+0,NX4H1+;$([N]([#6])([#6])[#6]);!$([N]*~[#7,#8,#15,#16])]),$([NX3H1+0,NX4H2+;$([N]([#6])[#6]);!$([N]*~[#7,#8,#15,#16])]),$([NX3H2+0,NX4H3+;!$([N][!C]);!$([N]*~[#7,#8,#15,#16])]),$([NX3H2+0,NX4H3+]c),$([OX2](c)[CX4;!$(C([OX2])[O,S,#7,#15,F,Cl,Br,I])]),$([OX2]([CX4;!$(C([OX2])[O,S,#7,#15,F,Cl,Br,I])])[CX4;!$(C([OX2])[O,S,#7,#15,F,Cl,Br,I])]),$([#7X3;$([H2]),$([H1][#6;!$(C=[O,N,S])]),$([#7]([#6;!$(C=[O,N,S])])[#6;!$(C=[O,N,S])])]-[CX3;$([R0][#6]),$([H1R0])]=[OX1]),$([OX2][CX3;$([R0][#6]),$([H1R0])](=[OX1])[#6;!$(C=[O,N,S])]):8])[#6;R1:2]=,:[#6;R1:3][#6;R1:4]=,:[#6;R1:5]1-[*,#1;!$(C([Br])([Br])[Br])!$(C([Cl])([Cl])[Cl])!$(C([F])([F])[F])!$(C([I])([I])[I])!$(C#[NX1]),$([NX1+])!$([#16;A](=O)(=O)[OX2H1,OX1-])!$([NX4H3+1])!$([NX4H0+;$([N]([#6])([#6])[#6][#6]);!$([N]*~[#7,#8,#15,#16])])!$([$([NX3](=O)=O),$([NX3+](=O)[O-])][!#8]):9]>>[H:7][#8]-[#6;R1:6]1=,:[#6;R1:1](-[$([#6;R1]1=,:[#6;R1][#6;R1]=,:[#6;R1][#6;R1]([OX2H1,OX1-])=,:[#6;R1]1),$([#6;R1]1=,:[#6;R1]([OX2H1,OX1-])[#6;R1]=,:[#6;R1][#6;R1]=,:[#6;R1]1),$([#6;R1]1=,:[#6;R1][#6;R1]=,:[#6;R1]([OX2H1,OX1-])[#6;R1]=,:[#6;R1]1),$([NX3H0+0,NX4H1+;$([N]([#6])([#6])[#6]);!$([N]*~[#7,#8,#15,#16])]),$([NX3H1+0,NX4H2+;$([N]([#6])[#6]);!$([N]*~[#7,#8,#15,#16])]),$([NX3H2+0,NX4H3+;!$([N][!C]);!$([N]*~[#7,#8,#15,#16])]),$([NX3H2+0,NX4H3+]c),$([OX2](c)[CX4;!$(C([OX2])[O,S,#7,#15,F,Cl,Br,I])]),$([OX2]([CX4;!$(C([OX2])[O,S,#7,#15,F,Cl,Br,I])])[CX4;!$(C([OX2])[O,S,#7,#15,F,Cl,Br,I])]),$([#7X3;$([H2]),$([H1][#6;!$(C=[O,N,S])]),$([#7]([#6;!$(C=[O,N,S])])[#6;!$(C=[O,N,S])])]-[CX3;$([R0][#6]),$([H1R0])]=[OX1]),$([OX2][CX3;$([R0][#6]),$([H1R0])](=[OX1])[#6;!$(C=[O,N,S])]):8])[#6;R1:2]=,:[#6;R1:3][#6;R1:4]=,:[#6;R1:5]1-[*,#1;!$(C([Br])([Br])[Br])!$(C([Cl])([Cl])[Cl])!$(C([F])([F])[F])!$(C([I])([I])[I])!$(C#[NX1]),$([NX1+])!$([#16;A](=O)(=O)[OX2H1,OX1-])!$([NX4H3+1])!$([NX4H0+;$([N]([#6])([#6])[#6][#6]);!$([N]*~[#7,#8,#15,#16])])!$([$([NX3](=O)=O),$([NX3+](=O)[O-])][!#8]):9]
base	HYDROXYLATION_OF_BENZENE_PARA_TO_EDG	BTMR1047	Hydroxylation of benzene on carbon para to electron donating group	bt:HYDROXYLATION_OF_BENZENE_PARA_TO_EDG	1	[H][#6;R1]=,:1[#6;R1](-[*,#1;!$(C([Br])([Br])[Br])!$(C([Cl])([Cl])[Cl])!$(C([F])([F])[F])!$(C([I])([I])[I])!$(C#[NX1]),$([NX1+])!$([#16;A](=O)(=O)[OX2H1,OX1-])!$([NX4H3+1])!$([NX4H0+;$([N]([#6])([#6])[#6][#6]);!$([N]*~[#7,#8,#15,#16])])!$([$([NX3](=O)=O),$([NX3+](=O)[O-])][!#8])])=,:[#6;R1][#6;R1](-[$([#6;R1]1=,:[#6;R1][#6;R1]=,:[#6;R1][#6;R1]([OX2H1,OX1-])=,:[#6;R1]1),$([#6;R1]1=,:[#6;R1]([OX2H1,OX1-])[#6;R1]=,:[#6;R1][#6;R1]=,:[#6;R1]1),$([#6;R1]1=,:[#6;R1][#6;R1]=,:[#6;R1]([OX2H1,OX1-])[#6;R1]=,:[#6;R1]1),$([NX3H0+0,NX4H1+;$([N]([#6])([#6])[#6]);!$([N]*~[#7,#8,#15,#16])]),$([NX3H1+0,NX4H2+;$([N]([#6])[#6]);!$([N]*~[#7,#8,#15,#16])]),$([NX3H2+0,NX4H3+;!$([N][!C]);!$([N]*~[#7,#8,#15,#16])]),$([NX3H2+0,NX4H3+]c),$([OX2](c)[CX4;!$(C([OX2])[O,S,#7,#15,F,Cl,Br,I])]),$([OX2]([CX4;!$(C([OX2])[O,S,#7,#15,F,Cl,Br,I])])[CX4;!$(C([OX2])[O,S,#7,#15,F,Cl,Br,I])]),$([#7X3;$([H2]),$([H1][#6;!$(C=[O,N,S])]),$([#7]([#6;!$(C=[O,N,S])])[#6;!$(C=[O,N,S])])]-[CX3;$([R0][#6]),$([H1R0])]=[OX1]),$([OX2][CX3;$([R0][#6]),$([H1R0])](=[OX1])[#6;!$(C=[O,N,S])]),$([CX4]),$([CX3]),$([#6;R1]1:,=[#6;R1]:,-[#6;R1]:,=[#6;R1]:,-[#6;R1]:,=[#6;R1]1),$([#6;X3](=,:[#6;X3])-,:[#1,*]),$([#6;A;X3](=[#6;X3])-[#1,*])])=,:[#6;R1][#6;R1]=,:1-[*,#1;!$(C([Br])([Br])[Br])!$(C([Cl])([Cl])[Cl])!$(C([F])([F])[F])!$(C([I])([I])[I])!$(C#[NX1]),$([NX1+])!$([#16;A](=O)(=O)[OX2H1,OX1-])!$([NX4H3+1])!$([NX4H0+;$([N]([#6])([#6])[#6][#6]);!$([N]*~[#7,#8,#15,#16])])!$([$([NX3](=O)=O),$([NX3+](=O)[O-])][!#8])]	0		[H:1][#6;R1:2]=,:1[#6;R1:7](-[*,#1;!$(C([Br])([Br])[Br])!$(C([Cl])([Cl])[Cl])!$(C([F])([F])[F])!$(C([I])([I])[I])!$(C#[NX1]),$([NX1+])!$([#16;A](=O)(=O)[OX2H1,OX1-])!$([NX4H3+1])!$([NX4H0+;$([N]([#6])([#6])[#6][#6]);!$([N]*~[#7,#8,#15,#16])])!$([$([NX3](=O)=O),$([NX3+](=O)[O-])][!#8]):9])=,:[#6;R1:6][#6;R1:5](-[$([#6;R1]1=,:[#6;R1][#6;R1]=,:[#6;R1][#6;R1]([OX2H1,OX1-])=,:[#6;R1]1),$([#6;R1]1=,:[#6;R1]([OX2H1,OX1-])[#6;R1]=,:[#6;R1][#6;R1]=,:[#6;R1]1),$([#6;R1]1=,:[#6;R1][#6;R1]=,:[#6;R1]([OX2H1,OX1-])[#6;R1]=,:[#6;R1]1),$([NX3H0+0,NX4H1+;$([N]([#6])([#6])[#6]);!$([N]*~[#7,#8,#15,#16])]),$([NX3H1+0,NX4H2+;$([N]([#6])[#6]);!$([N]*~[#7,#8,#15,#16])]),$([NX3H2+0,NX4H3+;!$([N][!C]);!$([N]*~[#7,#8,#15,#16])]),$([NX3H2+0,NX4H3+]c),$([OX2](c)[CX4;!$(C([OX2])[O,S,#7,#15,F,Cl,Br,I])]),$([OX2]([CX4;!$(C([OX2])[O,S,#7,#15,F,Cl,Br,I])])[CX4;!$(C([OX2])[O,S,#7,#15,F,Cl,Br,I])]),$([#7X3;$([H2]),$([H1][#6;!$(C=[O,N,S])]),$([#7]([#6;!$(C=[O,N,S])])[#6;!$(C=[O,N,S])])]-[CX3;$([R0][#6]),$([H1R0])]=[OX1]),$([OX2][CX3;$([R0][#6]),$([H1R0])](=[OX1])[#6;!$(C=[O,N,S])]),$([CX4]),$([CX3]),$([#6;R1]1:,=[#6;R1]:,-[#6;R1]:,=[#6;R1]:,-[#6;R1]:,=[#6;R1]1),$([#6;X3](=,:[#6;X3])-,:[#1,*]),$([#6;A;X3](=[#6;X3])-[#1,*]):10])=,:[#6;R1:4][#6;R1:3]=,:1-[*,#1;!$(C([Br])([Br])[Br])!$(C([Cl])([Cl])[Cl])!$(C([F])([F])[F])!$(C([I])([I])[I])!$(C#[NX1]),$([NX1+])!$([#16;A](=O)(=O)[OX2H1,OX1-])!$([NX4H3+1])!$([NX4H0+;$([N]([#6])([#6])[#6][#6]);!$([N]*~[#7,#8,#15,#16])])!$([$([NX3](=O)=O),$([NX3+](=O)[O-])][!#8]):8]>>[H:1][#8]-[#6;R1:2]=,:1[#6;R1:7](-[*,#1;!$(C([Br])([Br])[Br])!$(C([Cl])([Cl])[Cl])!$(C([F])([F])[F])!$(C([I])([I])[I])!$(C#[NX1]),$([NX1+])!$([#16;A](=O)(=O)[OX2H1,OX1-])!$([NX4H3+1])!$([NX4H0+;$([N]([#6])([#6])[#6][#6]);!$([N]*~[#7,#8,#15,#16])])!$([$([NX3](=O)=O),$([NX3+](=O)[O-])][!#8]):9])=,:[#6;R1:6][#6;R1:5](-[$([#6;R1]1=,:[#6;R1][#6;R1]=,:[#6;R1][#6;R1]([OX2H1,OX1-])=,:[#6;R1]1),$([#6;R1]1=,:[#6;R1]([OX2H1,OX1-])[#6;R1]=,:[#6;R1][#6;R1]=,:[#6;R1]1),$([#6;R1]1=,:[#6;R1][#6;R1]=,:[#6;R1]([OX2H1,OX1-])[#6;R1]=,:[#6;R1]1),$([NX3H0+0,NX4H1+;$([N]([#6])([#6])[#6]);!$([N]*~[#7,#8,#15,#16])]),$([NX3H1+0,NX4H2+;$([N]([#6])[#6]);!$([N]*~[#7,#8,#15,#16])]),$([NX3H2+0,NX4H3+;!$([N][!C]);!$([N]*~[#7,#8,#15,#16])]),$([NX3H2+0,NX4H3+]c),$([OX2](c)[CX4;!$(C([OX2])[O,S,#7,#15,F,Cl,Br,I])]),$([OX2]([CX4;!$(C([OX2])[O,S,#7,#15,F,Cl,Br,I])])[CX4;!$(C([OX2])[O,S,#7,#15,F,Cl,Br,I])]),$([#7X3;$([H2]),$([H1][#6;!$(C=[O,N,S])]),$([#7]([#6;!$(C=[O,N,S])])[#6;!$(C=[O,N,S])])]-[CX3;$([R0][#6]),$([H1R0])]=[OX1]),$([OX2][CX3;$([R0][#6]),$([H1R0])](=[OX1])[#6;!$(C=[O,N,S])]),$([CX4]),$([CX3]),$([#6;R1]1:,=[#6;R1]:,-[#6;R1]:,=[#6;R1]:,-[#6;R1]:,=[#6;R1]1),$([#6;X3](=,:[#6;X3])-,:[#1,*]),$([#6;A;X3](=[#6;X3])-[#1,*]):10])=,:[#6;R1:4][#6;R1:3]=,:1-[*,#1;!$(C([Br])([Br])[Br])!$(C([Cl])([Cl])[Cl])!$(C([F])([F])[F])!$(C([I])([I])[I])!$(C#[NX1]),$([NX1+])!$([#16;A](=O)(=O)[OX2H1,OX1-])!$([NX4H3+1])!$([NX4H0+;$([N]([#6])([#6])[#6][#6]);!$([N]*~[#7,#8,#15,#16])])!$([$([NX3](=O)=O),$([NX3+](=O)[O-])][!#8]):8]
base	HYDROXYLATION_OF_BENZENE_PARA_TO_STRONGLY_EDG	BTMR1048	Hydroxylation of benzene on carbon para to strongly electron donating group	bt:HYDROXYLATION_OF_BENZENE_PARA_TO_STRONGLY_EDG	1	[H][#6;R1]=,:1[#6;R1](-[*,#1;!$(C([Br])([Br])[Br])!$(C([Cl])([Cl])[Cl])!$(C([F])([F])[F])!$(C([I])([I])[I])!$(C#[NX1]),$([NX1+])!$([#16;A](=O)(=O)[OX2H1,OX1-])!$([NX4H3+1])!$([NX4H0+;$([N]([#6])([#6])[#6][#6]);!$([N]*~[#7,#8,#15,#16])])!$([$([NX3](=O)=O),$([NX3+](=O)[O-])][!#8])])=,:[#6;R1][#6;R1](-[$([#6;R1]1=,:[#6;R1][#6;R1]=,:[#6;R1][#6;R1]([OX2H1,OX1-])=,:[#6;R1]1),$([#6;R1]1=,:[#6;R1]([OX2H1,OX1-])[#6;R1]=,:[#6;R1][#6;R1]=,:[#6;R1]1),$([#6;R1]1=,:[#6;R1][#6;R1]=,:[#6;R1]([OX2H1,OX1-])[#6;R1]=,:[#6;R1]1),$([NX3H0+0,NX4H1+;$([N]([#6])([#6])[#6]);!$([N]*~[#7,#8,#15,#16])]),$([NX3H1+0,NX4H2+;$([N]([#6])[#6]);!$([N]*~[#7,#8,#15,#16])]),$([NX3H2+0,NX4H3+;!$([N][!C]);!$([N]*~[#7,#8,#15,#16])]),$([NX3H2+0,NX4H3+]c),$([OX2](c)[CX4;!$(C([OX2])[O,S,#7,#15,F,Cl,Br,I])]),$([OX2]([CX4;!$(C([OX2])[O,S,#7,#15,F,Cl,Br,I])])[CX4;!$(C([OX2])[O,S,#7,#15,F,Cl,Br,I])]),$([#7X3;$([H2]),$([H1][#6;!$(C=[O,N,S])]),$([#7]([#6;!$(C=[O,N,S])])[#6;!$(C=[O,N,S])])]-[CX3;$([R0][#6]),$([H1R0])]=[OX1]),$([OX2][CX3;$([R0][#6]),$([H1R0])](=[OX1])[#6;!$(C=[O,N,S])])])=,:[#6;R1][#6;R1]=,:1-[*,#1;!$(C([Br])([Br])[Br])!$(C([Cl])([Cl])[Cl])!$(C([F])([F])[F])!$(C([I])([I])[I])!$(C#[NX1]),$([NX1+])!$([#16;A](=O)(=O)[OX2H1,OX1-])!$([NX4H3+1])!$([NX4H0+;$([N]([#6])([#6])[#6][#6]);!$([N]*~[#7,#8,#15,#16])])!$([$([NX3](=O)=O),$([NX3+](=O)[O-])][!#8])]	0		[H:1][#6;R1:2]=,:1[#6;R1:7](-[*,#1;!$(C([Br])([Br])[Br])!$(C([Cl])([Cl])[Cl])!$(C([F])([F])[F])!$(C([I])([I])[I])!$(C#[NX1]),$([NX1+])!$([#16;A](=O)(=O)[OX2H1,OX1-])!$([NX4H3+1])!$([NX4H0+;$([N]([#6])([#6])[#6][#6]);!$([N]*~[#7,#8,#15,#16])])!$([$([NX3](=O)=O),$([NX3+](=O)[O-])][!#8]):9])=,:[#6;R1:6][#6;R1:5](-[$([#6;R1]1=,:[#6;R1][#6;R1]=,:[#6;R1][#6;R1]([OX2H1,OX1-])=,:[#6;R1]1),$([#6;R1]1=,:[#6;R1]([OX2H1,OX1-])[#6;R1]=,:[#6;R1][#6;R1]=,:[#6;R1]1),$([#6;R1]1=,:[#6;R1][#6;R1]=,:[#6;R1]([OX2H1,OX1-])[#6;R1]=,:[#6;R1]1),$([NX3H0+0,NX4H1+;$([N]([#6])([#6])[#6]);!$([N]*~[#7,#8,#15,#16])]),$([NX3H1+0,NX4H2+;$([N]([#6])[#6]);!$([N]*~[#7,#8,#15,#16])]),$([NX3H2+0,NX4H3+;!$([N][!C]);!$([N]*~[#7,#8,#15,#16])]),$([NX3H2+0,NX4H3+]c),$([OX2](c)[CX4;!$(C([OX2])[O,S,#7,#15,F,Cl,Br,I])]),$([OX2]([CX4;!$(C([OX2])[O,S,#7,#15,F,Cl,Br,I])])[CX4;!$(C([OX2])[O,S,#7,#15,F,Cl,Br,I])]),$([#7X3;$([H2]),$([H1][#6;!$(C=[O,N,S])]),$([#7]([#6;!$(C=[O,N,S])])[#6;!$(C=[O,N,S])])]-[CX3;$([R0][#6]),$([H1R0])]=[OX1]),$([OX2][CX3;$([R0][#6]),$([H1R0])](=[OX1])[#6;!$(C=[O,N,S])]):10])=,:[#6;R1:4][#6;R1:3]=,:1-[*,#1;!$(C([Br])([Br])[Br])!$(C([Cl])([Cl])[Cl])!$(C([F])([F])[F])!$(C([I])([I])[I])!$(C#[NX1]),$([NX1+])!$([#16;A](=O)(=O)[OX2H1,OX1-])!$([NX4H3+1])!$([NX4H0+;$([N]([#6])([#6])[#6][#6]);!$([N]*~[#7,#8,#15,#16])])!$([$([NX3](=O)=O),$([NX3+](=O)[O-])][!#8]):8]>>[H:1][#8]-[#6;R1:2]=,:1[#6;R1:7](-[*,#1;!$(C([Br])([Br])[Br])!$(C([Cl])([Cl])[Cl])!$(C([F])([F])[F])!$(C([I])([I])[I])!$(C#[NX1]),$([NX1+])!$([#16;A](=O)(=O)[OX2H1,OX1-])!$([NX4H3+1])!$([NX4H0+;$([N]([#6])([#6])[#6][#6]);!$([N]*~[#7,#8,#15,#16])])!$([$([NX3](=O)=O),$([NX3+](=O)[O-])][!#8]):9])=,:[#6;R1:6][#6;R1:5](-[$([#6;R1]1=,:[#6;R1][#6;R1]=,:[#6;R1][#6;R1]([OX2H1,OX1-])=,:[#6;R1]1),$([#6;R1]1=,:[#6;R1]([OX2H1,OX1-])[#6;R1]=,:[#6;R1][#6;R1]=,:[#6;R1]1),$([#6;R1]1=,:[#6;R1][#6;R1]=,:[#6;R1]([OX2H1,OX1-])[#6;R1]=,:[#6;R1]1),$([NX3H0+0,NX4H1+;$([N]([#6])([#6])[#6]);!$([N]*~[#7,#8,#15,#16])]),$([NX3H1+0,NX4H2+;$([N]([#6])[#6]);!$([N]*~[#7,#8,#15,#16])]),$([NX3H2+0,NX4H3+;!$([N][!C]);!$([N]*~[#7,#8,#15,#16])]),$([NX3H2+0,NX4H3+]c),$([OX2](c)[CX4;!$(C([OX2])[O,S,#7,#15,F,Cl,Br,I])]),$([OX2]([CX4;!$(C([OX2])[O,S,#7,#15,F,Cl,Br,I])])[CX4;!$(C([OX2])[O,S,#7,#15,F,Cl,Br,I])]),$([#7X3;$([H2]),$([H1][#6;!$(C=[O,N,S])]),$([#7]([#6;!$(C=[O,N,S])])[#6;!$(C=[O,N,S])])]-[CX3;$([R0][#6]),$([H1R0])]=[OX1]),$([OX2][CX3;$([R0][#6]),$([H1R0])](=[OX1])[#6;!$(C=[O,N,S])]):10])=,:[#6;R1:4][#6;R1:3]=,:1-[*,#1;!$(C([Br])([Br])[Br])!$(C([Cl])([Cl])[Cl])!$(C([F])([F])[F])!$(C([I])([I])[I])!$(C#[NX1]),$([NX1+])!$([#16;A](=O)(=O)[OX2H1,OX1-])!$([NX4H3+1])!$([NX4H0+;$([N]([#6])([#6])[#6][#6]);!$([N]*~[#7,#8,#15,#16])])!$([$([NX3](=O)=O),$([NX3+](=O)[O-])][!#8]):8]
base	HYDROXYLATION_OF_CARBON_ALPHA_TO_CONJUGATED_CARBONYL	BTMR1055	Hydroxylation of carbon alpha to conjugated carbonyl	bt:HYDROXYLATION_OF_CARBON_ALPHA_TO_CONJUGATED_CARBONYL	1	[#8,#7,#6,#16,#1,#17,#9,#35,#53]-,:[#6;X3](=[O;X1])[#6]([H])=,:[#6]([*,#1])[*,#1]	0		[#8,#7,#6,#16,#1,#17,#9,#35,#53:1]-,:[#6;X3:2](=[O;X1:3])[#6:4]([H:5])=,:[#6:6]([*,#1:7])[*,#1:8]>>[#8,#7,#6,#16,#1,#17,#9,#35,#53:1]-,:[#6;X3:2](=[O;X1:3])[#6:4](-[#8][H:5])=,:[#6:6]([*,#1:7])[*,#1:8]
base	HYDROXYLATION_OF_CARBON_GAMMA_TO_CONJUGATED_CARBONYL	BTMR1057	Hydroxylation of carbon gamma to conjugated carbonyl	bt:HYDROXYLATION_OF_CARBON_GAMMA_TO_CONJUGATED_CARBONYL	1	[H][#6;X4]-[#6](-[*,#1])=[#6]([H])-[#6;X3]([#8,#7,#6,#16,#1,#17,#9,#35,#53;A])=[O;X1]	0		[H][#6;X4:3]-[#6:2](-[*,#1:1])=[#6:4]([H:5])-[#6;X3:6]([#8,#7,#6,#16,#1,#17,#9,#35,#53;A:7])=[O;X1:8]>>[H][#8]-[#6;X4:3]-[#6:2](-[*,#1:1])=[#6:4]([H:5])-[#6;X3:6]([#8,#7,#6,#16,#1,#17,#9,#35,#53;A:7])=[O;X1:8]
base	HYDROXYLATION_OF_C_NEXT_TO_AMIDES	BTMR1090	Hydroxylation of carbon next to amide	bt:HYDROXYLATION_OF_C_NEXT_TO_AMIDES	1	[H][#6;X4R0]-[#7;X3;$([H2]),$([H1][#6;!$(C=[O,N,S])]),$([#7]([#6;!$(C=[O,N,S])])[#6;!$(C=[O,N,S])])][#6;A;X3;$([R0][#6]),$([H1R0])]=[O;X1]	0		[H][#6;X4R0:1]-[#7;X3;$([H2]),$([H1][#6;!$(C=[O,N,S])]),$([#7]([#6;!$(C=[O,N,S])])[#6;!$(C=[O,N,S])]):2][#6;A;X3;$([R0][#6]),$([H1R0]):3]=[O;X1:4]>>[H][#8]-[#6;X4R0:1]-[#7;X3;$([H2]),$([H1][#6;!$(C=[O,N,S])]),$([#7]([#6;!$(C=[O,N,S])])[#6;!$(C=[O,N,S])]):2][#6;A;X3;$([R0][#6]),$([H1R0]):3]=[O;X1:4]
base	HYDROXYLATION_OF_METHYL_CARBON_ADJACENT_TO_ALIPHATIC_RING	BTMR0054	Hydroxylation of methyl carbon adjacent to aliphatic ring	bt:HYDROXYLATION_OF_METHYL_CARBON_ADJACENT_TO_ALIPHATIC_RING	1	[H]C([H])([H])[#6;A;R;!$([CX4H3])]	0		[H:1][C:2]([H])([H:3])[#6;A;R;!$([CX4H3]):4]>>[H][#8][C:2]([H:1])([H:3])[#6;A;R1;!$([CX4H3]):4]
base	HYDROXYLATION_OF_SECONDARY_HETEROALICYCLIC_CARBON_PATTERN1	BTMR1070	Hydroxylation of heteroalicyclic secondary carbon	bt:HYDROXYLATION_OF_SECONDARY_HETEROALICYCLIC_CARBON	1	[H][#6;A;X4R]([H])(@-[#6;R])@-[#7,#16]	0		[H:5][#6;A;X4R:2]([H:1])(@-[#6;R:3])@-[#7,#16:4]>>[H:1][#8][#6;A;X4R:2]([H:5])(@-[#6;R:3])@-[#7,#16:4]
base	HYDROXYLATION_OF_SECONDARY_HETEROALICYCLIC_CARBON_PATTERN2	BTMR1071	Hydroxylation of heteroalicyclic secondary carbon	bt:HYDROXYLATION_OF_SECONDARY_HETEROALICYCLIC_CARBON	1	[H][#6;A;X4R]([H])(@-[#6,#7,#8,#16])@-[#6;R]@-[#8,#7,#16]	0		[H:1][#6;A;X4R:2]([H:3])(@-[#6,#7,#8,#16:4])@-[#6;R:5]@-[#8,#7,#16:6]>>[H:1][#8][#6;A;X4R:2]([H:3])(@-[#6,#7,#8,#16:4])@-[#6;R:5]@-[#8,#7,#16:6]
base	HYDROXYLATION_OF_SP3_ADJACENT_TO_N_IN_NITROSAMINES	BTMR1087	Hydroxylation of sp3-carbon adjacent to N in nitrosamine	bt:HYDROXYLATION_OF_SP3_ADJACENT_TO_N_IN_NITROSAMINES	1	[H][#6;X3]-[#7;X3;!$(N=O)]-[#7;X2]=[O;X1]	0		[H][#6;X4:1]-[#7;X3;!$(N=O):2]-[#7;X2:3]=[O;X1:4]>>[H][#8]-[#6;X4:1]-[#7;X3;!$(N=O):2]-[#7;X2:3]=[O;X1:4]
base	HYDROXYLATION_OF_TERMINAL_METHYL	BTMR1061	Hydroxylation of terminal methyl	bt:HYDROXYLATION_OF_TERMINAL_METHYL	1	[H]C([H])([H])[#6;X4R0;!$([CX4H3])]	0		[H:3][C:2]([H])([H:1])[#6;X4R0;!$([CX4H3]):4]>>[H][#8][C:2]([H:3])([H:1])[#6;X4R0;!$([CX4H3]):4]
base	HYROLYSIS_OF_HYDANTOIN_PATTERN1	BTMR1265	Hydrolysis of hydantoin	bt:HYROLYSIS_OF_HYDANTOIN	1	O=[#6;R1]-1-[#7;H1X3R1]-[#6;R1](-[#6;R1]=,:2[#6;R1]=,:[#6;R1][#6;R1]=,:[#6;R1][#6;R1]=,:2)-[#6;R1](=O)-[#7;H1X3R1]-1	0		[H:15][#7;X3R1:4]-1-[#6;R1:3](-[#6;R1:8]=,:2[#6;R1:13]=,:[#6;R1:12][#6;R1:11]=,:[#6;R1:10][#6;R1:9]=,:2)-[#6;R1:2](=[O:1])-[#7;X3R1:7]([H:14])-[#6;R1:5]-1=[O:6]>>[H][#8]-[#6;R0:2](=[O:1])-[#6;R0:3](-[#6;R1:8]=,:1[#6;R1:13]=,:[#6;R1:12][#6;R1:11]=,:[#6;R1:10][#6;R1:9]=,:1)-[#7;X3R0:4]([H:15])-[#6;R0:5](=[O:6])-[#7;X3R0:7]([H:14])[H]
base	HYROLYSIS_OF_HYDANTOIN_PATTERN2	BTMR1266	Hydrolysis of hydantoin	bt:HYROLYSIS_OF_HYDANTOIN	1	[#1,$([#6;$([CX4H3]),$([CX4;R0](-[#1,C])-[CX4;R0]),$([CX4H3;R0]-[#6;R1]=,:1[#6;R1]=,:[#6;R1][#6;R1]=,:[#6;R1][#6;R1]=,:1)]),F,Br,Cl,I]-[#6;R1]-1-[#7;H1X3R1]-[#6;R1](=O)-[#7;H1X3R1]-[#6;R1]-1=O	0		[H:10][#7;X3R1:6]-1-[#6;R1:7](-[#1,$([#6;$([CX4H3]),$([CX4;R0](-[#1,C])-[CX4;R0]),$([CX4H3;R0]-[#6;R1]=,:1[#6;R1]=,:[#6;R1][#6;R1]=,:[#6;R1][#6;R1]=,:1)]),F,Br,Cl,I:8])-[#6;R1:2](=[O:1])-[#7;X3R1:3]([H:9])-[#6;R1:5]-1=[O:4]>>[H][#8]-[#6;R0:2](=[O:1])-[#6;R0:7](-[#1,$([#6;$([CX4H3]),$([CX4;R0](-[#1,C])-[CX4;R0]),$([CX4H3;R0]-[#6;R1]=,:1[#6;R1]=,:[#6;R1][#6;R1]=,:[#6;R1][#6;R1]=,:1)]),F,Br,Cl,I:8])-[#7;X3R0:6]([H:10])-[#6;R0:5](=[O:4])-[#7;X3R0:3]([H:9])[H]
base	HYROLYSIS_OF_HYDROPYRIMIDINE_PATTERN1	BTMR1267	Hydrolysis of hydropyrimidine	bt:HYROLYSIS_OF_HYDROPYRIMIDINE	1	O=[#6;R1]-1-[#7;H1X3R1]-[#6]-,=[#6;R1](-[#6;R1]=,:2[#6;R1]=,:[#6;R1][#6;R1]=,:[#6;R1][#6;R1]=,:2)-[#6;R1](=O)-[#7;H1X3R1]-1	0		[H:16][#7;X3R1:3]-1-[#6:4]-,=[#6;R1:5](-[#6;R1:6]=,:2[#6;R1:7]=,:[#6;R1:8][#6;R1:9]=,:[#6;R1:10][#6;R1:11]=,:2)-[#6;R1:12](=[O:13])-[#7;X3R1:14]([H:15])-[#6;R1:2]-1=[O:1]>>[H][#8]-[#6;R0:12](=[O:13])-[#6;R0:5](-,=[#6:4]-[#7;X3R0:3]([H:16])-[#6;R0:2](=[O:1])-[#7;X3R0:14]([H:15])[H])-[#6;R1:6]=,:1[#6;R1:7]=,:[#6;R1:8][#6;R1:9]=,:[#6;R1:10][#6;R1:11]=,:1
base	HYROLYSIS_OF_HYDROPYRIMIDINE_PATTERN2	BTMR1268	Hydrolysis of hydropyrimidine	bt:HYROLYSIS_OF_HYDROPYRIMIDINE	1	[#1,$([#6;$([CX4H3]),$([CX4;R0](-[#1,C])-[CX4;R0]),$([CX4H3;R0]-[#6;R1]=,:1[#6;R1]=,:[#6;R1][#6;R1]=,:[#6;R1][#6;R1]=,:1)]),F,Br,Cl,I]-[#6;R1]-1-[#6;R1]-[#7;X3R1]-[#6;R1](=O)-[#7;H1X3R1]-[#6;R1]-1=O	0		[H:10][#7;X3R1:4]-1-[#6;R1:3]-[#6;R1:2](-[#1,$([#6;$([CX4H3]),$([CX4;R0](-[#1,C])-[CX4;R0]),$([CX4H3;R0]-[#6;R1]=,:1[#6;R1]=,:[#6;R1][#6;R1]=,:[#6;R1][#6;R1]=,:1)]),F,Br,Cl,I:1])-[#6;R1:8](=[O:9])-[#7;X3R1:7]([H:11])-[#6;R1:5]-1=[O:6]>>[H][#8]-[#6;R0:8](=[O:9])-[#6;R0:2](-[#1,$([#6;$([CX4H3]),$([CX4;R0](-[#1,C])-[CX4;R0]),$([CX4H3;R0]-[#6;R1]=,:1[#6;R1]=,:[#6;R1][#6;R1]=,:[#6;R1][#6;R1]=,:1)]),F,Br,Cl,I:1])-[#6;R0:3]-[#7;X3R0:4]([H:10])-[#6;R0:5](=[O:6])-[#7;X3R0:7]([H:11])[H]
base	HYROLYSIS_OF_HYDROPYRIMIDINE_PATTERN3	BTMR1269	Hydrolysis of hydropyrimidine	bt:HYROLYSIS_OF_HYDROPYRIMIDINE	1	[*,#1;#1,$([#6;$([CX4H3]),$([CX4;R0](-[#1,C])-[CX4;R0]),$([CX4H3;R0]-[#6;R1]=,:1[#6;R1]=,:[#6;R1][#6;R1]=,:[#6;R1][#6;R1]=,:1)]),F,Br,Cl,I]-[#6;R1]1=,:[#6;R1][#7;X3R1][#6;R1](=O)[#7;H1X3R1][#6;R1]1=O	0		[H:11][#7;X3R1:4]1[#6;R1:3]=,:[#6;R1:2](-[*,#1;#1,$([#6;$([CX4H3]),$([CX4;R0](-[#1,C])-[CX4;R0]),$([CX4H3;R0]-[#6;R1]=,:1[#6;R1]=,:[#6;R1][#6;R1]=,:[#6;R1][#6;R1]=,:1)]),F,Br,Cl,I:1])[#6;R1:8](=[O:9])[#7;X3R1:7]([H:10])[#6;R1:5]1=[O:6]>>[H][#8]-[#6;R0:8](=[O:9])[C;R0:2]([H])([*,#1;#1,$([#6;$([CX4H3]),$([CX4;R0](-[#1,C])-[CX4;R0]),$([CX4H3;R0]-[#6;R1]=,:1[#6;R1]=,:[#6;R1][#6;R1]=,:[#6;R1][#6;R1]=,:1)]),F,Br,Cl,I:1])[#6;R0:3]([H])-[#7;X3R0:4]([H:11])-[#6;R0:5](=[O:6])-[#7;X3R0:7]([H:10])[H]
base	INOSITOL_3_PHOSPHATE_TRANSFER_TO_CDP_DIACYLGLYCEROL	BTMR0496	Synthesis of 1-phosphatidyl-1D-myo-inositol from CDP-diacylglycerol	bt:INOSITOL_3_PHOSPHATE_TRANSFER_TO_CDP_DIACYLGLYCEROL	1	[#7]-[#6;R1]=,:1[#6;R1]=,:[#6;R1][#7]([#6;R1](=O)[#7;R1]=,:1)-[#6;R1]-1-[#8]-[#6;R1](-[#6]-[#8]P([#8;A;X2H1,X1-])(=O)[#8]P([#8;A;X2H1,X1-])(=O)[#8]-[#6;H2X4]-[#6;X4](-[#6;H2X4]-[#8]-[#6]([#6,#1;A])=O)-[#8]-[#6]([#6,#1;A])=O)-[#6;R1](-[#8])-[#6;R1]-1-[#8]	0		[#7;X3H2,X2H1:1]~[#6;R1:2]~1~[#6;R1:8]~[#6;R1:7]~[#7:6](~[#6;R1:4](=[O:5])~[#7;R1:3]~1)-[#6;R1:9]-1-[#8:10]-[#6;R1:11](-[#6:12]-[#8:13][P:14]([#8;A;X2H1,X1-:15])(=[O:16])[#8:17][P:18]([#8;A;X2H1,X1-:19])(=[O:20])[#8:21]-[#6;H2X4:22]-[#6;X4:23](-[#6;H2X4:24]-[#8:25]-[#6:26]([#6,#1;A:27])=[O:28])-[#8:29]-[#6:30]([#6,#1;A:31])=[O:32])-[#6;R1:33](-[#8:34])-[#6;R1:35]-1-[#8:36]>>[#7;X3H2,X2H1:1]~[#6;R1:2]~1~[#6;R1:8]~[#6;R1:7]~[#7:6](~[#6;R1:4](=[O:5])~[#7;R1:3]~1)-[#6;R1:9]-1-[#8:10]-[#6;R1:11](-[#6:12]-[#8:13][P:14]([#8;A;X2H1,X1-:15])(=[O:16])[#8:17][H])-[#6;R1:33](-[#8:34])-[#6;R1:35]-1-[#8:36].[H][C@]1([#8][P:18]([#8;A;X2H1,X1-:19])(=[O:20])[#8:21]-[#6;H2X4:22]-[#6;X4:23](-[#6;H2X4:24]-[#8:25]-[#6:26]([#6,#1;A:27])=[O:28])-[#8:29]-[#6:30]([#6,#1;A:31])=[O:32])[#6@H](-[#8])-[#6@@H](-[#8])-[#6@H](-[#8])-[#6@@H](-[#8])-[#6@H]1-[#8]
base	ISOFLAVANONE_C_RING_FISSION_PATTERN2	BTMR1292	Isoflavanone C-ring fission	bt:ISOFLAVANONE_C_RING_FISSION	1	[H][#8]-[#6;R1]=,:1[#6;R1]=,:[#6;R1](-[*,#1])[#6;R2]-2=,:[#6;R2]([#6;R1]=,:1)-[#8;R1][#6;A;X4R1;H1,H2][#6;H1X4R1](-[#6;R1]-2=[O;X1])-[c;R1]1[c;R1][c;R1][c;R1](-[#8][#1,#6;A])[c;R1][c;R1]1	3	[#6]=,:1[#6]=,:[#6][#6]2=,:[#6]([#6]=,:1)[#8][#6]=,:[#6;R1]([#6;R1]2-[#6;R1]1=,:[#6][#6]=,:[#6][#6]=,:2[#6][#6;R1](=,:[#6][#8][#6]1=,:2)-c1ccccc1)-c1ccccc1 | [#6]1=,:[#6][#6]=,:2[#6][#6;R1](=,:[#6][#8][#6]=,:2[#6;R1](=,:[#6]1)-[#6;R1]1=,:[#6][#6]=,:[#6][#6]=,:2[#8][#6]=,:[#6;R1]([#6][#6]1=,:2)-c1ccccc1)-c1ccccc1 | [#6]=,:1[#6]=,:[#6;R1][#6]=,:2[#8][#6]=,:[#6;R1]([#6][#6]=,:2[#6]=,:1)-c1ccc[c;R1](c1)-[#6;R1]1[#6]=,:2[#6;R1]=,:[#6][#6]=,:[#6][#6]=,:2[#8][#6]=,:[#6;R1]1-c1ccccc1	[H:1][#8:2]-[#6;R1:3]=,:1[#6;R1:4]=,:[#6;R1:5](-[*,#1:6])[#6;R2:7]-2=,:[#6;R2:8]([#6;R1:9]=,:1)-[#8;R1:10][#6;A;X4R1:11]([H:23])([*,#1:25])[C;X4R1:12]([H:24])([#6;R1:13]-2=[O;X1:14])[c;R1:15]1[c;R1:22][c;R1:21][c;R1:18](-[#8:19][#1,#6;A:20])[c;R1:17][c;R1:16]1>>[H:1][#8:2]-[#6;R1:3]=,:1[#6;R1:4]=,:[#6;R1:5](-[*,#1:6])[#6;R1:7](=,:[#6;R1:8]([#6;R1:9]=,:1)-[#8;R0:10][H:24])-[#6;R0:13](=[O;X1:14])-[#6;X4R0:12](=[#6;A;X4R0:11]([H:23])[*,#1:25])-[c;R1:15]1[c;R1:22][c;R1:21][c;R1:18](-[#8:19][#1,#6;A:20])[c;R1:17][c;R1:16]1
base	ISOFLAVANONE_DEHYDRATION	BTMR0295	Dehydration of isoflavanone	bt:ISOFLAVANONE_DEHYDRATION	1	[R0;*,#1]-,=[#6;R1]1=,:[#6;R1](-,=[R0;*,#1])[#6;R1](=,:[#6;R1](-,=[R0;*,#1])[#6;R1](-,=[R0;*,#1])=,:[#6;R1]1-[#8][#1,#6;A])-[#6;X4R1]-1-[#6;X4R1](-[R0;*,#1])-[#8;R1]-[#6;R2]=,:2[#6;R1](-[R0;*,#1])=,:[#6;R1](-[#8][H])[#6;R1](-[R0;*,#1])=,:[#6;R1](-[R0;!$([OH])])[#6;R2]=,:2-[#6;R1]-1=[O;X1]	3	[#6;R1]~1~[#8]~[#6]2=,:[#6](~[#6]~[#6;R1]~1-[c;R1]1ccccc1)[#6]=,:[#6][#6]=,:[#6;R1]2-[#6;R1]~1~[#6]=,:2[#6]=,:[#6][#6]=,:[#6][#6]=,:2~[#8]~[#6;R1]~[#6;R1]~1-[c;R1]1ccccc1 | [#6;R1]~1~[#8]~[#6]=,:2[#6;R1]=,:[#6][#6]=,:[#6][#6]=,:2~[#6;R1](~[#6;R1]~1-[c;R1]1ccccc1)-[#6;R1]~1~[#6]=,:2[#6]=,:[#6][#6]=,:[#6][#6]=,:2~[#8]~[#6;R1]~[#6;R1]~1-[c;R1]1ccccc1 | [#6;R1]~1~[#8]~[#6]=,:2[#6;R1]=,:[#6][#6]=,:[#6][#6]=,:2~[#6;R1]~[#6;R1]~1-[c;R1]1ccc[c;R1](c1)-[#6;R1]~1~[#6]=,:2[#6]=,:[#6][#6]=,:[#6][#6]=,:2~[#8]~[#6;R1]~[#6;R1]~1-[c;R1]1ccccc1	[H:1][#8:2]-[#6;R1:3]=,:1[#6;R1:4]=,:[#6;R1:5](-[!$([OH]):6])[#6;R2:7]-2=,:[#6;R2:8]([#6;R1:9]=,:1)-[#8;R1:10]-[#6;X4R1:11]-[#6;X4R1:12](-[#6;R1:13]-2=[O;X1:14])-[c;R1:15]1[c;R1:16][c;R1:17][c;R1:18](-[#8:19][#1,#6;A:20])[c;R1:21][c;R1:22]1>>[H:1][#8:2]-[#6;R1:3]=,:1[#6;R1:4]=,:[#6;R1:5](-[!$([OH]):6])[#6;R2:7]2=,:[#6;R2:8]([#6;R1:9]=,:1)-[#8;R1:10]-[#6;X4R1:11]-[#6;X4R1:12](-[c;R1:15]1[c;R1:16][c;R1:17][c;R1:18](-[#8:19][#1,#6;A:20])[c;R1:21][c;R1:22]1)[C;R1:13]2([H])[#8;X2:14][H]
base	ISOFLAVAN_4_OL_DEHYDROXYLATION	BTMR0299	Isoflavan-4-ol dehydroxylation	bt:ISOFLAVAN_4_OL_DEHYDROXYLATION	1	[R0;*,#1]-,=[#6;R1]1=,:[#6;R1](-,=[R0;*,#1])[#6;R1](=,:[#6;R1](-,=[R0;*,#1])[#6;R1](-,=[R0;*,#1])=,:[#6;R1]1-[#8][#1,#6;A])-[#6;X4R1]1-[#6;X4R1](-[R0;*,#1])-[#8;R1]-[#6;R2]=,:2[#6;R1](-[R0;*,#1])=,:[#6;R1](-[#8][H])[#6;R1](-[R0;*,#1])=,:[#6;R1](-[!$([OH])])[#6;R2]=,:2[C;R1]1([H])[#8;X2][H]	3	[#6;R1]~1~[#8]~[#6]2=,:[#6](~[#6]~[#6;R1]~1-[c;R1]1ccccc1)[#6]=,:[#6][#6]=,:[#6;R1]2-[#6;R1]~1~[#6]=,:2[#6]=,:[#6][#6]=,:[#6][#6]=,:2~[#8]~[#6;R1]~[#6;R1]~1-[c;R1]1ccccc1 | [#6;R1]~1~[#8]~[#6]=,:2[#6;R1]=,:[#6][#6]=,:[#6][#6]=,:2~[#6;R1](~[#6;R1]~1-[c;R1]1ccccc1)-[#6;R1]~1~[#6]=,:2[#6]=,:[#6][#6]=,:[#6][#6]=,:2~[#8]~[#6;R1]~[#6;R1]~1-[c;R1]1ccccc1 | [#6;R1]~1~[#8]~[#6]=,:2[#6;R1]=,:[#6][#6]=,:[#6][#6]=,:2~[#6;R1]~[#6;R1]~1-[c;R1]1ccc[c;R1](c1)-[#6;R1]~1~[#6]=,:2[#6]=,:[#6][#6]=,:[#6][#6]=,:2~[#8]~[#6;R1]~[#6;R1]~1-[c;R1]1ccccc1	[H:1][#8:2]-[#6;R1:3]=,:1[#6;R1:4]=,:[#6;R1:5](-[!$([OH]):6])[#6;R2:7]2=,:[#6;R2:8]([#6;R1:9]=,:1)-[#8;R1:10]-[#6;X4R1:11]-[#6;X4R1:12](-[c;R1:14]1[c;R1:15][c;R1:16][c;R1:17](-[#8:18][#1,#6;A:19])[c;R1:20][c;R1:21]1)[C;R1:13]2([H:22])[#8;X2][H]>>[H:1][#8:2]-[#6;R1:3]=,:1[#6;R1:4]=,:[#6;R1:5](-[!$([OH]):6])[#6;R2:7]2=,:[#6;R2:8]([#6;R1:9]=,:1)-[#8;R1:10]-[#6;X4R1:11]-[#6;X4R1:12](-[c;R1:14]1[c;R1:15][c;R1:16][c;R1:17](-[#8:18][#1,#6;A:19])[c;R1:20][c;R1:21]1)[C;R1:13]2([H:22])[H]
base	ISOFLAVONE_4P_OH_GLUCURONIDATION	BTMR0182	4'-O-Glucuronidation of isoflavone	bt:ISOFLAVONE_4P_OH_GLUCURONIDATION	1	[H][#8;X2]-[#6;R1]=,:1[#6;R1]=,:[#6;R1][#6;R1](=,:[#6;R1][#6;R1]=,:1)-[#6;R1]1=,:[#6;R1][#8;R1][#6;R2]2=,:[#6;R1][#6;R1]=,:[#6;R1][#6;R1]=,:[#6;R2]2[#6;R1]1=[O;X1]	2	[H][#7]([#6;A;H2X4][#6](-[#8])=O)-[#6](=O)[#6;A;H1X4]([#6;A;H2X4][#16][#6,#8,#16;A])[#7]([H])-[#6](=O)[#6;A;H2X4][#6;A;H2X4][#6;A;H1X4]([#7])[#6](-[#8])=O | [#8]-,=[#6](-,=[#7]-[#6]-,=[#6]-,=[#16])-[#6]-[#6]-[#7]-,=[#6](-,=[#8])-[#6](-,=[#8])C([#6])([#6])[#6]-[#8]P([#8])(=O)[#8]P([#8])(=O)[#8]-[#6]-[#6]-1-[#8]-[#6](-[#7]~2~[#6]~[#7]~[#6]~3~[#6]~2~[#7]~[#6]~[#7]~[#6]~3-[#7])-[#6](-[#8])-[#6]-1-[#8]	[H][#8;X2:18]-[#6;R1:1]=,:1[#6;R1:2]=,:[#6;R1:3][#6;R1:4](=,:[#6;R1:5][#6;R1:6]=,:1)-[#6;R1:7]1=,:[#6;R1:8][#8;R1:9][#6;R2:10]2=,:[#6;R1:11][#6;R1:12]=,:[#6;R1:13][#6;R1:14]=,:[#6;R2:15]2[#6;R1:16]1=[O;X1:17]>>[#8]-[#6]-1-[#6](-[#8])-[#6](-[#8;X2:18]-[#6;R1:1]=,:2[#6;R1:2]=,:[#6;R1:3][#6;R1:4](=,:[#6;R1:5][#6;R1:6]=,:2)-[#6;R1:7]2=,:[#6;R1:8][#8;R1:9][#6;R2:10]3=,:[#6;R1:11][#6;R1:12]=,:[#6;R1:13][#6;R1:14]=,:[#6;R2:15]3[#6;R1:16]2=[O;X1:17])-[#8]-[#6](-[#6]-1-[#8])-[#6](-[#8])=O
base	ISOFLAVONE_4P_O_METHYLATION	BTMR0216	4'-O-Methylation of isoflavone	bt:ISOFLAVONE_4P_O_METHYLATION	1	[H][#8;A;X2][#6;R1]=,:1[#6;R1]=,:[#6;R1][#6;R1](=,:[#6;R1][#6;R1]=,:1)-[#6;R1]1=,:[#6;R1][#8;R1][#6]=,:2[#6]=,:[#6][#6]=,:[#6][#6]=,:2[#6;R1]1=O	2	[H][#7]([#6;A;H2X4][#6](-[#8])=O)-[#6](=O)[#6;A;H1X4]([#6;A;H2X4][#16][#6,#8,#16;A])[#7]([H])-[#6](=O)[#6;A;H2X4][#6;A;H2X4][#6;A;H1X4]([#7])[#6](-[#8])=O | [#7]~[#6]~1~[#7]~[#6]~[#7]~[#6]~2~[#6]~1~[#7]~[#6]~[#7]~2-[#6]-1-[#8]-[#6](-[#6]-[#8]P([#8])(=O)[#8]P([#8])(=O)[#8]-[#6]C([#6])([#6])[#6](-,=[#8])-[#6](-,=[#8])-,=[#7]-[#6]-[#6]-[#6](-,=[#8])-,=[#7]-[#6]-[#6]-[#16])-[#6](-[#8]P([#8])([#8])=O)-[#6]-1-[#8]	[H][#8;A;X2:1][#6;R1:2]=,:1[#6;R1:7]=,:[#6;R1:6][#6;R1:5](=,:[#6;R1:4][#6;R1:3]=,:1)-[#6;R1:8]1=,:[#6;R1:9][#8;R1:10][#6:11]=,:2[#6:12]=,:[#6:13][#6:14]=,:[#6:15][#6:16]=,:2[#6;R1:17]1=[O:18]>>[H]C([H])([H])[#8;A;X2:1][#6;R1:2]=,:1[#6;R1:7]=,:[#6;R1:6][#6;R1:5](=,:[#6;R1:4][#6;R1:3]=,:1)-[#6;R1:8]1=,:[#6;R1:9][#8;R1:10][#6:11]=,:2[#6:12]=,:[#6:13][#6:14]=,:[#6:15][#6:16]=,:2[#6;R1:17]1=[O:18]
base	ISOFLAVONE_6_C_DEGLYCOSYLATION	BTMR0292	6-C-Deglycosylation of isoflavone	bt:ISOFLAVONE_6_C_DEGLYCOSYLATION	1	[#8]-[#6]-[#6]-1-[#8]-[#6;R1](-[#6]2=,:[#6][#6;R1]=,:[#6]3[#8][#6]=,:[#6;R1](-[#6;R1]=,:4[#6;R1]=,:[#6;R1][#6]=,:[#6][#6;R1]=,:4)[#6](=O)[#6]3=,:[#6]2)-[#6](-[#8])-[#6](-[#8])-[#6]-1-[#8]	0		[#8:1]-[#6:2]-[#6:3]-1-[#8:4]-[#6;R1:5](-[#6:21]2=,:[#6:22][#6;R1:12]=,:[#6:13]3[#8:14][#6:15]=,:[#6;R1:16](-[#6;R1:23]=,:4[#6;R1:28]=,:[#6;R1:27][#6:26]=,:[#6:25][#6;R1:24]=,:4)[#6:17](=[O:18])[#6:19]3=,:[#6:20]2)-[#6:6](-[#8:7])-[#6:8](-[#8:9])-[#6:10]-1-[#8:11]>>[H][#6;R1:5]-1-[#8:4]-[#6:3](-[#6:2]-[#8:1])-[#6:10](-[#8:11])-[#6:8](-[#8:9])-[#6:6]-1-[#8:7].[H][#6:21]1=,:[#6:22][#6;R1:12]=,:[#6:13]2[#8:14][#6:15]=,:[#6;R1:16](-[#6;R1:23]=,:3[#6;R1:28]=,:[#6;R1:27][#6:26]=,:[#6:25][#6;R1:24]=,:3)[#6:17](=[O:18])[#6:19]2=,:[#6:20]1
base	ISOFLAVONE_7_OH_GLUCURONIDATION	BTMR0183	7-O-Glucuronidation of isoflavone	bt:ISOFLAVONE_7_OH_GLUCURONIDATION	1	[H][#8;X2]-[#6;R1]1=,:[#6;R1][#6;R1]=,:[#6;R2]2[#6;R2](=,:[#6;R1]1)[#8;R1][#6;R1]=,:[#6;R1](-[#6;R1]=,:1[#6;R1]=,:[#6;R1][#6;R1]=,:[#6;R1][#6;R1]=,:1)[#6;R1]2=[O;X1]	2	[H][#7]([#6;A;H2X4][#6](-[#8])=O)-[#6](=O)[#6;A;H1X4]([#6;A;H2X4][#16][#6,#8,#16;A])[#7]([H])-[#6](=O)[#6;A;H2X4][#6;A;H2X4][#6;A;H1X4]([#7])[#6](-[#8])=O | [#8]-,=[#6](-,=[#7]-[#6]-,=[#6]-,=[#16])-[#6]-[#6]-[#7]-,=[#6](-,=[#8])-[#6](-,=[#8])C([#6])([#6])[#6]-[#8]P([#8])(=O)[#8]P([#8])(=O)[#8]-[#6]-[#6]-1-[#8]-[#6](-[#7]~2~[#6]~[#7]~[#6]~3~[#6]~2~[#7]~[#6]~[#7]~[#6]~3-[#7])-[#6](-[#8])-[#6]-1-[#8]	[H][#8;X2:18]-[#6;R1:12]1=,:[#6;R1:13][#6;R1:14]=,:[#6;R2:15]2[#6;R2:10](=,:[#6;R1:11]1)[#8;R1:9][#6;R1:8]=,:[#6;R1:7](-[#6;R1:4]=,:1[#6;R1:3]=,:[#6;R1:2][#6;R1:1]=,:[#6;R1:6][#6;R1:5]=,:1)[#6;R1:16]2=[O;X1:17]>>[#8]-[#6]-1-[#6](-[#8])-[#6](-[#8;X2:18]-[#6;R1:12]2=,:[#6;R1:13][#6;R1:14]=,:[#6;R2:15]3[#6;R2:10](=,:[#6;R1:11]2)[#8;R1:9][#6;R1:8]=,:[#6;R1:7](-[#6;R1:4]=,:2[#6;R1:3]=,:[#6;R1:2][#6;R1:1]=,:[#6;R1:6][#6;R1:5]=,:2)[#6;R1:16]3=[O;X1:17])-[#8]-[#6](-[#6]-1-[#8])-[#6](-[#8])=O
base	ISOFLAVONE_8_C_DEGLYCOSYLATION	BTMR0293	8-C-Deglycosylation of isoflavone	bt:ISOFLAVONE_8_C_DEGLYCOSYLATION	1	[#8]-[#6]-[#6]-1-[#8]-[#6;R1](-[#6;R1]=,:2[#6]=,:[#6][#6]=,:[#6]3[#6]=,:2[#8][#6]=,:[#6;R1](-[#6;R1]=,:2[#6;R1]=,:[#6;R1][#6]=,:[#6][#6;R1]=,:2)[#6]3=O)-[#6](-[#8])-[#6](-[#8])-[#6]-1-[#8]	0		[#8:1]-[#6:2]-[#6:3]-1-[#8:4]-[#6;R1:5](-[#6;R1:12]=,:2[#6:22]=,:[#6:21][#6:20]=,:[#6:19]3[#6:13]=,:2[#8:14][#6:15]=,:[#6;R1:16](-[#6;R1:23]=,:2[#6;R1:28]=,:[#6;R1:27][#6:26]=,:[#6:25][#6;R1:24]=,:2)[#6:17]3=[O:18])-[#6:6](-[#8:7])-[#6:8](-[#8:9])-[#6:10]-1-[#8:11]>>[H][#6;R1:5]-1-[#8:4]-[#6:3](-[#6:2]-[#8:1])-[#6:10](-[#8:11])-[#6:8](-[#8:9])-[#6:6]-1-[#8:7].[H][#6;R1:12]=,:1[#6:22]=,:[#6:21][#6:20]=,:[#6:19]2[#6:13]=,:1[#8:14][#6:15]=,:[#6;R1:16](-[#6;R1:23]=,:1[#6;R1:28]=,:[#6;R1:27][#6:26]=,:[#6:25][#6;R1:24]=,:1)[#6:17]2=[O:18]
base	ISOFLAVONE_REDUCTION_TO_ISOFLAVANONE	BTMR0294	Reduction of isoflavone to isoflavanone	bt:ISOFLAVONE_REDUCTION_TO_ISOFLAVANONE	1	[R0;*,#1]-[#6;R1]=,:1[#8]c2c([#6;R1](=[O;X1])[#6;R1]=,:1-[c;R1]1[c;R1](-[R0;*,#1])[c;R1](-[R0;*,#1])[c;R1](-[R0;*,#1])[c;R1](-[R0;*,#1])[c;R1]1-[R0;*,#1])c(-[R0;*,#1])c(-[R0;*,#1])c(-[R0;*,#1])c2-[R0;*,#1]	3	[#6;R1]~1~[#8]~[#6]2=,:[#6](~[#6]~[#6;R1]~1-[c;R1]1ccccc1)[#6]=,:[#6][#6]=,:[#6;R1]2-[#6;R1]~1~[#6]=,:2[#6]=,:[#6][#6]=,:[#6][#6]=,:2~[#8]~[#6;R1]~[#6;R1]~1-[c;R1]1ccccc1 | [#6;R1]~1~[#8]~[#6]=,:2[#6;R1]=,:[#6][#6]=,:[#6][#6]=,:2~[#6;R1](~[#6;R1]~1-[c;R1]1ccccc1)-[#6;R1]~1~[#6]=,:2[#6]=,:[#6][#6]=,:[#6][#6]=,:2~[#8]~[#6;R1]~[#6;R1]~1-[c;R1]1ccccc1 | [#6;R1]~1~[#8]~[#6]=,:2[#6;R1]=,:[#6][#6]=,:[#6][#6]=,:2~[#6;R1]~[#6;R1]~1-[c;R1]1ccc[c;R1](c1)-[#6;R1]~1~[#6]=,:2[#6]=,:[#6][#6]=,:[#6][#6]=,:2~[#8]~[#6;R1]~[#6;R1]~1-[c;R1]1ccccc1	[O;X1:1]=[#6;R1:2]1[#6:11]=,:2[#6:10]=,:[#6:9][#6:8]=,:[#6:7][#6:6]=,:2[#8:5][#6;R1:4]=,:[#6;R1:3]1-[c;R1:12]1[c;R1:17][c;R1:16][c;R1:15][c;R1:14][c;R1:13]1>>[H][#6;R1:4]1-[#8:5]-[#6:6]=,:2[#6:7]=,:[#6:8][#6:9]=,:[#6:10][#6:11]=,:2-[#6;R1:2](=[O;X1:1])[C;R1:3]1([H])[c;R1:12]1[c;R1:17][c;R1:16][c;R1:15][c;R1:14][c;R1:13]1
base	KETO_ENOL_TAUTOMERIZATION_PATTERN1	BTMR0252	Keto-enol tautomerization	bt:KETO_ENOL_TAUTOMERIZATION	1	[H][#8;X2][#6;A]([#6,#1])=[#6](/[*,#1])-[*,#1]	2	[#6]~1~[#6;R1]~[#6;R1]~[#6;R1](~[#6]~[#6]~1)~[#6;R1]~1~[#6;R1]~[#6;R1]~[#6]~2~[#6]~[#6]~[#6]~[#6]~[#6]~2~[#8;$([#8;+1]),$([#8;+0])]~1 | [#6]~1~[#6;R1]~[#6;R1]~[#6;R1](~[#6]~[#6]~1)~[#6;R1]~1~[#6;R1]~[#8;$([#8;+1]),$([#8;+0])]~[#6]~2~[#6]~[#6]~[#6]~[#6]~[#6]~2~[#6;R1]~1	[H][#8;X2:3][#6;A:2]([#6,#1:4])=[#6:1](/[*,#1:5])-[*,#1:6]>>[H][C:1]([*,#1:5])([*,#1:6])[#6;A:2]([#6,#1:4])=[#8;X1:3]
base	KETO_HYDROLYSIS_PATTERN1	BTMR0253	Keto hydrolysis	bt:KETO_HYDROLYSIS	1	[!#8]-[#6;X3R0](=[O;X1])[C;X4]([*,#1])([*,#1])[#6;X3](-[!#8])=[O;X1]	0		[!#8:8]-[#6;X3R0:7](=[O;X1:9])[C;X4:4]([*,#1:6])([*,#1:5])[#6;X3:2](-[!#8:1])=[O;X1:3]>>[#8]-[#6;X3R0:7](-[!#8:8])=[O;X1:9].[H][C;X4:4]([*,#1:6])([*,#1:5])[#6;X3:2](-[!#8:1])=[O;X1:3]
base	KETO_HYDROLYSIS_PATTERN2	BTMR0597	Hydrolysis of ketone	bt:KETO_HYDROLYSIS	1	[*,#1]-[#6;X3](-[#7;X3](-[*,#1])-[*,#1])[C;X4]([*,#1])([*,#1])[#6;X3](-[*,#1])=[O;X1]	0		[*,#1:1]-[#6;X3:2](-[#7;X3:3](-[*,#1:4])-[*,#1:5])[C;X4:6]([*,#1:7])([*,#1:8])[#6;X3:9](-[*,#1:10])=[O;X1:11]>>[#8]-[#6;X3:9](-[*,#1:10])=[O;X1:11].[H][C;X4:6]([*,#1:7])([*,#1:8])[#6;X3:2](-[*,#1:1])-[#7;X3:3](-[*,#1:4])-[*,#1:5]
base	KETO_HYDROLYSIS_PATTERN3	BTMR0598	Hydrolysis of ketone	bt:KETO_HYDROLYSIS	1	[!#8]-[#6;X3](=[O;X1])-[#6;X3](-[*,#1])!@=[#6;X3](-[*,#1])-[#6;X3](-[*,#1])=[O;X1]	0		[!#8:1]-[#6;X3:2](=[O;X1:3])-[#6;X3:4](-[*,#1:5])!@=[#6;X3:6](-[*,#1:7])-[#6;X3:8](-[*,#1:9])=[O;X1:10]>>[H][#8]-[#6;X3:2](-[!#8:1])=[O;X1:3].[H][#6;X3:4](-[*,#1:5])!@=[#6;X3:6](-[*,#1:7])-[#6;X3:8](-[*,#1:9])=[O;X1:10]
base	KETO_HYDROLYSIS_PATTERN4	BTMR0599	Hydrolysis of ketone	bt:KETO_HYDROLYSIS	1	[!#8]-[#6;X3](=[O;X1])-[#6;X3](-[*,#1])=[#6;X3](/[*,#1])-[#6;X3](-[*,#1])=[#6;X3](/[*,#1])-[#6;X3](-[*,#1])=[O;X1]	0		[!#8:1]-[#6;X3:2](=[O;X1:3])-[#6;X3:4](-[*,#1:5])=[#6;X3:6](-[*,#1:7])-[#6;X3:8](-[*,#1:9])=[#6;X3:10](-[*,#1:11])-[#6;X3:12](-[*,#1:13])=[O;X1:14]>>[#8]-[#6;X3:2](-[!#8:1])=[O;X1:3].[H][#6;X3:4](-[*,#1:5])=[#6;X3:6](-[*,#1:7])-[#6;X3:8](-[*,#1:9])=[#6;X3:10](-[*,#1:11])-[#6;X3:12](-[*,#1:13])=[O;X1:14]
base	KETO_HYDROLYSIS_PATTERN5	BTMR0254	Keto hydrolysis	bt:KETO_HYDROLYSIS	1	[#6][#6;X3](=,:[#6]!@-[#6;X3](-[#6])=[O;X1])-[#8;X2][H]	0		[#6:7][#6;X3:5](=,:[#6:4]!@-[#6;X3:2](-[#6:1])=[O;X1:3])-[#8;X2:6][H:8]>>[H][#8]-[#6;X3:2](-[#6:1])=[O;X1:3].[#6:7][#6;X3:5](=,:[#6:4][H])-[#8;X2:6][H:8]
base	LACTONE_HYDROLYSIS_PATTERN1	BTMR0259	Lactone hydrolysis	bt:LACTONE_HYDROLYSIS	1	[O;X1]=[#6;R1]-1-[#6;R1]-[#6;R1]-[#6;R1]-[#8;R1]-1	0		[O;X1:1]=[#6;R1:2]-1-[#6;R1:3]-[#6;R1:4]-[#6;R1:5]-[#8;R1:6]-1>>[H][#8]-[#6:5]-[#6:4]-[#6:3]-[#6:2](=[O;X1:1])-[#8:6][H]
base	LACTONE_HYDROLYSIS_PATTERN2	BTMR0260	Lactone hydrolysis	bt:LACTONE_HYDROLYSIS	1	[O;R0]=[#6;R1]=,:1[#6;R1]=,:[#6;R1][#6;R1]=,:[#6;R1][#8;R1]=,:1	0		[O;R0:7]=[#6;R1:6]=,:1[#6;R1:5]=,:[#6;R1:4][#6;R1:3]=,:[#6;R1:2][#8;R1:1]=,:1>>[H][#8;R0:1][#6;R0:2]=[#6;R0:3]/[#6;R0:4]=[#6;R0:5][#6;R0:6](=[O;R0:7])-[#8][H]
base	LACTONE_HYDROLYSIS_PATTERN3	BTMR0261	Lactone hydrolysis	bt:LACTONE_HYDROLYSIS	1	[O;R0]=[#6;R1]1=,:[#6;R2]=,:[#6;R3][#6;R3]=,:[#6;R2][#8;R1]1	0		[O;R0:1]=[#6;R1:2]1=,:[#6;R2:3]=,:[#6;R3:4][#6;R3:5]=,:[#6;R2:6][#8;R1:7]1>>[H][#8;R0:7][#6;R0:2](=[O;R0:1])=,:[#6;R1:3]=,:[#6;R2:4][#6;R2:5]=,:[#6;R1:6]-[#8][H]
base	LACTONIZATION_OF_HEXAHYDROXYDIPHENOLIC_ACID	BTMR0315	Lactonization of hexahydroxydiphenolic acid	bt:LACTONIZATION_OF_HEXAHYDROXYDIPHENOLIC_ACID	1	[H][#8]!@-[#6]1=,:[#6](-[#8])[#6](-[#8]-[*,#1])=,:[#6](-[#1,#6])[#6](=,:[#6]1!@-[#6]1=,:[#6](!@-[#8][H])[#6](-[#8])=,:[#6](-[#8])[#6](-[#1,#6])=,:[#6]1-[#6](-[#8])=O)-[#6](=O)-[#8][H]	0		[H:9][#8:8]!@-[#6:7]1=,:[#6:10](-[#8:11])[#6:12](-[#8:13]-[*,#1:14])=,:[#6:15](-[#1,#6:16])[#6:5](=,:[#6:6]1!@-[#6:17]1=,:[#6:18](!@-[#8:19][H:20])[#6:21](-[#8:22])=,:[#6:23](-[#8:24])[#6:25](-[#1,#6:26])=,:[#6:27]1-[#6:28](-[#8:29])=[O:30])-[#6:3](=[O:4])-[#8:2][H:1]>>[H:1][#8:2][H:20].[H:9][#8:8]!@-[#6:7]1=,:[#6:10](-[#8:11])[#6:12](-[#8:13]-[*,#1:14])=,:[#6:15](-[#1,#6:16])[#6:5]-2=,:[#6:6]1-[#6:17]1=,:[#6:18](-[#8:19]-[#6:3]-2=[O:4])[#6:21](-[#8:22])=,:[#6:23](-[#8:24])[#6:25](-[#1,#6:26])=,:[#6:27]1-[#6:28](-[#8:29])=[O:30]
base	LACTOSYLCERAMIDE_4_ALPHA_GALACTOSE_TRANSFER	BTMR0509	4-alpha-Galactosylation of lactosylceramide	bt:LACTOSYLCERAMIDE_4_ALPHA_GALACTOSE_TRANSFER	1	[#6][#6;A;H2X4][#6;A;H2X4][#6;A;H2X4][#6;A;H2X4][#6;A;H2X4][#6;A;H2X4][#6;A;H2X4][#6;A;H2X4][#6;A;H2X4][#6;A;H2X4][#6;A;H2X4][#6;A;H2X4][#6]=[#6][#6;A@@H;H1X4R0]([#8;A;H1X2])[#6;A;H1X4R0]([#6;A;H2X4R0][#8]-[#6@@H]-1-[#8]-[#6@H](-[#6][#8;A;H1X2])-[#6@@H](-[#8]-[#6@@H]-2-[#8]-[#6@H](-[#6][#8;A;H1X2])-[#6@H]([#8;A;H1X2])-[#6@H]([#8;A;H1X2])-[#6@H]-2[#8;A;H1X2])-[#6@H]([#8;A;H1X2])-[#6@H]-1[#8;A;H1X2])[#7;A;H1X3][#6;R0](-[#6])=O	0		[H:47][#8;A;X2:24][#6@@H:20]-1-[#6@H:17]([#8;A;H1X2:22])-[#6@@H:13]([#8;A;H1X2:18])-[#6@H:7](-[#8:3]-[#6@H:1]-2-[#6@H:4]([#8;A;H1X2:9])-[#6@@H:8]([#8;A;H1X2:14])-[#6@H:10](-[#8:15][#6;A;H2X4R0:19][#6;A;H1X4R0:23]([#7;A;H1X3:27][#6;R0:30](-[#6:33])=[O:32])[#6;A@H;H1X4R0:26]([#8;A;H1X2:29])[#6:28]=[#6:31][#6;A;H2X4:34][#6;A;H2X4:35][#6;A;H2X4:36][#6;A;H2X4:37][#6;A;H2X4:38][#6;A;H2X4:39][#6;A;H2X4:40][#6;A;H2X4:41][#6;A;H2X4:42][#6;A;H2X4:43][#6;A;H2X4:44][#6;A;H2X4:45][#6:46])-[#8:5]-[#6@@H:2]-2-[#6:6][#8;A;H1X2:11])-[#8:12]-[#6@@H:16]-1-[#6:21][#8;A;H1X2:25]>>[H:47][H].[H][#8;A;X2][#6@@H]-1-[#6@H]([#8;A;H1X2])-[#6@@H]([#8;A;H1X2])-[#6@@H]([#8;A;X2:24][#6@@H:20]-2-[#6@H:17]([#8;A;H1X2:22])-[#6@@H:13]([#8;A;H1X2:18])-[#6@H:7](-[#8:3]-[#6@H:1]-3-[#6@H:4]([#8;A;H1X2:9])-[#6@@H:8]([#8;A;H1X2:14])-[#6@H:10](-[#8:15][#6;A;H2X4R0:19][#6;A;H1X4R0:23]([#7;A;H1X3:27][#6;R0:30](-[#6:33])=[O:32])[#6;A@H;H1X4R0:26]([#8;A;H1X2:29])[#6:28]=[#6:31][#6;A;H2X4:34][#6;A;H2X4:35][#6;A;H2X4:36][#6;A;H2X4:37][#6;A;H2X4:38][#6;A;H2X4:39][#6;A;H2X4:40][#6;A;H2X4:41][#6;A;H2X4:42][#6;A;H2X4:43][#6;A;H2X4:44][#6;A;H2X4:45][#6:46])-[#8:5]-[#6@@H:2]-3-[#6:6][#8;A;H1X2:11])-[#8:12]-[#6@@H:16]-2-[#6:21][#8;A;H1X2:25])-[#8]-[#6@@H]-1-[#6][#8;A;H1X2]
base	LACTOSYLCERAMIDE_N_ACETYLNEURAMINATE_TRANSFER	BTMR0473	Transfer of N-acetylneuraminate to lactosylceramide	bt:LACTOSYLCERAMIDE_N_ACETYLNEURAMINATE_TRANSFER	1	[H][#8]C([H])([H])[C@@]1([H])[#8][C@@]([H])([#8][C@@]2([H])[C@]([H])([#8][H])[C@@]([H])([#8][H])[C@]([H])([#8]C([H])([H])C([H])([#7]([H])-[#6](-[#6,#1])=O)C([H])([#8][H])[#6](-[H])=[#6](/[H])C([H])([H])C([H])([H])C([H])([H])C([H])([H])C([H])([H])C([H])([H])C([H])([H])C([H])([H])C([H])([H])C([H])([H])C([H])([H])C([H])([H])C([H])([H])[H])[#8][C@]2([H])C([H])([H])[#8][H])[C@]([H])([#8][H])[C@@]([H])([#8][H])[C@@]1([H])[#8][H]	0		[H:69][#8:25][C:21]([H:65])([H:66])[C@@:16]1([H:59])[#8:12][C@@:7]([H:52])([#8:3][C@@:1]2([H:47])[C@:4]([H:49])([#8:9][H:54])[C@@:8]([H:53])([#8:14][H:58])[C@:10]([H:55])([#8:15][C:19]([H:62])([H:63])[C:23]([H:67])([#7:27]([H:71])-[#6:30](-[#6,#1:33])=[O:32])[C:26]([H:70])([#8:29][H:73])[#6:28](-[H:72])=[#6:31](/[H:74])[C:34]([H:75])([H:76])[C:35]([H:77])([H:78])[C:36]([H:79])([H:80])[C:37]([H:81])([H:82])[C:38]([H:83])([H:84])[C:39]([H:85])([H:86])[C:40]([H:87])([H:88])[C:41]([H:89])([H:90])[C:42]([H:91])([H:92])[C:43]([H:93])([H:94])[C:44]([H:95])([H:96])[C:45]([H:97])([H:98])[C:46]([H:99])([H:100])[H:101])[#8:5][C@:2]2([H:48])[C:6]([H:50])([H:51])[#8:11][H:56])[C@:13]([H:57])([#8:18][H:61])[C@@:17]([H:60])([#8:22][H])[C@@:20]1([H:64])[#8:24][H:68]>>[H:69][#8:25][C:21]([H:65])([H:66])[C@@:16]1([H:59])[#8:12][C@@:7]([H:52])([#8:3][C@@:1]2([H:47])[C@:4]([H:49])([#8:9][H:54])[C@@:8]([H:53])([#8:14][H:58])[C@:10]([H:55])([#8:15][C:19]([H:62])([H:63])[C:23]([H:67])([#7:27]([H:71])-[#6:30](-[#6,#1:33])=[O:32])[C:26]([H:70])([#8:29][H:73])[#6:28](-[H:72])=[#6:31](/[H:74])[C:34]([H:75])([H:76])[C:35]([H:77])([H:78])[C:36]([H:79])([H:80])[C:37]([H:81])([H:82])[C:38]([H:83])([H:84])[C:39]([H:85])([H:86])[C:40]([H:87])([H:88])[C:41]([H:89])([H:90])[C:42]([H:91])([H:92])[C:43]([H:93])([H:94])[C:44]([H:95])([H:96])[C:45]([H:97])([H:98])[C:46]([H:99])([H:100])[H:101])[#8:5][C@:2]2([H:48])[C:6]([H:50])([H:51])[#8:11][H:56])[C@:13]([H:57])([#8:18][H:61])[C@@:17]([H:60])([#8:22][C@@]2([#6]-[#6@H](-[#8])-[#6@@H](-[#7]-[#6](-[#6])=O)[C@@]([H])([#8]2)[#6@H](-[#8])-[#6@H](-[#8])-[#6]-[#8])[#6](-[#8])=O)[C@@:20]1([H:64])[#8:24][H:68]
base	LONG_CHAIN_ACYL_COA_DEHYDROGENATION	BTMR0385	Dehydrogenation of long-chain acyl-CoA	bt:LONG_CHAIN_ACYL_COA_DEHYDROGENATION	1	[#6;R0]-,=[#6;R0]-,=[#6;R0]-,=[#6;R0]-,=[#6;R0]-,=[#6;R0]-,=[#6;R0]-,=[#6;R0]-,=[#6;R0]-,=[#6;R0][#6;A;X4R0;H1,H2]([H])([H])[C;H2X4R0]([H])([H])[#6;R0](=[O;R0])-[#16;R0][C;R0]([H])([H])[C;R0]([H])([H])[#7;R0]([H])-[#6;R0](=O)[C;R0]([H])([H])[C;R0]([H])([H])[#7;R0]([H])-[#6;R0](=[O;R0])[#6;A;H1X4]([H])([#8][H])[C;R0]([C;R0]([H])([H])[H])([C;R0]([H])([H])[H])[C;R0]([H])([H])[#8;R0][P;R0](=[O;R0])([#8][H])[#8;R0][P;R0](=[O;R0])([#8][H])[#8]C([H])([H])C1([H])[#8]C([H])([#7]-2-[#6]([H])=[#7]-[#6]-3=[#6]-2-[#7]=[#6]([H])-[#7]=[#6]-3-[#7]([H])[H])C([H])([#8][H])C1([H])[#8]P(=O)([#8][H])[#8][H]	1	[#6;R0]-,=[#6;R0]-,=[#6;R0]-,=[#6;R0]-,=[#6;R0]-,=[#6;R0]-,=[#6;R0]-,=[#6;R0]-,=[#6;R0]-,=[#6;R0]-,=[#6;R0]-,=[#6;R0]-,=[#6;R0]-,=[#6;R0]-,=[#6;R0]-,=[#6;R0]-,=[#6;R0]-,=[#6;R0]-,=[#6;R0][#6;A;X4R0;H1,H2]([H])([H])[C;H2X4R0]([H])([H])[#6;R0](=[O;R0])-[#16;R0][C;R0]([H])([H])[C;R0]([H])([H])[#7;R0]([H])-[#6;R0](=O)[C;R0]([H])([H])[C;R0]([H])([H])[#7;R0]([H])-[#6;R0](=[O;R0])[#6;A;H1X4]([H])([#8][H])[C;R0]([C;R0]([H])([H])[H])([C;R0]([H])([H])[H])[C;R0]([H])([H])[#8;R0][P;R0](=[O;R0])([#8][H])[#8;R0][P;R0](=[O;R0])([#8][H])[#8]C([H])([H])C1([H])[#8]C([H])([#7]2[#6]=,:[#7]-[#6]3=,:[#6]2[#7]=,:[#6][#7]=,:[#6]3-[#7]([H])[H])C([H])([#8][H])C1([H])[#8]P(=O)([#8][H])[#8][H]	[#6;R0:1]-,=[#6;R0:2]-,=[#6;R0:3]-,=[#6;R0:4]-,=[#6;R0:5]-,=[#6;R0:6]-,=[#6;R0:7]-,=[#6;R0:8]-,=[#6;R0:9]-,=[#6;R0:10][#6;A;X4R0;H1,H2:11][#6;H2X4R0:12]-[#6;R0:13](=[O;R0:14])-[#16;R0:15]-[#6;R0:16]-[#6;R0:17]-[#7;R0:18]-,=[#6;R0:19](-,=[#8:20])-[#6;R0:21]-[#6;R0:22]-[#7;R0:23]-,=[#6;R0:24](-,=[#8;R0:25])[#6;A;H1X4:26]([#8:27])[C;R0:28]([#6;R0:29])([#6;R0:30])[#6;R0:31]-[#8;R0:32][P;R0:33]([!#1!#6;O,$([O-]):34])(=[O;R0:35])[#8;R0:36][P;R0:37]([!#1!#6;O,$([O-]):38])(=[O;R0:39])[#8:40]-[#6:41]-[#6:42]-1-[#8:43]-[#6:44](-[#6:45](-[#8:46])-[#6:47]-1-[#8:48][P:49]([!#1!#6;O,$([O-]):50])([!#1!#6;O,$([O-]):51])=[O:52])-[n:53]1[c:54][n:55][c:56]2[c:57](-[#7:58])[n:59][c:60][n:61][c:62]12>>[#6;R0:1]-,=[#6;R0:2]-,=[#6;R0:3]-,=[#6;R0:4]-,=[#6;R0:5]-,=[#6;R0:6]-,=[#6;R0:7]-,=[#6;R0:8]-,=[#6;R0:9]-,=[#6;R0:10]-[#6;A;X3R0:11]=[#6;H1X3R0:12]-[#6;R0:13](=[O;R0:14])-[#16;R0:15]-[#6;R0:16]-[#6;R0:17]-[#7;R0:18]-,=[#6;R0:19](-,=[#8:20])-[#6;R0:21]-[#6;R0:22]-[#7;R0:23]-,=[#6;R0:24](-,=[#8;R0:25])[#6;A;H1X4:26]([#8:27])[C;R0:28]([#6;R0:29])([#6;R0:30])[#6;R0:31]-[#8;R0:32][P;R0:33]([!#1!#6;O,$([O-]):34])(=[O;R0:35])[#8;R0:36][P;R0:37]([!#1!#6;O,$([O-]):38])(=[O;R0:39])[#8:40]-[#6:41]-[#6:42]-1-[#8:43]-[#6:44](-[#6:45](-[#8:46])-[#6:47]-1-[#8:48][P:49]([!#1!#6;O,$([O-]):50])([!#1!#6;O,$([O-]):51])=[O:52])-[n:53]1[c:54][n:55][c:56]2[c:57](-[#7:58])[n:59][c:60][n:61][c:62]12
base	LONG_CHAIN_ACYL_COA_HYDROLYSIS	BTMR0530	Acyl hydrolysis of long-chain acyl-CoA	bt:LONG_CHAIN_ACYL_COA_HYDROLYSIS	1	[#6;R0]-,=[#6;R0]-,=[#6;R0]-,=[#6;R0]-,=[#6;R0]-,=[#6;R0]-,=[#6;R0]-,=[#6;R0]-,=[#6;R0]-,=[#6;R0][#6;A;X4R0;H1,H2]([H])([H])[C;H2X4R0]([H])([H])[#6;R0](=[O;R0])-[#16;R0][C;R0]([H])([H])[C;R0]([H])([H])[#7;R0]([H])-[#6;R0](=O)[C;R0]([H])([H])[C;R0]([H])([H])[#7;R0]([H])-[#6;R0](=[O;R0])[#6;A;H1X4]([H])([#8][H])[C;R0]([C;R0]([H])([H])[H])([C;R0]([H])([H])[H])[C;R0]([H])([H])[#8;R0][P;R0](=[O;R0])([#8][H])[#8;R0][P;R0](=[O;R0])([#8][H])[#8]C([H])([H])C1([H])[#8]C([H])([#7]-2-[#6]([H])=[#7]-[#6]-3=[#6]-2-[#7]=[#6]([H])-[#7]=[#6]-3-[#7]([H])[H])C([H])([#8][H])C1([H])[#8]P(=O)([#8][H])[#8][H]	1	[#6;R0]-,=[#6;R0]-,=[#6;R0]-,=[#6;R0]-,=[#6;R0]-,=[#6;R0]-,=[#6;R0]-,=[#6;R0]-,=[#6;R0]-,=[#6;R0]-,=[#6;R0]-,=[#6;R0]-,=[#6;R0]-,=[#6;R0]-,=[#6;R0]-,=[#6;R0]-,=[#6;R0]-,=[#6;R0]-,=[#6;R0][#6;A;X4R0;H1,H2]([H])([H])[C;H2X4R0]([H])([H])[#6;R0](=[O;R0])-[#16;R0][C;R0]([H])([H])[C;R0]([H])([H])[#7;R0]([H])-[#6;R0](=O)[C;R0]([H])([H])[C;R0]([H])([H])[#7;R0]([H])-[#6;R0](=[O;R0])[#6;A;H1X4]([H])([#8][H])[C;R0]([C;R0]([H])([H])[H])([C;R0]([H])([H])[H])[C;R0]([H])([H])[#8;R0][P;R0](=[O;R0])([#8][H])[#8;R0][P;R0](=[O;R0])([#8][H])[#8]C([H])([H])C1([H])[#8]C([H])([#7]2[#6]=,:[#7]-[#6]3=,:[#6]2[#7]=,:[#6][#7]=,:[#6]3-[#7]([H])[H])C([H])([#8][H])C1([H])[#8]P(=O)([#8][H])[#8][H]	[#6;R0:1]-,=[#6;R0:2]-,=[#6;R0:3]-,=[#6;R0:4]-,=[#6;R0:5]-,=[#6;R0:6]-,=[#6;R0:7]-,=[#6;R0:8]-,=[#6;R0:9]-,=[#6;R0:10][#6;A;X4R0;H1,H2:11]([H:12])([H:13])[C;H2X4R0:14]([H:15])([H:16])[#6;R0:17](=[O;R0:18])-[#16;R0:19][C;R0:20]([H:21])([H:22])[C;R0:23]([H:24])([H:25])[#7;R0:26]([H:27])-[#6;R0:28](=[O:29])[C;R0:30]([H:31])([H:32])[C;R0:33]([H:34])([H:35])[#7;R0:36]([H:37])-[#6;R0:38](=[O;R0:39])[#6;A;H1X4:40]([H:41])([#8:42][H:43])[C;R0:44]([C;R0:45]([H:46])([H:47])[H:48])([C;R0:49]([H:50])([H:51])[H:52])[C;R0:53]([H:54])([H:55])[#8;R0:56][P;R0:57](=[O;R0:58])([#8:59][H:60])[#8;R0:61][P;R0:62](=[O;R0:63])([#8:64][H:65])[#8:66][C:67]([H:68])([H:69])[C:70]1([H:71])[#8:72][C:73]([H:74])([#7:75]-2-[#6:76]([H:77])=[#7:78]-[#6:79]-3=[#6:80]-2-[#7:81]=[#6:82]([H:83])-[#7:84]=[#6:85]-3-[#7:86]([H:87])[H:88])[C:89]([H:90])([#8:91][H:92])[C:93]1([H:94])[#8:95][P:96](=[O:97])([#8:98][H:99])[#8:100][H:101]>>[#6;R0:1]-,=[#6;R0:2]-,=[#6;R0:3]-,=[#6;R0:4]-,=[#6;R0:5]-,=[#6;R0:6]-,=[#6;R0:7]-,=[#6;R0:8]-,=[#6;R0:9]-,=[#6;R0:10][#6;A;X4R0;H1,H2:11]([H:12])([H:13])[C;H2X4R0:14]([H:15])([H:16])[#6;R0:17](=[O;R0:18])-[#8][H].[H:43][#8:42][#6;A;H1X4:40]([H:41])([#6;R0:38](=[O;R0:39])-[#7;R0:36]([H:37])[C;R0:33]([H:34])([H:35])[C;R0:30]([H:31])([H:32])[#6;R0:28](=[O:29])-[#7;R0:26]([H:27])[C;R0:23]([H:24])([H:25])[C;R0:20]([H:21])([H:22])[#16;R0:19][H])[C;R0:44]([C;R0:45]([H:46])([H:47])[H:48])([C;R0:49]([H:50])([H:51])[H:52])[C;R0:53]([H:54])([H:55])[#8;R0:56][P;R0:57](=[O;R0:58])([#8:59][H:60])[#8;R0:61][P;R0:62](=[O;R0:63])([#8:64][H:65])[#8:66][C:67]([H:68])([H:69])[C:70]1([H:71])[#8:72][C:73]([H:74])([#7:75]-2-[#6:76]([H:77])=[#7:78]-[#6:79]-3=[#6:80]-2-[#7:81]=[#6:82]([H:83])-[#7:84]=[#6:85]-3-[#7:86]([H:87])[H:88])[C:89]([H:90])([#8:91][H:92])[C:93]1([H:94])[#8:95][P:96](=[O:97])([#8:98][H:99])[#8:100][H:101]
base	LONG_CHAIN_ALCOHOL_OXIDATION	BTMR0375	Oxidation of long-chain alcohol	bt:LONG_CHAIN_ALCOHOL_OXIDATION	1	[#6;R0]-,=[#6;R0]-,=[#6;R0]-,=[#6;R0]-,=[#6;R0]-,=[#6;R0]-,=[#6;R0]-,=[#6;R0]-,=[#6;R0]-,=[#6;R0]-,=[#6;R0]-,=[#6;R0]-[#6;H2X4R0]-[#8;H1X2]	1	[$([#6;R0]-,=[#6;R0]-,=[#6;R0]-,=[#6;R0]-,=[#6;R0]-,=[#6;R0]-,=[#6;R0]-,=[#6;R0]-,=[#6;R0]-,=[#6;R0]-,=[#6;R0]-,=[#6;R0]-,=[#6;R0]-,=[#6;R0]-,=[#6;R0]-,=[#6;R0]-,=[#6;R0]-,=[#6;R0]-,=[#6;R0]-,=[#6;R0]-,=[#6;R0]-[#6;H2X4R])]	[#6:1]-,=[#6:2]-,=[#6:3]-,=[#6:4]-,=[#6:5]-,=[#6:6]-,=[#6:7]-,=[#6:8]-,=[#6:9]-,=[#6:10]-,=[#6:11]-,=[#6:12]-[#6;H2X4:13](-[H])-[#8;X2:14]-[H]>>[#6:1]-,=[#6:2]-,=[#6:3]-,=[#6:4]-,=[#6:5]-,=[#6:6]-,=[#6:7]-,=[#6:8]-,=[#6:9]-,=[#6:10]-,=[#6:11]-,=[#6:12]-[#6;H1X3:13]=[O;X1:14]
base	LONG_CHAIN_FATTY_ACYL_COA_LIGATION	BTMR0596	Ligation of long-chain fatty acyl-CoA	bt:LONG_CHAIN_FATTY_ACYL_COA_LIGATION	1	[#6]~[#6]!@[#6]!@[#6]!@[#6]~[#6]!@[#6]!@[#6]!@[#6]!@[#6]!@[#6]!@[#6]-[#6](!@-[#8;A;X2H1,X1-])=O	1	[#6]!@[#6]~[#6]!@[#6]!@[#6]!@[#6]!@[#6]!@[#6]!@[#6]!@[#6]!@[#6]~[#6]!@[#6]!@[#6]!@[#6]!@[#6]!@[#6]!@[#6]!@[#6]!@[#6]!@[#6]!@-[#6](!@-[#8;A;X2H1,X1-])=O	[#6:1]~[#6:2]!@[#6:3]!@[#6:4]!@[#6:5]~[#6:6]!@[#6:7]!@[#6:8]!@[#6:9]!@[#6:10]!@[#6:11]!@[#6:12]-[#6:13]([#8;A;X2H1,X1-])=[O:14]>>[#6:1]~[#6:2]!@[#6:3]!@[#6:4]!@[#6:5]~[#6:6]!@[#6:7]!@[#6:8]!@[#6:9]!@[#6:10]!@[#6:11]!@[#6:12]-[#6:13](=[O:14])-[#16;X2]-[#6;R0]-[#6;R0]-[#7;R0]-[#6;R0](=O)-[#6;R0]-[#6;R0]-[#7;R0]-[#6;R0](=[O;R0])-[#6;R0](-[#8])[C;R0]([#6;R0])([#6;R0])[#6;R0]-[#8;R0][P;R0]([!#1!#6;O,$([O-])])(=[O;R0])[#8;R0][P;R0]([!#1!#6;O,$([O-])])(=[O;R0])[#8]-[#6]-[#6]-1-[#8]-[#6](-[#6](-[#8])-[#6]-1-[#8]P([!#1!#6;O,$([O-])])([!#1!#6;O,$([O-])])=O)-[#7]-1-[#6]=[#7]-[#6]-2=[#6]-1-[#7]=[#6]-[#7]=[#6]-2-[#7]
base	LONG_CHAIN_S_3_HYDROXYACYL_COA_DEHYDROGENATION	BTMR0361	Dehydrogenation of long-chain (S)-3-hydroxyacyl-CoA	bt:LONG_CHAIN_S_3_HYDROXYACYL_COA_DEHYDROGENATION	1	[#6]-,=[#6]-,=[#6]-,=[#6]-,=[#6]-,=[#6]-,=[#6]-,=[#6]-,=[#6]-,=[#6][C@]([H])([#8][H])C([H])([H])[#6](=O)-[#16]C([H])([H])C([H])([H])[#7]([H])-[#6](=O)C([H])([H])C([H])([H])[#7]([H])-[#6](=O)C([H])([#8][H])C(C([H])([H])[H])(C([H])([H])[H])C([H])([H])[#8]P(=O)([#8][H])[#8]P(=O)([#8][H])[#8]C([H])([H])C1([H])[#8]C([H])([#7]-2-[#6]([H])=[#7]-[#6]-3=[#6]-2-[#7]=[#6]([H])-[#7]=[#6]-3-[#7]([H])[H])C([H])([#8][H])C1([H])[#8]P(=O)([#8][H])[#8][H]	0		[#6:1]-,=[#6:2]-,=[#6:3]-,=[#6:4]-,=[#6:5]-,=[#6:6]-,=[#6:7]-,=[#6:8]-,=[#6:9]-,=[#6:10][C@:11]([H])([#8:12][H])[C:13]([H:14])([H:15])[#6:16](=[O:17])-[#16:18][C:19]([H:20])([H:21])[C:22]([H:23])([H:24])[#7:25]([H:26])-[#6:27](=[O:28])[C:29]([H:30])([H:31])[C:32]([H:33])([H:34])[#7:35]([H:36])-[#6:37](=[O:38])[C:39]([H:40])([#8:41][H:42])[C:43]([C:44]([H:45])([H:46])[H:47])([C:48]([H:49])([H:50])[H:51])[C:52]([H:53])([H:54])[#8:55][P:56](=[O:57])([#8:58][H:59])[#8:60][P:61](=[O:62])([#8:63][H:64])[#8:65][C:66]([H:67])([H:68])[C:69]1([H:70])[#8:71][C:72]([H:73])([#7:74]-2-[#6:75]([H:76])=[#7:77]-[#6:78]-3=[#6:79]-2-[#7:80]=[#6:81]([H:82])-[#7:83]=[#6:84]-3-[#7:85]([H:86])[H:87])[C:88]([H:89])([#8:90][H:91])[C:92]1([H:93])[#8:94][P:95](=[O:96])([#8:97][H:98])[#8:99][H:100]>>[#6:1]-,=[#6:2]-,=[#6:3]-,=[#6:4]-,=[#6:5]-,=[#6:6]-,=[#6:7]-,=[#6:8]-,=[#6:9]-,=[#6:10]-[#6:11](=[O:12])[C:13]([H:14])([H:15])[#6:16](=[O:17])-[#16:18][C:19]([H:20])([H:21])[C:22]([H:23])([H:24])[#7:25]([H:26])-[#6:27](=[O:28])[C:29]([H:30])([H:31])[C:32]([H:33])([H:34])[#7:35]([H:36])-[#6:37](=[O:38])[C:39]([H:40])([#8:41][H:42])[C:43]([C:44]([H:45])([H:46])[H:47])([C:48]([H:49])([H:50])[H:51])[C:52]([H:53])([H:54])[#8:55][P:56](=[O:57])([#8:58][H:59])[#8:60][P:61](=[O:62])([#8:63][H:64])[#8:65][C:66]([H:67])([H:68])[C:69]1([H:70])[#8:71][C:72]([H:73])([#7:74]-2-[#6:75]([H:76])=[#7:77]-[#6:78]-3=[#6:79]-2-[#7:80]=[#6:81]([H:82])-[#7:83]=[#6:84]-3-[#7:85]([H:86])[H:87])[C:88]([H:89])([#8:90][H:91])[C:92]1([H:93])[#8:94][P:95](=[O:96])([#8:97][H:98])[#8:99][H:100]
base	L_CYSTEINE_S_CONJUGATE_N_ACETYLATION	BTMR0438	N-Acetylation of L-cysteine-S-conjugate	bt:L_CYSTEINE_S_CONJUGATE_N_ACETYLATION	1	[#6]-[#16;X2][#6;A;H2X4][#6;A@H;X4]([#7;A;H2X3])[#6](-[#8-])=O	0		[#6:5]-[#16;X2:4][#6;A;H2X4:3][#6;A@H;X4:2]([#7;A;H2X3:1])[#6:6](-[#8-:7])=[O:8]>>[#6:5]-[#16;X2:4][#6;A;H2X4:3][#6;A@H;X4:2]([#7;A;X3:1][#6](-[#6])=O)[#6:6](-[#8-:7])=[O:8]
base	MEDIUM_CHAIN_ACYL_COA_DEHYDROGENATION	BTMR0383	Dehydrogenation of medium-chain acyl-CoA	bt:MEDIUM_CHAIN_ACYL_COA_DEHYDROGENATION	1	[#6;R0]-,=[#6;R0]-,=[#6;R0][#6;A;X4R0;H1,H2][#6;H2X4R0]-[#6;R0](=[O;R0])-[#16;R0]-[#6;R0]-[#6;R0]-[#7;R0]-,=[#6;R0](-,=[#8])-[#6;R0]-[#6;R0]-[#7;R0]-,=[#6;R0](-,=[#8;R0])[#6;A;H1X4]([#8])[C;R0]([#6;R0])([#6;R0])[#6;R0]-[#8;R0][P;R0]([!#1!#6;O,$([O-])])(=[O;R0])[#8;R0][P;R0]([!#1!#6;O,$([O-])])(=[O;R0])[#8]-[#6]-[#6]-1-[#8]-[#6](-[#6](-[#8])-[#6]-1-[#8]P([!#1!#6;O,$([O-])])([!#1!#6;O,$([O-])])=O)-n1cnc2c(-[#7])ncnc12	1	[#6;R0]-,=[#6;R0]-,=[#6;R0]-,=[#6;R0]-,=[#6;R0]-,=[#6;R0]-,=[#6;R0]-,=[#6;R0]-,=[#6;R0]-,=[#6;R0][#6;A;X4R0;H1,H2][#6;H2X4R0]-[#6;R0](=[O;R0])-[#16;R0]-[#6;R0]-[#6;R0]-[#7;R0]-,=[#6;R0](-,=[#8])-[#6;R0]-[#6;R0]-[#7;R0]-,=[#6;R0](-,=[#8;R0])[#6;A;H1X4]([#8])[C;R0]([#6;R0])([#6;R0])[#6;R0]-[#8;R0][P;R0]([!#1!#6;O,$([O-])])(=[O;R0])[#8;R0][P;R0]([!#1!#6;O,$([O-])])(=[O;R0])[#8]-[#6]-[#6]-1-[#8]-[#6](-[#6](-[#8])-[#6]-1-[#8]P([!#1!#6;O,$([O-])])([!#1!#6;O,$([O-])])=O)-n1cnc2c(-[#7])ncnc12	[#6;R0:1]-,=[#6;R0:2]-,=[#6;R0:3][#6;A;X4R0;H1,H2:4][#6;H2X4R0:5]-[#6;R0:6](=[O;R0:7])-[#16;R0:8]-[#6;R0:9]-[#6;R0:10]-[#7;R0:11]-,=[#6;R0:12](-,=[#8:13])-[#6;R0:14]-[#6;R0:15]-[#7;R0:16]-,=[#6;R0:17](-,=[#8;R0:18])[#6;A;H1X4:19]([#8:20])[C;R0:21]([#6;R0:22])([#6;R0:23])[#6;R0:24]-[#8;R0:25][P;R0:26]([!#1!#6;O,$([O-]):27])(=[O;R0:28])[#8;R0:29][P;R0:30]([!#1!#6;O,$([O-]):31])(=[O;R0:32])[#8:33]-[#6:34]-[#6:35]-1-[#8:36]-[#6:37](-[#6:38](-[#8:39])-[#6:40]-1-[#8:41][P:42]([!#1!#6;O,$([O-]):43])([!#1!#6;O,$([O-]):44])=[O:45])-[n:46]1[c:47][n:48][c:49]2[c:50](-[#7:51])[n:52][c:53][n:54][c:55]12>>[#6;R0:1]-,=[#6;R0:2]-,=[#6;R0:3]-[#6;A;X3R0:4]=[#6;H1X3R0:5]-[#6;R0:6](=[O;R0:7])-[#16;R0:8]-[#6;R0:9]-[#6;R0:10]-[#7;R0:11]-,=[#6;R0:12](-,=[#8:13])-[#6;R0:14]-[#6;R0:15]-[#7;R0:16]-,=[#6;R0:17](-,=[#8;R0:18])[#6;A;H1X4:19]([#8:20])[C;R0:21]([#6;R0:22])([#6;R0:23])[#6;R0:24]-[#8;R0:25][P;R0:26]([!#1!#6;O,$([O-]):27])(=[O;R0:28])[#8;R0:29][P;R0:30]([!#1!#6;O,$([O-]):31])(=[O;R0:32])[#8:33]-[#6:34]-[#6:35]-1-[#8:36]-[#6:37](-[#6:38](-[#8:39])-[#6:40]-1-[#8:41][P:42]([!#1!#6;O,$([O-]):43])([!#1!#6;O,$([O-]):44])=[O:45])-[n:46]1[c:47][n:48][c:49]2[c:50](-[#7:51])[n:52][c:53][n:54][c:55]12
base	METHYLENEDIOXY_RING_OPENING	BTMR1177	Methylenedioxy ring opening	bt:METHYLENEDIOXY_RING_OPENING	1	[H][C;R1]1([H])[#8]-[#6;R2]=,:2[#6;R1]=,:[#6;R1][#6;R1]=,:[#6;R1][#6;R2]=,:2-[#8]1	0		[H][C;R1:1]1([H])[#8:2]-[#6;R2:3]=,:2[#6;R1:4]=,:[#6;R1:5][#6;R1:6]=,:[#6;R1:7][#6;R2:8]=,:2-[#8:9]1>>[#8]-[#6;R1:1]=O.[H][#8:2]-[#6;R1:3]=,:1[#6;R1:4]=,:[#6;R1:5][#6;R1:6]=,:[#6;R1:7][#6;R1:8]=,:1-[#8:9][H]
base	M_HYDROXYLATION_OF_MONOSUBSTITUTED_BENZENE	BTMR1033	m-Hydroxylation of monosubstituted benzene	bt:M_HYDROXYLATION_OF_MONOSUBSTITUTED_BENZENE	1	[H][#6;R1]=,:1[#6;R1]([H])=,:[#6;R1]([H])[#6;R1](-[$(C([Br])([Br])[Br]),$(C([Cl])([Cl])[Cl]),$(C([F])([F])[F]),$(C([I])([I])[I]),$(C#[NX1]),$([NX1+]),$([#16;A](=O)(=O)[OX2H1,OX1-]),$([NX4H3+1]),$([NX4H0+;$([N]([#6])([#6])[#6][#6]);!$([N]*~[#7,#8,#15,#16])]),$([$([NX3](=O)=O),$([NX3+](=O)[O-])][!#8]),$([$([CX3H][#6]),$([CX3H2])]=[OX1]),$([#6][CX3](=[OX1])[#6]),$([CX3;$([R0][#6]),$([H1R0])](=[OX1])[$([OX2H]),$([OX1-])]),$([CX3;$([R0][#6]),$([H1R0])](=[OX1])[ClX1]),$([CX3;$([R0][#6]),$([H1R0])](=[OX1])[OX2][#6;!$(C=[O,N,S])]),$([CX3;$([R0][#6]),$([H1R0])](=[OX1])[#7X3;$([H2]),$([H1][#6;!$(C=[O,N,S])]),$([#7]([#6;!$(C=[O,N,S])])[#6;!$(C=[O,N,S])])])])=,:[#6;R1]([H])[#6;R1]=,:1[H]	0		[H:8][#6;R1:4]=,:1[#6;R1:3]([H:11])=,:[#6;R1:2]([H:12])[#6;R1:1](-[$(C([Br])([Br])[Br]),$(C([Cl])([Cl])[Cl]),$(C([F])([F])[F]),$(C([I])([I])[I]),$(C#[NX1]),$([NX1+]),$([#16;A](=O)(=O)[OX2H1,OX1-]),$([NX4H3+1]),$([NX4H0+;$([N]([#6])([#6])[#6][#6]);!$([N]*~[#7,#8,#15,#16])]),$([$([NX3](=O)=O),$([NX3+](=O)[O-])][!#8]),$([$([CX3H][#6]),$([CX3H2])]=[OX1]),$([#6][CX3](=[OX1])[#6]),$([CX3;$([R0][#6]),$([H1R0])](=[OX1])[$([OX2H]),$([OX1-])]),$([CX3;$([R0][#6]),$([H1R0])](=[OX1])[ClX1]),$([CX3;$([R0][#6]),$([H1R0])](=[OX1])[OX2][#6;!$(C=[O,N,S])]),$([CX3;$([R0][#6]),$([H1R0])](=[OX1])[#7X3;$([H2]),$([H1][#6;!$(C=[O,N,S])]),$([#7]([#6;!$(C=[O,N,S])])[#6;!$(C=[O,N,S])])]):7])=,:[#6;R1:6]([H:10])[#6;R1:5]=,:1[H:9]>>[H:9][#8]-[#6;R1:5]1=,:[#6;R1:4]([H:8])[#6;R1:3]([H:11])=,:[#6;R1:2]([H:12])[#6;R1:1](-[$(C([Br])([Br])[Br]),$(C([Cl])([Cl])[Cl]),$(C([F])([F])[F]),$(C([I])([I])[I]),$(C#[NX1]),$([NX1+]),$([#16;A](=O)(=O)[OX2H1,OX1-]),$([NX4H3+1]),$([NX4H0+;$([N]([#6])([#6])[#6][#6]);!$([N]*~[#7,#8,#15,#16])]),$([$([NX3](=O)=O),$([NX3+](=O)[O-])][!#8]),$([$([CX3H][#6]),$([CX3H2])]=[OX1]),$([#6][CX3](=[OX1])[#6]),$([CX3;$([R0][#6]),$([H1R0])](=[OX1])[$([OX2H]),$([OX1-])]),$([CX3;$([R0][#6]),$([H1R0])](=[OX1])[ClX1]),$([CX3;$([R0][#6]),$([H1R0])](=[OX1])[OX2][#6;!$(C=[O,N,S])]),$([CX3;$([R0][#6]),$([H1R0])](=[OX1])[#7X3;$([H2]),$([H1][#6;!$(C=[O,N,S])]),$([#7]([#6;!$(C=[O,N,S])])[#6;!$(C=[O,N,S])])]):7])=,:[#6;R1:6]1[H:10]
base	NADPH_ASSISTED_DEHYDROGENATION_PATTERN1	BTMR0629	NADPH-assisted dehydrogenation	bt:NADPH_ASSISTED_DEHYDROGENATION	1	[H][#6;X3]([C;X2]#[N;X1;+0])=[#6;X3]([#6])-[#6;X3](=O)-[#8;X2]C([H])([H])[H]	0		[H:7][#6;X3:6]([C;X2:8]#[N;X1;+0:13])=[#6;X3:4]([#6:5])-[#6;X3:2](=[O:3])-[#8;X2:1][C:9]([H:10])([H:11])[H:12]>>[H:10][C:9]([H:11])([H:12])[#8;X2:1]-[#6;X3:2](=[O:3])[C;X4:4]([H])([#6:5])[C;X4:6]([H:7])([H])[C;X2:8]#[N;X1;+0:13]
base	NADPH_ASSISTED_DEHYDROGENATION_PATTERN10	BTMR0638	NADPH-assisted dehydrogenation	bt:NADPH_ASSISTED_DEHYDROGENATION	1	[H][#6;X4]([H])-[#6;X3]([H])=[#6;X3](/[#6;X3](=O)[C;X4]([H])([H])[#6;X4]([H])[H])C([H])([H])[H]	0		[H:13][#6;X4:3]([H:14])-[#6;X3:2]([H:1])=[#6;X3:4](/[#6;X3:5](=[O:6])[C;X4:7]([H:15])([H:16])[#6;X4:8]([H:17])[H:18])[C:9]([H:10])([H:11])[H:12]>>[H:17][#6;X4:8]([H:18])[C;X4:7]([H:15])([H:16])[#6;X3:5](=[O:6])[C;X4:4]([H])([C:9]([H:10])([H:11])[H:12])[C;X4:2]([H:1])([H])[#6;X4:3]([H:13])[H:14]
base	NADPH_ASSISTED_DEHYDROGENATION_PATTERN2	BTMR0630	NADPH-assisted dehydrogenation	bt:NADPH_ASSISTED_DEHYDROGENATION	1	[H][#6;X3](-[#6])=[#6;X3]([#17,#35])-[#6;X3](=O)-[#8;X2]C([H])([H])[H]	0		[H:1][#6;X3:2](-[#6:3])=[#6;X3:4]([#17,#35:5])-[#6;X3:6](=[O:7])-[#8;X2:8][C:9]([H:10])([H:11])[H:12]>>[H:10][C:9]([H:11])([H:12])[#8;X2:8]-[#6;X3:6](=[O:7])[C;X4:4]([H])([#17,#35:5])[C;X4:2]([H:1])([H])[#6:3]
base	NADPH_ASSISTED_DEHYDROGENATION_PATTERN3	BTMR0631	NADPH-assisted dehydrogenation	bt:NADPH_ASSISTED_DEHYDROGENATION	1	[H][#6;X3](-[#6](=O)-[#8]C([H])([H])[H])=[#6;X3]([#6])-[#6;X3](=O)-[#8;X2]C([H])([H])[H]	0		[H:1][#6;X3:2](-[#6:3](=[O:4])-[#8:5][C:6]([H:7])([H:8])[H:9])=[#6;X3:10]([#6:11])-[#6;X3:12](=[O:13])-[#8;X2:14][C:15]([H:16])([H:17])[H:18]>>[H:7][C:6]([H:8])([H:9])[#8:5]-[#6:3](=[O:4])[C;X4:2]([H:1])([H])[C;X4:10]([H])([#6:11])[#6;X3:12](=[O:13])-[#8;X2:14][C:15]([H:16])([H:17])[H:18]
base	NADPH_ASSISTED_DEHYDROGENATION_PATTERN4	BTMR0632	NADPH-assisted dehydrogenation	bt:NADPH_ASSISTED_DEHYDROGENATION	1	[H][#6;X3]([H])=[#6;X3](/[#6;X3](=O)-[#8;X2]C([H])([H])[H])C([H])([H])[#8]-[#6]	0		[H:1][#6;X3:2]([H:3])=[#6;X3:4](/[#6;X3:5](=[O:6])-[#8;X2:7][C:8]([H:9])([H:10])[H:11])[C:12]([H:13])([H:14])[#8:15]-[#6:16]>>[H:9][C:8]([H:10])([H:11])[#8;X2:7]-[#6;X3:5](=[O:6])[C;X4:4]([H])([C;X4:2]([H:1])([H:3])[H])[C:12]([H:13])([H:14])[#8:15]-[#6:16]
base	NADPH_ASSISTED_DEHYDROGENATION_PATTERN5	BTMR0633	NADPH-assisted dehydrogenation	bt:NADPH_ASSISTED_DEHYDROGENATION	1	[H][#7](-[#6;X3](-[#6])=[O;X1])-[#6;X3](=[#6;X3]([H])-[#6;X3](=[O;X1])-[#8;X2]C([H])([H])[H])[#6;X3](=O)-[#8;X2]C([H])([H])[H]	0		[H:1][#7:2](-[#6;X3:3](-[#6:4])=[O;X1:5])-[#6;X3:6](=[#6;X3:7]([H:8])-[#6;X3:9](=[O;X1:10])-[#8;X2:11][C:12]([H:13])([H:14])[H:15])[#6;X3:16](=[O:17])-[#8;X2:18][C:19]([H:20])([H:21])[H:22]>>[H:1][#7:2](-[#6;X3:3](-[#6:4])=[O;X1:5])[C;X4:6]([H])([#6;X3:16](=[O:17])-[#8;X2:18][C:19]([H:20])([H:21])[H:22])[C;X4:7]([H:8])([H])[#6;X3:9](=[O;X1:10])-[#8;X2:11][C:12]([H:13])([H:14])[H:15]
base	NADPH_ASSISTED_DEHYDROGENATION_PATTERN6	BTMR0634	NADPH-assisted dehydrogenation	bt:NADPH_ASSISTED_DEHYDROGENATION	1	[H][#6;X3](-[#6;a])=[#6;X3]([#6;A])-[#6;X3]([H])=O	0		[H:1][#6;X3:2](-[#6;a:3])=[#6;X3:4]([#6;A:5])-[#6;X3:6]([H:7])=[O:8]>>[H:7][#6;X3:6](=[O:8])[C;X4:4]([H])([#6;A:5])[C;X4:2]([H:1])([H])[#6;a:3]
base	NADPH_ASSISTED_DEHYDROGENATION_PATTERN7	BTMR0635	NADPH-assisted dehydrogenation	bt:NADPH_ASSISTED_DEHYDROGENATION	1	[H][#6;X3]([H])=[#6;X3]([#6;a])-[#6;X3]([H])=O	0		[H:1][#6;X3:2]([H:3])=[#6;X3:4](/[#6;a:5])-[#6;X3:6]([H:7])=[O:8]>>[H:7][#6;X3:6](=[O:8])[C;X4:4]([H])([#6;a:5])[C;X4:2]([H:1])([H:3])[H]
base	NADPH_ASSISTED_DEHYDROGENATION_PATTERN8	BTMR0636	NADPH-assisted dehydrogenation	bt:NADPH_ASSISTED_DEHYDROGENATION	1	[H][#6;X3]([C;X2]#[#7;A;X1;+0])=[#6;X3]([#6;X3](=O)-[#8;X2][#6;A])C([H])([H])[H]	0		[H:1][#6;X3:2]([C;X2:3]#[#7;A;X1;+0:4])=[#6;X3:5]([#6;X3:6](=[O:7])-[#8;X2:8][#6;A:9])[C:10]([H:11])([H:12])[H:13]>>[H:11][C:10]([H:12])([H:13])[C;X4:5]([H])([#6;X3:6](=[O:7])-[#8;X2:8][#6;A:9])[C;X4:2]([H:1])([H])[C;X2:3]#[#7;A;X1;+0:4]
base	NADPH_ASSISTED_DEHYDROGENATION_PATTERN9	BTMR0637	NADPH-assisted dehydrogenation	bt:NADPH_ASSISTED_DEHYDROGENATION	1	[H][#6;X3](-[#6;X3](=[O;X1])-[#8;X2][#6;A])=[#6;X3]([#6;X3](=O)-[#8;X2][#6;A])C([H])([H])[H]	0		[H:1][#6;X3:2](-[#6;X3:3](=[O;X1:4])-[#8;X2:5][#6;A:6])=[#6;X3:7]([#6;X3:8](=[O:9])-[#8;X2:10][#6;A:11])[C:12]([H:13])([H:14])[H:15]>>[H:13][C:12]([H:14])([H:15])[C;X4:7]([H])([#6;X3:8](=[O:9])-[#8;X2:10][#6;A:11])[C;X4:2]([H:1])([H])[#6;X3:3](=[O;X1:4])-[#8;X2:5][#6;A:6]
base	NITRILE_DEGRADATION_TO_AMIDE_PATTERN1	BTMR1255	Degradation of nitrile to carboxamide	bt:NITRILE_DEGRADATION_TO_AMIDE	1	[N;X1R0]#[C;X2R0][#6;R1]=,:1[#6;R1]=,:[#6;R1][#6;R1]=,:[#6;R1][#6;R1]=,:1	0		[N;X1R0:1]#[C;X2R0:2][#6;R1:3]=,:1[#6;R1:4]=,:[#6;R1:5][#6;R1:6]=,:[#6;R1:7][#6;R1:8]=,:1>>[H][#7;X3R0:1]([H])-[#6;X3R0:2](=O)-[#6;R1:3]=,:1[#6;R1:4]=,:[#6;R1:5][#6;R1:6]=,:[#6;R1:7][#6;R1:8]=,:1
base	NITRILE_DEGRADATION_TO_AMIDE_PATTERN2	BTMR1256	Degradation of nitrile to carboxamide	bt:NITRILE_DEGRADATION_TO_AMIDE	1	[N;X1R0]#[C;X2R0][#6;R1]1=,:[#6;R1][#6;R1]=,:[#6;R1][#6;R2]=,:2[#6;R1]=,:[#6;R1][#6;R1]=,:[#6;R1][#6;R2]1=,:2	0		[N;X1R0:1]#[C;X2R0:2][#6;R1:3]1=,:[#6;R1:4][#6;R1:5]=,:[#6;R1:6][#6;R2:7]=,:2[#6;R1:9]=,:[#6;R1:10][#6;R1:11]=,:[#6;R1:12][#6;R2:8]1=,:2>>[H][#7;X3R0:1]([H])-[#6;X3R0:2](=O)-[#6;R1:3]1=,:[#6;R1:4][#6;R1:5]=,:[#6;R1:6][#6;R2:7]=,:2[#6;R1:9]=,:[#6;R1:10][#6;R1:11]=,:[#6;R1:12][#6;R2:8]1=,:2
base	NITRILE_DEGRADATION_TO_AMIDE_PATTERN3	BTMR1257	Degradation of nitrile to carboxamide	bt:NITRILE_DEGRADATION_TO_AMIDE	1	[#6;CX4H3,$([CX4H2]-[CX4,Br,F,I,Cl]),$([CX4H2]-[#6;R1]=,:1[#6;R1]=,:[#6;R1][#6;R1]=,:[#6;R1][#6;R1]=,:1),$([CX4H2]-[#6;R1]1=,:[#6;R1][#6;R1]=,:[#6;R1][#6;R2]=,:2[#6]=,:[#6][#6]=,:[#6][#6;R2]1=,:2)][C;X2]#[N;X1]	1	[#6;A][#6;A][#6;A][#6;A][#6;A][#6;A][#6;A]C#N	[#6;CX4H3,$([CX4H2]-[CX4,Br,F,I,Cl]),$([CX4H2]-[#6;R1]=,:1[#6;R1]=,:[#6;R1][#6;R1]=,:[#6;R1][#6;R1]=,:1),$([CX4H2]-[#6;R1]1=,:[#6;R1][#6;R1]=,:[#6;R1][#6;R2]=,:2[#6]=,:[#6][#6]=,:[#6][#6;R2]1=,:2):3][C;X2:2]#[N;X1:1]>>[H][#7;X3:1]([H])-[#6;X3:2](-[#6;CX4H3,$([CX4H2]-[CX4,Br,F,I,Cl]),$([CX4H2]-[#6;R1]=,:1[#6;R1]=,:[#6;R1][#6;R1]=,:[#6;R1][#6;R1]=,:1),$([CX4H2]-[#6;R1]1=,:[#6;R1][#6;R1]=,:[#6;R1][#6;R2]=,:2[#6]=,:[#6][#6]=,:[#6][#6;R2]1=,:2):3])=O
base	NITRILE_DEGRADATION_TO_CARBOXYLIC_ACID	BTMR1259	Degradation of nitrile to carboxylic acid	bt:NITRILE_DEGRADATION_TO_CARBOXYLIC_ACID	1	[#6]!@-[C;X2]#[N;X1]	0		[#6:1]!@-[C;X2:2]#[N;X1:3]>>[H][#7;X3:3]([H])[H].[H][#8]-[#6;X3:2](!@-[#6:1])=O
base	NITROREDUCTION_OF_NITROARENE_TO_HYDROXYLAMINE_PATTERN1	BTMR1222	Nitroreduction of nitroarene to hydroxylamine	bt:NITROREDUCTION_OF_NITROARENE_TO_HYDROXYLAMINE	1	[#8;X1-]-[#7;X3+](=[O;X1])!@-[#6;R1]1=,:[#6][#6][#6][#6]=,:[#6;H1X3R1]1	0		[#8;X1-:1]-[#7;X3+:2](=[O;X1:3])!@-[#6;R1:4]1=,:[#6:5][#6:6][#6:7][#6:8]=,:[#6;H1X3R1:9]1>>[H][#8;X2:3][H].[H][#8;X2:1]-[#7;X3:2]([H])!@-[#6;R1:4]1=,:[#6:5][#6:6][#6:7][#6:8]=,:[#6;H1X3R1:9]1
base	NITROREDUCTION_OF_NITROARENE_TO_NITROSOARENE_PATTERN1	BTMR1293	Nitroreduction of nitroarene to nitrosoarene	bt:NITROREDUCTION_OF_NITROARENE_TO_NITROSOARENE	1	[#8;X1-]-[#7;X3+](=[O;X1])!@-[#6;R1]1=,:[#6][#6][#6][#6]=,:[#6;H1X3R1]1	0		[#8;X1-:1]-[#7;X3+:2](=[O;X1:3])!@-[#6;R1:4]1=,:[#6:5][#6:6][#6:7][#6:8]=,:[#6;H1X3R1:9]1>>[H][#8;X2:1][H].[O;X1:3]=[#7;X2:2]!@-[#6;R1:4]1=,:[#6:5][#6:6][#6:7][#6:8]=,:[#6;H1X3R1:9]1
base	NITROREDUCTION_OF_NITROARENE_TO_NITROSOARENE_PATTERN2	BTMR1294	Nitroreduction of nitroarene to nitrosoarene	bt:NITROREDUCTION_OF_NITROARENE_TO_NITROSOARENE	1	[#8;X1-]-[#7;X3+](=O)-[#6;X3R1]=,:1[#7;R1][#6]=,:[#6][#7;R1]=,:1	0		[#8;X1-:8]-[#7;X3+:1](=[O:7])-[#6;X3R1:2]=,:1[#7;R1:3][#6:4]=,:[#6:5][#7;R1:6]=,:1>>[H][#8;X2:8][H].[O:7]=[#7;X2:1]-[#6;X3R1:2]=,:1[#7;R1:3][#6:4]=,:[#6:5][#7;R1:6]=,:1
base	NITROREDUCTION_OF_NITROARENE_TO_NITROSOARENE_PATTERN3	BTMR1295	Nitroreduction of nitroarene to nitrosoarene	bt:NITROREDUCTION_OF_NITROARENE_TO_NITROSOARENE	1	[#8;X1-]-[#7;X3+](!@=O)!@-[#6;R1]1=,:[#6][#7;R1]=,:[#6;X3R1][#7;R1]1	0		[#8;X1-:1]-[#7;X3+:2](!@=[O:3])!@-[#6;R1:4]1=,:[#6:5][#7;R1:6]=,:[#6;X3R1:7][#7;R1:8]1>>[H][#8;X2:1][H].[O:3]!@=[#7;X2:2]!@-[#6;R1:4]1=,:[#6:5][#7;R1:6]=,:[#6;X3R1:7][#7;R1:8]1
base	NITROREDUCTION_OF_NITROARENE_TO_NITROSOARENE_PATTERN4	BTMR1296	Nitroreduction of nitroarene to nitrosoarene	bt:NITROREDUCTION_OF_NITROARENE_TO_NITROSOARENE	1	[#8;X1-]-[#7;X3R0+](=[O;X1])-[#6;R1]1=,:[#6][#6]=,:[#6][#8;R1]1	0		[#8;X1-:8]-[#7;X3R0+:6](=[O;X1:7])-[#6;R1:5]1=,:[#6:4][#6:3]=,:[#6:2][#8;R1:1]1>>[H][#8;X2:8][H].[O;X1:7]=[#7;X2R0:6]-[#6;R1:5]1=,:[#6:4][#6:3]=,:[#6:2][#8;R1:1]1
base	NITROREDUCTION_OF_NITROSOARENE_TO_ARYLHYDROXYLAMINE_PATTERN1	BTMR1303	Nitroreduction of nitroarene to nitrosoarene	bt:NITROREDUCTION_OF_NITROSOARENE_TO_ARYLHYDROXYLAMINE	1	[O;X1]=[#7;X2]!@-[#6;R1]1=,:[#6][#6][#6][#6]=,:[#6;H1X3R1]1	0		[O;X1:2]=[#7;X2:1]!@-[#6;R1:3]1=,:[#6:4][#6:5][#6:6][#6:7]=,:[#6;H1X3R1:8]1>>[H][#8;X2:2]-[#7;X3:1]([H])!@-[#6;R1:3]1=,:[#6:4][#6:5][#6:6][#6:7]=,:[#6;H1X3R1:8]1
base	NITROREDUCTION_OF_NITROSOARENE_TO_ARYLHYDROXYLAMINE_PATTERN2	BTMR1304	Nitroreduction of nitrosoarene to arylhydroxylamine	bt:NITROREDUCTION_OF_NITROSOARENE_TO_ARYLHYDROXYLAMINE	1	O=[#7;X2]-[#6;X3R1]=,:1[#7;R1][#6]=,:[#6][#7;R1]=,:1	0		[O:2]=[#7;X2:1]-[#6;X3R1:3]=,:1[#7;R1:4][#6:5]=,:[#6:6][#7;R1:7]=,:1>>[H][#8:2]-[#7;X3:1]([H])-[#6;X3R1:3]=,:1[#7;R1:4][#6:5]=,:[#6:6][#7;R1:7]=,:1
base	NITROREDUCTION_OF_NITROSOARENE_TO_ARYLHYDROXYLAMINE_PATTERN3	BTMR1297	Nitroreduction of nitrosoarene to arylhydroxylamine	bt:NITROREDUCTION_OF_NITROSOARENE_TO_ARYLHYDROXYLAMINE	1	O!@=[#7;X2]!@-[#6;R1]1=,:[#6][#7;R1]=,:[#6;X3R1][#7;R1]1	0		[O:1]!@=[#7;X2:2]!@-[#6;R1:3]1=,:[#6:4][#7;R1:5]=,:[#6;X3R1:6][#7;R1:7]1>>[H][#8:1]!@-[#7;X3:2]([H])!@-[#6;R1:3]1=,:[#6:4][#7;R1:5]=,:[#6;X3R1:6][#7;R1:7]1
base	NITROREDUCTION_OF_NITROSOARENE_TO_ARYLHYDROXYLAMINE_PATTERN4	BTMR1298	Nitroreduction of nitrosoarene to arylhydroxylamine	bt:NITROREDUCTION_OF_NITROSOARENE_TO_ARYLHYDROXYLAMINE	1	[O;X1]=[#7;X2R0]-[#6;R1]1=,:[#6][#6]=,:[#6][#8;R1]1	0		[O;X1:2]=[#7;X2R0:1]-[#6;R1:3]1=,:[#6:4][#6:5]=,:[#6:6][#8;R1:7]1>>[H][#8;X2:2]-[#7;X3R0:1]([H])-[#6;R1:3]1=,:[#6:4][#6:5]=,:[#6:6][#8;R1:7]1
base	NS_CLEAVAGE	BTMR0107	NS-cleavage	bt:NS_CLEAVAGE	1	*-[#7;X3]!@-[#16;X2]-*	0		[*:4]-[#7;X3:2]!@-[#16;X2:1]-[*:3]>>[H][#7;X3:2]-[*:4].[H][#16;X2:1]-[*:3]
base	NUCLEOSIDE_DIPHOSPHATE_PHOSPHOHYDROLYSIS	BTMR0585	Phosphohydrolysis of nucleoside diphosphate	bt:NUCLEOSIDE_DIPHOSPHATE_PHOSPHOHYDROLYSIS	1	[#7;R1][#6;A;H1X4]1[#8][#6;A;H1X4]([#6]-[#8]P([#8;A;X2H1,X1-])(=O)[#8]P([#8;A;X2H1,X1-])([#8;A;X2H1,X1-])=O)[#6;A;H1X4]([#8;A;X2H1,X1-])[#6;A;H1X4]1[#8;A;X2H1,X1-]	0		[#7;R1:4][#6;A;H1X4:3]1[#8:5][#6;A;H1X4:6]([#6:7]-[#8:8][P:9]([#8;A;X2H1,X1-:10])(=[O:11])[#8:12][P:13]([#8;A;X2H1,X1-:14])([#8;A;X2H1,X1-:15])=[O:16])[#6;A;H1X4:17]([#8;A;X2H1,X1-:18])[#6;A;H1X4:2]1[#8;A;X2H1,X1-:1]>>[#8;A;X2H1,X1-:14][P:13]([#8;A;X2H1,X1-:15])([#8])=[O:16].[#7;R1:4][#6;A;H1X4:3]1[#8:5][#6;A;H1X4:6]([#6:7]-[#8:8][P:9]([#8;A;X2H1,X1-:10])([#8:12])=[O:11])[#6;A;H1X4:17]([#8;A;X2H1,X1-:18])[#6;A;H1X4:2]1[#8;A;X2H1,X1-:1]
base	NUCLEOSIDE_TRIPHOSPHATE_DIPHOSPHATE_CLEAVAGE	BTMR0589	Cleavage of diphosphate from nucleoside triphosphate	bt:NUCLEOSIDE_TRIPHOSPHATE_DIPHOSPHATE_CLEAVAGE	1	[#7;R1]-[#6]-1-[#8]-[#6](-[#6]-[#8]P([#8;A;X2H1,X1-])(=O)[#8]P([#8;A;X2H1,X1-])(=O)[#8]P([#8;A;X2H1,X1-])([#8;A;X2H1,X1-])=O)-[#6]([#8;A;X2H1,X1-])-[#6]-1[#8;A;X2H1,X1-]	0		[#7;R1:22]-[#6:8]-1-[#8:4]-[#6:1](-[#6:3]-[#8:7][P:10]([#8;A;X2H1,X1-:12])(=[O:13])[#8:11][P:14]([#8;A;X2H1,X1-:16])(=[O:17])[#8:15][P:18]([#8;A;X2H1,X1-:19])([#8;A;X2H1,X1-:20])=[O:21])-[#6:2]([#8;A;X2H1,X1-:6])-[#6:5]-1[#8;A;X2H1,X1-:9]>>[#8;A;X2H1,X1-:16][P:14]([#8])(=[O:17])[#8:15][P:18]([#8;A;X2H1,X1-:19])([#8;A;X2H1,X1-:20])=[O:21].[#7;R1:22]-[#6:8]-1-[#8:4]-[#6:1](-[#6:3]-[#8:7][P:10]([#8:11])([#8;A;X2H1,X1-:12])=[O:13])-[#6:2]([#8;A;X2H1,X1-:6])-[#6:5]-1[#8;A;X2H1,X1-:9]
base	NUCLEOSIDE_TRIPHOSPHATE_PHOSPHOHYDROLYSIS	BTMR0588	Phosphohydrolysis of nucleoside triphosphate	bt:NUCLEOSIDE_TRIPHOSPHATE_PHOSPHOHYDROLYSIS	1	[#7;R1]-[#6]-1-[#8]-[#6](-[#6]-[#8]P([#8;A;X2H1,X1-])(=O)[#8]P([#8;A;X2H1,X1-])(=O)[#8]P([#8;A;X2H1,X1-])([#8;A;X2H1,X1-])=O)-[#6]([#8;A;X2H1,X1-])-[#6]-1[#8;A;X2H1,X1-]	0		[#7;R1:22]-[#6:8]-1-[#8:4]-[#6:1](-[#6:3]-[#8:7][P:10]([#8;A;X2H1,X1-:12])(=[O:13])[#8:11][P:14]([#8;A;X2H1,X1-:16])(=[O:17])[#8:15][P:18]([#8;A;X2H1,X1-:19])([#8;A;X2H1,X1-:20])=[O:21])-[#6:2]([#8;A;X2H1,X1-:6])-[#6:5]-1[#8;A;X2H1,X1-:9]>>[#8;A;X2H1,X1-:19][P:18]([#8;A;X2H1,X1-:20])([#8])=[O:21].[#7;R1:22]-[#6:8]-1-[#8:4]-[#6:1](-[#6:3]-[#8:7][P:10]([#8;A;X2H1,X1-:12])(=[O:13])[#8:11][P:14]([#8:15])([#8;A;X2H1,X1-:16])=[O:17])-[#6:2]([#8;A;X2H1,X1-:6])-[#6:5]-1[#8;A;X2H1,X1-:9]
base	N_ACETYLGLUCOSAMINYL_PHOSPHATIDYLINOSITOL_N_DEACETYLATION	BTMR0627	N-Deacetylation of N-acetylglucosaminyl phosphatidylinositol	bt:N_ACETYLGLUCOSAMINYL_PHOSPHATIDYLINOSITOL_N_DEACETYLATION	1	[#6;A;H3X4][#6;R0](=O)[#7;A;H1X3][#6;A@@H;H1X4]1[#6;A@@H;H1X4]([#8;A;X2H1,X1-])[#6;A@H;H1X4]([#8;A;X2H1,X1-])[#6;A@@H;H1X4]([#6;A;H2X4][#8;A;X2H1,X1-])[#8][#6;A@@H;H1X4]1[#8;R0][#6;A@@H;H1X4]1[#6;A@@H;H1X4]([#8;A;X2H1,X1-])[#6;A@H;H1X4]([#8])[#6;A@@H;H1X4]([#8;A;X2H1,X1-])[#6;A@@H;H1X4]([#8;A;X2H1,X1-])[#6;A@H;H1X4]1[#8][P;R0]([#8;A;X2H1,X1-])(=O)[#8][#6;A;H2X4][#6;A;H1X4]([#6;A;H2X4][#8;R0]-[#6;R0]([#6,#1;A])=O)[#8;R0]-[#6;R0]([#6,#1;A])=O	0		[H:42][#7;A;X3:32]([#6;A@@H;H1X4:29]1[#6;A@@H;H1X4:31]([#8;A;X2H1,X1-:35])[#6;A@H;H1X4:34]([#8;A;X2H1,X1-:38])[#6;A@@H;H1X4:33]([#6;A;H2X4:37][#8;A;X2H1,X1-:41])[#8:30][#6;A@@H;H1X4:28]1[#8;R0:11][#6;A@@H;H1X4:7]1[#6;A@@H;H1X4:10]([#8;A;X2H1,X1-:17])[#6;A@H;H1X4:16]([#8:21])[#6;A@@H;H1X4:12]([#8;A;X2H1,X1-:18])[#6;A@@H;H1X4:8]([#8;A;X2H1,X1-:13])[#6;A@H;H1X4:5]1[#8:2][P;R0:1]([#8;A;X2H1,X1-:27])(=[O:4])[#8:3][#6;A;H2X4:6][#6;A;H1X4:9]([#6;A;H2X4:14][#8;R0:19]-[#6;R0:22]([#6,#1;A:26])=[O:25])[#8;R0:15]-[#6;R0:20]([#6,#1;A:24])=[O:23])[#6;R0:36]([#6;A;H3X4:39])=[O:40]>>[H][#8]-[#6;R0:36]([#6;A;H3X4:39])=[O:40].[H:42][#7;A;X3:32]([H])[#6;A@@H;H1X4:29]1[#6;A@@H;H1X4:31]([#8;A;X2H1,X1-:35])[#6;A@H;H1X4:34]([#8;A;X2H1,X1-:38])[#6;A@@H;H1X4:33]([#6;A;H2X4:37][#8;A;X2H1,X1-:41])[#8:30][#6;A@@H;H1X4:28]1[#8;R0:11][#6;A@@H;H1X4:7]1[#6;A@@H;H1X4:10]([#8;A;X2H1,X1-:17])[#6;A@H;H1X4:16]([#8:21])[#6;A@@H;H1X4:12]([#8;A;X2H1,X1-:18])[#6;A@@H;H1X4:8]([#8;A;X2H1,X1-:13])[#6;A@H;H1X4:5]1[#8:2][P;R0:1]([#8;A;X2H1,X1-:27])(=[O:4])[#8:3][#6;A;H2X4:6][#6;A;H1X4:9]([#6;A;H2X4:14][#8;R0:19]-[#6;R0:22]([#6,#1;A:26])=[O:25])[#8;R0:15]-[#6;R0:20]([#6,#1;A:24])=[O:23]
base	N_ACETYL_L_CYSTEINE_S_CONJUGATE_AMIDOHYDROLYSIS	BTMR0581	Aminohydrolysis of N-acyl-L-cysteine-S-conjugate	bt:N_ACETYL_L_CYSTEINE_S_CONJUGATE_AMIDOHYDROLYSIS	1	[#6;H3X4]-[#6;X3](=[O;X1])-[#7;H1X3]-[#6@@H;X4](-[#6;H2X4]-[#16;X2]-*)-[#6;X3]([#8;A;X2H1,X1-])=[O;X1]	0		[#6;H3X4:9]-[#6;X3:8](=[O;X1:10])-[#7;H1X3:1]-[#6@@H;X4:2](-[#6;H2X4:3]-[#16;X2:4]-[*:11])-[#6;X3:5]([#8;A;X2H1,X1-:6])=[O;X1:7]>>[#6;H3X4:9]-[#6;X3:8](-[#8-])=[O;X1:10].[#7;H2X3:1]-[#6@@H;X4:2](-[#6;H2X4:3]-[#16;X2:4]-[*:11])-[#6;X3:5]([#8;A;X2H1,X1-:6])=[O;X1:7]
base	N_ACYLNEURAMINATE_9_PHOSPHATE_DEPHOSPHORYLATION	BTMR0539	Dephosphorylation of N-acylneuraminate 9-phosphate	bt:N_ACYLNEURAMINATE_9_PHOSPHATE_DEPHOSPHORYLATION	1	[#8;A;H1X2][#6;A;H1X4]([#6;A;H2X4][#8]P([#8;A;X2H1,X1-])([#8;A;X2H1,X1-])=O)[#6;A;H1X4]([#8;A;H1X2])[#6;A;H1X4]1[#8]C([#8;A;H1X2])([#6]-[#6]([#8;A;H1X2])[#6;A;H1X4]1[#7]-[#6]([#6,#1;A])=O)[#6](-[#8-])=O	0		[#8;A;H1X2:19][#6;A;H1X4:18]([#6;A;H2X4:20][#8:21][P:22]([#8;A;X2H1,X1-:24])([#8;A;X2H1,X1-:25])=[O:23])[#6;A;H1X4:16]([#8;A;H1X2:17])[#6;A;H1X4:15]1[#8:14][C:9]([#8;A;H1X2:10])([#6:8]-[#6:6]([#8;A;H1X2:7])[#6;A;H1X4:5]1[#7:4]-[#6:2]([#6,#1;A:1])=[O:3])[#6:11](-[#8-:13])=[O:12]>>[#8;A;X2H1,X1-:24][P:22]([#8;A;X2H1,X1-:25])([#8])=[O:23].[#8:21][#6;A;H2X4:20][#6;A;H1X4:18]([#8;A;H1X2:19])[#6;A;H1X4:16]([#8;A;H1X2:17])[#6;A;H1X4:15]1[#8:14][C:9]([#8;A;H1X2:10])([#6:8]-[#6:6]([#8;A;H1X2:7])[#6;A;H1X4:5]1[#7:4]-[#6:2]([#6,#1;A:1])=[O:3])[#6:11](-[#8-:13])=[O:12]
base	N_ACYLPHOSPHATIDYLETHANOLAMINE_PHOSPHATIDOHYDROLYSIS	BTMR0555	Hydrolysis of N-acylphosphatidylethanolamine	bt:N_ACYLPHOSPHATIDYLETHANOLAMINE_PHOSPHATIDOHYDROLYSIS	1	[#8;A;X2H1,X1-]P(=O)([#8][#6;A;H2X4][#6;A;H2X4][#7]-[#6]([#6,#1;A])=O)[#8][#6;A;H2X4][#6]([#6;A;H2X4][#8]-[#6]([#6,#1;A])=O)-[#8]-[#6]([#6,#1;A])=O	0		[#8;A;X2H1,X1-:1][P:2](=[O:3])([#8:4][#6;A;H2X4:5][#6;A;H2X4:6][#7;H1X3:7]-[#6:8]([#6,#1;A:9])=[O:10])[#8:11][#6;A;H2X4:12][#6:13]([#6;A;H2X4:14][#8:15]-[#6:16]([#6,#1;A:17])=[O:18])-[#8:19]-[#6:20]([#6,#1;A:21])=[O:22]>>[#8][#6;A;H2X4:5][#6;A;H2X4:6][#7;H1X3:7]-[#6:8]([#6,#1;A:9])=[O:10].[#8;A;X2H1,X1-:1][P:2]([#8:4])(=[O:3])[#8:11][#6;A;H2X4:12][#6:13]([#6;A;H2X4:14][#8:15]-[#6:16]([#6,#1;A:17])=[O:18])-[#8:19]-[#6:20]([#6,#1;A:21])=[O:22]
base	N_ACYLSPHINGOID_PHOSPHOCHOLINE_TRANSFER	BTMR0497	Transfer of phosphocholine to N-acylsphingoid	bt:N_ACYLSPHINGOID_PHOSPHOCHOLINE_TRANSFER	1	[H][#8]C([H])([H])C([H])([#7]([H])-[#6]([#6,#1;A])=O)[C@]([H])([#8][H])[#6]([H])=[#6]([H])C([H])([H])C([H])([H])C([H])([H])C([H])([H])C([H])([H])C([H])([H])C([H])([H])C([H])([H])C([H])([H])C([H])([H])C([H])([H])C([H])([H])C([H])([H])[H]	0		[H][#8:8][C:4]([H])([H])[C:1]([H])([#7:3]([H])-[#6:7]([#6,#1;A:11])=[O:10])[C@:2]([H])([#8:6][H])[#6:5](-[H])=[#6:9](/[H])[C:12]([H])([H])[C:13]([H])([H])[C:14]([H])([H])[C:15]([H])([H])[C:16]([H])([H])[C:17]([H])([H])[C:18]([H])([H])[C:19]([H])([H])[C:20]([H])([H])[C:21]([H])([H])[C:22]([H])([H])[C:23]([H])([H])[C:24]([H])([H])[H]>>[H][#8:6][C@:2]([H])([#6:5](-[H])=[#6:9](/[H])[C:12]([H])([H])[C:13]([H])([H])[C:14]([H])([H])[C:15]([H])([H])[C:16]([H])([H])[C:17]([H])([H])[C:18]([H])([H])[C:19]([H])([H])[C:20]([H])([H])[C:21]([H])([H])[C:22]([H])([H])[C:23]([H])([H])[C:24]([H])([H])[H])[C:1]([H])([#7:3]([H])-[#6:7]([#6,#1;A:11])=[O:10])[C:4]([H])([H])[#8:8]C([H])([H])C([H])([H])[N+](C([H])([H])[H])(C([H])([H])[H])C([H])([H])[H]
base	N_ACYLSPHINGOSINE_AMIDOHYDROLYSIS	BTMR0583	Aminohydrolysis of N-acylsphingosine	bt:N_ACYLSPHINGOSINE_AMIDOHYDROLYSIS	1	[#6;H3X4]-[#6;H2X4]-[#6;H2X4]-[#6;H2X4]-[#6;H2X4]-[#6;H2X4]-[#6;H2X4]-[#6;H2X4]-[#6;H2X4]-[#6;H2X4]-[#6;H2X4]-[#6;H2X4]-[#6;H2X4]-[#6;H1X3]=[#6;H1X3]-[#6@@H](-[#8;H1X2])-[#6@H;X4](-[#6;H2X4]-[#8;H1X2])-[#7;H1X3]-[#6;X3]([#6,#1;A])=[O;X1]	0		[#6;H3X4:1]-[#6;H2X4:2]-[#6;H2X4:3]-[#6;H2X4:4]-[#6;H2X4:5]-[#6;H2X4:6]-[#6;H2X4:7]-[#6;H2X4:8]-[#6;H2X4:9]-[#6;H2X4:10]-[#6;H2X4:11]-[#6;H2X4:12]-[#6;H2X4:13]-[#6;H1X3:14]=[#6;H1X3:15]-[#6@@H:16](-[#8;H1X2:17])-[#6@H;X4:18](-[#6;H2X4:19]-[#8;H1X2:20])-[#7;H1X3:21]-[#6;X3:22]([#6,#1;A:23])=[O;X1:24]>>[#8]-[#6;X3:22]([#6,#1;A:23])=[O;X1:24].[#6;H3X4:1]-[#6;H2X4:2]-[#6;H2X4:3]-[#6;H2X4:4]-[#6;H2X4:5]-[#6;H2X4:6]-[#6;H2X4:7]-[#6;H2X4:8]-[#6;H2X4:9]-[#6;H2X4:10]-[#6;H2X4:11]-[#6;H2X4:12]-[#6;H2X4:13]-[#6;H1X3:14]=[#6;H1X3:15]-[#6@@H:16](-[#8;H1X2:17])-[#6@@H;X4:18](-[#7;H2X3:21])-[#6;H2X4:19]-[#8;H1X2:20]
base	N_ACYL_ALIPHATIC_L_AMINO_ACID_AMIDOHYDROLYSIS	BTMR0580	Aminohydrolysis of N-acyl-aliphatic-L-amino acid	bt:N_ACYL_ALIPHATIC_L_AMINO_ACID_AMIDOHYDROLYSIS	1	[$([#6;A;X4;CX4H3,$([CX4]-[C;A])][#6;A;H1X4;@]([#7;A;H1X3][#6]([#6,#1;A])=O)[#6]([#8;A;X2H1,X1-])=O)]	1	[$([NH3+][C@@H](CC([O-])=O)C([O-])=O)]	[#6;A;X4;CX4H3,$([CX4]-[C;A]):1][#6;A;H1X4;@:2]([#7;A;H1X3:3]!@-[#6:4](!@-[#6,#1;A:5])=[O:6])[#6:7]([#8;A;X2H1,X1-:8])=[O:9]>>[#8-]-[#6:4](!@-[#6,#1;A:5])!@=[O:6].[#6;A;X4;CX4H3,$([CX4]-[C;A]):1][#6;A;H1X4;@:2]([#7;A;H2X3:3])[#6:7]([#8;A;X2H1,X1-:8])=[O:9]
base	N_ACYL_AROMATIC_L_AMINO_ACID_AMIDOHYDROLYSIS	BTMR0584	Aminohydrolysis of N-acyl-aromatic-L-amino acid	bt:N_ACYL_AROMATIC_L_AMINO_ACID_AMIDOHYDROLYSIS	1	[#6;a]-[#6][#6;A;H1X4;@]([#7;A;H1X3]!@-[#6](!@-[#6,#1;A])=O)[#6]([#8;A;X2H1,X1-])=O	1	[$([NH3+][C@@H](CC([O-])=O)C([O-])=O)]	[H:11][#7;A;X3:4]([#6;A;H1X4;@:3]([#6:2]-[#6;a:1])[#6:8]([#8;A;X2H1,X1-:9])=[O:10])!@-[#6:5](!@-[#6,#1;A:6])=[O:7]>>[H][#8]-[#6:5](!@-[#6,#1;A:6])=[O:7].[H:11][#7;A;X3:4]([H])[#6;A;H1X4;@:3]([#6:2]-[#6;a:1])[#6:8]([#8;A;X2H1,X1-:9])=[O:10]
base	N_ACYL_L_ASPARTATE_AMIDOHYDROLYSIS	BTMR0582	Aminohydrolysis of N-acyl-L-aspartate	bt:N_ACYL_L_ASPARTATE_AMIDOHYDROLYSIS	1	[#8;A;X1-,X2H1][#6](=O)-[#6;H2X4]-[#6@H;X4](-[#7;H1X3]!@-[#6]([#6,#1;A])!@=O)-[#6]([#8;A;X1-,X2H1])=O	0		[H:13][#7;X3:6](-[#6@@H;X4:5](-[#6;H2X4:4]-[#6:2]([#8;A;X1-,X2H1:1])=[O:3])-[#6:10]([#8;A;X1-,X2H1:11])=[O:12])!@-[#6:7]([#6,#1;A:8])!@=[O:9]>>[H][#8]-[#6:7]([#6,#1;A:8])!@=[O:9].[H:13][#7;X3:6]([H])-[#6@@H;X4:5](-[#6;H2X4:4]-[#6:2]([#8;A;X1-,X2H1:1])=[O:3])-[#6:10]([#8;A;X1-,X2H1:11])=[O:12]
base	N_ACYL_L_HOMOSERINE_LACTONE_LACTONOHYDROLYSIS	BTMR0262	Latonohydrolysis in N-acyl-L-homoserine	bt:N_ACYL_L_HOMOSERINE_LACTONE_LACTONOHYDROLYSIS	1	[H][#7;X3](-[#6;X3](-[#6])=[O;X1])[C;X4]1([H])[#6;X3](=[O;X1])-[#8;X2][C;X4]([H])([H])[C;X4]1([H])[H]	0		[H:11][#7;X3:4](-[#6;X3:5](-[#6:7])=[O;X1:6])[C;X4:3]1([H:16])[#6;X3:8](=[O;X1:9])-[#8;X2:10][C;X4:1]([H:14])([H:15])[C;X4:2]1([H:12])[H:13]>>[H:11][#7;X3:4](-[#6;X3:5](-[#6:7])=[O;X1:6])[C;X4:3]([H:16])([#6;X3:8](-[#8;X1:10])=[O;X1:9])[C;X4:2]([H:12])([H:13])[C;X4:1]([H:14])([H:15])[H]
base	N_ACYL_MANNOSAMINE_1_PHOSPHORYLATION	BTMR0479	1-O-Phosphorylation of N-acyl-D-mannosamine	bt:N_ACYL_MANNOSAMINE_1_PHOSPHORYLATION	1	[#8;H1X2]-[#6;H2X4]-[#6@H;X4](-[#8;H1X2])-[#6@H;X4](-[#8])-[#6@@H;X4](-[#8;H1X2])-[#6@@H;X4](-[#7;X3]-[#6;X3]([#6,#1;A])=[O;X1])-[#6;H1X3]=[O;X1]	0		[#8;H1X2:1]-[#6;H2X4:2]-[#6@H;X4:3](-[#8;H1X2:4])-[#6@H;X4:5](-[#8:6])-[#6@@H;X4:7](-[#8;H1X2:8])-[#6@@H;X4:9](-[#7;X3:10]-[#6;X3:11]([#6,#1;A:12])=[O;X1:13])-[#6;H1X3:14]=[O;X1:15]>>[#8;H1X2:4]-[#6@@H;X4:3](-[#6;H2X4:2]-[#8;X2:1]P([#8])([#8])=O)-[#6@H;X4:5](-[#8:6])-[#6@@H;X4:7](-[#8;H1X2:8])-[#6@@H;X4:9](-[#7;X3:10]-[#6;X3:11]([#6,#1;A:12])=[O;X1:13])-[#6;H1X3:14]=[O;X1:15]
base	N_ACYL_MANNOSAMINE_2_PHOSPHORYLATION	BTMR0480	2-O-Phosphorylation of N-acyl-D-mannosamine	bt:N_ACYL_MANNOSAMINE_2_PHOSPHORYLATION	1	[#8;H1X2]-[#6;H2X4]-[#6@H;X4]-1-[#8]-[#6;H1X4](-[#8;H1X2])-[#6@@H;X4](-[#7;H1X3]-[#6]([#6,#1;A])=O)-[#6@@H;X4](-[#8;H1X2])-[#6@@H;X4]-1-[#8;H1X2]	0		[#8;H1X2:11]-[#6;H2X4:10]-[#6@H;X4:8]-1-[#8:6]-[#6;H1X4:3](-[#8;H1X2:7])-[#6@@H;X4:1](-[#7;H1X3:12]-[#6:13]([#6,#1;A:14])=[O:15])-[#6@@H;X4:2](-[#8;H1X2:5])-[#6@@H;X4:4]-1-[#8;H1X2:9]>>[#8;H1X2:7]-[#6;H1X4:3]-1-[#8:6]-[#6@H;X4:8](-[#6;H2X4:10]-[#8;X2:11]P([#8])([#8])=O)-[#6@@H;X4:4](-[#8;H1X2:9])-[#6@H;X4:2](-[#8;H1X2:5])-[#6@@H;X4:1]-1-[#7;H1X3:12]-[#6:13]([#6,#1;A:14])=[O:15]
base	N_DEALKOXYLATION_OF_N_ARYL_N_CHLOROACETAMIDES	BTMR1154	N-Dealkoxylation of N-aryl-N-chloroacetamide	bt:N_DEALKOXYLATION_OF_N_ARYL_N_CHLOROACETAMIDES	1	[H][#6;X4]-[#8;X2][C;R0]([H])([H])[#7;X3R0](-[#6;R1]=,:1[#6;R1](-[#6;X4])=,:[#6;R1][#6;R1]=,:[#6;R1][#6;R1]=,:1-[#6;X4])-[#6;R0](=O)[C;R0]([H])([H])Cl	0		[H:1][#6;X4:2]-[#8;X2:3][C;R0:4]([H:5])([H:6])[#7;X3R0:7](-[#6;R1:8]=,:1[#6;R1:9](-[#6;X4:10])=,:[#6;R1:11][#6;R1:12]=,:[#6;R1:13][#6;R1:14]=,:1-[#6;X4:15])-[#6;R0:16](=[O:17])[C;R0:18]([H:19])([H:20])[Cl:21]>>[H:1][#6;X4:2]-[#8;X2:3][C;R0:4]([H:5])([H:6])[H].[H][#7;X3R0:7](-[#6;R1:8]=,:1[#6;R1:9](-[#6;X4:10])=,:[#6;R1:11][#6;R1:12]=,:[#6;R1:13][#6;R1:14]=,:1-[#6;X4:15])-[#6;R0:16](=[O:17])[C;R0:18]([H:19])([H:20])[Cl:21]
base	N_DEALKYLATION_OF_ACYCLIC_SECONDARY_AMINES	BTMR1140	N-Dealkylation of acyclic secondary amine	bt:N_DEALKYLATION_OF_ACYCLIC_SECONDARY_AMINES	1	[H][#6;A;X4][#7;A;H1X3R0;+0!$(N*=[#7,#8,#15,#16])][#6]	0		[H][#6;A;X4:1][#7;A;H1X3R0;+0!$(N*=[#7,#8,#15,#16]):2][#6:3]>>[#6;A;X3:1]=O.[H][#7;A;X3R0:2][#6:3]
base	N_DEALKYLATION_OF_ACYCLIC_TERTIARY_AMINES	BTMR1142	N-Dealkylation of acyclic tertiary amine	bt:N_DEALKYLATION_OF_ACYCLIC_TERTIARY_AMINES	1	[H][#6;A;X4][#7;A;R0;NX3H0+0,NX4H1+;$([N]([#6])([#6])[#6]);!$(N*=[#7,#8,#15,#16])]([#6])[#6]	0		[H][#6;A;X4:1][#7;A;R0;NX3H0+0,NX4H1+;$([N]([#6])([#6])[#6]);!$(N*=[#7,#8,#15,#16]):2]([#6:3])[#6:4]>>[#6;A;X3:1]=O.[H][#7;A:2]([#6:3])[#6:4]
base	N_DEALKYLATION_OF_ALICYCLIC_TERTIARY_AMINES_PATTERN1	BTMR1144	N-Dealkylation of alicyclic tertiary amine	bt:N_DEALKYLATION_OF_ALICYCLIC_TERTIARY_AMINES	1	[H][#6;A;X4]!@-[#7;A;X3;+0!$([N]~[!#6])!$(N*=[#7,#8,#15,#16])](@-[#6;A])@-[#6;A]	0		[H][#6;A;X4:1]!@-[#7;A;X3;+0!$([N]~[!#6])!$(N*=[#7,#8,#15,#16]):2](@-[#6;A:3])@-[#6;A:4]>>[#6;A;X3:1]=O.[H][#7;A;X3:2](@-[#6;A:3])@-[#6;A:4]
base	N_DEALKYLATION_OF_DICARBOXIMIDE	BTMR1147	N-Dealkylation of dicarboximide	bt:N_DEALKYLATION_OF_DICARBOXIMIDE	1	[#6,#1;A]-,:[#6;X3](=[O;R0])[#7;X3](!@-[#6;X4][H])[#6;X3]=[O;R0]	0		[#6,#1;A:7]-,:[#6;X3:6](=[O;R0:8])[#7;X3:3](!@-[#6;X4:2][H:1])[#6;X3:4]=[O;R0:5]>>[#6;X3:2]=O.[#6,#1;A:7]-,:[#6;X3:6](=[O;R0:8])[#7;X3:3]([H:1])[#6;X3:4]=[O;R0:5]
base	N_DEALKYLATION_OF_HYDRAZIDE	BTMR1152	N-Dealkylation of hydrazide	bt:N_DEALKYLATION_OF_HYDRAZIDE	1	[#1,#6][#7;X3](-[#6;X4][H])[#7;X3](-[#1,#6])[#6;X3]([#1,#6])=[O;X1]	0		[#1,#6:4][#7;X3:3](-[#6;X4:2][H:1])[#7;X3:5](-[#1,#6:6])[#6;X3:7]([#1,#6:8])=[O;X1:9]>>[#6;X3:2]=O.[#1,#6:4][#7;X3:3]([H:1])[#7;X3:5](-[#1,#6:6])[#6;X3:7]([#1,#6:8])=[O;X1:9]
base	N_DEALKYLATION_OF_HYDRAZINE	BTMR1150	N-Dealkylation of hydrazine	bt:N_DEALKYLATION_OF_HYDRAZINE	1	[H][#6;A;X4][#7;A;X3;$([H2]),$([H1][#6]),$([H0]([#6])[#6]);!$(NC=[O,N,S])][#7;A;X3;$([H2]),$([H1][#6]),$([H0]([#6])[#6]);!$(NC=[O,N,S])]	0		[H][#6;A;X4:3][#7;A;X3;$([H2]),$([H1][#6]),$([H0]([#6])[#6]);!$(NC=[O,N,S]):2][#7;A;X3;$([H2]),$([H1][#6]),$([H0]([#6])[#6]);!$(NC=[O,N,S]):1]>>[#6;A;X3:3]=O.[H][#7;A;X3:2][#7;A;X3;$([H2]),$([H1][#6]),$([H0]([#6])[#6]);!$(NC=[O,N,S]):1]
base	N_DEALKYLATION_OF_MIXED_TERTIARY_AMINES	BTMR1145	N-Dealkylation of mixed tertiary amine	bt:N_DEALKYLATION_OF_MIXED_TERTIARY_AMINES	1	[#6;a][#7;NX3H0+0,NX4H1+;$([N]([c])([C])[#6]);!$(N*=[#7,#8,#15,#16])]([#6])-[#6;X4][H]	0		[#6;a:1][#7;NX3H0+0,NX4H1+;$([N]([c])([C])[#6]);!$(N*=[#7,#8,#15,#16]):2]([#6:3])-[#6;X4:4][H:5]>>[#6;X3:4]=O.[#6;a:1][#7;NX3H0+0,NX4H1+;$([N]([c])([C])[#6]);!$(N*=[#7,#8,#15,#16]):2]([#6:3])[H:5]
base	N_DEALKYLATION_OF_NITROSODIALKYLAMINES	BTMR0084	N-Dealkylation of nitrosodialkylamine	bt:N_DEALKYLATION_OF_NITROSODIALKYLAMINES	1	[H][#6;X4][#7;A;X3]([#6;X4])[#7;X2]=[O;X1]	0		[H][#6;X4:1][#7;A;X3:2]([#6;X4:3])[#7;X2:4]=[O;X1:5]>>[#6;X3:1]=O.[H][#7;A;X3:2]([#6;X4:3])[#7;X2:4]=[O;X1:5]
base	N_DEALKYLATION_OF_N_ACYLUREAS_PATTERN1	BTMR1148	N-Dealkylation of N-acylurea	bt:N_DEALKYLATION_OF_N_ACYLUREAS	1	[#1,#6][#6](=O)[#7;X3;!$([#7][!#6])][#6;X3](=[O;X1])[#7;X3;!$([#7][!#6])]-[#6;X4][H]	0		[#1,#6:8][#6:6](=[O:7])[#7;X3;!$([#7][!#6]):4][#6;X3:2](=[O;X1:3])[#7;X3;!$([#7][!#6]):1]-[#6;X4:5][H]>>[#6;X3:5]=O.[#1,#6:8][#6:6](=[O:7])[#7;X3;!$([#7][!#6]):4][#6;X3:2](=[O;X1:3])[#7;X3:1][H]
base	N_DEALKYLATION_OF_N_ACYLUREAS_PATTERN2	BTMR1149	N-Dealkylation of N-acylurea	bt:N_DEALKYLATION_OF_N_ACYLUREAS	1	[#7;X3;!$([#7][!#6])][#6;X3](=[O;X1])[#7;X3](-[#6;X4][H])[#6]([#1,#6])=O	0		[#7;X3;!$([#7][!#6]):1][#6;X3:2](=[O;X1:3])[#7;X3:4](-[#6;X4:5][H:6])[#6:7]([#1,#6:8])=[O:9]>>[#6;X3:5]=O.[#7;X3;!$([#7][!#6]):1][#6;X3:2](=[O;X1:3])[#7;X3:4]([H:6])[#6:7]([#1,#6:8])=[O:9]
base	N_DEALKYLATION_OF_N_ALKYLNITROSAMINE	BTMR1146	N-Dealkylation of N-alkylnitrosamine	bt:N_DEALKYLATION_OF_N_ALKYLNITROSAMINE	1	[H][#6;A;X4][#7;!$(N*=O)]-[#7;X2]=[O;X1]	0		[H][#6;A;X4:4][#7;!$(N*=O):1]-[#7;X2:2]=[O;X1:3]>>[#6;A;X3:4]=O.[H][#7:1]-[#7;X2:2]=[O;X1:3]
base	N_DEALKYLATION_OF_PHOSPHORAMIDE_PATTERN1	BTMR1137	N-Dealkylation of phosphoramide	bt:N_DEALKYLATION_OF_PHOSPHORAMIDE	1	[H][#6;A;X4;!$(C([OX2])[O,S,#7,#15])][#7;X3;$([H2]),$([H1][#6;!$(C=[O,N,S])]),$([#7]([#6;!$(C=[O,N,S])])[#6;!$(C=[O,N,S])])]P([#7;X3;$([H2]),$([H1][#6;!$(C=[O,N,S])]),$([#7]([#6;!$(C=[O,N,S])])[#6;!$(C=[O,N,S])])])(=[O;X1])[#8]-[#1,CX4]	0		[H][#6;A;X4;!$(C([OX2])[O,S,#7,#15]):1][#7;X3;$([H2]),$([H1][#6;!$(C=[O,N,S])]),$([#7]([#6;!$(C=[O,N,S])])[#6;!$(C=[O,N,S])]):2][P:3]([#7;X3;$([H2]),$([H1][#6;!$(C=[O,N,S])]),$([#7]([#6;!$(C=[O,N,S])])[#6;!$(C=[O,N,S])]):4])(=[O;X1:5])[#8:6]-[#1,CX4:7]>>[#6;X3;!$(C([OX2])[O,S,#7,#15]):1]=O.[H][#7;X3:2][P:3]([#7;X3;$([H2]),$([H1][#6;!$(C=[O,N,S])]),$([#7]([#6;!$(C=[O,N,S])])[#6;!$(C=[O,N,S])]):4])(=[O;X1:5])[#8:6]-[#1,CX4:7]
base	N_DEALKYLATION_OF_PHOSPHORAMIDE_PATTERN2	BTMR1276	N-Dealkylation of phosphoramide	bt:N_DEALKYLATION_OF_PHOSPHORAMIDE	1	[#6;A;X4;H1,H2,H3][#7;A;X3][P;X4]([#7;A;X3])([#7;A;X3])=[X1;O,S]	0		[H:7][#6;A;X4:5][#7;A;X3:4]([#1,#6:8])[P;X4:1](=[X1;O,S:6])([#7;A;X3:2]([#1,#6:9])[#1,#6:10])[#7;A;X3:3]([#1,#6:11])[#1,#6:12]>>[H:7][#6;A;X3:5]=O.[H][#7;A;X3:4]([#1,#6:8])[P;X4:1](=[X1;O,S:6])([#7;A;X3:2]([#1,#6:9])[#1,#6:10])[#7;A;X3:3]([#1,#6:11])[#1,#6:12]
base	N_DEALKYLATION_OF_SECONDARY_ARYLALKYL_AMINES	BTMR1141	N-Dealkylation of secondary arylalkylamine	bt:N_DEALKYLATION_OF_SECONDARY_ARYLALKYL_AMINES	1	[H][#6;A;X4][#7;A;H1X3;+0!$(N*=[#7,#8,#15,#16])][#6;a]	0		[H][#6;A;X4:1][#7;A;H1X3;+0!$(N*=[#7,#8,#15,#16]):2][#6;a:3]>>[#6;A;X3:1]=O.[H][#7;A;X3:2][#6;a:3]
base	N_DEALKYLATION_OF_SECONDARY_CARBOXAMIDES	BTMR1138	N-Dealkylation of secondary carboxamide	bt:N_DEALKYLATION_OF_SECONDARY_CARBOXAMIDES	1	[H][#6;A;X4;!$(C([OX2])[O,S,#7,#15])][#7;H1X3;$([H1][#6;!$(C=[O,N,S])])][#6;A;X3;$([R0][#6]),$([H1R0])]=[O;X1]	0		[H][#6;A;X4;!$(C([OX2])[O,S,#7,#15]):1][#7;H1X3;$([H1][#6;!$(C=[O,N,S])]):2][#6;A;X3;$([R0][#6]),$([H1R0]):3]=[O;X1:4]>>[#6;A;X3;!$(C([OX2])[O,S,#7,#15]):1]=O.[H][#7;X3:2][#6;A;X3;$([R0][#6]),$([H1R0]):3]=[O;X1:4]
base	N_DEALKYLATION_OF_SULFONAMIDES	BTMR1136	N-Dealkylation of sulfonamide	bt:N_DEALKYLATION_OF_SULFONAMIDES	1	[H][#6;A;X4;!$(C([OX2])[O,S,#7,#15])][#7;X3;$([H2]),$([H1][#6;!$(C=[O,N,S])]),$([#7]([#6;!$(C=[O,N,S])])[#6;!$(C=[O,N,S])])][#16;A;X4]([#1,#6])(=[O;X1])=[O;X1]	0		[H][#6;A;X4;!$(C([OX2])[O,S,#7,#15]):1][#7;X3;$([H2]),$([H1][#6;!$(C=[O,N,S])]),$([#7]([#6;!$(C=[O,N,S])])[#6;!$(C=[O,N,S])]):2][#16;A;X4:3]([#1,#6:4])(=[O;X1:5])=[O;X1:6]>>[#6;A;X3;!$(C([OX2])[O,S,#7,#15]):1]=O.[H][#7;X3:2][#16;A;X4:3]([#1,#6:4])(=[O;X1:5])=[O;X1:6]
base	N_DEALKYLATION_OF_TERTIARY_CARBOXAMIDES	BTMR1139	N-Dealkylation of tertiary carboxamide	bt:N_DEALKYLATION_OF_TERTIARY_CARBOXAMIDES	1	[H][#6;!$(C=[O,N,S])]!@-[#7;X3](-[#6;!$(C=[O,N,S])])-[#6](-[#1,#6])!@=[O;R0]	0		[H:7][#6;!$(C=[O,N,S]):6]!@-[#7;X3:5](-[#6;!$(C=[O,N,S]):4])-[#6:3](-[#1,#6:2])!@=[O;R0:1]>>[#6:6]=O.[H:7][#7;X3:5](-[#6;!$(C=[O,N,S]):4])-[#6:3](-[#1,#6:2])!@=[O;R0:1]
base	N_DEALKYLATION_OF_TERTIARY_CARBOXAMIDES_PATTERN2	BTMR1245	N-Dealkylation of tertiary carboxamide	bt:N_DEALKYLATION_OF_TERTIARY_CARBOXAMIDES	1	[#6;!$(C=[O,N,S])][#7;X3](!@-[#6;!$(C=[O,N,S])][H])[#6]([#1,#6])!@=[O;R0]	0		[#6;!$(C=[O,N,S]):4][#7;X3:3](!@-[#6;!$(C=[O,N,S]):2][H:1])[#6:5]([#1,#6:6])!@=[O;R0:7]>>[#6:2]=O.[#6;!$(C=[O,N,S]):4][#7;X3:3]([H:1])[#6:5]([#1,#6:6])!@=[O;R0:7]
base	N_DEALKYLATION_OF_UREAS	BTMR1134	N-Dealkylation of urea	bt:N_DEALKYLATION_OF_UREAS	1	[#7;X3;!$([#7][!#6])][#6;X3](=[O;X1])[#7;X3;!$([#7][!#6])][#6;A;X4;!$(C([OX2])[O,S,#7,#15])][H]	0		[#7;X3;!$([#7][!#6]):1][#6;X3:2](=[O;X1:3])[#7;X3;!$([#7][!#6]):4][#6;A;X4;!$(C([OX2])[O,S,#7,#15]):5][H]>>[#6;A;X3;!$(C([OX2])[O,S,#7,#15]):5]=O.[#7;X3;!$([#7][!#6]):1][#6;X3:2](=[O;X1:3])[#7;X3:4][H]
base	N_DECHLOROETHYLATION	BTMR1155	N-Dechloroethylation	bt:N_DECHLOROETHYLATION	1	[H]C([H])(Cl)C([H])([H])[#7;X3](-[#1,#6])-*	0		[H:3][C:2]([H:1])([Cl:4])[C:5]([H:6])([H])[#7;X3:7](-[#1,#6:8])-[*:9]>>[H][#7;X3:7](-[#1,#6:8])-[*:9].[H:6][#6:5](=O)[C:2]([H:3])([H:1])[Cl:4]
base	N_DEHYDROGENATION_OF_ALIPHATIC_AZAHETEROCYCLE_PATTERN1	BTMR1191	N-Dehydrogenation of aliphatic azaheterocyclene	bt:N_DEHYDROGENATION_OF_ALIPHATIC_AZAHETEROCYCLE	1	[H][#6;R1]1-[#6;R1]([H])[C;R1]([H])(!@-[#6])[#6;R1]([H])-[#6;R1]([H])[#7;A;X3R1;+0!$([N]~[!#6])!$([N]*~[#7,#8,#15,#16])]1!@-[#6]	0		[H][#6;R1:5]1-[#6;R1:6]([H])[C;R1:1]([H])(!@-[#6:7])[#6;R1:2]([H])-[#6;R1:3]([H])[#7;A;X3R1;+0!$([N]~[!#6])!$([N]*~[#7,#8,#15,#16]):4]1!@-[#6:8]>>[H][#6;R1:5]1-[#6;R1:6]=[#6;R1:1](!@-[#6:7])-[#6;R1:2]([H])-[#6;R1:3]([H])[#7;A;X3R1;+0!$([N]~[!#6])!$([N]*~[#7,#8,#15,#16]):4]1!@-[#6:8]
base	N_DEISOPROPYLATION	BTMR0051	N-Deisopropylation	bt:N_DEISOPROPYLATION	1	[#6;A;H3X4][#6;H1X4]([#6;A;H3X4])-[#7;X3]	0		[H][#6;A;X4]([H])([H])[C;X4]([H])([#7;X3:1])[#6;A;X4]([H])([H])[H]>>[H][#7;X3:1][H]
base	N_DEMETHOXYMETHYLATION	BTMR1156	N-Demethoxymethylation	bt:N_DEMETHOXYMETHYLATION	1	[H][C;X4]([H])([H])[#8;X2]C([H])([H])[#7;A;X3;+0!$([N]~[!#6])!$([N]*~[#7,#8,#15,#16])][#6;a]	0		[H][C;X4]([H])([H])[#8;X2]C([H])([H])[#7;A;X3;+0!$([N]~[!#6])!$([N]*~[#7,#8,#15,#16]):2][#6;a:1]>>[H][#7;A;X3:2][#6;a:1]
base	N_DEMETHYLATION_OF_ARYLDIMETHYLAMINE_PATTERN1	BTMR1285	N-Demethylation of aryldimethylamine	bt:N_DEMETHYLATION_OF_ARYLDIMETHYLAMINE	1	[#6;A;H3X4][#7;A;X3]([#6;A;H3X4])[#6;R1]1=,:[#6;R1][#6;R1]=,:[#6;R1][#6;R1]=,:[#6,#7;R1]1	0		[H:10][#6;A;X4:1]([H:11])([H:12])[#7;A;X3:2]([#6;A;H3X4:3])[#6;R1:4]1=,:[#6;R1:5][#6;R1:6]=,:[#6;R1:7][#6;R1:8]=,:[#6,#7;R1:9]1>>[H:10][#6;A;X3:1]([H:11])=O.[H:12][#7;A;X3:2]([#6;A;H3X4:3])[#6;R1:4]1=,:[#6;R1:5][#6;R1:6]=,:[#6;R1:7][#6;R1:8]=,:[#6,#7;R1:9]1
base	N_DEMETHYLATION_OF_ARYLDIMETHYLAMINE_PATTERN2	BTMR1286	N-Demethylation of aryldimethylamine	bt:N_DEMETHYLATION_OF_ARYLDIMETHYLAMINE	1	[#6;A;H3X4][#7;A;X3]([#6;A;H3X4])[#6;R1]=,:1[#6;R1]=,:[#6;R1][#7;R1]=,:[#6;R1][#6;R1]=,:1	0		[H:10][#6;A;X4:1]([H:11])([H:12])[#7;A;X3:2]([#6;A;H3X4:3])[#6;R1:4]=,:1[#6;R1:5]=,:[#6;R1:6][#7;R1:7]=,:[#6;R1:8][#6;R1:9]=,:1>>[H:11][#6;A;X3:1]([H:12])=O.[H:10][#7;A;X3:2]([#6;A;H3X4:3])[#6;R1:4]=,:1[#6;R1:5]=,:[#6;R1:6][#7;R1:7]=,:[#6;R1:8][#6;R1:9]=,:1
base	N_DEMETHYLATION_OF_ARYLDIMETHYLFORMAMIDINE	BTMR1282	N-Demethylation of aryldimethylformamidine	bt:N_DEMETHYLATION_OF_ARYLDIMETHYLFORMAMIDINE	1	[#6;A;H3X4][#7;X3]([#6;A;H3X4])-[#6;X3](=[O;X1])-[#7;X2][#6;A;H1X3]=[#7;A;H1X3][#6;R1]=,:1[#6]=,:[#6][#6]=,:[#6][#6]=,:1	0		[H:15][#6;A;X4:1]([H:16])([H:17])[#7;X3:2]([#6;A;H3X4:3])-[#6;X3:4](=[O;X1:5])-[#7;X2:13][#6;A;H1X3:14]=[#7;A;H1X3:6][#6;R1:7]=,:1[#6:8]=,:[#6:9][#6:10]=,:[#6:11][#6:12]=,:1>>[H:16][#6;A;X3:1]([H:17])=O.[H:15][#7;X3:2]([#6;A;H3X4:3])-[#6;X3:4](=[O;X1:5])-[#7;X2:13][#6;A;H1X3:14]=[#7;A;H1X3:6][#6;R1:7]=,:1[#6:8]=,:[#6:9][#6:10]=,:[#6:11][#6:12]=,:1
base	N_DEMETHYLATION_OF_ARYLDIMETHYLUREA	BTMR1278	N-Demethylation of aryldimethylamine	bt:N_DEMETHYLATION_OF_ARYLDIMETHYLUREA	1	[#6;A;H3X4][#7;X3]([#6;A;H3X4])-[#6;X3](=[O;X1])[#7;A;H1X3][#6;R1]=,:1[#6]=,:[#6][#6]=,:[#6][#6]=,:1	0		[H:15][#6;A;X4:5]([H:14])([H:13])[#7;X3:4]([#6;A;H3X4:12])-[#6;X3:2](=[O;X1:3])[#7;A;H1X3:1][#6;R1:6]=,:1[#6:7]=,:[#6:8][#6:9]=,:[#6:10][#6:11]=,:1>>[H:15][#6;A;X4:5]([H:14])=O.[H:13][#7;X3:4]([#6;A;H3X4:12])-[#6;X3:2](=[O;X1:3])[#7;A;H1X3:1][#6;R1:6]=,:1[#6:7]=,:[#6:8][#6:9]=,:[#6:10][#6:11]=,:1
base	N_DEPROPARGYLATION_OF_SEC_AND_TERT_AMINES	BTMR1153	N-Depropargylation of secondary or tertiary amine	bt:N_DEPROPARGYLATION_OF_SEC_AND_TERT_AMINES	1	[H]C#C[C;R0]([H])([H])[#7;A;X3;+0!$([N]~[!#6])!$([N]*~[#7,#8,#15,#16])]([#6])[#1,#6]	0		[H:7][C:6]#[C:5][C;R0:1]([H])([H])[#7;A;X3;+0!$([N]~[!#6])!$([N]*~[#7,#8,#15,#16]):2]([#6:3])[#1,#6:4]>>[H][#7;A;X3:2]([#6:3])[#1,#6:4].[H:7][C:6]#[C:5][#6;R0:1]([H])=O
base	N_HYDROXYARYLAMINE_O_ACETYLATION	BTMR0441	O-Acetylation of N-hydroxylarylamine	bt:N_HYDROXYARYLAMINE_O_ACETYLATION	1	[#8;A;X2H1,X1-][#7;A;H1X3]!@-[#6]=,:1[#6]=,:[#6][#6]=,:[#6][#6]=,:1	0		[H][#8:1][#7;A;H1X3:2]!@-[#6:3]=,:1[#6:4]=,:[#6:5][#6:6]=,:[#6:7][#6:8]=,:1>>[#6]-[#6](=O)-[#8:1][#7;A;H1X3:2]!@-[#6:3]=,:1[#6:4]=,:[#6:5][#6:6]=,:[#6:7][#6:8]=,:1
base	N_HYDROXYLATION_OF_ANILIDES	BTMR1105	N-Hydroxylation of anilide	bt:N_HYDROXYLATION_OF_ANILIDES	1	[H][#7;R0](-[#6;R1]=,:1[#6;R1]=,:[#6;R1][#6;R1]=,:[#6;R1][#6;R1]=,:1)-[#6;R0](-[#1,#6])=[O;R0]	0		[H][#7;R0:1](-[#6;R1:2]=,:1[#6;R1:3]=,:[#6;R1:4][#6;R1:5]=,:[#6;R1:6][#6;R1:7]=,:1)-[#6;R0:8](-[#1,#6:9])=[O;R0:10]>>[H][#8]-[#7;R0:1](-[#6;R1:2]=,:1[#6;R1:3]=,:[#6;R1:4][#6;R1:5]=,:[#6;R1:6][#6;R1:7]=,:1)-[#6;R0:8](-[#1,#6:9])=[O;R0:10]
base	N_HYDROXYLATION_OF_ANILINES_TO_HYDROXYLAMINES	BTMR1103	N-Hydroxylation of aniline to hydroxylamine	bt:N_HYDROXYLATION_OF_ANILINES_TO_HYDROXYLAMINES	1	[H][#7]([H])-[#6;R1]=,:1[#6;R1]=,:[#6;R1][#6;R1]=,:[#6;R1][#6;R1]=,:1	0		[H][#7:7]([H])-[#6;R1:1]=,:1[#6;R1:2]=,:[#6;R1:3][#6;R1:4]=,:[#6;R1:5][#6;R1:6]=,:1>>[H][#8]-[#7:7]([H])-[#6;R1:1]=,:1[#6;R1:2]=,:[#6;R1:3][#6;R1:4]=,:[#6;R1:5][#6;R1:6]=,:1
base	N_HYDROXYLATION_OF_GUANIDINES_AND_AMINOHYDROAZONES	BTMR1114	N-Hydroxylation of guanidine or aminohydrazone	bt:N_HYDROXYLATION_OF_GUANIDINES_AND_AMINOHYDROAZONES	1	[H][#7;A;X2]=[#6;X3]([#7;A;X3]([#1,#6,#7])[#1,#6,#7])[#7;A;X3]([#1,#6,#7])[#1,#6,#7]	0		[H][#7;A;X2:3]=[#6;X3:2]([#7;A;v3X3,v4X4+:1])[#7;A;v3X3,v4X4+:4]>>[H][#8][#7;A;X2:3]=[#6;X3:2]([#7;A;v3X3,v4X4+:1])[#7;A;v3X3,v4X4+:4]
base	N_HYDROXYLATION_OF_PRIMARY_ARYLAMINE	BTMR0042	N-Hydroxylation of primary arylamine	bt:N_HYDROXYLATION_OF_PRIMARY_ARYLAMINE	1	[H][NX3H2+0,NX4H3+;!$([N][#6]=[!#6;!#1]);!$([N]#[!#6,!#1])]c	0		[H][#7;A;X3H2+0,X4H3+;!$([N][#6]=[!#6;!#1]);!$([N]#[!#6,!#1]):1][#6;a:2]>>[H][#8][#7;A;X3H1+0,X4H2+;!$([N][#6]=[!#6;!#1]);!$([N]#[!#6,!#1]):1][#6;a:2]
base	N_HYDROXYLATION_OF_PRIM_SEC_ALIPHATIC_AMINES	BTMR1096	N-Hydroxylation of primary or secondary aliphatic amine	bt:N_HYDROXYLATION_OF_PRIM_SEC_ALIPHATIC_AMINES	1	[H][#7;A;X3;+0!$([N]~[!#6])!$([N]*~[#7,#8,#15,#16])]([#6])[#1,#6]	0		[H][#7;A;X3;+0!$([N]~[!#6])!$([N]*~[#7,#8,#15,#16]):1]([#6:2])[#1,#6:3]>>[H][#8][#7;A;X3;+0!$([N]~[!#6])!$([N]*~[#7,#8,#15,#16]):1]([#6:2])[#1,#6:3]
base	N_HYDROXYLATION_OF_SECONDARY_ARYLAMIDES	BTMR1104	N-Hydroxylation of secondary arylamide	bt:N_HYDROXYLATION_OF_SECONDARY_ARYLAMIDES	1	[H][#7;R0](-[*;a;R1])-[#6;R0](-[#1,#6])=[O;R0]	0		[H][#7;R0:1](-[*;a;R1:2])-[#6;R0:3](-[#1,#6:4])=[O;R0:5]>>[H][#8]-[#7;R0:1](-[*;a;R1:2])-[#6;R0:3](-[#1,#6:4])=[O;R0:5]
base	N_HYDROXYL_N_ARYLACETAMIDE_O_ACETYLATION	BTMR0442	O-Acetylation of N-hydroxyl-N-arylacetamide	bt:N_HYDROXYL_N_ARYLACETAMIDE_O_ACETYLATION	1	[H][#8]-[#7;X3](-[#6;X3]([#6;A;H3X4])=[O;X1])!@-[#6;X3]-1=[#6]-[#6]=[#6]-[#6]=[#6]-1	0		[H][#8:8]-[#7;X3:7](-[#6;X3:9]([#6;A;H3X4:11])=[O;X1:10])!@-[#6;X3:6]-1=[#6:1]-[#6:2]=[#6:3]-[#6:4]=[#6:5]-1>>[#6;A;H3X4:11][#6;X3:9](=[O;X1:10])-[#8:8]-[#7;X3:7]!@-[#6;X3:6]-1=[#6:1]-[#6:2]=[#6:3]-[#6:4]=[#6:5]-1
base	N_METHYL_HYDROXYLATION_OF_CARBAMATE	BTMR1249	Hydroxylation of N-methyl in carbamate	bt:N_METHYL_HYDROXYLATION_OF_CARBAMATE	1	[#6;A;H3X4][#7;X3](-[#1,$([#6;!$(C=[O,N,S])])])-[#6](=O)-[#8]-[#1,$([#6;!$(C=[O,N,S])])]	0		[H:7][#6;A;X4:1]([H:8])([H:9])[#7;X3:2](-[#1,$([#6;!$(C=[O,N,S])]):3])-[#6;X3:4](=[O;X1:5])-[#8;X2:6]-[#1,#6:10]>>[H:7][#8][#6;A;X4:1]([H:8])([H:9])[#7;X3:2](-[#1,$([#6;!$(C=[O,N,S])]):3])-[#6;X3:4](=[O;X1:5])-[#8;X2:6]-[#1,#6:10]
base	N_OXIDATION_OF_ALICYCLIC_TERTIARY_AMINE	BTMR1099	N-Oxidation of alicyclic tertiary amine	bt:N_OXIDATION_OF_ALICYCLIC_TERTIARY_AMINE	1	[#6][#7;A;X3R1,X3R2;+0!$([N]~[!#6])!$([N]*~[#7,#8,#15,#16])](@-[#6;A])@-[#6;A]	0		[#6:1][#7;A;X3;R1,R2;+0!$([N]~[!#6])!$([N]*~[#7,#8,#15,#16]):2](@-[#6;A:3])@-[#6;A:4]>>[#6:1][#7;A;X4+:2](@-[#6;A:3])(@-[#6;A:4])[#8-]
base	N_OXIDATION_OF_ALIPHATIC_TERTIARY_AMINE_PATTERN1	BTMR1100	N-Oxidation of aliphatic tertiary amine	bt:N_OXIDATION_OF_ALIPHATIC_TERTIARY_AMINE	1	[#6;A][#7;A;H0X3;+0!$([N][#6]=[!#6;!#1])!$([N]#[!#6,!#1])]([#6;A])[#6;A]	0		[#6;A:4][#7;A;H0X3;+0!$([N][#6]=[!#6;!#1])!$([N]#[!#6,!#1]):2]([#6;A:3])[#6;A:1]>>[#6;A:4][#7;A;X3+:2]([#6;A:3])([#6;A:1])[#8-]
base	N_OXIDATION_OF_PYRIMIDINE_RING	BTMR1115	N-Oxidation of pyrimidine	bt:N_OXIDATION_OF_PYRIMIDINE_RING	1	[#6;R1]1=,:[#6;R1][#7;X2R1;+0]=,:[#6;R1][#7;X2R1]=,:[#6;R1]1	0		[#6;R1:5]1=,:[#6;R1:6][#7;X2R1;+0:1]=,:[#6;R1:2][#7;X2R1:3]=,:[#6;R1:4]1>>[#8-]-[#7;X3R1+:1]=,:1[#6;R1:6]=,:[#6;R1:5][#6;R1:4]=,:[#7;X2R1:3][#6;R1:2]=,:1
base	OXIDATION_OF_4_HYDROXYAZAPHOSPHORINE	BTMR1233	Oxidation of 4-hydroxyazaphosphorine	bt:OXIDATION_OF_4_HYDROXYAZAPHOSPHORINE	1	[#7;X3R0;NX3H1+0,NX3H2+0,$([NX3+0;!$([N]~[!#6]);!$([N]*~[#7,#8,#15,#16])])][P;X4]1(=[O;X1])[#7;NX3H1,$([NX3]-[#6])][#6;A;H1X4R1]([#8;A;X2H1,X1-])[#6;R1]-[#6;R1]-[#8]1	0		[H:10][#8;A:9][#6;A;X4R1:5]1([H:11])[#6;R1:6]-[#6;R1:7]-[#8:8][P;X4:2]([#7;X3R0;NX3H1+0,NX3H2+0,$([NX3+0;!$([N]~[!#6]);!$([N]*~[#7,#8,#15,#16])]):1])(=[O;X1:3])[#7;NX3H1,$([NX3]-[#6]):4]1>>[H:10][H:11].[#7;X3R0;NX3H1+0,NX3H2+0,$([NX3+0;!$([N]~[!#6]);!$([N]*~[#7,#8,#15,#16])]):1][P;X4:2]1(=[O;X1:3])[#7;NX3H1,$([NX3]-[#6]):4][#6;A;X3R1:5](=[#8;A:9])[#6;R1:6]-[#6;R1:7]-[#8:8]1
base	OXIDATION_OF_4_SUBSTITUTTED_PHENOL_PATTERN2	BTMR0113	Oxidation of 4-substituted phenol	bt:OXIDATION_OF_4_SUBSTITUTTED_PHENOL	1	[#1,CX4H3]-[#8]!@-[#6;R1]=,:1[#6;R1]=,:[#6;R1][#6;R1](!@-[!$([#6]-[#7]=[#7+]);!$([OX2]([CX4;!$(C([OX2])[O,S,#7,#15,F,Cl,Br,I])])[CX4;!$(C([OX2])[O,S,#7,#15])]);!$([#8;A;X2]S(=O)(=O)C(F)(F)F);!$([#8;A;X2]S(=O)(=O)C(F)(F)C(F)(F)F);!$([#8;A;X2]S(=O)(=O)C(F)(F)C(F)(F)C(F)(F)F);!$([#8;A;X2]S(=O)(=O)C(F)(F)C(F)(F)C(F)(F)C(F)(F)F);!$([#8]-[#16](=O)(=O)-[#6]1=,:[#6;R1]-,:[#6;R1]=,:[#6;R1](C([H])([H])[H])-,:[#6;R1]=,:[#6;R1]1);!$([#8]S(=O)(=O)C([H])([H])[H]),$([I,Br,Cl,F]);!$([#8X3+]([H])([H])),$([#8+]([H])[H]);!$([#8X2]-[#7X3+](=[OX1])[OX1-]);!$([#8X2]-[#15](=[O])(=[O])[OX2H1,OX1-]);!$([#8X2]-[#16](=[O])(=[O])[OX2H1,OX1-]);!$([#16X2]-[CX4;!$(C([OX2])[O,S,#7,#15,F,Cl,Br,I])]);!$([#16X3+]([H])[CX4;!$(C([OX2])[O,S,#7,#15,F,Cl,Br,I])]);!$([NX3+0,NX4+;!$([N]~[!#6]);!$([N]*~[#7,#8,#15,#16])]);!$([#8;X2]-[#6](-[#1,#6])=[#8;X1]);!$([#8]-[#6]1=,:[#6;R1]-,:[#6;R1]=,:[#6;R1]-,:[#6;R1]=,:[#6;R1]1);!$([#8;X1-]);!$([#1])])=,:[#6;R1][#6;R1]=,:1	0		[#1,CX4H3]-[#8:1]!@-[#6;R1:2]=,:1[#6;R1:3]=,:[#6;R1:4][#6;R1:5](!@-[!$([#6]-[#7]=[#7+]);!$([OX2]([CX4;!$(C([OX2])[O,S,#7,#15,F,Cl,Br,I])])[CX4;!$(C([OX2])[O,S,#7,#15])]);!$([#8;A;X2]S(=O)(=O)C(F)(F)F);!$([#8;A;X2]S(=O)(=O)C(F)(F)C(F)(F)F);!$([#8;A;X2]S(=O)(=O)C(F)(F)C(F)(F)C(F)(F)F);!$([#8;A;X2]S(=O)(=O)C(F)(F)C(F)(F)C(F)(F)C(F)(F)F);!$([#8]-[#16](=O)(=O)-[#6]1=,:[#6;R1]-,:[#6;R1]=,:[#6;R1](C([H])([H])[H])-,:[#6;R1]=,:[#6;R1]1);!$([#8]S(=O)(=O)C([H])([H])[H]),$([I,Br,Cl,F]);!$([#8X3+]([H])([H])),$([#8+]([H])[H]);!$([#8X2]-[#7X3+](=[OX1])[OX1-]);!$([#8X2]-[#15](=[O])(=[O])[OX2H1,OX1-]);!$([#8X2]-[#16](=[O])(=[O])[OX2H1,OX1-]);!$([#16X2]-[CX4;!$(C([OX2])[O,S,#7,#15,F,Cl,Br,I])]);!$([#16X3+]([H])[CX4;!$(C([OX2])[O,S,#7,#15,F,Cl,Br,I])]);!$([NX3+0,NX4+;!$([N]~[!#6]);!$([N]*~[#7,#8,#15,#16])]);!$([#8;X2]-[#6](-[#1,#6])=[#8;X1]);!$([#8]-[#6]1=,:[#6;R1]-,:[#6;R1]=,:[#6;R1]-,:[#6;R1]=,:[#6;R1]1);!$([#8;X1-]);!$([#1]):8])=,:[#6;R1:6][#6;R1:7]=,:1>>[H][#8][C;R1:5]1(!@-[!$([#6]-[#7]=[#7+]);!$([OX2]([CX4;!$(C([OX2])[O,S,#7,#15,F,Cl,Br,I])])[CX4;!$(C([OX2])[O,S,#7,#15])]);!$([#8;A;X2]S(=O)(=O)C(F)(F)F);!$([#8;A;X2]S(=O)(=O)C(F)(F)C(F)(F)F);!$([#8;A;X2]S(=O)(=O)C(F)(F)C(F)(F)C(F)(F)F);!$([#8;A;X2]S(=O)(=O)C(F)(F)C(F)(F)C(F)(F)C(F)(F)F);!$([#8]-[#16](=O)(=O)-[#6]1=,:[#6;R1]-,:[#6;R1]=,:[#6;R1](C([H])([H])[H])-,:[#6;R1]=,:[#6;R1]1);!$([#8]S(=O)(=O)C([H])([H])[H]),$([I,Br,Cl,F]);!$([#8X3+]([H])([H])),$([#8+]([H])[H]);!$([#8X2]-[#7X3+](=[OX1])[OX1-]);!$([#8X2]-[#15](=[O])(=[O])[OX2H1,OX1-]);!$([#8X2]-[#16](=[O])(=[O])[OX2H1,OX1-]);!$([#16X2]-[CX4;!$(C([OX2])[O,S,#7,#15,F,Cl,Br,I])]);!$([#16X3+]([H])[CX4;!$(C([OX2])[O,S,#7,#15,F,Cl,Br,I])]);!$([NX3+0,NX4+;!$([N]~[!#6]);!$([N]*~[#7,#8,#15,#16])]);!$([#8;X2]-[#6](-[#1,#6])=[#8;X1]);!$([#8]-[#6]1=,:[#6;R1]-,:[#6;R1]=,:[#6;R1]-,:[#6;R1]=,:[#6;R1]1);!$([#8;X1-]);!$([#1]):8])[#6;R1:4]=[#6;R1:3]-[#6;R1:2](!@=[O:1])-[#6;R1:7]=[#6;R1:6]1
base	OXIDATION_OF_ALKYL_FORMAMIDES	BTMR1106	Oxidation of alkyl formamide	bt:OXIDATION_OF_ALKYL_FORMAMIDES	1	[H][#7;X3](-[#6;X4])!@-[#6;X3]([H])=[O;X1]	0		[H][#7;X3:1](-[#6;X4:4])!@-[#6;X3:2]([H])=[O;X1:3]>>[#6;X4:4]-[#7;X2:1]!@=[C;X2:2]=[O;X1:3]
base	OXIDATION_OF_HALOTRIFLUOROETHANE_PATTERN1	BTMR1161	Oxidation of halotrifluoroethane	bt:OXIDATION_OF_HALOTRIFLUOROETHANE	1	[H][C;X4]([F,Cl,Br,I])([F,Cl,Br,I])[C;X4](F)(F)F	0		[H][C;X4:1]([F,Cl,Br,I:2])([F,Cl,Br,I])[C;X4:3]([F:4])([F:5])[F:6]>>[F:4][C;X4:3]([F:5])([F:6])[#6;X3:1](-[F,Cl,Br,I:2])=O
base	OXIDATION_OF_N_IN_STRAINED_RING_SYSTEMS	BTMR1116	Oxidation of nitrogen in strained ring system	bt:OXIDATION_OF_N_IN_STRAINED_RING_SYSTEMS	1	[#6;R]@-[#7;X3R](@-[#6;R])@-[#6;R]	0		[#6;R:1]@-[#7;X3R:2](@-[#6;R:3])@-[#6;R:4]>>[#6;R:1]@-[N;X4R+:2](@-[#6;R:3])(@-[#6;R:4])[#8-]
base	OXIDATION_OF_N_SUBSTITUTED_PIPERIDINE_IMINIUM	BTMR1212	Oxidation of piperidine or pyrrolidine iminium ion intermediate	bt:OXIDATION_OF_N_SUBSTITUTED_PIPERIDINE_IMINIUM	1	[#6]-[#7;X3+]1=[#6;H1X3][#6;A][#6;A][#6;A][#6;A]1	0		[H][#6;X3:3]1=[#7;X3+:4](-[#6:7])[#6;A:5][#6;A:6][#6;A:1][#6;A:2]1>>[#6:7]-[#7;X3:4]-1[#6;A:5][#6;A:6][#6;A:1][#6;A:2][#6;X3:3]-1=O
base	OXIDATION_OF_N_SUBSTITUTED_PYRROLIDINE_IMINIUM	BTMR1211	Oxidation of piperidine or pyrrolidine iminium ion intermediate	bt:OXIDATION_OF_N_SUBSTITUTED_PYRROLIDINE_IMINIUM	1	[#6]!@-[#7;X3R1+]-1=[#6;A;H1X3][#6]-[#6]-[#6;R1]-1	0		[H][#6;A;X3:2]1=[#7;X3R1+:1](!@-[#6:6])[#6;A;R1:5][#6;A:4][#6;A:3]1>>[#6:6]!@-[#7;X3R1:1]1[#6;A;R1:5][#6;A:4][#6;A:3][#6;A;X3:2]1=O
base	OXIDATION_OF_PRIM_ALCOHOL_TO_ALDEHYDE	BTMR0105	Oxidation of primary alcohol to aldehyde	bt:OXIDATION_OF_PRIM_ALCOHOL_TO_ALDEHYDE	1	[#6;A;H2X4;!$(C([OX2H])[O,S,#7,#15])][#8;H1X2]	0		[H][#8;X2:2][#6;A;!$(C([OX2H])[O,S,#7,#15]):1]([H])[H]>>[H][#6;A;!$(C([OX2H])[O,S,#7,#15]):1]=[O;X1:2]
base	OXIDATION_OF_PYRIMIDINE_PATTERN1	BTMR1213	Oxidation of pyrimidine	bt:OXIDATION_OF_PYRIMIDINE	1	O=[#6;R1]1[#7;X3R1][#6]=,:[#6][#6;H1X3]=,:[#7;X2R1]1	0		[H:8][#6;X3:4]=,:1[#6:3]=,:[#6:2][#7;X3R1:1][#6;R1:6](=[O:7])[#7;X2R1:5]=,:1>>[H:8][#7;X3R1:5]1[#6;X3:4](=O)[#6:3]=,:[#6:2][#7;X3R1:1][#6;R1:6]1=[O:7]
base	OXIDATION_OF_PYRIMIDINE_PATTERN2	BTMR1214	Oxidation of pyrimidine	bt:OXIDATION_OF_PYRIMIDINE	1	[#6]1=,:[#6][#7;X2R1]=,:[#6;H1X3R1][#7;X2R1]=,:[#6;X3R1]1	0		[H:7][#6;X3R1:4]=,:1[#7;X2R1:3]=,:[#6;X3R1:2][#6:1]=,:[#6:6][#7;X2R1:5]=,:1>>[H:7][#7;X3R1:5]-1[#6:6]=,:[#6:1][#6;X3R1:2]=,:[#7;X2R1:3]-[#6;X3R1:4]-1=O
base	OXIDATION_OF_PYRIMIDINE_PATTERN3	BTMR1215	Oxidation of pyrimidine	bt:OXIDATION_OF_PYRIMIDINE	1	[#6]1=,:[#6][#7;X2R1]=,:[#6;R1][#7;X2R1]=,:[#6;H1X3R1]1	0		[H:7][#6;X3R1:4]=,:1[#6:3]=,:[#6:2][#7;X2R1:1]=,:[#6;R1:6][#7;X2R1:5]=,:1>>[H:7][#7;X3R1:5]1[#6;R1:6]=,:[#7;X2R1:1][#6:2]=,:[#6:3][#6;X3R1:4]1=O
base	OXIDATION_OF_PYRIMIDINE_PHTHALAZINE	BTMR1216	Oxidation of phthalazine	bt:OXIDATION_OF_PYRIMIDINE_PHTHALAZINE	1	[#6]1=,:[#6][#6]=,:[#6;R2]2[#6;H1X3R1]=,:[#7;X2R1][#7;R1]=,:[#6;R1][#6;R2]2=,:[#6]1	0		[H:11][#6;X3R1:8]1=,:[#7;X2R1:7][#7;R1:6]=,:[#6;R1:5][#6;R2:4]2=,:[#6:3][#6:2]=,:[#6:1][#6:10]=,:[#6;R2:9]12>>[H:11][#7;X3R1:7]1[#7;R1:6]=,:[#6;R1:5][#6;R2:4]2=,:[#6:3][#6:2]=,:[#6:1][#6:10]=,:[#6;R2:9]2[#6;X3R1:8]1=O
base	OXIDATION_OF_P_SUBSTITUTED_ANILIDES	BTMR1018	Oxidation of p-substituted anilide	bt:OXIDATION_OF_P_SUBSTITUTED_ANILIDES	1	[H][*;A;CX4,OX2][#6;R1]=,:1[#6;R1]=,:[#6;R1][#6;R1](=,:[#6;R1][#6;R1]=,:1)-[#7]([H])-[#6](-[#1,#6])=O	0		[H][*;A;CX4,OX2:8][#6;R1:4]=,:1[#6;R1:3]=,:[#6;R1:2][#6;R1:1](=,:[#6;R1:6][#6;R1:5]=,:1)-[#7;X3:7]([H])-[#6:9](-[#1,#6:11])=[O:10]>>[#1,#6:11]-[#6:9](=[O:10])[#7;X2:7]=[#6;R1:1]-1/[#6;R1:6]=[#6;R1:5]-[#6;R1:4](=[*;A;CX3,OX1:8])-[#6;R1:3]=[#6;R1:2]-1
base	OXIDATION_OF_SEC_ALCOHOL_TO_KETONE	BTMR0079	Oxidation of secondary alcohol to ketone	bt:OXIDATION_OF_SEC_ALCOHOL_TO_KETONE	1	[#6][#6;A;H1X4;!$(C([OX2H])[O,S,#7,#15])]([#6])[#8;H1X2]	0		[H][#8;X2:1][#6;A;X4:3]([H])([#6:4])[#6:2]>>[#6:4][#6;A;X3:3]([#6:2])=[O;X1:1]
base	OXIDATION_OF_S_ADJACENT_TO_ALIPHATIC_NITROGENS	BTMR1127	Oxidation of sulfur adjacent to aliphatic nitrogen	bt:OXIDATION_OF_S_ADJACENT_TO_ALIPHATIC_NITROGENS	1	[*,#1][#7;A]([*,#1])[#16;X2][#7;A]([*,#1])[*,#1]	0		[*,#1:4][#7;A:3]([*,#1:5])[#16;X2:2][#7;A:1]([*,#1:6])[*,#1:7]>>[*,#1:4][#7;A:3]([*,#1:5])[S;X3:2](=O)[#7;A:1]([*,#1:6])[*,#1:7]
base	OXIDATIVE_DEBORONATION	BTMR1203	Oxidative deboronation	bt:OXIDATIVE_DEBORONATION	1	[#6]!@-[#5;X3]([#8;A;H1X2])[#8;A;H1X2]	0		[#6:1]-[#5;X3:2]([#8;A;H1X2:3])[#8;A;H1X2:4]>>[H][#8]-[#6:1].[H][#8]-[#5;X3:2]([#8;A;H1X2:3])[#8;A;H1X2:4]
base	O_ARYL_DEALKYLATION_ADJACENT_TO_SUBSTITUTED_CARBON	BTMR1131	O-Aryl dealkylation adjacent to substituted carbon	bt:O_ARYL_DEALKYLATION_ADJACENT_TO_SUBSTITUTED_CARBON	1	[H][#6;A;X4;!$(C([OX2])[O,S,#7,#15])][#8;X2R0]-[#6;R1]1=,:[#6;R1][#6;R1]=,:[#6;R1][#6;R1]=,:[#6;R1]1-*	0		[H][#6;A;X4;!$(C([OX2])[O,S,#7,#15]):1][#8;X2R0:2]-[#6;R1:3]1=,:[#6;R1:4][#6;R1:5]=,:[#6;R1:6][#6;R1:7]=,:[#6;R1:8]1-[*:9]>>[#6;A;X3;!$(C([OX2])[O,S,#7,#15]):1]=O.[H][#8;X2R0:2]-[#6;R1:3]1=,:[#6;R1:4][#6;R1:5]=,:[#6;R1:6][#6;R1:7]=,:[#6;R1:8]1-[*:9]
base	O_ARYL_DEALKYLATION_NOT_ADJACENT_TO_SUBSTITUTED_CARBON	BTMR1132	O-Aryl dealkylation not adjacent to substituted carbon	bt:O_ARYL_DEALKYLATION_NOT_ADJACENT_TO_SUBSTITUTED_CARBON	1	[H][#6;A;X4;!$(C([OX2])[O,S,#7,#15])][#8;X2R0]-[#6;R1]=,:1[#6;R1]([H])=,:[#6;R1][#6;R1]=,:[#6;R1][#6;R1]=,:1[H]	0		[H][#6;A;X4;!$(C([OX2])[O,S,#7,#15]):1][#8;X2R0:2]-[#6;R1:3]=,:1[#6;R1:4]([H:5])=,:[#6;R1:6][#6;R1:7]=,:[#6;R1:8][#6;R1:9]=,:1[H:10]>>[#6;A;X3;!$(C([OX2])[O,S,#7,#15]):1]=O.[H][#8;X2R0:2]-[#6;R1:3]=,:1[#6;R1:4]([H:5])=,:[#6;R1:6][#6;R1:7]=,:[#6;R1:8][#6;R1:9]=,:1[H:10]
base	O_ARYL_DEMETHYLATION_PATTERN1	BTMR1133	O-Aryl demethylation	bt:O_ARYL_DEMETHYLATION	1	[H]*[#6](=,:*[H])-[#8;X2R0]C([H])([H])[H]	0		[H:1][*:2][#6:3](=,:[*:4][H:5])-[#8;X2R0:6][C:7]([H:8])([H])[H:9]>>[H:8][#6:7]([H:9])=O.[H:1][*:2][#6:3](=,:[*:4][H:5])-[#8;X2R0:6][H]
base	O_DEALKYLATION	BTMR0052	O-Dealkylation	bt:O_DEALKYLATION	1	[H][#6;A;X4;!$(C([OX2])[O,S,#7,#15])][#8;X2R0]-[#6;$([CX4;!$(C([OX2])[O,S,#7,#15])]),c]	0		[H][#6;A;X4;!$(C([OX2])[O,S,#7,#15]):1][#8;X2R0:2]-[#6;$([CX4;!$(C([OX2])[O,S,#7,#15])]),c:3]>>[#6;A;X3;!$(C([OX2])[O,S,#7,#15]):1]=O.[H][#8;X2R0:2]-[#6;$([CX4;!$(C([OX2])[O,S,#7,#15])]),c:3]
base	O_DEALKYLATION_OF_DIALKYLETHER	BTMR1129	O-Dealkylation of dialkylether	bt:O_DEALKYLATION_OF_DIALKYLETHER	1	[H][#6;A;X4;!$(C([OX2])[O,S,#7,#15])][#8;X2R0][#6;A;X4;!$(C([OX2])[O,S,#7,#15])!$([CX4H3])]	0		[H][#6;A;X4;!$(C([OX2])[O,S,#7,#15]):1][#8;X2R0:2][#6;A;X4;!$(C([OX2])[O,S,#7,#15])!$([CX4H3]):3]>>[#6;A;X3;!$(C([OX2])[O,S,#7,#15]):1]=O.[H][#8;X2R0:2][#6;A;X4;!$(C([OX2])[O,S,#7,#15])!$([CX4H3]):3]
base	O_DEISOPROPYLATION	BTMR1130	O-Deisopropylation	bt:O_DEISOPROPYLATION	1	[H][#6;A;X4]([#6;A;H3X4])([#6;A;H3X4])[#8;X2R0]-[#6;$([CX4;!$(C([OX2])[O,S,#7,#15])]),c]	0		[H][#6;A;X4:1]([#6;A;H3X4:4])([#6;A;H3X4:5])[#8;X2R0:2]-[#6;$([CX4;!$(C([OX2])[O,S,#7,#15])]),c:3]>>[H][#8;X2R0:2]-[#6;$([CX4;!$(C([OX2])[O,S,#7,#15])]),c:3].[#6;A;H3X4:4][#6;A;X3:1]([#6;A;H3X4:5])=O
base	O_HYDROXYLATION_OF_MONOSUBSTITUTED_BENZENE	BTMR1034	O-Hydroxylation of monosubstituted benzene	bt:O_HYDROXYLATION_OF_MONOSUBSTITUTED_BENZENE	1	[H][#6;R1]=,:1[#6;R1]([H])=,:[#6;R1]([H])[#6;R1](-[$([#6;R1]1=,:[#6;R1][#6;R1]=,:[#6;R1][#6;R1]([OX2H1,OX1-])=,:[#6;R1]1),$([#6;R1]1=,:[#6;R1]([OX2H1,OX1-])[#6;R1]=,:[#6;R1][#6;R1]=,:[#6;R1]1),$([#6;R1]1=,:[#6;R1][#6;R1]=,:[#6;R1]([OX2H1,OX1-])[#6;R1]=,:[#6;R1]1),$([NX3H0+0,NX4H1+;$([N]([#6])([#6])[#6]);!$([N]*~[#7,#8,#15,#16])]),$([NX3H1+0,NX4H2+;$([N]([#6])[#6]);!$([N]*~[#7,#8,#15,#16])]),$([NX3H2+0,NX4H3+;!$([N][!C]);!$([N]*~[#7,#8,#15,#16])]),$([NX3H2+0,NX4H3+]c),$([OX2](c)[CX4;!$(C([OX2])[O,S,#7,#15,F,Cl,Br,I])]),$([OX2]([CX4;!$(C([OX2])[O,S,#7,#15,F,Cl,Br,I])])[CX4;!$(C([OX2])[O,S,#7,#15,F,Cl,Br,I])]),$([#7X3;$([H2]),$([H1][#6;!$(C=[O,N,S])]),$([#7]([#6;!$(C=[O,N,S])])[#6;!$(C=[O,N,S])])]-[CX3;$([R0][#6]),$([H1R0])]=[OX1]),$([OX2][CX3;$([R0][#6]),$([H1R0])](=[OX1])[#6;!$(C=[O,N,S])]),$([CX4]),$([CX3]),$([#6;R1]1:,=[#6;R1]:,-[#6;R1]:,=[#6;R1]:,-[#6;R1]:,=[#6;R1]1),$([#6;X3](=,:[#6;X3])-,:[#1,*]),$([#6;A;X3](=[#6;X3])-[#1,*]),F,Cl,Br,I])=,:[#6;R1]([H])[#6;R1]=,:1[H]	0		[H:8][#6;R1:4]=,:1[#6;R1:3]([H:11])=,:[#6;R1:2]([H:12])[#6;R1:1](-[$([#6;R1]1=,:[#6;R1][#6;R1]=,:[#6;R1][#6;R1]([OX2H1,OX1-])=,:[#6;R1]1),$([#6;R1]1=,:[#6;R1]([OX2H1,OX1-])[#6;R1]=,:[#6;R1][#6;R1]=,:[#6;R1]1),$([#6;R1]1=,:[#6;R1][#6;R1]=,:[#6;R1]([OX2H1,OX1-])[#6;R1]=,:[#6;R1]1),$([NX3H0+0,NX4H1+;$([N]([#6])([#6])[#6]);!$([N]*~[#7,#8,#15,#16])]),$([NX3H1+0,NX4H2+;$([N]([#6])[#6]);!$([N]*~[#7,#8,#15,#16])]),$([NX3H2+0,NX4H3+;!$([N][!C]);!$([N]*~[#7,#8,#15,#16])]),$([NX3H2+0,NX4H3+]c),$([OX2](c)[CX4;!$(C([OX2])[O,S,#7,#15,F,Cl,Br,I])]),$([OX2]([CX4;!$(C([OX2])[O,S,#7,#15,F,Cl,Br,I])])[CX4;!$(C([OX2])[O,S,#7,#15,F,Cl,Br,I])]),$([#7X3;$([H2]),$([H1][#6;!$(C=[O,N,S])]),$([#7]([#6;!$(C=[O,N,S])])[#6;!$(C=[O,N,S])])]-[CX3;$([R0][#6]),$([H1R0])]=[OX1]),$([OX2][CX3;$([R0][#6]),$([H1R0])](=[OX1])[#6;!$(C=[O,N,S])]),$([CX4]),$([CX3]),$([#6;R1]1:,=[#6;R1]:,-[#6;R1]:,=[#6;R1]:,-[#6;R1]:,=[#6;R1]1),$([#6;X3](=,:[#6;X3])-,:[#1,*]),$([#6;A;X3](=[#6;X3])-[#1,*]),F,Cl,Br,I:7])=,:[#6;R1:6]([H:10])[#6;R1:5]=,:1[H:9]>>[H:10][#8]-[#6;R1:6]=,:1[#6;R1:5]([H:9])=,:[#6;R1:4]([H:8])[#6;R1:3]([H:11])=,:[#6;R1:2]([H:12])[#6;R1:1]=,:1-[$([#6;R1]1=,:[#6;R1][#6;R1]=,:[#6;R1][#6;R1]([OX2H1,OX1-])=,:[#6;R1]1),$([#6;R1]1=,:[#6;R1]([OX2H1,OX1-])[#6;R1]=,:[#6;R1][#6;R1]=,:[#6;R1]1),$([#6;R1]1=,:[#6;R1][#6;R1]=,:[#6;R1]([OX2H1,OX1-])[#6;R1]=,:[#6;R1]1),$([NX3H0+0,NX4H1+;$([N]([#6])([#6])[#6]);!$([N]*~[#7,#8,#15,#16])]),$([NX3H1+0,NX4H2+;$([N]([#6])[#6]);!$([N]*~[#7,#8,#15,#16])]),$([NX3H2+0,NX4H3+;!$([N][!C]);!$([N]*~[#7,#8,#15,#16])]),$([NX3H2+0,NX4H3+]c),$([OX2](c)[CX4;!$(C([OX2])[O,S,#7,#15,F,Cl,Br,I])]),$([OX2]([CX4;!$(C([OX2])[O,S,#7,#15,F,Cl,Br,I])])[CX4;!$(C([OX2])[O,S,#7,#15,F,Cl,Br,I])]),$([#7X3;$([H2]),$([H1][#6;!$(C=[O,N,S])]),$([#7]([#6;!$(C=[O,N,S])])[#6;!$(C=[O,N,S])])]-[CX3;$([R0][#6]),$([H1R0])]=[OX1]),$([OX2][CX3;$([R0][#6]),$([H1R0])](=[OX1])[#6;!$(C=[O,N,S])]),$([CX4]),$([CX3]),$([#6;R1]1:,=[#6;R1]:,-[#6;R1]:,=[#6;R1]:,-[#6;R1]:,=[#6;R1]1),$([#6;X3](=,:[#6;X3])-,:[#1,*]),$([#6;A;X3](=[#6;X3])-[#1,*]),F,Cl,Br,I:7]
base	O_HYDROXYLATION_OF_PHENOLS	BTMR1037	O-Hydroxylation of phenol	bt:O_HYDROXYLATION_OF_PHENOLS	1	[H][#8]-[#6;R1]=,:1[#6;R1]([H])=,:[#6;R1](-[!#8])[#6;R1](-[!#8])=,:[#6;R1](-[!#8])[#6;R1]=,:1-[!#8]	0		[H][#8:7]-[#6;R1:1]=,:1[#6;R1:2]([H])=,:[#6;R1:3](-[!#8:11])[#6;R1:4](-[!#8:10])=,:[#6;R1:5](-[!#8:9])[#6;R1:6]=,:1-[!#8:8]>>[H][#8]-[#6;R1:2]1=,:[#6;R1:3](-[!#8:11])[#6;R1:4](-[!#8:10])=,:[#6;R1:5](-[!#8:9])[#6;R1:6](-[!#8:8])=,:[#6;R1:1]1-[#8:7][H]
base	PEPTIDE_ALPHA_N_ACETYLATION	BTMR0440	alpha-N-Acetylation of peptide	bt:PEPTIDE_ALPHA_N_ACETYLATION	1	[#7;A;X3;H2,H1][#6](-[$([#1,*])])-[#6](=O)-[#7]-[#6](-[$([#1,*])])-[#6](-[#8])=O	0		[H][#7;A;X3:1][#6:2](-[*,#1:3])-[#6:4](=[O:5])-[#7:6]-[#6:7](-[*,#1:8])-[#6:9](-[#8:10])=[O:11]>>[#6]-[#6](=O)[#7;A;X3:1][#6:2](-[*,#1:3])-[#6:4](=[O:5])-[#7:6]-[#6:7](-[*,#1:8])-[#6:9](-[#8:10])=[O:11]
base	PEPTIDOAMIDOGLYCOLATE_PEPTIDYLAMIDE_LIGATION	BTMR0594	Ligation of petidoamidoglycolate peptidylamide	bt:PEPTIDOAMIDOGLYCOLATE_PEPTIDYLAMIDE_LIGATION	1	[#7]-[#6](-[$([#1,*])])-[#6](=O)[#7;A;H1X3][#6](-[$([#1,*])])-[#6](=O)[#7;A;H1X3][#6]([#8;A;X2H1,X1-])-[#6]([#8;A;X2H1,X1-])=O	0		[#7:1]-[#6:2](-[*,#1:14])-[#6:3](=[O:15])[#7;A;H1X3:4][#6:5](-[*,#1:13])-[#6:6](=[O:12])[#7;A;H1X3:7][#6:8]([#8;A;X2H1,X1-:16])-[#6:9]([#8;A;X2H1,X1-:10])=[O:11]>>[#8;A;X2H1,X1-:10][#6:9](=[O:11])-[#6:8]=[#8;A;X1:16].[#7:1]-[#6:2](-[*,#1:14])-[#6:3](=[O:15])[#7;A;H1X3:4][#6:5](-[*,#1:13])-[#6:6]([#7;A;H2X3:7])=[O:12]
base	PHENOLIC_ACID_DECARBOXYLATION	BTMR1287	Decarboxylation of phenolic acid	bt:PHENOLIC_ACID_DECARBOXYLATION	1	[#8;A;H1X2][#6;R1]1=,:[#6;R1][#6;R1]=,:[#6;R1]([#6;R1]=,:[#6;R1]1-[#1,$([O][H]),$([O][C](-[H])(-[H])[H])])[#6;A;H1X3]=[#6;A;H1X3][#6]([#8;A;X1-,X2H1])=[O;X1]	0		[H:14][#6;A;X3:10](=[#6;A;H1X3:9]/[#6;R1:8]1=,:[#6;R1:1][#6;R1:2]=,:[#6;R1:4]([#8;A;H1X2:3])[#6;R1:6](-[#1,$([O][H]),$([O][C](-[H])(-[H])[H]):5])=,:[#6;R1:7]1)[#6:12]([#8;A;X1-,X2H1:13])=[O;X1:11]>>[H][#6:12]([#8;A;X1-,X2H1:13])=[O;X1:11].[H:14][#6;A;X3:10]([H])=[#6;A;H1X3:9]/[#6;R1:8]1=,:[#6;R1:1][#6;R1:2]=,:[#6;R1:4]([#8;A;H1X2:3])[#6;R1:6](-[#1,$([O][H]),$([O][C](-[H])(-[H])[H]):5])=,:[#6;R1:7]1
base	PHENOLIC_STEROID_SULFONATION	BTMR0512	3-O-Sulfation of phenolic hydroxysteroid	bt:PHENOLIC_STEROID_SULFONATION	1	[H][#8]-[#6]=,:1[#6]=,:[#6][#6]~2=,:[#6]([#6]=,:1)~[#6,#7]~[#6,#7]~[#6,#7]~1-,=[#6,#7]-,=3-,=[#6,#8,#7,#16]-,=[#6,#8,#7,#16]-,=[#6,#8,#7,#16;A]-,=[#6]-,=3-,=[#6]-,=[#6]~[#6,#7]~2~1	0		[H:1][#8:2]-[#6:3]=,:1[#6:4]=,:[#6:5][#6:6]~2=,:[#6:7]([#6:8]=,:1)~[#6,#7:9]~[#6,#7:10]~[#6,#7:11]~1-,=[#6,#7:12]-,=3-,=[#6,#8,#7,#16:13]-,=[#6,#8,#7,#16:14]-,=[#6,#8,#7,#16;A:15]-,=[#6:16]-,=3-,=[#6:17]-,=[#6:18]~[#6,#7:19]~2~1>>[H:1][#8]S(=O)(=O)[#8:2]-[#6:3]=,:1[#6:4]=,:[#6:5][#6:6]~2=,:[#6:7]([#6:8]=,:1)~[#6,#7:9]~[#6,#7:10]~[#6,#7:11]~1-,=[#6,#7:12]-,=3-,=[#6,#8,#7,#16:13]-,=[#6,#8,#7,#16:14]-,=[#6,#8,#7,#16;A:15]-,=[#6:16]-,=3-,=[#6:17]-,=[#6:18]~[#6,#7:19]~2~1
base	PHENYLACETATE_ESTER_HYDROLYSIS	BTMR0515	Ester hydrolysis of phenylacetate	bt:PHENYLACETATE_ESTER_HYDROLYSIS	1	[#6;H3X4]-[#6;R0](=[O;R0])-[#8]-[c;R1]1[c;R1][c;R1][c;R1][c;R1][c;R1]1	0		[#6;H3X4:4]-[#6;R0:2](=[O;R0:3])-[#8:1]-[c;R1:5]1[c;R1:10][c;R1:9][c;R1:8][c;R1:7][c;R1:6]1>>[H][#8]-[#6;R0:2](-[#6;H3X4:4])=[O;R0:3].[H][#8;X2:1]-[c;R1:5]1[c;R1:10][c;R1:9][c;R1:8][c;R1:7][c;R1:6]1
base	PHENYLVALEROLACTONE_FORMATION	BTMR0258	Formation of phenylvalerolactone	bt:PHENYLVALEROLACTONE_FORMATION	1	[H][#8;X2]-[#6]=,:1[#6]=,:[#6](-[#8][H])[#6](=,:[#6]([#6]=,:1)-[#8;X2][H])[C;R0]([H])([H])[C;R0]([H])([#8][H])[C;R0]([H])([H])[#6;R1]=,:1[#6;R1]=,:[#6;R1](-[#1,$([O][H]),$([O]-[C]([H])[H])])[#6;R1](-[#1,$([O][H]),$([O]-[C]([H])[H])])=,:[#6;R1](-[#1,$([O][H]),$([O]-[C]([H])[H])])[#6;R1]=,:1	0		[H:24][#8;X2:23]-[#6:22]=,:1[#6:15]=,:[#6:16](-[#8:14][H:25])[#6:17](=,:[#6:20]([#6:21]=,:1)-[#8;X2:19][H:18])[C;R0:1]([H])([H])[C;R0:3]([H])([#8:2][H])[C;R0:13]([H])([H])[#6;R1:12]=,:1[#6;R1:11]=,:[#6;R1:10](-[#1,$([O][H]),$([O]-[C]([H])[H]):9])[#6;R1:8](-[#1,$([O][H]),$([O]-[C]([H])[H]):7])=,:[#6;R1:6](-[#1,$([O][H]),$([O]-[C]([H])[H]):5])[#6;R1:4]=,:1>>[H:24][#8;X2:23]-[#6:22]=,:1[#6:15]=,:[#6:16](-[#8:14][H:25])[#6:17]([H])=,:[#6:20]([#6:21]=,:1)-[#8;X2:19][H:18].[H][C;R0:13]([H])([#6;R1:12]=,:1[#6;R1:11]=,:[#6;R1:10](-[#1,$([O][H]),$([O]-[C]([H])[H]):9])[#6;R1:8](-[#1,$([O][H]),$([O]-[C]([H])[H]):7])=,:[#6;R1:6](-[#1,$([O][H]),$([O]-[C]([H])[H]):5])[#6;R1:4]=,:1)[C;R0:3]1([H])[#8:2]-[#6](=O)-[#6][C;R0:1]1([H])[H]
base	PHOSPHATE_MONOESTER_DEPHOSPHORYLATION	BTMR0532	Dephosphorylation of phosphate monoester	bt:PHOSPHATE_MONOESTER_DEPHOSPHORYLATION	1	[#6]-[#8;X2]P([#8;A;X2H1,X1-])([#8;A;X2H1,X1-])=[O;X1]	0		[#6:1]-[#8;X2:2][P:3]([#8;A;X2H1,X1-:4])([#8;A;X2H1,X1-:5])=[O;X1:6]>>[H][#8;A;X2][#6:1].[H][#8;X2:2][P:3]([#8;A;X2H1,X1-:4])([#8;A;X2H1,X1-:5])=[O;X1:6]
base	PHOSPHATIDYLCHOLINE_1_ACYLHYDROLYSIS	BTMR0523	1-Acyl hydrolysis of phosphatidylcholine	bt:PHOSPHATIDYLCHOLINE_1_ACYLHYDROLYSIS	1	[#6;H3X4][N+]([#6;H3X4])([#6;H3X4])[#6;H2X4]-[#6;H2X4]-[#8]P([!#1!#6;O,$([O-])])(=O)[#8]-[#6;H2X4]-[#6;H1X4](-[#6;H2X4]-[#8]-[#6]([#6,#1;A])=O)-[#8]-[#6]([#6,#1;A])=O	0		[#6;H3X4:18][N+:17]([#6;H3X4:19])([#6;H3X4:20])[#6;H2X4:16]-[#6;H2X4:15]-[#8:14][P:11]([!#1!#6;O,$([O-]):12])(=[O:13])[#8:10]-[#6;H2X4:9]-[#6;H1X4:4](-[#6;H2X4:3]-[#8:2]-[#6:1]([#6,#1;A:22])=[O:21])-[#8:5]-[#6:6]([#6,#1;A:7])=[O:8]>>[H][#8]-[#6:1]([#6,#1;A:22])=[O:21].[#6;H3X4:18][N+:17]([#6;H3X4:19])([#6;H3X4:20])[#6;H2X4:16]-[#6;H2X4:15]-[#8:14][P:11]([!#1!#6;O,$([O-]):12])(=[O:13])[#8:10]-[#6;H2X4:9]-[#6;H1X4:4](-[#6;H2X4:3]-[#8;H1X2:2])-[#8:5]-[#6:6]([#6,#1;A:7])=[O:8]
base	PHOSPHATIDYLCHOLINE_2_ACYLHYDROLYSIS	BTMR0524	2-Acyl hydrolysis of phosphatidylcholine	bt:PHOSPHATIDYLCHOLINE_2_ACYLHYDROLYSIS	1	[#6;H3X4][N+]([#6;H3X4])([#6;H3X4])[#6;H2X4]-[#6;H2X4]-[#8]P([!#1!#6;O,$([O-])])(=O)[#8]-[#6;H2X4]-[#6;H1X4](-[#6;H2X4]-[#8]-[#6]([#6,#1;A])=O)-[#8]-[#6]([#6,#1;A])=O	0		[#6;H3X4:1][N+:2]([#6;H3X4:3])([#6;H3X4:4])[#6;H2X4:5]-[#6;H2X4:6]-[#8:7][P:8]([!#1!#6;O,$([O-]):9])(=[O:10])[#8:11]-[#6;H2X4:12]-[#6;H1X4:13](-[#6;H2X4:14]-[#8:15]-[#6:16]([#6,#1;A:17])=[O:18])-[#8:19]-[#6:20]([#6,#1;A:21])=[O:22]>>[H][#8]-[#6:20]([#6,#1;A:21])=[O:22].[H][#8:19]-[#6;H1X4:13](-[#6;H2X4:14]-[#8:15]-[#6:16]([#6,#1;A:17])=[O:18])-[#6;H2X4:12]-[#8:11][P:8]([!#1!#6;O,$([O-]):9])(=[O:10])[#8:7]-[#6;H2X4:6]-[#6;H2X4:5][N+:2]([#6;H3X4:1])([#6;H3X4:3])[#6;H3X4:4]
base	PHOSPHATIDYLCHOLINE_CEREBROSTEROL_O_ACYLATION	BTMR1240	Phosphatidylcholine cerebrosterol O-acylation	bt:PHOSPHATIDYLCHOLINE_CEREBROSTEROL_O_ACYLATION	1	[#6;A;H3X4][N;X4+]([#6;A;H3X4])([#6;A;H3X4])[#6;H2X4]-[#6;H2X4]-[#8;X2][P;X4]([#8;A;X1-,X2H1])(=[O;X1])[#8;X2]-[#6;H2X4]-[#6;H1X4](-[#6;H2X4]-[#8;X2]-[#6]([#6,#1;A])=[O;X1])-[#8]-[#6]([#6,#1;A])=[O;X1]	0		[#6;A;H3X4:1][N;X4+:2]([#6;A;H3X4:3])([#6;A;H3X4:4])[#6;H2X4:5]-[#6;H2X4:6]-[#8;X2:7][P;X4:8]([#8;A;X1-,X2H1:9])(=[O;X1:10])[#8;X2:11]-[#6;H2X4:12]-[#6;H1X4:13](-[#6;H2X4:14]-[#8;X2:15]-[#6:16]([#6,#1;A:17])=[O;X1:18])-[#8:19]-[#6:20]([#6,#1;A:21])=[O;X1:22]>>[H][#8:19]-[#6;H1X4:13](-[#6;H2X4:14]-[#8;X2:15]-[#6:16]([#6,#1;A:17])=[O;X1:18])-[#6;H2X4:12]-[#8;X2:11][P;X4:8]([#8;A;X1-,X2H1:9])(=[O;X1:10])[#8;X2:7]-[#6;H2X4:6]-[#6;H2X4:5][N;X4+:2]([#6;A;H3X4:1])([#6;A;H3X4:3])[#6;A;H3X4:4].[#6]-[#6](-[#6])-[#6@@H](-[#8])-[#6]-[#6]-[#6@@H](-[#6])-[#6@H]1-[#6]-[#6]-[#6@H]2-[#6@@H]-3-[#6]-[#6]=[#6]4-[#6]-[#6@H](-[#6]-[#6][C@]4([#6])[#6@H]-3-[#6]-[#6][C@]12[#6])-[#8]-[#6:20]([#6,#1;A:21])=[O;X1:22]
base	PHOSPHATIDYLCHOLINE_CHOLESTEROL_O_ACYLATION	BTMR1239	Phosphatidylcholine cholesterol O-acylation	bt:PHOSPHATIDYLCHOLINE_CHOLESTEROL_O_ACYLATION	1	[#6;A;H3X4][N;X4+]([#6;A;H3X4])([#6;A;H3X4])[#6;H2X4]-[#6;H2X4]-[#8;X2][P;X4]([#8;A;X1-,X2H1])(=[O;X1])[#8;X2]-[#6;H2X4]-[#6;H1X4](-[#6;H2X4]-[#8;X2]-[#6]([#6,#1;A])=[O;X1])-[#8]-[#6]([#6,#1;A])=[O;X1]	0		[#6;A;H3X4:1][N;X4+:2]([#6;A;H3X4:3])([#6;A;H3X4:4])[#6;H2X4:5]-[#6;H2X4:6]-[#8;X2:7][P;X4:8]([#8;A;X1-,X2H1:9])(=[O;X1:10])[#8;X2:11]-[#6;H2X4:12]-[#6;H1X4:13](-[#6;H2X4:14]-[#8;X2:15]-[#6:16]([#6,#1;A:17])=[O;X1:18])-[#8:19]-[#6:20]([#6,#1;A:21])=[O;X1:22]>>[H][#8:19]-[#6;H1X4:13](-[#6;H2X4:14]-[#8;X2:15]-[#6:16]([#6,#1;A:17])=[O;X1:18])-[#6;H2X4:12]-[#8;X2:11][P;X4:8]([#8;A;X1-,X2H1:9])(=[O;X1:10])[#8;X2:7]-[#6;H2X4:6]-[#6;H2X4:5][N;X4+:2]([#6;A;H3X4:1])([#6;A;H3X4:3])[#6;A;H3X4:4].[#6]-[#6](-[#6])-[#6]-[#6]-[#6]-[#6@@H](-[#6])-[#6@H]1-[#6]-[#6]-[#6@H]2-[#6@@H]-3-[#6]-[#6]=[#6]4-[#6]-[#6@H](-[#6]-[#6][C@]4([#6])[#6@H]-3-[#6]-[#6][C@]12[#6])-[#8]-[#6:20]([#6,#1;A:21])=[O;X1:22]
base	PHOSPHATIDYLCHOLINE_PHOSPHATIDOHYDROLYSIS	BTMR0548	Phosphate hydrolysis from phosphatidylcholine	bt:PHOSPHATIDYLCHOLINE_PHOSPHATIDOHYDROLYSIS	1	[H][#8]P(=O)([#8][#6;A;H2X4]C([H])([#8]-[#6]([#6,#1;A])=O)C([H])([H])[#8]-[#6]([#6,#1;A])=O)[#8]C([H])([H])[#6;A;H2X4][N+]([#6;A;H3X4])([#6;A;H3X4])[#6;A;H3X4]	0		[H:1][#8:2][P:3](=[O:4])([#8:14][#6;A;H2X4:15][C:16]([H:17])([#8:18]-[#6:19]([#6,#1;A:20])=[O:21])[C:22]([H:23])([H:24])[#8:25]-[#6:26]([#6,#1;A:27])=[O:28])[#8:5][C:6]([H:7])([H:8])[#6;A;H2X4:9][N+:10]([#6;A;H3X4:11])([#6;A;H3X4:12])[#6;A;H3X4:13]>>[H:7][C:6]([H:8])([H])[#6;A;H2X4:9][N+:10]([#6;A;H3X4:11])([#6;A;H3X4:12])[#6;A;H3X4:13].[H:1][#8:2][P:3](=[O:4])([#8:5][H])[#8:14][#6;A;H2X4:15][C:16]([H:17])([#8:18]-[#6:19]([#6,#1;A:20])=[O:21])[C:22]([H:23])([H:24])[#8:25]-[#6:26]([#6,#1;A:27])=[O:28]
base	PHOSPHATIDYLCHOLINE_SITOSTEROL_O_ACYLATION	BTMR1241	Phosphatidylcholine sitosterol O-acylation	bt:PHOSPHATIDYLCHOLINE_SITOSTEROL_O_ACYLATION	1	[#6;A;H3X4][N;X4+]([#6;A;H3X4])([#6;A;H3X4])[#6;H2X4]-[#6;H2X4]-[#8;X2][P;X4]([#8;A;X1-,X2H1])(=[O;X1])[#8;X2]-[#6;H2X4]-[#6;H1X4](-[#6;H2X4]-[#8;X2]-[#6]([#6,#1;A])=[O;X1])-[#8]-[#6]([#6,#1;A])=[O;X1]	0		[#6;A;H3X4:1][N;X4+:2]([#6;A;H3X4:3])([#6;A;H3X4:4])[#6;H2X4:5]-[#6;H2X4:6]-[#8;X2:7][P;X4:8]([#8;A;X1-,X2H1:9])(=[O;X1:10])[#8;X2:11]-[#6;H2X4:12]-[#6;H1X4:13](-[#6;H2X4:14]-[#8;X2:15]-[#6:16]([#6,#1;A:17])=[O;X1:18])-[#8:19]-[#6:20]([#6,#1;A:21])=[O;X1:22]>>[H][#8:19]-[#6;H1X4:13](-[#6;H2X4:14]-[#8;X2:15]-[#6:16]([#6,#1;A:17])=[O;X1:18])-[#6;H2X4:12]-[#8;X2:11][P;X4:8]([#8;A;X1-,X2H1:9])(=[O;X1:10])[#8;X2:7]-[#6;H2X4:6]-[#6;H2X4:5][N;X4+:2]([#6;A;H3X4:1])([#6;A;H3X4:3])[#6;A;H3X4:4].[#6]-[#6]-[#6@H](-[#6]-[#6]-[#6@@H](-[#6])-[#6@H]1-[#6]-[#6]-[#6@H]2-[#6@@H]-3-[#6]-[#6]=[#6]4-[#6]-[#6@H](-[#6]-[#6][C@]4([#6])[#6@H]-3-[#6]-[#6][C@]12[#6])-[#8]-[#6:20]([#6,#1;A:21])=[O;X1:22])-[#6](-[#6])-[#6]
base	PHOSPHATIDYLCHOLINE_STEROL_O_ACYLATION	BTMR0431	3-O-Sterol acylation, phosphatidylcholine-dependent	bt:PHOSPHATIDYLCHOLINE_STEROL_O_ACYLATION	2	[#8;A;H1X2][#6,#8,#7,#16]~1~[#6,#8,#7,#16]~[#6,#8,#7,#16;A;R1]~[#6,#8,#7,#16;A;R2]~2~[#6,#8,#7,#16;A](~[#6,#8,#7,#16]~[#6,#8,#7,#16;A;R1]~[#6,#8,#7,#16;A;R2]~3-,=[#6,#8,#7,#16]-,=4-,=[#6,#8,#7,#16]-,=[#6,#8,#7,#16]-,=[#6,#8,#7,#16]-,=[#6,#8,#7,#16;A;R2]-,=4-,=[#6,#8,#7,#16]-,=[#6,#8,#7,#16;A;R1]-,=[#6,#8,#7,#16]~2~3)~[#6,#8,#7,#16]~1 | [#6;A;H3X4][N+]([#6;A;H3X4])([#6;A;H3X4])[#6;A;H2X4][#6;A;H2X4][#8]P([#8])(=O)[#8][#6;A;H2X4][#6;A;H1X4]([#6;A;H2X4][#8]-[#6]([#6,#1;A])=O)[#8]-[#6]([#6,#1;A])=O	0		[H][#8;A;X2:40][#6,#8,#7,#16:32]~1~[#6,#8,#7,#16:31]~[#6,#8,#7,#16;A;R1:30]~[#6,#8,#7,#16;A;R2:29]~2~[#6,#8,#7,#16;A:34](~[#6,#8,#7,#16:35]~[#6,#8,#7,#16;A;R1:36]~[#6,#8,#7,#16;A;R2:37]~3-,=[#6,#8,#7,#16:38]-,=4-,=[#6,#8,#7,#16:39]-,=[#6,#8,#7,#16:23]-,=[#6,#8,#7,#16:24]-,=[#6,#8,#7,#16;A;R2:25]-,=4-,=[#6,#8,#7,#16:26]-,=[#6,#8,#7,#16;A;R1:27]-,=[#6,#8,#7,#16:28]~2~3)~[#6,#8,#7,#16:33]~1.[#6;A;H3X4:1][N+:2]([#6;A;H3X4:3])([#6;A;H3X4:4])[#6;A;H2X4:5][#6;A;H2X4:6][#8:7][P:8]([#8:9])(=[O:10])[#8:11][#6;A;H2X4:12][#6;A;H1X4:13]([#6;A;H2X4:14][#8:15]-[#6:16]([#6,#1;A:17])=[O:18])[#8:19]-[#6:20]([#6,#1;A:21])=[O:22]>>[#6;A;H3X4:1][N+:2]([#6;A;H3X4:3])([#6;A;H3X4:4])[#6;A;H2X4:5][#6;A;H2X4:6][#8:7][P:8]([#8:9])(=[O:10])[#8:11][#6;A;H2X4:12][#6;A;H1X4:13]([#8:19])[#6;A;H2X4:14][#8:15]-[#6:16]([#6,#1;A:17])=[O:18].[#6,#1;A:21][#6:20](=[O:22])[#8;A;H1X2:40][#6,#8,#7,#16:32]~1~[#6,#8,#7,#16:31]~[#6,#8,#7,#16;A;R1:30]~[#6,#8,#7,#16;A;R2:29]~2~[#6,#8,#7,#16;A:34](~[#6,#8,#7,#16:35]~[#6,#8,#7,#16;A;R1:36]~[#6,#8,#7,#16;A;R2:37]~3-,=[#6,#8,#7,#16:38]-,=4-,=[#6,#8,#7,#16:39]-,=[#6,#8,#7,#16:23]-,=[#6,#8,#7,#16:24]-,=[#6,#8,#7,#16;A;R2:25]-,=4-,=[#6,#8,#7,#16:26]-,=[#6,#8,#7,#16;A;R1:27]-,=[#6,#8,#7,#16:28]~2~3)~[#6,#8,#7,#16:33]~1
base	PHOSPHATIDYLETHANOLAMINE_2_ACYLHYDROLYSIS	BTMR0517	2-Acyl hydrolysis of phosphatidylethanolamine	bt:PHOSPHATIDYLETHANOLAMINE_2_ACYLHYDROLYSIS	1	[#7;A;H2X3][#6;H2X4]-[#6;H2X4]-[#8]P([!#1!#6;O,$([O-])])(=O)[#8]-[#6;H2X4]-[#6;H1X4](-[#6;H2X4]-[#8]-[#6]([#6,#1;A])=O)-[#8]-[#6]([#6,#1;A])=O	0		[#7;A;H2X3:1][#6;H2X4:2]-[#6;H2X4:3]-[#8:4][P:5]([!#1!#6;O,$([O-]):6])(=[O:7])[#8:8]-[#6;H2X4:9]-[#6;H1X4:10](-[#6;H2X4:11]-[#8;X2:12]-[#6:13]([#6,#1;A:14])=[O:15])-[#8;X2:16]-[#6:17]([#6,#1;A:18])=[O:19]>>[H][#8]-[#6:17]([#6,#1;A:18])=[O:19].[H][#8;X2:16]-[#6;H1X4:10](-[#6;H2X4:11]-[#8;X2:12]-[#6:13]([#6,#1;A:14])=[O:15])-[#6;H2X4:9]-[#8:8][P:5]([!#1!#6;O,$([O-]):6])(=[O:7])[#8:4]-[#6;H2X4:3]-[#6;H2X4:2][#7;A;H2X3:1]
base	PHOSPHATIDYLETHANOLAMINE_N_METHYLATION	BTMR0416	N-Methylation of phosphatidylethanolamine	bt:PHOSPHATIDYLETHANOLAMINE_N_METHYLATION	1	[#7;H2X3R0]-[#6;H2X4R0]-[#6;H2X4R0]-[#8;R0]P([!#1!#6;O,$([O-])])(=O)[#8;R0]-[#6;H2X4R0][#6;A;H1X4]([#6;H2X4R0]-[#8;R0]-[#6;R0]([#6,#1;A])=[O;R0])[#8;R0]-[#6;R0]([#6,#1;A])=[O;R0]	0		[H:21][#7;X3R0:1]([H:20])-[#6;H2X4R0:2]-[#6;H2X4R0:3]-[#8;R0:4][P:5]([!#1!#6;O,$([O-]):6])(=[O:7])[#8;R0:8]-[#6;H2X4R0:9][#6;A;H1X4:10]([#6;H2X4R0:11]-[#8;R0:12]-[#6;R0:13]([#6,#1;A:14])=[O;R0:15])[#8;R0:16]-[#6;R0:17]([#6,#1;A:18])=[O;R0:19]>>[H][H:21].[H:20][#7;X3R0:1](-[#6])-[#6;H2X4R0:2]-[#6;H2X4R0:3]-[#8;R0:4][P:5]([!#1!#6;O,$([O-]):6])(=[O:7])[#8;R0:8]-[#6;H2X4R0:9][#6;A;H1X4:10]([#6;H2X4R0:11]-[#8;R0:12]-[#6;R0:13]([#6,#1;A:14])=[O;R0:15])[#8;R0:16]-[#6;R0:17]([#6,#1;A:18])=[O;R0:19]
base	PHOSPHATIDYLGLYCEROPHOSPHATE_DEPHOSPHORYLATION	BTMR0538	Dephosphorylation of phosphatidylglycerophosphate	bt:PHOSPHATIDYLGLYCEROPHOSPHATE_DEPHOSPHORYLATION	1	[#8;H1X2]-[#6;H1X4](-[#6;H2X4]-[#8;X2]P([#8;A;X2H1,X1-])([#8;A;X2H1,X1-])=O)-[#6;H2X4]-[#8]P([#8;A;X2H1,X1-])(=O)[#8]-[#6;H2X4]-[#6;H1X4](-[#6;H2X4]-[#8;X2]-[#6]([#6,#1;A])=O)-[#8]-[#6]([#6,#1;A])=O	0		[#8;H1X2:1]-[#6;H1X4:2](-[#6;H2X4:3]-[#8;X2:4]P([#8;A;X2H1,X1-])([#8;A;X2H1,X1-])=O)-[#6;H2X4:5]-[#8:6][P:7]([#8;A;X2H1,X1-:8])(=[O:9])[#8:10]-[#6;H2X4:11]-[#6;H1X4:12](-[#6;H2X4:13]-[#8;X2:14]-[#6:15]([#6,#1;A:16])=[O:17])-[#8:18]-[#6:19]([#6,#1;A:20])=[O:21]>>[#8;X2:4]-[#6;H2X4:3]-[#6;H1X4:2](-[#8;H1X2:1])-[#6;H2X4:5]-[#8:6][P:7]([#8;A;X2H1,X1-:8])(=[O:9])[#8:10]-[#6;H2X4:11]-[#6;H1X4:12](-[#6;H2X4:13]-[#8;X2:14]-[#6:15]([#6,#1;A:16])=[O:17])-[#8:18]-[#6:19]([#6,#1;A:20])=[O:21]
base	PHOSPHATIDYLINOSITOL_345_TRISPHOSPHATE_DEPHOSPHORYLATION_3	BTMR0543	3-Dephosphorylation of phosphatidylinositol-3,4,5-trisphosphate	bt:PHOSPHATIDYLINOSITOL_345_TRISPHOSPHATE_DEPHOSPHORYLATION_3	1	[#8]-[#6@H]-1-[#6@@H](-[#8]P([#8;X2H1,X1-])(=O)[#8]-[#6;H2X4]-[#6;H1X4](-[#6;H2X4]-[#8]-[#6]([#6,#1;A])=O)-[#8]-[#6]([#6,#1;A])=O)-[#6@H](-[#8])-[#6@@H](-[#8]P([#8;X2H1,X1-])([#8;X2H1,X1-])=O)-[#6@H](-[#8]P([#8;X2H1,X1-])([#8;X2H1,X1-])=O)-[#6@H]-1-[#8]P([#8;X2H1,X1-])([#8;X2H1,X1-])=O	0		[#8:1]-[#6@H:2]-1-[#6@@H:3](-[#8:4][P:5]([#8;X2H1,X1-:6])(=[O:7])[#8:8]-[#6;H2X4:9]-[#6;H1X4:10](-[#6;H2X4:11]-[#8:12]-[#6:13]([#6,#1;A:14])=[O:15])-[#8:16]-[#6:17]([#6,#1;A:18])=[O:19])-[#6@H:20](-[#8:21])-[#6@@H:22](-[#8:23][P:24]([#8;X2H1,X1-:25])([#8;X2H1,X1-:26])=[O:27])-[#6@H:28](-[#8:29][P:30]([#8;X2H1,X1-:31])([#8;X2H1,X1-:32])=[O:33])-[#6@H:34]-1-[#8:35]P([#8;X2H1,X1-])([#8;X2H1,X1-])=O>>[#8:1]-[#6@@H:2]-1-[#6@H:34](-[#8:35])-[#6@@H:28](-[#8:29][P:30]([#8;X2H1,X1-:31])([#8;X2H1,X1-:32])=[O:33])-[#6@H:22](-[#8:23][P:24]([#8;X2H1,X1-:25])([#8;X2H1,X1-:26])=[O:27])-[#6@@H:20](-[#8:21])-[#6@@H:3]-1-[#8:4][P:5]([#8;X2H1,X1-:6])(=[O:7])[#8:8]-[#6;H2X4:9]-[#6;H1X4:10](-[#6;H2X4:11]-[#8:12]-[#6:13]([#6,#1;A:14])=[O:15])-[#8:16]-[#6:17]([#6,#1;A:18])=[O:19]
base	PHOSPHATIDYLINOSITOL_345_TRISPHOSPHATE_DEPHOSPHORYLATION_5	BTMR0546	5-Dephosphorylation of phosphatidylinositol-3,4,5-trisphosphate	bt:PHOSPHATIDYLINOSITOL_345_TRISPHOSPHATE_DEPHOSPHORYLATION_5	1	[#8]-[#6@H]-1-[#6@H](-[#8]P([#8;X2H1,X1-])([#8;X2H1,X1-])=O)-[#6@@H](-[#8]P([#8;X2H1,X1-])([#8;X2H1,X1-])=O)-[#6@@H](-[#8])-[#6@@H](-[#8]P([#8;X2H1,X1-])(=O)[#8]-[#6;H2X4]-[#6;H1X4](-[#6;H2X4]-[#8]-[#6]([#6,#1;A])=O)-[#8]-[#6]([#6,#1;A])=O)-[#6@@H]-1-[#8]P([#8;X2H1,X1-])([#8;X2H1,X1-])=O	0		[#8:1]-[#6@H:2]-1-[#6@@H:3](-[#8:4][P:5]([#8;X2H1,X1-:6])(=[O:7])[#8:8]-[#6;H2X4:9]-[#6;H1X4:10](-[#6;H2X4:11]-[#8:12]-[#6:13]([#6,#1;A:14])=[O:15])-[#8:16]-[#6:17]([#6,#1;A:18])=[O:19])-[#6@H:20](-[#8:21])-[#6@@H:22](-[#8:23][P:24]([#8;X2H1,X1-:25])([#8;X2H1,X1-:26])=[O:27])-[#6@H:28](-[#8:29][P:30]([#8;X2H1,X1-:31])([#8;X2H1,X1-:32])=[O:33])-[#6@H:34]-1-[#8:35][P:36]([#8;X2H1,X1-:37])([#8;X2H1,X1-:38])=[O:39]>>[#8;X2H1,X1-:25][P:24]([#8;X2H1,X1-:26])([#8])=[O:27].[#8:21]-[#6@@H:20]-1-[#6@@H:22](-[#8:23])-[#6@H:28](-[#8:29][P:30]([#8;X2H1,X1-:31])([#8;X2H1,X1-:32])=[O:33])-[#6@@H:34](-[#8:35][P:36]([#8;X2H1,X1-:37])([#8;X2H1,X1-:38])=[O:39])-[#6@@H:2](-[#8:1])-[#6@H:3]-1-[#8:4][P:5]([#8;X2H1,X1-:6])(=[O:7])[#8:8]-[#6;H2X4:9]-[#6;H1X4:10](-[#6;H2X4:11]-[#8:12]-[#6:13]([#6,#1;A:14])=[O:15])-[#8:16]-[#6:17]([#6,#1;A:18])=[O:19]
base	PHOSPHATIDYLINOSITOL_34_BISPHOSPHATE_DEPHOSPHORYLATION_4	BTMR0542	4-Dephosphorylation of phosphatidylinositol-3,4-bisphosphate	bt:PHOSPHATIDYLINOSITOL_34_BISPHOSPHATE_DEPHOSPHORYLATION_4	1	[#8]-[#6@@H]-1-[#6@@H](-[#8])-[#6@H](-[#8]P([#8;X2H1,X1-])([#8;X2H1,X1-])=O)-[#6@@H](-[#8]P([#8;X2H1,X1-])([#8;X2H1,X1-])=O)-[#6@@H](-[#8])-[#6@H]-1-[#8]P([#8;X2H1,X1-])(=O)[#8]-[#6;H2X4]-[#6;H1X4](-[#6;H2X4]-[#8]-[#6]([#6,#1;A])=O)-[#8]-[#6]([#6,#1;A])=O	0		[#8:31]-[#6@@H:30]-1-[#6@@H:29](-[#8:28])-[#6@H:27](-[#8:26]P([#8;X2H1,X1-])([#8;X2H1,X1-])=O)-[#6@@H:25](-[#8:24][P:23]([#8;X2H1,X1-:21])([#8;X2H1,X1-:22])=[O:20])-[#6@@H:19](-[#8:18])-[#6@H:17]-1-[#8:16][P:15]([#8;X2H1,X1-:14])(=[O:13])[#8:12]-[#6;H2X4:11]-[#6;H1X4:10](-[#6;H2X4:9]-[#8:8]-[#6:7]([#6,#1;A:6])=[O:5])-[#8:4]-[#6:3]([#6,#1;A:2])=[O:1]>>[#8:28]-[#6@H:29]-1-[#6@H:27](-[#8:26])-[#6@@H:25](-[#8:24][P:23]([#8;X2H1,X1-:21])([#8;X2H1,X1-:22])=[O:20])-[#6@@H:19](-[#8:18])-[#6@@H:17](-[#8:16][P:15]([#8;X2H1,X1-:14])(=[O:13])[#8:12]-[#6;H2X4:11]-[#6;H1X4:10](-[#6;H2X4:9]-[#8:8]-[#6:7]([#6,#1;A:6])=[O:5])-[#8:4]-[#6:3]([#6,#1;A:2])=[O:1])-[#6@@H:30]-1-[#8:31]
base	PHOSPHATIDYLINOSITOL_35_BISPHOSPHATE_DEPHOSPHORYLATION_3	BTMR0547	3-Dephosphorylation of phosphatidylinositol-3,5-bisphosphate	bt:PHOSPHATIDYLINOSITOL_35_BISPHOSPHATE_DEPHOSPHORYLATION_3	1	[H][C@]1([#8]P([#8])([#8])=O)[#6@H]([#8;A;X2H1,X1-])[C@@]([H])([#8]P([#8;X2H1,X1-])([#8;X2H1,X1-])=O)[#6@@H](-[#8])[C@@]([H])([#8]P([#8;X2H1,X1-])(=O)[#8]-[#6;H2X4]-[#6;H1X4](-[#6;H2X4]-[#8]-[#6]([#6,#1;A])=O)-[#8]-[#6]([#6,#1;A])=O)[#6@@H]1[#8;A;X2H1,X1-]	0		[H:1][C@:2]1([#8:3][P:4]([#8:5])([#8:6])=[O:7])[#6@H:8]([#8;A;X2H1,X1-:9])[C@@:10]([H:11])([#8:12]P([#8;X2H1,X1-])([#8;X2H1,X1-])=O)[#6@@H:13](-[#8:14])[C@@:15]([H:16])([#8:17][P:18]([#8;X2H1,X1-:19])(=[O:20])[#8:21]-[#6;H2X4:22]-[#6;H1X4:23](-[#6;H2X4:24]-[#8:25]-[#6:26]([#6,#1;A:27])=[O:28])-[#8:29]-[#6:30]([#6,#1;A:31])=[O:32])[#6@@H:33]1[#8;A;X2H1,X1-:34]>>[H:11][C@@:10]1([#8:12])[#6@@H:8]([#8;A;X2H1,X1-:9])[C@:2]([H:1])([#8:3][P:4]([#8:5])([#8:6])=[O:7])[#6@@H:33]([#8;A;X2H1,X1-:34])[C@:15]([H:16])([#8:17][P:18]([#8;X2H1,X1-:19])(=[O:20])[#8:21]-[#6;H2X4:22]-[#6;H1X4:23](-[#6;H2X4:24]-[#8:25]-[#6:26]([#6,#1;A:27])=[O:28])-[#8:29]-[#6:30]([#6,#1;A:31])=[O:32])[#6@@H:13]1-[#8:14]
base	PHOSPHATIDYLINOSITOL_3_PHOSPHATE_DEPHOSPHORYLATION	BTMR0541	Dephosphorylation of phosphatidylinositol-3-phosphate	bt:PHOSPHATIDYLINOSITOL_3_PHOSPHATE_DEPHOSPHORYLATION	1	[#8]-[#6@H]-1-[#6@H](-[#8])-[#6@@H](-[#8]P([#8;X2H1,X1-])([#8;X2H1,X1-])=O)-[#6@@H](-[#8])-[#6@@H](-[#8]P([#8;X2H1,X1-])(=O)[#8]-[#6;H2X4]-[#6;H1X4](-[#6;H2X4]-[#8]-[#6]([#6,#1;A])=O)-[#8]-[#6]([#6,#1;A])=O)-[#6@@H]-1-[#8]	0		[#8:27]-[#6@H:26]-1-[#6@H:25](-[#8:24])-[#6@@H:23](-[#8:22]P([#8;X2H1,X1-])([#8;X2H1,X1-])=O)-[#6@@H:21](-[#8:20])-[#6@@H:19](-[#8:18][P:17]([#8;X2H1,X1-:16])(=[O:15])[#8:14]-[#6;H2X4:13]-[#6;H1X4:12](-[#6;H2X4:11]-[#8:10]-[#6:9]([#6,#1;A:8])=[O:7])-[#8:6]-[#6:5]([#6,#1;A:4])=[O:3])-[#6@@H:2]-1-[#8:1]>>[#8:24]-[#6@H:25]-1-[#6@H:26](-[#8:27])-[#6@@H:2](-[#8:1])-[#6@H:19](-[#8:18][P:17]([#8;X2H1,X1-:16])(=[O:15])[#8:14]-[#6;H2X4:13]-[#6;H1X4:12](-[#6;H2X4:11]-[#8:10]-[#6:9]([#6,#1;A:8])=[O:7])-[#8:6]-[#6:5]([#6,#1;A:4])=[O:3])-[#6@H:21](-[#8:20])-[#6@@H:23]-1-[#8:22]
base	PHOSPHATIDYLINOSITOL_45_BISPHOSPHATE_CLEAVAGE	BTMR0549	Cleavage of phosphatidylinositol-4,5-bisphosphate	bt:PHOSPHATIDYLINOSITOL_45_BISPHOSPHATE_CLEAVAGE	1	[#8;A;X2H1,X1-][#6@@H;R1]-1-[#6@H;R1]([#8;A;X2H1,X1-])-[#6@@H;R1](-[#8]P([#8;A;X2H1,X1-])([#8;A;X2H1,X1-])=O)-[#6@H;R1](-[#8]P([#8;A;X2H1,X1-])([#8;A;X2H1,X1-])=O)-[#6@@H;R1]([#8;A;X2H1,X1-])-[#6@@H;R1]-1-[#8]P([#8;A;X2H1,X1-])(=O)[#8][#6;A;H2X4][#6;A;H1X4]([#6;A;H2X4][#8]-[#6]([#6,#1;A])=O)[#8]-[#6]([#6,#1;A])=O	0		[#8;A;X2H1,X1-:1][#6@@H;R1:2]-1-[#6@H;R1:3]([#8;A;X2H1,X1-:4])-[#6@@H;R1:5](-[#8:6][P:7]([#8;A;X2H1,X1-:8])([#8;A;X2H1,X1-:9])=[O:10])-[#6@H;R1:11](-[#8:12][P:13]([#8;A;X2H1,X1-:14])([#8;A;X2H1,X1-:15])=[O:16])-[#6@@H;R1:17]([#8;A;X2H1,X1-:18])-[#6@@H;R1:19]-1-[#8:20][P:21]([#8;A;X2H1,X1-:22])(=[O:23])[#8:24][#6;A;H2X4:25][#6;A;H1X4:26]([#6;A;H2X4:27][#8:28]-[#6:29]([#6,#1;A:30])=[O:31])[#8:32]-[#6:33]([#6,#1;A:34])=[O:35]>>[#8;A;X2H1,X1-:22][P:21]([#8])(=[O:23])[#8:24][#6;A;H2X4:25][#6;A;H1X4:26]([#6;A;H2X4:27][#8:28]-[#6:29]([#6,#1;A:30])=[O:31])[#8:32]-[#6:33]([#6,#1;A:34])=[O:35].[#8;A;X2H1,X1-:1][#6@H;R1:2]-1-[#6@@H;R1:19](-[#8:20])-[#6@H;R1:17]([#8;A;X2H1,X1-:18])-[#6@@H;R1:11](-[#8:12][P:13]([#8;A;X2H1,X1-:14])([#8;A;X2H1,X1-:15])=[O:16])-[#6@H;R1:5](-[#8:6][P:7]([#8;A;X2H1,X1-:8])([#8;A;X2H1,X1-:9])=[O:10])-[#6@H;R1:3]-1[#8;A;X2H1,X1-:4]
base	PHOSPHATIDYLINOSITOL_45_BISPHOSPHATE_DEPHOSPHORYLATION_4	BTMR0544	4-Dephosphorylation of phosphatidylinositol-4,5-bisphosphate	bt:PHOSPHATIDYLINOSITOL_45_BISPHOSPHATE_DEPHOSPHORYLATION_4	1	[#8;A;X2H1,X1-][#6@@H]-1-[#6@H]([#8;A;X2H1,X1-])-[#6@@H](-[#8]P([#8;X2H1,X1-])([#8;X2H1,X1-])=O)-[#6@H](-[#8]P([#8;X2H1,X1-])([#8;X2H1,X1-])=O)-[#6@@H]([#8;A;X2H1,X1-])-[#6@@H]-1-[#8]P([#8;X2H1,X1-])(=O)[#8]-[#6;H2X4]-[#6;H1X4](-[#6;H2X4]-[#8]-[#6]([#6,#1;A])=O)-[#8]-[#6]([#6,#1;A])=O	0		[#8;A;X2H1,X1-:1][#6@@H:2]-1-[#6@H:34]([#8;A;X2H1,X1-:35])-[#6@@H:28](-[#8:29][P:30]([#8;X2H1,X1-:31])([#8;X2H1,X1-:32])=[O:33])-[#6@H:22](-[#8:23][P:24]([#8;X2H1,X1-:25])([#8;X2H1,X1-:26])=[O:27])-[#6@@H:20]([#8;A;X2H1,X1-:21])-[#6@@H:3]-1-[#8:4][P:5]([#8;X2H1,X1-:6])(=[O:7])[#8:8]-[#6;H2X4:9]-[#6;H1X4:10](-[#6;H2X4:11]-[#8:12]-[#6:13]([#6,#1;A:14])=[O:15])-[#8:16]-[#6:17]([#6,#1;A:18])=[O:19]>>[#8;X2H1,X1-:31][P:30]([#8;X2H1,X1-:32])([#8])=[O:33].[#8;A;X2H1,X1-:35][#6@@H:34]-1-[#6@@H:28](-[#8:29])-[#6@H:22](-[#8:23][P:24]([#8;X2H1,X1-:25])([#8;X2H1,X1-:26])=[O:27])-[#6@@H:20]([#8;A;X2H1,X1-:21])-[#6@H:3](-[#8:4][P:5]([#8;X2H1,X1-:6])(=[O:7])[#8:8]-[#6;H2X4:9]-[#6;H1X4:10](-[#6;H2X4:11]-[#8:12]-[#6:13]([#6,#1;A:14])=[O:15])-[#8:16]-[#6:17]([#6,#1;A:18])=[O:19])-[#6@@H:2]-1[#8;A;X2H1,X1-:1]
base	PHOSPHATIDYLINOSITOL_45_BISPHOSPHATE_DEPHOSPHORYLATION_5	BTMR0540	4-Dephosphorylation of phosphatidylinositol-4,5-bisphosphate 	bt:PHOSPHATIDYLINOSITOL_45_BISPHOSPHATE_DEPHOSPHORYLATION_5	1	[#8;A;X2H1,X1-][#6@@H]-1-[#6@H]([#8;A;X2H1,X1-])-[#6@@H](-[#8]P([#8;X2H1,X1-])([#8;X2H1,X1-])=O)-[#6@H](-[#8]P([#8;X2H1,X1-])([#8;X2H1,X1-])=O)-[#6@@H]([#8;A;X2H1,X1-])-[#6@@H]-1-[#8]P([#8;X2H1,X1-])(=O)[#8]-[#6;H2X4]-[#6;H1X4](-[#6;H2X4]-[#8]-[#6]([#6,#1;A])=O)-[#8]-[#6]([#6,#1;A])=O	0		[#8;A;X2H1,X1-:1][#6@@H:2]-1-[#6@H:3]([#8;A;X2H1,X1-:4])-[#6@@H:5](-[#8:6][P:7]([#8;X2H1,X1-:8])([#8;X2H1,X1-:9])=[O:10])-[#6@H:11](-[#8:12]P([#8;X2H1,X1-])([#8;X2H1,X1-])=O)-[#6@@H:13]([#8;A;X2H1,X1-:14])-[#6@@H:15]-1-[#8:16][P:17]([#8;X2H1,X1-:18])(=[O:19])[#8:20]-[#6;H2X4:21]-[#6;H1X4:22](-[#6;H2X4:23]-[#8:24]-[#6:25]([#6,#1;A:26])=[O:27])-[#8:28]-[#6:29]([#6,#1;A:30])=[O:31]>>[#8;A;X2H1,X1-:4][#6@H:3]-1-[#6@@H:2]([#8;A;X2H1,X1-:1])-[#6@@H:15](-[#8:16][P:17]([#8;X2H1,X1-:18])(=[O:19])[#8:20]-[#6;H2X4:21]-[#6;H1X4:22](-[#6;H2X4:23]-[#8:24]-[#6:25]([#6,#1;A:26])=[O:27])-[#8:28]-[#6:29]([#6,#1;A:30])=[O:31])-[#6@H:13]([#8;A;X2H1,X1-:14])-[#6@@H:11](-[#8:12])-[#6@@H:5]-1-[#8:6][P:7]([#8;X2H1,X1-:8])([#8;X2H1,X1-:9])=[O:10]
base	PHOSPHATIDYLINOSITOL_N_ACETYLGLUCOSAMINYLATION	BTMR0467	N-Acetylglucosaminylation of phosphatidylinositol	bt:PHOSPHATIDYLINOSITOL_N_ACETYLGLUCOSAMINYLATION	1	[#8][#6;A;H1X4]1[#6;A;H1X4]([#8])[#6;A;H1X4]([#8])[#6;A;H1X4]([#8]P([#8;X2H1,X1-])(=O)[#8]-[#6;H2X4]-[#6;H1X4](-[#6;H2X4]-[#8]-[#6]([#6,#1;A])=O)-[#8]-[#6]([#6,#1;A])=O)[#6;A;H1X4]([#8])[#6;A;H1X4]1[#8]	0		[H:30][#8:1][#6;A;H1X4:2]1[#6;A;H1X4:3]([#8:4][H:31])[#6;A;H1X4:5]([#8:6][H:32])[#6;A;H1X4:7]([#8:8][P:9]([#8;X2H1,X1-:10])(=[O:11])[#8:12]-[#6;H2X4:13]-[#6;H1X4:14](-[#6;H2X4:15]-[#8:16]-[#6:17]([#6,#1;A:18])=[O:19])-[#8:20]-[#6:21]([#6,#1;A:22])=[O:23])[#6;A;H1X4:24]([#8:25][H:28])[#6;A;H1X4:26]1[#8:27][H:29]>>[H:28][#8]-[#6]-[#6]-1-[#8]-[#6](-[#8:25][#6;A;H1X4:24]2[#6;A;H1X4:26]([#8:27][H:29])[#6;A;H1X4:2]([#8:1][H:30])[#6;A;H1X4:3]([#8:4][H:31])[#6;A;H1X4:5]([#8:6][H:32])[#6;A;H1X4:7]2[#8:8][P:9]([#8;X2H1,X1-:10])(=[O:11])[#8:12]-[#6;H2X4:13]-[#6;H1X4:14](-[#6;H2X4:15]-[#8:16]-[#6:17]([#6,#1;A:18])=[O:19])-[#8:20]-[#6:21]([#6,#1;A:22])=[O:23])-[#6](-[#7])-[#6](-[#8])-[#6]-1-[#8]
base	PHOSPHATIDYLSERINE_DECARBOXYLATION	BTMR0591	Decarboxylation of phosphatidylserine	bt:PHOSPHATIDYLSERINE_DECARBOXYLATION	1	[#7;A;H2X3][#6;A;H1X4]([#6;A;H2X4][#8;X2][P;X4]([#8;A;X2H1,X1-])(=[O;X1])[#8;X2][#6;A;H2X4][#6;A;H1X4]([#6;A;H2X4][#8]-[#6]([#6,#1;A])=O)[#8]-[#6]([#6,#1;A])=O)[#6]([#8;A;X2H1,X1-])=O	0		[H][#8:1]-[#6:2](=[O:3])[C:4]([H:5])([#7;A;H2X3:6])[C:7]([H:9])([H:8])[#8:10][P:11](=[O:12])([#8:13][H:14])[#8:15][#6;A;H2X4:16][#6;A;H1X4:17]([#6;A;H2X4:22][#8:23]-[#6:24]([#6,#1;A:25])=[O:26])[#8:18]-[#6:19]([#6,#1;A:20])=[O:21]>>[O:3]=[C:2]=[O:1].[H:14][#8:13][P:11](=[O:12])([#8:15][#6;A;H2X4:16][#6;A;H1X4:17]([#6;A;H2X4:22][#8:23]-[#6:24]([#6,#1;A:25])=[O:26])[#8:18]-[#6:19]([#6,#1;A:20])=[O:21])[#8:10][C:7]([H:9])([H:8])[C:4]([H])([H:5])[#7;A;H2X3:6]
base	PHOSPHATIDYLSERINE_SYNTHESIS_FROM_PHOSPHATIDYLCHOLINE	BTMR1236	Synthesis of phosphatidylserine from phosphatidylcholine	bt:PHOSPHATIDYLSERINE_SYNTHESIS_FROM_PHOSPHATIDYLCHOLINE	1	[#6;A;H3X4][N;X4+]([#6;A;H3X4])([#6;A;H3X4])[#6;H2X4]-[#6;H2X4]-[#8;X2][P;X4]([#8;A;X1-,X2H1])(=[O;X1])[#8;X2]-[#6;H2X4]-[#6;H1X4](-[#6;H2X4]-[#8;X2]-[#6]([#6,#1;A])=[O;X1])-[#8]-[#6]([#6,#1;A])=[O;X1]	0		[H:23][C;X4:3]([H:24])([#6;H2X4:2][N;X4+:1]([#6;A;H3X4:20])([#6;A;H3X4:21])[#6;A;H3X4:22])[#8;X2:4][P;X4:5]([#8;A;X1-,X2H1:6])(=[O;X1:7])[#8;X2:8]-[#6;H2X4:9]-[#6;H1X4:10](-[#6;H2X4:11]-[#8;X2:12]-[#6:13]([#6,#1;A:14])=[O;X1:15])-[#8:16]-[#6:17]([#6,#1;A:18])=[O;X1:19]>>[H][#8][C;X4:3]([H:23])([H:24])[#6;H2X4:2][N;X4+:1]([#6;A;H3X4:20])([#6;A;H3X4:21])[#6;A;H3X4:22].[H][#8]-[#6](=O)-[#6](-[#6]-[#8;X2:4][P;X4:5]([#8;A;X1-,X2H1:6])(=[O;X1:7])[#8;X2:8]-[#6;H2X4:9]-[#6;H1X4:10](-[#6;H2X4:11]-[#8;X2:12]-[#6:13]([#6,#1;A:14])=[O;X1:15])-[#8:16]-[#6:17]([#6,#1;A:18])=[O;X1:19])-[#7]([H])[H]
base	PHOSPHATIDYLSERINE_SYNTHESIS_FROM_PHOSPHATIDYLETHANOLAMINE	BTMR0498	Synthesis of phosphatidylserine from phosphatidylethanolamine	bt:PHOSPHATIDYLSERINE_SYNTHESIS_FROM_PHOSPHATIDYLETHANOLAMINE	1	[#7;H2X3]-[#6;H2X4]-[#6;H2X4]-[#8;X2]P([#8])(=O)[#8]-[#6;H2X4]-[#6;X4](-[#6;H2X4]-[#8;X2]-[#6]([#6,#1;A])=[O;X1])-[#8]-[#6]([#6,#1;A])=[O;X1]	0		[#7;H2X3:1]-[#6;H2X4:2]-[#6;H2X4:3]-[#8;X2:4][P:5]([#8:6])(=[O:7])[#8:8]-[#6;H2X4:9]-[#6;X4:10](-[#6;H2X4:11]-[#8;X2:12]-[#6:13]([#6,#1;A:14])=[O;X1:15])-[#8:16]-[#6:17]([#6,#1;A:18])=[O;X1:19]>>[#7;H2X3:1]-[#6;H2X4:2]-[#6;X4:3]-[#8;H1X2].[#7;H2X3]-[#6@@H;X4](-[#6;H2X4]-[#8;X2:4][P:5]([#8:6])(=[O:7])[#8:8]-[#6;H2X4:9]-[#6;H1X4:10](-[#6;H2X4:11]-[#8;X2:12]-[#6:13]([#6,#1;A:14])=[O;X1:15])-[#8:16]-[#6:17]([#6,#1;A:18])=[O;X1:19])-[#6;X3](-[#8])=O
base	PHOSPHATIDYL_N_DIMETHYLETHANOLAMINE_N_METHYLATION	BTMR0419	N-Methylation of phosphatidyl-N-dimethylethanolamine	bt:PHOSPHATIDYL_N_DIMETHYLETHANOLAMINE_N_METHYLATION	1	[#6;A;H3X4][#7;A;X3]([#6;A;H3X4])[#6;A;H2X4R0][#6;A;H2X4R0][#8]P([#8;A;X1-,X2H1])(=O)[#8][#6;A;H2X4][#6;A;H1X4]([#6;A;H2X4][#8]-[#6]([#6,#1;A])=O)[#8]-[#6]([#6,#1;A])=O	0		[#6;A;H3X4:1][#7;A;X3:2]([#6;A;H3X4:3])[#6;A;H2X4R0:4][#6;A;H2X4R0:5][#8:6][P:7]([#8;A;X1-,X2H1:8])(=[O:9])[#8:10][#6;A;H2X4:11][#6;A;H1X4:12]([#6;A;H2X4:13][#8:14]-[#6:15]([#6,#1;A:16])=[O:17])[#8:18]-[#6:19]([#6,#1;A:20])=[O:21]>>[#6;A;H3X4:1][#7;A;X4+:2]([#6;A;H3X4:3])([#6])[#6;A;H2X4R0:4][#6;A;H2X4R0:5][#8:6][P:7]([#8;A;X1-,X2H1:8])(=[O:9])[#8:10][#6;A;H2X4:11][#6;A;H1X4:12]([#6;A;H2X4:13][#8:14]-[#6:15]([#6,#1;A:16])=[O:17])[#8:18]-[#6:19]([#6,#1;A:20])=[O:21]
base	PHOSPHATIDYL_N_MONOMETHYLETHANOLAMINE_N_METHYLATION	BTMR0418	N-Methylation of phosphatidyl-N-monomethylethanolamine	bt:PHOSPHATIDYL_N_MONOMETHYLETHANOLAMINE_N_METHYLATION	1	[H][#7;A;H1X3]([#6;A;H3X4])[#6;A;H2X4R0][#6;A;H2X4R0][#8]P([#8;A;X1-,X2H1])(=O)[#8][#6;A;H2X4][#6;A;H1X4]([#6;A;H2X4][#8]-[#6]([#6,#1;A])=O)[#8]-[#6]([#6,#1;A])=O	0		[H:1][#7;A;H1X3:2]([#6;A;H3X4:3])[#6;A;H2X4R0:4][#6;A;H2X4R0:5][#8:6][P:7]([#8;A;X1-,X2H1:8])(=[O:9])[#8:10][#6;A;H2X4:11][#6;A;H1X4:12]([#6;A;H2X4:13][#8:14]-[#6:15]([#6,#1;A:16])=[O:17])[#8:18]-[#6:19]([#6,#1;A:20])=[O:21]>>[H:1][H].[#6;A;H3X4:3][#7;A;X3:2]([#6])[#6;A;H2X4R0:4][#6;A;H2X4R0:5][#8:6][P:7]([#8;A;X1-,X2H1:8])(=[O:9])[#8:10][#6;A;H2X4:11][#6;A;H1X4:12]([#6;A;H2X4:13][#8:14]-[#6:15]([#6,#1;A:16])=[O:17])[#8:18]-[#6:19]([#6,#1;A:20])=[O:21]
base	PHOSPHOCHOLINE_TRANSFER_TO_12_DIACYLGLYCEROL	BTMR0493	Synthesis of 1,2-diacylglycerol-3-phosphocholine from 1,2-diacylglycerol	bt:PHOSPHOCHOLINE_TRANSFER_TO_12_DIACYLGLYCEROL	1	[H]C([#6;H2X4]-[#8;H1X2])([#6;H2X4]-[#8;X2]-[#6]([#6,#1;A])=O)[#8;X2]-[#6]([#6,#1;A])=[O;X1]	0		[H][#8;X2:1]-[#6;H2X4:2][C:3]([H])([#6;H2X4:4]-[#8;X2:5]-[#6:6]([#6,#1;A:7])=[O:8])[#8;X2:9]-[#6:10]([#6,#1;A:11])=[O;X1:12]>>[H][#6;A;X4]([H])([H])[N;X4+]([#6;A;X4]([H])([H])[H])([#6;A;X4]([H])([H])[H])[#6;A;X4]([H])([H])[#6;A;X4]([H])([H])[#8;X2:1]-[#6;H2X4:2][C:3]([H])([#6;H2X4:4]-[#8;X2:5]-[#6:6]([#6,#1;A:7])=[O:8])[#8;X2:9]-[#6:10]([#6,#1;A:11])=[O;X1:12]
base	PLASMALOGEN_SYNTHESIS_REVERSE	BTMR0429	2-O-Deacylation of plasmalogen	bt:PLASMALOGEN_SYNTHESIS_REVERSE	1	[#6]-[#6;H1X3]=[#6;H1X3]-[#8][#6;A;H2X4][#6;H1X4]([#6;A;H2X4][#8;X2]P([#8;A;X2H1,X1-])(=[O;X1])[#8;X2][#6;A;H2X4][#6;A;H2X4][N;X4+]([#6;A;H3X4])([#6;A;H3X4])[#6;A;H3X4])-[#8;X2]-[#6](-[#6])=[O;X1]	0		[#6:2]-[#6;H1X3:1]=[#6;H1X3:3]-[#8:4][#6;A;H2X4:5][#6;H1X4:6]([#6;A;H2X4:11][#8;X2:12][P:13]([#8;A;X2H1,X1-:14])(=[O;X1:15])[#8;X2:16][#6;A;H2X4:17][#6;A;H2X4:18][N;X4+:19]([#6;A;H3X4:20])([#6;A;H3X4:21])[#6;A;H3X4:22])-[#8;X2:7]-[#6:8](-[#6:9])=[O;X1:10]>>[#6:2]-[#6;H1X3:1]=[#6;H1X3:3]-[#8:4][#6;A;H2X4:5][#6;H1X4:6](-[#8;H1X2:7])[#6;A;H2X4:11][#8;X2:12][P:13]([#8;A;X2H1,X1-:14])(=[O;X1:15])[#8;X2:16][#6;A;H2X4:17][#6;A;H2X4:18][N;X4+:19]([#6;A;H3X4:20])([#6;A;H3X4:21])[#6;A;H3X4:22].[#6H0:9]-[#6H0:8](=[O;H0X1:10])-[#16]-[#6]-[#6]-[#7]-[#6](=O)-[#6]-[#6]-[#7]-[#6](=O)-[#6](-[#8])C([#6])([#6])[#6]-[#8]P([#8-])(=O)[#8]P([#8-])(=O)[#8]-[#6]-[#6]-1-[#8]-[#6](-[#6](-[#8])-[#6]-1-[#8]P([#8-])([#8-])=O)-[#7]-1-[#6]=[#7]-[#6]-2=[#6]-1-[#7]=[#6]-[#7]=[#6]-2-[#7]
base	PLASMENYLETHANOLAMINE_2_ACYLHYDROLYSIS	BTMR0525	2-Acyl hydrolysis of plasmenylethanolamine	bt:PLASMENYLETHANOLAMINE_2_ACYLHYDROLYSIS	1	[#6][#6;A;H1X3]=[#6;A;H1X3][#8]-[#6;H2X4]-[#6;H1X4](-[#6;H2X4]-[#8]P([#8;A;X1-,X2H1])(=O)[#8]-[#6;H2X4]-[#6;H2X4][#7;A;X3H2,X4H3+])-[#8]-[#6]([#6,#1;A])=O	0		[#6:19][#6;A;H1X3:14]=[#6;A;H1X3:13][#8:12]-[#6;H2X4:11]-[#6;H1X4:10](-[#6;H2X4:9]-[#8:8][P:5]([#8;A;X1-,X2H1:6])(=[O:7])[#8:4]-[#6;H2X4:3]-[#6;H2X4:2][#7;A;X3H2,X4H3+:1])-[#8:15]-[#6:16]([#6,#1;A:17])=[O:18]>>[H][#8]-[#6:16]([#6,#1;A:17])=[O:18].[H][#8:15]-[#6;H1X4:10](-[#6;H2X4:11]-[#8:12][#6;A;H1X3:13]=[#6;A;H1X3:14][#6:19])-[#6;H2X4:9]-[#8:8][P:5]([#8;A;X1-,X2H1:6])(=[O:7])[#8:4]-[#6;H2X4:3]-[#6;H2X4:2][#7;A;X3H2,X4H3+:1]
base	PYRIDINE_GLUCURONIDATION	BTMR0173	N-Glucuronidation of 3-substituted pyridine	bt:PYRIDINE_GLUCURONIDATION	1	[#6]-[#6;R1]=,:1[#6]=,:[#6][#6;R1]=,:[#7;X2][#6;R1]=,:1	2	[H][#7]([#6;A;H2X4][#6](-[#8])=O)-[#6](=O)[#6;A;H1X4]([#6;A;H2X4][#16][#6,#8,#16;A])[#7]([H])-[#6](=O)[#6;A;H2X4][#6;A;H2X4][#6;A;H1X4]([#7])[#6](-[#8])=O | [#8]-,=[#6](-,=[#7]-[#6]-,=[#6]-,=[#16])-[#6]-[#6]-[#7]-,=[#6](-,=[#8])-[#6](-,=[#8])C([#6])([#6])[#6]-[#8]P([#8])(=O)[#8]P([#8])(=O)[#8]-[#6]-[#6]-1-[#8]-[#6](-[#7]~2~[#6]~[#7]~[#6]~3~[#6]~2~[#7]~[#6]~[#7]~[#6]~3-[#7])-[#6](-[#8])-[#6]-1-[#8]	[#6:7]-[#6;R1:2]=,:1[#6:1]=,:[#6:6][#6;R1:5]=,:[#7;X2:4][#6;R1:3]=,:1>>[#6:7]-[#6;R1:2]=,:1[#6:1]=,:[#6:6][#6;R1:5]=,:[#7;X3+:4]([#6;R1:3]=,:1)-[#6]-1-[#8]-[#6](-[#6](-[#8])-[#6](-[#8])-[#6]-1-[#8])-[#6](-[#8])=O
base	PYRIDINE_N_OXIDATION	BTMR0096	Pyridine N-oxidation	bt:PYRIDINE_N_OXIDATION	1	[#6;R1]=,:1[#6;R1]=,:[#6;R1][#7;X2R1;+0]=,:[#6;R1][#6;R1]=,:1	0		[#6;R1:4]=,:1[#6;R1:5]=,:[#6;R1:6][#7;X2R1;+0:1]=,:[#6;R1:2][#6;R1:3]=,:1>>[#8-]-[#7;X3R1+:1]=,:1[#6;R1:6]=,:[#6;R1:5][#6;R1:4]=,:[#6;R1:3][#6;R1:2]=,:1
base	P_HYDROXYLATION_OF_ANILIDES	BTMR1036	p-Hydroxylation of anilide	bt:P_HYDROXYLATION_OF_ANILIDES	1	[H][#6;R1]=,:1[#6;R1](-[*,#1;!$(C([Br])([Br])[Br])!$(C([Cl])([Cl])[Cl])!$(C([F])([F])[F])!$(C([I])([I])[I])!$(C#[NX1]),$([NX1+])!$([#16;A](=O)(=O)[OX2H1,OX1-])!$([NX4H3+1])!$([NX4H0+;$([N]([#6])([#6])[#6][#6]);!$([N]*~[#7,#8,#15,#16])])!$([$([NX3](=O)=O),$([NX3+](=O)[O-])][!#8])])=,:[#6;R1][#6;R1](=,:[#6;R1][#6;R1]=,:1-[*,#1;!$(C([Br])([Br])[Br])!$(C([Cl])([Cl])[Cl])!$(C([F])([F])[F])!$(C([I])([I])[I])!$(C#[NX1]),$([NX1+])!$([#16;A](=O)(=O)[OX2H1,OX1-])!$([NX4H3+1])!$([NX4H0+;$([N]([#6])([#6])[#6][#6]);!$([N]*~[#7,#8,#15,#16])])!$([$([NX3](=O)=O),$([NX3+](=O)[O-])][!#8])])-[#7;X3]([H])-[#6](-[#1,#6])=O	0		[H:1][#6;R1:2]=,:1[#6;R1:3](-[*,#1;!$(C([Br])([Br])[Br])!$(C([Cl])([Cl])[Cl])!$(C([F])([F])[F])!$(C([I])([I])[I])!$(C#[NX1]),$([NX1+])!$([#16;A](=O)(=O)[OX2H1,OX1-])!$([NX4H3+1])!$([NX4H0+;$([N]([#6])([#6])[#6][#6]);!$([N]*~[#7,#8,#15,#16])])!$([$([NX3](=O)=O),$([NX3+](=O)[O-])][!#8]):14])=,:[#6;R1:4][#6;R1:5](=,:[#6;R1:6][#6;R1:7]=,:1-[*,#1;!$(C([Br])([Br])[Br])!$(C([Cl])([Cl])[Cl])!$(C([F])([F])[F])!$(C([I])([I])[I])!$(C#[NX1]),$([NX1+])!$([#16;A](=O)(=O)[OX2H1,OX1-])!$([NX4H3+1])!$([NX4H0+;$([N]([#6])([#6])[#6][#6]);!$([N]*~[#7,#8,#15,#16])])!$([$([NX3](=O)=O),$([NX3+](=O)[O-])][!#8]):13])-[#7;X3:8]([H:9])-[#6:10](-[#1,#6:11])=[O:12]>>[H:1][#8]-[#6;R1:2]=,:1[#6;R1:3](-[*,#1;!$(C([Br])([Br])[Br])!$(C([Cl])([Cl])[Cl])!$(C([F])([F])[F])!$(C([I])([I])[I])!$(C#[NX1]),$([NX1+])!$([#16;A](=O)(=O)[OX2H1,OX1-])!$([NX4H3+1])!$([NX4H0+;$([N]([#6])([#6])[#6][#6]);!$([N]*~[#7,#8,#15,#16])])!$([$([NX3](=O)=O),$([NX3+](=O)[O-])][!#8]):14])=,:[#6;R1:4][#6;R1:5](=,:[#6;R1:6][#6;R1:7]=,:1-[*,#1;!$(C([Br])([Br])[Br])!$(C([Cl])([Cl])[Cl])!$(C([F])([F])[F])!$(C([I])([I])[I])!$(C#[NX1]),$([NX1+])!$([#16;A](=O)(=O)[OX2H1,OX1-])!$([NX4H3+1])!$([NX4H0+;$([N]([#6])([#6])[#6][#6]);!$([N]*~[#7,#8,#15,#16])])!$([$([NX3](=O)=O),$([NX3+](=O)[O-])][!#8]):13])-[#7;X3:8]([H:9])-[#6:10](-[#1,#6:11])=[O:12]
base	P_HYDROXYLATION_OF_MONOSUBSTITUTED_BENZENE	BTMR1035	p-Hydroxylation of monosubstituted benzene	bt:P_HYDROXYLATION_OF_MONOSUBSTITUTED_BENZENE	1	[$([#6;R1]1=,:[#6;R1][#6;R1]=,:[#6;R1][#6;R1]([OX2H1,OX1-])=,:[#6;R1]1),$([#6;R1]1=,:[#6;R1]([OX2H1,OX1-])[#6;R1]=,:[#6;R1][#6;R1]=,:[#6;R1]1),$([#6;R1]1=,:[#6;R1][#6;R1]=,:[#6;R1]([OX2H1,OX1-])[#6;R1]=,:[#6;R1]1),$([NX3H0+0,NX4H1+;$([N]([#6])([#6])[#6]);!$([N]*~[#7,#8,#15,#16])]),$([NX3H1+0,NX4H2+;$([N]([#6])[#6]);!$([N]*~[#7,#8,#15,#16])]),$([NX3H2+0,NX4H3+;!$([N][!C]);!$([N]*~[#7,#8,#15,#16])]),$([NX3H2+0,NX4H3+]c),$([OX2](c)[CX4;!$(C([OX2])[O,S,#7,#15,F,Cl,Br,I])]),$([OX2]([CX4;!$(C([OX2])[O,S,#7,#15,F,Cl,Br,I])])[CX4;!$(C([OX2])[O,S,#7,#15,F,Cl,Br,I])]),$([#7X3;$([H2]),$([H1][#6;!$(C=[O,N,S])]),$([#7]([#6;!$(C=[O,N,S])])[#6;!$(C=[O,N,S])])]-[CX3;$([R0][#6]),$([H1R0])]=[OX1]),$([OX2][CX3;$([R0][#6]),$([H1R0])](=[OX1])[#6;!$(C=[O,N,S])]),$([CX4]),$([CX3]),$([#6;R1]1:,=[#6;R1]:,-[#6;R1]:,=[#6;R1]:,-[#6;R1]:,=[#6;R1]1),$([#6;X3](=,:[#6;X3])-,:[#1,*]),$([#6;A;X3](=[#6;X3])-[#1,*]),F,Cl,Br,I]-[#6;R1]=,:1[#6;H1X3R1]=,:[#6;H1X3][#6;H1X3R1]=,:[#6;H1X3R1][#6;H1X3R1]=,:1	0		[H:8][#6;R1:4]=,:1[#6;R1:3]([H:11])=,:[#6;R1:2]([H:12])[#6;R1:1](-[$([#6;R1]1=,:[#6;R1][#6;R1]=,:[#6;R1][#6;R1]([OX2H1,OX1-])=,:[#6;R1]1),$([#6;R1]1=,:[#6;R1]([OX2H1,OX1-])[#6;R1]=,:[#6;R1][#6;R1]=,:[#6;R1]1),$([#6;R1]1=,:[#6;R1][#6;R1]=,:[#6;R1]([OX2H1,OX1-])[#6;R1]=,:[#6;R1]1),$([NX3H0+0,NX4H1+;$([N]([#6])([#6])[#6]);!$([N]*~[#7,#8,#15,#16])]),$([NX3H1+0,NX4H2+;$([N]([#6])[#6]);!$([N]*~[#7,#8,#15,#16])]),$([NX3H2+0,NX4H3+;!$([N][!C]);!$([N]*~[#7,#8,#15,#16])]),$([NX3H2+0,NX4H3+]c),$([OX2](c)[CX4;!$(C([OX2])[O,S,#7,#15,F,Cl,Br,I])]),$([OX2]([CX4;!$(C([OX2])[O,S,#7,#15,F,Cl,Br,I])])[CX4;!$(C([OX2])[O,S,#7,#15,F,Cl,Br,I])]),$([#7X3;$([H2]),$([H1][#6;!$(C=[O,N,S])]),$([#7]([#6;!$(C=[O,N,S])])[#6;!$(C=[O,N,S])])]-[CX3;$([R0][#6]),$([H1R0])]=[OX1]),$([OX2][CX3;$([R0][#6]),$([H1R0])](=[OX1])[#6;!$(C=[O,N,S])]),$([CX4]),$([CX3]),$([#6;R1]1:,=[#6;R1]:,-[#6;R1]:,=[#6;R1]:,-[#6;R1]:,=[#6;R1]1),$([#6;X3](=,:[#6;X3])-,:[#1,*]),$([#6;A;X3](=[#6;X3])-[#1,*]),F,Cl,Br,I:7])=,:[#6;R1:6]([H:10])[#6;R1:5]=,:1[H:9]>>[H:8][#8]-[#6;R1:4]=,:1[#6;R1:3]([H:11])=,:[#6;R1:2]([H:12])[#6;R1:1](-[$([#6;R1]1=,:[#6;R1][#6;R1]=,:[#6;R1][#6;R1]([OX2H1,OX1-])=,:[#6;R1]1),$([#6;R1]1=,:[#6;R1]([OX2H1,OX1-])[#6;R1]=,:[#6;R1][#6;R1]=,:[#6;R1]1),$([#6;R1]1=,:[#6;R1][#6;R1]=,:[#6;R1]([OX2H1,OX1-])[#6;R1]=,:[#6;R1]1),$([NX3H0+0,NX4H1+;$([N]([#6])([#6])[#6]);!$([N]*~[#7,#8,#15,#16])]),$([NX3H1+0,NX4H2+;$([N]([#6])[#6]);!$([N]*~[#7,#8,#15,#16])]),$([NX3H2+0,NX4H3+;!$([N][!C]);!$([N]*~[#7,#8,#15,#16])]),$([NX3H2+0,NX4H3+]c),$([OX2](c)[CX4;!$(C([OX2])[O,S,#7,#15,F,Cl,Br,I])]),$([OX2]([CX4;!$(C([OX2])[O,S,#7,#15,F,Cl,Br,I])])[CX4;!$(C([OX2])[O,S,#7,#15,F,Cl,Br,I])]),$([#7X3;$([H2]),$([H1][#6;!$(C=[O,N,S])]),$([#7]([#6;!$(C=[O,N,S])])[#6;!$(C=[O,N,S])])]-[CX3;$([R0][#6]),$([H1R0])]=[OX1]),$([OX2][CX3;$([R0][#6]),$([H1R0])](=[OX1])[#6;!$(C=[O,N,S])]),$([CX4]),$([CX3]),$([#6;R1]1:,=[#6;R1]:,-[#6;R1]:,=[#6;R1]:,-[#6;R1]:,=[#6;R1]1),$([#6;X3](=,:[#6;X3])-,:[#1,*]),$([#6;A;X3](=[#6;X3])-[#1,*]),F,Cl,Br,I:7])=,:[#6;R1:6]([H:10])[#6;R1:5]=,:1[H:9]
base	P_HYDROXYLATION_OF_PHENOLS	BTMR1038	p-Hydroxylation of phenol	bt:P_HYDROXYLATION_OF_PHENOLS	1	[H][#8]-[#6;R1]1=,:[#6;R1](-[!#8])[#6;R1](-[!#8])=,:[#6;R1]([H])[#6;R1](-[!#8])=,:[#6;R1]1-[!#8]	0		[H:1][#8:2]-[#6;R1:3]1=,:[#6;R1:4](-[!#8:5])[#6;R1:6](-[!#8:7])=,:[#6;R1:8]([H])[#6;R1:9](-[!#8:10])=,:[#6;R1:11]1-[!#8:12]>>[H:1][#8:2]-[#6;R1:3]=,:1[#6;R1:11](-[!#8:12])=,:[#6;R1:9](-[!#8:10])[#6;R1:8](-[#8][H])=,:[#6;R1:6](-[!#8:7])[#6;R1:4]=,:1-[!#8:5]
base	QUINONE_REDUCTION_PATTERN1	BTMR1022	Reduction of quinone	bt:QUINONE_REDUCTION	1	[#6,#1;A;R0][#6;R1]1=,:[#6;R1]([#6,#1;A;R0])[#6;R1](=[O;X1])[#6;R1]([#6,#1;A;R0])=,:[#6;R1]([#6,#1;A;R0])[#6;R1]1=[O;X1]	0		[#6,#1;A;R0:9][#6;R1:3]1=,:[#6;R1:4]([#6,#1;A;R0:10])[#6;R1:5](=[O;X1:1])[#6;R1:6]([#6,#1;A;R0:11])=,:[#6;R1:7]([#6,#1;A;R0:12])[#6;R1:8]1=[O;X1:2]>>[H][#8;X2:2]-[#6;R1:8]-1=[#6;R1:3]([#6,#1;A;R0:9])-[#6;R1:4]([#6,#1;A;R0:10])=[#6;R1:5](-[#8;X2:1][H])-[#6;R1:6]([#6,#1;A;R0:11])=[#6;R1:7]-1[#6,#1;A;R0:12]
base	QUINONE_REDUCTION_PATTERN2	BTMR1023	Reduction of quinone	bt:QUINONE_REDUCTION	1	[#6,#1;A;R0]!@-[#6;R1]1=,:[#6;R1](!@-[#6,#1;A;R0])[#6;R1](=[O;X1])[#6;R2]=,:2[#6;R1]=,:[#6;R1][#6;R1]=,:[#6;R1][#6;R2]=,:2[#6;R1]1=[O;X1]	0		[#6,#1;A;R0:9]!@-[#6;R1:3]1=,:[#6;R1:4](!@-[#6,#1;A;R0:10])[#6;R1:5](=[O;X1:1])[#6;R2:6]=,:2[#6;R1:11]=,:[#6;R1:12][#6;R1:13]=,:[#6;R1:14][#6;R2:7]=,:2[#6;R1:8]1=[O;X1:2]>>[H][#8;X2:2]-[#6;R1:8]-1=[#6;R1:3](!@-[#6,#1;A;R0:9])-[#6;R1:4](!@-[#6,#1;A;R0:10])=[#6;R1:5](-[#8;X2:1][H])-[#6;R2:6]-2=[#6;R2:7]-1-[#6;R1:14]=[#6;R1:13]-[#6;R1:12]=[#6;R1:11]-2
base	REDUCTION_OF_ALDEHYDES_TO_ALCOHOL	BTMR1172	Reduction of aldehyde to alcohol	bt:REDUCTION_OF_ALDEHYDES_TO_ALCOHOL	1	[H][#6;A;X3]([#6])=[#8;A;X1;!$(O=C~[!#1!#6])]	0		[H:4][#6;A;X3:1]([#6:3])=[#8;A;X1;!$(O=C~[!#1!#6]):2]>>[H][#8;A;X2:2][#6;A;X4:1]([H:4])([H])[#6:3]
base	REDUCTION_OF_ALPHA_BETA_CARBON_DOUBLE_BOND_ADJACENT_TO_EWG_PATTERN1	BTMR1209	Reduction of alpha,beta-unsaturated carbon-carbon double bond adjacent to electron withdrawing group	bt:REDUCTION_OF_ALPHA_BETA_CARBON_DOUBLE_BOND_ADJACENT_TO_EWG	1	[#6;$([CX3](=[OX1])[#1]),$([CX2]#[NX1]),$([CX3](=[OX1])[#6]),$([NX3+1](=[OX1])[OX1-]),$([CX3](=[OX1])[OX2H1,OX1-]),$([CX3](=[OX1])[OX2][#6;!$(C=[O,N,S])])][#6;X3](-[#1,#6,#7])=[#6;X3]([#1,#6,#7])-[#1,#6,#7]	0		[#6;$([CX3](=[OX1])[#1]),$([CX2]#[NX1]),$([CX3](=[OX1])[#6]),$([NX3+1](=[OX1])[OX1-]),$([CX3](=[OX1])[OX2H1,OX1-]),$([CX3](=[OX1])[OX2][#6;!$(C=[O,N,S])]):6][#6;X3:2](-[#1,#6,#7:5])=[#6;X3:1]([#1,#6,#7:3])-[#1,#6,#7:4]>>[H][C;X3:2]([#6;$([CX3](=[OX1])[#1]),$([CX2]#[NX1]),$([CX3](=[OX1])[#6]),$([NX3+1](=[OX1])[OX1-]),$([CX3](=[OX1])[OX2H1,OX1-]),$([CX3](=[OX1])[OX2][#6;!$(C=[O,N,S])]):6])([#1,#6,#7:5])[C;X3:1]([H])([#1,#6,#7:3])[#1,#6,#7:4]
base	REDUCTION_OF_ALPHA_BETA_CARBON_DOUBLE_BOND_ADJACENT_TO_EWG_PATTERN2	BTMR1310	Reduction of alpha,beta-unsaturated carbon-carbon double bond adjacent to electron withdrawing group	bt:REDUCTION_OF_ALPHA_BETA_CARBON_DOUBLE_BOND_ADJACENT_TO_EWG	1	[#6][#6;A;X3;$([CX3;R0]),$([CX3R1])]([*,#1])=[#6;A;X3;$([CX3;R0]),$([CX3;R1])](/[$([$([CX3H1][#6]),$([CX3H2])]=[OX1]),$(C(=[OX1])[#6]),$([CX2]#[NX1]),$([CX3;$([R0][#6]),$([H1R0])](=[OX1])[$([OX2H]),$([OX1-])]),$([CX3;$([R0][#6]),$([H1R0])](=[OX1])[OX2][#6;!$(C=[O,N,S])]),$([$([NX3](=O)=O),$([NX3+](=[OX1])[OX1-])][!#8]),$([CX3;$([R0][#6]),$([H1R0])](=[OX1])[#7X3;$([H2]),$([H1][#6;!$(C=[O,N,S])]),$([#7]([#6;!$(C=[O,N,S])])[#6;!$(C=[O,N,S])])])])[*,#1]	0		[#6:1][#6;A;X3;$([CX3;R0]),$([CX3R1]):2]([*,#1:3])=[#6;A;X3;$([CX3;R0]),$([CX3;R1]):4](/[$([$([CX3H1][#6]),$([CX3H2])]=[OX1]),$(C(=[OX1])[#6]),$([CX2]#[NX1]),$([CX3;$([R0][#6]),$([H1R0])](=[OX1])[$([OX2H]),$([OX1-])]),$([CX3;$([R0][#6]),$([H1R0])](=[OX1])[OX2][#6;!$(C=[O,N,S])]),$([$([NX3](=O)=O),$([NX3+](=[OX1])[OX1-])][!#8]),$([CX3;$([R0][#6]),$([H1R0])](=[OX1])[#7X3;$([H2]),$([H1][#6;!$(C=[O,N,S])]),$([#7]([#6;!$(C=[O,N,S])])[#6;!$(C=[O,N,S])])]):5])[*,#1:6]>>[H][#6;A;X4:2]([#6:1])([*,#1:3])[#6;A;X4:4]([H])([$([$([CX3H1][#6]),$([CX3H2])]=[OX1]),$(C(=[OX1])[#6]),$([CX2]#[NX1]),$([CX3;$([R0][#6]),$([H1R0])](=[OX1])[$([OX2H]),$([OX1-])]),$([CX3;$([R0][#6]),$([H1R0])](=[OX1])[OX2][#6;!$(C=[O,N,S])]),$([$([NX3](=O)=O),$([NX3+](=[OX1])[OX1-])][!#8]),$([CX3;$([R0][#6]),$([H1R0])](=[OX1])[#7X3;$([H2]),$([H1][#6;!$(C=[O,N,S])]),$([#7]([#6;!$(C=[O,N,S])])[#6;!$(C=[O,N,S])])]):5])[*,#1:6]
base	REDUCTION_OF_ALPHA_BETA_CARBON_DOUBLE_BOND_ADJACENT_TO_EWG_PATTERN3	BTMR1311	Reduction of alpha,beta-unsaturated carbon-carbon double bond adjacent to electron withdrawing group	bt:REDUCTION_OF_ALPHA_BETA_CARBON_DOUBLE_BOND_ADJACENT_TO_EWG	1	O=[#6;R1]-,:1[#6;R1]=,:[#6;R1][#6;R1](=O)-,:[!#1!#6;R1;$([#8;X2]),$([#7;X3][#1,#6])]-,:1	0		[O:1]=[#6;R1:2]-,:1[#6;R1:7]=,:[#6;R1:6][#6;R1:4](=[O:5])-,:[!#1!#6;R1;$([#8;X2]),$([#7;X3][#1,#6]):3]-,:1>>[H][#6;R1:7]-1-[#6;R1:6]([H])-[#6;R1:4](=[O:5])[!#1!#6;R1;$([#8;X2]),$([#7;X3][#1,#6]):3][#6;R1:2]-1=[O:1]
base	REDUCTION_OF_ALPHA_BETA_UNSATURATED_COMPOUNDS_PATTERN1	BTMR0999	Reduction of alpha,beta-unsaturated compound	bt:REDUCTION_OF_ALPHA_BETA_UNSATURATED_COMPOUNDS	1	[*,#1;#1,#6,$([#8]-[#6]),Cl,Br,I][#6;A;X3]([*,#1;#1,#6,$([#8]-[#6]),Cl,Br,I])=[#6;A;X3](/[*,#1;#1,#6,$([#8]-[#6]),Cl,Br,I])[#6;X3](-[*,#1;#1,#6,$([#8]-[#1,#6]),$(N([#6])[#6])])=[O;X1]	0		[*,#1;#1,#6,$([#8]-[#6]),Cl,Br,I:1][#6;A;X3:2]([*,#1;#1,#6,$([#8]-[#6]),Cl,Br,I:3])=[#6;A;X3:4](/[*,#1;#1,#6,$([#8]-[#6]),Cl,Br,I:5])[#6;X3:6](-[*,#1;#1,#6,$([#8]-[#1,#6]),$(N([#6])[#6]):7])=[O;X1:8]>>[H][#6;A;X4:2]([*,#1;#1,#6,$([#8]-[#6]),Cl,Br,I:1])([*,#1;#1,#6,$([#8]-[#6]),Cl,Br,I:3])[#6;A;X4:4]([H])([*,#1;#1,#6,$([#8]-[#6]),Cl,Br,I:5])[#6;X3:6](-[*,#1;#1,#6,$([#8]-[#1,#6]),$(N([#6])[#6]):7])=[O;X1:8]
base	REDUCTION_OF_ALPHA_BETA_UNSATURATED_COMPOUNDS_PATTERN2	BTMR1000	Reduction of alpha,beta-unsaturated compound	bt:REDUCTION_OF_ALPHA_BETA_UNSATURATED_COMPOUNDS	1	[*,#1;#1,#6,$([#8]-[#6]),Cl,Br,I]-[#6;X3](-[*,#1;#1,#6,$([#8]-[#6]),Cl,Br,I])=[#6;X3](-[C;X2]#[N;X1])[C;X2]#[N;X1]	0		[*,#1;#1,#6,$([#8]-[#6]),Cl,Br,I:3]-[#6;X3:2](-[*,#1;#1,#6,$([#8]-[#6]),Cl,Br,I:4])=[#6;X3:1](-[C;X2:6]#[N;X1:7])[C;X2:5]#[N;X1:8]>>[H][C;X4:2]([*,#1;#1,#6,$([#8]-[#6]),Cl,Br,I:3])([*,#1;#1,#6,$([#8]-[#6]),Cl,Br,I:4])[C;X4:1]([H])([C;X2:6]#[N;X1:7])[C;X2:5]#[N;X1:8]
base	REDUCTION_OF_ALPHA_BETA_UNSATURATED_COMPOUNDS_PATTERN3	BTMR1001	Reduction of alpha,beta-unsaturated compound	bt:REDUCTION_OF_ALPHA_BETA_UNSATURATED_COMPOUNDS	1	[*,#1;#1,#6,$([#8]-[#6]),Cl,Br,I][C;X2]#[C;X2][#6;X3](-[*,#1;#1,#6,$([#8]-[#1,#6]),$(N([#6])[#6])])=[O;X1]	0		[*,#1;#1,#6,$([#8]-[#6]),Cl,Br,I:2][C;X2:1]#[C;X2:3][#6;X3:4](-[*,#1;#1,#6,$([#8]-[#1,#6]),$(N([#6])[#6]):5])=[O;X1:6]>>[H][#6;X3:1](-[*,#1;#1,#6,$([#8]-[#6]),Cl,Br,I:2])=[#6;X3:3]([H])-[#6;X3:4](-[*,#1;#1,#6,$([#8]-[#1,#6]),$(N([#6])[#6]):5])=[O;X1:6]
base	REDUCTION_OF_ARYLHYDROXYLAMINE_TO_ARYLAMINE_PATTERN1	BTMR1223	Reduction of arylhydroxylamine to arylamine	bt:REDUCTION_OF_ARYLHYDROXYLAMINE_TO_ARYLAMINE	1	[#8;H1X2]-[#7;H1X3]!@-[#6;R1]1=,:[#6][#6][#6][#6]=,:[#6;H1X3R1]1	0		[H:9][#8;X2:1]-[#7;X3:2]([H:10])!@-[#6;R1:3]1=,:[#6:4][#6:5][#6:6][#6:7]=,:[#6;H1X3R1:8]1>>[H:9][#8;X2:1][H].[H:10][#7;X3:2]([H])!@-[#6;R1:3]1=,:[#6:4][#6:5][#6:6][#6:7]=,:[#6;H1X3R1:8]1
base	REDUCTION_OF_ARYLHYDROXYLAMINE_TO_ARYLAMINE_PATTERN2	BTMR1224	Reduction of arylhydroxylamine to arylamine	bt:REDUCTION_OF_ARYLHYDROXYLAMINE_TO_ARYLAMINE	1	[#8;H1X2]-[#7;H1X3]-[#6;X3R1]=,:1[#7;R1][#6]=,:[#6][#7;R1]=,:1	0		[H:9][#8;X2:7]-[#7;X3:6]([H:8])-[#6;X3R1:5]=,:1[#7;R1:1][#6:2]=,:[#6:3][#7;R1:4]=,:1>>[H:9][#8;X2:7][H].[H:8][#7;X3:6]([H])-[#6;X3R1:5]=,:1[#7;R1:1][#6:2]=,:[#6:3][#7;R1:4]=,:1
base	REDUCTION_OF_ARYLHYDROXYLAMINE_TO_ARYLAMINE_PATTERN3	BTMR1225	Reduction of arylhydroxylamine to arylamine	bt:REDUCTION_OF_ARYLHYDROXYLAMINE_TO_ARYLAMINE	1	[#8;H1X2]!@-[#7;H1X3]!@-[#6;R1]1=,:[#6][#7;R1]=,:[#6;X3R1][#7;R1]1	0		[H:8][#8;X2:1]!@-[#7;X3:2]([H:9])!@-[#6;R1:5]1=,:[#6:6][#7;R1:7]=,:[#6;X3R1:3][#7;R1:4]1>>[H:8][#8;X2:1][H].[H:9][#7;X3:2]([H])!@-[#6;R1:5]1=,:[#6:6][#7;R1:7]=,:[#6;X3R1:3][#7;R1:4]1
base	REDUCTION_OF_ARYLHYDROXYLAMINE_TO_ARYLAMINE_PATTERN4	BTMR1299	Reduction of arylhydroxylamine to arylamine	bt:REDUCTION_OF_ARYLHYDROXYLAMINE_TO_ARYLAMINE	1	[#8;H1X2]-[#7;H1X3R0]-[#6;R1]1=,:[#6][#6]=,:[#6][#8;R1]1	0		[H:8][#8;X2:1]-[#7;X3R0:2]([H:9])-[#6;R1:3]1=,:[#6:4][#6:5]=,:[#6:6][#8;R1:7]1>>[H:8][#8;X2:1][H].[H:9][#7;X3R0:2]([H])-[#6;R1:3]1=,:[#6:4][#6:5]=,:[#6:6][#8;R1:7]1
base	REDUCTION_OF_AZOBENZENE	BTMR1254	Reduction of azobenzene	bt:REDUCTION_OF_AZOBENZENE	1	[#6]=,:1[#6]=,:[#6][#6;R1](=,:[#6][#6]=,:1)[#7;X2R0]=[#7;X2R0][#6;R1]=,:1[#6]=,:[#6][#6]=,:[#6][#6]=,:1	0		[#6:3]=,:1[#6:4]=,:[#6:5][#6;R1:6](=,:[#6:1][#6:2]=,:1)[#7;X2R0:7]=[#7;X2R0:8][#6;R1:9]=,:1[#6:10]=,:[#6:11][#6:12]=,:[#6:13][#6:14]=,:1>>[H][#7;X3R0:8]([H])-[#6;R1:9]=,:1[#6:10]=,:[#6:11][#6:12]=,:[#6:13][#6:14]=,:1.[H][#7;X3R0:7]([H])-[#6;R1:6]=,:1[#6:5]=,:[#6:4][#6:3]=,:[#6:2][#6:1]=,:1
base	REDUCTION_OF_HALOTRIFLUOROETHANE_PATTERN1	BTMR1164	Reduction of halotrifluoroethane	bt:REDUCTION_OF_HALOTRIFLUOROETHANE	1	[H][C;X4]([#17,#9])([F,Cl,Br,I])[C;X4](F)(F)F	0		[H:4][C;X4:1]([#17,#9:2])([F,Cl,Br,I])[C;X4:3]([F:5])(F)[F:6]>>[H:4][#6;X3:1](-[#17,#9:2])=[#6;X3:3]([F:5])[F:6]
base	REDUCTION_OF_HALOTRIFLUOROETHANE_PATTERN2	BTMR1165	Reduction of halotrifluoroethane	bt:REDUCTION_OF_HALOTRIFLUOROETHANE	1	[H][C;X4]([#17,#9])([F,Cl,Br,I])[C;X4](F)(F)F	0		[H:4][C;X4:1]([#17,#9:2])([F,Cl,Br,I])[C;X4:3]([F:7])([F:6])[F:5]>>[H:4][C;X4:1]([H])([#17,#9:2])[C;X4:3]([F:7])([F:6])[F:5]
base	REDUCTION_OF_KETONE_TO_ALCOHOL	BTMR1171	Reduction of ketone to alcohol	bt:REDUCTION_OF_KETONE_TO_ALCOHOL	1	[#6]-[#6;X3](-[#6])=[O;X1]	0		[#6:1]-[#6;X3:2](-[#6:4])=[O;X1:3]>>[H][#8;X2:3][C;X4:2]([H])([#6:1])[#6:4]
base	REDUCTION_OF_NITROIMINES	BTMR1173	Reduction of nitroimine	bt:REDUCTION_OF_NITROIMINES	1	[#6]!@-[#7;X3]!@-[#7;X3+](-[#8;X1-])=[O;X1]	0		[#6:4]!@-[#7;X3:3]!@-[#7;X3+:1](-[#8;X1-])=[O;X1:2]>>[#6:4]!@-[#7;X3:3]!@-[#7;X2:1]=[O;X1:2]
base	REDUCTION_OF_TERMINAL_ALIPHATIC_TRIHALIDES	BTMR1167	Reduction of terminal aliphatic trihalide	bt:REDUCTION_OF_TERMINAL_ALIPHATIC_TRIHALIDES	1	[H][C;X4](*)([F,Cl,Br,I])[F,Cl,Br,I]	0		[H:3][#6;A;X4:1]([*:4])([F,Cl,Br,I])[F,Cl,Br,I:2]>>[H:3][#6;A;X3-:1]([*:4])[F,Cl,Br,I:2]
base	REDUCTION_OF_VINYL_HYDROXYBENZENE	BTMR0291	Reduction of vinylbenzene	bt:REDUCTION_OF_VINYL_HYDROXYBENZENE	1	[H][#8;X2]-[#6;R1]=,:1[#6;R1](-[#1,$([O][H]),$([O][C](-[H])(-[H])[H])])=,:[#6;R1][#6;R1](=,:[#6;R1][#6;R1]=,:1-[#1,$([O][H]),$([O][C](-[H])(-[H])[H])])-[#6](-[H])=[#6](/[H])[H]	0		[H:1][#8;X2:2]-[#6;R1:3]=,:1[#6;R1:4](-[#1,$([O][H]),$([O][C](-[H])(-[H])[H]):5])=,:[#6;R1:6][#6;R1:7](=,:[#6;R1:8][#6;R1:9]=,:1-[#1,$([O][H]),$([O][C](-[H])(-[H])[H]):10])-[#6;v4X3:11]([H:12])=[#6;v4X3:13]([H:15])[H:14]>>[H:1][#8;X2:2]-[#6;R1:3]=,:1[#6;R1:4](-[#1,$([O][H]),$([O][C](-[H])(-[H])[H]):5])=,:[#6;R1:6][#6;R1:7](=,:[#6;R1:8][#6;R1:9]=,:1-[#1,$([O][H]),$([O][C](-[H])(-[H])[H]):10])[C;v4X4:11]([H])([H:12])[C;v4X4:13]([H])([H:15])[H:14]
base	REDUCTIVE_LACTONIZATION_OF_QUINONE_PROPIONIC_ACID_PATTERN1	BTMR1251	Reductive lactonization of quinone propionic acid	bt:REDUCTIVE_LACTONIZATION_OF_QUINONE_PROPIONIC_ACID	1	[H][C;R0]([H])([#6;X3]([#8,#7,#16;A])=[O;X1])[C;R0]([*,#1])([*,#1])[#6;R1]-1=[#6;R1](-[*,#1])-[#6;R1](=[O;X1])-[#6;R1](-[*,#1])=[#6;R1](-[*,#1])-[#6;R1]-1=[O;X1]	0		[H:14][C;R0:10]([H:15])([#6;X3:11]([#8,#7,#16;A:13])=[O;X1:12])[C;R0:9]([*,#1:16])([*,#1:17])[#6;R1:6]-1=[#6;R1:5](-[*,#1:20])-[#6;R1:4](=[O;X1:7])-[#6;R1:3](-[*,#1:19])=[#6;R1:2](-[*,#1:18])-[#6;R1:1]-1=[O;X1:8]>>[#8,#7,#16;A:13][H].[H][#8;X2:7]-[#6;R1:4]-1=[#6;R1:5](-[*,#1:20])-[#6;R2:6]2=[#6;R2:1](-[#8;X2:8]-[#6;X3:11](=[O;X1:12])[C;R1:10]([H:14])([H:15])[C;R1:9]2([*,#1:16])[*,#1:17])-[#6;R1:2](-[*,#1:18])=[#6;R1:3]-1-[*,#1:19]
base	REDUCTIVE_LACTONIZATION_OF_QUINONE_PROPIONIC_ACID_PATTERN2	BTMR1252	Reductive lactonization of quinone propionic acid	bt:REDUCTIVE_LACTONIZATION_OF_QUINONE_PROPIONIC_ACID	1	[H][#8;A;X2][#6;R1]=,:1[#6;R1](-[*,#1])=,:[#6;R1](-[*,#1])[#6;R1]([#8;A;H1X2])=,:[#6;R1](-[*,#1])[#6;R1]=,:1[C;R0]([*,#1])([*,#1])[C;R0]([H])([H])[#6;X3]([#8,#7,#16;A])=[O;X1]	0		[H:21][#8;A;X2:20][#6;R1:19]=,:1[#6;R1:17](-[*,#1:18])=,:[#6;R1:15](-[*,#1:16])[#6;R1:13]([#8;A;H1X2:14])=,:[#6;R1:11](-[*,#1:12])[#6;R1:10]=,:1[C;R0:7]([*,#1:8])([*,#1:9])[C;R0:2]([H:1])([H:3])[#6;X3:4]([#8,#7,#16;A:5])=[O;X1:6]>>[#8,#7,#16;A:5][H:21].[H:1][C;R1:2]1([H:3])[#6;X3:4](=[O;X1:6])[#8;A;X2:20][#6;R2:19]=,:2[#6;R1:17](-[*,#1:18])=,:[#6;R1:15](-[*,#1:16])[#6;R1:13]([#8;A;H1X2:14])=,:[#6;R1:11](-[*,#1:12])[#6;R2:10]=,:2[C;R1:7]1([*,#1:8])[*,#1:9]
base	RESORCINOL_M_DEHYDROXYLATION	BTMR0279	m-Dehydroxylation of substituted resorcinol	bt:RESORCINOL_M_DEHYDROXYLATION	1	[H][#8;R0]-[#6;R1]1=,:[#6;R1]([H])[#6;R1](-[#8;R0][H])=,:[#6;R1](-[#1,#6])[#6;R1](-[#6])=,:[#6;R1]1-[#1,#6]	0		[H][#8;R0]-[#6;R1:5]1=,:[#6;R1:4]([H:10])[#6;R1:3](-[#8;R0:8][H:9])=,:[#6;R1:2](-[#1,#6:11])[#6;R1:1](-[#6:7])=,:[#6;R1:6]1-[#1,#6:12]>>[H:9][#8;R0:8]-[#6;R1:3]=,:1[#6;R1:4]([H:10])=,:[#6;R1:5]([H])[#6;R1:6](-[#1,#6:12])=,:[#6;R1:1](-[#6:7])[#6;R1:2]=,:1-[#1,#6:11]
base	RETINOL_O_FATTY_ACYLATION	BTMR0437	Fatty acylation of retinol, acyl-CoA-dependent	bt:RETINOL_O_FATTY_ACYLATION	1	[#8]-,=[#6;R0](-,=[#7;R0]-[#6;R0]-[#6;R0]-[#16;R0]-[#6;R0](-[#6;H2X4R0])=O)-[#6;R0]-[#6;R0]-[#7;R0]-,=[#6;R0](-,=[#8;R0])[#6;A;H1X4]([#8])[C;R0]([#6;R0])([#6;R0])[#6;R0]-[#8;R0][P;R0]([!#1!#6;O,$([O-])])(=[O;R0])[#8;R0][P;R0]([!#1!#6;O,$([O-])])(=[O;R0])[#8]-[#6]-[#6]-1-[#8]-[#6](-[#6](-[#8])-[#6]-1-[#8]P([!#1!#6;O,$([O-])])([!#1!#6;O,$([O-])])=O)-n1cnc2c(-[#7])ncnc12	0		[#8:9]-,=[#6;R0:8](-,=[#7;R0:7]-[#6;R0:6]-[#6;R0:5]-[#16;R0:4]-[#6;R0:2](-[#6;H2X4R0:1])=[O:3])-[#6;R0:10]-[#6;R0:11]-[#7;R0:12]-,=[#6;R0:13](-,=[#8;R0:14])[#6;A;H1X4:15]([#8:16])[C;R0:17]([#6;R0:18])([#6;R0:19])[#6;R0:20]-[#8;R0:21][P;R0:22]([!#1!#6;O,$([O-]):23])(=[O;R0:24])[#8;R0:25][P;R0:26]([!#1!#6;O,$([O-]):27])(=[O;R0:28])[#8:29]-[#6:30]-[#6:31]-1-[#8:32]-[#6:33](-[#6:34](-[#8:35])-[#6:36]-1-[#8:37][P:38]([!#1!#6;O,$([O-]):39])([!#1!#6;O,$([O-]):40])=[O:41])-[n:42]1[c:43][n:44][c:45]2[c:46](-[#7:47])[n:48][c:49][n:50][c:51]12>>[H]/[#6](=[#6](/[H])[#6]([#6])=[#6](/[H])C([H])([H])[#8]-[#6;R0:2](-[#6;H2X4R0:1])=[O:3])/[#6](/[H])=[#6]([#6])/[#6](/[H])=[#6]([H])-[#6]1=[#6](-[#6])C([H])([H])C([H])([H])C([H])([H])C1(C([H])([H])[H])C([H])([H])[H].[#8:9]-,=[#6;R0:8](-,=[#7;R0:7]-[#6;R0:6]-[#6;R0:5]-[#16;R0:4][H])-[#6;R0:10]-[#6;R0:11]-[#7;R0:12]-,=[#6;R0:13](-,=[#8;R0:14])[#6;A;H1X4:15]([#8:16])[C;R0:17]([#6;R0:18])([#6;R0:19])[#6;R0:20]-[#8;R0:21][P;R0:22]([!#1!#6;O,$([O-]):23])(=[O;R0:24])[#8;R0:25][P;R0:26]([!#1!#6;O,$([O-]):27])(=[O;R0:28])[#8:29]-[#6:30]-[#6:31]-1-[#8:32]-[#6:33](-[#6:34](-[#8:35])-[#6:36]-1-[#8:37][P:38]([!#1!#6;O,$([O-]):39])([!#1!#6;O,$([O-]):40])=[O:41])-[n:42]1[c:43][n:44][c:45]2[c:46](-[#7:47])[n:48][c:49][n:50][c:51]12
base	RIBOSYLPYRIMIDINE_RIBOHYDROLYSIS	BTMR0575	Hydrolysis of pyrimidine nucleoside	bt:RIBOSYLPYRIMIDINE_RIBOHYDROLYSIS	1	[#8;A;H1X2][#6;H2X4]-[#6;H1X4]-1-[#8]-[#6;H1X4](-[#6;H1X4]([#8;A;H1X2])-[#6;H1X4]-1[#8;A;H1X2])-[n;R1]1[c;R1][c;R1][c;R1][n;R1][c;R1]1	0		[#8;A;H1X2:1][#6;H2X4:2]-[#6;H1X4:3]-1-[#8:4]-[#6;H1X4:5](-[#6;H1X4:6]([#8;A;H1X2:7])-[#6;H1X4:8]-1[#8;A;H1X2:9])-[n;R1:10]1[c;R1:15][c;R1:14][c;R1:13][n;R1:12][c;R1:11]1>>[c;R1:14]1[c;R1:15][n;R1:10][c;R1:11][n;R1:12][c;R1:13]1.[#8;A;H1X2:1][#6;H2X4:2]-[#6;H1X4:3]-1-[#8:4]-[#6;X4:5](-[#8])-[#6;H1X4:6]([#8;A;H1X2:7])-[#6;H1X4:8]-1[#8;A;H1X2:9]
base	RING_OPENING_OF_N_SUBSTITUTED_PIPERIDINE_RING	BTMR1188	Ring opening of N-substituted piperidine	bt:RING_OPENING_OF_N_SUBSTITUTED_PIPERIDINE_RING	1	[H]C1([H])[#6](-[*,#1])C([H])([H])C([H])([H])[#7;A;X3]([#1,c,$([CX4;A])])C1([H])[H]	0		[H:11][C:2]1([H:12])[#6:3](-[*,#1:7])[C:4]([H:13])([H:14])[C:5]([H])([H])[#7;A;X3:6]([#1,c,$([CX4;A]):8])[C:1]1([H:9])[H:10]>>[H][#8]-[#6:5](=O)[C:4]([H:13])([H:14])[#6:3](-[*,#1:7])[C:2]([H:11])([H:12])[C:1]([H:9])([H:10])[#7;A;X3:6]([H])[#1,c,$([CX4;A]):8]
base	SHORT_CHAIN_ACYL_COA_DEHYDROGENATION	BTMR0382	Dehydrogenation of short-chain acyl-CoA	bt:SHORT_CHAIN_ACYL_COA_DEHYDROGENATION	1	[#8]-,=[#6](-,=[#7]-[#6]-[#6]-[#16]-[#6](=O)-[#6;H2X4R0]-[#6;H2X4R0]-[#6])-[#6]-[#6]-[#7]-,=[#6](-,=[#8])[#6;A;H1X4]([#8])C([#6])([#6])[#6]-[#8]P([#8])(=O)[#8]P([#8])(=O)[#8]-[#6]-[#6]-1-[#8]-[#6](-[#6](-[#8])-[#6]-1-[#8]P([#8])([#8])=O)-n1cnc2c(-[#7])ncnc12	1	[#6]-,=[#6]-,=[#6]-,=[#6]-,=[#6]-[#6](=O)-[#16]-[#6]-[#6]-[#7]-,=[#6](-,=[#8])-[#6]-[#6]-[#7]-,=[#6](-,=[#8])[#6;A;H1X4]([#8])C([#6])([#6])[#6]-[#8]P([#8])(=O)[#8]P([#8])(=O)[#8]-[#6]-[#6]-1-[#8]-[#6](-[#6](-[#8])-[#6]-1-[#8]P([#8])([#8])=O)-n1cnc2c(-[#7])ncnc12	[#8:1]-,=[#6:2](-,=[#7:3]-[#6:4]-[#6:5]-[#16:6]-[#6:7](=[O:9])-[#6;H2X4R0:8]-[#6;H2X4R0:52]-[#6])-[#6:10]-[#6:11]-[#7:12]-,=[#6:13](-,=[#8:14])[#6;A;H1X4:15]([#8:16])[C:17]([#6:18])([#6:19])[#6:20]-[#8:21][P:22]([#8:23])(=[O:24])[#8:25][P:26]([#8:27])(=[O:28])[#8:29]-[#6:30]-[#6:31]-1-[#8:32]-[#6:33](-[#6:34](-[#8:35])-[#6:36]-1-[#8:37][P:38]([#8:40])([#8:41])=[O:39])-[n:42]1[c:43][n:44][c:45]2[c:50](-[#7:51])[n:49][c:48][n:47][c:46]12>>[#8:1]-,=[#6:2](-,=[#7:3]-[#6:4]-[#6:5]-[#16:6]-[#6:7](=[O:9])-[#6;H1X4:8]=[#6;X4:52]-[#6])-[#6:10]-[#6:11]-[#7:12]-,=[#6:13](-,=[#8:14])[#6;A;H1X4:15]([#8:16])[C:17]([#6:18])([#6:19])[#6:20]-[#8:21][P:22]([#8:23])(=[O:24])[#8:25][P:26]([#8:27])(=[O:28])[#8:29]-[#6:30]-[#6:31]-1-[#8:32]-[#6:33](-[#6:34](-[#8:35])-[#6:36]-1-[#8:37][P:38]([#8:40])([#8:41])=[O:39])-[n:42]1[c:43][n:44][c:45]2[c:50](-[#7:51])[n:49][c:48][n:47][c:46]12
base	SN_GLYCEROL_3_PHOSPHATE_TRANSFER_TO_CDP_DIACYLGLYCEROL	BTMR0494	Synthesis of 1,2-diacylglycerol-3-phosphoglycerol-3-phosphate from CDP-diacylglycerol	bt:SN_GLYCEROL_3_PHOSPHATE_TRANSFER_TO_CDP_DIACYLGLYCEROL	1	[#7]-[#6;R1]1=,:[#6;R1][#6;R1]=,:[#7]([#6;R1](=O)[#7;R1]1)[#6;A;H1X4]1[#8]-[#6;R1]([#6;A;H2X4][#8]P([#8;A;X2H1,X1-])(=O)[#8]P([#8;A;X2H1,X1-])(=O)[#8]-[#6;H2X4][#6;A;H1X4]([#6;H2X4]-[#8]-[#6]([#6,#1;A])=O)[#8]-[#6]([#6,#1;A])=O)[#6;A;H1X4]([#8;A;H1X2])[#6;A;H1X4]1[#8;A;H1X2]	0		[#7:33]-[#6;R1:32]1=,:[#6;R1:31][#6;R1:30]=,:[#7:29]([#6;R1:35](=[O:36])[#7;R1:34]1)[#6;A;H1X4:5]1[#8:6]-[#6;R1:7]([#6;A;H2X4:8][#8:9][P:10]([#8;A;X2H1,X1-:11])(=[O:12])[#8:13][P:14]([#8;A;X2H1,X1-:15])(=[O:16])[#8:17]-[#6;H2X4:18][#6;A;H1X4:19]([#6;H2X4:20]-[#8:21]-[#6:22]([#6,#1;A:23])=[O:24])[#8:25]-[#6:26]([#6,#1;A:27])=[O:28])[#6;A;H1X4:2]([#8;A;H1X2:1])[#6;A;H1X4:3]1[#8;A;H1X2:4]>>[H][#8:13][P:10]([#8;A;X2H1,X1-:11])(=[O:12])[#8:9][#6;A;H2X4:8][#6;R1:7]1-[#8:6][#6;A;H1X4:5]([#7:29]2=,:[#6;R1:30][#6;R1:31]=,:[#6;R1:32](-[#7:33])[#7;R1:34][#6;R1:35]2=[O:36])[#6;A;H1X4:3]([#8;A;H1X2:4])[#6;A;H1X4:2]1[#8;A;H1X2:1].[#8]-[#6](-[#6]-[#8]P([#8])([#8])=O)-[#6]-[#8][P:14]([#8;A;X2H1,X1-:15])(=[O:16])[#8:17]-[#6;H2X4:18][#6;A;H1X4:19]([#6;H2X4:20]-[#8:21]-[#6:22]([#6,#1;A:23])=[O:24])[#8:25]-[#6:26]([#6,#1;A:27])=[O:28]
base	SPHINGANINE_C4_HYDROXYLATION	BTMR0639	C4-Hydroxylation of sphinganine	bt:SPHINGANINE_C4_HYDROXYLATION	1	[H]OC([H])([H])C([H])(N([H])C(C)=O)C([H])(O[H])C([H])([H])C([H])([H])C([H])([H])C([H])([H])C([H])([H])C([H])([H])C([H])([H])C([H])([H])C([H])([H])C([H])([H])C([H])([H])C([H])([H])C([H])([H])C([H])([H])C([H])([H])[H]	0		[H:59][#8:19][C:18]([H:57])([H:58])[C:17]([H:56])([#7:20]([H:60])-[#6:21](-[#6:23])=[O:22])[C:16]([H:55])([#8:24][H:61])[C:15]([H:54])([H])[C:14]([H:52])([H:53])[C:13]([H:50])([H:51])[C:12]([H:48])([H:49])[C:11]([H:46])([H:47])[C:10]([H:44])([H:45])[C:9]([H:42])([H:43])[C:8]([H:40])([H:41])[C:7]([H:38])([H:39])[C:6]([H:36])([H:37])[C:5]([H:34])([H:35])[C:4]([H:32])([H:33])[C:3]([H:30])([H:31])[C:2]([H:28])([H:29])[#6;A:1]([H:25])([H:26])[H:27]>>[H:59][#8:19][C:18]([H:57])([H:58])[C:17]([H:56])([#7:20]([H:60])-[#6:21](-[#6:23])=[O:22])[C:16]([H:55])([#8:24][H:61])[C:15]([H:54])([#8][H])[C:14]([H:52])([H:53])[C:13]([H:50])([H:51])[C:12]([H:48])([H:49])[C:11]([H:46])([H:47])[C:10]([H:44])([H:45])[C:9]([H:42])([H:43])[C:8]([H:40])([H:41])[C:7]([H:38])([H:39])[C:6]([H:36])([H:37])[C:5]([H:34])([H:35])[C:4]([H:32])([H:33])[C:3]([H:30])([H:31])[C:2]([H:28])([H:29])[#6;A:1]([H:25])([H:26])[H:27]
base	SPHINGOLIPID_10_DESATURATION	BTMR0412	10-Desaturation of sphingolipid	bt:SPHINGOLIPID_10_DESATURATION	1	[#6;A;H3X4][#6;A;H2X4][#6;A;H2X4][#6;A;H2X4][#6;A;H2X4][#6;A;H2X4][#6;A;H2X4][#6;A;H2X4][#6;A;H2X4]-[#6;A;H1X3]=[#6;A;H1X3]-[#6;A;H2X4][#6;A;H2X4]-[#6;A;H1X3]=[#6;A;H1X3]-[#6;A;H1X4]([#8;A;X2H1,X1-])[#6;A;H1X4]([#6;A;H2X4][#8;A;X2H1,X1-])[#7;A;H1X3][#6](-[#6])=O	0		[#6;A;H3X4:1][#6;A;H2X4:2][#6;A;H2X4:3][#6;A;H2X4:4][#6;A;H2X4:5][#6;A;H2X4:6][#6;A;H2X4:7][#6;A;H2X4:8][#6;A;H2X4:9]-[#6;A;H1X3:10]=[#6;A;H1X3:11]-[#6;A;H2X4:12][#6;A;H2X4:13]-[#6;A;H1X3:14]=[#6;A;H1X3:15]-[#6;A;H1X4:18]([#8;A;X2H1,X1-:22])[#6;A;H1X4:17]([#6;A;H2X4:16][#8;A;X2H1,X1-:21])[#7;A;H1X3:20][#6:19](-[#6:24])=[O:23]>>[#6;A;H3X4:1][#6;A;H2X4:2][#6;A;H2X4:3][#6;A;H2X4:4][#6;A;H2X4:5][#6;A;H2X4:6][#6;A;H2X4:7]-[#6;A;H1X3:8]=[#6;A;H1X3:9]-[#6;A;H1X3:10]=[#6;A;H1X3:11]-[#6;A;H2X4:12][#6;A;H2X4:13]-[#6;A;H1X3:14]=[#6;A;H1X3:15]-[#6;A;H1X4:18]([#8;A;X2H1,X1-:22])[#6;A;H1X4:17]([#6;A;H2X4:16][#8;A;X2H1,X1-:21])[#7;A;H1X3:20][#6:19](-[#6:24])=[O:23]
base	SPHINGOLIPID_4_DESATURATION	BTMR0410	4-Desaturation of sphingolipid	bt:SPHINGOLIPID_4_DESATURATION	1	[#6;A;H3X4][#6;A;H2X4][#6;A;H2X4][#6;A;H2X4][#6;A;H2X4][#6;A;H2X4][#6;A;H2X4][#6;A;H2X4][#6;A;H2X4][#6;A;H2X4][#6;A;H2X4][#6;A;H2X4][#6;A;H2X4][#6;A;H2X4][#6;A;H2X4][#6;A;H1X4]([#8;A;X2H1,X1-])[#6;A;H1X4]([#6;A;H2X4][#8;A;X2H1,X1-])[#7;A;H1X3][#6](-[#6])=O	0		[#6;A;H3X4:1][#6;A;H2X4:2][#6;A;H2X4:3][#6;A;H2X4:4][#6;A;H2X4:5][#6;A;H2X4:6][#6;A;H2X4:7][#6;A;H2X4:8][#6;A;H2X4:9][#6;A;H2X4:10][#6;A;H2X4:11][#6;A;H2X4:12][#6;A;H2X4:13][#6;A;H2X4:14][#6;A;H2X4:15][#6;A;H1X4:18]([#8;A;X2H1,X1-:22])[#6;A;H1X4:17]([#6;A;H2X4:16][#8;A;X2H1,X1-:21])[#7;A;H1X3:20][#6:19](-[#6:24])=[O:23]>>[#6;A;H3X4:1][#6;A;H2X4:2][#6;A;H2X4:3][#6;A;H2X4:4][#6;A;H2X4:5][#6;A;H2X4:6][#6;A;H2X4:7][#6;A;H2X4:8][#6;A;H2X4:9][#6;A;H2X4:10][#6;A;H2X4:11][#6;A;H2X4:12][#6;A;H2X4:13]-[#6;A;H1X3:14]=[#6;A;H1X3:15]-[#6;A;H1X4:18]([#8;A;X2H1,X1-:22])[#6;A;H1X4:17]([#6;A;H2X4:16][#8;A;X2H1,X1-:21])[#7;A;H1X3:20][#6:19](-[#6:24])=[O:23]
base	SPHINGOLIPID_8E_DESATURATION	BTMR0411	(8E)-Desaturation of sphingolipid	bt:SPHINGOLIPID_8E_DESATURATION	1	[#6;A;H3X4R0][#6;A;H2X4R0][#6;A;H2X4R0][#6;A;H2X4R0][#6;A;H2X4R0][#6;A;H2X4R0][#6;A;H2X4R0][#6;A;H2X4R0][#6;A;H2X4R0][#6;A;H2X4R0][#6;A;H2X4R0][#6;A;H2X4R0][#6;A;H2X4R0][#6;A;H2X4R0][#6;A@@H;H1X4]([#8;A;H1X2])[#6;A@@H;H1X4]([#8;A;X2H1,X1-])[#6;A@H;H1X4]([#6;A;H2X4][#8;A;X2H1,X1-])[#7;A;H1X3][#6;X3](-[#6])=[O;X1]	0		[#6;A;H3X4R0:1][#6;A;H2X4R0:2][#6;A;H2X4R0:3][#6;A;H2X4R0:4][#6;A;H2X4R0:5][#6;A;H2X4R0:6][#6;A;H2X4R0:7][#6;A;H2X4R0:8][#6;A;H2X4R0:9][#6;A;H2X4R0:10][#6;A;H2X4R0:11][#6;A;H2X4R0:12][#6;A;H2X4R0:13][#6;A;H2X4R0:14][#6;A;H1X4;@@:15]([#8;A;H1X2:16])[#6;A;H1X4;@@:17]([#8;A;X2H1,X1-:18])[#6;A;H1X4;@:19]([#6;A;H2X4:20][#8;A;X2H1,X1-:21])[#7;A;H1X3:22][#6;X3:23](-[#6:24])=[O;X1:25]>>[#6;A;H3X4R0:1][#6;A;H2X4R0:2][#6;A;H2X4R0:3][#6;A;H2X4R0:4][#6;A;H2X4R0:5][#6;A;H2X4R0:6][#6;A;H2X4R0:7][#6;A;H2X4R0:8][#6;A;H2X4R0:9][#6;A;H1X3R0:10]=[#6;A;H1X3R0:11][#6;A;H2X4R0:12][#6;A;H2X4R0:13][#6;A;H2X4R0:14][#6;A;H1X4;@@:15]([#8;A;H1X2:16])[#6;A;H1X4;@@:17]([#8;A;X2H1,X1-:18])[#6;A;H1X4;@:19]([#6;A;H2X4:20][#8;A;X2H1,X1-:21])[#7;A;H1X3:22][#6;X3:23](-[#6:24])=[O;X1:25]
base	SPHINGOLIPID_8Z_DESATURATION	BTMR0415	(8Z)-Desaturation of sphingolipid	bt:SPHINGOLIPID_8Z_DESATURATION	1	[#6;A;H3X4R0][#6;A;H2X4R0][#6;A;H2X4R0][#6;A;H2X4R0][#6;A;H2X4R0][#6;A;H2X4R0][#6;A;H2X4R0][#6;A;H2X4R0][#6;A;H2X4R0][#6;A;H2X4R0][#6;A;H2X4R0][#6;A;H2X4R0][#6;A;H2X4R0][#6;A;H2X4R0][#6;A@@H;H1X4]([#8;A;H1X2])[#6;A@@H;H1X4]([#8;A;X2H1,X1-])[#6;A@H;H1X4]([#6;A;H2X4][#8;A;X2H1,X1-])[#7;A;H1X3][#6;X3](-[#6])=[O;X1]	0		[#6;A;H3X4R0:1][#6;A;H2X4R0:2][#6;A;H2X4R0:3][#6;A;H2X4R0:4][#6;A;H2X4R0:5][#6;A;H2X4R0:6][#6;A;H2X4R0:7][#6;A;H2X4R0:8][#6;A;H2X4R0:9][#6;A;H2X4R0:10][#6;A;H2X4R0:11][#6;A;H2X4R0:12][#6;A;H2X4R0:13][#6;A;H2X4R0:14][#6;A;H1X4;@@:15]([#8;A;H1X2:16])[#6;A;H1X4;@@:17]([#8;A;X2H1,X1-:18])[#6;A;H1X4;@:19]([#6;A;H2X4:20][#8;A;X2H1,X1-:21])[#7;A;H1X3:22][#6;X3:23](-[#6:24])=[O;X1:25]>>[#6;A;H3X4R0:1][#6;A;H2X4R0:2][#6;A;H2X4R0:3][#6;A;H2X4R0:4][#6;A;H2X4R0:5][#6;A;H2X4R0:6][#6;A;H2X4R0:7][#6;A;H2X4R0:8][#6;A;H2X4R0:9]-[#6;A;H2X4R0:10]=[#6;A;H2X4R0:11]/[#6;A;H2X4R0:12][#6;A;H2X4R0:13][#6;A;H2X4R0:14][#6;A;H1X4;@@:15]([#8;A;H1X2:16])[#6;A;H1X4;@@:17]([#8;A;X2H1,X1-:18])[#6;A;H1X4;@:19]([#6;A;H2X4:20][#8;A;X2H1,X1-:21])[#7;A;H1X3:22][#6;X3:23](-[#6:24])=[O;X1:25]
base	SPHINGOLIPID_C9_METHYLATION	BTMR0420	C9-Methylation of sphingolipid	bt:SPHINGOLIPID_C9_METHYLATION	1	[#6;A;H3X4][#6;A;H2X4][#6;A;H2X4][#6;A;H2X4][#6;A;H2X4][#6;A;H2X4][#6;A;H2X4][#6;A;H2X4][#6;A;H2X4][#6;A;H1X3]=[#6;A;H1X3][#6;A;H2X4][#6;A;H2X4][#6;A;H1X3]=[#6;A;H1X3][#6;A;H1X4]([#8;A;H1X2])[#6;A;H1X4]([#6;A;H2X4][#8;A;H1X2])[#7;A;H1X3][#6](-[#6])=[O;X1]	0		[#6;A;H3X4:1][#6;A;H2X4:2][#6;A;H2X4:3][#6;A;H2X4:4][#6;A;H2X4:5][#6;A;H2X4:6][#6;A;H2X4:7][#6;A;H2X4:8][#6;A;H2X4:9][#6;A;H1X3:10]=[#6;A;H1X3:11][#6;A;H2X4:12][#6;A;H2X4:13][#6;A;H1X3:14]=[#6;A;H1X3:15][#6;A;H1X4:16]([#8;A;H1X2:17])[#6;A;H1X4:18]([#6;A;H2X4:23][#8;A;H1X2:24])[#7;A;H1X3:19][#6:20](-[#6:22])=[O;X1:21]>>[#6;A;H3X4:1][#6;A;H2X4:2][#6;A;H2X4:3][#6;A;H2X4:4][#6;A;H2X4:5][#6;A;H2X4:6][#6;A;H2X4:7][#6;A;H2X4:8][#6;A;H2X4:9][#6;A;X3:10]([#6])=[#6;A;H1X3:11][#6;A;H2X4:12][#6;A;H2X4:13][#6;A;H1X3:14]=[#6;A;H1X3:15][#6;A;H1X4:16]([#8;A;H1X2:17])[#6;A;H1X4:18]([#6;A;H2X4:23][#8;A;H1X2:24])[#7;A;H1X3:19][#6:20](-[#6:22])=[O;X1:21]
base	SPHINGOMYELIN_PHOSPHOCHLINE_CLEAVAGE	BTMR0550	Cleavage of phosphocholine from sphingomyelin	bt:SPHINGOMYELIN_PHOSPHOCHLINE_CLEAVAGE	1	[#6;A;X4R0;H2,H3][#6;H2X4R0]-[#6;H2X4R0]-[#6;H2X4R0]-[#6;H2X4R0]-[#6;H2X4R0]-[#6;H2X4R0]-[#6;H2X4R0]-[#6;H2X4R0][#6;A;X4H2,X3H1]-,=[#6;CX4H2,CX3H1,$([CX4H1]-[O]-[H])]-[#6;X4](-[#8;H1X2])-[#6;X4](-[#6;H2X4]-[#8]P([#8;A;X2H1,X1-])(=O)[#8]-[#6;H2X4]-[#6;H2X4][N+]([#6;H3X4])([#6;H3X4])[#6;H3X4])-[#7;H1X3]-[#6]([#6,#1;A])=[O;X1]	0		[#6;A;X4R0;H2,H3:1][#6;H2X4R0:2]-[#6;H2X4R0:3]-[#6;H2X4R0:4]-[#6;H2X4R0:5]-[#6;H2X4R0:6]-[#6;H2X4R0:7]-[#6;H2X4R0:8]-[#6;H2X4R0:9][#6;A;X4H2,X3H1:10]-,=[#6;CX4H2,CX3H1,$([CX4H1]-[O]-[H]):11]-[#6;X4:12](-[#8;H1X2:13])-[#6;X4:14](-[#6;H2X4:15]-[#8:16][P:17]([#8;A;X2H1,X1-:18])(=[O:19])[#8:20]-[#6;H2X4:21]-[#6;H2X4:22][N+:23]([#6;H3X4:26])([#6;H3X4:25])[#6;H3X4:24])-[#7;H1X3:27]-[#6:28]([#6,#1;A:29])=[O;X1:30]>>[H][#8][P:17]([#8;A;X2H1,X1-:18])(=[O:19])[#8:20]-[#6;H2X4:21]-[#6;H2X4:22][N+:23]([#6;H3X4:26])([#6;H3X4:25])[#6;H3X4:24].[H][#8:16]-[#6;H2X4:15]-[#6;X4:14](-[#7;H1X3:27]-[#6:28]([#6,#1;A:29])=[O;X1:30])-[#6;X4:12](-[#8;H1X2:13])-[#6;CX4H2,CX3H1,$([CX4H1]-[O]-[H]):11]-,=[#6;A;X4H2,X3H1:10][#6;H2X4R0:9]-[#6;H2X4R0:8]-[#6;H2X4R0:7]-[#6;H2X4R0:6]-[#6;H2X4R0:5]-[#6;H2X4R0:4]-[#6;H2X4R0:3]-[#6;H2X4R0:2][#6;A;X4R0;H2,H3:1]
base	SPHINGOSINE_N_ACYLATION_REVERSE	BTMR0428	Deacylation of N-acylsphingosine or N-acylsphinganine	bt:SPHINGOSINE_N_ACYLATION_REVERSE	1	[$([#6;A;H3X4][#6;A;H2X4][#6;A;H2X4][#6;A;H2X4][#6;A;H2X4][#6;A;H2X4][#6;A;H2X4][#6;A;H2X4][#6;A;H2X4][#6;A;H2X4][#6;A;H2X4][#6;A;H2X4][#6;A;H2X4][#6]-,=[#6](-[#1,OX2H1])[#6;A;H1X4]([#8;A;H1X2])[#6;A;H1X4]([#6;A;H2X4][!#1!#6;OX2H1,$([#8;X2]-[#15](=O)([OX2H1,OX1-])OCC[NX4+](-[CX4H3])(-[CX4H3])[CX4H3])])[#7;A;H1X3][#6](-[#6])=[O;X1]),$([#6;A;H3X4][#6;A;H2X4][#6;A;H2X4][#6;A;H2X4][#6;A;H2X4][#6;A;H2X4][#6;A;H2X4][#6;A;H2X4][#6;A;H2X4][#6;A;H2X4][#6;A;H2X4][#6;A;H2X4][#6;A;H2X4][#6]-,=[#6](-[#1,OX2H1])[#6;A;H1X4]([#8;A;H1X2])[#6;A;H1X4]([#6;A;H2X4][!#1!#6;OX2H1,$([#8;X2]-[#15](=O)([OX2H1,OX1-])OCC[NX4+](-[CX4H3])(-[CX4H3])[CX4H3])])[#7;A;X2]=[#6](-[#6])-[#8;H1X2])]	0		[#8:24]-,=[#6:22](-[#6:23])-,=[#7:21][#6;A;H1X4:18]([#6;A;H2X4:19][!#1!#6;OX2H1,$([#8;X2]-[#15](=O)([OX2H1,OX1-])OCC[NX4+](-[CX4H3])(-[CX4H3])[CX4H3]):20])[#6;A;H1X4:16]([#8;A;H1X2:17])[#6:15](-[#1,OX2H1:25])-,=[#6:14][#6;A;H2X4:13][#6;A;H2X4:12][#6;A;H2X4:11][#6;A;H2X4:10][#6;A;H2X4:9][#6;A;H2X4:8][#6;A;H2X4:7][#6;A;H2X4:6][#6;A;H2X4:5][#6;A;H2X4:4][#6;A;H2X4:3][#6;A;H2X4:2][#6;A;H3X4:1]>>[H][#7:21]([H])[#6;A;H1X4:18]([#6;A;H2X4:19][!#1!#6;OX2H1,$([#8;X2]-[#15](=O)([OX2H1,OX1-])OCC[NX4+](-[CX4H3])(-[CX4H3])[CX4H3]):20])[#6;A;H1X4:16]([#8;A;H1X2:17])[#6:15](-[#1,OX2H1:25])-,=[#6:14][#6;A;H2X4:13][#6;A;H2X4:12][#6;A;H2X4:11][#6;A;H2X4:10][#6;A;H2X4:9][#6;A;H2X4:8][#6;A;H2X4:7][#6;A;H2X4:6][#6;A;H2X4:5][#6;A;H2X4:4][#6;A;H2X4:3][#6;A;H2X4:2][#6;A;H3X4:1].[H][#8]-[#6@@H]-1-[#6@H](-[#8]P(=O)([#8][H])[#8][H])-[#6](-[#6]-[#8]P(=O)([#8][H])[#8]P(=O)([#8][H])[#8]-[#6]C([#6])([#6])[#6](-[#8])-[#6](=O)-[#7]-[#6]-[#6]-[#6](=O)-[#7]-[#6]-[#6]-[#16]-[#6:22](-[#6:23])=[O:24])-[#8]-[#6]-1-[#7]-1-[#6]=[#7]-[#6]-2=[#6]-1-[#7]=[#6]-[#7]=[#6]-2-[#7]
base	STEROID_3_SULFATE_HYDROLYSIS_PATTERN1	BTMR1206	Steroid 3-sulfate hydrolysis	bt:STEROID_3_SULFATE_HYDROLYSIS	1	[#1,#6,#8]-,=[#6]1-[#6]-[#6]-[#6]2-[#6]-3-[#6]-[#6]-,=[#6]-4-,=[#6]-[#6](-[#6]-,=[#6]-[#6]-4-[#6]-3[#6;A;H2X4][#6]C12[#6;A;H3X4])-[#8]S([#8;A;X2H1,X1-])(=O)=O	0		[#1,#6,#8:1]-,=[#6:2]1-[#6:3]-[#6:4]-[#6:5]2-[#6:6]-3-[#6:7]-[#6:8]-,=[#6:9]-4-,=[#6:10]-[#6:11](-[#6:12]-,=[#6:13]-[#6:14]-4-[#6:15]-3[#6;A;H2X4:16][#6:17][C:18]12[#6;A;H3X4:19])-[#8:20][S:21]([#8;A;X2H1,X1-:22])(=[O:23])=[O:24]>>[H][#8][S:21]([#8;A;X2H1,X1-:22])(=[O:23])=[O:24].[#1,#6,#8:1]-,=[#6:2]1-[#6:3]-[#6:4]-[#6:5]2-[#6:6]-3-[#6:7]-[#6:8]-,=[#6:9]-4-,=[#6:10]-[#6:11](-[#6:12]-,=[#6:13]-[#6:14]-4-[#6:15]-3[#6;A;H2X4:16][#6:17][C:18]12[#6;A;H3X4:19])-[#8:20][H]
base	STEROID_3_SULFATE_HYDROLYSIS_PATTERN2	BTMR1207	Steroid 3-sulfate hydrolysis	bt:STEROID_3_SULFATE_HYDROLYSIS	1	[#1,#6,#8]-,=[#6]1-[#6]-[#6]-[#6]2-[#6]-3-[#6]-,=[#6]-[#6]4=,:[#6][#6](=,:[#6][#6]=,:[#6]4-[#6]-3[#6;A;H2X4][#6]C12[#6;A;H3X4])-[#8]S([#8;A;X2H1,X1-])(=O)=O	0		[#1,#6,#8:1]-,=[#6:2]1-[#6:3]-[#6:4]-[#6:5]2-[#6:6]-3-[#6:7]-,=[#6:8]-[#6:9]4=,:[#6:10][#6:11](=,:[#6:12][#6:13]=,:[#6:14]4-[#6:15]-3[#6;A;H2X4:16][#6:17][C:18]12[#6;A;H3X4:19])-[#8:20][S:21]([#8;A;X2H1,X1-:24])(=[O:22])=[O:23]>>[H][#8][S:21]([#8;A;X2H1,X1-:24])(=[O:22])=[O:23].[#1,#6,#8:1]-,=[#6:2]1-[#6:3]-[#6:4]-[#6:5]2-[#6:6]-3-[#6:7]-,=[#6:8]-[#6:9]4=,:[#6:10][#6:11](=,:[#6:12][#6:13]=,:[#6:14]4-[#6:15]-3[#6;A;H2X4:16][#6:17][C:18]12[#6;A;H3X4:19])-[#8:20][H]
base	STEROID_DELTA_ISOMERIZATION	BTMR0595	delta-Isomerization of steroid	bt:STEROID_DELTA_ISOMERIZATION	1	O=[#6]1-[#6]-[#6][#6,#8,#7,#16;A;R2]2~[#6,#8,#7,#16]~3-,=[#6,#8,#7,#16;A;R1]-,=[#6,#8,#7,#16]-,=[#6,#8,#7,#16;A;R2]-,=4-,=[#6,#8,#7,#16]-,=[#6,#8,#7,#16]-,=[#6,#8,#7,#16]-,=[#6,#8,#7,#16]-,=4-,=[#6,#8,#7,#16;A;R2]~3~[#6,#8,#7,#16;A;R1][#6]=[#6]2[#6;A;X4;H2,H1]1	0		[O:1]=[#6:2]1-[#6:3]-[#6:4][#6,#8,#7,#16;A;R2:5]2~[#6,#8,#7,#16:6]~3-,=[#6,#8,#7,#16;A;R1:7]-,=[#6,#8,#7,#16:8]-,=[#6,#8,#7,#16;A;R2:9]-,=4-,=[#6,#8,#7,#16:10]-,=[#6,#8,#7,#16:11]-,=[#6,#8,#7,#16:12]-,=[#6,#8,#7,#16:13]-,=4-,=[#6,#8,#7,#16;A;R2:14]~3~[#6,#8,#7,#16;A;R1:15][#6:16]=[#6:17]2[#6;A;X4;H2,H1:18]1>>[O:1]=[#6:2]1-[#6:3]-[#6:4][#6,#8,#7,#16;A;R2:5]2~[#6,#8,#7,#16:6]~3-,=[#6,#8,#7,#16;A;R1:7]-,=[#6,#8,#7,#16:8]-,=[#6,#8,#7,#16;A;R2:9]-,=4-,=[#6,#8,#7,#16:10]-,=[#6,#8,#7,#16:11]-,=[#6,#8,#7,#16:12]-,=[#6,#8,#7,#16:13]-,=4-,=[#6,#8,#7,#16;A;R2:14]~3~[#6,#8,#7,#16;A;R1:15][#6:16]-[#6:17]2=[#6;A;X3:18]1
base	STEROL_11_BETA_HYDROXYLATION	BTMR0406	11-beta-Hydroxylation of sterol	bt:STEROL_11_BETA_HYDROXYLATION	1	[H][#6;A;X4]1([H])[#6,#8,#7,#16]-,=[#6,#8,#7,#16]-,=2-,=[#6,#8,#7,#16;A]-,=[#6,#8,#7,#16]-,=[#6,#8,#7,#16]-,=[#6,#8,#7,#16;A;R2]-,=2-,=[#6,#8,#7,#16;A;R2]~2~[#6,#8,#7,#16;A;R1]~[#6,#8,#7,#16]~[#6,#8,#7,#16;A;R2]~3~[#6,#8,#7,#16]~[#6,#8,#7,#16]~[#6,#8,#7,#16]~[#6,#8,#7,#16]~[#6,#8,#7,#16]~3~[#6,#8,#7,#16]1~2	1	[!#1!#6][#6,#8,#7,#16]-,=1[#6;A;X4;H2,H1][#6,#8,#7,#16]~2~[#6,#8,#7,#16]~3~[#6,#8,#7,#16]~[#6,#8,#7,#16]~[#6,#8,#7,#16]~[#6,#8,#7,#16]~[#6,#8,#7,#16;A;R2]~3~[#6,#8,#7,#16]~[#6,#8,#7,#16;A;R1]~[#6,#8,#7,#16;A;R2]~2-,=[#6,#8,#7,#16;A;R2]-,=2-,=[#6,#8,#7,#16]-,=[#6,#8,#7,#16]-,=[#6,#8,#7,#16;A]-,=[#6,#8,#7,#16]-,=1-,=2	[H:19][#6;A;X4:5]1([H:18])[#6,#8,#7,#16:4]-,=[#6,#8,#7,#16:3]-,=2-,=[#6,#8,#7,#16;A:2]-,=[#6,#8,#7,#16:1]-,=[#6,#8,#7,#16:17]-,=[#6,#8,#7,#16;A;R2:16]-,=2-,=[#6,#8,#7,#16;A;R2:15]~2~[#6,#8,#7,#16;A;R1:14]~[#6,#8,#7,#16:13]~[#6,#8,#7,#16;A;R2:12]~3~[#6,#8,#7,#16:11]~[#6,#8,#7,#16:10]~[#6,#8,#7,#16:9]~[#6,#8,#7,#16:8]~[#6,#8,#7,#16:7]~3~[#6,#8,#7,#16:6]1~2>>[H:19][#8][#6;A;X4:5]1([H:18])[#6,#8,#7,#16:4]-,=[#6,#8,#7,#16:3]-,=2-,=[#6,#8,#7,#16;A:2]-,=[#6,#8,#7,#16:1]-,=[#6,#8,#7,#16:17]-,=[#6,#8,#7,#16;A;R2:16]-,=2-,=[#6,#8,#7,#16;A;R2:15]~2~[#6,#8,#7,#16;A;R1:14]~[#6,#8,#7,#16:13]~[#6,#8,#7,#16;A;R2:12]~3~[#6,#8,#7,#16:11]~[#6,#8,#7,#16:10]~[#6,#8,#7,#16:9]~[#6,#8,#7,#16:8]~[#6,#8,#7,#16:7]~3~[#6,#8,#7,#16:6]1~2
base	STEROL_12_OH_SULFATION	BTMR0506	12-OH-Sulfation of sterol	bt:STEROL_12_OH_SULFATION	1	[H][#8]C1([H])[#6]~[#6,#8,#7,#16]~2~[#6,#8,#7,#16]~3~[#6,#8,#7,#16]~[#6,#8,#7,#16]~[#6,#8,#7,#16]~[#6,#8,#7,#16]~[#6,#8,#7,#16;A;R2]~3~[#6,#8,#7,#16]~[#6,#8,#7,#16;A;R1]~[#6,#8,#7,#16;A;R2]~2-,=[#6,#8,#7,#16;A;R2]-,=2-,=[#6,#8,#7,#16]-,=[#6,#8,#7,#16]-,=[#6,#8,#7,#16;A]-,=[#6]1-,=2	2	[H][#7]([#6;A;H2X4][#6](-[#8])=O)-[#6](=O)[#6;A;H1X4]([#6;A;H2X4][#16][#6,#8,#16;A])[#7]([H])-[#6](=O)[#6;A;H2X4][#6;A;H2X4][#6;A;H1X4]([#7])[#6](-[#8])=O | [#8]-,=[#6](-,=[#7]-[#6]-,=[#6]-,=[#16])-[#6]-[#6]-[#7]-,=[#6](-,=[#8])-[#6](-,=[#8])C([#6])([#6])[#6]-[#8]P([#8])(=O)[#8]P([#8])(=O)[#8]-[#6]-[#6]-1-[#8]-[#6](-[#7]~2~[#6]~[#7]~[#6]~3~[#6]~2~[#7]~[#6]~[#7]~[#6]~3-[#7])-[#6](-[#8])-[#6]-1-[#8]	[H:20][#8:1][C:2]1([H:3])[#6:4]~[#6,#8,#7,#16:5]~2~[#6,#8,#7,#16:6]~3~[#6,#8,#7,#16:7]~[#6,#8,#7,#16:8]~[#6,#8,#7,#16:9]~[#6,#8,#7,#16:10]~[#6,#8,#7,#16;A;R2:11]~3~[#6,#8,#7,#16:12]~[#6,#8,#7,#16;A;R1:13]~[#6,#8,#7,#16;A;R2:14]~2-,=[#6,#8,#7,#16;A;R2:15]-,=2-,=[#6,#8,#7,#16:16]-,=[#6,#8,#7,#16:17]-,=[#6,#8,#7,#16;A:18]-,=[#6:19]1-,=2>>[H:20][#8]S(=O)(=O)[#8:1][C:2]1([H:3])[#6:4]~[#6,#8,#7,#16:5]~2~[#6,#8,#7,#16:6]~3~[#6,#8,#7,#16:7]~[#6,#8,#7,#16:8]~[#6,#8,#7,#16:9]~[#6,#8,#7,#16:10]~[#6,#8,#7,#16;A;R2:11]~3~[#6,#8,#7,#16:12]~[#6,#8,#7,#16;A;R1:13]~[#6,#8,#7,#16;A;R2:14]~2-,=[#6,#8,#7,#16;A;R2:15]-,=2-,=[#6,#8,#7,#16:16]-,=[#6,#8,#7,#16:17]-,=[#6,#8,#7,#16;A:18]-,=[#6:19]1-,=2
base	STEROL_12_OH_SULFATION_PATTERN2	BTMR0507	12-OH-Sulfation of sterol	bt:STEROL_12_OH_SULFATION	1	[H][#8]C1([H])[#6]~[#6,#7]~2~[#6]=,:3[#6]=,:[#6][#6]=,:[#6][#6]=,:3~[#6,#7]~[#6,#7]~[#6,#7]~2-,=[#6,#7]-,=2-,=[#6,#8,#7,#16]-,=[#6,#8,#7,#16]-,=[#6,#8,#7,#16;A]-,=[#6]1-,=2	2	[H][#7]([#6;A;H2X4][#6](-[#8])=O)-[#6](=O)[#6;A;H1X4]([#6;A;H2X4][#16][#6,#8,#16;A])[#7]([H])-[#6](=O)[#6;A;H2X4][#6;A;H2X4][#6;A;H1X4]([#7])[#6](-[#8])=O | [#8]-,=[#6](-,=[#7]-[#6]-,=[#6]-,=[#16])-[#6]-[#6]-[#7]-,=[#6](-,=[#8])-[#6](-,=[#8])C([#6])([#6])[#6]-[#8]P([#8])(=O)[#8]P([#8])(=O)[#8]-[#6]-[#6]-1-[#8]-[#6](-[#7]~2~[#6]~[#7]~[#6]~3~[#6]~2~[#7]~[#6]~[#7]~[#6]~3-[#7])-[#6](-[#8])-[#6]-1-[#8]	[H:1][#8:2][C:3]1([H:4])[#6:5]~[#6,#7:6]~2~[#6:7]=,:3[#6:8]=,:[#6:9][#6:10]=,:[#6:11][#6:12]=,:3~[#6,#7:13]~[#6,#7:14]~[#6,#7:15]~2-,=[#6,#7:16]-,=2-,=[#6,#8,#7,#16:17]-,=[#6,#8,#7,#16:18]-,=[#6,#8,#7,#16;A:19]-,=[#6:20]1-,=2>>[#6,#7].[H:1][#8]S(=O)(=O)[#8:2][C:3]1([H:4])[#6:5]~[#6,#7:6]~2~[#6:7]=,:3[#6:8]=,:[#6:9][#6:10]=,:[#6:11][#6:12]=,:3~[#6,#7:13]~[#6,#7:14]~[#6,#7:15]~2-,=[#6,#7:16]-,=2-,=[#6,#8,#7,#16:17]-,=[#6,#8,#7,#16:18]-,=[#6,#8,#7,#16;A:19]-,=[#6:20]1-,=2
base	STEROL_14_ALPHA_DEMETHYLATION	BTMR0388	Demethylation of 14-alpha-methylsterol	bt:STEROL_14_ALPHA_DEMETHYLATION	1	[#6;A;H3X4][C@@]12[#6,#7,#8,#16]-,=[#6,#7,#8,#16]-,=[#6]-[#6]1-[#6,#7,#8,#16]-,=[#6,#7,#8,#16]-[#6]-1-,=[#6]2-[#6,#7,#8,#16]-,=[#6,#7,#8,#16]-[#6]-2-[#6,#7,#8,#16]-,=[#6]-[#6]-[#6]-[#6,#7,#8,#16]-1-2	0		[#6;A;H3X4][C@@:1]12[#6,#7,#8,#16:11]-,=[#6,#7,#8,#16:15]-,=[#6:8]-[#6:2]1-[#6,#7,#8,#16:10]-,=[#6,#7,#8,#16:14]-[#6:6]-1-,=[#6:5]2-[#6,#7,#8,#16:16]-,=[#6,#7,#8,#16:17]-[#6:7]-2-[#6,#7,#8,#16:9]-,=[#6:4]-[#6:13]-[#6:12]-[#6,#7,#8,#16:3]-1-2>>[#6,#7,#8,#16:15]-,=1-,=[#6:8]-[#6:2]-2-[#6,#7,#8,#16:10]-,=[#6,#7,#8,#16:14]-[#6:6]-3-,=[#6:5](-[#6,#7,#8,#16:16]-,=[#6,#7,#8,#16:17]-[#6:7]-4-[#6,#7,#8,#16:9]-,=[#6:4]-[#6:13]-[#6:12]-[#6,#7,#8,#16:3]-3-4)-[#6:1]-2-[#6,#7,#8,#16:11]-,=1
base	STEROL_16_HYDROXYLATION_PATTERN1	BTMR0407	16-Hydroxylation of sterol	bt:STEROL_16_HYDROXYLATION	1	[H]C1([H])[#6]-,=[#6,#8,#7,#16]-,=2-,=[#6,#8,#7,#16]~[#6,#8,#7,#16;A]~[#6,#8,#7,#16]~3~[#6,#8,#7,#16]~4~[#6,#8,#7,#16]~[#6,#8,#7,#16]~[#6,#8,#7,#16]~[#6,#8,#7,#16]~[#6,#8,#7,#16;A;R2]~4~[#6,#8,#7,#16]~[#6,#8,#7,#16;A;R1]~[#6,#8,#7,#16;A;R2]~3-,=[#6,#8,#7,#16;A;R2]-,=2-,=[#6]1	0		[H:18][C:6]1([H:19])[#6:7]-,=[#6,#8,#7,#16:8]-,=2-,=[#6,#8,#7,#16:9]~[#6,#8,#7,#16;A:10]~[#6,#8,#7,#16:11]~3~[#6,#8,#7,#16:12]~4~[#6,#8,#7,#16:13]~[#6,#8,#7,#16:14]~[#6,#8,#7,#16:15]~[#6,#8,#7,#16:16]~[#6,#8,#7,#16;A;R2:17]~4~[#6,#8,#7,#16:1]~[#6,#8,#7,#16;A;R1:2]~[#6,#8,#7,#16;A;R2:3]~3-,=[#6,#8,#7,#16;A;R2:4]-,=2-,=[#6:5]1>>[H:18][#8][C:6]1([H:19])[#6:7]-,=[#6,#8,#7,#16:8]-,=2-,=[#6,#8,#7,#16:9]~[#6,#8,#7,#16;A:10]~[#6,#8,#7,#16:11]~3~[#6,#8,#7,#16:12]~4~[#6,#8,#7,#16:13]~[#6,#8,#7,#16:14]~[#6,#8,#7,#16:15]~[#6,#8,#7,#16:16]~[#6,#8,#7,#16;A;R2:17]~4~[#6,#8,#7,#16:1]~[#6,#8,#7,#16;A;R1:2]~[#6,#8,#7,#16;A;R2:3]~3-,=[#6,#8,#7,#16;A;R2:4]-,=2-,=[#6:5]1
base	STEROL_16_HYDROXYLATION_PATTERN2	BTMR0408	16-Hydroxylation of sterol	bt:STEROL_16_HYDROXYLATION	1	[H]C1([H])[#6]-,=[#6,#8,#7,#16]-,=2-,=[#6,#8,#7,#16]~[#6,#8,#7,#16;A]~[#6,#8,#7,#16]-3~[#6,#8,#7,#16;A;R2](~[#6,#8,#7,#16;A;R1]~[#6,#8,#7,#16]-[#6,#7]=,:4[#6,#7]=,:[#6,#7][#6,#7]=,:[#6,#7][#6,#7]-3=,:4)-,=[#6,#8,#7,#16;A;R2]-,=2-,=[#6]1	0		[H:1][C:2]1([H:3])[#6:4]-,=[#6,#8,#7,#16:5]-,=2-,=[#6,#8,#7,#16:6]~[#6,#8,#7,#16;A:7]~[#6,#8,#7,#16:8]-3~[#6,#8,#7,#16;A;R2:17](~[#6,#8,#7,#16;A;R1:16]~[#6,#8,#7,#16:15]-[#6,#7:14]=,:4[#6,#7:13]=,:[#6,#7:12][#6,#7:11]=,:[#6,#7:10][#6,#7:9]-3=,:4)-,=[#6,#8,#7,#16;A;R2:18]-,=2-,=[#6:19]1>>[H:1][#8][C:2]1([H:3])[#6:4]-,=[#6,#8,#7,#16:5]-,=2-,=[#6,#8,#7,#16:6]~[#6,#8,#7,#16;A:7]~[#6,#8,#7,#16:8]-3~[#6,#8,#7,#16;A;R2:17](~[#6,#8,#7,#16;A;R1:16]~[#6,#8,#7,#16:15]-[#6,#7:14]=,:4[#6,#7:13]=,:[#6,#7:12][#6,#7:11]=,:[#6,#7:10][#6,#7:9]-3=,:4)-,=[#6,#8,#7,#16;A;R2:18]-,=2-,=[#6:19]1
base	STEROL_17_ALPHA_HYDROXYLATION_PATTERN1	BTMR0390	17-alpha-hydroxylation of sterol	bt:STEROL_17_ALPHA_HYDROXYLATION	1	[H][#8]-[#6]-1-[#6,#8,#7,#16]-[#6,#8,#7,#16]-[#6,#8,#7,#16]-2([#1,#6;A])~[#6,#8,#7,#16]~3[#6;A;X4;H2,H1][#6,#8,#7,#16]-[#6,#8,#7,#16]4([#1,#6;A])[#6,#8,#7,#16;A;R2](-,=[#6,#8,#7,#16]-,=[#6,#8,#7,#16][#6;A;H1X4]4[#6;R0]([#6;A;H3X4])=O)-,=[#6,#8,#7,#16;A;R2]~3~[#6,#8,#7,#16;A;R1][#6]=[#6]-2-[#6,#8,#7,#16]-1	0		[H:25][#8:20]-[#6:12]-1-[#6,#8,#7,#16:13]-[#6,#8,#7,#16:14]-[#6,#8,#7,#16:15]-2([#1,#6;A:22])~[#6,#8,#7,#16:16]~3[#6;A;X4;H2,H1:17][#6,#8,#7,#16:18]-[#6,#8,#7,#16:19]4([#1,#6;A:23])[#6,#8,#7,#16;A;R2:6](-,=[#6,#8,#7,#16:5]-,=[#6,#8,#7,#16:4][#6;A;X4:3]4([H:24])[#6;R0:2]([#6;A;H3X4:1])=[O:21])-,=[#6,#8,#7,#16;A;R2:7]~3~[#6,#8,#7,#16;A;R1:8][#6:9]=[#6:10]-2-[#6,#8,#7,#16:11]-1>>[H:25][#8:20]-[#6:12]-1-[#6,#8,#7,#16:13]-[#6,#8,#7,#16:14]-[#6,#8,#7,#16:15]-2([#1,#6;A:22])~[#6,#8,#7,#16:16]~3[#6;A;X4;H2,H1:17][#6,#8,#7,#16:18]-[#6,#8,#7,#16:19]4([#1,#6;A:23])[#6,#8,#7,#16;A;R2:6](-,=[#6,#8,#7,#16:5]-,=[#6,#8,#7,#16:4][#6;A@;X4:3]4([#8][H:24])[#6;R0:2]([#6;A;H3X4:1])=[O:21])-,=[#6,#8,#7,#16;A;R2:7]~3~[#6,#8,#7,#16;A;R1:8][#6:9]=[#6:10]-2-[#6,#8,#7,#16:11]-1
base	STEROL_17_ALPHA_HYDROXYLATION_PATTERN2	BTMR0391	17-alpha-hydroxylation of sterol	bt:STEROL_17_ALPHA_HYDROXYLATION	1	[H][#6;A;X4]1([#6,#8,#7,#16]-,=[#6,#8,#7,#16]-,=[#6,#8,#7,#16;A;R2]2-,=[#6,#8,#7,#16;A;R2]~3~[#6,#8,#7,#16;A;R1][#6,#8,#7,#16]-[#6]-4=[#6]-[#6](=O)-[#6,#8,#7,#16]-[#6,#8,#7,#16]-[#6,#8,#7,#16]-4([#1,#6;A])~[#6,#8,#7,#16]~3[#6;A;X4;H2,H1][#6,#8,#7,#16]-[#6,#8,#7,#16]12[#1,#6;A])[#6;R0]([#6;A;H3X4])=O	0		[H:24][#6;A;X4:3]1([#6,#8,#7,#16:4]-,=[#6,#8,#7,#16:5]-,=[#6,#8,#7,#16;A;R2:6]2-,=[#6,#8,#7,#16;A;R2:7]~3~[#6,#8,#7,#16;A;R1:8][#6,#8,#7,#16:9]-[#6:10]-4=[#6:11]-[#6:12](=[O:20])-[#6,#8,#7,#16:13]-[#6,#8,#7,#16:14]-[#6,#8,#7,#16:15]-4([#1,#6;A:22])~[#6,#8,#7,#16:16]~3[#6;A;X4;H2,H1:17][#6,#8,#7,#16:18]-[#6,#8,#7,#16:19]12[#1,#6;A:23])[#6;R0:2]([#6;A;H3X4:1])=[O:21]>>[H:24][#8][#6;A;X4:3]1([#6,#8,#7,#16:4]-,=[#6,#8,#7,#16:5]-,=[#6,#8,#7,#16;A;R2:6]2-,=[#6,#8,#7,#16;A;R2:7]~3~[#6,#8,#7,#16;A;R1:8][#6,#8,#7,#16:9]-[#6:10]-4=[#6:11]-[#6:12](=[O:20])-[#6,#8,#7,#16:13]-[#6,#8,#7,#16:14]-[#6,#8,#7,#16:15]-4([#1,#6;A:22])~[#6,#8,#7,#16:16]~3[#6;A;X4;H2,H1:17][#6,#8,#7,#16:18]-[#6,#8,#7,#16@:19]12[#1,#6;A:23])[#6;R0:2]([#6;A;H3X4:1])=[O:21]
base	STEROL_21_HYDROXYLATION	BTMR0396	21-Hydroxylation of sterol	bt:STEROL_21_HYDROXYLATION	1	[#6;A;H3X4R0][#6;R0][#6;A;H1X4]1[#6,#8,#7,#16]-,=[#6,#8,#7,#16]-,=[#6,#8,#7,#16;A;R2]-,=2-,=[#6,#8,#7,#16;A;R2]~3~[#6,#8,#7,#16;A;R1]~[#6,#8,#7,#16]~[#6,#8,#7,#16;A;R2]~4~[#6,#8,#7,#16]~[#6,#8,#7,#16]~[#6,#8,#7,#16]~[#6,#8,#7,#16]~[#6,#8,#7,#16]~4~[#6,#8,#7,#16]~3[#6;A;X4;H2,H1][#6,#8,#7,#16]-,=[#6,#8,#7,#16]1-,=2	0		[H:20][#6;A;X4R0:1]([H:21])([H:22])[#6;R0:2][#6;A;H1X4:3]1[#6,#8,#7,#16:4]-,=[#6,#8,#7,#16:5]-,=[#6,#8,#7,#16;A;R2:6]-,=2-,=[#6,#8,#7,#16;A;R2:7]~3~[#6,#8,#7,#16;A;R1:8]~[#6,#8,#7,#16:9]~[#6,#8,#7,#16;A;R2:10]~4~[#6,#8,#7,#16:11]~[#6,#8,#7,#16:12]~[#6,#8,#7,#16:13]~[#6,#8,#7,#16:14]~[#6,#8,#7,#16:15]~4~[#6,#8,#7,#16:16]~3[#6;A;X4;H2,H1:17][#6,#8,#7,#16:18]-,=[#6,#8,#7,#16:19]1-,=2>>[H:20][#8][#6;A;X4R0:1]([H:21])([H:22])[#6;R0:2][#6;A;H1X4:3]1[#6,#8,#7,#16:4]-,=[#6,#8,#7,#16:5]-,=[#6,#8,#7,#16;A;R2:6]-,=2-,=[#6,#8,#7,#16;A;R2:7]~3~[#6,#8,#7,#16;A;R1:8]~[#6,#8,#7,#16:9]~[#6,#8,#7,#16;A;R2:10]~4~[#6,#8,#7,#16:11]~[#6,#8,#7,#16:12]~[#6,#8,#7,#16:13]~[#6,#8,#7,#16:14]~[#6,#8,#7,#16:15]~4~[#6,#8,#7,#16:16]~3[#6;A;X4;H2,H1:17][#6,#8,#7,#16:18]-,=[#6,#8,#7,#16:19]1-,=2
base	STEROL_2_HYDROXYLATION_PATTERN1	BTMR0398	2-Hydroxylation of sterol	bt:STEROL_2_HYDROXYLATION	1	[H][#6]~1~[#6,#8,#7,#16]~[#6,#8,#7,#16]~[#6,#8,#7,#16;A;R2]~2~[#6,#8,#7,#16]~[#6,#8,#7,#16;A;R1]~[#6,#8,#7,#16;A;R2]~3-,=[#6,#8,#7,#16;A;R2]-,=4-,=[#6,#8,#7,#16]-,=[#6,#8,#7,#16]-,=[#6,#8,#7,#16;A]-,=[#6,#8,#7,#16]-,=4-,=[#6,#8,#7,#16]~[#6,#8,#7,#16;A]~[#6,#8,#7,#16]~3~[#6,#8,#7,#16]~2~[#6,#8,#7,#16]~1	0		[H:18][#6:14]~1~[#6,#8,#7,#16:15]~[#6,#8,#7,#16:16]~[#6,#8,#7,#16;A;R2:17]~2~[#6,#8,#7,#16:1]~[#6,#8,#7,#16;A;R1:2]~[#6,#8,#7,#16;A;R2:3]~3-,=[#6,#8,#7,#16;A;R2:4]-,=4-,=[#6,#8,#7,#16:5]-,=[#6,#8,#7,#16:6]-,=[#6,#8,#7,#16;A:7]-,=[#6,#8,#7,#16:8]-,=4-,=[#6,#8,#7,#16:9]~[#6,#8,#7,#16;A:10]~[#6,#8,#7,#16:11]~3~[#6,#8,#7,#16:12]~2~[#6,#8,#7,#16:13]~1>>[H:18][#8]-[#6:14]~1~[#6,#8,#7,#16:15]~[#6,#8,#7,#16:16]~[#6,#8,#7,#16;A;R2:17]~2~[#6,#8,#7,#16:1]~[#6,#8,#7,#16;A;R1:2]~[#6,#8,#7,#16;A;R2:3]~3-,=[#6,#8,#7,#16;A;R2:4]-,=4-,=[#6,#8,#7,#16:5]-,=[#6,#8,#7,#16:6]-,=[#6,#8,#7,#16;A:7]-,=[#6,#8,#7,#16:8]-,=4-,=[#6,#8,#7,#16:9]~[#6,#8,#7,#16;A:10]~[#6,#8,#7,#16:11]~3~[#6,#8,#7,#16:12]~2~[#6,#8,#7,#16:13]~1
base	STEROL_2_HYDROXYLATION_PATTERN2	BTMR0399	2-Hydroxylation of sterol	bt:STEROL_2_HYDROXYLATION	1	[H][#6]=,:1[#6,#7]=,:[#6,#7][#6]=,:2-[#6,#7]~[#6,#8,#7,#16;A;R1]~[#6,#8,#7,#16;A;R2]~3-,=[#6,#8,#7,#16;A;R2]-,=4-,=[#6,#8,#7,#16]-,=[#6,#8,#7,#16]-,=[#6,#8,#7,#16;A]-,=[#6,#8,#7,#16]-,=4-,=[#6,#8,#7,#16]~[#6,#8,#7,#16;A]~[#6,#7]~3-[#6]=,:2[#6,#7]=,:1	0		[H:1][#6:2]=,:1[#6,#7:3]=,:[#6,#7:4][#6:5]=,:2-[#6,#7:6]~[#6,#8,#7,#16;A;R1:7]~[#6,#8,#7,#16;A;R2:8]~3-,=[#6,#8,#7,#16;A;R2:9]-,=4-,=[#6,#8,#7,#16:10]-,=[#6,#8,#7,#16:11]-,=[#6,#8,#7,#16;A:12]-,=[#6,#8,#7,#16:13]-,=4-,=[#6,#8,#7,#16:14]~[#6,#8,#7,#16;A:15]~[#6,#7:16]~3-[#6:17]=,:2[#6,#7:18]=,:1>>[H:1][#8]-[#6:2]=,:1[#6,#7:3]=,:[#6,#7:4][#6:5]=,:2-[#6,#7:6]~[#6,#8,#7,#16;A;R1:7]~[#6,#8,#7,#16;A;R2:8]~3-,=[#6,#8,#7,#16;A;R2:9]-,=4-,=[#6,#8,#7,#16:10]-,=[#6,#8,#7,#16:11]-,=[#6,#8,#7,#16;A:12]-,=[#6,#8,#7,#16:13]-,=4-,=[#6,#8,#7,#16:14]~[#6,#8,#7,#16;A:15]~[#6,#7:16]~3-[#6:17]=,:2[#6,#7:18]=,:1
base	STEROL_3BETA_DEGLUCOSYLATION	BTMR0466	3-beta-Deglucosylation of sterol 3-beta-D-glucoside	bt:STEROL_3BETA_DEGLUCOSYLATION	1	[#8;A;X2H1,X1-][#6]-[#6@H]-1-[#8]-[#6@@H]([#8;A;X2][#6]~2~[#6,#8,#7,#16]~[#6,#8,#7,#16]~[#6,#8,#7,#16]~3~[#6,#8,#7,#16;A;R2](~[#6,#8,#7,#16]~[#6,#8,#7,#16;A;R1]~[#6,#8,#7,#16;A;R2]~4-,=[#6,#8,#7,#16;A;R2]-,=5-,=[#6,#8,#7,#16]-,=[#6,#8,#7,#16][#6;A;H1X4][#6,#8,#7,#16]-,=5-,=[#6,#8,#7,#16][#6;A;X4;H2,H1][#6,#8,#7,#16]~3~4)~[#6,#8,#7,#16]~2)-[#6@H]([#8;A;X2H1,X1-])-[#6@@H]([#8;A;X2H1,X1-])-[#6@@H]-1[#8;A;X2H1,X1-]	0		[#8;A;X2H1,X1-][#6]-[#6@H]-1-[#8]-[#6@@H]([#8;A;X2:18][#6:10]~2~[#6,#8,#7,#16:11]~[#6,#8,#7,#16:12]~[#6,#8,#7,#16:13]~3~[#6,#8,#7,#16;A;R2:8](~[#6,#8,#7,#16:7]~[#6,#8,#7,#16;A;R1:6]~[#6,#8,#7,#16;A;R2:5]~4-,=[#6,#8,#7,#16;A;R2:4]-,=5-,=[#6,#8,#7,#16:3]-,=[#6,#8,#7,#16:2][#6;A;H1X4:1][#6,#8,#7,#16:17]-,=5-,=[#6,#8,#7,#16:16][#6;A;X4;H2,H1:15][#6,#8,#7,#16:14]~3~4)~[#6,#8,#7,#16:9]~2)-[#6@H]([#8;A;X2H1,X1-])-[#6@@H]([#8;A;X2H1,X1-])-[#6@@H]-1[#8;A;X2H1,X1-]>>[#8;A;X2:18][#6:10]~1~[#6,#8,#7,#16:11]~[#6,#8,#7,#16:12]~[#6,#8,#7,#16:13]~2~[#6,#8,#7,#16;A;R2:8](~[#6,#8,#7,#16:7]~[#6,#8,#7,#16;A;R1:6]~[#6,#8,#7,#16;A;R2:5]~3-,=[#6,#8,#7,#16;A;R2:4]-,=4-,=[#6,#8,#7,#16:3]-,=[#6,#8,#7,#16:2][#6;A;H1X4:1][#6,#8,#7,#16:17]-,=4-,=[#6,#8,#7,#16:16][#6;A;X4;H2,H1:15][#6,#8,#7,#16:14]~2~3)~[#6,#8,#7,#16:9]~1
base	STEROL_3BETA_GLUCOSYLATION	BTMR0186	3-beta-Glycosylation of sterol	bt:STEROL_3BETA_GLUCOSYLATION	1	[#8;A;H1X2][#6]~1~[#6,#8,#7,#16]~[#6,#8,#7,#16]~[#6,#8,#7,#16]~2~[#6,#8,#7,#16;A;R2](~[#6,#8,#7,#16]~[#6,#8,#7,#16;A;R1]~[#6,#8,#7,#16;A;R2]~3-,=[#6,#8,#7,#16;A;R2]-,=4-,=[#6,#8,#7,#16]-,=[#6,#8,#7,#16][#6;A;H1X4][#6,#8,#7,#16]-,=4-,=[#6,#8,#7,#16][#6;A;X4;H2,H1][#6,#8,#7,#16]~2~3)~[#6,#8,#7,#16]~1	0		[#8;A;H1X2:18][#6:10]~1~[#6,#8,#7,#16:11]~[#6,#8,#7,#16:12]~[#6,#8,#7,#16:13]~2~[#6,#8,#7,#16;A;R2:8](~[#6,#8,#7,#16:7]~[#6,#8,#7,#16;A;R1:6]~[#6,#8,#7,#16;A;R2:5]~3-,=[#6,#8,#7,#16;A;R2:4]-,=4-,=[#6,#8,#7,#16:3]-,=[#6,#8,#7,#16:2][#6;A;H1X4:1][#6,#8,#7,#16:17]-,=4-,=[#6,#8,#7,#16:16][#6;A;X4;H2,H1:15][#6,#8,#7,#16:14]~2~3)~[#6,#8,#7,#16:9]~1>>[#8]-[#6]-[#6@H]-1-[#8]-[#6@@H]([#8;A;X2:18][#6:10]~2~[#6,#8,#7,#16:11]~[#6,#8,#7,#16:12]~[#6,#8,#7,#16:13]~3~[#6,#8,#7,#16;A;R2:8](~[#6,#8,#7,#16:7]~[#6,#8,#7,#16;A;R1:6]~[#6,#8,#7,#16;A;R2:5]~4-,=[#6,#8,#7,#16;A;R2:4]-,=5-,=[#6,#8,#7,#16:3]-,=[#6,#8,#7,#16:2][#6;A;H1X4:1][#6,#8,#7,#16:17]-,=5-,=[#6,#8,#7,#16:16][#6;A;X4;H2,H1:15][#6,#8,#7,#16:14]~3~4)~[#6,#8,#7,#16:9]~2)-[#6@H](-[#8])-[#6@@H](-[#8])-[#6@@H]-1-[#8]
base	STEROL_3_OH_SULFATION	BTMR0503	3-OH-Sulfation of sterol	bt:STEROL_3_OH_SULFATION	1	[H][#8]-[#6]~1~[#6,#8,#7,#16]~[#6,#8,#7,#16]~[#6,#8,#7,#16]~2~[#6,#8,#7,#16;A;R2](~[#6,#8,#7,#16]~[#6,#8,#7,#16;A;R1]~[#6,#8,#7,#16;A;R2]~3-,=[#6,#8,#7,#16;A;R2]-,=4-,=[#6,#8,#7,#16]-,=[#6,#8,#7,#16]-,=[#6,#8,#7,#16;A]-,=[#6,#8,#7,#16]-,=4-,=[#6,#8,#7,#16]~[#6,#8,#7,#16;A]~[#6,#8,#7,#16]~2~3)~[#6,#8,#7,#16]~1	2	[H][#7]([#6;A;H2X4][#6](-[#8])=O)-[#6](=O)[#6;A;H1X4]([#6;A;H2X4][#16][#6,#8,#16;A])[#7]([H])-[#6](=O)[#6;A;H2X4][#6;A;H2X4][#6;A;H1X4]([#7])[#6](-[#8])=O | [#8]-,=[#6](-,=[#7]-[#6]-,=[#6]-,=[#16])-[#6]-[#6]-[#7]-,=[#6](-,=[#8])-[#6](-,=[#8])C([#6])([#6])[#6]-[#8]P([#8])(=O)[#8]P([#8])(=O)[#8]-[#6]-[#6]-1-[#8]-[#6](-[#7]~2~[#6]~[#7]~[#6]~3~[#6]~2~[#7]~[#6]~[#7]~[#6]~3-[#7])-[#6](-[#8])-[#6]-1-[#8]	[H:19][#8:18]-[#6:15]~1~[#6,#8,#7,#16:14]~[#6,#8,#7,#16:13]~[#6,#8,#7,#16:12]~2~[#6,#8,#7,#16;A;R2:17](~[#6,#8,#7,#16:1]~[#6,#8,#7,#16;A;R1:2]~[#6,#8,#7,#16;A;R2:3]~3-,=[#6,#8,#7,#16;A;R2:4]-,=4-,=[#6,#8,#7,#16:5]-,=[#6,#8,#7,#16:6]-,=[#6,#8,#7,#16;A:7]-,=[#6,#8,#7,#16:8]-,=4-,=[#6,#8,#7,#16:9]~[#6,#8,#7,#16;A:10]~[#6,#8,#7,#16:11]~2~3)~[#6,#8,#7,#16:16]~1>>[H:19][#8]S(=O)(=O)[#8:18]-[#6:15]~1~[#6,#8,#7,#16:14]~[#6,#8,#7,#16:13]~[#6,#8,#7,#16:12]~2~[#6,#8,#7,#16;A;R2:17](~[#6,#8,#7,#16:1]~[#6,#8,#7,#16;A;R1:2]~[#6,#8,#7,#16;A;R2:3]~3-,=[#6,#8,#7,#16;A;R2:4]-,=4-,=[#6,#8,#7,#16:5]-,=[#6,#8,#7,#16:6]-,=[#6,#8,#7,#16;A:7]-,=[#6,#8,#7,#16:8]-,=4-,=[#6,#8,#7,#16:9]~[#6,#8,#7,#16;A:10]~[#6,#8,#7,#16:11]~2~3)~[#6,#8,#7,#16:16]~1
base	STEROL_4_HYDROXYLATION_PATTERN1	BTMR0400	4-Hydroxylation of sterol	bt:STEROL_4_HYDROXYLATION	1	[H][#6]~1~[#6,#8,#7,#16]~[#6,#8,#7,#16]~[#6,#8,#7,#16]~[#6,#8,#7,#16]~2~[#6,#8,#7,#16;A;R2]~1~[#6,#8,#7,#16]~[#6,#8,#7,#16;A;R1]~[#6,#8,#7,#16;A;R2]~1-,=[#6,#8,#7,#16;A;R2]-,=3-,=[#6,#8,#7,#16]-,=[#6,#8,#7,#16]-,=[#6,#8,#7,#16;A]-,=[#6,#8,#7,#16]-,=3-,=[#6,#8,#7,#16]~[#6,#8,#7,#16;A]~[#6,#8,#7,#16]~2~1	0		[H:18][#6:16]~1~[#6,#8,#7,#16:15]~[#6,#8,#7,#16:14]~[#6,#8,#7,#16:13]~[#6,#8,#7,#16:12]~2~[#6,#8,#7,#16;A;R2:17]~1~[#6,#8,#7,#16:1]~[#6,#8,#7,#16;A;R1:2]~[#6,#8,#7,#16;A;R2:3]~1-,=[#6,#8,#7,#16;A;R2:4]-,=3-,=[#6,#8,#7,#16:5]-,=[#6,#8,#7,#16:6]-,=[#6,#8,#7,#16;A:7]-,=[#6,#8,#7,#16:8]-,=3-,=[#6,#8,#7,#16:9]~[#6,#8,#7,#16;A:10]~[#6,#8,#7,#16:11]~2~1>>[H:18][#8]-[#6:16]~1~[#6,#8,#7,#16:15]~[#6,#8,#7,#16:14]~[#6,#8,#7,#16:13]~[#6,#8,#7,#16:12]~2~[#6,#8,#7,#16:11]~3~[#6,#8,#7,#16;A:10]~[#6,#8,#7,#16:9]-,=[#6,#8,#7,#16:8]-,=4-,=[#6,#8,#7,#16;A:7]-,=[#6,#8,#7,#16:6]-,=[#6,#8,#7,#16:5]-,=[#6,#8,#7,#16;A;R2:4]-,=4-,=[#6,#8,#7,#16;A;R2:3]~3~[#6,#8,#7,#16;A;R1:2]~[#6,#8,#7,#16:1]~[#6,#8,#7,#16;A;R2:17]~1~2
base	STEROL_4_HYDROXYLATION_PATTERN2	BTMR0401	4-Hydroxylation of sterol	bt:STEROL_4_HYDROXYLATION	1	[H][#6]1=,:[#6,#7][#6,#7]=,:[#6,#7][#6,#7]=,:2-[#6,#8,#7,#16]~3~[#6,#8,#7,#16;A]~[#6,#8,#7,#16]-,=[#6,#8,#7,#16]-,=4-,=[#6,#8,#7,#16;A]-,=[#6,#8,#7,#16]-,=[#6,#8,#7,#16]-,=[#6,#8,#7,#16;A;R2]-,=4-,=[#6,#8,#7,#16;A;R2]~3~[#6,#8,#7,#16;A;R1]~[#6,#8,#7,#16]-[#6,#7]1=,:2	0		[H:1][#6:2]1=,:[#6,#7:3][#6,#7:4]=,:[#6,#7:5][#6,#7:6]=,:2-[#6,#8,#7,#16:18]~3~[#6,#8,#7,#16;A:17]~[#6,#8,#7,#16:16]-,=[#6,#8,#7,#16:15]-,=4-,=[#6,#8,#7,#16;A:14]-,=[#6,#8,#7,#16:13]-,=[#6,#8,#7,#16:12]-,=[#6,#8,#7,#16;A;R2:11]-,=4-,=[#6,#8,#7,#16;A;R2:10]~3~[#6,#8,#7,#16;A;R1:9]~[#6,#8,#7,#16:8]-[#6,#7:7]1=,:2>>[H:1][#8]-[#6:2]1=,:[#6,#7:3][#6,#7:4]=,:[#6,#7:5][#6,#7:6]=,:2-[#6,#8,#7,#16:18]~3~[#6,#8,#7,#16;A:17]~[#6,#8,#7,#16:16]-,=[#6,#8,#7,#16:15]-,=4-,=[#6,#8,#7,#16;A:14]-,=[#6,#8,#7,#16:13]-,=[#6,#8,#7,#16:12]-,=[#6,#8,#7,#16;A;R2:11]-,=4-,=[#6,#8,#7,#16;A;R2:10]~3~[#6,#8,#7,#16;A;R1:9]~[#6,#8,#7,#16:8]-[#6,#7:7]1=,:2
base	STEROL_6_HYDROXYLATION_PATTERN1	BTMR0402	6-Hydroxylation of sterol	bt:STEROL_6_HYDROXYLATION	1	[H]C1([H])[#6,#8,#7,#16;A;R1]~[#6,#8,#7,#16;A;R2]~2-,=[#6,#8,#7,#16;A;R2]-,=3-,=[#6,#8,#7,#16]-,=[#6,#8,#7,#16]-,=[#6,#8,#7,#16;A]-,=[#6,#8,#7,#16]-,=3-,=[#6,#8,#7,#16]~[#6,#8,#7,#16;A]~[#6,#8,#7,#16]~2~[#6,#8,#7,#16]~2~[#6,#8,#7,#16]~[#6,#8,#7,#16]~[#6,#8,#7,#16]~[#6,#8,#7,#16]~[#6,#8,#7,#16;A;R2]1~2	0		[H:1][C:2]1([H:3])[#6,#8,#7,#16;A;R1:4]~[#6,#8,#7,#16;A;R2:5]~2-,=[#6,#8,#7,#16;A;R2:6]-,=3-,=[#6,#8,#7,#16:7]-,=[#6,#8,#7,#16:8]-,=[#6,#8,#7,#16;A:9]-,=[#6,#8,#7,#16:10]-,=3-,=[#6,#8,#7,#16:11]~[#6,#8,#7,#16;A:12]~[#6,#8,#7,#16:13]~2~[#6,#8,#7,#16:14]~2~[#6,#8,#7,#16:15]~[#6,#8,#7,#16:16]~[#6,#8,#7,#16:17]~[#6,#8,#7,#16:18]~[#6,#8,#7,#16;A;R2:19]1~2>>[H:1][#8][C:2]1([H:3])[#6,#8,#7,#16;A;R1:4]~[#6,#8,#7,#16;A;R2:5]~2-,=[#6,#8,#7,#16;A;R2:6]-,=3-,=[#6,#8,#7,#16:7]-,=[#6,#8,#7,#16:8]-,=[#6,#8,#7,#16;A:9]-,=[#6,#8,#7,#16:10]-,=3-,=[#6,#8,#7,#16:11]~[#6,#8,#7,#16;A:12]~[#6,#8,#7,#16:13]~2~[#6,#8,#7,#16:14]~2~[#6,#8,#7,#16:15]~[#6,#8,#7,#16:16]~[#6,#8,#7,#16:17]~[#6,#8,#7,#16:18]~[#6,#8,#7,#16;A;R2:19]1~2
base	STEROL_6_HYDROXYLATION_PATTERN2	BTMR0403	6-Hydroxylation of sterol	bt:STEROL_6_HYDROXYLATION	1	[H]C1([H])[#6,#8,#7,#16;A;R1]~[#6,#8,#7,#16;A;R2]~2-,=[#6,#8,#7,#16;A;R2]-,=3-,=[#6,#8,#7,#16]-,=[#6,#8,#7,#16]-,=[#6,#8,#7,#16;A]-,=[#6,#8,#7,#16]-,=3-,=[#6,#8,#7,#16]~[#6;A;X4;H2,H1]~[#6,#8,#7,#16]~2-[#6,#7]=,:2[#6,#7]=,:[#6,#7][#6,#7]=,:[#6,#7][#6,#7]1=,:2	0		[H:1][C:2]1([H:3])[#6,#8,#7,#16;A;R1:4]~[#6,#8,#7,#16;A;R2:5]~2-,=[#6,#8,#7,#16;A;R2:6]-,=3-,=[#6,#8,#7,#16:7]-,=[#6,#8,#7,#16:8]-,=[#6,#8,#7,#16;A:9]-,=[#6,#8,#7,#16:10]-,=3-,=[#6,#8,#7,#16:11]~[#6;A;X4;H2,H1:12]~[#6,#8,#7,#16:13]~2-[#6,#7:14]=,:2[#6,#7:15]=,:[#6,#7:16][#6,#7:17]=,:[#6,#7:18][#6,#7:19]1=,:2>>[H:1][#8][C:2]1([H:3])[#6,#8,#7,#16;A;R1:4]~[#6,#8,#7,#16;A;R2:5]~2-,=[#6,#8,#7,#16;A;R2:6]-,=3-,=[#6,#8,#7,#16:7]-,=[#6,#8,#7,#16:8]-,=[#6,#8,#7,#16;A:9]-,=[#6,#8,#7,#16:10]-,=3-,=[#6,#8,#7,#16:11]~[#6;A;X4;H2,H1:12]~[#6,#8,#7,#16:13]~2-[#6,#7:14]=,:2[#6,#7:15]=,:[#6,#7:16][#6,#7:17]=,:[#6,#7:18][#6,#7:19]1=,:2
base	STEROL_7_HYDROXYLATION_PATTERN1	BTMR0404	7-Hydroxylation of sterol	bt:STEROL_7_HYDROXYLATION	1	[#6;A;H3X4]C12[#6;R1;$([CX4]-[CX3]=O),$([CX3]=O),$([CX4H1]-C(-[CX4H3])CCC(-[#1,CX4H2,CX4H3])C(-[CX4H3])[CX4H3,$([CX4H2]-[OX2H1])])]-[#6;R1]-[#6][#6;A;H1X4]1[#6]-1[#6;A;H2X4][#6;A;X4H2,X3H1]-,=[#6]3[#6;A;H2X4][#6;$([CX4H1]-[OX2H1]),$([CX3]=O)][#6;A;H2X4][#6;A;H2X4]C3([#6;A;H3X4])[#6]-1[#6;A;H2X4][#6;A;H2X4]2	0		[H:20][#6;A;X4:8]1([H:21])[#6;A;X4H2,X3H1:9]-,=[#6:10]2[#6;A;H2X4:11][#6;$([CX4H1]-[OX2H1]),$([CX3]=O):12][#6;A;H2X4:13][#6;A;H2X4:14][C:15]2([#6;A;H3X4:16])[#6:17]-2[#6;A;H2X4:18][#6;A;H2X4:19][C:2]3([#6;A;H3X4:1])[#6;R1;$([CX4]-[CX3]=O),$([CX3]=O),$([CX4H1]-C(-[CX4H3])CCC(-[#1,CX4H2,CX4H3])C(-[CX4H3])[CX4H3,$([CX4H2]-[OX2H1])]):3]-[#6;R1:4]-[#6:5][#6;A;H1X4:6]3[#6:7]1-2>>[H:21][#8][#6;A;X4:8]1([H:20])[#6;A;X4H2,X3H1:9]-,=[#6:10]2[#6;A;H2X4:11][#6;$([CX4H1]-[OX2H1]),$([CX3]=O):12][#6;A;H2X4:13][#6;A;H2X4:14][C:15]2([#6;A;H3X4:16])[#6:17]-2[#6;A;H2X4:18][#6;A;H2X4:19][C:2]3([#6;A;H3X4:1])[#6;R1;$([CX4]-[CX3]=O),$([CX3]=O),$([CX4H1]-C(-[CX4H3])CCC(-[#1,CX4H2,CX4H3])C(-[CX4H3])[CX4H3,$([CX4H2]-[OX2H1])]):3]-[#6;R1:4]-[#6:5][#6;A;H1X4:6]3[#6:7]1-2
base	STEROL_7_HYDROXYLATION_PATTERN2	BTMR0405	7-Hydroxylation of sterol	bt:STEROL_7_HYDROXYLATION	1	[H][#6]1=,:[#6]([H])[#6]-2=,:[#6]([#6;A;H2X4][#6;A;H2X4][#6]-3[#6;A;H1X4]4[#6]-[#6;R1]-[#6;R1;$([CX4H1]-[OX2H1]),$([CX3]=O)]C4([#6;A;H3X4])[#6;A;H2X4][#6]-[#6]-2-3)[#6]([H])=,:[#6]1[#8;A;H1X2]	0		[H:21][#6:13]1=,:[#6:14]([H:22])[#6:15]-2=,:[#6:10]([#6;A;H2X4:9][#6;A;X4:8]([H:23])([H:24])[#6:7]-3[#6;A;H1X4:6]4[#6:5]-[#6;R1:4]-[#6;R1;$([CX4H1]-[OX2H1]),$([CX3]=O):3][C:2]4([#6;A;H3X4:1])[#6;A;H2X4:18][#6:17]-[#6:16]-2-3)[#6:11]([H:20])=,:[#6:12]1[#8;A;H1X2:19]>>[H:24][#8][#6;A;X4:8]1([H:23])[#6;A;H2X4:9][#6:10]=,:2[#6:11]([H:20])=,:[#6:12]([#8;A;H1X2:19])[#6:13]([H:21])=,:[#6:14]([H:22])[#6:15]=,:2-[#6:16]-2-[#6:17][#6;A;H2X4:18][C:2]3([#6;A;H3X4:1])[#6;R1;$([CX4H1]-[OX2H1]),$([CX3]=O):3]-[#6;R1:4]-[#6:5][#6;A;H1X4:6]3[#6:7]1-2
base	STEROL_7_HYDROXYLATION_PATTERN3	BTMR1244	7-Hydroxylation of sterol	bt:STEROL_7_HYDROXYLATION	1	[#6;A;H3X4]C12[#6;R1;$([CX4H1]-[OX2]),$([CX4]-[CX3]=O),$([CX3]=O),$([CX4H1]-C(-[CX4H3])CCC(-[#1,CX4H2,CX4H3])C(-[CX4H3])[CX4H3,$([CX4H2]-[OX2H1])])]-[#6;R1]-,=[#6][#6;A;H1X4]1[#6]-1[#6;A;H2X4][#6;A;H2X4][#6;A;X3]3=[#6;A;H1X3][#6;$([CX4H1]-[OX2H1]),$([CX3]=O)][#6;A;H2X4][#6;A;H2X4]C3([#6;A;H3X4])[#6]-1[#6;A;H2X4][#6;A;H2X4]2	0		[H:20][#6;A;X4:8]1([H:21])[#6;A;H2X4:9][#6;A;X3:10]2=[#6;A;H1X3:11][#6;$([CX4H1]-[OX2H1]),$([CX3]=O):12][#6;A;H2X4:13][#6;A;H2X4:14][C:15]2([#6;A;H3X4:16])[#6:17]-2[#6;A;H2X4:18][#6;A;H2X4:19][C:2]3([#6;A;H3X4:1])[#6;R1;$([CX4H1]-[OX2]),$([CX4]-[CX3]=O),$([CX3]=O),$([CX4H1]-C(-[CX4H3])CCC(-[#1,CX4H2,CX4H3])C(-[CX4H3])[CX4H3,$([CX4H2]-[OX2H1])]):3]-[#6;R1:4]-,=[#6:5][#6;A;H1X4:6]3[#6:7]1-2>>[H:20][#8][#6;A;X4:8]1([H:21])[#6;A;H2X4:9][#6;A;X3:10]2=[#6;A;H1X3:11][#6;$([CX4H1]-[OX2H1]),$([CX3]=O):12][#6;A;H2X4:13][#6;A;H2X4:14][C:15]2([#6;A;H3X4:16])[#6:17]-2[#6;A;H2X4:18][#6;A;H2X4:19][C:2]3([#6;A;H3X4:1])[#6;R1;$([CX4H1]-[OX2]),$([CX4]-[CX3]=O),$([CX3]=O),$([CX4H1]-C(-[CX4H3])CCC(-[#1,CX4H2,CX4H3])C(-[CX4H3])[CX4H3,$([CX4H2]-[OX2H1])]):3]-[#6;R1:4]-,=[#6:5][#6;A;H1X4:6]3[#6:7]1-2
base	STEROL_7_OH_SULFATION	BTMR0504	7-OH-Sulfation of sterol	bt:STEROL_7_OH_SULFATION	1	[H][#8]C1([H])[#6,#8,#7,#16]~[#6,#8,#7,#16;A;R2]~2~[#6,#8,#7,#16]~[#6,#8,#7,#16]~[#6,#8,#7,#16]~[#6,#8,#7,#16]~[#6,#8,#7,#16]~2~[#6,#8,#7,#16]~2~[#6,#8,#7,#16;A]~[#6,#8,#7,#16]-,=[#6,#8,#7,#16]-,=3-,=[#6,#8,#7,#16;A]-,=[#6,#8,#7,#16]-,=[#6,#8,#7,#16]-,=[#6,#8,#7,#16;A;R2]-,=3-,=[#6]1~2	2	[H][#7]([#6;A;H2X4][#6](-[#8])=O)-[#6](=O)[#6;A;H1X4]([#6;A;H2X4][#16][#6,#8,#16;A])[#7]([H])-[#6](=O)[#6;A;H2X4][#6;A;H2X4][#6;A;H1X4]([#7])[#6](-[#8])=O | [#8]-,=[#6](-,=[#7]-[#6]-,=[#6]-,=[#16])-[#6]-[#6]-[#7]-,=[#6](-,=[#8])-[#6](-,=[#8])C([#6])([#6])[#6]-[#8]P([#8])(=O)[#8]P([#8])(=O)[#8]-[#6]-[#6]-1-[#8]-[#6](-[#7]~2~[#6]~[#7]~[#6]~3~[#6]~2~[#7]~[#6]~[#7]~[#6]~3-[#7])-[#6](-[#8])-[#6]-1-[#8]	[H:20][#8:1][C:2]1([H:3])[#6,#8,#7,#16:4]~[#6,#8,#7,#16;A;R2:5]~2~[#6,#8,#7,#16:6]~[#6,#8,#7,#16:7]~[#6,#8,#7,#16:8]~[#6,#8,#7,#16:9]~[#6,#8,#7,#16:10]~2~[#6,#8,#7,#16:11]~2~[#6,#8,#7,#16;A:12]~[#6,#8,#7,#16:13]-,=[#6,#8,#7,#16:14]-,=3-,=[#6,#8,#7,#16;A:15]-,=[#6,#8,#7,#16:16]-,=[#6,#8,#7,#16:17]-,=[#6,#8,#7,#16;A;R2:18]-,=3-,=[#6:19]1~2>>[H:20][#8]S(=O)(=O)[#8:1][C:2]1([H:3])[#6,#8,#7,#16:4]~[#6,#8,#7,#16;A;R2:5]~2~[#6,#8,#7,#16:6]~[#6,#8,#7,#16:7]~[#6,#8,#7,#16:8]~[#6,#8,#7,#16:9]~[#6,#8,#7,#16:10]~2~[#6,#8,#7,#16:11]~2~[#6,#8,#7,#16;A:12]~[#6,#8,#7,#16:13]-,=[#6,#8,#7,#16:14]-,=3-,=[#6,#8,#7,#16;A:15]-,=[#6,#8,#7,#16:16]-,=[#6,#8,#7,#16:17]-,=[#6,#8,#7,#16;A;R2:18]-,=3-,=[#6:19]1~2
base	STEROL_7_OH_SULFATION_PATTERN2	BTMR0505	7-OH-Sulfation of sterol	bt:STEROL_7_OH_SULFATION	1	[H][#8]C1([H])[#6,#7]~[#6]=,:2[#6]=,:[#6][#6]=,:[#6][#6]=,:2~[#6,#7]~2~[#6,#8,#7,#16;A]~[#6,#8,#7,#16]-,=[#6,#7]-,=3-,=[#6,#8,#7,#16;A]-,=[#6,#8,#7,#16]-,=[#6,#8,#7,#16]-,=[#6,#7]-,=3-,=[#6,#7]1~2	2	[H][#7]([#6;A;H2X4][#6](-[#8])=O)-[#6](=O)[#6;A;H1X4]([#6;A;H2X4][#16][#6,#8,#16;A])[#7]([H])-[#6](=O)[#6;A;H2X4][#6;A;H2X4][#6;A;H1X4]([#7])[#6](-[#8])=O | [#8]-,=[#6](-,=[#7]-[#6]-,=[#6]-,=[#16])-[#6]-[#6]-[#7]-,=[#6](-,=[#8])-[#6](-,=[#8])C([#6])([#6])[#6]-[#8]P([#8])(=O)[#8]P([#8])(=O)[#8]-[#6]-[#6]-1-[#8]-[#6](-[#7]~2~[#6]~[#7]~[#6]~3~[#6]~2~[#7]~[#6]~[#7]~[#6]~3-[#7])-[#6](-[#8])-[#6]-1-[#8]	[H:1][#8:2][C:3]1([H:4])[#6,#7:5]~[#6:6]=,:2[#6:7]=,:[#6:8][#6:9]=,:[#6:10][#6:11]=,:2~[#6,#7:12]~2~[#6,#8,#7,#16;A:13]~[#6,#8,#7,#16:14]-,=[#6,#7:15]-,=3-,=[#6,#8,#7,#16;A:16]-,=[#6,#8,#7,#16:17]-,=[#6,#8,#7,#16:18]-,=[#6,#7:19]-,=3-,=[#6,#7:20]1~2>>[H:1][#8]S(=O)(=O)[#8:2][C:3]1([H:4])[#6,#7:5]~[#6:6]=,:2[#6:7]=,:[#6:8][#6:9]=,:[#6:10][#6:11]=,:2~[#6,#7:12]~2~[#6,#8,#7,#16;A:13]~[#6,#8,#7,#16:14]-,=[#6,#7:15]-,=3-,=[#6,#8,#7,#16;A:16]-,=[#6,#8,#7,#16:17]-,=[#6,#8,#7,#16:18]-,=[#6,#7:19]-,=3-,=[#6,#7:20]1~2
base	STEROL_C_17_ACYL_CLEAVAGE_PATTERN1	BTMR0392	Cleavage of C-17-acyl-sterol	bt:STEROL_C_17_ACYL_CLEAVAGE	1	[H][#8]-[#6]-1-[#6,#8,#7,#16]-[#6,#8,#7,#16]C2([#1,#6;A])~[#6,#8,#7,#16]~3[#6;A;X4;H2,H1][#6,#8,#7,#16]C4([#1,#6;A])[#6,#8,#7,#16;A;R2](-,=[#6,#8,#7,#16]C([H])([H])[#6;A;X4]4([H])[#6;R0]([#6;A;H3X4])=O)-,=[#6,#8,#7,#16;A;R2]~3~[#6,#8,#7,#16;A;R1][#6]=[#6]2-[#6,#8,#7,#16]-1	0		[H:1][#8:2]-[#6:3]-1-[#6,#8,#7,#16:4]-[#6,#8,#7,#16:5][C:6]2([#1,#6;A:7])~[#6,#8,#7,#16:8]~3[#6;A;X4;H2,H1:9][#6,#8,#7,#16:10][C:11]4([#1,#6;A:12])[#6,#8,#7,#16;A;R2:13](-,=[#6,#8,#7,#16:14][C:15]([H:25])([H:26])[#6;A;X4:16]4([H:27])[#6;R0:17]([#6;A;H3X4:18])=[O:19])-,=[#6,#8,#7,#16;A;R2:20]~3~[#6,#8,#7,#16;A;R1:21][#6:22]=[#6:23]2-[#6,#8,#7,#16:24]-1>>[H:27][#8]-[#6;R0:17]([#6;A;H3X4:18])=[O:19].[H:1][#8:2]-[#6:3]-1-[#6,#8,#7,#16:4]-[#6,#8,#7,#16:5][C:6]2([#1,#6;A:7])~[#6,#8,#7,#16:8]~3[#6;A;X4;H2,H1:9][#6,#8,#7,#16:10][C:11]4([#1,#6;A:12])[#6,#8,#7,#16;A;R2:13](-,=[#6,#8,#7,#16:14][C:15]([H:25])([H:26])[#6;A;X3:16]4=O)-,=[#6,#8,#7,#16;A;R2:20]~3~[#6,#8,#7,#16;A;R1:21][#6:22]=[#6:23]2-[#6,#8,#7,#16:24]-1
base	STEROL_C_17_ACYL_CLEAVAGE_PATTERN2	BTMR0393	Cleavage of C-17-acyl-sterol	bt:STEROL_C_17_ACYL_CLEAVAGE	1	[H]C1([H])[#6,#8,#7,#16]-,=[#6,#8,#7,#16;A;R2]2-,=[#6,#8,#7,#16;A;R2]~3~[#6,#8,#7,#16;A;R1][#6,#8,#7,#16]-[#6]4=[#6]-[#6](=O)-[#6,#8,#7,#16]-[#6,#8,#7,#16]C4([#1,#6;A])~[#6,#8,#7,#16]~3[#6;A;X4;H2,H1][#6,#8,#7,#16]C2([#1,#6;A])[#6;A;X4]1([H])[#6;R0]([#6;A;H3X4])=O	0		[H:25][C:3]1([H:26])[#6,#8,#7,#16:4]-,=[#6,#8,#7,#16;A;R2:5]2-,=[#6,#8,#7,#16;A;R2:6]~3~[#6,#8,#7,#16;A;R1:7][#6,#8,#7,#16:8]-[#6:9]4=[#6:10]-[#6:11](=[O:12])-[#6,#8,#7,#16:13]-[#6,#8,#7,#16:14][C:15]4([#1,#6;A:16])~[#6,#8,#7,#16:17]~3[#6;A;X4;H2,H1:18][#6,#8,#7,#16:19][C:20]2([#1,#6;A:21])[#6;A;X4:2]1([H:1])[#6;R0:22]([#6;A;H3X4:23])=[O:24]>>[H:1][#8]-[#6;R0:22]([#6;A;H3X4:23])=[O:24].[H:25][C:3]1([H:26])[#6,#8,#7,#16:4]-,=[#6,#8,#7,#16;A;R2:5]2-,=[#6,#8,#7,#16;A;R2:6]~3~[#6,#8,#7,#16;A;R1:7][#6,#8,#7,#16:8]-[#6:9]4=[#6:10]-[#6:11](=[O:12])-[#6,#8,#7,#16:13]-[#6,#8,#7,#16:14][C:15]4([#1,#6;A:16])~[#6,#8,#7,#16:17]~3[#6;A;X4;H2,H1:18][#6,#8,#7,#16:19][C:20]2([#1,#6;A:21])[#6;A;X3:2]1=O
base	STEROL_C_17_ACYL_CLEAVAGE_PATTERN3	BTMR0394	Cleavage of C-17-acyl-sterol	bt:STEROL_C_17_ACYL_CLEAVAGE	1	[H][#8]-[#6]-1-[#6,#8,#7,#16]-[#6,#8,#7,#16]C2([#1,#6;A])~[#6,#8,#7,#16]~3[#6;A;X4;H2,H1][#6,#8,#7,#16]C4([#1,#6;A])[#6,#8,#7,#16;A;R2](-,=[#6,#8,#7,#16]C([H])([H])[#6;A;X4]4([H])[#6;R0]([#6;A;H3X4])=O)-,=[#6,#8,#7,#16;A;R2]~3~[#6,#8,#7,#16;A;R1][#6]=[#6]2-[#6,#8,#7,#16]-1	0		[H:1][#8:2]-[#6:3]-1-[#6,#8,#7,#16:4]-[#6,#8,#7,#16:5][C:6]2([#1,#6;A:7])~[#6,#8,#7,#16:8]~3[#6;A;X4;H2,H1:9][#6,#8,#7,#16:10][C:11]4([#1,#6;A:12])[#6,#8,#7,#16;A;R2:13](-,=[#6,#8,#7,#16:14][C:15]([H:25])([H:26])[#6;A;X4:16]4([H:27])[#6;R0:17]([#6;A;H3X4:18])=[O:19])-,=[#6,#8,#7,#16;A;R2:20]~3~[#6,#8,#7,#16;A;R1:21][#6:22]=[#6:23]2-[#6,#8,#7,#16:24]-1>>[H:25][#8]-[#6;R0:17]([#6;A;H3X4:18])=[O:19].[H:1][#8:2]-[#6:3]-1-[#6,#8,#7,#16:4]-[#6,#8,#7,#16:5][C:6]2([#1,#6;A:7])~[#6,#8,#7,#16:8]~3[#6;A;X4;H2,H1:9][#6,#8,#7,#16:10][C:11]4([#1,#6;A:12])[#6,#8,#7,#16;A;R2:13](-,=[#6,#8,#7,#16:14]-[#6:15]([H:26])=[#6;A;X3:16]4[H:27])-,=[#6,#8,#7,#16;A;R2:20]~3~[#6,#8,#7,#16;A;R1:21][#6:22]=[#6:23]2-[#6,#8,#7,#16:24]-1
base	STEROL_C_17_ACYL_CLEAVAGE_PATTERN4	BTMR0395	Cleavage of C-17-acyl-sterol	bt:STEROL_C_17_ACYL_CLEAVAGE	1	[H][#8]-[#6]-1-[#6,#8,#7,#16]-[#6,#8,#7,#16]C2([#1,#6;A])~[#6,#8,#7,#16]~3[#6;A;X4;H2,H1][#6,#8,#7,#16]C4([#1,#6;A])[#6,#8,#7,#16;A;R2](-,=[#6,#8,#7,#16]C([H])([H])[#6;A;X4]4([H])[#6;R0]([#6;A;H3X4])=O)-,=[#6,#8,#7,#16;A;R2]~3~[#6,#8,#7,#16;A;R1][#6]=[#6]2-[#6,#8,#7,#16]-1	0		[H:1][#8:2]-[#6:3]-1-[#6,#8,#7,#16:4]-[#6,#8,#7,#16:5][C:6]2([#1,#6;A:7])~[#6,#8,#7,#16:8]~3[#6;A;X4;H2,H1:9][#6,#8,#7,#16:10][C:11]4([#1,#6;A:12])[#6,#8,#7,#16;A;R2:13](-,=[#6,#8,#7,#16:14][C:15]([H:17])([H:16])[#6;A;X4:18]4([H:19])[#6;R0:20]([#6;A;H3X4:21])=[O:22])-,=[#6,#8,#7,#16;A;R2:23]~3~[#6,#8,#7,#16;A;R1:24][#6:25]=[#6:26]2-[#6,#8,#7,#16:27]-1>>[H][#8]-[#6;R0:20]([#6;A;H3X4:21])=[O:22].[H:1][#8:2]-[#6:3]-1-[#6,#8,#7,#16:4]-[#6,#8,#7,#16:5][C:6]2([#1,#6;A:7])~[#6,#8,#7,#16:8]~3[#6;A;X4;H2,H1:9][#6,#8,#7,#16:10][C:11]4([#1,#6;A:12])[#6,#8,#7,#16;A;R2:13](-,=[#6,#8,#7,#16:14][C:15]([H:17])([H:16])[#6;A;X4:18]4([H:19])[#8][H])-,=[#6,#8,#7,#16;A;R2:23]~3~[#6,#8,#7,#16;A;R1:24][#6:25]=[#6:26]2-[#6,#8,#7,#16:27]-1
base	STEROL_O_ACYLATION	BTMR0430	3-O-Acylation of cholesterol, acyl-CoA-dependent	bt:STEROL_O_ACYLATION	1	[#8]-,=[#6;R0](-,=[#7;R0]-[#6;R0]-[#6;R0]-[#16;X2R0]-[#6;R0](-[#6;X4R0])=[O;R0])-[#6;R0]-[#6;R0]-[#7;R0]-,=[#6;R0](-,=[#8;R0])[#6;A;H1X4]([#8])[C;R0]([#6;R0])([#6;R0])[#6;H2X4R0]-[#8;R0][P;R0]([!#1!#6;O,$([O-])])(=[O;R0])[#8;R0][P;R0]([!#1!#6;O,$([O-])])(=[O;R0])[#8]-[#6]-[#6]-1-[#8]-[#6](-[#6](-[#8])-[#6]-1-[#8]P([!#1!#6;O,$([O-])])([!#1!#6;O,$([O-])])=O)-n1cnc2c(-[#7])ncnc12	0		[#8:1]-,=[#6;R0:2](-,=[#7;R0:3]-[#6;R0:4]-[#6;R0:5]-[#16;X2R0:6]-[#6;R0:7](-[#6;X4R0:8])=[O;R0:9])-[#6;R0:10]-[#6;R0:11]-[#7;R0:12]-,=[#6;R0:13](-,=[#8;R0:14])[#6;A;H1X4:15]([#8:16])[C;R0:17]([#6;R0:19])([#6;R0:18])[#6;H2X4R0:20]-[#8;R0:21][P;R0:22]([!#1!#6;O,$([O-]):23])(=[O;R0:24])[#8;R0:25][P;R0:26]([!#1!#6;O,$([O-]):27])(=[O;R0:28])[#8:29]-[#6:30]-[#6:31]-1-[#8:32]-[#6:33](-[#6:34](-[#8:35])-[#6:36]-1-[#8:37][P:38]([!#1!#6;O,$([O-]):40])([!#1!#6;O,$([O-]):39])=[O:41])-[n:42]1[c:43][n:44][c:45]2[c:46](-[#7:47])[n:48][c:49][n:50][c:51]12>>[H][#6]1=[#6]2C([H])([H])[C@@]([H])([#8]-[#6;R0:7](-[#6;X4R0:8])=[O;R0:9])C([H])([H])C([H])([H])[C@]2(C([H])([H])[H])[C@@]2([H])C([H])([H])C([H])([H])[C@]3(C([H])([H])[H])[C@]([H])(C([H])([H])C([H])([H])[C@@]3([H])[C@]2([H])C1([H])[H])[C@]([H])(C([H])([H])[H])C([H])([H])C([H])([H])C([H])([H])C([H])(C([H])([H])[H])C([H])([H])[H].[#8:1]-,=[#6;R0:2](-,=[#7;R0:3]-[#6;R0:4]-[#6;R0:5]-[#16;X2R0:6][H])-[#6;R0:10]-[#6;R0:11]-[#7;R0:12]-,=[#6;R0:13](-,=[#8;R0:14])[#6;A;H1X4:15]([#8:16])[C;R0:17]([#6;R0:19])([#6;R0:18])[#6;H2X4R0:20]-[#8;R0:21][P;R0:22]([!#1!#6;O,$([O-]):23])(=[O;R0:24])[#8;R0:25][P;R0:26]([!#1!#6;O,$([O-]):27])(=[O;R0:28])[#8:29]-[#6:30]-[#6:31]-1-[#8:32]-[#6:33](-[#6:34](-[#8:35])-[#6:36]-1-[#8:37][P:38]([!#1!#6;O,$([O-]):40])([!#1!#6;O,$([O-]):39])=[O:41])-[n:42]1[c:43][n:44][c:45]2[c:46](-[#7:47])[n:48][c:49][n:50][c:51]12
base	STERYL_ESTER_ACYLHYDROLYSIS	BTMR0520	Acyl hydrolysis of sterol ester	bt:STERYL_ESTER_ACYLHYDROLYSIS	1	[#6]-[#6](-[#6])-[#6]-[#6]-[#6]-[#6](-[#6])[#6;A;H1X4]1[#6]-,=[#6]-,=[#6;R2]2-,=[#6;R2]-,=3-,=[#6]-,=[#6]-,=[#6]4~[#6]~[#6](~[#6]~[#6]C4([#6])[#6;R2]-,=3-,=[#6]-,=[#6][C;R2]12[#6])-[#8;X2R0]-[#6;X3R0]([#6,#1;A])=[O;X1R0]	0		[#6:30]-[#6:29](-[#6:31])-[#6:28]-[#6:27]-[#6:26]-[#6:24](-[#6:25])[#6;A;H1X4:18]1[#6:17]-,=[#6:16]-,=[#6;R2:5]2-,=[#6;R2:2]-,=3-,=[#6:6]-,=[#6:11]-,=[#6:7]4~[#6:12]~[#6:14](~[#6:13]~[#6:8][C:3]4([#6:22])[#6;R2:1]-,=3-,=[#6:4]-,=[#6:9][C;R2:10]12[#6:23])-[#8;X2R0:15]-[#6;X3R0:19]([#6,#1;A:21])=[O;X1R0:20]>>[#8]-[#6;X3R0:19]([#6,#1;A:21])=[O;X1R0:20].[#6:30]-[#6:29](-[#6:31])-[#6:28]-[#6:27]-[#6:26]-[#6:24](-[#6:25])[#6;A;H1X4:18]1[#6:17]-,=[#6:16]-,=[#6;R2:5]2-,=[#6;R2:2]-,=3-,=[#6:6]-,=[#6:11]-,=[#6:7]4~[#6:12]~[#6:14](-[#8;X2R0:15])~[#6:13]~[#6:8][C:3]4([#6:22])[#6;R2:1]-,=3-,=[#6:4]-,=[#6:9][C;R2:10]12[#6:23]
base	STRUCTURAL_REARRANGEMENT_OF_ANTHOCYANIDIN_1	BTMR0264	Structural rearrangement of anthocyanidin	bt:STRUCTURAL_REARRANGEMENT_OF_ANTHOCYANIDIN_1	1	[#8]-[#6;R1]-1=[#6;R1](-[#8;R1]-[#6]-2=[#6]-[#6](=O)-[#6]=[#6]-[#6]-2=[#6;R1]-1)-[c;R1]1[c;R1][c;R1]c([#8;A;H1X2])[c;R1][c;R1]1	0		[H][#8;A;X2:17][#6:16]=,:1[#6;R1:18]=,:[#6;R1:19][#6;R1:13](=,:[#6;R1:14][#6;R1:15]=,:1)-[#6;R1:3]=,:1-[#8;R1:4][#6:5]2=,:[#6:6][#6:7](=[O:8])[#6:9]=,:[#6:10][#6:11]2=,:[#6;R1:12][#6;R1:2]=,:1-[#8:1]>>[H][#8;A;X2:17][#6:16]=,:1[#6;R1:18]=,:[#6;R1:19][#6;R1:13](=,:[#6;R1:14][#6;R1:15]=,:1)-[#6;R1:3]1=,:[#8;R1+:4][#6:5]2=,:[#6:6][#6:7](=,:[#6:9][#6:10]=,:[#6:11]2[#6;R1:12]=,:[#6;R1:2]1-[#8:1])-[#8:8][H]
base	STRUCTURAL_REARRANGEMENT_OF_ANTHOCYANIDIN_2	BTMR0265	Structural rearrangement of anthocyanidin	bt:STRUCTURAL_REARRANGEMENT_OF_ANTHOCYANIDIN_2	1	[#8]-[#6;R1]1=,:[#6;R1]c2ccc([#8;A;H1X2])cc2[#8;R1+]=,:[#6;R1]1-[c;R1]1[c;R1][c;R1]c([#8;A;H1X2])[c;R1][c;R1]1	0		[H][#8;A;X2:1][#6:2]=,:1[#6;R1:3]=,:[#6;R1:4][#6;R1:5](=,:[#6;R1:6][#6;R1:7]=,:1)-[#6;R1:8]1=,:[#8;R1+:9]-[#6:10]2=,:[#6:11][#6:12](=,:[#6:14][#6:15]=,:[#6:16]2-[#6;R1:17]=,:[#6;R1:18]1-[#8:19])[#8;A;X2:13][H]>>[H][#8;A;X2:1][#6:2]=,:1[#6;R1:3]=,:[#6;R1:4][#6;R1:5](=,:[#6;R1:6][#6;R1:7]=,:1)-[#6;R1:8]=,:1[#8;R1:9][#6:10]2=,:[#6:11][#6:12](=[#8;A;X1:13])[#6:14]=,:[#6:15][#6:16]2=,:[#6;R1:17][#6;R1:18]=,:1-[#8:19]
base	STRUCTURAL_REARRANGEMENT_OF_ANTHOCYANIDIN_3	BTMR0266	Structural rearrangement of anthocyanidin	bt:STRUCTURAL_REARRANGEMENT_OF_ANTHOCYANIDIN_3	1	[#8]-[#6;R1]1=,:[#6;R1]c2ccc([#8;A;H1X2])cc2[#8;R1+]=,:[#6;R1]1-[c;R1]1[c;R1][c;R1]c([#8;A;H1X2])[c;R1][c;R1]1	0		[H][#8;A;X2:17][#6:16]=,:1[#6;R1:15]=,:[#6;R1:14][#6;R1:13](=,:[#6;R1:19][#6;R1:18]=,:1)-[#6;R1:3]1=,:[#8;R1+:4]-[#6:5]2=,:[#6:6][#6:7](=,:[#6:9][#6:10]=,:[#6:11]2-[#6;R1:12]=,:[#6;R1:2]1-[#8:1])-[#8;X2:8][H]>>[H][#8;A;X2:17][#6:16]=,:1[#6;R1:15]=,:[#6;R1:14][#6;R1:13](=,:[#6;R1:19][#6;R1:18]=,:1)[C;R1:3]-,:1(-,:[#8;R1:4][#6:5]2=,:[#6:6][#6:7](=,:[#6:9][#6:10]=,:[#6:11]2[#6;R1:12]=,:[#6;R1:2]-,:1-[#8:1])-[#8:8][H])[#8][H]
base	STRUCTURAL_REARRANGEMENT_OF_ANTHOCYANIDIN_4	BTMR0267	Structural rearrangement of anthocyanidin	bt:STRUCTURAL_REARRANGEMENT_OF_ANTHOCYANIDIN_4	1	[#8;A;H1X2][#6]-1=[#6;R1]-[#6;R1]=[#6;R1](-[#6;R1]=[#6;R1]-1)[C;R1]1([#8;A;H1X2])[#8;R1]-[#6]-2=[#6]-[#6]([#8;A;H1X2])=[#6]-[#6]=[#6]-2-[#6;R1]=[#6;R1]1-[#8]	0		[H][#8;A;X2:17][#6:16]=,:1[#6;R1:15]=,:[#6;R1:14][#6;R1:13](=,:[#6;R1:19][#6;R1:18]=,:1)[C;R1:3]-,:1([#8])-,:[#8;R1:4][#6:5]=,:2[#6:6]=,:[#6:7]([#6:9]=,:[#6:10][#6:11]=,:2[#6;R1:12]=,:[#6;R1:2]-,:1-[#8:1])-[#8;X2:8][H]>>[H][#8;A;X2:17][#6:16]=,:1[#6;R1:15]=,:[#6;R1:14][#6;R1:13](=,:[#6;R1:19][#6;R1:18]=,:1)-[#6;R1:3]1=,:[#8;R1+:4]-[#6:5]=,:2[#6:6]=,:[#6:7]([#6:9]=,:[#6:10][#6:11]=,:2[#6;R1:12]=,:[#6;R1:2]1-[#8:1])-[#8;X2:8][H]
base	SULFATION_OF_PRIMARY_ALCOHOL	BTMR0501	Sulfation of primary alcohol	bt:SULFATION_OF_PRIMARY_ALCOHOL	1	[#6;A;H2X4;!$(C([OX2H])[O,S,#7,#15])][#8;H1X2]	6	[#6;R1]-1-[#6;R1]-[#6]-2-[#6;R1]-[#6;R1]-[#6]-3-[#6](-[#6;R1]-[#6;R1]-[#6]-4=[#6]-3-[#6;R1]=[#6;R1]-[#6;R1]=[#6;R1]-4)-[#6]-2-[#6;R1]-1 | [H][#7]([#6;A;H2X4][#6](-[#8])=O)-[#6](=O)[#6;A;H1X4]([#6;A;H2X4][#16][#6,#8,#16;A])[#7]([H])-[#6](=O)[#6;A;H2X4][#6;A;H2X4][#6;A;H1X4]([#7])[#6](-[#8])=O | [#6;R0]-[#6;R0](=O)-[#16]-[#6]-[#6]-[#7]-[#6](=O)-[#6]-[#6]-[#7]-[#6](=O)-[#6](-[#8])C([#6])([#6])[#6]-[#8]P([#8])(=O)[#8]P([#8])(=O)[#8]-[#6]-[#6]-1-[#8]-[#6](-[#6](-[#8])-[#6]-1-[#8]P([#8])([#8])=O)-[#7]-1-[#6]=[#7]-[#6]-2=[#6]-1-[#7]=[#6]-[#7]=[#6]-2-[#7] | [#6;R0]-[#6;R0](=O)-[#16]-[#6]-[#6]-[#7]-[#6](=O)-[#6]-[#6]-[#7]-[#6](=O)-[#6](-[#8])C([#6])([#6])[#6]-[#8]P([#8])(=O)[#8]P([#8])(=O)[#8]-[#6]-[#6]-1-[#8]-[#6](-[#6](-[#8])-[#6]-1-[#8])-[#7]-1-[#6]=[#7]-[#6]-2=[#6]-1-[#7]=[#6]-[#7]=[#6]-2-[#7] | [#6;R0]-[#6;R0](=O)-[#16]-[#6]-[#6]-[#7]-[#6](=O)-[#6]-[#6]-[#7]-[#6](=O)-[#6](-[#8])C([#6])([#6])[#6]-[#8]P([#8])(=O)[#8]P([#8])(=O)[#8]-[#6]-[#6]-1-[#8]-[#6](-[#7]2[#6]=,:[#7][#6]3=,:[#6]2[#7]=,:[#6][#7]=,:[#6]3-[#7])-[#6](-[#8])-[#6]-1-[#8]P([#8])([#8])=O | [#6,#8,#7,#16]-,=1-,=[#6,#8,#7,#16;A]-,=[#6,#8,#7,#16]-,=2-,=[#6,#8,#7,#16]~[#6,#8,#7,#16;A]~[#6,#8,#7,#16]~3~[#6,#8,#7,#16]~4~[#6,#8,#7,#16]~[#6,#8,#7,#16]~[#6,#8,#7,#16]~[#6,#8,#7,#16]~[#6,#8,#7,#16;A;R2]~4~[#6,#8,#7,#16]~[#6,#8,#7,#16;A;R1]~[#6,#8,#7,#16;A;R2]~3-,=[#6,#8,#7,#16;A;R2]-,=2-,=[#6,#8,#7,#16]-,=1	[H][#8;X2:1][#6;A;!$(C([OX2H])[O,S,#7,#15]):2](-[H])[H]>>[H][#8;X2]S(=O)(=O)[#8;X2:1][#6;A;X4:2]([H])[H]
base	SULFATION_OF_SECONDARY_ALCOHOL	BTMR0502	Sulfation of secondary alcohol	bt:SULFATION_OF_SECONDARY_ALCOHOL	1	[H][#8][#6;A;H1X4;!$(C([OX2H])[O,S,#7,#15])]([H])([#6])[#6]	3	[H][#7]([#6;A;H2X4][#6](-[#8])=O)-[#6](=O)[#6;A;H1X4]([#6;A;H2X4][#16][#6,#8,#16;A])[#7]([H])-[#6](=O)[#6;A;H2X4][#6;A;H2X4][#6;A;H1X4]([#7])[#6](-[#8])=O | [#8]-,=[#6](-,=[#7]-[#6]-,=[#6]-,=[#16])-[#6]-[#6]-[#7]-,=[#6](-,=[#8])-[#6](-,=[#8])C([#6])([#6])[#6]-[#8]P([#8])(=O)[#8]P([#8])(=O)[#8]-[#6]-[#6]-1-[#8]-[#6](-[#7]~2~[#6]~[#7]~[#6]~3~[#6]~2~[#7]~[#6]~[#7]~[#6]~3-[#7])-[#6](-[#8])-[#6]-1-[#8] | [#6,#8,#7,#16]-,=1-,=[#6,#8,#7,#16;A]-,=[#6,#8,#7,#16]-,=2-,=[#6,#8,#7,#16]~[#6,#8,#7,#16;A]~[#6,#8,#7,#16]~3~[#6,#8,#7,#16]~4~[#6,#8,#7,#16]~[#6,#8,#7,#16]~[#6,#8,#7,#16]~[#6,#8,#7,#16]~[#6,#8,#7,#16;A;R2]~4~[#6,#8,#7,#16]~[#6,#8,#7,#16;A;R1]~[#6,#8,#7,#16;A;R2]~3-,=[#6,#8,#7,#16;A;R2]-,=2-,=[#6,#8,#7,#16]-,=1	[H][#8:1][#6;A;H1X4;!$(C([OX2H])[O,S,#7,#15]):2]([H:3])([#6:5])[#6:4]>>[H][#8]S(=O)(=O)[#8:1][#6;A;H1X4;!$(C([OX2H])[O,S,#7,#15]):2]([H:3])([#6:5])[#6:4]
base	SULFITE_REDUCTION	BTMR1253	Reduction of sulfite	bt:SULFITE_REDUCTION	1	[#8;A;H1X2][#7;A;H1X3][#6;R1]=,:1[#6;R1]=,:[#6;R1][#6;R1]=,:[#6;R1][#6;R1]=,:1	0		[H:9][#8;A;X2:1][#7;A;X3:2]([H:10])[#6;R1:3]=,:1[#6;R1:8]=,:[#6;R1:7][#6;R1:6]=,:[#6;R1:5][#6;R1:4]=,:1>>[H][#8;A;X2:1][H:9].[H][#7;A;X3:2]([H:10])[#6;R1:3]=,:1[#6;R1:8]=,:[#6;R1:7][#6;R1:6]=,:[#6;R1:5][#6;R1:4]=,:1
base	SULFONAMIDE_N_GLUCURONIDATION	BTMR0170	N-Glucuronidation of sulfonamide	bt:SULFONAMIDE_N_GLUCURONIDATION	1	[#6]-[#16;X4](=[#8;X1])(=[#8;X1])-[#7;X3;H1,H2]	2	[H][#7]([#6;A;H2X4][#6](-[#8])=O)-[#6](=O)[#6;A;H1X4]([#6;A;H2X4][#16][#6,#8,#16;A])[#7]([H])-[#6](=O)[#6;A;H2X4][#6;A;H2X4][#6;A;H1X4]([#7])[#6](-[#8])=O | [#8]-,=[#6](-,=[#7]-[#6]-,=[#6]-,=[#16])-[#6]-[#6]-[#7]-,=[#6](-,=[#8])-[#6](-,=[#8])C([#6])([#6])[#6]-[#8]P([#8])(=O)[#8]P([#8])(=O)[#8]-[#6]-[#6]-1-[#8]-[#6](-[#7]~2~[#6]~[#7]~[#6]~3~[#6]~2~[#7]~[#6]~[#7]~[#6]~3-[#7])-[#6](-[#8])-[#6]-1-[#8]	[#6:1]-[#16;X4:2](=[#8;X1:3])(=[#8;X1:4])-[#7;X3;H1,H2:5]>>[#6:1][S;X4:2](=[O;X1:3])(=[O;X1:4])[#7;X3:5]-[#6@H]-1-[#8]-[#6@@H](-[#6@@H](-[#8])-[#6@H](-[#8])-[#6@H]-1-[#8])-[#6](-[#8])=O
base	SULFOXIDE_REDUCTION_TO_THIOETHER_PATTERN1	BTMR0152	Reduction of sulfoxide to thioether	bt:SULFOXIDE_REDUCTION_TO_THIOETHER	1	[#6]-[S;X3](=[OX1])-[#6]	0		[#6:2]-[S;X3:1](=[OX1])-[#6:3]>>[#6:2]-[S;X2:1]-[#6:3]
base	SULFOXIDE_REDUCTION_TO_THIOETHER_PATTERN2	BTMR1217	Reduction of sulfoxide to thioether	bt:SULFOXIDE_REDUCTION_TO_THIOETHER	1	[#6][S;X3+]([#6])[#8;X1-]	0		[#6:4][S;X3+:2]([#6:1])[#8;X1-:3]>>[H][#8;X2:3][H].[#6:4]-[#16;X2:2]-[#6:1]
base	S_2_HYDROXYACYL_GLUTATHIONE_HYDROLYSIS	BTMR0531	Hydrolysis of (S)-2-hydroxyacyl glutathione	bt:S_2_HYDROXYACYL_GLUTATHIONE_HYDROLYSIS	1	[#7]-[#6@@H](-[#6]-[#6]-[#6](=O)-[#7]-[#6@@H](-[#6]-[#16]-[#6](=O)-[#6](-[#8])-*)-[#6](=O)-[#7]-[#6]-[#6](-[#8])=O)-[#6](-[#8])=O	0		[#7:1]-[#6@@H:2](-[#6:3]-[#6:4]-[#6:5](=[O:6])-[#7:7]-[#6@@H:8](-[#6:9]-[#16;X2:10]-[#6:11](=[O:12])-[#6:13](-[#8:14])-[*:15])-[#6:16](=[O:17])-[#7:18]-[#6:19]-[#6:20]([#8;A;X2H1,X1-:21])=[O:22])-[#6:23]([#8;A;X2H1,X1-:24])=[O:25]>>[#8:14]-[#6:13](-[*:15])-[#6:11](-[#8;X1-])=[O:12].[#7:1]-[#6@@H:2](-[#6:3]-[#6:4]-[#6:5](=[O:6])-[#7:7]-[#6@@H:8](-[#6:9]-[#16;X2:10])-[#6:16](=[O:17])-[#7:18]-[#6:19]-[#6:20]([#8;A;X2H1,X1-:21])=[O:22])-[#6:23]([#8;A;X2H1,X1-:24])=[O:25]
base	S_3_HYDROXYACYL_COA_DEHYDROGENATION	BTMR0359	Dehydrogenation of (S)-3-hydroxyacyl-CoA	bt:S_3_HYDROXYACYL_COA_DEHYDROGENATION	1	[#6]-,=[#6;A]([H])[C@]([H])([#8][H])C([H])([H])[#6](=O)-[#16]C([H])([H])C([H])([H])[#7]([H])-[#6](=O)C([H])([H])C([H])([H])[#7]([H])-[#6](=O)C([H])([#8][H])C(C([H])([H])[H])(C([H])([H])[H])C([H])([H])[#8]P(=O)([#8][H])[#8]P(=O)([#8][H])[#8]C([H])([H])C1([H])[#8]C([H])([#7]-2-[#6]([H])=[#7]-[#6]-3=[#6]-2-[#7]=[#6]([H])-[#7]=[#6]-3-[#7]([H])[H])C([H])([#8][H])C1([H])[#8]P(=O)([#8][H])[#8][H]	1	[#6]-,=[#6]-,=[#6]-,=[#6]-,=[#6]-,=[#6]-,=[#6]-,=[#6]-,=[#6]-,=[#6]-,=[#6]-,=[#6:93]-,=[#6;A:3]([H:92])[#6:2](=[O:1])[C:4]([H:5])([H:6])[#6:7](=[O:8])-[#16:9][C:10]([H:11])([H:12])[C:13]([H:14])([H:15])[#7:16]([H:17])-[#6:18](=[O:19])[C:20]([H:21])([H:22])[C:23]([H:24])([H:25])[#7:26]([H:27])-[#6:28](=[O:29])[C:30]([H:31])([#8:32][H:33])[C:34]([C:35]([H:36])([H:37])[H:38])([C:39]([H:40])([H:41])[H:42])[C:43]([H:44])([H:45])[#8:46][P:47](=[O:48])([#8:49][H:50])[#8:51][P:52](=[O:53])([#8:54][H:55])[#8:56][C:57]([H:58])([H:59])[C:60]1([H:61])[#8:62][C:63]([H:64])([#7:65]-2-[#6:66]([H:67])=[#7:68]-[#6:69]-3=[#6:70]-2-[#7:71]=[#6:72]([H:73])-[#7:74]=[#6:75]-3-[#7:76]([H:77])[H:78])[C:79]([H:80])([#8:81][H:82])[C:83]1([H:84])[#8:85][P:86](=[O:87])([#8:88][H:89])[#8:90][H:91]	[#6:93]-,=[#6;A:3]([H:92])[C@:2]([H])([#8:1][H])[C:4]([H:5])([H:6])[#6:7](=[O:8])-[#16:9][C:10]([H:11])([H:12])[C:13]([H:14])([H:15])[#7:16]([H:17])-[#6:18](=[O:19])[C:20]([H:21])([H:22])[C:23]([H:24])([H:25])[#7:26]([H:27])-[#6:28](=[O:29])[C:30]([H:31])([#8:32][H:33])[C:34]([C:35]([H:36])([H:37])[H:38])([C:39]([H:40])([H:41])[H:42])[C:43]([H:44])([H:45])[#8:46][P:47](=[O:48])([#8:49][H:50])[#8:51][P:52](=[O:53])([#8:54][H:55])[#8:56][C:57]([H:58])([H:59])[C:60]1([H:61])[#8:62][C:63]([H:64])([#7:65]-2-[#6:66]([H:67])=[#7:68]-[#6:69]-3=[#6:70]-2-[#7:71]=[#6:72]([H:73])-[#7:74]=[#6:75]-3-[#7:76]([H:77])[H:78])[C:79]([H:80])([#8:81][H:82])[C:83]1([H:84])[#8:85][P:86](=[O:87])([#8:88][H:89])[#8:90][H:91]>>[#6:93]-,=[#6;A:3]([H:92])[#6:2](=[O:1])[C:4]([H:5])([H:6])[#6:7](=[O:8])-[#16:9][C:10]([H:11])([H:12])[C:13]([H:14])([H:15])[#7:16]([H:17])-[#6:18](=[O:19])[C:20]([H:21])([H:22])[C:23]([H:24])([H:25])[#7:26]([H:27])-[#6:28](=[O:29])[C:30]([H:31])([#8:32][H:33])[C:34]([C:35]([H:36])([H:37])[H:38])([C:39]([H:40])([H:41])[H:42])[C:43]([H:44])([H:45])[#8:46][P:47](=[O:48])([#8:49][H:50])[#8:51][P:52](=[O:53])([#8:54][H:55])[#8:56][C:57]([H:58])([H:59])[C:60]1([H:61])[#8:62][C:63]([H:64])([#7:65]-2-[#6:66]([H:67])=[#7:68]-[#6:69]-3=[#6:70]-2-[#7:71]=[#6:72]([H:73])-[#7:74]=[#6:75]-3-[#7:76]([H:77])[H:78])[C:79]([H:80])([#8:81][H:82])[C:83]1([H:84])[#8:85][P:86](=[O:87])([#8:88][H:89])[#8:90][H:91]
base	S_OXIDATION_OF_ALKYLARYLTHIOETHER_TO_SULFOXIDE	BTMR0058	S-Oxidation of alkylarylthioether to sulfoxide	bt:S_OXIDATION_OF_ALKYLARYLTHIOETHER_TO_SULFOXIDE	1	[SX2](c)[CX4;!$(C([OX2])[O,S,#7,#15,F,Cl,Br,I])]	0		[#6;a:2]-[#16;X2:1][#6;A;X4;!$(C([OX2])[O,S,#7,#15,F,Cl,Br,I]):3]>>[#6;a:2][S;X3:1]([#6;A;X4;!$(C([OX2])[O,S,#7,#15,F,Cl,Br,I]):3])=O
base	S_OXIDATION_OF_DIALKYLTHIOETHER_TO_SULFOXIDE	BTMR0057	S-Oxidation of dialkylthioether to sulfoxide	bt:S_OXIDATION_OF_DIALKYLTHIOETHER_TO_SULFOXIDE	1	[#6;A;X4;!$(C([OX2])[O,S,#7,#15,F,Cl,Br,I])][#16;X2][#6;A;X4;!$(C([OX2])[O,S,#7,#15])]	0		[#6;A;X4;!$(C([OX2])[O,S,#7,#15]):3][#16;X2:1][#6;A;X4;!$(C([OX2])[O,S,#7,#15,F,Cl,Br,I]):2]>>[#6;A;X4;!$(C([OX2])[O,S,#7,#15]):3][S;X3:1]([#6;A;X4;!$(C([OX2])[O,S,#7,#15,F,Cl,Br,I]):2])=O
base	S_OXIDATION_OF_DIARYLTHIOETHER_TO_SULFOXIDE	BTMR0059	S-Oxidation of diarylthioether to sulfoxide	bt:S_OXIDATION_OF_DIARYLTHIOETHER_TO_SULFOXIDE	1	[#6;a]-[#16;X2]-[#6;a]	0		[#6;a:2]-[#16;X2:1]-[#6;a:3]>>[#6;a:2][S;X3:1]([#6;a:3])=O
base	S_OXIDATION_OF_DITHIOCARBAMATE	BTMR1125	S-Oxidation of dithiocarbamate	bt:S_OXIDATION_OF_DITHIOCARBAMATE	1	[#1,#6]-[#16;X2]-[#6;X3](=[S;X1])-[#7;X3](-[#1,#6])-[#1,#6]	0		[#1,#6:7]-[#16;X2:1]-[#6;X3:2](=[S;X1:3])-[#7;X3:4](-[#1,#6:5])-[#1,#6:6]>>[#1,#6:7]-[#16;X2:1]-[#6;X3:2](=[S;X2:3]=O)-[#7;X3:4](-[#1,#6:5])-[#1,#6:6]
base	S_OXIDATION_OF_ORGANOSULFUROUS_COMPOUNDS	BTMR1124	S-Oxidation of organosulfurous compounds	bt:S_OXIDATION_OF_ORGANOSULFUROUS_COMPOUNDS	1	[#6]-[#8;X2][S;X3](=[O;X1])[#8;X2]-[#6]	0		[#6:5]-[#8;X2:3][S;X3:1](=[O;X1:2])[#8;X2:4]-[#6:6]>>[#6:5]-[#8;X2:3][S;X4:1](=[O;X1:2])(=O)[#8;X2:4]-[#6:6]
base	S_OXIDATION_OF_SULFOXIDE_TO_SULFONE	BTMR0060	S-Oxidation of sulfoxide to sulfone	bt:S_OXIDATION_OF_SULFOXIDE_TO_SULFONE	1	[#6][S;X3]([#6])=[O;X1]	0		[#16;X3:1](-[#6:2])(=[#8;X1])-[#6:4]>>[#6:2][S;X4:1]([#6:4])(=[O;X1])=O
base	S_OXIDATION_OF_THIOCARBAMATE	BTMR1126	S-Oxidation of thiocarbamate	bt:S_OXIDATION_OF_THIOCARBAMATE	1	[#6]-[#16;X2]-[#6;X3](=[O;X1])-[#7;X3](-[#1,#6])-[#1,#6]	0		[#6:7]-[#16;X2:1]-[#6;X3:2](=[O;X1:3])-[#7;X3:4](-[#1,#6:5])-[#1,#6:6]>>[#6:7][S;X3:1](=O)[#6;X3:2](=[O;X1:3])-[#7;X3:4](-[#1,#6:5])-[#1,#6:6]
base	TAURINATED_C23_BILE_ACID_DECONJUGATION_PATTERN2	BTMR0319	Deconjugation of taurinated C23 bile acid	bt:TAURINATED_C23_BILE_ACID_DECONJUGATION	1	[#6;A;H3X4][#6;A;H1X4]([#6;A;H2X4][#6](=O)[#7;A;H1X3][#6;A;H2X4][#6;A;H2X4][S;X4]([#8;A;X1-,X2H1])(=[O;X1])=[O;X1])[#6]1-[#6]-,=[#6]-[#6]2-[#6]-,=3-[#6;CX4H2,$([CX4H1]-[OX2H1])]-[#6]-,=[#6]4-,=[#6]-,=[#6]([#8;A;X2H1,X1-])-[#6]-[#6]C4([#6;A;H3X4])[#6]-,=3-[#6]-[#6;CX4H2,$([CX4H1]-[OX2H1])]C12[#6;A;H3X4]	0		[H:33][#7;A;X3:6]([#6;A;H2X4:7][#6;A;H2X4:8][S;X4:9]([#8;A;X1-,X2H1:10])(=[O;X1:11])=[O;X1:12])[#6:4](=[O:5])[#6;A;H2X4:3][#6;A;H1X4:2]([#6;A;H3X4:1])[#6:13]1-[#6:14]-,=[#6:15]-[#6:16]2-[#6:17]-,=3-[#6;CX4H2,$([CX4H1]-[OX2H1]):18]-[#6:19]-,=[#6:20]4-,=[#6:21]-,=[#6:22]([#8;A;X2H1,X1-:23])-[#6:24]-[#6:25][C:26]4([#6;A;H3X4:27])[#6:28]-,=3-[#6:29]-[#6;CX4H2,$([CX4H1]-[OX2H1]):30][C:31]12[#6;A;H3X4:32]>>[H:33][#7;A;X3:6]([H])[#6;A;H2X4:7][#6;A;H2X4:8][S;X4:9]([#8;A;X1-,X2H1:10])(=[O;X1:11])=[O;X1:12].[H][#8]-[#6:4](=[O:5])[#6;A;H2X4:3][#6;A;H1X4:2]([#6;A;H3X4:1])[#6:13]1-[#6:14]-,=[#6:15]-[#6:16]2-[#6:17]-,=3-[#6;CX4H2,$([CX4H1]-[OX2H1]):18]-[#6:19]-,=[#6:20]4-,=[#6:21]-,=[#6:22]([#8;A;X2H1,X1-:23])-[#6:24]-[#6:25][C:26]4([#6;A;H3X4:27])[#6:28]-,=3-[#6:29]-[#6;CX4H2,$([CX4H1]-[OX2H1]):30][C:31]12[#6;A;H3X4:32]
base	TAURINATED_C24_BILE_ACID_DECONJUGATION_PATTERN1	BTMR0318	Deconjugation of taurinated C24 bile acid	bt:TAURINATED_C24_BILE_ACID_DECONJUGATION	1	[#6;A;H3X4][#6;A;H1X4]([#6;A;H2X4][#6;A;H2X4][#6](=O)[#7;A;H1X3][#6;A;H2X4][#6;A;H2X4][S;X4]([#8;A;X1-,X2H1])(=[O;X1])=[O;X1])[#6]1-[#6]-,=[#6]-[#6]2-[#6]-,=3-[#6;CX4H2,$([CX4H1]-[OX2H1])]-[#6]-,=[#6]4-,=[#6]-,=[#6]([#8;A;X2H1,X1-])-[#6]-[#6]C4([#6;A;H3X4])[#6]-,=3-[#6]-[#6;CX4H2,$([CX4H1]-[OX2H1])]C12[#6;A;H3X4]	0		[H:34][#7;A;X3:6]([#6;A;H2X4:28][#6;A;H2X4:29][S;X4:30]([#8;A;X1-,X2H1:33])(=[O;X1:32])=[O;X1:31])[#6:5](=[O:7])[#6;A;H2X4:4][#6;A;H2X4:3][#6;A;H1X4:2]([#6;A;H3X4:1])[#6:8]1-[#6:9]-,=[#6:10]-[#6:11]2-[#6:12]-,=3-[#6;CX4H2,$([CX4H1]-[OX2H1]):13]-[#6:14]-,=[#6:15]4-,=[#6:16]-,=[#6:17]([#8;A;X2H1,X1-:18])-[#6:19]-[#6:20][C:21]4([#6;A;H3X4:22])[#6:23]-,=3-[#6:24]-[#6;CX4H2,$([CX4H1]-[OX2H1]):25][C:26]12[#6;A;H3X4:27]>>[H][#7;A;X3:6]([H:34])[#6;A;H2X4:28][#6;A;H2X4:29][S;X4:30]([#8;A;X1-,X2H1:33])(=[O;X1:32])=[O;X1:31].[H][#8]-[#6:5](=[O:7])[#6;A;H2X4:4][#6;A;H2X4:3][#6;A;H1X4:2]([#6;A;H3X4:1])[#6:8]1-[#6:9]-,=[#6:10]-[#6:11]2-[#6:12]-,=3-[#6;CX4H2,$([CX4H1]-[OX2H1]):13]-[#6:14]-,=[#6:15]4-,=[#6:16]-,=[#6:17]([#8;A;X2H1,X1-:18])-[#6:19]-[#6:20][C:21]4([#6;A;H3X4:22])[#6:23]-,=3-[#6:24]-[#6;CX4H2,$([CX4H1]-[OX2H1]):25][C:26]12[#6;A;H3X4:27]
base	TERMINAL_DESATURATION_PATTERN1	BTMR1190	Terminal desaturation	bt:TERMINAL_DESATURATION	1	[H][#6;X4R0](-[#6])[C;X4]([H])([H])[H]	0		[H][#6;X4R0:2](-[#6:1])[C;X4:3]([H])([H:4])[H:5]>>[H:4][#6;X3:3]([H:5])=[#6;X3R0:2][#6:1]
base	TERTIARY_ALIPHATIC_AMINE_N_GLUCURONIDATION_PATTERN1	BTMR0244	N-Glucuronidation of tertiary aliphatic amine	bt:TERTIARY_ALIPHATIC_AMINE_N_GLUCURONIDATION	1	[#6;A][#7;A;H0X3R0;+0!$([N][#6]=[!#6;!#1])!$([N]#[!#6,!#1])]([#6;A])[#6;A]	2	[H][#7]([#6;A;H2X4][#6](-[#8])=O)-[#6](=O)[#6;A;H1X4]([#6;A;H2X4][#16][#6,#8,#16;A])[#7]([H])-[#6](=O)[#6;A;H2X4][#6;A;H2X4][#6;A;H1X4]([#7])[#6](-[#8])=O | [#6;R0]-[#6;R0](=O)-[#16]-[#6]-[#6]-[#7]-[#6](=O)-[#6]-[#6]-[#7]-[#6](=O)-[#6](-[#8])C([#6])([#6])[#6]-[#8]P([#8])(=O)[#8]P([#8])(=O)[#8]-[#6]-[#6]-1-[#8]-[#6](-[#6](-[#8])-[#6]-1-[#8]P([#8])([#8])=O)-[#7]-1-[#6]=[#7]-[#6]-2=[#6]-1-[#7]=[#6]-[#7]=[#6]-2-[#7]	[#6;A:4][#7;A;H0X3R0;+0!$([N][#6]=[!#6;!#1])!$([N]#[!#6,!#1]):1]([#6;A:3])[#6;A:2]>>[H][#8]-[#6](=O)C1([H])[#8]C([H])(C([H])([#8][H])C([H])([#8][H])C1([H])[#8][H])[#7;A;X3R0+:1]([#6;A:2])([#6;A:3])[#6;A:4]
base	TERTIARY_ALIPHATIC_AMINE_N_GLUCURONIDATION_PATTERN2	BTMR0245	N-Glucuronidation of tertiary aliphatic amine	bt:TERTIARY_ALIPHATIC_AMINE_N_GLUCURONIDATION	1	[H][#7;A;H1X4+1;!$([N][#6]=[!#6;!#1])!$([N]#[!#6,!#1])]([#6;A])([#6;A])[#6;A]	2	[H][#7]([#6;A;H2X4][#6](-[#8])=O)-[#6](=O)[#6;A;H1X4]([#6;A;H2X4][#16][#6,#8,#16;A])[#7]([H])-[#6](=O)[#6;A;H2X4][#6;A;H2X4][#6;A;H1X4]([#7])[#6](-[#8])=O | [#6;R0]-[#6;R0](=O)-[#16]-[#6]-[#6]-[#7]-[#6](=O)-[#6]-[#6]-[#7]-[#6](=O)-[#6](-[#8])C([#6])([#6])[#6]-[#8]P([#8])(=O)[#8]P([#8])(=O)[#8]-[#6]-[#6]-1-[#8]-[#6](-[#6](-[#8])-[#6]-1-[#8]P([#8])([#8])=O)-[#7]-1-[#6]=[#7]-[#6]-2=[#6]-1-[#7]=[#6]-[#7]=[#6]-2-[#7]	[H][#7;A;H1X4+;!$([N][#6]=[!#6;!#1])!$([N]#[!#6,!#1]):1]([#6;A:4])([#6;A:3])[#6;A:2]>>[H][#8]C1([H])C([H])([#8]C([H])(C([H])([#8][H])C1([H])[#8][H])[#7;A;X3+:1]([#6;A:2])([#6;A:3])[#6;A:4])[#6](-[#8])=O
base	TERTIARY_ALIPHATIC_AMINE_N_GLUCURONIDATION_PATTERN3	BTMR1235	N-Glucuronidation of tertiary aliphatic amine	bt:TERTIARY_ALIPHATIC_AMINE_N_GLUCURONIDATION	1	[#6;A;R0][#7;A;H0X3;+0!$([N][#6]=[!#6;!#1])!$([N]#[!#6,!#1])](@-[#6;A])@-[#6;A]	2	[H][#7]([#6;A;H2X4][#6](-[#8])=O)-[#6](=O)[#6;A;H1X4]([#6;A;H2X4][#16][#6,#8,#16;A])[#7]([H])-[#6](=O)[#6;A;H2X4][#6;A;H2X4][#6;A;H1X4]([#7])[#6](-[#8])=O | [#6;R0]-[#6;R0](=O)-[#16]-[#6]-[#6]-[#7]-[#6](=O)-[#6]-[#6]-[#7]-[#6](=O)-[#6](-[#8])C([#6])([#6])[#6]-[#8]P([#8])(=O)[#8]P([#8])(=O)[#8]-[#6]-[#6]-1-[#8]-[#6](-[#6](-[#8])-[#6]-1-[#8]P([#8])([#8])=O)-[#7]-1-[#6]=[#7]-[#6]-2=[#6]-1-[#7]=[#6]-[#7]=[#6]-2-[#7]	[#6;A;R0:4][#7;A;H0X3;+0!$([N][#6]=[!#6;!#1])!$([N]#[!#6,!#1]):2](@-[#6;A:3])@-[#6;A:1]>>[H][#8]-[#6](=O)C1([H])[#8]C([H])(C([H])([#8][H])C([H])([#8][H])C1([H])[#8][H])[#7;A;X4+:2]([#6;A;R0:4])(@-[#6;A:3])@-[#6;A:1]
base	THIOETHER_S_METHYLATION	BTMR0214	Thioether S-methylation	bt:THIOETHER_S_METHYLATION	1	[#6]-[#16;X2+0;R0]-[#6]	2	[H][#7]([#6;A;H2X4][#6](-[#8])=O)-[#6](=O)[#6;A;H1X4]([#6;A;H2X4][#16][#6,#8,#16;A])[#7]([H])-[#6](=O)[#6;A;H2X4][#6;A;H2X4][#6;A;H1X4]([#7])[#6](-[#8])=O | [#7]~[#6]~1~[#7]~[#6]~[#7]~[#6]~2~[#6]~1~[#7]~[#6]~[#7]~2-[#6]-1-[#8]-[#6](-[#6]-[#8]P([#8])(=O)[#8]P([#8])(=O)[#8]-[#6]C([#6])([#6])[#6](-,=[#8])-[#6](-,=[#8])-,=[#7]-[#6]-[#6]-[#6](-,=[#8])-,=[#7]-[#6]-[#6]-[#16])-[#6](-[#8]P([#8])([#8])=O)-[#6]-1-[#8]	[#6:2][#16;X2+0;R0:1][#6:3]>>[#6:2][#16;X3v3+1;R0:1]([CX4H3])[#6:3]
base	THIOGLUCOSIDE_HYDROLYSIS	BTMR0572	Deglucosylation of thioglucoside	bt:THIOGLUCOSIDE_HYDROLYSIS	1	[#6]-[#16;X2][#6;A@@H;H1X4]1[#8][#6;A@H;H1X4]([#6;A;H2X4][#8;A;H1X2])[#6;A@@H;H1X4]([#8;A;H1X2])[#6;A@H;H1X4]([#8;A;H1X2])[#6;A@H;H1X4]1[#8;A;H1X2]	0		[#6:7]-[#16;X2:6][#6;A@@H;H1X4:5]1[#8:4][#6;A@H;H1X4:3]([#6;A;H2X4:2][#8;A;H1X2:1])[#6;A@@H;H1X4:12]([#8;A;H1X2:13])[#6;A@H;H1X4:10]([#8;A;H1X2:11])[#6;A@H;H1X4:8]1[#8;A;H1X2:9]>>[H][#16;X2:6]-[#6:7].[H][#8][#6;A;X4:5]1[#8:4][#6;A@H;H1X4:3]([#6;A;H2X4:2][#8;A;H1X2:1])[#6;A@@H;H1X4:12]([#8;A;H1X2:13])[#6;A@H;H1X4:10]([#8;A;H1X2:11])[#6;A@H;H1X4:8]1[#8;A;H1X2:9]
base	THIOGLUCOSINOLATE_HYDROLYSIS	BTMR0573	Deglucosylation of thioglucosinolate	bt:THIOGLUCOSINOLATE_HYDROLYSIS	1	[#8;A;H1X2][#6][#6;A@H;H1X4R1]1[#8][#6;A@@H;H1X4R1]([#16;X2]-[#6](-[#6,#1])=[#7;X2]-[#8;X2][S;X4]([#8;A;X2H1,X1-])(=[O;X1])=[O;X1])[#6;A@H;H1X4R1]([#8;A;H1X2])[#6;A@@H;H1X4R1]([#8;A;H1X2])[#6;A@@H;H1X4R1]1[#8;A;H1X2]	0		[#8;A;H1X2:1][#6:2][#6;A@H;H1X4R1:3]1[#8:4][#6;A@@H;H1X4R1:5]([#16;X2:6]-[#6:7](-[#6,#1:8])=[#7;X2:9]-[#8;X2:10][S;X4:11]([#8;A;X2H1,X1-:12])(=[O;X1:14])=[O;X1:13])[#6;A@H;H1X4R1:15]([#8;A;H1X2:16])[#6;A@@H;H1X4R1:17]([#8;A;H1X2:18])[#6;A@@H;H1X4R1:19]1[#8;A;H1X2:20]>>[H][#16;X2:6]-[#6:7](-[#6,#1:8])=[#7;X2:9]-[#8;X2:10][S;X4:11]([#8;A;X2H1,X1-:12])(=[O;X1:14])=[O;X1:13].[H][#8][#6;A;X4R1:5]1[#8:4][#6;A@H;H1X4R1:3]([#6:2][#8;A;H1X2:1])[#6;A@@H;H1X4R1:19]([#8;A;H1X2:20])[#6;A@H;H1X4R1:17]([#8;A;H1X2:18])[#6;A@H;H1X4R1:15]1[#8;A;H1X2:16]
base	THIOHYDROXIMATE_O_SULFOHYDROLYSIS	BTMR0574	O-Sulfohydrolysis of thiohydroximate	bt:THIOHYDROXIMATE_O_SULFOHYDROLYSIS	1	[H][#16;X2][#6](-[#6,#1])=[#7;X2][#8;X2][S;X4]([#8;A;X2H1,X1-])(=[O;X1])=[O;X1]	0		[H][#16;X2]-[#6:1](-[#6,#1:2])=[#7;X2:3]-[#8;X2][S;X4]([#8;A;X2H1,X1-])(=[O;X1])=[O;X1]>>[#6,#1:2][C:1]#[N;X1:3]
base	THIOL_GLUCURONIDATION	BTMR0179	Thiol glucuronidation	bt:THIOL_GLUCURONIDATION	1	[#6]-[#16;H1X2]	2	[H][#7]([#6;A;H2X4][#6](-[#8])=O)-[#6](=O)[#6;A;H1X4]([#6;A;H2X4][#16][#6,#8,#16;A])[#7]([H])-[#6](=O)[#6;A;H2X4][#6;A;H2X4][#6;A;H1X4]([#7])[#6](-[#8])=O | [#8]-,=[#6](-,=[#7]-[#6]-,=[#6]-,=[#16])-[#6]-[#6]-[#7]-,=[#6](-,=[#8])-[#6](-,=[#8])C([#6])([#6])[#6]-[#8]P([#8])(=O)[#8]P([#8])(=O)[#8]-[#6]-[#6]-1-[#8]-[#6](-[#7]~2~[#6]~[#7]~[#6]~3~[#6]~2~[#7]~[#6]~[#7]~[#6]~3-[#7])-[#6](-[#8])-[#6]-1-[#8]	[H][#16;X2:2]-[#6:1]>>[#6:1]-[#16;X2:2]-[#6@H]-1-[#8]-[#6@@H](-[#6@@H](-[#8])-[#6@H](-[#8])-[#6@H]-1-[#8])-[#6](-[#8])=O
base	THIOL_S_METHYLATION	BTMR0215	Thiol S-methylation	bt:THIOL_S_METHYLATION	1	[#6]-[#16;R0;X2H1+0,X1-1]	2	[H][#7]([#6;A;H2X4][#6](-[#8])=O)-[#6](=O)[#6;A;H1X4]([#6;A;H2X4][#16][#6,#8,#16;A])[#7]([H])-[#6](=O)[#6;A;H2X4][#6;A;H2X4][#6;A;H1X4]([#7])[#6](-[#8])=O | [#7]~[#6]~1~[#7]~[#6]~[#7]~[#6]~2~[#6]~1~[#7]~[#6]~[#7]~2-[#6]-1-[#8]-[#6](-[#6]-[#8]P([#8])(=O)[#8]P([#8])(=O)[#8]-[#6]C([#6])([#6])[#6](-,=[#8])-[#6](-,=[#8])-,=[#7]-[#6]-[#6]-[#6](-,=[#8])-,=[#7]-[#6]-[#6]-[#16])-[#6](-[#8]P([#8])([#8])=O)-[#6]-1-[#8]	[#6:2][#16;R0;X2H1+0,X1-1:1]>>[#6:2][#16;X2;R0:1][CX4H3;v4]
base	THIOPHENE_EPOXIDATION	BTMR0131	Epoxidation of thiophene	bt:THIOPHENE_EPOXIDATION	1	[#6]1=,:[#6][#16][#6;H1X3]=,:[#6;H1X3]1	0		[H][#6;X3:5]=,:1[#6:1]=,:[#6:2][#16:3][#6;X3:4]=,:1[H]>>[#6:2]1=,:[#6:1][#6;X3:5]2-[#8]-[#6;X3:4]2[#16:3]1
base	THIOPHENE_S_OXIDATION	BTMR0102	Thiophene S-oxidation	bt:THIOPHENE_S_OXIDATION	1	[#6]=,:1[#6]=,:[#6][#16;X2][#6]=,:1	0		[#6:1]=,:1[#6:2]=,:[#6:3][#16;X2:4][#6:5]=,:1>>[#8-][S;X3+:4]-,:1-,:[#6:5]=,:[#6:1][#6:2]=,:[#6:3]-,:1
base	THIOPHENOL_GLUCURONIDATION	BTMR0180	Thiophenol glucuronidation	bt:THIOPHENOL_GLUCURONIDATION	1	[#16;H1X2]-[#6;R1]=,:1[#6;R1]=,:[#6;R1][#6;R1]=,:[#6;R1][#6;R1]=,:1	2	[H][#7]([#6;A;H2X4][#6](-[#8])=O)-[#6](=O)[#6;A;H1X4]([#6;A;H2X4][#16][#6,#8,#16;A])[#7]([H])-[#6](=O)[#6;A;H2X4][#6;A;H2X4][#6;A;H1X4]([#7])[#6](-[#8])=O | [#8]-,=[#6](-,=[#7]-[#6]-,=[#6]-,=[#16])-[#6]-[#6]-[#7]-,=[#6](-,=[#8])-[#6](-,=[#8])C([#6])([#6])[#6]-[#8]P([#8])(=O)[#8]P([#8])(=O)[#8]-[#6]-[#6]-1-[#8]-[#6](-[#7]~2~[#6]~[#7]~[#6]~3~[#6]~2~[#7]~[#6]~[#7]~[#6]~3-[#7])-[#6](-[#8])-[#6]-1-[#8]	[H][#16;X2:1]-[#6;R1:2]=,:1[#6;R1:3]=,:[#6;R1:4][#6;R1:5]=,:[#6;R1:6][#6;R1:7]=,:1>>[#8]-[#6@@H]-1-[#6@@H](-[#8])-[#6@H](-[#8]-[#6@@H](-[#6@H]-1-[#8])-[#6](-[#8])=O)-[#16:1]-[#6;R1:2]=,:1[#6;R1:3]=,:[#6;R1:4][#6;R1:5]=,:[#6;R1:6][#6;R1:7]=,:1
base	THIOPURINE_S_METHYLATION	BTMR0251	S-Methylation of thiopurine	bt:THIOPURINE_S_METHYLATION	1	[#16;A;H1X2][c;R1]1[n;R1][c;R1][n;R1][c;R2]2[n;R1][c;R1][n;R1][c;R2]12	2	[H][#7]([#6;A;H2X4][#6](-[#8])=O)-[#6](=O)[#6;A;H1X4]([#6;A;H2X4][#16][#6,#8,#16;A])[#7]([H])-[#6](=O)[#6;A;H2X4][#6;A;H2X4][#6;A;H1X4]([#7])[#6](-[#8])=O | [#6;R0]-[#6;R0](=O)-[#16]-[#6]-[#6]-[#7]-[#6](=O)-[#6]-[#6]-[#7]-[#6](=O)-[#6](-[#8])C([#6])([#6])[#6]-[#8]P([#8])(=O)[#8]P([#8])(=O)[#8]-[#6]-[#6]-1-[#8]-[#6](-[#6](-[#8])-[#6]-1-[#8]P([#8])([#8])=O)-[#7]-1-[#6]=[#7]-[#6]-2=[#6]-1-[#7]=[#6]-[#7]=[#6]-2-[#7]	[H][#16;A;X2:10][c;R1:9]1[n;R1:8][c;R1:7][n;R1:6][c;R2:4]2[n;R1:5][c;R1:1][n;R1:2][c;R2:3]12>>[#6;A;H3X4][#16;A;X2:10][c;R1:9]1[n;R1:8][c;R1:7][n;R1:6][c;R2:4]2[n;R1:5][c;R1:1][n;R1:2][c;R2:3]12
base	TRANS_23_DIDEHYDROACYL_COA_REDUCTION	BTMR0529	Reduction of trans-2,3-didehydroacyl-CoA	bt:TRANS_23_DIDEHYDROACYL_COA_REDUCTION	1	[H][#8]-[#6;R0](-[#6;R0](=O)-[#7]-[#6;R0]-[#6;R0]-[#6](=O)-[#7]-[#6;R0]-[#6;R0]-[#16]-[#6](=O)-[#6]([H])=[#6](/[H])[#6]([H])=[#6](/[H])-[#6]-[#6])C([#6;A])([#6;A])[#6]-[#8]P([#8;A;X2H1,X1-])(=O)[#8]P([#8;A;X2H1,X1-])(=O)[#8]-[#6;R0]-[#6;R1]-1-[#8]-[#6](-[#6](-[#8][H])-[#6;R1]-1-[#8]P([#8;A;X2H1,X1-])([#8;A;X2H1,X1-])=O)-[#7]-1-[#6]=[#7]-[#6]-2=[#6]-1-[#7]=[#6]-[#7]=[#6]-2-[#7]([H])[H]	0		[H:58][#8:18]-[#6;R0:17](-[#6;R0:15](=[O:16])-[#7:14]-[#6;R0:13]-[#6;R0:12]-[#6:10](=[O:11])-[#7:9]-[#6;R0:8]-[#6;R0:7]-[#16:6]-[#6:5](=[O:54])-[#6:4]([H:55])=[#6:3](/[H:56])-[#6]([H])=[#6]([H])-[#6:1]-[#6:2])[C:19]([#6;A:20])([#6;A:21])[#6:22]-[#8:23][P:24]([#8;A;X2H1,X1-:53])(=[O:25])[#8:26][P:27]([#8;A;X2H1,X1-:52])(=[O:28])[#8:29]-[#6;R0:30]-[#6;R1:31]-1-[#8:41]-[#6:40](-[#6:38](-[#8:39][H:57])-[#6;R1:32]-1-[#8:33][P:34]([#8;A;X2H1,X1-:35])([#8;A;X2H1,X1-:37])=[O:36])-[#7:42]-1-[#6:51]=[#7:50]-[#6:44]-2=[#6:43]-1-[#7:49]=[#6:48]-[#7:47]=[#6:45]-2-[#7:46]([H:59])[H:60]>>[H:58][#8:18]-[#6;R0:17](-[#6;R0:15](=[O:16])-[#7:14]-[#6;R0:13]-[#6;R0:12]-[#6:10](=[O:11])-[#7:9]-[#6;R0:8]-[#6;R0:7]-[#16:6]-[#6:5](=[O:54])-[#6:4]([H:55])=[#6:3](/[H:56])-[#6:1]-[#6:2])[C:19]([#6;A:20])([#6;A:21])[#6:22]-[#8:23][P:24]([#8;A;X2H1,X1-:53])(=[O:25])[#8:26][P:27]([#8;A;X2H1,X1-:52])(=[O:28])[#8:29]-[#6;R0:30]-[#6;R1:31]-1-[#8:41]-[#6:40](-[#6:38](-[#8:39][H:57])-[#6;R1:32]-1-[#8:33][P:34]([#8;A;X2H1,X1-:35])([#8;A;X2H1,X1-:37])=[O:36])-[#7:42]-1-[#6:51]=[#7:50]-[#6:44]-2=[#6:43]-1-[#7:49]=[#6:48]-[#7:47]=[#6:45]-2-[#7:46]([H:59])[H:60]
base	TRIACYLGLYCEROL_ACYLHYDROLYSIS	BTMR0516	1-Acyl hydrolysis of triacylglycerol	bt:TRIACYLGLYCEROL_ACYLHYDROLYSIS	1	[#6,#1;A][#6;X3](=[O;X1])-[#8;X2]-[#6;H2X4]-[#6;H1X4](-[#6;H2X4]-[#8;X2]-[#6;X3]([#6,#1;A])=[O;X1])-[#8;X2]-[#6;X3]([#6,#1;A])=[O;X1]	0		[#6,#1;A:7][#6;X3:6](=[O;X1:8])-[#8;X2:5]-[#6;H2X4:4]-[#6;H1X4:3](-[#6;H2X4:2]-[#8;X2:1]-[#6;X3:13]([#6,#1;A:15])=[O;X1:14])-[#8;X2:9]-[#6;X3:10]([#6,#1;A:11])=[O;X1:12]>>[H][#8]-[#6;X3:13]([#6,#1;A:15])=[O;X1:14].[H][#8;X2:1]-[#6;H2X4:2]-[#6;H1X4:3](-[#6;H2X4:4]-[#8;X2:5]-[#6;X3:6]([#6,#1;A:7])=[O;X1:8])-[#8;X2:9]-[#6;X3:10]([#6,#1;A:11])=[O;X1:12]
base	TRIHEXOSYLCERAMIDE_GALACTO_HYDROLYSIS	BTMR0560	Hydrolysis of terminal hexose from trihexosylceramide	bt:TRIHEXOSYLCERAMIDE_GALACTO_HYDROLYSIS	1	[H][#8]C([H])([H])C1([H])[#8]C([H])([#8]C2([H])C([H])([#8][H])C([H])([#8][H])C([H])([#8]C3([H])C([H])([#8][H])C([H])([#8][H])C([H])([#8]C([H])([H])C([H])([#7]([H])-[#6]([#6,#1;A])=O)C([H])([#8][H])[#6](-[H])=[#6](/[H])C([H])([H])C([H])([H])C([H])([H])C([H])([H])C([H])([H])C([H])([H])C([H])([H])C([H])([H])C([H])([H])C([H])([H])C([H])([H])C([H])([H])C([H])([H])[H])[#8]C3([H])C([H])([H])[#8][H])[#8]C2([H])C([H])([H])[#8][H])C([H])([#8][H])C([H])([#8][H])C1([H])[#8][H]	0		[H:116][#8:50][C:45]([H:110])([H:111])[C:40]1([H:105])[#8:36][C:31]([H:98])([#8:27][C:25]2([H:93])[C:28]([H:95])([#8:33][H:100])[C:32]([H:99])([#8:38][H:104])[C:34]([H:101])([#8:39][C:43]3([H:108])[C:48]([H:114])([#8:54][H:120])[C:53]([H:119])([#8:57][H:123])[C:55]([H:121])([#8:8][C:4]([H:61])([H:62])[C:1]([H:58])([#7:3]([H:60])-[#6:7]([#6,#1;A:11])=[O:10])[C:2]([H:59])([#8:6][H:64])[#6:5](-[H:63])=[#6:9](/[H:65])[C:12]([H:66])([H:67])[C:13]([H:68])([H:69])[C:14]([H:70])([H:71])[C:15]([H:72])([H:73])[C:16]([H:74])([H:75])[C:17]([H:76])([H:77])[C:18]([H:78])([H:79])[C:19]([H:80])([H:81])[C:20]([H:82])([H:83])[C:21]([H:84])([H:85])[C:22]([H:86])([H:87])[C:23]([H:88])([H:89])[C:24]([H:90])([H:91])[H:92])[#8:51][C:47]3([H:113])[C:52]([H:117])([H:118])[#8:56][H:122])[#8:29][C:26]2([H:94])[C:30]([H:96])([H:97])[#8:35][H:102])[C:37]([H:103])([#8:42][H:107])[C:41]([H:106])([#8:46][H:112])[C:44]1([H:109])[#8:49][H:115]>>[H:116][#8:50][C:45]([H:110])([H:111])[C:40]1([H:105])[#8:36][C:31]([H:98])([#8:27][H])[C:37]([H:103])([#8:42][H:107])[C:41]([H:106])([#8:46][H:112])[C:44]1([H:109])[#8:49][H:115].[H:102][#8:35][C:30]([H:96])([H:97])[C:26]1([H:94])[#8:29][C:34]([H:101])([#8:39][C:43]2([H:108])[C:48]([H:114])([#8:54][H:120])[C:53]([H:119])([#8:57][H:123])[C:55]([H:121])([#8:8][C:4]([H:61])([H:62])[C:1]([H:58])([#7:3]([H:60])-[#6:7]([#6,#1;A:11])=[O:10])[C:2]([H:59])([#8:6][H:64])[#6:5](-[H:63])=[#6:9](/[H:65])[C:12]([H:66])([H:67])[C:13]([H:68])([H:69])[C:14]([H:70])([H:71])[C:15]([H:72])([H:73])[C:16]([H:74])([H:75])[C:17]([H:76])([H:77])[C:18]([H:78])([H:79])[C:19]([H:80])([H:81])[C:20]([H:82])([H:83])[C:21]([H:84])([H:85])[C:22]([H:86])([H:87])[C:23]([H:88])([H:89])[C:24]([H:90])([H:91])[H:92])[#8:51][C:47]2([H:113])[C:52]([H:117])([H:118])[#8:56][H:122])[C:32]([H:99])([#8:38][H:104])[C:28]([H:95])([#8:33][H:100])[C:25]1([H:93])[H]
base	VERY_LONG_CHAIN_3R_3_HYDROXYACYL_COA_DEHYDRATION	BTMR0593	Dehydration of very long-chain (3R)-3-hydroxyacyl-CoA	bt:VERY_LONG_CHAIN_3R_3_HYDROXYACYL_COA_DEHYDRATION	1	[#6;R0]-,=[#6;R0]-,=[#6;R0]-,=[#6;R0]-,=[#6;R0]-,=[#6;R0]-,=[#6;R0]-,=[#6;R0]-,=[#6;R0]-,=[#6;R0]-,=[#6;R0]-,=[#6;R0]-,=[#6;R0]-,=[#6;R0]-,=[#6;R0]-,=[#6;R0]-,=[#6;R0]-,=[#6;R0]-,=[#6;R0][C@@]([H])([#8;A;X2H1,X1-])[#6;A;X4R0;H2,H1][#6;R0](=[O;R0])-[#16;R0]-[#6;R0]-[#6;R0]-[#7;R0]-,=[#6;R0](-,=[#8])-[#6;R0]-[#6;R0]-[#7;R0]-,=[#6;R0](-,=[#8;R0])[#6;A;H1X4]([#8])[C;R0]([#6;R0])([#6;R0])[#6;R0]-[#8;R0][P;R0]([#8;A;X2H1,X1-])(=[O;R0])[#8;R0][P;R0]([#8;A;X2H1,X1-])(=[O;R0])[#8]-[#6]-[#6]-1-[#8]-[#6](-[#6](-[#8])-[#6]-1-[#8]P([#8;A;X2H1,X1-])([#8;A;X2H1,X1-])=O)-[#7]-1-[#6]=[#7]-[#6]-2=[#6]-1-[#7]=[#6]-[#7]=[#6]-2-[#7]	0		[#6;R0:72]-,=[#6;R0:71]-,=[#6;R0:70]-,=[#6;R0:69]-,=[#6;R0:68]-,=[#6;R0:67]-,=[#6;R0:66]-,=[#6;R0:65]-,=[#6;R0:64]-,=[#6;R0:63]-,=[#6;R0:62]-,=[#6;R0:61]-,=[#6;R0:60]-,=[#6;R0:59]-,=[#6;R0:58]-,=[#6;R0:57]-,=[#6;R0:56]-,=[#6;R0:55]-,=[#6;R0:54][C@@:53]([H:73])([#8;A:52][H:74])[#6;A;X4R0:51]([H:75])[#6;R0:50](=[O;R0:49])-[#16;R0:48]-[#6;R0:47]-[#6;R0:46]-[#7;R0:45]-,=[#6;R0:44](-,=[#8:43])-[#6;R0:42]-[#6;R0:41]-[#7;R0:40]-,=[#6;R0:39](-,=[#8;R0:38])[#6;A;H1X4:37]([#8:36])[C;R0:35]([#6;R0:33])([#6;R0:34])[#6;R0:32]-[#8;R0:31][P;R0:30]([#8;A;X2H1,X1-:29])(=[O;R0:28])[#8;R0:27][P;R0:26]([#8;A;X2H1,X1-:25])(=[O;R0:24])[#8:23]-[#6:22]-[#6:21]-1-[#8:20]-[#6:19](-[#6:18](-[#8:17])-[#6:16]-1-[#8:15][P:14]([#8;A;X2H1,X1-:12])([#8;A;X2H1,X1-:13])=[O:11])-[#7:10]-1-[#6:9]=[#7:8]-[#6:7]-2=[#6:1]-1-[#7:2]=[#6:3]-[#7:4]=[#6:6]-2-[#7:5]>>[H:74][#8;A:52][H:75].[#6;R0:72]-,=[#6;R0:71]-,=[#6;R0:70]-,=[#6;R0:69]-,=[#6;R0:68]-,=[#6;R0:67]-,=[#6;R0:66]-,=[#6;R0:65]-,=[#6;R0:64]-,=[#6;R0:63]-,=[#6;R0:62]-,=[#6;R0:61]-,=[#6;R0:60]-,=[#6;R0:59]-,=[#6;R0:58]-,=[#6;R0:57]-,=[#6;R0:56]-,=[#6;R0:55]-,=[#6;R0:54]-[#6:53]([H:73])=[#6;A;X3R0:51][#6;R0:50](=[O;R0:49])-[#16;R0:48]-[#6;R0:47]-[#6;R0:46]-[#7;R0:45]-,=[#6;R0:44](-,=[#8:43])-[#6;R0:42]-[#6;R0:41]-[#7;R0:40]-,=[#6;R0:39](-,=[#8;R0:38])[#6;A;H1X4:37]([#8:36])[C;R0:35]([#6;R0:33])([#6;R0:34])[#6;R0:32]-[#8;R0:31][P;R0:30]([#8;A;X2H1,X1-:29])(=[O;R0:28])[#8;R0:27][P;R0:26]([#8;A;X2H1,X1-:25])(=[O;R0:24])[#8:23]-[#6:22]-[#6:21]-1-[#8:20]-[#6:19](-[#6:18](-[#8:17])-[#6:16]-1-[#8:15][P:14]([#8;A;X2H1,X1-:12])([#8;A;X2H1,X1-:13])=[O:11])-[#7:10]-1-[#6:9]=[#7:8]-[#6:7]-2=[#6:1]-1-[#7:2]=[#6:3]-[#7:4]=[#6:6]-2-[#7:5]
base	VERY_LONG_CHAIN_3R_3_HYDROXYACYL_COA_REDUCTION	BTMR0371	Oxidation of very long (3R)-3-hydroxyacyl-CoA	bt:VERY_LONG_CHAIN_3R_3_HYDROXYACYL_COA_REDUCTION	1	[#6;R0]-,=[#6;R0]-,=[#6;R0]-,=[#6;R0]-,=[#6;R0]-,=[#6;R0]-,=[#6;R0]-,=[#6;R0]-,=[#6;R0]-,=[#6;R0]-,=[#6;R0]-,=[#6;R0]-,=[#6;R0]-,=[#6;R0]-,=[#6;R0]-,=[#6;R0]-,=[#6;R0]-,=[#6;R0]-,=[#6;R0][#6;A@@H;X4R0]([#8;A;X2H1,X1-])[#6;A;X4R0;H2,H1][#6;R0](=[O;R0])-[#16;R0]-[#6;R0]-[#6;R0]-[#7;R0]-,=[#6;R0](-,=[#8])-[#6;R0]-[#6;R0]-[#7;R0]-,=[#6;R0](-,=[#8;R0])[#6;A;H1X4]([#8])[C;R0]([#6;R0])([#6;R0])[#6;R0]-[#8;R0][P;R0]([#8;A;X2H1,X1-])(=[O;R0])[#8;R0][P;R0]([#8;A;X2H1,X1-])(=[O;R0])[#8]-[#6]-[#6]-1-[#8]-[#6](-[#6](-[#8])-[#6]-1-[#8]P([#8;A;X2H1,X1-])([#8;A;X2H1,X1-])=O)-n1cnc2c(-[#7])ncnc12	0		[#6;R0:1]-,=[#6;R0:2]-,=[#6;R0:3]-,=[#6;R0:4]-,=[#6;R0:5]-,=[#6;R0:6]-,=[#6;R0:7]-,=[#6;R0:8]-,=[#6;R0:9]-,=[#6;R0:10]-,=[#6;R0:11]-,=[#6;R0:12]-,=[#6;R0:13]-,=[#6;R0:14]-,=[#6;R0:15]-,=[#6;R0:16]-,=[#6;R0:17]-,=[#6;R0:18]-,=[#6;R0:19][#6;A;H1X4R0;@@:20]([#8;A;X2H1,X1-:21])[#6;A;X4R0;H2,H1:22][#6;R0:23](=[O;R0:24])-[#16;R0:25]-[#6;R0:26]-[#6;R0:27]-[#7;R0:28]-,=[#6;R0:29](-,=[#8:30])-[#6;R0:31]-[#6;R0:32]-[#7;R0:33]-,=[#6;R0:34](-,=[#8;R0:35])[#6;A;H1X4:36]([#8:37])[C;R0:38]([#6;R0:39])([#6;R0:40])[#6;R0:41]-[#8;R0:42][P;R0:43]([#8;A;X2H1,X1-:44])(=[O;R0:45])[#8;R0:46][P;R0:47]([#8;A;X2H1,X1-:48])(=[O;R0:49])[#8:50]-[#6:51]-[#6:52]-1-[#8:53]-[#6:54](-[#6:55](-[#8:56])-[#6:57]-1-[#8:58][P:59]([#8;A;X2H1,X1-:60])([#8;A;X2H1,X1-:61])=[O:62])-[n:63]1[c:64][n:65][c:66]2[c:67](-[#7:68])[n:69][c:70][n:71][c:72]12>>[#6;R0:1]-,=[#6;R0:2]-,=[#6;R0:3]-,=[#6;R0:4]-,=[#6;R0:5]-,=[#6;R0:6]-,=[#6;R0:7]-,=[#6;R0:8]-,=[#6;R0:9]-,=[#6;R0:10]-,=[#6;R0:11]-,=[#6;R0:12]-,=[#6;R0:13]-,=[#6;R0:14]-,=[#6;R0:15]-,=[#6;R0:16]-,=[#6;R0:17]-,=[#6;R0:18]-,=[#6;R0:19][#6;A;H1X4R0;@@:20](=[#8;A;X1:21])[#6;A;X4R0;H2,H1:22][#6;R0:23](=[O;R0:24])-[#16;R0:25]-[#6;R0:26]-[#6;R0:27]-[#7;R0:28]-,=[#6;R0:29](-,=[#8:30])-[#6;R0:31]-[#6;R0:32]-[#7;R0:33]-,=[#6;R0:34](-,=[#8;R0:35])[#6;A;H1X4:36]([#8:37])[C;R0:38]([#6;R0:39])([#6;R0:40])[#6;R0:41]-[#8;R0:42][P;R0:43]([#8;A;X2H1,X1-:44])(=[O;R0:45])[#8;R0:46][P;R0:47]([#8;A;X2H1,X1-:48])(=[O;R0:49])[#8:50]-[#6:51]-[#6:52]-1-[#8:53]-[#6:54](-[#6:55](-[#8:56])-[#6:57]-1-[#8:58][P:59]([#8;A;X2H1,X1-:60])([#8;A;X2H1,X1-:61])=[O:62])-[n:63]1[c:64][n:65][c:66]2[c:67](-[#7:68])[n:69][c:70][n:71][c:72]12
base	VERY_LONG_CHAIN_3_OXOACYL_COA_SYNTHESIS	BTMR0447	Synthesis of very long-chain 3-oxoacyl-CoA, malonyl-CoA-dependent	bt:VERY_LONG_CHAIN_3_OXOACYL_COA_SYNTHESIS	1	[#6;R0]-,=[#6;R0]-,=[#6;R0]-,=[#6;R0]-,=[#6;R0]-,=[#6;R0]-,=[#6;R0]-,=[#6;R0]-,=[#6;R0]-,=[#6;R0]-,=[#6;R0]-,=[#6;R0]-,=[#6;R0][#6;A;X4R0;H1,H2][#6;H2X4R0]-[#6;R0](=[O;R0])-[#16;R0]-[#6;R0]-[#6;R0]-[#7;R0]-[#6;R0](=O)-[#6;R0]-[#6;R0]-[#7;R0]-[#6;R0](=[O;R0])[#6;A;H1X4]([#8])[C;R0]([#6;R0])([#6;R0])[#6;R0]-[#8;R0][P;R0]([!#1!#6;O,$([O-])])(=[O;R0])[#8;R0][P;R0]([!#1!#6;O,$([O-])])(=[O;R0])[#8]-[#6]-[#6]-1-[#8]-[#6](-[#7]2[#6]=,:[#7][#6]3=,:[#6]2[#7]=,:[#6][#7]=,:[#6]3-[#7])-[#6](-[#8])-[#6]-1-[#8]P([!#1!#6;O,$([O-])])([!#1!#6;O,$([O-])])=O	0		[#6;R0:1]-,=[#6;R0:2]-,=[#6;R0:3]-,=[#6;R0:4]-,=[#6;R0:5]-,=[#6;R0:6]-,=[#6;R0:7]-,=[#6;R0:8]-,=[#6;R0:9]-,=[#6;R0:10]-,=[#6;R0:11]-,=[#6;R0:12]-,=[#6;R0:13][C:14]([H])([H])[C;H2X4R0:15]([H:66])([H:67])[#6;R0:16](=[O;R0:17])-[#16;R0:18][C;R0:19]([H:68])([H:69])[C;R0:20]([H:70])([H:71])[#7;R0:21]([H:72])-[#6;R0:22](=[O:23])[C;R0:24]([H:73])([H:74])[C;R0:25]([H:75])([H:76])[#7;R0:26]([H:77])-[#6;R0:27](=[O;R0:28])[#6;A;H1X4:29]([H:78])([#8:30][H:79])[C;R0:31]([C;R0:32]([H:80])([H:81])[H:82])([C;R0:33]([H:83])([H:84])[H:85])[C;R0:34]([H:86])([H:87])[#8;R0:35][P;R0:36](=[O;R0:38])([#8:37][H:88])[#8;R0:39][P;R0:40](=[O;R0:42])([#8:41][H:89])[#8:43][C:44]([H:90])([H:91])[C:45]1([H:92])[#8:46][C:47]([H:93])([#7:48]2[#6:49]=,:[#7:50][#6:51]3=,:[#6:52]2-[#7:53]=,:[#6:54][#7:55]=,:[#6:56]3-[#7:57]([H:94])[H:95])[C:58]([H:96])([#8:59][H:97])[C:60]1([H:98])[#8:61][P:62](=[O:65])([#8:63][H:99])[#8:64][H:100]>>[#6;R0:1]-,=[#6;R0:2]-,=[#6;R0:3]-,=[#6;R0:4]-,=[#6;R0:5]-,=[#6;R0:6]-,=[#6;R0:7]-,=[#6;R0:8]-,=[#6;R0:9]-,=[#6;R0:10]-,=[#6;R0:11]-,=[#6;R0:12]-,=[#6;R0:13]-[#6:14](=O)[C;H2X4R0:15]([H:66])([H:67])[#6;R0:16](=[O;R0:17])-[#16;R0:18][C;R0:19]([H:68])([H:69])[C;R0:20]([H:70])([H:71])[#7;R0:21]([H:72])-[#6;R0:22](=[O:23])[C;R0:24]([H:73])([H:74])[C;R0:25]([H:75])([H:76])[#7;R0:26]([H:77])-[#6;R0:27](=[O;R0:28])[#6;A;H1X4:29]([H:78])([#8:30][H:79])[C;R0:31]([C;R0:32]([H:80])([H:81])[H:82])([C;R0:33]([H:83])([H:84])[H:85])[C;R0:34]([H:86])([H:87])[#8;R0:35][P;R0:36](=[O;R0:38])([#8:37][H:88])[#8;R0:39][P;R0:40](=[O;R0:42])([#8:41][H:89])[#8:43][C:44]([H:90])([H:91])[C:45]1([H:92])[#8:46][C:47]([H:93])([#7:48]2[#6:49]=,:[#7:50][#6:51]3=,:[#6:52]2-[#7:53]=,:[#6:54][#7:55]=,:[#6:56]3-[#7:57]([H:94])[H:95])[C:58]([H:96])([#8:59][H:97])[C:60]1([H:98])[#8:61][P:62](=[O:65])([#8:63][H:99])[#8:64][H:100]
base	VERY_LONG_CHAIN_3_OXOACYL_COA_SYNTHESIS_REVERSE	BTMR0448	Synthesis of very long-chain 2,3,4-saturated fatty acyl CoA, CoA-dependent	bt:VERY_LONG_CHAIN_3_OXOACYL_COA_SYNTHESIS_REVERSE	1	[#6;R0]-,=[#6;R0]-,=[#6;R0]-,=[#6;R0]-,=[#6;R0]-,=[#6;R0]-,=[#6;R0]-,=[#6;R0]-,=[#6;R0]-,=[#6;R0]-,=[#6;R0]-,=[#6;R0]-,=[#6;R0]-[#6](=O)[C;H2X4R0]([H])([H])[#6;R0](=[O;R0])-[#16;R0][C;R0]([H])([H])[C;R0]([H])([H])[#7;R0]([H])-[#6;R0](=O)[C;R0]([H])([H])[C;R0]([H])([H])[#7;R0]([H])-[#6;R0](=[O;R0])[#6;A;H1X4]([H])([#8][H])[C;R0]([C;R0]([H])([H])[H])([C;R0]([H])([H])[H])[C;R0]([H])([H])[#8;R0][P;R0](=[O;R0])([#8][H])[#8;R0][P;R0](=[O;R0])([#8][H])[#8]C([H])([H])C1([H])[#8]C([H])([#7]2[#6]=,:[#7][#6]3=,:[#6]2-[#7]=,:[#6][#7]=,:[#6]3-[#7]([H])[H])C([H])([#8][H])C1([H])[#8]P(=O)([#8][H])[#8][H]	0		[#6;R0:1]-,=[#6;R0:2]-,=[#6;R0:3]-,=[#6;R0:4]-,=[#6;R0:5]-,=[#6;R0:6]-,=[#6;R0:7]-,=[#6;R0:8]-,=[#6;R0:9]-,=[#6;R0:10]-,=[#6;R0:11]-,=[#6;R0:12]-,=[#6;R0:13]-[#6:14](=[O:101])[C;H2X4R0:15]([H:66])([H:67])[#6;R0:16](=[O;R0:17])-[#16;R0:18][C;R0:19]([H:68])([H:69])[C;R0:20]([H:70])([H:71])[#7;R0:21]([H:72])-[#6;R0:22](=[O:23])[C;R0:24]([H:73])([H:74])[C;R0:25]([H:75])([H:76])[#7;R0:26]([H:77])-[#6;R0:27](=[O;R0:28])[#6;A;H1X4:29]([H:78])([#8:30][H:79])[C;R0:31]([C;R0:32]([H:80])([H:81])[H:82])([C;R0:33]([H:83])([H:84])[H:85])[C;R0:34]([H:86])([H:87])[#8;R0:35][P;R0:36](=[O;R0:38])([#8:37][H:88])[#8;R0:39][P;R0:40](=[O;R0:42])([#8:41][H:89])[#8:43][C:44]([H:90])([H:91])[C:45]1([H:92])[#8:46][C:47]([H:93])([#7:48]2[#6:49]=,:[#7:50][#6:51]3=,:[#6:52]2-[#7:53]=,:[#6:54][#7:55]=,:[#6:56]3-[#7:57]([H:94])[H:95])[C:58]([H:96])([#8:59][H:97])[C:60]1([H:98])[#8:61][P:62](=[O:65])([#8:63][H:99])[#8:64][H:100]>>[#6;R0:1]-,=[#6;R0:2]-,=[#6;R0:3]-,=[#6;R0:4]-,=[#6;R0:5]-,=[#6;R0:6]-,=[#6;R0:7]-,=[#6;R0:8]-,=[#6;R0:9]-,=[#6;R0:10]-,=[#6;R0:11]-,=[#6;R0:12]-,=[#6;R0:13][C:14]([H])([#8:101][H])[C;H2X4R0:15]([H:66])([H:67])[#6;R0:16](=[O;R0:17])-[#16;R0:18][C;R0:19]([H:68])([H:69])[C;R0:20]([H:70])([H:71])[#7;R0:21]([H:72])-[#6;R0:22](=[O:23])[C;R0:24]([H:73])([H:74])[C;R0:25]([H:75])([H:76])[#7;R0:26]([H:77])-[#6;R0:27](=[O;R0:28])[#6;A;H1X4:29]([H:78])([#8:30][H:79])[C;R0:31]([C;R0:32]([H:80])([H:81])[H:82])([C;R0:33]([H:83])([H:84])[H:85])[C;R0:34]([H:86])([H:87])[#8;R0:35][P;R0:36](=[O;R0:38])([#8:37][H:88])[#8;R0:39][P;R0:40](=[O;R0:42])([#8:41][H:89])[#8:43][C:44]([H:90])([H:91])[C:45]1([H:92])[#8:46][C:47]([H:93])([#7:48]2[#6:49]=,:[#7:50][#6:51]3=,:[#6:52]2-[#7:53]=,:[#6:54][#7:55]=,:[#6:56]3-[#7:57]([H:94])[H:95])[C:58]([H:96])([#8:59][H:97])[C:60]1([H:98])[#8:61][P:62](=[O:65])([#8:63][H:99])[#8:64][H:100]
base	VERY_LONG_CHAIN_ACYL_COA_DEHYDROGENATION	BTMR0386	Dehydrogenation of long-chain acyl-CoA	bt:VERY_LONG_CHAIN_ACYL_COA_DEHYDROGENATION	1	[#6;R0]-,=[#6;R0]-,=[#6;R0]-,=[#6;R0]-,=[#6;R0]-,=[#6;R0]-,=[#6;R0]-,=[#6;R0]-,=[#6;R0]-,=[#6;R0]-,=[#6;R0]-,=[#6;R0]-,=[#6;R0]-,=[#6;R0]-,=[#6;R0]-,=[#6;R0]-,=[#6;R0]-,=[#6;R0]-,=[#6;R0][#6;A;X4R0;H1,H2][#6;H2X4R0]-[#6;R0](=[O;R0])-[#16;R0]-[#6;R0]-[#6;R0]-[#7;R0]-,=[#6;R0](-,=[#8])-[#6;R0]-[#6;R0]-[#7;R0]-,=[#6;R0](-,=[#8;R0])[#6;A;H1X4]([#8])[C;R0]([#6;R0])([#6;R0])[#6;R0]-[#8;R0][P;R0]([!#1!#6;O,$([O-])])(=[O;R0])[#8;R0][P;R0]([!#1!#6;O,$([O-])])(=[O;R0])[#8]-[#6]-[#6]-1-[#8]-[#6](-[#6](-[#8])-[#6]-1-[#8]P([!#1!#6;O,$([O-])])([!#1!#6;O,$([O-])])=O)-n1cnc2c(-[#7])ncnc12	0		[#6;R0:1]-,=[#6;R0:2]-,=[#6;R0:3]-,=[#6;R0:4]-,=[#6;R0:5]-,=[#6;R0:6]-,=[#6;R0:7]-,=[#6;R0:8]-,=[#6;R0:9]-,=[#6;R0:10]-,=[#6;R0:11]-,=[#6;R0:12]-,=[#6;R0:13]-,=[#6;R0:14]-,=[#6;R0:15]-,=[#6;R0:16]-,=[#6;R0:17]-,=[#6;R0:18]-,=[#6;R0:19][#6;A;X4R0;H1,H2:20][#6;H2X4R0:21]-[#6;R0:22](=[O;R0:23])-[#16;R0:24]-[#6;R0:25]-[#6;R0:26]-[#7;R0:27]-,=[#6;R0:28](-,=[#8:29])-[#6;R0:30]-[#6;R0:31]-[#7;R0:32]-,=[#6;R0:33](-,=[#8;R0:34])[#6;A;H1X4:35]([#8:36])[C;R0:37]([#6;R0:38])([#6;R0:39])[#6;R0:40]-[#8;R0:41][P;R0:42]([!#1!#6;O,$([O-]):43])(=[O;R0:44])[#8;R0:45][P;R0:46]([!#1!#6;O,$([O-]):47])(=[O;R0:48])[#8:49]-[#6:50]-[#6:51]-1-[#8:52]-[#6:53](-[#6:54](-[#8:55])-[#6:56]-1-[#8:57][P:58]([!#1!#6;O,$([O-]):59])([!#1!#6;O,$([O-]):60])=[O:61])-[n:62]1[c:63][n:64][c:65]2[c:70](-[#7:71])[n:69][c:68][n:67][c:66]12>>[#6;R0:1]-,=[#6;R0:2]-,=[#6;R0:3]-,=[#6;R0:4]-,=[#6;R0:5]-,=[#6;R0:6]-,=[#6;R0:7]-,=[#6;R0:8]-,=[#6;R0:9]-,=[#6;R0:10]-,=[#6;R0:11]-,=[#6;R0:12]-,=[#6;R0:13]-,=[#6;R0:14]-,=[#6;R0:15]-,=[#6;R0:16]-,=[#6;R0:17]-,=[#6;R0:18]-,=[#6;R0:19]-[#6;A;H1X3R0:20]=[#6;H1X3R0:21]-[#6;R0:22](=[O;R0:23])-[#16;R0:24]-[#6;R0:25]-[#6;R0:26]-[#7;R0:27]-,=[#6;R0:28](-,=[#8:29])-[#6;R0:30]-[#6;R0:31]-[#7;R0:32]-,=[#6;R0:33](-,=[#8;R0:34])[#6;A;H1X4:35]([#8:36])[C;R0:37]([#6;R0:38])([#6;R0:39])[#6;R0:40]-[#8;R0:41][P;R0:42]([!#1!#6;O,$([O-]):43])(=[O;R0:44])[#8;R0:45][P;R0:46]([!#1!#6;O,$([O-]):47])(=[O;R0:48])[#8:49]-[#6:50]-[#6:51]-1-[#8:52]-[#6:53](-[#6:54](-[#8:55])-[#6:56]-1-[#8:57][P:58]([!#1!#6;O,$([O-]):59])([!#1!#6;O,$([O-]):60])=[O:61])-[n:62]1[c:63][n:64][c:65]2[c:70](-[#7:71])[n:69][c:68][n:67][c:66]12
base	VERY_LONG_CHAIN_ENOYL_COA_REDUCTION	BTMR0381	Reduction of very long-chain enoyl-CoA	bt:VERY_LONG_CHAIN_ENOYL_COA_REDUCTION	1	[#6;R0]-,=[#6;R0]-,=[#6;R0]-,=[#6;R0]-,=[#6;R0]-,=[#6;R0]-,=[#6;R0]-,=[#6;R0]-,=[#6;R0]-,=[#6;R0]-,=[#6;R0]-,=[#6;R0]-,=[#6;R0]-,=[#6;R0]-,=[#6;R0]-,=[#6;R0]-,=[#6;R0]-,=[#6;R0]-,=[#6;R0][#6;A;X4R0;H1,H2][#6;H2X4R0]-[#6;R0](=[O;R0])-[#16;R0]-[#6;R0]-[#6;R0]-[#7;R0]-,=[#6;R0](-,=[#8])-[#6;R0]-[#6;R0]-[#7;R0]-,=[#6;R0](-,=[#8;R0])[#6;A;H1X4]([#8])[C;R0]([#6;R0])([#6;R0])[#6;R0]-[#8;R0][P;R0]([!#1!#6;O,$([O-])])(=[O;R0])[#8;R0][P;R0]([!#1!#6;O,$([O-])])(=[O;R0])[#8]-[#6]-[#6]-1-[#8]-[#6](-[#6](-[#8])-[#6]-1-[#8]P([!#1!#6;O,$([O-])])([!#1!#6;O,$([O-])])=O)-n1cnc2c(-[#7])ncnc12	0		[#6;R0:1]-,=[#6;R0:2]-,=[#6;R0:3]-,=[#6;R0:4]-,=[#6;R0:5]-,=[#6;R0:6]-,=[#6;R0:7]-,=[#6;R0:8]-,=[#6;R0:9]-,=[#6;R0:10]-,=[#6;R0:11]-,=[#6;R0:12]-,=[#6;R0:13]-,=[#6;R0:14]-,=[#6;R0:15]-,=[#6;R0:16]-,=[#6;R0:17]-,=[#6;R0:18]-,=[#6;R0:19][#6;A;X4R0;H1,H2:20][#6;H2X4R0:21]-[#6;R0:22](=[O;R0:23])-[#16;R0:24]-[#6;R0:25]-[#6;R0:26]-[#7;R0:27]-,=[#6;R0:28](-,=[#8:29])-[#6;R0:30]-[#6;R0:31]-[#7;R0:32]-,=[#6;R0:33](-,=[#8;R0:34])[#6;A;H1X4:35]([#8:36])[C;R0:37]([#6;R0:38])([#6;R0:39])[#6;R0:40]-[#8;R0:41][P;R0:42]([!#1!#6;O,$([O-]):43])(=[O;R0:44])[#8;R0:45][P;R0:46]([!#1!#6;O,$([O-]):47])(=[O;R0:48])[#8:49]-[#6:50]-[#6:51]-1-[#8:52]-[#6:53](-[#6:54](-[#8:55])-[#6:56]-1-[#8:57][P:58]([!#1!#6;O,$([O-]):59])([!#1!#6;O,$([O-]):60])=[O:61])-[n:62]1[c:63][n:64][c:65]2[c:70](-[#7:71])[n:69][c:68][n:67][c:66]12>>[#6;R0:1]-,=[#6;R0:2]-,=[#6;R0:3]-,=[#6;R0:4]-,=[#6;R0:5]-,=[#6;R0:6]-,=[#6;R0:7]-,=[#6;R0:8]-,=[#6;R0:9]-,=[#6;R0:10]-,=[#6;R0:11]-,=[#6;R0:12]-,=[#6;R0:13]-,=[#6;R0:14]-,=[#6;R0:15]-,=[#6;R0:16]-,=[#6;R0:17]-,=[#6;R0:18]-,=[#6;R0:19]-[#6;A;H1X3R0:20]=[#6;H1X3R0:21]-[#6;R0:22](=[O;R0:23])-[#16;R0:24]-[#6;R0:25]-[#6;R0:26]-[#7;R0:27]-,=[#6;R0:28](-,=[#8:29])-[#6;R0:30]-[#6;R0:31]-[#7;R0:32]-,=[#6;R0:33](-,=[#8;R0:34])[#6;A;H1X4:35]([#8:36])[C;R0:37]([#6;R0:38])([#6;R0:39])[#6;R0:40]-[#8;R0:41][P;R0:42]([!#1!#6;O,$([O-]):43])(=[O;R0:44])[#8;R0:45][P;R0:46]([!#1!#6;O,$([O-]):47])(=[O;R0:48])[#8:49]-[#6:50]-[#6:51]-1-[#8:52]-[#6:53](-[#6:54](-[#8:55])-[#6:56]-1-[#8:57][P:58]([!#1!#6;O,$([O-]):59])([!#1!#6;O,$([O-]):60])=[O:61])-[n:62]1[c:63][n:64][c:65]2[c:70](-[#7:71])[n:69][c:68][n:67][c:66]12
base	_11_BETA_HYDROXYSTEROID_DEHYDROGENATION	BTMR0364	Dehydrogenation of 11-beta-hydroxysteroid	bt:_11_BETA_HYDROXYSTEROID_DEHYDROGENATION	1	[#8;H1X2][#6;A@H;X4]1[#6,#8,#7,#16]-,=[#6,#8,#7,#16]-,=2-,=[#6,#8,#7,#16;A]-,=[#6,#8,#7,#16]-,=[#6,#8,#7,#16]-,=[#6,#8,#7,#16;A;R2]-,=2-,=[#6,#8,#7,#16;A;R2]~2~[#6,#8,#7,#16;A;R1]~[#6,#8,#7,#16]~[#6,#8,#7,#16;A;R2]~3~[#6,#8,#7,#16]~[#6,#8,#7,#16]~[#6,#8,#7,#16]~[#6,#8,#7,#16]~[#6,#8,#7,#16]~3~[#6,#8,#7,#16]1~2	0		[H][#8;X2:1]-[#6@H:2]-1-[#6,#8,#7,#16:3]-,=[#6,#8,#7,#16:4]-,=2-,=[#6,#8,#7,#16;A:5]-,=[#6,#8,#7,#16:6]-,=[#6,#8,#7,#16:7]-,=[#6,#8,#7,#16;A;R2:8]-,=2-,=[#6,#8,#7,#16;A;R2:9]~2~[#6,#8,#7,#16;A;R1:10]~[#6,#8,#7,#16:11]~[#6,#8,#7,#16;A;R2:12]~3~[#6,#8,#7,#16:13]~[#6,#8,#7,#16:14]~[#6,#8,#7,#16:15]~[#6,#8,#7,#16:16]~[#6,#8,#7,#16:17]~3~[#6,#8,#7,#16:18]-1~2>>[O:1]=[#6:2]-1-[#6,#8,#7,#16:3]-,=[#6,#8,#7,#16:4]-,=2-,=[#6,#8,#7,#16;A:5]-,=[#6,#8,#7,#16:6]-,=[#6,#8,#7,#16:7]-,=[#6,#8,#7,#16;A;R2:8]-,=2-,=[#6,#8,#7,#16;A;R2:9]~2~[#6,#8,#7,#16;A;R1:10]~[#6,#8,#7,#16:11]~[#6,#8,#7,#16;A;R2:12]~3~[#6,#8,#7,#16:13]~[#6,#8,#7,#16:14]~[#6,#8,#7,#16:15]~[#6,#8,#7,#16:16]~[#6,#8,#7,#16:17]~3~[#6,#8,#7,#16:18]-1~2
base	_12_DIACYLGLYCEROL_3_DIPHOSPHATE_DEPHOSPHORYLATION	BTMR0545	Dephosphorylation of 1,2-diacylglycerol-3-diphosphate	bt:_12_DIACYLGLYCEROL_3_DIPHOSPHATE_DEPHOSPHORYLATION	1	[#8;A;X2H1,X1-]P([#8;A;X2H1,X1-])(=O)[#8]P([#8;A;X2H1,X1-])(=O)[#8]-[#6;H2X4]-[#6;H1X4](-[#6;H2X4]-[#8;X2]-[#6]([#6,#1;A])=O)-[#8;X2]-[#6]([#6,#1;A])=O	0		[#8;A;X2H1,X1-]P([#8;A;X2H1,X1-])(=O)[#8:1][P:2]([#8;A;X2H1,X1-:3])(=[O:4])[#8:5]-[#6;H2X4:6]-[#6;H1X4:7](-[#6;H2X4:8]-[#8;X2:9]-[#6:10]([#6,#1;A:11])=[O:12])-[#8;X2:13]-[#6:14]([#6,#1;A:15])=[O:16]>>[#8:1][P:2]([#8;A;X2H1,X1-:3])(=[O:4])[#8:5]-[#6;H2X4:6]-[#6;H1X4:7](-[#6;H2X4:8]-[#8;X2:9]-[#6:10]([#6,#1;A:11])=[O:12])-[#8;X2:13]-[#6:14]([#6,#1;A:15])=[O:16]
base	_12_DIACYLGLYCEROL_3_PHOSPHATE_CITIDYL_TRANSFER	BTMR0533	Synthesis of CDP-diacylglycerol from 1,2-diacylglycerol-3-phosphate 	bt:_12_DIACYLGLYCEROL_3_PHOSPHATE_CITIDYL_TRANSFER	1	[#8;A;X2H1,X1-]P([#8;A;X2H1,X1-])(=O)[#8]-[#6;H2X4][#6;A;H1X4]([#6;H2X4]-[#8]-[#6]([#6,#1;A])=O)[#8]-[#6]([#6,#1;A])=O	0		[H][#8:1][P:2]([#8;A;X2H1,X1-:3])(=[O:4])[#8:5]-[#6;H2X4:6][#6;A;H1X4:7]([#6;H2X4:8]-[#8:9]-[#6:10]([#6,#1;A:11])=[O:12])[#8:13]-[#6:14]([#6,#1;A:15])=[O:16]>>[H][#8]C1([H])C([H])([#8]C([H])(C([H])([H])[#8]P([#8])(=O)[#8:1][P:2]([#8;A;X2H1,X1-:3])(=[O:4])[#8:5]-[#6;H2X4:6][#6;A;H1X4:7]([#6;H2X4:8]-[#8:9]-[#6:10]([#6,#1;A:11])=[O:12])[#8:13]-[#6:14]([#6,#1;A:15])=[O:16])C1([H])[#8][H])[#7;X3]-1-[#6;X3]([H])=[#6;X3]([H])-[#6;X3](=[#7]-[#6;X3]-1=[O;X1])-[#7;X3]([H])[H]
base	_12_DIACYLGLYCEROL_3_PHOSPHATE_DEPHOSPHORYLATION	BTMR0534	Dephosphorylation of 1,2-diacylglycerol-3-phosphate	bt:_12_DIACYLGLYCEROL_3_PHOSPHATE_DEPHOSPHORYLATION	1	[#8;A;X2H1,X1-]P([#8;A;X2H1,X1-])(=O)[#8;X2]-[#6;H2X4][#6;A;H1X4]([#6;H2X4]-[#8]-[#6]([#6,#1;A])=O)[#8]-[#6]([#6,#1;A])=O	0		[#8;A;X2H1,X1-]P([#8;A;X2H1,X1-])(=O)[#8;X2:1]-[#6;H2X4:2][#6;A;H1X4:3]([#6;H2X4:4]-[#8:5]-[#6:6]([#6,#1;A:7])=[O:8])[#8:9]-[#6:10]([#6,#1;A:11])=[O:12]>>[H][#8;X2:1]-[#6;H2X4:2][#6;A;H1X4:3]([#6;H2X4:4]-[#8:5]-[#6:6]([#6,#1;A:7])=[O:8])[#8:9]-[#6:10]([#6,#1;A:11])=[O:12]
base	_12_DIACYL_3_BETA_GLALACTOSYL_SN_GLYCEROLALACTOSYL_ACYL_HYDROLYSIS	BTMR0471	Acyl hydrolysis of 1,2-diacyl-3-beta-D-galactosyl-sn-glycerol	bt:_12_DIACYL_3_BETA_GLALACTOSYL_SN_GLYCEROLALACTOSYL_ACYL_HYDROLYSIS	1	[H][#8]C([H])([H])C1([H])[#8]C([H])([#8;X2][C;X4]([H])([H])[C;X4]([H])([#8;X2]-[#6;X3]([#6,#1;A])=[O;X1])[C;X4]([H])([H])[#8;X2]-[#6;X3]([#6,#1;A])=[O;X1])C([H])([#8][H])C([H])([#8][H])C1([H])[#8][H]	0		[H:1][#8:2][C:3]([H:5])([H:4])[C:6]1([H:7])[#8:8][C:9]([H:10])([#8;X2:11][C;X4:12]([H:14])([H:13])[C;X4:15]([H:39])([#8;X2:30]-[#6;X3:34]([#6,#1;A:36])=[O;X1:35])[C;X4:16]([H:38])([H:37])[#8;X2:17]-[#6;X3:31]([#6,#1;A:33])=[O;X1:32])[C:18]([H:19])([#8:20][H:21])[C:22]([H:23])([#8:24][H:25])[C:26]1([H:27])[#8:28][H:29]>>[H][#8]-[#6;X3:31]([#6,#1;A:33])=[O;X1:32].[H][#8]-[#6;X3:34]([#6,#1;A:36])=[O;X1:35].[H][#8;X2:17][C;X4:16]([H:38])([H:37])[C;X4:15]([H:39])([#8;X2:30][H])[C;X4:12]([H:14])([H:13])[#8;X2:11][C:9]1([H:10])[#8:8][C:6]([H:7])([C:3]([H:5])([H:4])[#8:2][H:1])[C:26]([H:27])([#8:28][H:29])[C:22]([H:23])([#8:24][H:25])[C:18]1([H:19])[#8:20][H:21]
base	_12_DIKETONE_HYDROLYSIS	BTMR0514	Hydrolysis of 1,2-diketone	bt:_12_DIKETONE_HYDROLYSIS	1	[H][#6;A;!$(C=O)][#6;R0](=O)-[#6;R0](=O)-[#6;R1]=,:1[#6;R1]=,:[#6;R1][#6;R1]=,:[#6;R1][#6;R1]=,:1	0		[H:12][#6;A;!$(C=O):1][#6;R0:2](=[O:3])-[#6;R0:4](=[O:5])-[#6;R1:6]=,:1[#6;R1:11]=,:[#6;R1:10][#6;R1:9]=,:[#6;R1:8][#6;R1:7]=,:1>>[H:12][#6;A;!$(C=O):1][#6;R0:2](=[O:3])-[#8][H].[H][#8]-[#6;R0:4](=[O:5])-[#6;R1:6]=,:1[#6;R1:11]=,:[#6;R1:10][#6;R1:9]=,:[#6;R1:8][#6;R1:7]=,:1
base	_12_HYDROXY_C24_BILE_ACID_DEHYDROGENATION	BTMR0326	12-OH-Dehydrogenation of C24 bile acid	bt:_12_HYDROXY_C24_BILE_ACID_DEHYDROGENATION	1	[#6]-[#6;R0](-[#6;R0]-[#6;R0]-[#6]([#8;A;X2H1,X1-])=O)-[#6;R1]1-,=[#6]-,=[#6][#6;A;H1X4]2[#6]-,=3-[#6]-,=[#6][#6;A;H1X4]4[#6]-,=[#6]-[#6]-[#6]C4([#6])[#6]-,=3-[#6][#6;A;H1X4]([#8;A;H1X2])C12[#6]	0		[#6:1]-[#6;R0:2](-[#6;R0:3]-[#6;R0:4]-[#6:5]([#8;A;X2H1,X1-:6])=[O:7])-[#6;R1:8]1-,=[#6:9]-,=[#6:10][#6;A;H1X4:11]2[#6:12]-,=3-[#6:13]-,=[#6:14][#6;A;H1X4:15]4[#6:16]-,=[#6:17]-[#6:18]-[#6:19][C:20]4([#6:21])[#6:22]-,=3-[#6:23][#6;A;H1X4:24]([#8;A;H1X2:27])[C:25]12[#6:26]>>[#6:1]-[#6;R0:2](-[#6;R0:3]-[#6;R0:4]-[#6:5]([#8;A;X2H1,X1-:6])=[O:7])-[#6;R1:8]1-,=[#6:9]-,=[#6:10][#6;A;H1X4:11]2[#6:12]-,=3-[#6:13]-,=[#6:14][#6;A;H1X4:15]4[#6:16]-,=[#6:17]-[#6:18]-[#6:19][C:20]4([#6:21])[#6:22]-,=3-[#6:23][#6;A;X3:24](=[#8;A;X1:27])[C:25]12[#6:26]
base	_13_DICARBONYL_C_GLUCURONIDATION	BTMR0181	1,3-Dicarbonyl C-glucuronidation	bt:_13_DICARBONYL_C_GLUCURONIDATION	1	[O;X1]=[#6;X3]-[#6;X4H2]-[#6;X3]=[O;X1]	2	[H][#7]([#6;A;H2X4][#6](-[#8])=O)-[#6](=O)[#6;A;H1X4]([#6;A;H2X4][#16][#6,#8,#16;A])[#7]([H])-[#6](=O)[#6;A;H2X4][#6;A;H2X4][#6;A;H1X4]([#7])[#6](-[#8])=O | [#8]-,=[#6](-,=[#7]-[#6]-,=[#6]-,=[#16])-[#6]-[#6]-[#7]-,=[#6](-,=[#8])-[#6](-,=[#8])C([#6])([#6])[#6]-[#8]P([#8])(=O)[#8]P([#8])(=O)[#8]-[#6]-[#6]-1-[#8]-[#6](-[#7]~2~[#6]~[#7]~[#6]~3~[#6]~2~[#7]~[#6]~[#7]~[#6]~3-[#7])-[#6](-[#8])-[#6]-1-[#8]	[H][C;X4:1]([H])([#6;X3:4]=[O;X1:5])[#6;X3:2]=[O;X1:3]>>[H][C;X4:1]([#6;X3:2]=[O;X1:3])([#6;X3:4]=[O;X1:5])[#6]-1-[#8]-[#6@@H](-[#6@@H](-[#8])-[#6@H](-[#8])-[#6@H]-1-[#8])-[#6](-[#8])=O
base	_17_BETA_HYROXYSTEROID_DEHYDROGENATION	BTMR0370	Dehydrogenation of 17-beta-hydroxysteroid	bt:_17_BETA_HYROXYSTEROID_DEHYDROGENATION	1	[#8;H1X2][#6;A@H;X4]1[#6,#8,#7,#16;A;R1]-,=[#6,#7,#8,#16;A;R1]-,=[#6,#8,#7,#16]-,=2-,=[#6,#8,#7,#16;A;R2]~3~[#6,#8,#7,#16;A;R1]~[#6,#8,#7,#16]~[#6,#8,#7,#16;A;R2]~4~[#6,#8,#7,#16]~[#6,#8,#7,#16]~[#6,#8,#7,#16]~[#6,#8,#7,#16]~[#6,#8,#7,#16]~4~[#6,#8,#7,#16]~3-,=[#6,#8,#7,#16;A;R1]-,=[#6,#8,#7,#16]-,=[#6,#8,#7,#16]1-,=2	0		[H][#8;X2:1][#6;A;X4:2]1([H])[#6,#8,#7,#16;A;R1:3]-,=[#6,#7,#8,#16;A;R1:4]-,=[#6,#8,#7,#16:5]-,=2-,=[#6,#8,#7,#16;A;R2:6]~3~[#6,#8,#7,#16;A;R1:7]~[#6,#8,#7,#16:8]~[#6,#8,#7,#16;A;R2:9]~4~[#6,#8,#7,#16:10]~[#6,#8,#7,#16:11]~[#6,#8,#7,#16:12]~[#6,#8,#7,#16:13]~[#6,#8,#7,#16:14]~4~[#6,#8,#7,#16:15]~3-,=[#6,#8,#7,#16;A;R1:16]-,=[#6,#8,#7,#16:17]-,=[#6,#8,#7,#16:18]1-,=2>>[O;X1:1]=[#6;A;X3:2]1[#6,#8,#7,#16;A;R1:3]-,=[#6,#7,#8,#16;A;R1:4]-,=[#6,#8,#7,#16:5]-,=2-,=[#6,#8,#7,#16;A;R2:6]~3~[#6,#8,#7,#16;A;R1:7]~[#6,#8,#7,#16:8]~[#6,#8,#7,#16;A;R2:9]~4~[#6,#8,#7,#16:10]~[#6,#8,#7,#16:11]~[#6,#8,#7,#16:12]~[#6,#8,#7,#16:13]~[#6,#8,#7,#16:14]~4~[#6,#8,#7,#16:15]~3-,=[#6,#8,#7,#16;A;R1:16]-,=[#6,#8,#7,#16:17]-,=[#6,#8,#7,#16:18]1-,=2
base	_17_OH_GLUCURONIDATION_OF_STEROL	BTMR0163	17-OH-Glucuronidation of sterol	bt:_17_OH_GLUCURONIDATION_OF_STEROL	1	[#8;A;H1X2][#6;A;X4]1([#1,#6;R0])[#6,#8,#7,#16]-,=[#6,#8,#7,#16]-,=[#6,#7]-,=2-,=[#6,#7]~3~[#6,#8,#7,#16;A;R1]~[#6,#8,#7,#16]~[#6,#7]~4~[#6,#8,#7,#16]~[#6,#8,#7,#16]~[#6,#8,#7,#16]~[#6,#8,#7,#16]~[#6,#7]~4~[#6,#7]~3[#6;A;X4;H2,H1][#6,#8,#7,#16]-,=[#6,#7]1-,=2	3	[#6]=,:[#6]-1[#6](=,:[#6])C([H])([#8][H])C([H])([H])[#6](=O)-[#6]-1-* | [H][#7]([#6;A;H2X4][#6](-[#8])=O)-[#6](=O)[#6;A;H1X4]([#6;A;H2X4][#16][#6,#8,#16;A])[#7]([H])-[#6](=O)[#6;A;H2X4][#6;A;H2X4][#6;A;H1X4]([#7])[#6](-[#8])=O | [#8]-,=[#6](-,=[#7]-[#6]-,=[#6]-,=[#16])-[#6]-[#6]-[#7]-,=[#6](-,=[#8])-[#6](-,=[#8])C([#6])([#6])[#6]-[#8]P([#8])(=O)[#8]P([#8])(=O)[#8]-[#6]-[#6]-1-[#8]-[#6](-[#7]~2~[#6]~[#7]~[#6]~3~[#6]~2~[#7]~[#6]~[#7]~[#6]~3-[#7])-[#6](-[#8])-[#6]-1-[#8]	[H:20][#8;A;X2:1][#6;A;X4:2]1([#1,#6;R0:3])[#6,#8,#7,#16:4]-,=[#6,#8,#7,#16:5]-,=[#6,#7:6]-,=2-,=[#6,#7:7]~3~[#6,#8,#7,#16;A;R1:8]~[#6,#8,#7,#16:9]~[#6,#7:10]~4~[#6,#8,#7,#16:11]~[#6,#8,#7,#16:12]~[#6,#8,#7,#16:13]~[#6,#8,#7,#16:14]~[#6,#7:15]~4~[#6,#7:16]~3[#6;A;X4;H2,H1:17][#6,#8,#7,#16:18]-,=[#6,#7:19]1-,=2>>[H:20][#8]-[#6]-1-[#6](-[#8])-[#6](-[#8])-[#6](-[#8]-[#6]-1[#8;A;X2:1][#6;A;X4:2]1([#1,#6;R0:3])[#6,#8,#7,#16:4]-,=[#6,#8,#7,#16:5]-,=[#6,#7:6]-,=2-,=[#6,#7:7]~3~[#6,#8,#7,#16;A;R1:8]~[#6,#8,#7,#16:9]~[#6,#7:10]~4~[#6,#8,#7,#16:11]~[#6,#8,#7,#16:12]~[#6,#8,#7,#16:13]~[#6,#8,#7,#16:14]~[#6,#7:15]~4~[#6,#7:16]~3[#6;A;X4;H2,H1:17][#6,#8,#7,#16:18]-,=[#6,#7:19]1-,=2)-[#6](-[#8])=O
base	_17_OH_GLUCURONIDATION_OF_STEROL_PATTERN2	BTMR0164	17-OH-Glucuronidation of sterol	bt:_17_OH_GLUCURONIDATION_OF_STEROL	1	[H][#8;A;X2][#6;A;X4]1([#1,#6;R0])[#6,#8,#7,#16]-,=[#6,#8,#7,#16]-,=[#6,#7]-,=2-,=[#6,#7]~3-,=[#6,#8,#7,#16;A;R1]-,=[#6,#8,#7,#16]-[#6]4=,:[#6][#6]=,:[#6][#6]=,:[#6]4-[#6,#7]~3[#6;A;X4;H2,H1][#6,#8,#7,#16]-,=[#6,#7]1-,=2	3	[#6]=,:[#6]-1[#6](=,:[#6])C([H])([#8][H])C([H])([H])[#6](=O)-[#6]-1-* | [H][#7]([#6;A;H2X4][#6](-[#8])=O)-[#6](=O)[#6;A;H1X4]([#6;A;H2X4][#16][#6,#8,#16;A])[#7]([H])-[#6](=O)[#6;A;H2X4][#6;A;H2X4][#6;A;H1X4]([#7])[#6](-[#8])=O | [#8]-,=[#6](-,=[#7]-[#6]-,=[#6]-,=[#16])-[#6]-[#6]-[#7]-,=[#6](-,=[#8])-[#6](-,=[#8])C([#6])([#6])[#6]-[#8]P([#8])(=O)[#8]P([#8])(=O)[#8]-[#6]-[#6]-1-[#8]-[#6](-[#7]~2~[#6]~[#7]~[#6]~3~[#6]~2~[#7]~[#6]~[#7]~[#6]~3-[#7])-[#6](-[#8])-[#6]-1-[#8]	[H:1][#8;A;X2:2][#6;A;X4:3]1([#1,#6;R0:20])[#6,#8,#7,#16:4]-,=[#6,#8,#7,#16:5]-,=[#6,#7:6]-,=2-,=[#6,#7:7]~3-,=[#6,#8,#7,#16;A;R1:8]-,=[#6,#8,#7,#16:9]-[#6:10]4=,:[#6:11][#6:12]=,:[#6:13][#6:14]=,:[#6:15]4-[#6,#7:16]~3[#6;A;X4;H2,H1:17][#6,#8,#7,#16:18]-,=[#6,#7:19]1-,=2>>[H:1][#8]-[#6]-1-[#6](-[#8])-[#6](-[#8])-[#6](-[#8]-[#6]-1[#8;A;X2:2][#6;A;X4:3]1([#1,#6;R0:20])[#6,#8,#7,#16:4]-,=[#6,#8,#7,#16:5]-,=[#6,#7:6]-,=2-,=[#6,#7:7]~3-,=[#6,#8,#7,#16;A;R1:8]-,=[#6,#8,#7,#16:9]-[#6:10]4=,:[#6:11][#6:12]=,:[#6:13][#6:14]=,:[#6:15]4-[#6,#7:16]~3[#6;A;X4;H2,H1:17][#6,#8,#7,#16:18]-,=[#6,#7:19]1-,=2)-[#6](-[#8])=O
base	_1_2_DIACYLGLYCEROL_3_GLUCOSYLATION	BTMR0462	3-O-Glucosylation of 1,2-diacylglycerol	bt:_1_2_DIACYLGLYCEROL_3_GLUCOSYLATION	1	[#8;A;H1X2][#6;A;H2X4][#6;A;H1X4]([#6;A;H2X4][#8]-[#6]([#6,#1;A])=O)[#8]-[#6]([#6,#1;A])=O	0		[H][#8;A;X2:2][#6;A;H2X4:1][#6;A;H1X4:3]([#6;A;H2X4:4][#8:5]-[#6:6]([#6,#1;A:8])=[O:7])[#8:9]-[#6:10]([#6,#1;A:12])=[O:11]>>[H][#8;A;X2]C([H])([H])[C@@]1([H])[#8][C@]([H])([#8;A;X2:2][#6;A;H2X4:1][#6;A;H1X4:3]([#6;A;H2X4:4][#8:5]-[#6:6]([#6,#1;A:8])=[O:7])[#8:9]-[#6:10]([#6,#1;A:12])=[O:11])[C@]([H])([#8;A;X2][H])[C@@]([H])([#8;A;X2][H])[C@]1([H])[#8;A;X2][H]
base	_1_2_DIACYLGLYCEROL_SN1_SPECIFIC_ACYLHYDROLYSIS	BTMR0424	sn1-Specific acylhydrolysis of 1,2-diacylglycerol	bt:_1_2_DIACYLGLYCEROL_SN1_SPECIFIC_ACYLHYDROLYSIS	1	[#8;A;H1X2][#6;A;H2X4][#6;A;H1X4]([#6;A;H2X4][#8]-[#6]([#6,#1;A])=O)[#8]-[#6]([#6,#1;A])=O	0		[H:13][#8:1][#6;A;H2X4:2][#6;A;H1X4:3]([#6;A;H2X4:4][#8:5]-[#6:6]([#6,#1;A:7])=[O:8])[#8:9]-[#6:10]([#6,#1;A:11])=[O:12]>>[H][#8]-[#6:6]([#6,#1;A:7])=[O:8].[H:13][#8:1][#6;A;H2X4:2][#6;A;H1X4:3]([#6;A;H2X4:4][#8:5][H])[#8:9]-[#6:10]([#6,#1;A:11])=[O:12]
base	_1_ACYLGLYCEROL_3_PHOSPHATE_O_ACYLATION	BTMR0432	2-O-Acylation of 1-monoacylglycerol, acyl-CoA-dependent	bt:_1_ACYLGLYCEROL_3_PHOSPHATE_O_ACYLATION	2	[#8][#6;A;H1X4]([#6;A;H2X4][#8]-[#6]([#6,#1;A])=O)[#6;A;H2X4][#8]P([#8;A;X2H1,X1-])([#8;A;X2H1,X1-])=O | [#8]-,=[#6;R0](-,=[#7;R0]-[#6;R0]-[#6;R0]-[#16;X2R0]-[#6;R0](-[#6;H2X4R0])=[O;R0])-[#6;R0]-[#6;R0]-[#7;R0]-,=[#6;R0](-,=[#8;R0])[#6;A;H1X4]([#8])[C;R0]([#6;R0])([#6;R0])[#6;H2X4R0]-[#8;R0][P;R0]([!#1!#6;O,$([O-])])(=[O;R0])[#8;R0][P;R0]([!#1!#6;O,$([O-])])(=[O;R0])[#8]-[#6]-[#6]-1-[#8]-[#6](-[#6](-[#8])-[#6]-1-[#8]P([!#1!#6;O,$([O-])])([!#1!#6;O,$([O-])])=O)-n1cnc2c(-[#7])ncnc12	0		[H:14][#8;A;X2:1][#6;A;H1X4:2]([#6;A;H2X4:3][#8:4]-[#6:5]([#6,#1;A:6])=[O:7])[#6;A;H2X4:8][#8:9][P:10]([#8;A;X2H1,X1-:12])([#8;A;X2H1,X1-:11])=[O:13].[#6;H2X4R0:8]-[#6;R0:7](=[O;X1R0:9])-[#16;X2R0:6]-[#6;R0:5]-[#6;R0:4][#7;A;H1X3:3][#6;R0:2](=[O;X1:1])-[#6;R0:10]-[#6;R0:11][#7;A;H1X3:12][#6;R0:13](=[O;X1R0:14])[#6;A;H1X4:15]([#8;A;H1X2:16])[C;R0:17]([#6;R0:19])([#6;R0:18])[#6;H2X4R0:20]-[#8;R0:21][P;R0:22]([!#1!#6;O,$([O-]):23])(=[O;R0:24])[#8;R0:25][P;R0:26]([!#1!#6;O,$([O-]):27])(=[O;R0:28])[#8:29]-[#6:30]-[#6:31]-1-[#8:32]-[#6:33](-[#6:34](-[#8:35])-[#6:36]-1-[#8:37][P:38]([!#1!#6;O,$([O-]):40])([!#1!#6;O,$([O-]):39])=[O:41])-[n:42]1[c:43][n:44][c:45]2[c:46](-[#7:47])[n:48][c:49][n:50][c:51]12>>[#6;H2X4R0:8]-[#6;R0:7](=[O;X1R0:9])[#8;A;X2:1][#6;A;H1X4:2]([#6;A;H2X4:3][#8:4]-[#6:5]([#6,#1;A:6])=[O:7])[#6;A;H2X4:8][#8:9][P:10]([#8;A;X2H1,X1-:12])([#8;A;X2H1,X1-:11])=[O:13].[H:14][#16;X2R0:6]-[#6;R0:5]-[#6;R0:4][#7;A;H1X3:3][#6;R0:2](=[O;X1:1])-[#6;R0:10]-[#6;R0:11][#7;A;H1X3:12][#6;R0:13](=[O;X1R0:14])[#6;A;H1X4:15]([#8;A;H1X2:16])[C;R0:17]([#6;R0:19])([#6;R0:18])[#6;H2X4R0:20]-[#8;R0:21][P;R0:22]([!#1!#6;O,$([O-]):23])(=[O;R0:24])[#8;R0:25][P;R0:26]([!#1!#6;O,$([O-]):27])(=[O;R0:28])[#8:29]-[#6:30]-[#6:31]-1-[#8:32]-[#6:33](-[#6:34](-[#8:35])-[#6:36]-1-[#8:37][P:38]([!#1!#6;O,$([O-]):40])([!#1!#6;O,$([O-]):39])=[O:41])-[n:42]1[c:43][n:44][c:45]2[c:46](-[#7:47])[n:48][c:49][n:50][c:51]12
base	_1_ACYLGLYCEROL_3_PHOSPHATE_O_ACYLATION_REVERSE	BTMR0433	2-O-Deacylation of phosphatidylglycerol-3-phosphate	bt:_1_ACYLGLYCEROL_3_PHOSPHATE_O_ACYLATION_REVERSE	1	[#8;A;X2H1,X1-]P([#8;A;X2H1,X1-])(=O)[#8][#6;A;H2X4][#6;A;H1X4]([#6;A;H2X4][#8]-[#6]([#6,#1;A])=[O;X1])[#8;X2]-[#6]([#6,#1;A])=[O;X1]	0		[#8;A;X2H1,X1-:3][P:2]([#8;A;X2H1,X1-:1])(=[O:4])[#8:5][#6;A;H2X4:6][#6;A;H1X4:7]([#6;A;H2X4:8][#8:9]-[#6:10]([#6,#1;A:11])=[O;X1:12])[#8;X2:13]-[#6:14]([#6,#1;A:15])=[O;X1:16]>>[H][#8;X2:13][#6;A;H1X4:7]([#6;A;H2X4:8][#8:9]-[#6:10]([#6,#1;A:11])=[O;X1:12])[#6;A;H2X4:6][#8:5][P:2]([#8;A;X2H1,X1-:3])([#8;A;X2H1,X1-:1])=[O:4].[H][#8;X2][C;X4]([H])([#6;X3](=[O;X1])-[#7;X3]([H])[C;X4]([H])([H])[C;X4]([H])([H])[#6;X3](=[O;X1])-[#7;X3]([H])C([H])([H])C([H])([H])[#16]-[#6:14]([#6,#1;A:15])=[O;X1:16])C(C([H])([H])[H])(C([H])([H])[H])C([H])([H])[#8;X2][P;X4]([#8-])(=O)[#8][P;X4]([#8-])(=O)[#8]C([H])([H])C1([H])[#8][C@@]([H])([#7]-2-[#6]([H])=[#7]-[#6]-3=[#6]-2-[#7]=[#6]([H])-[#7]=[#6]-3-[#7]([H])[H])C([H])([#8][H])C1([H])[#8][P;X4]([#8-])([#8-])=O
base	_1_ACYLGLYCEROPHOSPHOCHOLINE_O_ACYLATION	BTMR0427	2-O-Acylation of 1-acylglycerophosphocholine from acyl-CoA	bt:_1_ACYLGLYCEROPHOSPHOCHOLINE_O_ACYLATION	2	[#6;A;H3X4][N+]([#6;A;H3X4])([#6;A;H3X4])[#6;A;H2X4][#6;A;H2X4][#8]P([#8])(=O)[#8][#6;A;H2X4][#6;A;H1X4]([#8])[#6;A;H2X4][#8]-[#6]([#6,#1;A])=O | [#8]-,=[#6;R0](-,=[#7;R0]-[#6;R0]-[#6;R0]-[#16;X2R0]-[#6;R0](-[#6;H2X4R0])=[O;R0])-[#6;R0]-[#6;R0]-[#7;R0]-,=[#6;R0](-,=[#8;R0])[#6;A;H1X4]([#8])[C;R0]([#6;R0])([#6;R0])[#6;H2X4R0]-[#8;R0][P;R0]([!#1!#6;O,$([O-])])(=[O;R0])[#8;R0][P;R0]([!#1!#6;O,$([O-])])(=[O;R0])[#8]-[#6]-[#6]-1-[#8]-[#6](-[#6](-[#8])-[#6]-1-[#8]P([!#1!#6;O,$([O-])])([!#1!#6;O,$([O-])])=O)-n1cnc2c(-[#7])ncnc12	0		[#6;A;H3X4:68][N+:67]([#6;A;H3X4:69])([#6;A;H3X4:70])[#6;A;H2X4:66][#6;A;H2X4:65][#8:64][P:61]([#8:62])(=[O:63])[#8:5][#6;A;H2X4:4][#6;A;H1X4:3]([#8:6])[#6;A;H2X4:2][#8:1]-[#6:7]([#6,#1;A:8])=[O:9].[#8:10]-,=[#6;R0:11](-,=[#7;R0:12]-[#6;R0:13]-[#6;R0:14]-[#16;X2R0:15]-[#6;R0:16](-[#6;H2X4R0:17])=[O;R0:18])-[#6;R0:19]-[#6;R0:20]-[#7;R0:21]-,=[#6;R0:22](-,=[#8;R0:23])[#6;A;H1X4:24]([#8:25])[C;R0:26]([#6;R0:27])([#6;R0:28])[#6;H2X4R0:29]-[#8;R0:30][P;R0:31]([!#1!#6;O,$([O-]):32])(=[O;R0:33])[#8;R0:34][P;R0:35]([!#1!#6;O,$([O-]):36])(=[O;R0:37])[#8:38]-[#6:39]-[#6:40]-1-[#8:41]-[#6:42](-[#6:43](-[#8:44])-[#6:45]-1-[#8:46][P:47]([!#1!#6;O,$([O-]):48])([!#1!#6;O,$([O-]):49])=[O:50])-[n:51]1[c:52][n:53][c:54]2[c:55](-[#7:56])[n:57][c:58][n:59][c:60]12>>[#6;H2X4R0:17]-[#6;R0:16](=[O;R0:18])-[#8:6][#6;A;H1X4:3]([#6;A;H2X4:2][#8:1]-[#6:7]([#6,#1;A:8])=[O:9])[#6;A;H2X4:4][#8:5][P:61]([#8:62])(=[O:63])[#8:64][#6;A;H2X4:65][#6;A;H2X4:66][N+:67]([#6;A;H3X4:68])([#6;A;H3X4:69])[#6;A;H3X4:70].[#8:10]-,=[#6;R0:11](-,=[#7;R0:12]-[#6;R0:13]-[#6;R0:14]-[#16;X2R0:15])-[#6;R0:19]-[#6;R0:20]-[#7;R0:21]-,=[#6;R0:22](-,=[#8;R0:23])[#6;A;H1X4:24]([#8:25])[C;R0:26]([#6;R0:27])([#6;R0:28])[#6;H2X4R0:29]-[#8;R0:30][P;R0:31]([!#1!#6;O,$([O-]):32])(=[O;R0:33])[#8;R0:34][P;R0:35]([!#1!#6;O,$([O-]):36])(=[O;R0:37])[#8:38]-[#6:39]-[#6:40]-1-[#8:41]-[#6:42](-[#6:43](-[#8:44])-[#6:45]-1-[#8:46][P:47]([!#1!#6;O,$([O-]):48])([!#1!#6;O,$([O-]):49])=[O:50])-[n:51]1[c:52][n:53][c:54]2[c:55](-[#7:56])[n:57][c:58][n:59][c:60]12
base	_1_ALKENYLGLYCEROPHOSPHOETHANOLAMINE_O_ACETYLATION_REVERSE	BTMR0443	2-O-Deacylation of 1-alkyenyl-glycerol-3-phosphoethanolamine	bt:_1_ALKENYLGLYCEROPHOSPHOETHANOLAMINE_O_ACETYLATION_REVERSE	1	[#6]-[#6;H1X3]=[#6;H1X3]-[#8;X2][#6;A;H2X4][#6;A;H1X4]([#6;A;H2X4][#8]P([#8;A;X2H1,X1-])(=O)[#8][#6;A;H2X4][#6;A;H2X4][#7;A;X3H2,X4H3+])[#8]-[#6](-[#6])=O	0		[#6:2]-[#6;H1X3:1]=[#6;H1X3:3]-[#8;X2:4][#6;A;H2X4:5][#6;A;H1X4:6]([#6;A;H2X4:11][#8:12][P:13]([#8;A;X2H1,X1-:14])(=[O:15])[#8:16][#6;A;H2X4:17][#6;A;H2X4:18][#7;A;X3H2,X4H3+:19])[#8:7]-[#6:8](-[#6:9])=[O:10]>>[#6:2]-[#6;H1X3:1]=[#6;H1X3:3]-[#8;X2:4][#6;A;H2X4:5][#6;A;H1X4:6]([#8:7])[#6;A;H2X4:11][#8:12][P:13]([#8;A;X2H1,X1-:14])(=[O:15])[#8:16][#6;A;H2X4:17][#6;A;H2X4:18][#7;A;X3H2,X4H3+:19].[#6:9]-[#6:8](=[O:10])-[#16]-[#6]-[#6]-[#7]-[#6](=O)-[#6]-[#6]-[#7]-[#6](=O)-[#6@H](-[#8])C([#6])([#6])[#6]-[#8]P([#8-])(=O)[#8]P([#8-])(=O)[#8]-[#6]-[#6]-1-[#8]-[#6](-[#6](-[#8])-[#6]-1-[#8]P([#8-])([#8-])=O)-[#7]-1-[#6]=[#7]-[#6]-2=[#6]-1-[#7]=[#6]-[#7]=[#6]-2-[#7]
base	_1_ALKENYL_2_ACYL_GLYCEROPHOSPHOETHANOLAMINE_FROM_1_ALKYL_2_ACYLGLYCEROL	BTMR1238	Synthesis of 1-alkenyl-2-acylglycerophosphoethanolamine from 1-alkenyl-2-acylglycerol	bt:_1_ALKENYL_2_ACYL_GLYCEROPHOSPHOETHANOLAMINE_FROM_1_ALKYL_2_ACYLGLYCEROL	1	[#6][#6;H1X3]=[#6;H1X3]/[#8]-[#6;H2X4]-[#6;H1X4](-[#6;H2X4]-[#8;X2][P;X4]([#8;A;X1-,X2H1])([#8;A;X1-,X2H1])=[O;X1])-[#8]-[#6](-[#6])=O	0		[H:17][#8;A:9][P;X4:7]([#8;A;X1-,X2H1:8])(=[O;X1:10])[#8;X2:6]-[#6;H2X4:5]-[#6;H1X4:4](-[#6;H2X4:3]-[#8:2][#6;H1X3:1]=[#6;H1X3:15]/[#6:16])-[#8:11]-[#6:12](-[#6:13])=[O:14]>>[H:17][#7]([H])-[#6]-[#6][#8;A:9][P;X4:7]([#8;A;X1-,X2H1:8])(=[O;X1:10])[#8;X2:6]-[#6;H2X4:5]-[#6;H1X4:4](-[#6;H2X4:3]-[#8:2][#6;H1X3:1]=[#6;H1X3:15]/[#6:16])-[#8:11]-[#6:12](-[#6:13])=[O:14]
base	_1_ALKYLGLYCEROL_3_PHOSPHOETHANOLAMINE_HYDROLYSIS_TO_1_ALKYLGLYCEROL_3_PHOSPHATE	BTMR0553	Hydrolysis of ethanolamine from 1-alkyl-3-phosphoethanolamine	bt:_1_ALKYLGLYCEROL_3_PHOSPHOETHANOLAMINE_HYDROLYSIS_TO_1_ALKYLGLYCEROL_3_PHOSPHATE	1	[#6;X4]-[#8;X2]-[#6;H2X4]-[#6;H1X4]([#8;A;H1X2])-[#6;H2X4]-[#8]P([#8;A;X2H1,X1-])(=O)[#8;X2]-[#6;H2X4]-[#6;H2X4]-[#7;H2X3]	0		[#6;X4:14]-[#8;X2:1]-[#6;H2X4:2]-[#6;H1X4:3]([#8;A;H1X2:4])-[#6;H2X4:5]-[#8:6][P:7]([#8;A;X2H1,X1-:9])(=[O:8])[#8;X2:10]-[#6;H2X4:11]-[#6;H2X4:12]-[#7;H2X3:13]>>[#7;H2X3:13]-[#6;H2X4:12]-[#6;X4:11]-[#8].[#6;X4:14]-[#8;X2:1]-[#6;H2X4:2]-[#6;H1X4:3]([#8;A;H1X2:4])-[#6;H2X4:5]-[#8:6][P:7]([#8;A;X2H1,X1-:9])([#8;H1X2:10])=[O:8]
base	_1_ALKYLGLYCEROPHOSPHOCHOLINE_O_ACETYLATION	BTMR0434	2-O-Acetylation of 1-alkylglycerol-3-phosphocholine, acetyl-CoA-dependent	bt:_1_ALKYLGLYCEROPHOSPHOCHOLINE_O_ACETYLATION	1	[H][#6;A;X4]([H])[#8;X2][#6;A;H2X4][#6;A;H1X4]([#8;A;X2H1,X1-])[#6;A;H2X4][#8;X2][P;X4]([#8;A;X2H1,X1-])(=[O;X1])[#8;X2][#6;A;H2X4][#6;A;H2X4][N;X4+]([#6;A;H3X4])([#6;A;H3X4])[#6;A;H3X4]	0		[H][#8;A:5][#6;A;H1X4:4]([#6;A;H2X4:3][#8;X2:2][#6;A;X4:1]([H:18])[H:19])[#6;A;H2X4:6][#8;X2:7][P;X4:8]([#8;A;X2H1,X1-:9])(=[O;X1:10])[#8;X2:11][#6;A;H2X4:12][#6;A;H2X4:13][N;X4+:14]([#6;A;H3X4:15])([#6;A;H3X4:16])[#6;A;H3X4:17]>>[H:18][#6;A;X4:1]([H:19])[#8;X2:2][#6;A;H2X4:3][#6;A;H1X4:4]([#6;A;H2X4:6][#8;X2:7][P;X4:8]([#8;A;X2H1,X1-:9])(=[O;X1:10])[#8;X2:11][#6;A;H2X4:12][#6;A;H2X4:13][N;X4+:14]([#6;A;H3X4:15])([#6;A;H3X4:16])[#6;A;H3X4:17])[#8;A:5][#6](-[#6])=O
base	_1_ALKYL_2_ACETYL_GLYCEROPHOSPHOCHOLINE_ACETOHYDROLYSIS	BTMR0528	2-Acetyl hydrolysis of 1-alkyl, 2-acetyl-glycerol-3-phosphocholine	bt:_1_ALKYL_2_ACETYL_GLYCEROPHOSPHOCHOLINE_ACETOHYDROLYSIS	1	[#6;H2X4]-[#8]-[#6;H2X4]-[#6;H1X4](-[#6;H2X4]-[#8]P([!#1!#6;O,$([O-])])(=O)[#8]-[#6;H2X4]-[#6;H2X4][N+]([#6;H3X4])([#6;H3X4])[#6;H3X4])-[#8]-[#6](-[#6;H3X4])=O	0		[#6;H2X4:1]-[#8:2]-[#6;H2X4:3]-[#6;H1X4:4](-[#6;H2X4:6]-[#8:7][P:8]([!#1!#6;O,$([O-]):9])(=[O:10])[#8:11]-[#6;H2X4:12]-[#6;H2X4:13][N+:14]([#6;H3X4:15])([#6;H3X4:16])[#6;H3X4:17])-[#8;X2:5]-[#6](-[#6;H3X4])=O>>[#6;H3X4]-[#6](-[#8-])=O.[#6;H2X4:1]-[#8:2]-[#6;H2X4:3]-[#6;H1X4:4](-[#8;X2:5])-[#6;H2X4:6]-[#8:7][P:8]([!#1!#6;O,$([O-]):9])(=[O:10])[#8:11]-[#6;H2X4:12]-[#6;H2X4:13][N+:14]([#6;H3X4:15])([#6;H3X4:16])[#6;H3X4:17]
base	_1_ALKYL_2_ACYLGLYCEROL_3_PHOSPHATE_DEPHOSPHORYLATION	BTMR0535	Dephosphorylation of 1-alkyl,2-acylglycerol-3-phosphate	bt:_1_ALKYL_2_ACYLGLYCEROL_3_PHOSPHATE_DEPHOSPHORYLATION	1	[#6;A;X4][#8;X2]-[#6;H2X4][#6;A;H1X4]([#6;H2X4]-[#8;X2]P([#8;A;X2H1,X1-])([#8;A;X2H1,X1-])=O)[#8;X2]-[#6;X3]([#6,#1;A])=O	0		[#6;A;X4:1][#8;X2:2]-[#6;H2X4:3][#6;A;H1X4:4]([#6;H2X4:5]-[#8;X2:6]P([#8;A;X2H1,X1-])([#8;A;X2H1,X1-])=O)[#8;X2:7]-[#6;X3:8]([#6,#1;A:9])=[O:10]>>[H][#8;X2:6]-[#6;H2X4:5][#6;A;H1X4:4]([#6;H2X4:3]-[#8;X2:2][#6;A;X4:1])[#8;X2:7]-[#6;X3:8]([#6,#1;A:9])=[O:10]
base	_1_ALKYL_2_ACYL_GLYCEROPHOSPHOETHANOLAMINE_FROM_1_ALKYL_2_ACYLGLYCEROL	BTMR1237	Synthesis of 1-alkyl-2-acylglycerophosphoethanolamine from 1-alkyl-2-acylglycerol	bt:_1_ALKYL_2_ACYL_GLYCEROPHOSPHOETHANOLAMINE_FROM_1_ALKYL_2_ACYLGLYCEROL	1	[#6;H2X4]-[#8]-[#6;H2X4]-[#6;H1X4](-[#6;H2X4]-[#8;X2][P;X4]([#8;A;X1-,X2H1])([#8;A;X1-,X2H1])=[O;X1])-[#8]-[#6](-[#6])=O	0		[H:15][#8;A;X2:10][P;X4:7]([#8;A;X1-,X2H1:8])(=[O;X1:9])[#8;X2:6]-[#6;H2X4:5]-[#6;H1X4:4](-[#6;H2X4:3]-[#8:2]-[#6;H2X4:1])-[#8:11]-[#6:12](-[#6:13])=[O:14]>>[H:15][#7]([H])-[#6]-[#6][#8;A;X2:10][P;X4:7]([#8;A;X1-,X2H1:8])(=[O;X1:9])[#8;X2:6]-[#6;H2X4:5]-[#6;H1X4:4](-[#6;H2X4:3]-[#8:2]-[#6;H2X4:1])-[#8:11]-[#6:12](-[#6:13])=[O:14]
base	_1_MONOACYLGLYCEROL_HYDROLYSIS	BTMR0521	Acyl hydrolysis of 1-monoacylglycerol	bt:_1_MONOACYLGLYCEROL_HYDROLYSIS	1	[#6;R0]-,=[#6;R0]-,=[#6;R0]-,=[#6;R0]-,=[#6;R0]-,=[#6;R0]-,=[#6;R0]-,=[#6;R0]-,=[#6;R0]-,=[#6;R0]-,=[#6;R0]-,=[#6;R0]-[#6](=O)-[#8][#6;A;H2X4][#6;A;H1X4]([#8;A;X2H1,X1-])[#6;A;H2X4][#8;A;X2H1,X1-]	0		[#6;R0:20]-,=[#6;R0:19]-,=[#6;R0:18]-,=[#6;R0:17]-,=[#6;R0:16]-,=[#6;R0:15]-,=[#6;R0:14]-,=[#6;R0:13]-,=[#6;R0:12]-,=[#6;R0:11]-,=[#6;R0:10]-,=[#6;R0:9]-[#6:7](=[O:8])-[#8:1][#6;A;H2X4:2][#6;A;H1X4:3]([#8;A;X2H1,X1-:6])[#6;A;H2X4:4][#8;A;X2H1,X1-:5]>>[#8:1][#6;A;H2X4:2][#6;A;H1X4:3]([#8;A;X2H1,X1-:6])[#6;A;H2X4:4][#8;A;X2H1,X1-:5].[#6;R0:20]-,=[#6;R0:19]-,=[#6;R0:18]-,=[#6;R0:17]-,=[#6;R0:16]-,=[#6;R0:15]-,=[#6;R0:14]-,=[#6;R0:13]-,=[#6;R0:12]-,=[#6;R0:11]-,=[#6;R0:10]-,=[#6;R0:9]-[#6:7](-[#8])=[O:8]
base	_1_MONOACYLGLYCEROL_PHOSPHORYLATION	BTMR0483	Phosphorylation of 1-monoacylglycerol	bt:_1_MONOACYLGLYCEROL_PHOSPHORYLATION	1	[#8;A;X2H1,X1-][#6;H2X4]-[#6]([#8;A;X2H1,X1-])-[#6;H2X4]-[#8;X2]-[#6]([#6,#1;A])=O	0		[H:10][#8:1]-[#6;H2X4:2][#6;A;H1X4:3]([#8;A;X2H1,X1-:4])[#6;H2X4:5]-[#8;X2:6]-[#6:7]([#6,#1;A:8])=[O:9]>>[H:10][#8]P([#8])(=O)[#8:1]-[#6;H2X4:2][#6;A;H1X4:3]([#8;A;X2H1,X1-:4])[#6;H2X4:5]-[#8;X2:6]-[#6:7]([#6,#1;A:8])=[O:9]
base	_1_PHOSPHATIDYLINOSITOL_4_PHOSPHORYLATION	BTMR0481	4-O-Inositol phosphorylation of phosphatidylinositol	bt:_1_PHOSPHATIDYLINOSITOL_4_PHOSPHORYLATION	1	[#8]-[#6@H]-1-[#6@H](-[#8])-[#6@@H](-[#8])-[#6@H](-[#8]P([#8;X2H1,X1-])(=O)[#8]-[#6;H2X4]-[#6;H1X4](-[#6;H2X4]-[#8]-[#6]([#6,#1;A])=O)-[#8]-[#6]([#6,#1;A])=O)-[#6@H](-[#8])-[#6@@H]-1-[#8]	0		[#8:27]-[#6@H:26]-1-[#6@H:24](-[#8:25])-[#6@@H:22](-[#8:23])-[#6@H:5](-[#8:6][P:7]([#8;X2H1,X1-:8])(=[O:9])[#8:10]-[#6;H2X4:11]-[#6;H1X4:12](-[#6;H2X4:13]-[#8:14]-[#6:15]([#6,#1;A:16])=[O:17])-[#8:18]-[#6:19]([#6,#1;A:20])=[O:21])-[#6@H:3](-[#8:4])-[#6@@H:2]-1-[#8:1]>>[#8:1]-[#6@H:2]-1-[#6@@H:3](-[#8:4])-[#6@@H:5](-[#8:6][P:7]([#8;X2H1,X1-:8])(=[O:9])[#8:10]-[#6;H2X4:11]-[#6;H1X4:12](-[#6;H2X4:13]-[#8:14]-[#6:15]([#6,#1;A:16])=[O:17])-[#8:18]-[#6:19]([#6,#1;A:20])=[O:21])-[#6@H:22](-[#8:23])-[#6@@H:24](-[#8:25])-[#6@@H:26]-1-[#8:27]P([#8])([#8])=O
base	_1_PHOSPHATIDYL_1D_MYO_INOSITOL_3_PHOSPHATE_5_PHOSPHORYLATION	BTMR0488	3-Inositol phosphorylation of phosphatidyl-1D-myo-inositol-5-phosphate	bt:_1_PHOSPHATIDYL_1D_MYO_INOSITOL_3_PHOSPHATE_5_PHOSPHORYLATION	1	[#8]-[#6@H]-1-[#6@H](-[#8])-[#6@@H](-[#8]P([#8;X2H1,X1-])([#8;X2H1,X1-])=O)-[#6@@H](-[#8])-[#6@@H](-[#8]P([#8;X2H1,X1-])(=O)[#8]-[#6;H2X4]-[#6;H1X4](-[#6;H2X4]-[#8]-[#6]([#6,#1;A])=O)-[#8]-[#6]([#6,#1;A])=O)-[#6@@H]-1-[#8]	0		[#8:17]-[#6@H:16]-1-[#6@H:18](-[#8:19])-[#6@@H:20](-[#8:21][P:22]([#8;X2H1,X1-:23])([#8;X2H1,X1-:24])=[O:25])-[#6@@H:26](-[#8:27])-[#6@@H:13](-[#8:12][P:9]([#8;X2H1,X1-:10])(=[O:11])[#8:8]-[#6;H2X4:7]-[#6;H1X4:1](-[#6;H2X4:2]-[#8:3]-[#6:4]([#6,#1;A:5])=[O:6])-[#8:28]-[#6:29]([#6,#1;A:30])=[O:31])-[#6@@H:14]-1-[#8:15]>>[#8:19]-[#6@H:18]-1-[#6@H:16](-[#8:17]P([#8;X2H1,X1-])([#8;X2H1,X1-])=O)-[#6@@H:14](-[#8:15])-[#6@H:13](-[#8:12][P:9]([#8;X2H1,X1-:10])(=[O:11])[#8:8]-[#6;H2X4:7]-[#6;H1X4:1](-[#6;H2X4:2]-[#8:3]-[#6:4]([#6,#1;A:5])=[O:6])-[#8:28]-[#6:29]([#6,#1;A:30])=[O:31])-[#6@H:26](-[#8:27])-[#6@@H:20]-1-[#8:21][P:22]([#8;X2H1,X1-:23])([#8;X2H1,X1-:24])=[O:25]
base	_1_PHOSPHATIDYL_1D_MYO_INOSITOL_3_PHOSPHORYLATION	BTMR0485	3-Inositol phosphorylation of phosphatidyl-1D-myo-inositol	bt:_1_PHOSPHATIDYL_1D_MYO_INOSITOL_3_PHOSPHORYLATION	1	[#8]-[#6@H]-1-[#6@H](-[#8])-[#6@@H](-[#8])-[#6@H](-[#8]P([#8;X2H1,X1-])(=O)[#8]-[#6;H2X4]-[#6@@H;X4](-[#6;H2X4]-[#8]-[#6]([#6,#1;A])=O)-[#8]-[#6]([#6,#1;A])=O)-[#6@H](-[#8])-[#6@@H]-1-[#8]	0		[#8:1]-[#6@H:2]-1-[#6@H:26](-[#8:27])-[#6@@H:24](-[#8:25])-[#6@H:7](-[#8:8][P:9]([#8;X2H1,X1-:10])(=[O:11])[#8:12]-[#6;H2X4:13]-[#6@@H;X4:14](-[#6;H2X4:15]-[#8:16]-[#6:17]([#6,#1;A:18])=[O:19])-[#8:20]-[#6:21]([#6,#1;A:22])=[O:23])-[#6@H:5](-[#8:6])-[#6@@H:3]-1-[#8:4]>>[#8:27]-[#6@H:26]-1-[#6@H:2](-[#8:1])-[#6@@H:3](-[#8:4]P([#8;X2H1,X1-])([#8;X2H1,X1-])=O)-[#6@@H:5](-[#8:6])-[#6@@H:7](-[#8:8][P:9]([#8;X2H1,X1-:10])(=[O:11])[#8:12]-[#6;H2X4:13]-[#6@@H;X4:14](-[#6;H2X4:15]-[#8:16]-[#6:17]([#6,#1;A:18])=[O:19])-[#8:20]-[#6:21]([#6,#1;A:22])=[O:23])-[#6@@H:24]-1-[#8:25]
base	_1_PHOSPHATIDYL_1D_MYO_INOSITOL_4_5_BISPHOSPHATE_3_PHOSPHORYLATION	BTMR0489	3-Inositol phosphorylation of phosphatidyl-1D-myo-inositol-4,5-bisphosphate	bt:_1_PHOSPHATIDYL_1D_MYO_INOSITOL_4_5_BISPHOSPHATE_3_PHOSPHORYLATION	1	[#8]-[#6@@H]-1-[#6@H](-[#8])-[#6@@H](-[#8]P([#8;X2H1,X1-])([#8;X2H1,X1-])=O)-[#6@H](-[#8]P([#8;X2H1,X1-])([#8;X2H1,X1-])=O)-[#6@@H](-[#8])-[#6@@H]-1-[#8]P([#8;X2H1,X1-])(=O)[#8]-[#6;H2X4]-[#6;H1X4](-[#6;H2X4]-[#8]-[#6]([#6,#1;A])=O)-[#8]-[#6]([#6,#1;A])=O	0		[#8:15]-[#6@@H:14]-1-[#6@H:16](-[#8:17])-[#6@@H:18](-[#8:19][P:32]([#8;X2H1,X1-:34])([#8;X2H1,X1-:35])=[O:33])-[#6@H:20](-[#8:21][P:22]([#8;X2H1,X1-:23])([#8;X2H1,X1-:24])=[O:25])-[#6@@H:26](-[#8:27])-[#6@@H:13]-1-[#8:12][P:9]([#8;X2H1,X1-:10])(=[O:11])[#8:8]-[#6;H2X4:7]-[#6;H1X4:1](-[#6;H2X4:2]-[#8:3]-[#6:4]([#6,#1;A:5])=[O:6])-[#8:28]-[#6:29]([#6,#1;A:30])=[O:31]>>[#8:15]-[#6@H:14]-1-[#6@@H:13](-[#8:12][P:9]([#8;X2H1,X1-:10])(=[O:11])[#8:8]-[#6;H2X4:7]-[#6;H1X4:1](-[#6;H2X4:2]-[#8:3]-[#6:4]([#6,#1;A:5])=[O:6])-[#8:28]-[#6:29]([#6,#1;A:30])=[O:31])-[#6@H:26](-[#8:27])-[#6@@H:20](-[#8:21][P:22]([#8;X2H1,X1-:23])([#8;X2H1,X1-:24])=[O:25])-[#6@H:18](-[#8:19][P:32]([#8;X2H1,X1-:34])([#8;X2H1,X1-:35])=[O:33])-[#6@H:16]-1-[#8:17]P([#8;X2H1,X1-])([#8;X2H1,X1-])=O
base	_1_PHOSPHATIDYL_1D_MYO_INOSITOL_4_PHOSPHATE_3_PHOSPHORYLATION	BTMR0490	3-Inositol phosphorylation of phosphatidyl-1D-myo-inositol-4-phosphate	bt:_1_PHOSPHATIDYL_1D_MYO_INOSITOL_4_PHOSPHATE_3_PHOSPHORYLATION	1	[#8]-[#6@H]-1-[#6@@H](-[#8])-[#6@@H](-[#8]P([#8;X2H1,X1-])(=O)[#8]-[#6;H2X4]-[#6;H1X4](-[#6;H2X4]-[#8]-[#6]([#6,#1;A])=O)-[#8]-[#6]([#6,#1;A])=O)-[#6@H](-[#8])-[#6@@H](-[#8])-[#6@@H]-1-[#8]P([#8;X2H1,X1-])([#8;X2H1,X1-])=O	0		[#8:21]-[#6@H:20]-1-[#6@@H:22](-[#8:23])-[#6@@H:13](-[#8:12][P:9]([#8;X2H1,X1-:10])(=[O:11])[#8:8]-[#6;H2X4:7]-[#6;H1X4:1](-[#6;H2X4:2]-[#8:3]-[#6:4]([#6,#1;A:5])=[O:6])-[#8:24]-[#6:25]([#6,#1;A:26])=[O:27])-[#6@H:14](-[#8:15])-[#6@@H:16](-[#8:17])-[#6@@H:18]-1-[#8:19][P:28]([#8;X2H1,X1-:30])([#8;X2H1,X1-:31])=[O:29]>>[#8:15]-[#6@@H:14]-1-[#6@@H:16](-[#8:17])-[#6@H:18](-[#8:19][P:28]([#8;X2H1,X1-:30])([#8;X2H1,X1-:31])=[O:29])-[#6@@H:20](-[#8:21]P([#8;X2H1,X1-])([#8;X2H1,X1-])=O)-[#6@@H:22](-[#8:23])-[#6@H:13]-1-[#8:12][P:9]([#8;X2H1,X1-:10])(=[O:11])[#8:8]-[#6;H2X4:7]-[#6;H1X4:1](-[#6;H2X4:2]-[#8:3]-[#6:4]([#6,#1;A:5])=[O:6])-[#8:24]-[#6:25]([#6,#1;A:26])=[O:27]
base	_1_PHOSPHATIDYL_1D_MYO_INOSITOL_4_PHOSPHATE_5_PHOSPHORYLATION	BTMR0482	4-O-Inositol phosphorylation of phosphatidyl-1D-myo-inositol 4-phosphate	bt:_1_PHOSPHATIDYL_1D_MYO_INOSITOL_4_PHOSPHATE_5_PHOSPHORYLATION	1	[#8]-[#6@H]-1-[#6@@H](-[#8])-[#6@@H](-[#8]P([#8;X2H1,X1-])(=O)[#8]-[#6;H2X4]-[#6;H1X4](-[#6;H2X4]-[#8]-[#6]([#6,#1;A])=O)-[#8]-[#6]([#6,#1;A])=O)-[#6@H](-[#8])-[#6@@H](-[#8])-[#6@@H]-1-[#8]P([#8;X2H1,X1-])([#8;X2H1,X1-])=O	0		[#8:1]-[#6@H:2]-1-[#6@@H:3](-[#8:4])-[#6@@H:5](-[#8:6][P:7]([#8;X2H1,X1-:8])(=[O:9])[#8:10]-[#6;H2X4:11]-[#6;H1X4:12](-[#6;H2X4:13]-[#8:14]-[#6:15]([#6,#1;A:16])=[O:17])-[#8:18]-[#6:19]([#6,#1;A:20])=[O:21])-[#6@H:22](-[#8:23])-[#6@@H:24](-[#8:25])-[#6@@H:26]-1-[#8:27][P:28]([#8;X2H1,X1-:29])([#8;X2H1,X1-:30])=[O:31]>>[#8:4]-[#6@@H:3]-1-[#6@H:2](-[#8:1])-[#6@@H:26](-[#8:27][P:28]([#8;X2H1,X1-:29])([#8;X2H1,X1-:30])=[O:31])-[#6@H:24](-[#8:25]P([#8])([#8])=O)-[#6@@H:22](-[#8:23])-[#6@@H:5]-1-[#8:6][P:7]([#8;X2H1,X1-:8])(=[O:9])[#8:10]-[#6;H2X4:11]-[#6;H1X4:12](-[#6;H2X4:13]-[#8:14]-[#6:15]([#6,#1;A:16])=[O:17])-[#8:18]-[#6:19]([#6,#1;A:20])=[O:21]
base	_1_PHOSPHATIDYL_1D_MYO_INOSITOL_5_PHOSPHATE_4_PHOSPHORYLATION	BTMR0487	4-Inositol phosphorylation of phosphatidyl-1D-myo-inositol-5-phosphate	bt:_1_PHOSPHATIDYL_1D_MYO_INOSITOL_5_PHOSPHATE_4_PHOSPHORYLATION	1	[#8]-[#6@@H]-1-[#6@@H](-[#8])-[#6@H](-[#8]P([#8;X2H1,X1-])([#8;X2H1,X1-])=O)-[#6@@H](-[#8])-[#6@H](-[#8]P([#8;X2H1,X1-])(=O)[#8]-[#6;H2X4]-[#6;H1X4](-[#6;H2X4]-[#8]-[#6]([#6,#1;A])=O)-[#8]-[#6]([#6,#1;A])=O)-[#6@@H]-1-[#8]	0		[#8:17]-[#6@@H:16]-1-[#6@@H:18](-[#8:19])-[#6@H:20](-[#8:21][P:22]([#8;X2H1,X1-:23])([#8;X2H1,X1-:24])=[O:25])-[#6@@H:26](-[#8:27])-[#6@H:13](-[#8:12][P:9]([#8;X2H1,X1-:10])(=[O:11])[#8:8]-[#6;H2X4:7]-[#6;H1X4:1](-[#6;H2X4:2]-[#8:3]-[#6:4]([#6,#1;A:5])=[O:6])-[#8:28]-[#6:29]([#6,#1;A:30])=[O:31])-[#6@@H:14]-1-[#8:15]>>[#8:15]-[#6@@H:14]-1-[#6@H:16](-[#8:17])-[#6@@H:18](-[#8:19]P([#8;X2H1,X1-])([#8;X2H1,X1-])=O)-[#6@H:20](-[#8:21][P:22]([#8;X2H1,X1-:23])([#8;X2H1,X1-:24])=[O:25])-[#6@@H:26](-[#8:27])-[#6@@H:13]-1-[#8:12][P:9]([#8;X2H1,X1-:10])(=[O:11])[#8:8]-[#6;H2X4:7]-[#6;H1X4:1](-[#6;H2X4:2]-[#8:3]-[#6:4]([#6,#1;A:5])=[O:6])-[#8:28]-[#6:29]([#6,#1;A:30])=[O:31]
base	_24_THIAZOLIDINEDIONE_RING_OPENING_PATTERN1	BTMR1178	2,4-Thiazolidinedione ring opening	bt:_24_THIAZOLIDINEDIONE_RING_OPENING	1	[H][#7;X3R1]-1-[#6;R1](=O)-[#6;R1]-[#16;R1;SX2,$([SX3]=[OX1]),$([SX3+]-[OX1-])]-[#6;R1]-1=O	0		[H][#7;X3R1:1]-1-[#6;R1:2](=[O:3])-[#6;R1:4]-[#16;R1;SX2,$([SX3]=[OX1]),$([SX3+]-[OX1-]):5]-[#6;R1:6]-1=[O:7]>>[#8]-[#16;X2R0:5]-[#6;R0:4]-[#6;R0:2](=[O:3])-[#7;X2R0:1]=[C;R0:6]=[O:7]
base	_24_THIAZOLIDINEDIONE_RING_OPENING_PATTERN2	BTMR1179	2,4-Thiazolidinedione ring opening	bt:_24_THIAZOLIDINEDIONE_RING_OPENING	1	[H][#7;X3R1]-1-[#6;R1](=O)-[#6;R1]-[#16;R1;SX2,$([SX3]=[OX1]),$([SX3+]-[OX1-])]-[#6;R1]-1=O	0		[H][#7;X3R1:1]-1-[#6;R1:2](=[O:3])-[#6;R1:4]-[#16;R1;SX2,$([SX3]=[OX1]),$([SX3+]-[OX1-]):5]-[#6;R1:6]-1=[O:7]>>[H][#7;X3R0:1](-[#6;R0:6]([H])=[O:7])-[#6;R0:2](=[O:3])-[#6;R0:4][S;X3R0:5]([#8])=O
base	_2E_REDUCTION_OF_NITROGUANIDINE	BTMR1218	2-electron Reduction of nitroguanidine	bt:_2E_REDUCTION_OF_NITROGUANIDINE	1	[#7][#6;X3](-[#7])=[#7]!@[#7;X3+](-[#8;X1-])=[O;X1]	0		[#7:1][#6;X3:2](-[#7:3])=[#7:4]!@[#7;X3+:5](-[#8;X1-:7])=[O;X1:6]>>[H][#8;X2:7][H].[#7:1][#6;X3:2](-[#7:3])=[#7:4]!@[#7;X2:5]=[O;X1:6]
base	_2E_REDUCTION_OF_NITROMETHYLENE	BTMR1220	2-electron Reduction of nitromethylene	bt:_2E_REDUCTION_OF_NITROMETHYLENE	1	[#8;X1-]-[#7;X3+](=[O;X1])!@-[#6;A;H1X3]=[#6]	0		[H:6][#6;A;X3:1](=[#6:5])!@-[#7;X3+:2](-[#8;X1-:3])=[O;X1:4]>>[H][#8;X2:3][H].[H:6][#6;A;X3:1](=[#6:5])!@-[#7;X2:2]=[O;X1:4]
base	_2P_3P_CYCLIC_NUCLEOTIDE_HYDROLYSIS_TO_2P_NUCLEOTIDE	BTMR0578	Hydrolysis of 2',3'-cyclic nucleotide	bt:_2P_3P_CYCLIC_NUCLEOTIDE_HYDROLYSIS_TO_2P_NUCLEOTIDE	1	[#7;R1][#6;A;H1X4]1[#8][#6;A;H1X4]([#6][#8;A;X2H1,X1-])[#6]-2-[#8]P([#8;A;X2H1,X1-])(=O)[#8]-[#6]1-2	0		[#7;R1:10][#6;A;H1X4:6]1[#8:7][#6;A;H1X4:3]([#6:8][#8;A;X2H1,X1-:11])[#6:1]-2-[#8:4][P:9]([#8;A;X2H1,X1-:12])(=[O:13])[#8:5]-[#6:2]1-2>>[#7;R1:10][#6;A;H1X4:6]1[#8:7][#6;A;H1X4:3]([#6:8][#8;A;X2H1,X1-:11])[#6:1](-[#8])-[#6:2]1-[#8:5][P:9]([#8:4])([#8;A;X2H1,X1-:12])=[O:13]
base	_2P_3P_CYCLIC_NUCLEOTIDE_HYDROLYSIS_TO_3P_NUCLEOTIDE	BTMR0551	Hydrolysis of 2',3'-cyclic nucleotide to 3'-nucleotide	bt:_2P_3P_CYCLIC_NUCLEOTIDE_HYDROLYSIS_TO_3P_NUCLEOTIDE	1	[#7;R1][#6;A;H1X4]1[#8][#6;A;H1X4]([#6][#8;A;X2H1,X1-])[#6]-2-[#8]P([#8;A;X2H1,X1-])(=O)[#8]-[#6]1-2	0		[#7;R1:10][#6;A;H1X4:6]1[#8:7][#6;A;H1X4:3]([#6:8][#8;A;X2H1,X1-:11])[#6:1]-2-[#8:4][P:9]([#8;A;X2H1,X1-:12])(=[O:13])[#8:5]-[#6:2]1-2>>[#7;R1:10][#6;A;H1X4:6]1[#8:7][#6;A;H1X4:3]([#6:8][#8;A;X2H1,X1-:11])[#6:1](-[#8:4][P:9]([#8:5])([#8;A;X2H1,X1-:12])=[O:13])-[#6:2]1-[#8]
base	_2_3_ENOYL_COA_HYDRATION	BTMR1315	2,3-Enoyl-CoA hydration	bt:_2_3_ENOYL_COA_HYDRATION	1	[#8]-,=[#6;R0](-,=[#7;R0]-[#6;R0]-[#6;R0]-[#16;X2R0]-[#6;R0](=[O;X1])[#6;A;X3]([H])=[#6;A;X3]([H])[#6;R0])-[#6;R0]-[#6;R0]-[#7;R0]-,=[#6;R0](-,=[#8])-[#6;R0](-[#8])C([#6])([#6])[#6]-[#8]P([#8;A;X2H1,X1-])(=O)[#8]P([#8;A;X2H1,X1-])(=O)[#8]-[#6]-[#6]-1-[#8]-[#6](-[#7]2[#6]=,:[#7][#6]3=,:[#6]2[#7]=,:[#6][#7]=,:[#6]3-[#7])-[#6](-[#8])-[#6]-1-[#8]P([#8;A;X2H1,X1-])([#8;A;X2H1,X1-])=O	0		[#8:1]-,=[#6;R0:2](-,=[#7;R0:3]-[#6;R0:4]-[#6;R0:5]-[#16;X2R0:6]-[#6;R0:7](=[O;X1:8])[#6;A;X3:9]([H:10])=[#6;A;X3:11]([H:12])[#6;R0:13])-[#6;R0:14]-[#6;R0:15]-[#7;R0:16]-,=[#6;R0:17](-,=[#8:18])-[#6;R0:19](-[#8:20])[C:21]([#6:22])([#6:23])[#6:24]-[#8:25][P:26]([#8;A;X2H1,X1-:27])(=[O:28])[#8:29][P:30]([#8;A;X2H1,X1-:31])(=[O:32])[#8:33]-[#6:34]-[#6:35]-1-[#8:36]-[#6:37](-[#7:46]2[#6:47]=,:[#7:48][#6:49]3=,:[#6:50]2[#7:51]=,:[#6:52][#7:53]=,:[#6:54]3-[#7:55])-[#6:38](-[#8:39])-[#6:40]-1-[#8:41][P:42]([#8;A;X2H1,X1-:43])([#8;A;X2H1,X1-:44])=[O:45]>>[#8:1]-,=[#6;R0:2](-,=[#7;R0:3]-[#6;R0:4]-[#6;R0:5]-[#16;X2R0:6]-[#6;R0:7](=[O;X1:8])[#6;A;X3:9]([H:10])([H])[#6;A@;X3:11]([H:12])([#6;R0:13])[#8])-[#6;R0:14]-[#6;R0:15]-[#7;R0:16]-,=[#6;R0:17](-,=[#8:18])-[#6;R0:19](-[#8:20])[C:21]([#6:22])([#6:23])[#6:24]-[#8:25][P:26]([#8;A;X2H1,X1-:27])(=[O:28])[#8:29][P:30]([#8;A;X2H1,X1-:31])(=[O:32])[#8:33]-[#6:34]-[#6:35]-1-[#8:36]-[#6:37](-[#7:46]2[#6:47]=,:[#7:48][#6:49]3=,:[#6:50]2[#7:51]=,:[#6:52][#7:53]=,:[#6:54]3-[#7:55])-[#6:38](-[#8:39])-[#6:40]-1-[#8:41][P:42]([#8;A;X2H1,X1-:43])([#8;A;X2H1,X1-:44])=[O:45]
base	_2_ACYLGLYCEROL_O_ACYLATION	BTMR0426	1-O-Acylation of 2-monoacylglycerol	bt:_2_ACYLGLYCEROL_O_ACYLATION	2	[#8][#6;A;H2X4][#6;A;H1X4]([#6;A;H2X4][#8])[#8]-[#6]([#6,#1;A])=O | [#8]-,=[#6;R0](-,=[#7;R0]-[#6;R0]-[#6;R0]-[#16;X2R0]-[#6;R0](-[#6;H2X4R0])=[O;R0])-[#6;R0]-[#6;R0]-[#7;R0]-,=[#6;R0](-,=[#8;R0])[#6;A;H1X4]([#8])[C;R0]([#6;R0])([#6;R0])[#6;H2X4R0]-[#8;R0][P;R0]([!#1!#6;O,$([O-])])(=[O;R0])[#8;R0][P;R0]([!#1!#6;O,$([O-])])(=[O;R0])[#8]-[#6]-[#6]-1-[#8]-[#6](-[#6](-[#8])-[#6]-1-[#8]P([!#1!#6;O,$([O-])])([!#1!#6;O,$([O-])])=O)-n1cnc2c(-[#7])ncnc12	0		[#8:52][#6;A;H2X4:53][#6;A;H1X4:54]([#6;A;H2X4:56][#8:57])[#8:55]-[#6:58]([#6,#1;A:60])=[O:59].[#8:1]-,=[#6;R0:2](-,=[#7;R0:3]-[#6;R0:4]-[#6;R0:5]-[#16;X2R0:6]-[#6;R0:7](-[#6;H2X4R0:9])=[O;R0:8])-[#6;R0:10]-[#6;R0:11]-[#7;R0:12]-,=[#6;R0:13](-,=[#8;R0:14])[#6;A;H1X4:15]([#8:16])[C;R0:17]([#6;R0:18])([#6;R0:19])[#6;H2X4R0:20]-[#8;R0:21][P;R0:22]([!#1!#6;O,$([O-]):23])(=[O;R0:24])[#8;R0:25][P;R0:26]([!#1!#6;O,$([O-]):27])(=[O;R0:28])[#8:29]-[#6:30]-[#6:31]-1-[#8:32]-[#6:33](-[#6:34](-[#8:35])-[#6:36]-1-[#8:37][P:38]([!#1!#6;O,$([O-]):39])([!#1!#6;O,$([O-]):40])=[O:41])-[n:42]1[c:43][n:44][c:45]2[c:50](-[#7:51])[n:49][c:48][n:47][c:46]12>>[#6;H2X4R0:9]-[#6;R0:7](=[O;R0:8])-[#8:52][#6;A;H2X4:53][#6;A;H1X4:54]([#6;A;H2X4:56][#8:57])[#8:55]-[#6:58]([#6,#1;A:60])=[O:59].[#8:1]-,=[#6;R0:2](-,=[#7;R0:3]-[#6;R0:4]-[#6;R0:5]-[#16;X2R0:6])-[#6;R0:10]-[#6;R0:11]-[#7;R0:12]-,=[#6;R0:13](-,=[#8;R0:14])[#6;A;H1X4:15]([#8:16])[C;R0:17]([#6;R0:18])([#6;R0:19])[#6;H2X4R0:20]-[#8;R0:21][P;R0:22]([!#1!#6;O,$([O-]):23])(=[O;R0:24])[#8;R0:25][P;R0:26]([!#1!#6;O,$([O-]):27])(=[O;R0:28])[#8:29]-[#6:30]-[#6:31]-1-[#8:32]-[#6:33](-[#6:34](-[#8:35])-[#6:36]-1-[#8:37][P:38]([!#1!#6;O,$([O-]):39])([!#1!#6;O,$([O-]):40])=[O:41])-[n:42]1[c:43][n:44][c:45]2[c:50](-[#7:51])[n:49][c:48][n:47][c:46]12
base	_2_HALOACID_DEHALOGENATION	BTMR1263	Dehalogenation of 2-haloacid	bt:_2_HALOACID_DEHALOGENATION	1	[#8;A;X1-,X2H1][#6;X3](=[O;X1])[C;X3]([F,Cl,Br,I])([F,Cl,Br,I,#1])[*,#1;#1,CX4,CX3]	2	[#6]-,=[#6]-,=[#6][C;X3]([F,Cl,Br,I])([F,Cl,Br,I,#1])[#6;X3]([#8;A;X1-,X2H1])=[O;X1] | [#6;a]	[#8;A;X1-,X2H1:3][#6;X3:1](=[O;X1:4])[C;X3:2]([F,Cl,Br,I:5])([F,Cl,Br,I,#1:6])[*,#1;#1,CX4,CX3:7]>>[F,Cl,Br,I:5][H].[H][C;X3:2]([F,Cl,Br,I,#1:6])([*,#1;#1,CX4,CX3:7])[#6;X3:1]([#8;A;X1-,X2H1:3])=[O;X1:4]
base	_2_HALOALKANE_DEHALOGENATION	BTMR1264	Dehalogenation of 2-haloalkane	bt:_2_HALOALKANE_DEHALOGENATION	1	[#6;A;H3X4][C;X4]([*,#1;#1,CX4,CX3])([F,Cl,Br,I])[F,Cl,Br,I,#1]	2	[#6]-[#6]-[#6]-[#6]-[#6][C;X4]([#6;A;H3X4])([F,Cl,Br,I])[F,Cl,Br,I,#1] | [#6;a]	[#6;A;H3X4:1][C;X4:2]([*,#1;#1,CX4,CX3:5])([F,Cl,Br,I:3])[F,Cl,Br,I,#1:4]>>[F,Cl,Br,I:3][H].[H][C;X4:2]([#6;A;H3X4:1])([*,#1;#1,CX4,CX3:5])[F,Cl,Br,I,#1:4]
base	_2_HYDROXYACYLSPHINGOSINE_1_BETA_GALACTOSYL_TRANSFER	BTMR0450	1-beta-Galactosyl transfer to 2-hydroxyacylsphingosine	bt:_2_HYDROXYACYLSPHINGOSINE_1_BETA_GALACTOSYL_TRANSFER	1	[H][#6]([#6;A;H2X4][#6;A;H2X4][#6;A;H2X4][#6;A;H2X4][#6;A;H2X4][#6;A;H2X4])-,=[#6]([H])[#6;A;H2X4][#6;CX4H1,CX4H2,$([CX4H1]-[OX2H1,OX1-])]-[#6;H1X3]=[#6;H1X3][#6;A;H1X4]([#8;A;X2H1,X1-])[#6;A;H1X4]([!#1!#6;NX4H3+,NX3H2,$([#7X3]C(=O)C)])[#6;A;H2X4][#8;A;H1X2]	0		[H:21][#8;A;X2:20][#6;A;H2X4:19][#6;A;H1X4:17]([!#1!#6;NX4H3+,NX3H2,$([#7X3]C(=O)C):18])[#6;A;H1X4:15]([#8;A;X2H1,X1-:16])[#6;H1X3:14]=[#6;H1X3:13]-[#6;CX4H1,CX4H2,$([CX4H1]-[OX2H1,OX1-]):12][#6;A;H2X4:11][#6:9]([H:10])-,=[#6:2]([H:1])[#6;A;H2X4:3][#6;A;H2X4:4][#6;A;H2X4:5][#6;A;H2X4:6][#6;A;H2X4:7][#6;A;H2X4:8]>>[H:21][#8][C@]1([H])[C@@]([H])([#8])[C@@]([H])([#8])[C@@]([H])([#6]-[#8])[#8]C1([H])[#8;A;X2:20][#6;A;H2X4:19][#6;A;H1X4:17]([!#1!#6;NX4H3+,NX3H2,$([#7X3]C(=O)C):18])[#6;A;H1X4:15]([#8;A;X2H1,X1-:16])[#6;H1X3:14]=[#6;H1X3:13]-[#6;CX4H1,CX4H2,$([CX4H1]-[OX2H1,OX1-]):12][#6;A;H2X4:11][#6:9]([H:10])-,=[#6:2]([H:1])[#6;A;H2X4:3][#6;A;H2X4:4][#6;A;H2X4:5][#6;A;H2X4:6][#6;A;H2X4:7][#6;A;H2X4:8]
base	_2_HYDROXYACYLSPHINGOSINE_1_BETA_GALACTOSYL_TRANSFER_REVERSE	BTMR0451	Formation of ceramide from beta-D-galactosylceramide	bt:_2_HYDROXYACYLSPHINGOSINE_1_BETA_GALACTOSYL_TRANSFER_REVERSE	1	[H][#6]([#6;A;H2X4][#6;A;H2X4][#6;A;H2X4][#6;A;H2X4][#6;A;H2X4][#6;A;H2X4])-,=[#6]([H])[#6;A;H2X4]C([H])([#1,OX2H1])[#6;H1X3]=[#6;H1X3][#6;A;H1X4]([#8;A;X2H1,X1-])[#6;A;H1X4]([!#1!#6;NX4H3+,NX3H2,$([#7X3]C(=O)C)])[#6;A;H2X4][#8;A;X2]C1([H])[#8][C@]([H])([#6][#8;A;H1X2])[C@]([H])([#8;A;H1X2])[C@]([H])([#8;A;H1X2])[C@@]1([H])[#8;A;H1X2]	0		[H:1][#6:2]([#6;A;H2X4:3][#6;A;H2X4:4][#6;A;H2X4:5][#6;A;H2X4:6][#6;A;H2X4:7][#6;A;H2X4:8])-,=[#6:9]([H:10])[#6;A;H2X4:11][C:12]([H:13])([#1,OX2H1:14])[#6;H1X3:15]=[#6;H1X3:16][#6;A;H1X4:17]([#8;A;X2H1,X1-:18])[#6;A;H1X4:19]([!#1!#6;NX4H3+,NX3H2,$([#7X3]C(=O)C):20])[#6;A;H2X4:21][#8;A;X2:22][C:24]1([H:23])[#8:25][C@:26]([H:27])([#6:28][#8;A;H1X2:29])[C@:30]([H:31])([#8;A;H1X2:32])[C@:33]([H:34])([#8;A;H1X2:35])[C@@:36]1([H:37])[#8;A;H1X2:38]>>[H][#8;A;X2:22][#6;A;H2X4:21][#6;A;H1X4:19]([!#1!#6;NX4H3+,NX3H2,$([#7X3]C(=O)C):20])[#6;A;H1X4:17]([#8;A;X2H1,X1-:18])[#6;H1X3:16]=[#6;H1X3:15][C:12]([H:13])([#1,OX2H1:14])[#6;A;H2X4:11][#6:9]([H:10])-,=[#6:2]([H:1])[#6;A;H2X4:3][#6;A;H2X4:4][#6;A;H2X4:5][#6;A;H2X4:6][#6;A;H2X4:7][#6;A;H2X4:8].[H:27][C@:26]1([#6:28][#8;A;H1X2:29])[#8:25][C:24]([H:23])([#8]-[#15](-[#8-])-[#8]P([#8-])(=O)[#8]-[#6]-[#6]-2-[#8]-[#6](-[#6](-[#8])-[#6]-2-[#8])-[#7]-2-[#6]=[#6]-[#6](=O)-[#7]-[#6]-2=O)[C@:36]([H:37])([#8;A;H1X2:38])[C@@:33]([H:34])([#8;A;H1X2:35])[C@@:30]1([H:31])[#8;A;H1X2:32]
base	_2_HYDROXYLATION_OF_14_DISUBSTITUTED_BENZENES_PATTERN1	BTMR0037	2-Hydroxylation of 1,4-disubstituted benzene	bt:_2_HYDROXYLATION_OF_14_DISUBSTITUTED_BENZENES	1	[H][#6;R1]1=,:[#6;R1]([H])[#6;R1](-[!#1;$([$([O][H]),$(OC([H])([H])[H]),$(N([H])[H]),$(N([H])C([H])([H])[H]),$(N(C([H])([H])[H])[C]([H])([H])[H]),$(N([H])COC([H])([H])[H]),$(N([H])[S](=O)(=O)C([H])([H])[H])])])=,:[#6;R1]([H])[#6;R1]([H])=,:[#6;R1]1!@-[!#1]	0		[H][#6;R1:1]1=,:[#6;R1:2]([H])[#6;R1:3](-[!#1;$([$([O][H]),$(OC([H])([H])[H]),$(N([H])[H]),$(N([H])C([H])([H])[H]),$(N(C([H])([H])[H])[C]([H])([H])[H]),$(N([H])COC([H])([H])[H]),$(N([H])[S](=O)(=O)C([H])([H])[H])]):4])=,:[#6;R1:5]([H])[#6;R1:6]([H])=,:[#6;R1:7]1!@-[!#1:8]>>[H][#8]-[#6;R1:5]=,:1[#6;R1:6]([H])=,:[#6;R1:7](!@-[!#1:8])[#6;R1:1]([H])=,:[#6;R1:2]([H])[#6;R1:3]=,:1-[!#1;$([$([O][H]),$(OC([H])([H])[H]),$(N([H])[H]),$(N([H])C([H])([H])[H]),$(N(C([H])([H])[H])[C]([H])([H])[H]),$(N([H])COC([H])([H])[H]),$(N([H])[S](=O)(=O)C([H])([H])[H])]):4]
base	_2_HYDROXYLATION_OF_14_DISUBSTITUTED_BENZENES_PATTERN3	BTMR0039	2-Hydroxylation of 1,4-disubstituted benzene	bt:_2_HYDROXYLATION_OF_14_DISUBSTITUTED_BENZENES	1		0		[H][#6:1]1=,:[#6:2]([H])[#6:3](-[$([O][C]([F])([F])[F]),$([O][C]([H])([H])[C]([H])([H])[H]),$([N;X3+](=O)([OX1-])),$(S[C]([H])([H])[H]),$([S](=O)(=O)[N]([H])[H]),$(C(=O)[C]([H])([H])[C]([H])([H])[H]),$(C([H])([H])[H]),$(C([F])([F])[F]),$(C(=O)[OX2H1]),$(C#[N]),$(C([H])([H])C(=O)[O][H]),F,Cl,Br,I:4])=,:[#6:5]([H:6])[#6:7]([H:8])=,:[#6:9]1-[$([*;D1]),$([O][H]),$(O[C]([H])([H])[H]),$(N([H])[H]),$(N([H])[C]([H])([H])[H]),$(N([C]([H])([H])[H])[C]([H])([H])[H]),$(N([H])[C][O][C]([H])([H])[H]),$(N([H])[S](=O)(=O)[C]([H])([H])[H]):10]>>[H][#8]-[#6:2]1=,:[#6:1]([H])[#6:9](-[$([*;D1]),$([O][H]),$(O[C]([H])([H])[H]),$(N([H])[H]),$(N([H])[C]([H])([H])[H]),$(N([C]([H])([H])[H])[C]([H])([H])[H]),$(N([H])[C][O][C]([H])([H])[H]),$(N([H])[S](=O)(=O)[C]([H])([H])[H]):10])=,:[#6:7]([H:8])[#6:5]([H:6])=,:[#6:3]1-[$([O][C]([F])([F])[F]),$([O][C]([H])([H])[C]([H])([H])[H]),$([N;X3+](=O)([OX1-])),$(S[C]([H])([H])[H]),$([S](=O)(=O)[N]([H])[H]),$(C(=O)[C]([H])([H])[C]([H])([H])[H]),$(C([H])([H])[H]),$(C([F])([F])[F]),$(C(=O)[OX2H1]),$(C#[N]),$(C([H])([H])C(=O)[O][H]),F,Cl,Br,I:4]
base	_2_LYSOPHOSPHATIDYLETHANOLAMINE_ACYLHYDROLYSIS	BTMR0518	Acyl hydrolysis of 2-lysophosphatidylethanolamine	bt:_2_LYSOPHOSPHATIDYLETHANOLAMINE_ACYLHYDROLYSIS	1	[#7;A;H2X3][#6;H2X4]-[#6;H2X4]-[#8]P([!#1!#6;O,$([O-])])(=O)[#8]-[#6;H2X4]-[#6;H1X4](-[#6;H2X4][#8;A;X2H1,X1-])-[#8]-[#6]([#6,#1;A])=O	0		[#7;A;H2X3:1][#6;H2X4:2]-[#6;H2X4:3]-[#8:4][P:5]([!#1!#6;O,$([O-]):6])(=[O:7])[#8:8]-[#6;H2X4:9]-[#6;H1X4:10](-[#6;H2X4:11][#8;A;X2H1,X1-:12])-[#8:13]-[#6:14]([#6,#1;A:15])=[O:16]>>[H][#8]-[#6:14]([#6,#1;A:15])=[O:16].[H][#8:13]-[#6;H1X4:10](-[#6;H2X4:11][#8;A;X2H1,X1-:12])-[#6;H2X4:9]-[#8:8][P:5]([!#1!#6;O,$([O-]):6])(=[O:7])[#8:4]-[#6;H2X4:3]-[#6;H2X4:2][#7;A;H2X3:1]
base	_2_MONOACYLGLYCEROL_HYDROLYSIS	BTMR0522	Acyl hydrolysis of 2-monoacylglycerol	bt:_2_MONOACYLGLYCEROL_HYDROLYSIS	1	[#6;R0]-,=[#6;R0]-,=[#6;R0]-,=[#6;R0]-,=[#6;R0]-,=[#6;R0]-,=[#6;R0]-,=[#6;R0]-,=[#6;R0]-,=[#6;R0]-,=[#6;R0]-,=[#6;R0]-[#6](=O)-[#8][#6;A;H1X4]([#6;A;H2X4][#8;A;X2H1,X1-])[#6;A;H2X4][#8;A;X2H1,X1-]	0		[#6;R0:20]-,=[#6;R0:19]-,=[#6;R0:18]-,=[#6;R0:17]-,=[#6;R0:16]-,=[#6;R0:15]-,=[#6;R0:14]-,=[#6;R0:13]-,=[#6;R0:12]-,=[#6;R0:11]-,=[#6;R0:10]-,=[#6;R0:9]-[#6:7](=[O:8])-[#8:6][#6;A;H1X4:3]([#6;A;H2X4:2][#8;A;X2H1,X1-:1])[#6;A;H2X4:4][#8;A;X2H1,X1-:5]>>[#8;A;X2H1,X1-:1][#6;A;H2X4:2][#6;A;H1X4:3]([#8:6])[#6;A;H2X4:4][#8;A;X2H1,X1-:5].[#6;R0:20]-,=[#6;R0:19]-,=[#6;R0:18]-,=[#6;R0:17]-,=[#6;R0:16]-,=[#6;R0:15]-,=[#6;R0:14]-,=[#6;R0:13]-,=[#6;R0:12]-,=[#6;R0:11]-,=[#6;R0:10]-,=[#6;R0:9]-[#6:7](-[#8])=[O:8]
base	_2_MONOACYLGLYCEROL_PHOSPHORYLATION	BTMR0484	Phosphorylation of 2-monoacylglycerol	bt:_2_MONOACYLGLYCEROL_PHOSPHORYLATION	1	[#8;H1X2]-[#6;H2X4]-[#6](-[#6;H2X4]-[#8;H1X2])-[#8;X2]-[#6]([#6,#1;A])=[O;X1]	0		[#8;H1X2:1]-[#6;H2X4:2]-[#6:3](-[#6;H2X4:4]-[#8;H1X2:5])-[#8;X2:6]-[#6:7]([#6,#1;A:8])=[O;X1:9]>>[#8;H1X2:5]-[#6;H2X4:4]-[#6:3](-[#6;H2X4:2]-[#8;X2:1]P([#8])([#8])=O)-[#8;X2:6]-[#6:7]([#6,#1;A:8])=[O;X1:9]
base	_2_TRANS_ENOYL_FORMATION_FROM_3_R_OXOACYL	BTMR0374	Formation of 2-trans-enoyl from (3R)-3-oxoacyl	bt:_2_TRANS_ENOYL_FORMATION_FROM_3_R_OXOACYL	1	[#6;R0]-,=[#6;R0]-,=[#6;R0]-,=[#6;R0]-,=[#6;R0]-,=[#6;R0]-,=[#6;R0]-,=[#6;R0]-,=[#6;R0]-,=[#6;R0]-[#6;X3R0](=[O;X1])[C;R0]([H])([H])[#6;X4R0]([#8;A;X1-,X2H1])=O	0		[#6;R0:1]-,=[#6;R0:2]-,=[#6;R0:3]-,=[#6;R0:4]-,=[#6;R0:5]-,=[#6;R0:6]-,=[#6;R0:7]-,=[#6;R0:8]-,=[#6;R0:9]-,=[#6;R0:10]-[#6;X3R0:11](=[O;X1:16])[C;R0:12]([H:17])([H:18])[#6;X4R0:13]([#8;A;X1-,X2H1:14])=[O:15]>>[H:17][#8;X1:16][H:18].[#6;R0:1]-,=[#6;R0:2]-,=[#6;R0:3]-,=[#6;R0:4]-,=[#6;R0:5]-,=[#6;R0:6]-,=[#6;R0:7]-,=[#6;R0:8]-,=[#6;R0:9]-,=[#6;R0:10][#6;X3R0:11]=[#6;R0:12][#6;X4R0:13]([#8;A;X1-,X2H1:14])=[O:15]
base	_3P_5P_CYCLIC_NUCLEOTIDE_HYDROLYSIS_TO_3P_NUCLEOTIDE	BTMR0552	Hydrolysis of 3',5'-cyclic nucleotide to 3'-nucleotide	bt:_3P_5P_CYCLIC_NUCLEOTIDE_HYDROLYSIS_TO_3P_NUCLEOTIDE	1	[#7;R1][#6;A;H1X4]1[#8][#6;A;H1X4]2[#6][#8;A;X2H1,X1-]P([#8;A;X2H1,X1-])(=O)[#8]-[#6]2-[#6]1[#8;A;X2H1,X1-]	0		[#7;R1:10][#6;A;H1X4:6]1[#8:7][#6;A;H1X4:3]2[#6:8][#8;A;X2H1,X1-:11][P:9]([#8;A;X2H1,X1-:12])(=[O:13])[#8:4]-[#6:1]2-[#6:2]1[#8;A;X2H1,X1-:5]>>[#7;R1:10][#6;A;H1X4:6]1[#8:7][#6;A;H1X4:3]([#6:8][#8;A;X2H1,X1-:11][P:9]([#8:4])([#8;A;X2H1,X1-:12])=[O:13])[#6:1](-[#8])-[#6:2]1[#8;A;X2H1,X1-:5]
base	_3P_DEHYDROXYLATION_OF_SUBSTITUTED_BENZENE	BTMR1314	3'-Dehydroxylation of substituted benzene	bt:_3P_DEHYDROXYLATION_OF_SUBSTITUTED_BENZENE	1	[H][#8]-[#6;R1]1=,:[#6;R1]([H])[#6;R1](-[#6])=,:[#6;R1]([H])[#6;R1]([#8,#1;A])=,:[#6;R1]1[#8,#1;A]	0		[H][#8]-[#6;R1:2]1=,:[#6;R1:4]([H:5])[#6;R1:6](-[#6:7])=,:[#6;R1:8]([H:9])[#6;R1:10]([#8,#1;A:11])=,:[#6;R1:1]1[#8,#1;A:3]>>[H:5][#6;R1:4]1=,:[#6;R1:2]([H])[#6;R1:1]([#8,#1;A:3])=,:[#6;R1:10]([#8,#1;A:11])[#6;R1:8]([H:9])=,:[#6;R1:6]1-[#6:7]
base	_3P_O_DEMETHYLATION_OF_FLAVONE	BTMR0075	3'-O-Demethylation of flavone	bt:_3P_O_DEMETHYLATION_OF_FLAVONE	1	[H][#6;R1]1=,:[#6;R1]([#8][#6]=,:2[#6]=,:[#6][#6]=,:[#6][#6]=,:2[#6;R1]1=[O;X1])-[#6;R1]=,:1[#6;R1]=,:[#6;R1][#6;R1]=,:[#6;R1]([#6;R1]=,:1)-[#8;X2R0][#6;A;X4R0]([H])([H])[H]	1	[$([H][#6;A;X4R0]([H])([H])[#8;X2R0]-[#6;R1]1=,:[#6;R1](-[!$([H][#6;A;X4R0]([H])([H])[#8;X2R0])!$([OX2H1])])[#6;R1](-[!$([H][#6;A;X4R0]([H])([H])[#8;X2R0])!$([OX2H1])])=,:[#6;R1](-[!$([H][#6;A;X4R0]([H])([H])[#8;X2R0])!$([OX2H1])])[#6;R1](-[!$([H][#6;A;X4R0]([H])([H])[#8;X2R0])!$([OX2H1])])=,:[#6;R1]1-[#6;R1]=,:1[#8][#6]2=,:[#6]([#6](-[!$([H][#6;A;X4R0]([H])([H])[#8;X2R0])!$([OX2H1])])=,:[#6](-[!$([H][#6;A;X4R0]([H])([H])[#8;X2R0])!$([OX2H1])])[#6](-[!$([H][#6;A;X4R0]([H])([H])[#8;X2R0])!$([OX2H1])])=,:[#6]2-[!$([H][#6;A;X4R0]([H])([H])[#8;X2R0])!$([OX2H1])])[#6;R1](=[O;X1])[#6;R1]=,:1-[!$([H][#6;A;X4R0]([H])([H])[#8;X2R0])!$([OX2H1])]),$([H][#6;A;X4R0]([H])([H])[#8;X2R0]-[#6;R1]=,:1[#6;R1](-[!$([H][#6;A;X4R0]([H])([H])[#8;X2R0])!$([OX2H1])])=,:[#6;R1](-[!$([H][#6;A;X4R0]([H])([H])[#8;X2R0])!$([OX2H1])])[#6;R1](-[!$([H][#6;A;X4R0]([H])([H])[#8;X2R0])!$([OX2H1])])=,:[#6;R1]([#6;R1]=,:1-[!$([H][#6;A;X4R0]([H])([H])[#8;X2R0])!$([OX2H1])])-[#6;R1]=,:1[#8][#6]2=,:[#6]([#6](-[!$([H][#6;A;X4R0]([H])([H])[#8;X2R0])!$([OX2H1])])=,:[#6](-[!$([H][#6;A;X4R0]([H])([H])[#8;X2R0])!$([OX2H1])])[#6](-[!$([H][#6;A;X4R0]([H])([H])[#8;X2R0])!$([OX2H1])])=,:[#6]2-[!$([H][#6;A;X4R0]([H])([H])[#8;X2R0])!$([OX2H1])])[#6;R1](=[O;X1])[#6;R1]=,:1-[!$([H][#6;A;X4R0]([H])([H])[#8;X2R0])!$([OX2H1])]),$([H][#6;A;X4R0]([H])([H])[#8;X2R0]-[#6;R1]=,:1[#6;R1](-[!$([H][#6;A;X4R0]([H])([H])[#8;X2R0])!$([OX2H1])])=,:[#6;R1](-[!$([H][#6;A;X4R0]([H])([H])[#8;X2R0])!$([OX2H1])])[#6;R1](=,:[#6;R1](-[!$([H][#6;A;X4R0]([H])([H])[#8;X2R0])!$([OX2H1])])[#6;R1]=,:1-[!$([H][#6;A;X4R0]([H])([H])[#8;X2R0])!$([OX2H1])])-[#6;R1]=,:1[#8][#6]2=,:[#6]([#6](-[!$([H][#6;A;X4R0]([H])([H])[#8;X2R0])!$([OX2H1])])=,:[#6](-[!$([H][#6;A;X4R0]([H])([H])[#8;X2R0])!$([OX2H1])])[#6](-[!$([H][#6;A;X4R0]([H])([H])[#8;X2R0])!$([OX2H1])])=,:[#6]2-[!$([H][#6;A;X4R0]([H])([H])[#8;X2R0])!$([OX2H1])])[#6;R1](=[O;X1])[#6;R1]=,:1-[!$([H][#6;A;X4R0]([H])([H])[#8;X2R0])!$([OX2H1])]),$([H][#6;A;X4R0]([H])([H])[#8;X2R0]-[#6;R1]1=,:[#6;R1]([#8][#6]2=,:[#6]([#6](-[!$([H][#6;A;X4R0]([H])([H])[#8;X2R0])!$([OX2H1])])=,:[#6](-[!$([H][#6;A;X4R0]([H])([H])[#8;X2R0])!$([OX2H1])])[#6](-[!$([H][#6;A;X4R0]([H])([H])[#8;X2R0])!$([OX2H1])])=,:[#6]2-[!$([H][#6;A;X4R0]([H])([H])[#8;X2R0])!$([OX2H1])])[#6;R1]1=[O;X1])-[#6;R1]=,:1[#6;R1](-[!$([H][#6;A;X4R0]([H])([H])[#8;X2R0])!$([OX2H1])])=,:[#6;R1](-[!$([H][#6;A;X4R0]([H])([H])[#8;X2R0])!$([OX2H1])])[#6;R1](-[!$([H][#6;A;X4R0]([H])([H])[#8;X2R0])!$([OX2H1])])=,:[#6;R1](-[!$([H][#6;A;X4R0]([H])([H])[#8;X2R0])!$([OX2H1])])[#6;R1]=,:1-[!$([H][#6;A;X4R0]([H])([H])[#8;X2R0])!$([OX2H1])]),$([H][#6;A;X4R0]([H])([H])[#8;X2R0]-[#6]=,:1[#6]2=,:[#6]([#8][#6;R1](=,:[#6;R1](-[!$([H][#6;A;X4R0]([H])([H])[#8;X2R0])!$([OX2H1])])[#6;R1]2=[O;X1])-[#6;R1]=,:2[#6;R1](-[!$([H][#6;A;X4R0]([H])([H])[#8;X2R0])!$([OX2H1])])=,:[#6;R1](-[!$([H][#6;A;X4R0]([H])([H])[#8;X2R0])!$([OX2H1])])[#6;R1](-[!$([H][#6;A;X4R0]([H])([H])[#8;X2R0])!$([OX2H1])])=,:[#6;R1](-[!$([H][#6;A;X4R0]([H])([H])[#8;X2R0])!$([OX2H1])])[#6;R1]=,:2-[!$([H][#6;A;X4R0]([H])([H])[#8;X2R0])!$([OX2H1])])[#6](-[!$([H][#6;A;X4R0]([H])([H])[#8;X2R0])!$([OX2H1])])=,:[#6](-[!$([H][#6;A;X4R0]([H])([H])[#8;X2R0])!$([OX2H1])])[#6]=,:1-[!$([H][#6;A;X4R0]([H])([H])[#8;X2R0])!$([OX2H1])]),$([H][#6;A;X4R0]([H])([H])[#8;X2R0]-[#6]1=,:[#6](-[!$([H][#6;A;X4R0]([H])([H])[#8;X2R0])!$([OX2H1])])[#6]2=,:[#6]([#8][#6;R1](=,:[#6;R1](-[!$([H][#6;A;X4R0]([H])([H])[#8;X2R0])!$([OX2H1])])[#6;R1]2=[O;X1])-[#6;R1]=,:2[#6;R1](-[!$([H][#6;A;X4R0]([H])([H])[#8;X2R0])!$([OX2H1])])=,:[#6;R1](-[!$([H][#6;A;X4R0]([H])([H])[#8;X2R0])!$([OX2H1])])[#6;R1](-[!$([H][#6;A;X4R0]([H])([H])[#8;X2R0])!$([OX2H1])])=,:[#6;R1](-[!$([H][#6;A;X4R0]([H])([H])[#8;X2R0])!$([OX2H1])])[#6;R1]=,:2-[!$([H][#6;A;X4R0]([H])([H])[#8;X2R0])!$([OX2H1])])[#6](-[!$([H][#6;A;X4R0]([H])([H])[#8;X2R0])!$([OX2H1])])=,:[#6]1-[!$([H][#6;A;X4R0]([H])([H])[#8;X2R0])!$([OX2H1])]),$([H][#6;A;X4R0]([H])([H])[#8;X2R0]-[#6]1=,:[#6](-[!$([H][#6;A;X4R0]([H])([H])[#8;X2R0])!$([OX2H1])])[#6]=,:2[#8][#6;R1](=,:[#6;R1](-[!$([H][#6;A;X4R0]([H])([H])[#8;X2R0])!$([OX2H1])])[#6;R1](=[O;X1])[#6]=,:2[#6](-[!$([H][#6;A;X4R0]([H])([H])[#8;X2R0])!$([OX2H1])])=,:[#6]1-[!$([H][#6;A;X4R0]([H])([H])[#8;X2R0])!$([OX2H1])])-[#6;R1]=,:1[#6;R1](-[!$([H][#6;A;X4R0]([H])([H])[#8;X2R0])!$([OX2H1])])=,:[#6;R1](-[!$([H][#6;A;X4R0]([H])([H])[#8;X2R0])!$([OX2H1])])[#6;R1](-[!$([H][#6;A;X4R0]([H])([H])[#8;X2R0])!$([OX2H1])])=,:[#6;R1](-[!$([H][#6;A;X4R0]([H])([H])[#8;X2R0])!$([OX2H1])])[#6;R1]=,:1-[!$([H][#6;A;X4R0]([H])([H])[#8;X2R0])!$([OX2H1])]),$([H][#6;A;X4R0]([H])([H])[#8;X2R0]-[#6]=,:1[#6]=,:2[#8][#6;R1](=,:[#6;R1](-[!$([H][#6;A;X4R0]([H])([H])[#8;X2R0])!$([OX2H1])])[#6;R1](=[O;X1])[#6]=,:2[#6](-[!$([H][#6;A;X4R0]([H])([H])[#8;X2R0])!$([OX2H1])])=,:[#6](-[!$([H][#6;A;X4R0]([H])([H])[#8;X2R0])!$([OX2H1])])[#6]=,:1-[!$([H][#6;A;X4R0]([H])([H])[#8;X2R0])!$([OX2H1])])-[#6;R1]=,:1[#6;R1](-[!$([H][#6;A;X4R0]([H])([H])[#8;X2R0])!$([OX2H1])])=,:[#6;R1](-[!$([H][#6;A;X4R0]([H])([H])[#8;X2R0])!$([OX2H1])])[#6;R1](-[!$([H][#6;A;X4R0]([H])([H])[#8;X2R0])!$([OX2H1])])=,:[#6;R1](-[!$([H][#6;A;X4R0]([H])([H])[#8;X2R0])!$([OX2H1])])[#6;R1]=,:1-[!$([H][#6;A;X4R0]([H])([H])[#8;X2R0])!$([OX2H1])])]	[H:1][#6;R1:2]1=,:[#6;R1:3]([#8:4][#6:5]=,:2[#6:6]=,:[#6:7][#6:8]=,:[#6:9][#6:10]=,:2[#6;R1:11]1=[O;X1:12])-[#6;R1:13]=,:1[#6;R1:14]=,:[#6;R1:15][#6;R1:16]=,:[#6;R1:17]([#6;R1:18]=,:1)-[#8;X2R0:19][#6;A;X4R0:20]([H:21])([H])[H:22]>>[H:21][#6;A;X3R0:20]([H:22])=O.[H][#8;X2R0:19]-[#6;R1:17]1=,:[#6;R1:16][#6;R1:15]=,:[#6;R1:14][#6;R1:13](=,:[#6;R1:18]1)-[#6;R1:3]=,:1[#8:4][#6:5]=,:2[#6:6]=,:[#6:7][#6:8]=,:[#6:9][#6:10]=,:2[#6;R1:11](=[O;X1:12])[#6;R1:2]=,:1[H:1]
base	_3P_RIBONUCLEOTIDE_DEPHOSPHORYLATION	BTMR0537	Dephosphorylation of 3'-ribonucleotide	bt:_3P_RIBONUCLEOTIDE_DEPHOSPHORYLATION	1	[#7;R1]-[#6]-1-[#8][#6;A;H1X4]([#6;H2X4]-[#8;X2])[#6](-[#8;X2]P([#8;A;X2H1,X1-])([#8;A;X2H1,X1-])=[O;X1])-[#6]-1-[#8;H1X2]	0		[#7;R1:10]-[#6:5]-1-[#8:1][#6;A;H1X4:2]([#6;H2X4:6]-[#8;H1X2:7])[#6:3]([#8;A;X2:8]P([#8;A;X2H1,X1-])([#8;A;X2H1,X1-])=[O;X1])-[#6:4]-1[#8;A;H1X2:9]>>[H][#8;A;X2:8][#6:3]1-[#6:4]([#8;A;H1X2:9])-[#6:5](-[#7;R1:10])-[#8:1][#6;A;H1X4:2]1[#6;H2X4:6]-[#8;H1X2:7]
base	_3S_3_HYDROXYACYL_COA_DEHYDRATION	BTMR0592	Dehydration of (3S)-3-hydroxyacyl-CoA	bt:_3S_3_HYDROXYACYL_COA_DEHYDRATION	1	[#8]-,=[#6;R0](-,=[#7;R0]-[#6;R0]-[#6;R0]-[#16;X2R0]-[#6;R0](=[O;X1])[#6;A;X4]([H])[#6;A@;X4]([H])([#6;R0])[#8;A;X2H1,X1-])-[#6;R0]-[#6;R0]-[#7;R0]-,=[#6;R0](-,=[#8])-[#6;R0](-[#8])C([#6])([#6])[#6]-[#8]P([#8;A;X2H1,X1-])(=O)[#8]P([#8;A;X2H1,X1-])(=O)[#8]-[#6]-[#6]-1-[#8]-[#6](-[#6](-[#8])-[#6]-1-[#8]P([#8;A;X2H1,X1-])([#8;A;X2H1,X1-])=O)-[#7]-1-[#6]=[#7]-[#6]-2=[#6]-1-[#7]=[#6]-[#7]=[#6]-2-[#7]	1	[#6]-,=[#6]-,=[#6]-,=[#6]-,=[#6]-,=[#6]-,=[#6]-,=[#6]-,=[#6]-,=[#6]-,=[#6]-,=[#6]-,=[#6;R0][#6;A;H1X4;@]([H])([#8][H])[#6;A;X4;H2,H1]([H])([H])[#6;R0](=[O;X1])-[#16;X2R0][C;R0]([H])([H])[C;R0]([H])([H])[#7;R0]([H])-[#6;R0](=O)[C;R0]([H])([H])[C;R0]([H])([H])[#7;R0]([H])-[#6;R0](=O)[C;R0]([H])([#8][H])C(C([H])([H])[H])(C([H])([H])[H])C([H])([H])[#8]P(=O)([#8][H])[#8]P(=O)([#8][H])[#8]C([H])([H])C1([H])[#8]C([H])([#7]=,:2=,:[#6][#7]=,:[#6]=,:3[#6]=,:2=,:[#7][#6]=,:[#7][#6]=,:3-[#7]([H])[H])C([H])([#8][H])C1([H])[#8]P(=O)([#8][H])[#8][H]	[#8:1]-,=[#6;R0:2](-,=[#7;R0:3]-[#6;R0:4]-[#6;R0:5]-[#16;X2R0:6]-[#6;R0:7](=[O;X1:8])[#6;A;X4:9]([H:55])[#6;A@;X4:10]([H:56])([#6;R0:11])[#8;A:12][H:57])-[#6;R0:13]-[#6;R0:14]-[#7;R0:15]-,=[#6;R0:16](-,=[#8:17])-[#6;R0:18](-[#8:19])[C:20]([#6:22])([#6:21])[#6:23]-[#8:24][P:25]([#8;A;X2H1,X1-:26])(=[O:27])[#8:28][P:29]([#8;A;X2H1,X1-:30])(=[O:31])[#8:32]-[#6:33]-[#6:34]-1-[#8:35]-[#6:36](-[#6:37](-[#8:38])-[#6:39]-1-[#8:40][P:41]([#8;A;X2H1,X1-:43])([#8;A;X2H1,X1-:42])=[O:44])-[#7:45]-1-[#6:46]=[#7:47]-[#6:48]-2=[#6:54]-1-[#7:53]=[#6:52]-[#7:51]=[#6:49]-2-[#7:50]>>[H:57][#8;A:12][H:55].[#8:1]-,=[#6;R0:2](-,=[#7;R0:3]-[#6;R0:4]-[#6;R0:5]-[#16;X2R0:6]-[#6;R0:7](=[O;X1:8])[#6;A;X3:9]=[#6;A;X3:10]([H:56])[#6;R0:11])-[#6;R0:13]-[#6;R0:14]-[#7;R0:15]-,=[#6;R0:16](-,=[#8:17])-[#6;R0:18](-[#8:19])[C:20]([#6:22])([#6:21])[#6:23]-[#8:24][P:25]([#8;A;X2H1,X1-:26])(=[O:27])[#8:28][P:29]([#8;A;X2H1,X1-:30])(=[O:31])[#8:32]-[#6:33]-[#6:34]-1-[#8:35]-[#6:36](-[#6:37](-[#8:38])-[#6:39]-1-[#8:40][P:41]([#8;A;X2H1,X1-:43])([#8;A;X2H1,X1-:42])=[O:44])-[#7:45]-1-[#6:46]=[#7:47]-[#6:48]-2=[#6:54]-1-[#7:53]=[#6:52]-[#7:51]=[#6:49]-2-[#7:50]
base	_3_7_12_OH_CHOLESTANE_27_HYDROXYLATION	BTMR1302	27-Hydroxylation of 3,7,12-hydroxycholestane	bt:_3_7_12_OH_CHOLESTANE_27_HYDROXYLATION	1	[#6;A;H3X4][#6;A;H1X4R0]([#6;A;H3X4])[#6;R0]-[#6;R0]-[#6;R0][#6;A;H1X4]([#6;A;H3X4])[#6;A;H1X4R1]1[#6;R1]-[#6;R1]-[#6;R2]2-[#6;R2]-3[#6;A;H1X4]([#8;A;H1X2])[#6;R1]-[#6;R2]4-[#6;R1][#6;A;H1X4R1]([#8;A;H1X2])[#6;R1]-[#6;R1][C;R2]4([#6;A;H3X4])[#6;R2]-3-[#6;R1][#6;A;H1X4]([#8;A;H1X2])[C;R2]12[#6;A;H3X4]	0		[H:31][#6;A;X4:3]([H:32])([H:33])[#6;A;H1X4R0:2]([#6;A;H3X4:1])[#6;R0:4]-[#6;R0:5]-[#6;R0:6][#6;A;H1X4:7]([#6;A;H3X4:8])[#6;A;H1X4R1:9]1[#6;R1:10]-[#6;R1:11]-[#6;R2:12]2-[#6;R2:13]-3[#6;A;H1X4:14]([#8;A;H1X2:15])[#6;R1:16]-[#6;R2:17]4-[#6;R1:18][#6;A;H1X4R1:19]([#8;A;H1X2:20])[#6;R1:21]-[#6;R1:22][C;R2:23]4([#6;A;H3X4:24])[#6;R2:25]-3-[#6;R1:26][#6;A;H1X4:27]([#8;A;H1X2:30])[C;R2:28]12[#6;A;H3X4:29]>>[H:33][#8][#6;A;X4:3]([H:31])([H:32])[#6;A;H1X4R0:2]([#6;A;H3X4:1])[#6;R0:4]-[#6;R0:5]-[#6;R0:6][#6;A;H1X4:7]([#6;A;H3X4:8])[#6;A;H1X4R1:9]1[#6;R1:10]-[#6;R1:11]-[#6;R2:12]2-[#6;R2:13]-3[#6;A;H1X4:14]([#8;A;H1X2:15])[#6;R1:16]-[#6;R2:17]4-[#6;R1:18][#6;A;H1X4R1:19]([#8;A;H1X2:20])[#6;R1:21]-[#6;R1:22][C;R2:23]4([#6;A;H3X4:24])[#6;R2:25]-3-[#6;R1:26][#6;A;H1X4:27]([#8;A;H1X2:30])[C;R2:28]12[#6;A;H3X4:29]
base	_3_7_12_OH_CHOLESTANE_OXIDATION	BTMR1300	Oxidation of 3,7,12-hydroxycholestane	bt:_3_7_12_OH_CHOLESTANE_OXIDATION	1	[#6;A;H3X4][#6;A;H1X4R0]([#6;A;H2X4][#8;A;H1X2])[#6;R0]-[#6;R0]-[#6;R0][#6;A;H1X4]([#6;A;H3X4])[#6;A;H1X4R1]1[#6;R1]-[#6;R1]-[#6;R2]2-[#6;R2]-3[#6;A;H1X4]([#8;A;H1X2])[#6;R1]-[#6;R2]4-[#6;R1][#6;A;H1X4R1]([#8;A;H1X2])[#6;R1]-[#6;R1][C;R2]4([#6;A;H3X4])[#6;R2]-3-[#6;R1][#6;A;H1X4]([#8;A;H1X2])[C;R2]12[#6;A;H3X4]	0		[H:32][#6;A;X4:3]([H:33])([#8;A;H1X2:4])[#6;A;H1X4R0:2]([#6;A;H3X4:1])[#6;R0:5]-[#6;R0:6]-[#6;R0:7][#6;A;H1X4:8]([#6;A;H3X4:9])[#6;A;H1X4R1:10]1[#6;R1:11]-[#6;R1:12]-[#6;R2:13]2-[#6;R2:14]-3[#6;A;H1X4:15]([#8;A;H1X2:16])[#6;R1:17]-[#6;R2:18]4-[#6;R1:19][#6;A;H1X4R1:20]([#8;A;H1X2:21])[#6;R1:22]-[#6;R1:23][C;R2:24]4([#6;A;H3X4:25])[#6;R2:26]-3-[#6;R1:27][#6;A;H1X4:28]([#8;A;H1X2:31])[C;R2:29]12[#6;A;H3X4:30]>>[H:32][H:33].[#6;A;H3X4:9][#6;A;H1X4:8]([#6;R0:7]-[#6;R0:6]-[#6;R0:5][#6;A;H1X4R0:2]([#6;A;H3X4:1])[#6;A;X3:3]([#8;A;H1X2:4])=O)[#6;A;H1X4R1:10]1[#6;R1:11]-[#6;R1:12]-[#6;R2:13]2-[#6;R2:14]-3[#6;A;H1X4:15]([#8;A;H1X2:16])[#6;R1:17]-[#6;R2:18]4-[#6;R1:19][#6;A;H1X4R1:20]([#8;A;H1X2:21])[#6;R1:22]-[#6;R1:23][C;R2:24]4([#6;A;H3X4:25])[#6;R2:26]-3-[#6;R1:27][#6;A;H1X4:28]([#8;A;H1X2:31])[C;R2:29]12[#6;A;H3X4:30]
base	_3_ACYLPYRUVATE_ACYLHYDROLYSIS	BTMR0590	Acyl hydrolysis of 3-acylpyruvate	bt:_3_ACYLPYRUVATE_ACYLHYDROLYSIS	1	[#8-]-[#6](=[O;X1])-[#6;X3](=[O;X1])-[#6;H2X4]-[#6;X3]([#6,#1;A])=[O;X1]	0		[#8-:1]-[#6:2](=[O;X1:3])-[#6;X3:4](=[O;X1:5])-[#6;H2X4:6]-[#6;X3:7]([#6,#1;A:8])=[O;X1:9]>>[#8-]-[#6;X3:7]([#6,#1;A:8])=[O;X1:9].[#6;H2X4:6]-[#6;X3:4](=[O;X1:5])-[#6:2](-[#8-:1])=[O;X1:3]
base	_3_ALPHA_HYDROXYSTEROID_DEHYDROGENATION	BTMR0360	Dehydrogenation of 3-alpha-hydroxysteroid	bt:_3_ALPHA_HYDROXYSTEROID_DEHYDROGENATION	1	[#8;H1X2]-[#6;H1X4;@@]-1-[#6,#8,#7,#16]-,=[#6,#8,#7,#16]-,=[#6,#8,#7,#16]-,=2-,=[#6,#8,#7,#16;A;R2](-,=[#6,#8,#7,#16]-,=[#6,#8,#7,#16;A;R1]-,=[#6,#8,#7,#16;A;R2]-,=3-,=[#6,#8,#7,#16;A;R2]-,=4-,=[#6,#8,#7,#16;A;R1]-,=[#6,#8,#7,#16]-,=[#6,#8,#7,#16]-,=[#6,#8,#7,#16]-,=4-,=[#6,#8,#7,#16]-,=[#6,#8,#7,#16;A;R1]-,=[#6,#8,#7,#16]-,=2-,=3)-,=[#6,#8,#7,#16]-1	0		[H:1][#8;X2:2][C;X4:3]1([H:20])[#6,#8,#7,#16:4]-,=[#6,#8,#7,#16:5]-,=[#6,#8,#7,#16:6]-,=2-,=[#6,#8,#7,#16;A;R2:7](-,=[#6,#8,#7,#16:8]-,=[#6,#8,#7,#16;A;R1:9]-,=[#6,#8,#7,#16;A;R2:10]-,=3-,=[#6,#8,#7,#16;A;R2:11]-,=4-,=[#6,#8,#7,#16;A;R1:12]-,=[#6,#8,#7,#16:13]-,=[#6,#8,#7,#16:14]-,=[#6,#8,#7,#16:15]-,=4-,=[#6,#8,#7,#16:16]-,=[#6,#8,#7,#16;A;R1:17]-,=[#6,#8,#7,#16:18]-,=2-,=3)-,=[#6,#8,#7,#16:19]1>>[H:20][H:1].[O;X1:2]=[#6;X3:3]-1-[#6,#8,#7,#16:4]-,=[#6,#8,#7,#16:5]-,=[#6,#8,#7,#16:6]-,=2-,=[#6,#8,#7,#16;A;R2:7](-,=[#6,#8,#7,#16:8]-,=[#6,#8,#7,#16;A;R1:9]-,=[#6,#8,#7,#16;A;R2:10]-,=3-,=[#6,#8,#7,#16;A;R2:11]-,=4-,=[#6,#8,#7,#16;A;R1:12]-,=[#6,#8,#7,#16:13]-,=[#6,#8,#7,#16:14]-,=[#6,#8,#7,#16:15]-,=4-,=[#6,#8,#7,#16:16]-,=[#6,#8,#7,#16;A;R1:17]-,=[#6,#8,#7,#16:18]-,=2-,=3)-,=[#6,#8,#7,#16:19]-1
base	_3_ALPHA_PREGNANE_DEHYDROGENATION	BTMR0369	Dehydrogenation of 3-alpha-pregnane	bt:_3_ALPHA_PREGNANE_DEHYDROGENATION	1	[#6;R0]-[#6;R0]-[#6]-1[#6,#8,#7,#16;A;R1]-,=[#6,#7,#8,#16;A;R0]-,=[#6,#8,#7,#16]-,=2-,=[#6,#8,#7,#16;A;R2]~3~[#6,#8,#7,#16;A;R1]~[#6,#8,#7,#16]~[#6,#8,#7,#16;A;R2]~4~[#6,#8,#7,#16][#6;A;H1X4;@]([#8;H1X2])[#6,#8,#7,#16]~[#6,#8,#7,#16]~[#6,#8,#7,#16]~4~[#6,#8,#7,#16]~3-,=[#6,#8,#7,#16;A;R1]-,=[#6,#8,#7,#16]-,=[#6,#8,#7,#16]-1-,=2	0		[#6;R0:1]-[#6;R0:2]-[#6:3]-1[#6,#8,#7,#16;A;R1:4]-,=[#6,#7,#8,#16;A;R0:5]-,=[#6,#8,#7,#16:6]-,=2-,=[#6,#8,#7,#16;A;R2:7]~3~[#6,#8,#7,#16;A;R1:8]~[#6,#8,#7,#16:9]~[#6,#8,#7,#16;A;R2:10]~4~[#6,#8,#7,#16:11][#6;A;H1X4;@:12]([#8;H1X2:13])[#6,#8,#7,#16:14]~[#6,#8,#7,#16:15]~[#6,#8,#7,#16:16]~4~[#6,#8,#7,#16:17]~3-,=[#6,#8,#7,#16;A;R1:18]-,=[#6,#8,#7,#16:19]-,=[#6,#8,#7,#16:20]-1-,=2>>[#6;R0:1]-[#6;R0:2]-[#6:3]-1[#6,#8,#7,#16;A;R1:4]-,=[#6,#7,#8,#16;A;R0:5]-,=[#6,#8,#7,#16:6]-,=2-,=[#6,#8,#7,#16;A;R2:7]~3~[#6,#8,#7,#16;A;R1:8]~[#6,#8,#7,#16:9]~[#6,#8,#7,#16;A;R2:10]~4~[#6,#8,#7,#16:11][#6;A;X3:12](=[O;X1:13])[#6,#8,#7,#16:14]~[#6,#8,#7,#16:15]~[#6,#8,#7,#16:16]~4~[#6,#8,#7,#16:17]~3-,=[#6,#8,#7,#16;A;R1:18]-,=[#6,#8,#7,#16:19]-,=[#6,#8,#7,#16:20]-1-,=2
base	_3_BETA_HYDROXYSTEROID_4_ALPHA_CARBOXYLATE_DEHYDROGENATION	BTMR0366	Dehydrogenation of 3-beta-hydroxysteroid-4-alpha-carboxylate	bt:_3_BETA_HYDROXYSTEROID_4_ALPHA_CARBOXYLATE_DEHYDROGENATION	1	[#8;H1X2][#6;A@H;X4]1[#6,#8,#7,#16]-,=[#6,#8,#7,#16]-,=[#6,#8,#7,#16]-,=2-,=[#6,#8,#7,#16]-,=3-,=[#6,#8,#7,#16;A;R1]-,=[#6,#8,#7,#16]-,=[#6,#8,#7,#16]-,=4-,=[#6,#8,#7,#16]-,=[#6,#8,#7,#16]-,=[#6,#8,#7,#16;A;R1]-,=[#6,#8,#7,#16;A;R2]-,=4-,=[#6,#8,#7,#16;A;R2]-,=3-,=[#6,#8,#7,#16;A;R1]-,=[#6,#8,#7,#16]-,=[#6,#8,#7,#16;A;R2]-,=2[#6;A;H1X4;@@]1[#6]([#8;A;X2H1,X1-])=O	0		[H][#8;X2:1][#6;A@H;X4:2]1[#6,#8,#7,#16:3]-,=[#6,#8,#7,#16:4]-,=[#6,#8,#7,#16:5]-,=2-,=[#6,#8,#7,#16:6]-,=3-,=[#6,#8,#7,#16;A;R1:7]-,=[#6,#8,#7,#16:8]-,=[#6,#8,#7,#16:9]-,=4-,=[#6,#8,#7,#16:10]-,=[#6,#8,#7,#16:11]-,=[#6,#8,#7,#16;A;R1:12]-,=[#6,#8,#7,#16;A;R2:13]-,=4-,=[#6,#8,#7,#16;A;R2:14]-,=3-,=[#6,#8,#7,#16;A;R1:15]-,=[#6,#8,#7,#16:16]-,=[#6,#8,#7,#16;A;R2:17]-,=2[#6;A@@H;X4:18]1[#6:19]([#8;A;X2H1,X1-:20])=[O:21]>>[#8;X1:20]=[C:19]=[O:21].[#8;H1X2:1][#6;A@H;X4:2]1[#6,#8,#7,#16:3]-,=[#6,#8,#7,#16:4]-,=[#6,#8,#7,#16:5]-,=2-,=[#6,#8,#7,#16:6]-,=3-,=[#6,#8,#7,#16;A;R1:7]-,=[#6,#8,#7,#16:8]-,=[#6,#8,#7,#16:9]-,=4-,=[#6,#8,#7,#16:10]-,=[#6,#8,#7,#16:11]-,=[#6,#8,#7,#16;A;R1:12]-,=[#6,#8,#7,#16;A;R2:13]-,=4-,=[#6,#8,#7,#16;A;R2:14]-,=3-,=[#6,#8,#7,#16;A;R1:15]-,=[#6,#8,#7,#16:16]-,=[#6,#8,#7,#16;A;R2:17]-,=2[#6;A;H2X4:18]1
base	_3_BETA_HYDROXY_DELTA_5_STEROID_DEHYDROGENATION	BTMR0363	Dehydrogenation of 3-beta-hydroxy-delta-5-steroid	bt:_3_BETA_HYDROXY_DELTA_5_STEROID_DEHYDROGENATION	1	[#8;H1X2]!@-[#6;A@H;X4]1[#6]-[#6][#6,#8,#7,#16;A;R2]2~[#6,#8,#7,#16]~3-,=[#6,#8,#7,#16;A;R1]-,=[#6,#8,#7,#16]-,=[#6,#8,#7,#16;A;R2]-,=4-,=[#6,#8,#7,#16]-,=[#6,#8,#7,#16]-,=[#6,#8,#7,#16]-,=[#6,#8,#7,#16]-,=4-,=[#6,#8,#7,#16;A;R2]~3~[#6,#8,#7,#16;A;R1][#6]=[#6]2-[#6]1	0		[H][#8;X2:1]!@-[#6@H:2]-1-[#6:3]-[#6:4][#6,#8,#7,#16;A;R2:5]2~[#6,#8,#7,#16:6]~3-,=[#6,#8,#7,#16;A;R1:7]-,=[#6,#8,#7,#16:8]-,=[#6,#8,#7,#16;A;R2:9]-,=4-,=[#6,#8,#7,#16:10]-,=[#6,#8,#7,#16:11]-,=[#6,#8,#7,#16:12]-,=[#6,#8,#7,#16:13]-,=4-,=[#6,#8,#7,#16;A;R2:14]~3~[#6,#8,#7,#16;A;R1:15][#6:16]=[#6:17]2-[#6:18]-1>>[O:1]!@=[#6:2]-1-[#6:3]-[#6:4][#6,#8,#7,#16;A;R2:5]2~[#6,#8,#7,#16:6]~3-,=[#6,#8,#7,#16;A;R1:7]-,=[#6,#8,#7,#16:8]-,=[#6,#8,#7,#16;A;R2:9]-,=4-,=[#6,#8,#7,#16:10]-,=[#6,#8,#7,#16:11]-,=[#6,#8,#7,#16:12]-,=[#6,#8,#7,#16:13]-,=4-,=[#6,#8,#7,#16;A;R2:14]~3~[#6,#8,#7,#16;A;R1:15][#6:16]=[#6:17]2-[#6:18]-1
base	_3_HYDROXYLATION_OF_5_ARYL_14_BENZODIAZEPINES	BTMR1082	3-Hydroxylation of 5-aryl-1,4-benzodiazepine	bt:_3_HYDROXYLATION_OF_5_ARYL_14_BENZODIAZEPINES	1	[!#1!#6]=,:[#6]1[#7;R1]-[#6;R2]2=,:[#6;R1][#6;R1]=,:[#6;R1][#6;R1]=,:[#6;R2]2-[#6](=[#7;R1][C;R1]1([H])[#1,#6])!@-[#6;R1]=,:1[#6;R1]=,:[#6;R1][#6;R1]=,:[#6;R1][#6;R1]=,:1	0		[!#1!#6:1]=,:[#6:2]1[#7;R1:3]-[#6;R2:4]2=,:[#6;R1:5][#6;R1:6]=,:[#6;R1:7][#6;R1:8]=,:[#6;R2:9]2-[#6:10](=[#7;R1:11][C;R1:12]1([H:13])[#1,#6:20])!@-[#6;R1:14]=,:1[#6;R1:15]=,:[#6;R1:16][#6;R1:17]=,:[#6;R1:18][#6;R1:19]=,:1>>[!#1!#6:1]=,:[#6:2]1[#7;R1:3]-[#6;R2:4]2=,:[#6;R1:5][#6;R1:6]=,:[#6;R1:7][#6;R1:8]=,:[#6;R2:9]2-[#6:10](=[#7;R1:11][C;R1:12]1([#1,#6:20])[#8][H:13])!@-[#6;R1:14]=,:1[#6;R1:15]=,:[#6;R1:16][#6;R1:17]=,:[#6;R1:18][#6;R1:19]=,:1
base	_3_HYDROXYLATION_OF_COUMARINS	BTMR0082	7-Hydroxylation of coumarin	bt:_3_HYDROXYLATION_OF_COUMARINS	1	[H][#6;R1]1=,:[#6;R1][#6;R2]=,:2[#6;R1]=,:[#6;R1][#6;R1]=,:[#6;R1][#6;R2]=,:2[#8;R1][#6;R1]1=O	0		[H][#6;R1:4]1=,:[#6;R1:5][#6;R2:8]=,:2[#6;R1:7]=,:[#6;R1:6][#6;R1:11]=,:[#6;R1:10][#6;R2:9]=,:2[#8;R1:1][#6;R1:3]1=[O:2]>>[H][#8]-[#6;R1:4]1=,:[#6;R1:5][#6;R2:8]=,:2[#6;R1:7]=,:[#6;R1:6][#6;R1:11]=,:[#6;R1:10][#6;R2:9]=,:2[#8;R1:1][#6;R1:3]1=[O:2]
base	_3_HYDROXY_C24_BILE_ACID_DEHYDROGENATION	BTMR0324	3-OH-Dehydrogenation of C24 bile acid	bt:_3_HYDROXY_C24_BILE_ACID_DEHYDROGENATION	1	[#6]-[#6;R0](-[#6;R0]-[#6;R0]-[#6](-[#8])=O)-[#6;R1]1-,=[#6]-,=[#6][#6;A;H1X4]2[#6]-,=3-[#6]-,=[#6][#6;A;H1X4]4[#6][#6;A;H1X4]([#8;A;H1X2])[#6]-[#6]C4([#6])[#6]-,=3-[#6]-[#6]C12[#6]	0		[#6:1]-[#6;R0:2](-[#6;R0:3]-[#6;R0:4]-[#6:5](-[#8:6])=[O:7])-[#6;R1:8]1-,=[#6:9]-,=[#6:10][#6;A;H1X4:11]2[#6:12]-,=3-[#6:13]-,=[#6:14][#6;A;H1X4:15]4[#6:16][#6;A;H1X4:17]([#8;A;H1X2:18])[#6:19]-[#6:20][C:21]4([#6:22])[#6:23]-,=3-[#6:24]-[#6:25][C:26]12[#6:27]>>[#6:1]-[#6;R0:2](-[#6;R0:3]-[#6;R0:4]-[#6:5](-[#8:6])=[O:7])-[#6;R1:8]1-,=[#6:9]-,=[#6:10][#6;A;H1X4:11]2[#6:12]-,=3-[#6:13]-,=[#6:14][#6;A;H1X4:15]4[#6:16][#6;A;X3:17](=[#8;A;X1:18])[#6:19]-[#6:20][C:21]4([#6:22])[#6:23]-,=3-[#6:24]-[#6:25][C:26]12[#6:27]
base	_3_KETOSTEROID_9ALPHA_HYDROXYLATION	BTMR0389	9-alpha-Hydroxylation of 3-ketosteroid	bt:_3_KETOSTEROID_9ALPHA_HYDROXYLATION	1	[#6;A;H3X4][C@]12[#6]-[#6][#6;A@H;H1X4]3[#6@@H](-[#6]-[#6]-[#6]4=[#6]-[#6](=O)-[#6]=[#6][C@]34[#6;A;H3X4])-[#6@@H]1-[#6]-[#6]-[#6]2=O	0		[#6;A;H3X4:1][C@:2]12[#6:19]-[#6:18][#6;A@H;H1X4:17]3[#6@@H:7](-[#6:8]-[#6:9]-[#6:10]4=[#6:11]-[#6:12](=[O:20])-[#6:13]=[#6:14][C@:15]34[#6;A;H3X4:16])-[#6@@H:6]1-[#6:5]-[#6:4]-[#6:3]2=[O:21]>>[#6;A;H3X4:1][C@:2]12[#6:19]-[#6:18][#6;A@@;X4:17]3([#8])[#6@@H:7](-[#6:8]-[#6:9]-[#6:10]4=[#6:11]-[#6:12](=[O:20])-[#6:13]=[#6:14][C@:15]34[#6;A;H3X4:16])-[#6@@H:6]1-[#6:5]-[#6:4]-[#6:3]2=[O:21]
base	_3_OH_GLUCURONIDATION_OF_PHENOLIC_COMPOUND	BTMR1231	3-OH-Glucuronidation of a phenolic compound	bt:_3_OH_GLUCURONIDATION_OF_PHENOLIC_COMPOUND	1	[#6]!@-[#6;R1]1=,:[#6;R1][#6;R1](!@-[#8;A;X1-,X2H1])=,:[#6;R1][#6;H1X3R1]=,:[#6;H1X3R1]1	0		[H:9][#8;A:5]!@-[#6;R1:4]1=,:[#6;R1:6][#6;H1X3R1:7]=,:[#6;H1X3R1:8][#6;R1:2](!@-[#6:1])=,:[#6;R1:3]1>>[H:9][#8]-[#6](=O)-[#6]-1-[#8]-[#6]([#8;A:5]!@-[#6;R1:4]2=,:[#6;R1:6][#6;H1X3R1:7]=,:[#6;H1X3R1:8][#6;R1:2](!@-[#6:1])=,:[#6;R1:3]2)-[#6](-[#8])-[#6](-[#8])-[#6]-1-[#8]
base	_3_OH_GLUCURONIDATION_OF_STEROL	BTMR0157	3-OH-Glucuronidation of sterol	bt:_3_OH_GLUCURONIDATION_OF_STEROL	1	[#8;A;H1X2][#6]~1~[#6,#8,#7,#16]~[#6,#8,#7,#16]~[#6,#8,#7,#16]~2~[#6,#8,#7,#16;A;R2](~[#6,#8,#7,#16]~[#6,#8,#7,#16;A;R1]~[#6,#7]-,=3-,=[#6,#7]-,=4-,=[#6,#8,#7,#16]-,=[#6,#8,#7,#16]-,=[#6]-,=[#6,#7]-,=4-,=[#6,#8,#7,#16][#6;A;X4;H2,H1][#6,#7]~2-,=3)~[#6,#8,#7,#16]~1	3	[#6]=,:[#6]-1[#6](=,:[#6])C([H])([#8][H])C([H])([H])[#6](=O)-[#6]-1-* | [H][#7]([#6;A;H2X4][#6](-[#8])=O)-[#6](=O)[#6;A;H1X4]([#6;A;H2X4][#16][#6,#8,#16;A])[#7]([H])-[#6](=O)[#6;A;H2X4][#6;A;H2X4][#6;A;H1X4]([#7])[#6](-[#8])=O | [#8]-,=[#6](-,=[#7]-[#6]-,=[#6]-,=[#16])-[#6]-[#6]-[#7]-,=[#6](-,=[#8])-[#6](-,=[#8])C([#6])([#6])[#6]-[#8]P([#8])(=O)[#8]P([#8])(=O)[#8]-[#6]-[#6]-1-[#8]-[#6](-[#7]~2~[#6]~[#7]~[#6]~3~[#6]~2~[#7]~[#6]~[#7]~[#6]~3-[#7])-[#6](-[#8])-[#6]-1-[#8]	[H:19][#8;A;X2:1][#6:2]~1~[#6,#8,#7,#16:3]~[#6,#8,#7,#16:4]~[#6,#8,#7,#16:5]~2~[#6,#8,#7,#16;A;R2:6](~[#6,#8,#7,#16:7]~[#6,#8,#7,#16;A;R1:8]~[#6,#7:9]-,=3-,=[#6,#7:10]-,=4-,=[#6,#8,#7,#16:11]-,=[#6,#8,#7,#16:12]-,=[#6:13]-,=[#6,#7:14]-,=4-,=[#6,#8,#7,#16:15][#6;A;X4;H2,H1:16][#6,#7:17]~2-,=3)~[#6,#8,#7,#16:18]~1>>[H:19][#8]-[#6]-1-[#6](-[#8])-[#6](-[#8])-[#6](-[#8]-[#6]-1[#8;A;X2:1][#6:2]~1~[#6,#8,#7,#16:3]~[#6,#8,#7,#16:4]~[#6,#8,#7,#16:5]~2~[#6,#8,#7,#16;A;R2:6](~[#6,#8,#7,#16:7]~[#6,#8,#7,#16;A;R1:8]~[#6,#7:9]-,=3-,=[#6,#7:10]-,=4-,=[#6,#8,#7,#16:11]-,=[#6,#8,#7,#16:12]-,=[#6:13]-,=[#6,#7:14]-,=4-,=[#6,#8,#7,#16:15][#6;A;X4;H2,H1:16][#6,#7:17]~2-,=3)~[#6,#8,#7,#16:18]~1)-[#6](-[#8])=O
base	_3_OH_GLUCURONIDATION_OF_STEROL_PATTERN2	BTMR0158	3-OH-Glucuronidation of sterol	bt:_3_OH_GLUCURONIDATION_OF_STEROL	1	[#8;A;H1X2][#6]1=,:[#6][#6]=,:[#6]-2[#6](=,:[#6]1)-[#6,#7]~[#6,#8,#7,#16;A;R1]~[#6,#7]~1-,=[#6,#7]-,=3-,=[#6,#8,#7,#16]-,=[#6,#8,#7,#16]-,=[#6]-,=[#6,#7]-,=3-,=[#6,#8,#7,#16]-,=[#6,#7,#8,#16]~[#6,#7]-2~1	3	[#6]=,:[#6]-1[#6](=,:[#6])C([H])([#8][H])C([H])([H])[#6](=O)-[#6]-1-* | [H][#7]([#6;A;H2X4][#6](-[#8])=O)-[#6](=O)[#6;A;H1X4]([#6;A;H2X4][#16][#6,#8,#16;A])[#7]([H])-[#6](=O)[#6;A;H2X4][#6;A;H2X4][#6;A;H1X4]([#7])[#6](-[#8])=O | [#8]-,=[#6](-,=[#7]-[#6]-,=[#6]-,=[#16])-[#6]-[#6]-[#7]-,=[#6](-,=[#8])-[#6](-,=[#8])C([#6])([#6])[#6]-[#8]P([#8])(=O)[#8]P([#8])(=O)[#8]-[#6]-[#6]-1-[#8]-[#6](-[#7]~2~[#6]~[#7]~[#6]~3~[#6]~2~[#7]~[#6]~[#7]~[#6]~3-[#7])-[#6](-[#8])-[#6]-1-[#8]	[H:19][#8;A;X2:1][#6:2]1=,:[#6:3][#6:4]=,:[#6:5]-2[#6:6](=,:[#6:7]1)-[#6,#7:8]~[#6,#8,#7,#16;A;R1:9]~[#6,#7:10]~1-,=[#6,#7:11]-,=3-,=[#6,#8,#7,#16:12]-,=[#6,#8,#7,#16:13]-,=[#6:14]-,=[#6,#7:15]-,=3-,=[#6,#8,#7,#16:16]-,=[#6,#7,#8,#16:17]~[#6,#7:18]-2~1>>[H:19][#8]-[#6]-1-[#6](-[#8])-[#6](-[#8])-[#6](-[#8]-[#6]-1[#8;A;X2:1][#6:2]1=,:[#6:3][#6:4]=,:[#6:5]-2[#6:6](=,:[#6:7]1)-[#6,#7:8]~[#6,#8,#7,#16;A;R1:9]~[#6,#7:10]~1-,=[#6,#7:11]-,=3-,=[#6,#8,#7,#16:12]-,=[#6,#8,#7,#16:13]-,=[#6:14]-,=[#6,#7:15]-,=3-,=[#6,#8,#7,#16:16]-,=[#6,#7,#8,#16:17]~[#6,#7:18]-2~1)-[#6](-[#8])=O
base	_3_OXOSTEROID_DEHYDROGENATION	BTMR0387	Dehydrogenation of 3-oxosteroid	bt:_3_OXOSTEROID_DEHYDROGENATION	1	[O;X1]=[#6]1-[#6,#7,#8,#16]-,=[#6]-2-[#6,#7,#8,#16]-,=[#6,#7,#8,#16]-[#6]-3-,=[#6](-[#6,#7,#8,#16]-,=[#6,#7,#8,#16]-[#6]-4-[#6]-,=[#6,#7,#8,#16]-,=[#6,#7,#8,#16]-[#6]-3-4)-[#6,#7,#8,#16]-2[#6;A;X4;H1,H2][#6;A;X4;H1,H2]1	0		[O;X1:1]=[#6:5]1-[#6,#7,#8,#16:6]-,=[#6:7]-2-[#6,#7,#8,#16:8]-,=[#6,#7,#8,#16:9]-[#6:10]-3-,=[#6:11](-[#6,#7,#8,#16:12]-,=[#6,#7,#8,#16:13]-[#6:14]-4-[#6:15]-,=[#6,#7,#8,#16:16]-,=[#6,#7,#8,#16:17]-[#6:18]-3-4)-[#6,#7,#8,#16:2]-2[#6;A;X4;H1,H2:3][#6;A;X4;H1,H2:4]1>>[O;X1:1]=[#6:5]1-[#6,#7,#8,#16:6]-,=[#6:7]-2-[#6,#7,#8,#16:8]-,=[#6,#7,#8,#16:9]-[#6:10]-3-,=[#6:11](-[#6,#7,#8,#16:12]-,=[#6,#7,#8,#16:13]-[#6:14]-4-[#6:15]-,=[#6,#7,#8,#16:16]-,=[#6,#7,#8,#16:17]-[#6:18]-3-4)-[#6,#7,#8,#16:2]-2[#6;A;X3:3]=[#6;A;X3:4]1
base	_3_OXO_5_ALPHA_STEROID_DEHYDROGENATION	BTMR0377	Dehydrogenation of 3-oxo-5-alpha-steroid	bt:_3_OXO_5_ALPHA_STEROID_DEHYDROGENATION	1	[#6]C12[#6,#8,#7,#16;A][#6,#8,#7,#16;A][#6,#8,#7,#16;A][#6,#8,#7,#16;A]1[#6,#8,#7,#16;A]1[#6]-[#6][#6;A@H;H1X4]3[#6;A;X4;H1,H2][#6](=[O;X1])-[#6]-[#6]C3([#6])[#6]1[#6,#8,#7,#16;A][#6,#8,#7,#16;A]2	0		[#6:16][C:15]12[#6:14]-[#6:13]-[#6:11](=[O;X1:12])[#6;A;X4;H1,H2:10][#6;A;H1X4;@:9]1[#6:8]-[#6:7][#6,#8,#7,#16;A:6]1[#6:17]2[#6,#8,#7,#16;A:18][#6,#8,#7,#16;A:19][#6:1]2[#6,#8,#7,#16;A:2][#6,#8,#7,#16;A:3][#6,#8,#7,#16;A:4][#6,#8,#7,#16;A:5]12>>[#6:16][C:15]12[#6:14]-[#6:13]-[#6:11](=[O;X1:12])[#6;A;X3:10]=[#6;A;X3:9]1[#6:8]-[#6:7][#6,#8,#7,#16;A:6]1[#6:17]2[#6,#8,#7,#16;A:18][#6,#8,#7,#16;A:19][#6:1]2[#6,#8,#7,#16;A:2][#6,#8,#7,#16;A:3][#6,#8,#7,#16;A:4][#6,#8,#7,#16;A:5]12
base	_3_OXO_7_12_OH_CHOLESTANE_OXIDATION	BTMR1301	Oxidation of 3-oxo,7,12-hydroxycholestane	bt:_3_OXO_7_12_OH_CHOLESTANE_OXIDATION	1	[#6;A;H3X4][#6;A;H1X4R0]([#6;A;H2X4][#8;A;H1X2])[#6;R0]-[#6;R0]-[#6;R0][#6;A;H1X4]([#6;A;H3X4])[#6;A;H1X4R1]1[#6;R1]-[#6;R1]-[#6;R2]2-[#6;R2]-3[#6;A;H1X4]([#8;A;H1X2])[#6;R1]-[#6;R2]4-[#6;R1]-[#6](=O)-[#6;R1]-[#6;R1][C;R2]4([#6;A;H3X4])[#6;R2]-3-[#6;R1]-[#6]([#8;A;H1X2])[C;R2]12[#6;A;H3X4]	0		[H:32][#6;A;X4:3]([H:33])([#8;A;H1X2:4])[#6;A;H1X4R0:2]([#6;A;H3X4:1])[#6;R0:5]-[#6;R0:6]-[#6;R0:7][#6;A;H1X4:8]([#6;A;H3X4:9])[#6;A;H1X4R1:10]1[#6;R1:11]-[#6;R1:12]-[#6;R2:13]2-[#6;R2:14]-3[#6;A;H1X4:15]([#8;A;H1X2:16])[#6;R1:17]-[#6;R2:18]4-[#6;R1:19]-[#6:20](=[O:21])-[#6;R1:22]-[#6;R1:23][C;R2:24]4([#6;A;H3X4:25])[#6;R2:26]-3-[#6;R1:27]-[#6:28]([#8;A;H1X2:31])[C;R2:29]12[#6;A;H3X4:30]>>[H:32][H:33].[#6;A;H3X4:9][#6;A;H1X4:8]([#6;R0:7]-[#6;R0:6]-[#6;R0:5][#6;A;H1X4R0:2]([#6;A;H3X4:1])[#6;A;X3:3]([#8;A;H1X2:4])=O)[#6;A;H1X4R1:10]1[#6;R1:11]-[#6;R1:12]-[#6;R2:13]2-[#6;R2:14]-3[#6;A;H1X4:15]([#8;A;H1X2:16])[#6;R1:17]-[#6;R2:18]4-[#6;R1:19]-[#6:20](=[O:21])-[#6;R1:22]-[#6;R1:23][C;R2:24]4([#6;A;H3X4:25])[#6;R2:26]-3-[#6;R1:27]-[#6:28]([#8;A;H1X2:31])[C;R2:29]12[#6;A;H3X4:30]
base	_3_O_DEMETHYLATION_OF_FLAVONE	BTMR0076	3-O-Demethylation of flavone	bt:_3_O_DEMETHYLATION_OF_FLAVONE	1	[H][#6;A;X4R0]([H])([H])[#8;X2R0]-[#6;R1]1=,:[#6;R1]([#8][#6]=,:2[#6]=,:[#6][#6]=,:[#6][#6]=,:2[#6;R1]1=[O;X1])-[#6;R1]=,:1[#6;R1]=,:[#6;R1][#6;R1]=,:[#6;R1][#6;R1]=,:1	1	[$([H][#6;A;X4R0]([H])([H])[#8;X2R0]-[#6;R1]1=,:[#6;R1](-[!$([H][#6;A;X4R0]([H])([H])[#8;X2R0])!$([OX2H1])])[#6;R1](-[!$([H][#6;A;X4R0]([H])([H])[#8;X2R0])!$([OX2H1])])=,:[#6;R1](-[!$([H][#6;A;X4R0]([H])([H])[#8;X2R0])!$([OX2H1])])[#6;R1](-[!$([H][#6;A;X4R0]([H])([H])[#8;X2R0])!$([OX2H1])])=,:[#6;R1]1-[#6;R1]=,:1[#8][#6]2=,:[#6]([#6](-[!$([H][#6;A;X4R0]([H])([H])[#8;X2R0])!$([OX2H1])])=,:[#6](-[!$([H][#6;A;X4R0]([H])([H])[#8;X2R0])!$([OX2H1])])[#6](-[!$([H][#6;A;X4R0]([H])([H])[#8;X2R0])!$([OX2H1])])=,:[#6]2-[!$([H][#6;A;X4R0]([H])([H])[#8;X2R0])!$([OX2H1])])[#6;R1](=[O;X1])[#6;R1]=,:1-[!$([H][#6;A;X4R0]([H])([H])[#8;X2R0])!$([OX2H1])]),$([H][#6;A;X4R0]([H])([H])[#8;X2R0]-[#6;R1]=,:1[#6;R1](-[!$([H][#6;A;X4R0]([H])([H])[#8;X2R0])!$([OX2H1])])=,:[#6;R1](-[!$([H][#6;A;X4R0]([H])([H])[#8;X2R0])!$([OX2H1])])[#6;R1](-[!$([H][#6;A;X4R0]([H])([H])[#8;X2R0])!$([OX2H1])])=,:[#6;R1]([#6;R1]=,:1-[!$([H][#6;A;X4R0]([H])([H])[#8;X2R0])!$([OX2H1])])-[#6;R1]=,:1[#8][#6]2=,:[#6]([#6](-[!$([H][#6;A;X4R0]([H])([H])[#8;X2R0])!$([OX2H1])])=,:[#6](-[!$([H][#6;A;X4R0]([H])([H])[#8;X2R0])!$([OX2H1])])[#6](-[!$([H][#6;A;X4R0]([H])([H])[#8;X2R0])!$([OX2H1])])=,:[#6]2-[!$([H][#6;A;X4R0]([H])([H])[#8;X2R0])!$([OX2H1])])[#6;R1](=[O;X1])[#6;R1]=,:1-[!$([H][#6;A;X4R0]([H])([H])[#8;X2R0])!$([OX2H1])]),$([H][#6;A;X4R0]([H])([H])[#8;X2R0]-[#6;R1]=,:1[#6;R1](-[!$([H][#6;A;X4R0]([H])([H])[#8;X2R0])!$([OX2H1])])=,:[#6;R1](-[!$([H][#6;A;X4R0]([H])([H])[#8;X2R0])!$([OX2H1])])[#6;R1](=,:[#6;R1](-[!$([H][#6;A;X4R0]([H])([H])[#8;X2R0])!$([OX2H1])])[#6;R1]=,:1-[!$([H][#6;A;X4R0]([H])([H])[#8;X2R0])!$([OX2H1])])-[#6;R1]=,:1[#8][#6]2=,:[#6]([#6](-[!$([H][#6;A;X4R0]([H])([H])[#8;X2R0])!$([OX2H1])])=,:[#6](-[!$([H][#6;A;X4R0]([H])([H])[#8;X2R0])!$([OX2H1])])[#6](-[!$([H][#6;A;X4R0]([H])([H])[#8;X2R0])!$([OX2H1])])=,:[#6]2-[!$([H][#6;A;X4R0]([H])([H])[#8;X2R0])!$([OX2H1])])[#6;R1](=[O;X1])[#6;R1]=,:1-[!$([H][#6;A;X4R0]([H])([H])[#8;X2R0])!$([OX2H1])]),$([H][#6;A;X4R0]([H])([H])[#8;X2R0]-[#6;R1]1=,:[#6;R1]([#8][#6]2=,:[#6]([#6](-[!$([H][#6;A;X4R0]([H])([H])[#8;X2R0])!$([OX2H1])])=,:[#6](-[!$([H][#6;A;X4R0]([H])([H])[#8;X2R0])!$([OX2H1])])[#6](-[!$([H][#6;A;X4R0]([H])([H])[#8;X2R0])!$([OX2H1])])=,:[#6]2-[!$([H][#6;A;X4R0]([H])([H])[#8;X2R0])!$([OX2H1])])[#6;R1]1=[O;X1])-[#6;R1]=,:1[#6;R1](-[!$([H][#6;A;X4R0]([H])([H])[#8;X2R0])!$([OX2H1])])=,:[#6;R1](-[!$([H][#6;A;X4R0]([H])([H])[#8;X2R0])!$([OX2H1])])[#6;R1](-[!$([H][#6;A;X4R0]([H])([H])[#8;X2R0])!$([OX2H1])])=,:[#6;R1](-[!$([H][#6;A;X4R0]([H])([H])[#8;X2R0])!$([OX2H1])])[#6;R1]=,:1-[!$([H][#6;A;X4R0]([H])([H])[#8;X2R0])!$([OX2H1])]),$([H][#6;A;X4R0]([H])([H])[#8;X2R0]-[#6]=,:1[#6]2=,:[#6]([#8][#6;R1](=,:[#6;R1](-[!$([H][#6;A;X4R0]([H])([H])[#8;X2R0])!$([OX2H1])])[#6;R1]2=[O;X1])-[#6;R1]=,:2[#6;R1](-[!$([H][#6;A;X4R0]([H])([H])[#8;X2R0])!$([OX2H1])])=,:[#6;R1](-[!$([H][#6;A;X4R0]([H])([H])[#8;X2R0])!$([OX2H1])])[#6;R1](-[!$([H][#6;A;X4R0]([H])([H])[#8;X2R0])!$([OX2H1])])=,:[#6;R1](-[!$([H][#6;A;X4R0]([H])([H])[#8;X2R0])!$([OX2H1])])[#6;R1]=,:2-[!$([H][#6;A;X4R0]([H])([H])[#8;X2R0])!$([OX2H1])])[#6](-[!$([H][#6;A;X4R0]([H])([H])[#8;X2R0])!$([OX2H1])])=,:[#6](-[!$([H][#6;A;X4R0]([H])([H])[#8;X2R0])!$([OX2H1])])[#6]=,:1-[!$([H][#6;A;X4R0]([H])([H])[#8;X2R0])!$([OX2H1])]),$([H][#6;A;X4R0]([H])([H])[#8;X2R0]-[#6]1=,:[#6](-[!$([H][#6;A;X4R0]([H])([H])[#8;X2R0])!$([OX2H1])])[#6]2=,:[#6]([#8][#6;R1](=,:[#6;R1](-[!$([H][#6;A;X4R0]([H])([H])[#8;X2R0])!$([OX2H1])])[#6;R1]2=[O;X1])-[#6;R1]=,:2[#6;R1](-[!$([H][#6;A;X4R0]([H])([H])[#8;X2R0])!$([OX2H1])])=,:[#6;R1](-[!$([H][#6;A;X4R0]([H])([H])[#8;X2R0])!$([OX2H1])])[#6;R1](-[!$([H][#6;A;X4R0]([H])([H])[#8;X2R0])!$([OX2H1])])=,:[#6;R1](-[!$([H][#6;A;X4R0]([H])([H])[#8;X2R0])!$([OX2H1])])[#6;R1]=,:2-[!$([H][#6;A;X4R0]([H])([H])[#8;X2R0])!$([OX2H1])])[#6](-[!$([H][#6;A;X4R0]([H])([H])[#8;X2R0])!$([OX2H1])])=,:[#6]1-[!$([H][#6;A;X4R0]([H])([H])[#8;X2R0])!$([OX2H1])]),$([H][#6;A;X4R0]([H])([H])[#8;X2R0]-[#6]1=,:[#6](-[!$([H][#6;A;X4R0]([H])([H])[#8;X2R0])!$([OX2H1])])[#6]=,:2[#8][#6;R1](=,:[#6;R1](-[!$([H][#6;A;X4R0]([H])([H])[#8;X2R0])!$([OX2H1])])[#6;R1](=[O;X1])[#6]=,:2[#6](-[!$([H][#6;A;X4R0]([H])([H])[#8;X2R0])!$([OX2H1])])=,:[#6]1-[!$([H][#6;A;X4R0]([H])([H])[#8;X2R0])!$([OX2H1])])-[#6;R1]=,:1[#6;R1](-[!$([H][#6;A;X4R0]([H])([H])[#8;X2R0])!$([OX2H1])])=,:[#6;R1](-[!$([H][#6;A;X4R0]([H])([H])[#8;X2R0])!$([OX2H1])])[#6;R1](-[!$([H][#6;A;X4R0]([H])([H])[#8;X2R0])!$([OX2H1])])=,:[#6;R1](-[!$([H][#6;A;X4R0]([H])([H])[#8;X2R0])!$([OX2H1])])[#6;R1]=,:1-[!$([H][#6;A;X4R0]([H])([H])[#8;X2R0])!$([OX2H1])]),$([H][#6;A;X4R0]([H])([H])[#8;X2R0]-[#6]=,:1[#6]=,:2[#8][#6;R1](=,:[#6;R1](-[!$([H][#6;A;X4R0]([H])([H])[#8;X2R0])!$([OX2H1])])[#6;R1](=[O;X1])[#6]=,:2[#6](-[!$([H][#6;A;X4R0]([H])([H])[#8;X2R0])!$([OX2H1])])=,:[#6](-[!$([H][#6;A;X4R0]([H])([H])[#8;X2R0])!$([OX2H1])])[#6]=,:1-[!$([H][#6;A;X4R0]([H])([H])[#8;X2R0])!$([OX2H1])])-[#6;R1]=,:1[#6;R1](-[!$([H][#6;A;X4R0]([H])([H])[#8;X2R0])!$([OX2H1])])=,:[#6;R1](-[!$([H][#6;A;X4R0]([H])([H])[#8;X2R0])!$([OX2H1])])[#6;R1](-[!$([H][#6;A;X4R0]([H])([H])[#8;X2R0])!$([OX2H1])])=,:[#6;R1](-[!$([H][#6;A;X4R0]([H])([H])[#8;X2R0])!$([OX2H1])])[#6;R1]=,:1-[!$([H][#6;A;X4R0]([H])([H])[#8;X2R0])!$([OX2H1])])]	[H:1][#6;A;X4R0:2]([H])([H:3])[#8;X2R0:4]-[#6;R1:5]1=,:[#6;R1:6]([#8:7][#6:8]=,:2[#6:9]=,:[#6:10][#6:11]=,:[#6:12][#6:13]=,:2[#6;R1:14]1=[O;X1:15])-[#6;R1:16]=,:1[#6;R1:17]=,:[#6;R1:18][#6;R1:19]=,:[#6;R1:20][#6;R1:21]=,:1>>[H:1][#6;A;X3R0:2]([H:3])=O.[H][#8;X2R0:4]-[#6;R1:5]1=,:[#6;R1:6]([#8:7][#6:8]=,:2[#6:9]=,:[#6:10][#6:11]=,:[#6:12][#6:13]=,:2[#6;R1:14]1=[O;X1:15])-[#6;R1:16]=,:1[#6;R1:17]=,:[#6;R1:18][#6;R1:19]=,:[#6;R1:20][#6;R1:21]=,:1
base	_3_O_SULFATION_OF_PHENOLIC_COMPOUND	BTMR0196	3-OH-Sulfonation of phenolic compound	bt:_3_O_SULFATION_OF_PHENOLIC_COMPOUND	1	[H][#6;R1]1=,:[#6;R1][#6;R1]([#8;A;H1X2])=,:[#6;R1][#6;R1](!@-[*,#1;$([#6;R1]1=,:[#6;R1][#6;R1]=,:[#6;R1][#6;R1]([OX2H1,OX1-])=,:[#6;R1]1),$([#6;R1]1=,:[#6;R1]([OX2H1,OX1-])[#6;R1]=,:[#6;R1][#6;R1]=,:[#6;R1]1),$([#6;R1]1=,:[#6;R1][#6;R1]=,:[#6;R1]([OX2H1,OX1-])[#6;R1]=,:[#6;R1]1),$([NX3H0+0,NX4H1+;$([N]([#6])([#6])[#6]);!$([N]*~[#7,#8,#15,#16])]),$([NX3H1+0,NX4H2+;$([N]([#6])[#6]);!$([N]*~[#7,#8,#15,#16])]),$([NX3H2+0,NX4H3+;!$([N][!C]);!$([N]*~[#7,#8,#15,#16])]),$([NX3H2+0,NX4H3+]c),$([OX2](c)[CX4;!$(C([OX2])[O,S,#7,#15,F,Cl,Br,I])]),$([OX2]([CX4;!$(C([OX2])[O,S,#7,#15,F,Cl,Br,I])])[CX4;!$(C([OX2])[O,S,#7,#15,F,Cl,Br,I])]),$([#7X3;$([H2]),$([H1][#6;!$(C=[O,N,S])]),$([#7]([#6;!$(C=[O,N,S])])[#6;!$(C=[O,N,S])])]-[CX3;$([R0][#6]),$([H1R0])]=[OX1]),$([OX2][CX3;$([R0][#6]),$([H1R0])](=[OX1])[#6;!$(C=[O,N,S])]),$([CX4]),$([CX3]),$([#6;R1]1:,=[#6;R1]:,-[#6;R1]:,=[#6;R1]:,-[#6;R1]:,=[#6;R1]1),$([#6;X3](=,:[#6;X3])-,:[#1,*]),$([#6;A;X3](=[#6;X3])-[#1,*]),$(C([Br])([Br])[Br]),$(C([Cl])([Cl])[Cl]),$(C([F])([F])[F]),$(C([I])([I])[I]),$(C#[NX1]),$([NX1+]),$([#16;A](=O)(=O)[OX2H1,OX1-]),$([NX4H3+1]),$([NX4H0+;$([N]([#6])([#6])[#6][#6]);!$([N]*~[#7,#8,#15,#16])]),$([$([NX3](=O)=O),$([NX3+](=O)[O-])][!#8]),$([$([CX3H][#6]),$([CX3H2])]=[OX1]),$([#6][CX3](=[OX1])[#6]),$([CX3;$([R0][#6]),$([H1R0])](=[OX1])[$([OX2H]),$([OX1-])]),$([CX3;$([R0][#6]),$([H1R0])](=[OX1])[ClX1]),$([CX3;$([R0][#6]),$([H1R0])](=[OX1])[OX2][#6;!$(C=[O,N,S])]),$([CX3;$([R0][#6]),$([H1R0])](=[OX1])[#7X3;$([H2]),$([H1][#6;!$(C=[O,N,S])]),$([#7]([#6;!$(C=[O,N,S])])[#6;!$(C=[O,N,S])])])])=,:[#6;R1]1[H]	2	[H][#7]([#6;A;H2X4][#6](-[#8])=O)-[#6](=O)[#6;A;H1X4]([#6;A;H2X4][#16][#6,#8,#16;A])[#7]([H])-[#6](=O)[#6;A;H2X4][#6;A;H2X4][#6;A;H1X4]([#7])[#6](-[#8])=O | [#8]-,=[#6](-,=[#7]-[#6]-,=[#6]-,=[#16])-[#6]-[#6]-[#7]-,=[#6](-,=[#8])-[#6](-,=[#8])C([#6])([#6])[#6]-[#8]P([#8])(=O)[#8]P([#8])(=O)[#8]-[#6]-[#6]-1-[#8]-[#6](-[#7]~2~[#6]~[#7]~[#6]~3~[#6]~2~[#7]~[#6]~[#7]~[#6]~3-[#7])-[#6](-[#8])-[#6]-1-[#8]	[H:11][#8;A;X2:1][#6;R1:2]=,:1[#6;R1:3]=,:[#6;R1:4]([H:5])[#6;R1:6]([H:7])=,:[#6;R1:8](!@-[*,#1;$([#6;R1]1=,:[#6;R1][#6;R1]=,:[#6;R1][#6;R1]([OX2H1,OX1-])=,:[#6;R1]1),$([#6;R1]1=,:[#6;R1]([OX2H1,OX1-])[#6;R1]=,:[#6;R1][#6;R1]=,:[#6;R1]1),$([#6;R1]1=,:[#6;R1][#6;R1]=,:[#6;R1]([OX2H1,OX1-])[#6;R1]=,:[#6;R1]1),$([NX3H0+0,NX4H1+;$([N]([#6])([#6])[#6]);!$([N]*~[#7,#8,#15,#16])]),$([NX3H1+0,NX4H2+;$([N]([#6])[#6]);!$([N]*~[#7,#8,#15,#16])]),$([NX3H2+0,NX4H3+;!$([N][!C]);!$([N]*~[#7,#8,#15,#16])]),$([NX3H2+0,NX4H3+]c),$([OX2](c)[CX4;!$(C([OX2])[O,S,#7,#15,F,Cl,Br,I])]),$([OX2]([CX4;!$(C([OX2])[O,S,#7,#15,F,Cl,Br,I])])[CX4;!$(C([OX2])[O,S,#7,#15,F,Cl,Br,I])]),$([#7X3;$([H2]),$([H1][#6;!$(C=[O,N,S])]),$([#7]([#6;!$(C=[O,N,S])])[#6;!$(C=[O,N,S])])]-[CX3;$([R0][#6]),$([H1R0])]=[OX1]),$([OX2][CX3;$([R0][#6]),$([H1R0])](=[OX1])[#6;!$(C=[O,N,S])]),$([CX4]),$([CX3]),$([#6;R1]1:,=[#6;R1]:,-[#6;R1]:,=[#6;R1]:,-[#6;R1]:,=[#6;R1]1),$([#6;X3](=,:[#6;X3])-,:[#1,*]),$([#6;A;X3](=[#6;X3])-[#1,*]),$(C([Br])([Br])[Br]),$(C([Cl])([Cl])[Cl]),$(C([F])([F])[F]),$(C([I])([I])[I]),$(C#[NX1]),$([NX1+]),$([#16;A](=O)(=O)[OX2H1,OX1-]),$([NX4H3+1]),$([NX4H0+;$([N]([#6])([#6])[#6][#6]);!$([N]*~[#7,#8,#15,#16])]),$([$([NX3](=O)=O),$([NX3+](=O)[O-])][!#8]),$([$([CX3H][#6]),$([CX3H2])]=[OX1]),$([#6][CX3](=[OX1])[#6]),$([CX3;$([R0][#6]),$([H1R0])](=[OX1])[$([OX2H]),$([OX1-])]),$([CX3;$([R0][#6]),$([H1R0])](=[OX1])[ClX1]),$([CX3;$([R0][#6]),$([H1R0])](=[OX1])[OX2][#6;!$(C=[O,N,S])]),$([CX3;$([R0][#6]),$([H1R0])](=[OX1])[#7X3;$([H2]),$([H1][#6;!$(C=[O,N,S])]),$([#7]([#6;!$(C=[O,N,S])])[#6;!$(C=[O,N,S])])]):9])[#6;R1:10]=,:1>>[H:11][#8]S(=O)(=O)[#8;A;X2:1][#6;R1:2]=,:1[#6;R1:3]=,:[#6;R1:4]([H:5])[#6;R1:6]([H:7])=,:[#6;R1:8](!@-[*,#1;$([#6;R1]1=,:[#6;R1][#6;R1]=,:[#6;R1][#6;R1]([OX2H1,OX1-])=,:[#6;R1]1),$([#6;R1]1=,:[#6;R1]([OX2H1,OX1-])[#6;R1]=,:[#6;R1][#6;R1]=,:[#6;R1]1),$([#6;R1]1=,:[#6;R1][#6;R1]=,:[#6;R1]([OX2H1,OX1-])[#6;R1]=,:[#6;R1]1),$([NX3H0+0,NX4H1+;$([N]([#6])([#6])[#6]);!$([N]*~[#7,#8,#15,#16])]),$([NX3H1+0,NX4H2+;$([N]([#6])[#6]);!$([N]*~[#7,#8,#15,#16])]),$([NX3H2+0,NX4H3+;!$([N][!C]);!$([N]*~[#7,#8,#15,#16])]),$([NX3H2+0,NX4H3+]c),$([OX2](c)[CX4;!$(C([OX2])[O,S,#7,#15,F,Cl,Br,I])]),$([OX2]([CX4;!$(C([OX2])[O,S,#7,#15,F,Cl,Br,I])])[CX4;!$(C([OX2])[O,S,#7,#15,F,Cl,Br,I])]),$([#7X3;$([H2]),$([H1][#6;!$(C=[O,N,S])]),$([#7]([#6;!$(C=[O,N,S])])[#6;!$(C=[O,N,S])])]-[CX3;$([R0][#6]),$([H1R0])]=[OX1]),$([OX2][CX3;$([R0][#6]),$([H1R0])](=[OX1])[#6;!$(C=[O,N,S])]),$([CX4]),$([CX3]),$([#6;R1]1:,=[#6;R1]:,-[#6;R1]:,=[#6;R1]:,-[#6;R1]:,=[#6;R1]1),$([#6;X3](=,:[#6;X3])-,:[#1,*]),$([#6;A;X3](=[#6;X3])-[#1,*]),$(C([Br])([Br])[Br]),$(C([Cl])([Cl])[Cl]),$(C([F])([F])[F]),$(C([I])([I])[I]),$(C#[NX1]),$([NX1+]),$([#16;A](=O)(=O)[OX2H1,OX1-]),$([NX4H3+1]),$([NX4H0+;$([N]([#6])([#6])[#6][#6]);!$([N]*~[#7,#8,#15,#16])]),$([$([NX3](=O)=O),$([NX3+](=O)[O-])][!#8]),$([$([CX3H][#6]),$([CX3H2])]=[OX1]),$([#6][CX3](=[OX1])[#6]),$([CX3;$([R0][#6]),$([H1R0])](=[OX1])[$([OX2H]),$([OX1-])]),$([CX3;$([R0][#6]),$([H1R0])](=[OX1])[ClX1]),$([CX3;$([R0][#6]),$([H1R0])](=[OX1])[OX2][#6;!$(C=[O,N,S])]),$([CX3;$([R0][#6]),$([H1R0])](=[OX1])[#7X3;$([H2]),$([H1][#6;!$(C=[O,N,S])]),$([#7]([#6;!$(C=[O,N,S])])[#6;!$(C=[O,N,S])])]):9])[#6;R1:10]=,:1
base	_3_R_OXOACYL_REDUCTION	BTMR0373	Reduction of (3R)-3-oxoacyl	bt:_3_R_OXOACYL_REDUCTION	1	[#6;R0]-,=[#6;R0]-,=[#6;R0]-,=[#6;R0]-,=[#6;R0]-,=[#6;R0]-,=[#6;R0]-,=[#6;R0]-,=[#6;R0]-,=[#6;R0]-[#6;X3R0](=[O;X1])[C;R0]([H])([H])[#6;X4R0]([#8;A;X1-,X2H1])=O	0		[#6;R0:1]-,=[#6;R0:2]-,=[#6;R0:3]-,=[#6;R0:4]-,=[#6;R0:5]-,=[#6;R0:6]-,=[#6;R0:7]-,=[#6;R0:8]-,=[#6;R0:9]-,=[#6;R0:10]-[#6;X3R0:11](=[O;X1:16])[C;R0:12]([H:17])([H:18])[#6;X4R0:13]([#8;A;X1-,X2H1:14])=[O:15]>>[#6;R0:1]-,=[#6;R0:2]-,=[#6;R0:3]-,=[#6;R0:4]-,=[#6;R0:5]-,=[#6;R0:6]-,=[#6;R0:7]-,=[#6;R0:8]-,=[#6;R0:9]-,=[#6;R0:10][C;X4R0:11]([H])([#8;X2:16][H])[C;R0:12]([H:17])([H:18])[#6;X4R0:13]([#8;A;X1-,X2H1:14])=[O:15]
base	_4P_DEHYDROXYLATION_OF_SUBSTITUTED_BENZENE	BTMR1012	4'-Dehydroxylation of substituted benzene	bt:_4P_DEHYDROXYLATION_OF_SUBSTITUTED_BENZENE	1	[H][#8]-[#6;R1]=,:1[#6;R1]([#8,#1;A])=,:[#6;R1]([H])[#6;R1](-[#6])=,:[#6;R1]([H])[#6;R1]=,:1[#8,#1;A]	0		[H][#8]-[#6;R1:3]=,:1[#6;R1:2]([#8,#1;A:11])=,:[#6;R1:1]([H:9])[#6;R1:6](-[#6:7])=,:[#6;R1:5]([H:8])[#6;R1:4]=,:1[#8,#1;A:10]>>[H:8][#6;R1:5]1=,:[#6;R1:6](-[#6:7])[#6;R1:1]([H:9])=,:[#6;R1:2]([#8,#1;A:11])[#6;R1:3]([H])=,:[#6;R1:4]1[#8,#1;A:10]
base	_4P_HYDROXYLATION_OF_OXAZAPHOSPHORINE	BTMR1232	4'-Hydroxylation of oxazaphosphorinane	bt:_4P_HYDROXYLATION_OF_OXAZAPHOSPHORINE	1	[#7;X3R0;NX3H1+0,NX3H2+0,$([NX3+0;!$([N]~[!#6]);!$([N]*~[#7,#8,#15,#16])])][P;X4]1(=[O;X1])[#7;NX3H1,$([NX3]-[#6])]-[#6;R1;CX4H2,$([CX4H1]-[#6])]-[#6;R1]-[#6;R1]-[#8]1	0		[H:9][C;X4R1:5]1([#1,#6:10])[#6;R1:6]-[#6;R1:7]-[#8:8][P;X4:2]([#7;X3R0;NX3H1+0,NX3H2+0,$([NX3+0;!$([N]~[!#6]);!$([N]*~[#7,#8,#15,#16])]):1])(=[O;X1:3])[#7;NX3H1,$([NX3]-[#6]):4]1>>[H:9][#8][C;X4R1:5]1([#1,#6:10])[#6;R1:6]-[#6;R1:7]-[#8:8][P;X4:2]([#7;X3R0;NX3H1+0,NX3H2+0,$([NX3+0;!$([N]~[!#6]);!$([N]*~[#7,#8,#15,#16])]):1])(=[O;X1:3])[#7;NX3H1,$([NX3]-[#6]):4]1
base	_4P_METHOXYLISOFLAVONE_DEMETHYLATION	BTMR0296	4'-Demethylation of 4'-methoxyisoflavone	bt:_4P_METHOXYLISOFLAVONE_DEMETHYLATION	1	[H][#6;A;X4]([H])([H])[#8;X2]-[#6;R1]=,:1[#6;R1]=,:[#6;R1][#6;R1](=,:[#6;R1][#6;R1]=,:1)-[#6;R1]1=,:[#6;R1][#8;R1][#6;R2]2=,:[#6;R1][#6;R1]=,:[#6;R1][#6;R1]=,:[#6;R2]2[#6;R1]1=[O;X1]	0		[H][#6;A;X4]([H])([H])[#8;X2:1]-[#6;R1:2]=,:1[#6;R1:7]=,:[#6;R1:6][#6;R1:5](=,:[#6;R1:4][#6;R1:3]=,:1)-[#6;R1:8]1=,:[#6;R1:9][#8;R1:10][#6;R2:11]2=,:[#6;R1:12][#6;R1:13]=,:[#6;R1:14][#6;R1:15]=,:[#6;R2:16]2[#6;R1:17]1=[O;X1:18]>>[H][#8;X2:1]-[#6;R1:2]=,:1[#6;R1:7]=,:[#6;R1:6][#6;R1:5](=,:[#6;R1:4][#6;R1:3]=,:1)-[#6;R1:8]1=,:[#6;R1:9][#8;R1:10][#6;R2:11]2=,:[#6;R1:12][#6;R1:13]=,:[#6;R1:14][#6;R1:15]=,:[#6;R2:16]2[#6;R1:17]1=[O;X1:18]
base	_4P_O_DEMETHYLATION_OF_FLAVONE	BTMR0074	4'-O-Demethylation of flavone	bt:_4P_O_DEMETHYLATION_OF_FLAVONE	1	[H][#6;R1]1=,:[#6;R1]([#8][#6]=,:2[#6]=,:[#6][#6]=,:[#6][#6]=,:2[#6;R1]1=[O;X1])-[#6;R1]=,:1[#6;R1]=,:[#6;R1][#6;R1](=,:[#6;R1][#6;R1]=,:1)-[#8;X2R0][#6;A;X4R0]([H])([H])[H]	1	[$([H][#6;A;X4R0]([H])([H])[#8;X2R0]-[#6;R1]1=,:[#6;R1](-[!$([H][#6;A;X4R0]([H])([H])[#8;X2R0])!$([OX2H1])])[#6;R1](-[!$([H][#6;A;X4R0]([H])([H])[#8;X2R0])!$([OX2H1])])=,:[#6;R1](-[!$([H][#6;A;X4R0]([H])([H])[#8;X2R0])!$([OX2H1])])[#6;R1](-[!$([H][#6;A;X4R0]([H])([H])[#8;X2R0])!$([OX2H1])])=,:[#6;R1]1-[#6;R1]=,:1[#8][#6]2=,:[#6]([#6](-[!$([H][#6;A;X4R0]([H])([H])[#8;X2R0])!$([OX2H1])])=,:[#6](-[!$([H][#6;A;X4R0]([H])([H])[#8;X2R0])!$([OX2H1])])[#6](-[!$([H][#6;A;X4R0]([H])([H])[#8;X2R0])!$([OX2H1])])=,:[#6]2-[!$([H][#6;A;X4R0]([H])([H])[#8;X2R0])!$([OX2H1])])[#6;R1](=[O;X1])[#6;R1]=,:1-[!$([H][#6;A;X4R0]([H])([H])[#8;X2R0])!$([OX2H1])]),$([H][#6;A;X4R0]([H])([H])[#8;X2R0]-[#6;R1]=,:1[#6;R1](-[!$([H][#6;A;X4R0]([H])([H])[#8;X2R0])!$([OX2H1])])=,:[#6;R1](-[!$([H][#6;A;X4R0]([H])([H])[#8;X2R0])!$([OX2H1])])[#6;R1](-[!$([H][#6;A;X4R0]([H])([H])[#8;X2R0])!$([OX2H1])])=,:[#6;R1]([#6;R1]=,:1-[!$([H][#6;A;X4R0]([H])([H])[#8;X2R0])!$([OX2H1])])-[#6;R1]=,:1[#8][#6]2=,:[#6]([#6](-[!$([H][#6;A;X4R0]([H])([H])[#8;X2R0])!$([OX2H1])])=,:[#6](-[!$([H][#6;A;X4R0]([H])([H])[#8;X2R0])!$([OX2H1])])[#6](-[!$([H][#6;A;X4R0]([H])([H])[#8;X2R0])!$([OX2H1])])=,:[#6]2-[!$([H][#6;A;X4R0]([H])([H])[#8;X2R0])!$([OX2H1])])[#6;R1](=[O;X1])[#6;R1]=,:1-[!$([H][#6;A;X4R0]([H])([H])[#8;X2R0])!$([OX2H1])]),$([H][#6;A;X4R0]([H])([H])[#8;X2R0]-[#6;R1]=,:1[#6;R1](-[!$([H][#6;A;X4R0]([H])([H])[#8;X2R0])!$([OX2H1])])=,:[#6;R1](-[!$([H][#6;A;X4R0]([H])([H])[#8;X2R0])!$([OX2H1])])[#6;R1](=,:[#6;R1](-[!$([H][#6;A;X4R0]([H])([H])[#8;X2R0])!$([OX2H1])])[#6;R1]=,:1-[!$([H][#6;A;X4R0]([H])([H])[#8;X2R0])!$([OX2H1])])-[#6;R1]=,:1[#8][#6]2=,:[#6]([#6](-[!$([H][#6;A;X4R0]([H])([H])[#8;X2R0])!$([OX2H1])])=,:[#6](-[!$([H][#6;A;X4R0]([H])([H])[#8;X2R0])!$([OX2H1])])[#6](-[!$([H][#6;A;X4R0]([H])([H])[#8;X2R0])!$([OX2H1])])=,:[#6]2-[!$([H][#6;A;X4R0]([H])([H])[#8;X2R0])!$([OX2H1])])[#6;R1](=[O;X1])[#6;R1]=,:1-[!$([H][#6;A;X4R0]([H])([H])[#8;X2R0])!$([OX2H1])]),$([H][#6;A;X4R0]([H])([H])[#8;X2R0]-[#6;R1]1=,:[#6;R1]([#8][#6]2=,:[#6]([#6](-[!$([H][#6;A;X4R0]([H])([H])[#8;X2R0])!$([OX2H1])])=,:[#6](-[!$([H][#6;A;X4R0]([H])([H])[#8;X2R0])!$([OX2H1])])[#6](-[!$([H][#6;A;X4R0]([H])([H])[#8;X2R0])!$([OX2H1])])=,:[#6]2-[!$([H][#6;A;X4R0]([H])([H])[#8;X2R0])!$([OX2H1])])[#6;R1]1=[O;X1])-[#6;R1]=,:1[#6;R1](-[!$([H][#6;A;X4R0]([H])([H])[#8;X2R0])!$([OX2H1])])=,:[#6;R1](-[!$([H][#6;A;X4R0]([H])([H])[#8;X2R0])!$([OX2H1])])[#6;R1](-[!$([H][#6;A;X4R0]([H])([H])[#8;X2R0])!$([OX2H1])])=,:[#6;R1](-[!$([H][#6;A;X4R0]([H])([H])[#8;X2R0])!$([OX2H1])])[#6;R1]=,:1-[!$([H][#6;A;X4R0]([H])([H])[#8;X2R0])!$([OX2H1])]),$([H][#6;A;X4R0]([H])([H])[#8;X2R0]-[#6]=,:1[#6]2=,:[#6]([#8][#6;R1](=,:[#6;R1](-[!$([H][#6;A;X4R0]([H])([H])[#8;X2R0])!$([OX2H1])])[#6;R1]2=[O;X1])-[#6;R1]=,:2[#6;R1](-[!$([H][#6;A;X4R0]([H])([H])[#8;X2R0])!$([OX2H1])])=,:[#6;R1](-[!$([H][#6;A;X4R0]([H])([H])[#8;X2R0])!$([OX2H1])])[#6;R1](-[!$([H][#6;A;X4R0]([H])([H])[#8;X2R0])!$([OX2H1])])=,:[#6;R1](-[!$([H][#6;A;X4R0]([H])([H])[#8;X2R0])!$([OX2H1])])[#6;R1]=,:2-[!$([H][#6;A;X4R0]([H])([H])[#8;X2R0])!$([OX2H1])])[#6](-[!$([H][#6;A;X4R0]([H])([H])[#8;X2R0])!$([OX2H1])])=,:[#6](-[!$([H][#6;A;X4R0]([H])([H])[#8;X2R0])!$([OX2H1])])[#6]=,:1-[!$([H][#6;A;X4R0]([H])([H])[#8;X2R0])!$([OX2H1])]),$([H][#6;A;X4R0]([H])([H])[#8;X2R0]-[#6]1=,:[#6](-[!$([H][#6;A;X4R0]([H])([H])[#8;X2R0])!$([OX2H1])])[#6]2=,:[#6]([#8][#6;R1](=,:[#6;R1](-[!$([H][#6;A;X4R0]([H])([H])[#8;X2R0])!$([OX2H1])])[#6;R1]2=[O;X1])-[#6;R1]=,:2[#6;R1](-[!$([H][#6;A;X4R0]([H])([H])[#8;X2R0])!$([OX2H1])])=,:[#6;R1](-[!$([H][#6;A;X4R0]([H])([H])[#8;X2R0])!$([OX2H1])])[#6;R1](-[!$([H][#6;A;X4R0]([H])([H])[#8;X2R0])!$([OX2H1])])=,:[#6;R1](-[!$([H][#6;A;X4R0]([H])([H])[#8;X2R0])!$([OX2H1])])[#6;R1]=,:2-[!$([H][#6;A;X4R0]([H])([H])[#8;X2R0])!$([OX2H1])])[#6](-[!$([H][#6;A;X4R0]([H])([H])[#8;X2R0])!$([OX2H1])])=,:[#6]1-[!$([H][#6;A;X4R0]([H])([H])[#8;X2R0])!$([OX2H1])]),$([H][#6;A;X4R0]([H])([H])[#8;X2R0]-[#6]1=,:[#6](-[!$([H][#6;A;X4R0]([H])([H])[#8;X2R0])!$([OX2H1])])[#6]=,:2[#8][#6;R1](=,:[#6;R1](-[!$([H][#6;A;X4R0]([H])([H])[#8;X2R0])!$([OX2H1])])[#6;R1](=[O;X1])[#6]=,:2[#6](-[!$([H][#6;A;X4R0]([H])([H])[#8;X2R0])!$([OX2H1])])=,:[#6]1-[!$([H][#6;A;X4R0]([H])([H])[#8;X2R0])!$([OX2H1])])-[#6;R1]=,:1[#6;R1](-[!$([H][#6;A;X4R0]([H])([H])[#8;X2R0])!$([OX2H1])])=,:[#6;R1](-[!$([H][#6;A;X4R0]([H])([H])[#8;X2R0])!$([OX2H1])])[#6;R1](-[!$([H][#6;A;X4R0]([H])([H])[#8;X2R0])!$([OX2H1])])=,:[#6;R1](-[!$([H][#6;A;X4R0]([H])([H])[#8;X2R0])!$([OX2H1])])[#6;R1]=,:1-[!$([H][#6;A;X4R0]([H])([H])[#8;X2R0])!$([OX2H1])]),$([H][#6;A;X4R0]([H])([H])[#8;X2R0]-[#6]=,:1[#6]=,:2[#8][#6;R1](=,:[#6;R1](-[!$([H][#6;A;X4R0]([H])([H])[#8;X2R0])!$([OX2H1])])[#6;R1](=[O;X1])[#6]=,:2[#6](-[!$([H][#6;A;X4R0]([H])([H])[#8;X2R0])!$([OX2H1])])=,:[#6](-[!$([H][#6;A;X4R0]([H])([H])[#8;X2R0])!$([OX2H1])])[#6]=,:1-[!$([H][#6;A;X4R0]([H])([H])[#8;X2R0])!$([OX2H1])])-[#6;R1]=,:1[#6;R1](-[!$([H][#6;A;X4R0]([H])([H])[#8;X2R0])!$([OX2H1])])=,:[#6;R1](-[!$([H][#6;A;X4R0]([H])([H])[#8;X2R0])!$([OX2H1])])[#6;R1](-[!$([H][#6;A;X4R0]([H])([H])[#8;X2R0])!$([OX2H1])])=,:[#6;R1](-[!$([H][#6;A;X4R0]([H])([H])[#8;X2R0])!$([OX2H1])])[#6;R1]=,:1-[!$([H][#6;A;X4R0]([H])([H])[#8;X2R0])!$([OX2H1])])]	[H:22][#6;R1:12]1=,:[#6;R1:11]([#8:21][#6:20]=,:2[#6:19]=,:[#6:18][#6:17]=,:[#6:16][#6:15]=,:2[#6;R1:13]1=[O;X1:14])-[#6;R1:8]=,:1[#6;R1:7]=,:[#6;R1:6][#6;R1:5](=,:[#6;R1:10][#6;R1:9]=,:1)-[#8;X2R0:4][#6;A;X4R0:2]([H:3])([H])[H:1]>>[H:3][#6;A;X3R0:2]([H:1])=O.[H][#8;X2R0:4]-[#6;R1:5]=,:1[#6;R1:6]=,:[#6;R1:7][#6;R1:8](=,:[#6;R1:9][#6;R1:10]=,:1)-[#6;R1:11]=,:1[#8:21][#6:20]=,:2[#6:19]=,:[#6:18][#6:17]=,:[#6:16][#6:15]=,:2[#6;R1:13](=[O;X1:14])[#6;R1:12]=,:1[H:22]
base	_4_ALKYL_HYDROXYLATION_OF_OXOAZAPHOSPHORINE	BTMR1052	4-Alkyl hydroxylation of oxazaphosphorine	bt:_4_ALKYL_HYDROXYLATION_OF_OXOAZAPHOSPHORINE	1	[H][C;R1]1([H])[#6;R1]-[#6;R1]-[#8;R1][P;R1]([#7])(=[O;X1R0])[#7;X3R1]1	0		[H:9][C;R1:1]1([H])[#6;R1:2]-[#6;R1:3]-[#8;R1:4][P;R1:5]([#7:6])(=[O;X1R0:7])[#7;X3R1:8]1>>[H][#8][C;R1:1]1([H:9])[#6;R1:2]-[#6;R1:3]-[#8;R1:4][P;R1:5]([#7:6])(=[O;X1R0:7])[#7;X3R1:8]1
base	_4_HYDROXY_5_PHENYLVALERIC_ACID_DEHYDROXIDATION	BTMR0263	Dehydroxylation of 4-OH-5-phenylvaleric acid	bt:_4_HYDROXY_5_PHENYLVALERIC_ACID_DEHYDROXIDATION	1	[H][#8]-[#6](=O)C([H])([H])C([H])([H])C([H])([#8][H])C([H])([H])[#6]1=,:[#6]([H])[#6]=,:[#6](-[OX2H1,#1])[#6](-[OX2H1,#1])=,:[#6]1[H]	0		[H:1][#8:2]-[#6:3](=[O:4])[C:5]([H:6])([H:7])[C:8]([H:9])([H:10])[C:11]([H:12])([#8:13][H:14])[C:15]([H:16])([H:17])[#6:18]1=,:[#6:24]([H:25])[#6:23]=,:[#6:22](-[OX2H1,#1:26])[#6:21](-[OX2H1,#1:27])=,:[#6:19]1[H:20]>>[H:14][#8:13][H].[H:1][#8:2]-[#6:3](=[O:4])[C:5]([H:6])([H:7])[C:8]([H:9])([H:10])[C:11]([H:12])([H])[C:15]([H:16])([H:17])[#6:18]1=,:[#6:24]([H:25])[#6:23]=,:[#6:22](-[OX2H1,#1:26])[#6:21](-[OX2H1,#1:27])=,:[#6:19]1[H:20]
base	_4_O_SULFATION_OF_HYDROXYCINNAMATE_PATTERN1	BTMR1289	4-OH-Sulfation of hydroxycinnamate	bt:_4_O_SULFATION_OF_HYDROXYCINNAMATE	1	[#8;A;H1X2][#6;R1]1=,:[#6;R1][#6;R1]=,:[#6;R1]([#6;R1]=,:[#6;R1]1-[#1,$([O][H]),$([O][C](-[H])(-[H])[H])])[#6;A;H1X3]=[#6;A;H1X3][#6]([#8;A;X1-,X2H1])=[O;X1]	0		[H:14][#8;A;X2:1][#6;R1:2]1=,:[#6;R1:3][#6;R1:4]=,:[#6;R1:5]([#6;R1:6]=,:[#6;R1:7]1-[#1,$([O][H]),$([O][C](-[H])(-[H])[H]):8])[#6;A;H1X3:9]=[#6;A;H1X3:10][#6:11]([#8;A;X1-,X2H1:12])=[O;X1:13]>>[H:14][#8]S(=O)(=O)[#8;A;X2:1][#6;R1:2]1=,:[#6;R1:3][#6;R1:4]=,:[#6;R1:5]([#6;R1:6]=,:[#6;R1:7]1-[#1,$([O][H]),$([O][C](-[H])(-[H])[H]):8])[#6;A;H1X3:9]=[#6;A;H1X3:10][#6:11]([#8;A;X1-,X2H1:12])=[O;X1:13]
base	_4_O_SULFATION_OF_HYDROXYCINNAMATE_PATTERN2	BTMR1290	4-OH-Sulfation of hydroxycinnamate	bt:_4_O_SULFATION_OF_HYDROXYCINNAMATE	1	[#8;A;H1X2][#6;R1]1=,:[#6;R1][#6;R1]=,:[#6;R1]([#6;R1]=,:[#6;R1]1-[#1,$([O][H]),$([O][C](-[H])(-[H])[H])])[#6;A;H2X4][#6;A;H2X4][#6]([#8;A;X1-,X2H1])=[O;X1]	0		[H:14][#8;A;X2:1][#6;R1:2]1=,:[#6;R1:3][#6;R1:4]=,:[#6;R1:5]([#6;R1:6]=,:[#6;R1:7]1-[#1,$([O][H]),$([O][C](-[H])(-[H])[H]):8])[#6;A;H2X4:9][#6;A;H2X4:10][#6:11]([#8;A;X1-,X2H1:12])=[O;X1:13]>>[H:14][#8]S(=O)(=O)[#8;A;X2:1][#6;R1:2]1=,:[#6;R1:3][#6;R1:4]=,:[#6;R1:5]([#6;R1:6]=,:[#6;R1:7]1-[#1,$([O][H]),$([O][C](-[H])(-[H])[H]):8])[#6;A;H2X4:9][#6;A;H2X4:10][#6:11]([#8;A;X1-,X2H1:12])=[O;X1:13]
base	_4_O_SULFATION_OF_PHENOLIC_COMPOUND	BTMR0197	4-OH-Sulfonation of phenolic compound	bt:_4_O_SULFATION_OF_PHENOLIC_COMPOUND	1	[H][#6;R1]1=,:[#6;R1][#6;R1](!@-[#8;H1X2R0])=,:[#6;R1][#6;R1]([H])=,:[#6;R1]1!@-[*,#1;$([#6;R1]1=,:[#6;R1][#6;R1]=,:[#6;R1][#6;R1]([OX2H1,OX1-])=,:[#6;R1]1),$([#6;R1]1=,:[#6;R1]([OX2H1,OX1-])[#6;R1]=,:[#6;R1][#6;R1]=,:[#6;R1]1),$([#6;R1]1=,:[#6;R1][#6;R1]=,:[#6;R1]([OX2H1,OX1-])[#6;R1]=,:[#6;R1]1),$([NX3H0+0,NX4H1+;$([N]([#6])([#6])[#6]);!$([N]*~[#7,#8,#15,#16])]),$([NX3H1+0,NX4H2+;$([N]([#6])[#6]);!$([N]*~[#7,#8,#15,#16])]),$([NX3H2+0,NX4H3+;!$([N][!C]);!$([N]*~[#7,#8,#15,#16])]),$([NX3H2+0,NX4H3+]c),$([OX2](c)[CX4;!$(C([OX2])[O,S,#7,#15,F,Cl,Br,I])]),$([OX2]([CX4;!$(C([OX2])[O,S,#7,#15,F,Cl,Br,I])])[CX4;!$(C([OX2])[O,S,#7,#15,F,Cl,Br,I])]),$([#7X3;$([H2]),$([H1][#6;!$(C=[O,N,S])]),$([#7]([#6;!$(C=[O,N,S])])[#6;!$(C=[O,N,S])])]-[CX3;$([R0][#6]),$([H1R0])]=[OX1]),$([OX2][CX3;$([R0][#6]),$([H1R0])](=[OX1])[#6;!$(C=[O,N,S])]),$([CX4]),$([CX3]),$([#6;R1]1:,=[#6;R1]:,-[#6;R1]:,=[#6;R1]:,-[#6;R1]:,=[#6;R1]1),$([#6;X3](=,:[#6;X3])-,:[#1,*]),$([#6;A;X3](=[#6;X3])-[#1,*]),$(C([Br])([Br])[Br]),$(C([Cl])([Cl])[Cl]),$(C([F])([F])[F]),$(C([I])([I])[I]),$(C#[NX1]),$([NX1+]),$([#16;A](=O)(=O)[OX2H1,OX1-]),$([NX4H3+1]),$([NX4H0+;$([N]([#6])([#6])[#6][#6]);!$([N]*~[#7,#8,#15,#16])]),$([$([NX3](=O)=O),$([NX3+](=O)[O-])][!#8]),$([$([CX3H][#6]),$([CX3H2])]=[OX1]),$([#6][CX3](=[OX1])[#6]),$([CX3;$([R0][#6]),$([H1R0])](=[OX1])[$([OX2H]),$([OX1-])]),$([CX3;$([R0][#6]),$([H1R0])](=[OX1])[ClX1]),$([CX3;$([R0][#6]),$([H1R0])](=[OX1])[OX2][#6;!$(C=[O,N,S])]),$([CX3;$([R0][#6]),$([H1R0])](=[OX1])[#7X3;$([H2]),$([H1][#6;!$(C=[O,N,S])]),$([#7]([#6;!$(C=[O,N,S])])[#6;!$(C=[O,N,S])])])]	2	[H][#7]([#6;A;H2X4][#6](-[#8])=O)-[#6](=O)[#6;A;H1X4]([#6;A;H2X4][#16][#6,#8,#16;A])[#7]([H])-[#6](=O)[#6;A;H2X4][#6;A;H2X4][#6;A;H1X4]([#7])[#6](-[#8])=O | [#8]-,=[#6](-,=[#7]-[#6]-,=[#6]-,=[#16])-[#6]-[#6]-[#7]-,=[#6](-,=[#8])-[#6](-,=[#8])C([#6])([#6])[#6]-[#8]P([#8])(=O)[#8]P([#8])(=O)[#8]-[#6]-[#6]-1-[#8]-[#6](-[#7]~2~[#6]~[#7]~[#6]~3~[#6]~2~[#7]~[#6]~[#7]~[#6]~3-[#7])-[#6](-[#8])-[#6]-1-[#8]	[H:11][#8;X2R0:5]!@-[#6;R1:4]=,:1[#6;R1:3]=,:[#6;R1:2]([H:1])[#6;R1:9](!@-[*,#1;$([#6;R1]1=,:[#6;R1][#6;R1]=,:[#6;R1][#6;R1]([OX2H1,OX1-])=,:[#6;R1]1),$([#6;R1]1=,:[#6;R1]([OX2H1,OX1-])[#6;R1]=,:[#6;R1][#6;R1]=,:[#6;R1]1),$([#6;R1]1=,:[#6;R1][#6;R1]=,:[#6;R1]([OX2H1,OX1-])[#6;R1]=,:[#6;R1]1),$([NX3H0+0,NX4H1+;$([N]([#6])([#6])[#6]);!$([N]*~[#7,#8,#15,#16])]),$([NX3H1+0,NX4H2+;$([N]([#6])[#6]);!$([N]*~[#7,#8,#15,#16])]),$([NX3H2+0,NX4H3+;!$([N][!C]);!$([N]*~[#7,#8,#15,#16])]),$([NX3H2+0,NX4H3+]c),$([OX2](c)[CX4;!$(C([OX2])[O,S,#7,#15,F,Cl,Br,I])]),$([OX2]([CX4;!$(C([OX2])[O,S,#7,#15,F,Cl,Br,I])])[CX4;!$(C([OX2])[O,S,#7,#15,F,Cl,Br,I])]),$([#7X3;$([H2]),$([H1][#6;!$(C=[O,N,S])]),$([#7]([#6;!$(C=[O,N,S])])[#6;!$(C=[O,N,S])])]-[CX3;$([R0][#6]),$([H1R0])]=[OX1]),$([OX2][CX3;$([R0][#6]),$([H1R0])](=[OX1])[#6;!$(C=[O,N,S])]),$([CX4]),$([CX3]),$([#6;R1]1:,=[#6;R1]:,-[#6;R1]:,=[#6;R1]:,-[#6;R1]:,=[#6;R1]1),$([#6;X3](=,:[#6;X3])-,:[#1,*]),$([#6;A;X3](=[#6;X3])-[#1,*]),$(C([Br])([Br])[Br]),$(C([Cl])([Cl])[Cl]),$(C([F])([F])[F]),$(C([I])([I])[I]),$(C#[NX1]),$([NX1+]),$([#16;A](=O)(=O)[OX2H1,OX1-]),$([NX4H3+1]),$([NX4H0+;$([N]([#6])([#6])[#6][#6]);!$([N]*~[#7,#8,#15,#16])]),$([$([NX3](=O)=O),$([NX3+](=O)[O-])][!#8]),$([$([CX3H][#6]),$([CX3H2])]=[OX1]),$([#6][CX3](=[OX1])[#6]),$([CX3;$([R0][#6]),$([H1R0])](=[OX1])[$([OX2H]),$([OX1-])]),$([CX3;$([R0][#6]),$([H1R0])](=[OX1])[ClX1]),$([CX3;$([R0][#6]),$([H1R0])](=[OX1])[OX2][#6;!$(C=[O,N,S])]),$([CX3;$([R0][#6]),$([H1R0])](=[OX1])[#7X3;$([H2]),$([H1][#6;!$(C=[O,N,S])]),$([#7]([#6;!$(C=[O,N,S])])[#6;!$(C=[O,N,S])])]):10])=,:[#6;R1:7]([H:8])[#6;R1:6]=,:1>>[H:11][#8]S(=O)(=O)[#8;X2R0:5]!@-[#6;R1:4]=,:1[#6;R1:3]=,:[#6;R1:2]([H:1])[#6;R1:9](!@-[*,#1;$([#6;R1]1=,:[#6;R1][#6;R1]=,:[#6;R1][#6;R1]([OX2H1,OX1-])=,:[#6;R1]1),$([#6;R1]1=,:[#6;R1]([OX2H1,OX1-])[#6;R1]=,:[#6;R1][#6;R1]=,:[#6;R1]1),$([#6;R1]1=,:[#6;R1][#6;R1]=,:[#6;R1]([OX2H1,OX1-])[#6;R1]=,:[#6;R1]1),$([NX3H0+0,NX4H1+;$([N]([#6])([#6])[#6]);!$([N]*~[#7,#8,#15,#16])]),$([NX3H1+0,NX4H2+;$([N]([#6])[#6]);!$([N]*~[#7,#8,#15,#16])]),$([NX3H2+0,NX4H3+;!$([N][!C]);!$([N]*~[#7,#8,#15,#16])]),$([NX3H2+0,NX4H3+]c),$([OX2](c)[CX4;!$(C([OX2])[O,S,#7,#15,F,Cl,Br,I])]),$([OX2]([CX4;!$(C([OX2])[O,S,#7,#15,F,Cl,Br,I])])[CX4;!$(C([OX2])[O,S,#7,#15,F,Cl,Br,I])]),$([#7X3;$([H2]),$([H1][#6;!$(C=[O,N,S])]),$([#7]([#6;!$(C=[O,N,S])])[#6;!$(C=[O,N,S])])]-[CX3;$([R0][#6]),$([H1R0])]=[OX1]),$([OX2][CX3;$([R0][#6]),$([H1R0])](=[OX1])[#6;!$(C=[O,N,S])]),$([CX4]),$([CX3]),$([#6;R1]1:,=[#6;R1]:,-[#6;R1]:,=[#6;R1]:,-[#6;R1]:,=[#6;R1]1),$([#6;X3](=,:[#6;X3])-,:[#1,*]),$([#6;A;X3](=[#6;X3])-[#1,*]),$(C([Br])([Br])[Br]),$(C([Cl])([Cl])[Cl]),$(C([F])([F])[F]),$(C([I])([I])[I]),$(C#[NX1]),$([NX1+]),$([#16;A](=O)(=O)[OX2H1,OX1-]),$([NX4H3+1]),$([NX4H0+;$([N]([#6])([#6])[#6][#6]);!$([N]*~[#7,#8,#15,#16])]),$([$([NX3](=O)=O),$([NX3+](=O)[O-])][!#8]),$([$([CX3H][#6]),$([CX3H2])]=[OX1]),$([#6][CX3](=[OX1])[#6]),$([CX3;$([R0][#6]),$([H1R0])](=[OX1])[$([OX2H]),$([OX1-])]),$([CX3;$([R0][#6]),$([H1R0])](=[OX1])[ClX1]),$([CX3;$([R0][#6]),$([H1R0])](=[OX1])[OX2][#6;!$(C=[O,N,S])]),$([CX3;$([R0][#6]),$([H1R0])](=[OX1])[#7X3;$([H2]),$([H1][#6;!$(C=[O,N,S])]),$([#7]([#6;!$(C=[O,N,S])])[#6;!$(C=[O,N,S])])]):10])=,:[#6;R1:7]([H:8])[#6;R1:6]=,:1
base	_5P_RIBONUCLEOTIDE_DEPHOSPHORYLATION	BTMR0536	Dephosphorylation of 5'-ribonucleotide	bt:_5P_RIBONUCLEOTIDE_DEPHOSPHORYLATION	1	[#7;R1]-[#6]-1-[#8][#6;A;H1X4]([#6;H2X4]-[#8;X2]P([#8;A;X2H1,X1-])([#8;A;X2H1,X1-])=[O;X1])[#6](-[#8])-[#6]-1-[#8]	0		[#7;R1:10]-[#6:5]-1-[#8:1][#6;A;H1X4:2]([#6;H2X4:6]-[#8;X2:7]P([#8;A;X2H1,X1-])([#8;A;X2H1,X1-])=[O;X1])[#6:3]([#8;A;H1X2:8])-[#6:4]-1[#8;A;H1X2:9]>>[#7;R1:10]-[#6:5]-1-[#8:1][#6;A;H1X4:2]([#6;H2X4:6]-[#8;H1X2:7])[#6:3]([#8;A;H1X2:8])-[#6:4]-1[#8;A;H1X2:9]
base	_5_O_DEMETHYLATION_OF_FLAVONE	BTMR0077	5-O-Demethylation of flavone	bt:_5_O_DEMETHYLATION_OF_FLAVONE	1	[H][#6;A;X4R0]([H])([H])[#8;X2R0]-[#6]1=,:[#6][#6]=,:[#6][#6]=,:2[#8][#6;R1](=,:[#6;R1][#6;R1](=[O;X1])[#6]1=,:2)-[#6;R1]=,:1[#6;R1]=,:[#6;R1][#6;R1]=,:[#6;R1][#6;R1]=,:1	1	[$([H][#6;A;X4R0]([H])([H])[#8;X2R0]-[#6;R1]1=,:[#6;R1](-[!$([H][#6;A;X4R0]([H])([H])[#8;X2R0])!$([OX2H1])])[#6;R1](-[!$([H][#6;A;X4R0]([H])([H])[#8;X2R0])!$([OX2H1])])=,:[#6;R1](-[!$([H][#6;A;X4R0]([H])([H])[#8;X2R0])!$([OX2H1])])[#6;R1](-[!$([H][#6;A;X4R0]([H])([H])[#8;X2R0])!$([OX2H1])])=,:[#6;R1]1-[#6;R1]=,:1[#8][#6]2=,:[#6]([#6](-[!$([H][#6;A;X4R0]([H])([H])[#8;X2R0])!$([OX2H1])])=,:[#6](-[!$([H][#6;A;X4R0]([H])([H])[#8;X2R0])!$([OX2H1])])[#6](-[!$([H][#6;A;X4R0]([H])([H])[#8;X2R0])!$([OX2H1])])=,:[#6]2-[!$([H][#6;A;X4R0]([H])([H])[#8;X2R0])!$([OX2H1])])[#6;R1](=[O;X1])[#6;R1]=,:1-[!$([H][#6;A;X4R0]([H])([H])[#8;X2R0])!$([OX2H1])]),$([H][#6;A;X4R0]([H])([H])[#8;X2R0]-[#6;R1]=,:1[#6;R1](-[!$([H][#6;A;X4R0]([H])([H])[#8;X2R0])!$([OX2H1])])=,:[#6;R1](-[!$([H][#6;A;X4R0]([H])([H])[#8;X2R0])!$([OX2H1])])[#6;R1](-[!$([H][#6;A;X4R0]([H])([H])[#8;X2R0])!$([OX2H1])])=,:[#6;R1]([#6;R1]=,:1-[!$([H][#6;A;X4R0]([H])([H])[#8;X2R0])!$([OX2H1])])-[#6;R1]=,:1[#8][#6]2=,:[#6]([#6](-[!$([H][#6;A;X4R0]([H])([H])[#8;X2R0])!$([OX2H1])])=,:[#6](-[!$([H][#6;A;X4R0]([H])([H])[#8;X2R0])!$([OX2H1])])[#6](-[!$([H][#6;A;X4R0]([H])([H])[#8;X2R0])!$([OX2H1])])=,:[#6]2-[!$([H][#6;A;X4R0]([H])([H])[#8;X2R0])!$([OX2H1])])[#6;R1](=[O;X1])[#6;R1]=,:1-[!$([H][#6;A;X4R0]([H])([H])[#8;X2R0])!$([OX2H1])]),$([H][#6;A;X4R0]([H])([H])[#8;X2R0]-[#6;R1]=,:1[#6;R1](-[!$([H][#6;A;X4R0]([H])([H])[#8;X2R0])!$([OX2H1])])=,:[#6;R1](-[!$([H][#6;A;X4R0]([H])([H])[#8;X2R0])!$([OX2H1])])[#6;R1](=,:[#6;R1](-[!$([H][#6;A;X4R0]([H])([H])[#8;X2R0])!$([OX2H1])])[#6;R1]=,:1-[!$([H][#6;A;X4R0]([H])([H])[#8;X2R0])!$([OX2H1])])-[#6;R1]=,:1[#8][#6]2=,:[#6]([#6](-[!$([H][#6;A;X4R0]([H])([H])[#8;X2R0])!$([OX2H1])])=,:[#6](-[!$([H][#6;A;X4R0]([H])([H])[#8;X2R0])!$([OX2H1])])[#6](-[!$([H][#6;A;X4R0]([H])([H])[#8;X2R0])!$([OX2H1])])=,:[#6]2-[!$([H][#6;A;X4R0]([H])([H])[#8;X2R0])!$([OX2H1])])[#6;R1](=[O;X1])[#6;R1]=,:1-[!$([H][#6;A;X4R0]([H])([H])[#8;X2R0])!$([OX2H1])]),$([H][#6;A;X4R0]([H])([H])[#8;X2R0]-[#6;R1]1=,:[#6;R1]([#8][#6]2=,:[#6]([#6](-[!$([H][#6;A;X4R0]([H])([H])[#8;X2R0])!$([OX2H1])])=,:[#6](-[!$([H][#6;A;X4R0]([H])([H])[#8;X2R0])!$([OX2H1])])[#6](-[!$([H][#6;A;X4R0]([H])([H])[#8;X2R0])!$([OX2H1])])=,:[#6]2-[!$([H][#6;A;X4R0]([H])([H])[#8;X2R0])!$([OX2H1])])[#6;R1]1=[O;X1])-[#6;R1]=,:1[#6;R1](-[!$([H][#6;A;X4R0]([H])([H])[#8;X2R0])!$([OX2H1])])=,:[#6;R1](-[!$([H][#6;A;X4R0]([H])([H])[#8;X2R0])!$([OX2H1])])[#6;R1](-[!$([H][#6;A;X4R0]([H])([H])[#8;X2R0])!$([OX2H1])])=,:[#6;R1](-[!$([H][#6;A;X4R0]([H])([H])[#8;X2R0])!$([OX2H1])])[#6;R1]=,:1-[!$([H][#6;A;X4R0]([H])([H])[#8;X2R0])!$([OX2H1])]),$([H][#6;A;X4R0]([H])([H])[#8;X2R0]-[#6]=,:1[#6]2=,:[#6]([#8][#6;R1](=,:[#6;R1](-[!$([H][#6;A;X4R0]([H])([H])[#8;X2R0])!$([OX2H1])])[#6;R1]2=[O;X1])-[#6;R1]=,:2[#6;R1](-[!$([H][#6;A;X4R0]([H])([H])[#8;X2R0])!$([OX2H1])])=,:[#6;R1](-[!$([H][#6;A;X4R0]([H])([H])[#8;X2R0])!$([OX2H1])])[#6;R1](-[!$([H][#6;A;X4R0]([H])([H])[#8;X2R0])!$([OX2H1])])=,:[#6;R1](-[!$([H][#6;A;X4R0]([H])([H])[#8;X2R0])!$([OX2H1])])[#6;R1]=,:2-[!$([H][#6;A;X4R0]([H])([H])[#8;X2R0])!$([OX2H1])])[#6](-[!$([H][#6;A;X4R0]([H])([H])[#8;X2R0])!$([OX2H1])])=,:[#6](-[!$([H][#6;A;X4R0]([H])([H])[#8;X2R0])!$([OX2H1])])[#6]=,:1-[!$([H][#6;A;X4R0]([H])([H])[#8;X2R0])!$([OX2H1])]),$([H][#6;A;X4R0]([H])([H])[#8;X2R0]-[#6]1=,:[#6](-[!$([H][#6;A;X4R0]([H])([H])[#8;X2R0])!$([OX2H1])])[#6]2=,:[#6]([#8][#6;R1](=,:[#6;R1](-[!$([H][#6;A;X4R0]([H])([H])[#8;X2R0])!$([OX2H1])])[#6;R1]2=[O;X1])-[#6;R1]=,:2[#6;R1](-[!$([H][#6;A;X4R0]([H])([H])[#8;X2R0])!$([OX2H1])])=,:[#6;R1](-[!$([H][#6;A;X4R0]([H])([H])[#8;X2R0])!$([OX2H1])])[#6;R1](-[!$([H][#6;A;X4R0]([H])([H])[#8;X2R0])!$([OX2H1])])=,:[#6;R1](-[!$([H][#6;A;X4R0]([H])([H])[#8;X2R0])!$([OX2H1])])[#6;R1]=,:2-[!$([H][#6;A;X4R0]([H])([H])[#8;X2R0])!$([OX2H1])])[#6](-[!$([H][#6;A;X4R0]([H])([H])[#8;X2R0])!$([OX2H1])])=,:[#6]1-[!$([H][#6;A;X4R0]([H])([H])[#8;X2R0])!$([OX2H1])]),$([H][#6;A;X4R0]([H])([H])[#8;X2R0]-[#6]1=,:[#6](-[!$([H][#6;A;X4R0]([H])([H])[#8;X2R0])!$([OX2H1])])[#6]=,:2[#8][#6;R1](=,:[#6;R1](-[!$([H][#6;A;X4R0]([H])([H])[#8;X2R0])!$([OX2H1])])[#6;R1](=[O;X1])[#6]=,:2[#6](-[!$([H][#6;A;X4R0]([H])([H])[#8;X2R0])!$([OX2H1])])=,:[#6]1-[!$([H][#6;A;X4R0]([H])([H])[#8;X2R0])!$([OX2H1])])-[#6;R1]=,:1[#6;R1](-[!$([H][#6;A;X4R0]([H])([H])[#8;X2R0])!$([OX2H1])])=,:[#6;R1](-[!$([H][#6;A;X4R0]([H])([H])[#8;X2R0])!$([OX2H1])])[#6;R1](-[!$([H][#6;A;X4R0]([H])([H])[#8;X2R0])!$([OX2H1])])=,:[#6;R1](-[!$([H][#6;A;X4R0]([H])([H])[#8;X2R0])!$([OX2H1])])[#6;R1]=,:1-[!$([H][#6;A;X4R0]([H])([H])[#8;X2R0])!$([OX2H1])]),$([H][#6;A;X4R0]([H])([H])[#8;X2R0]-[#6]=,:1[#6]=,:2[#8][#6;R1](=,:[#6;R1](-[!$([H][#6;A;X4R0]([H])([H])[#8;X2R0])!$([OX2H1])])[#6;R1](=[O;X1])[#6]=,:2[#6](-[!$([H][#6;A;X4R0]([H])([H])[#8;X2R0])!$([OX2H1])])=,:[#6](-[!$([H][#6;A;X4R0]([H])([H])[#8;X2R0])!$([OX2H1])])[#6]=,:1-[!$([H][#6;A;X4R0]([H])([H])[#8;X2R0])!$([OX2H1])])-[#6;R1]=,:1[#6;R1](-[!$([H][#6;A;X4R0]([H])([H])[#8;X2R0])!$([OX2H1])])=,:[#6;R1](-[!$([H][#6;A;X4R0]([H])([H])[#8;X2R0])!$([OX2H1])])[#6;R1](-[!$([H][#6;A;X4R0]([H])([H])[#8;X2R0])!$([OX2H1])])=,:[#6;R1](-[!$([H][#6;A;X4R0]([H])([H])[#8;X2R0])!$([OX2H1])])[#6;R1]=,:1-[!$([H][#6;A;X4R0]([H])([H])[#8;X2R0])!$([OX2H1])])]	[H:1][#6;A;X4R0:2]([H])([H:3])[#8;X2R0:4]-[#6:5]1=,:[#6:6][#6:7]=,:[#6:8][#6:9]=,:2[#8:10][#6;R1:11](=,:[#6;R1:12][#6;R1:13](=[O;X1:14])[#6:15]1=,:2)-[#6;R1:16]=,:1[#6;R1:17]=,:[#6;R1:18][#6;R1:19]=,:[#6;R1:20][#6;R1:21]=,:1>>[H:1][#6;A;X3R0:2]([H:3])=O.[H][#8;X2R0:4]-[#6:5]1=,:[#6:6][#6:7]=,:[#6:8][#6:9]=,:2[#8:10][#6;R1:11](=,:[#6;R1:12][#6;R1:13](=[O;X1:14])[#6:15]1=,:2)-[#6;R1:16]=,:1[#6;R1:17]=,:[#6;R1:18][#6;R1:19]=,:[#6;R1:20][#6;R1:21]=,:1
base	_6E_REDUCTION_OF_NITROGUANIDINE	BTMR1219	6-electron Reduction of nitroguanidine	bt:_6E_REDUCTION_OF_NITROGUANIDINE	1	[#7][#6;X3](-[#7])=[#7]!@[#7;X3+](-[#8;X1-])=[O;X1]	0		[#7:1][#6;X3:2](-[#7:3])=[#7:4]!@[#7;X3+:5](-[#8;X1-:7])=[O;X1:6]>>[O;X1:7]=[O;X1:6].[H][#7;X3:5]([H])!@[#7:4]=[#6;X3:2]([#7:1])-[#7:3]
base	_6P_METHOXYLISOFLAVONE_DEMETHYLATION	BTMR0297	6p-Demethylation of 6p-methoxyisoflavone	bt:_6P_METHOXYLISOFLAVONE_DEMETHYLATION	1	[H][C;X4]([H])([H])[#8;X2]-[#6;R1]1=,:[#6;R1][#6;R1]=,:[#6;R2]2[#8;R1][#6;R1]=,:[#6;R1](-[#6;R1]=,:3[#6;R1]=,:[#6;R1][#6;R1]=,:[#6;R1][#6;R1]=,:3)[#6;R1](=[O;X1])[#6;R2]2=,:[#6;R1]1	0		[H][C;X4]([H])([H])[#8;X2:18]-[#6;R1:13]1=,:[#6;R1:12][#6;R1:11]=,:[#6;R2:10]2[#8;R1:9][#6;R1:8]=,:[#6;R1:7](-[#6;R1:4]=,:3[#6;R1:3]=,:[#6;R1:2][#6;R1:1]=,:[#6;R1:6][#6;R1:5]=,:3)[#6;R1:16](=[O;X1:17])[#6;R2:15]2=,:[#6;R1:14]1>>[H][#8;X2:18]-[#6;R1:13]1=,:[#6;R1:12][#6;R1:11]=,:[#6;R2:10]2[#8;R1:9][#6;R1:8]=,:[#6;R1:7](-[#6;R1:4]=,:3[#6;R1:3]=,:[#6;R1:2][#6;R1:1]=,:[#6;R1:6][#6;R1:5]=,:3)[#6;R1:16](=[O;X1:17])[#6;R2:15]2=,:[#6;R1:14]1
base	_6_OH_GLUCURONIDATION_OF_STEROL	BTMR0159	6-OH-Glucuronidation of sterol	bt:_6_OH_GLUCURONIDATION_OF_STEROL	1	[#8;A;H1X2][#6]~1~[#6,#8,#7,#16;A;R1]~[#6,#7]~2-,=[#6,#7]-,=3-,=[#6,#8,#7,#16]-,=[#6,#8,#7,#16]-,=[#6]-,=[#6,#7]-,=3-,=[#6,#7][#6;A;X4;H2,H1][#6,#7]~2~[#6,#7]~2~[#6,#8,#7,#16]~[#6,#8,#7,#16]~[#6,#8,#7,#16]~[#6,#8,#7,#16]~[#6,#7]~1~2	3	[#6]=,:[#6]-1[#6](=,:[#6])C([H])([#8][H])C([H])([H])[#6](=O)-[#6]-1-* | [H][#7]([#6;A;H2X4][#6](-[#8])=O)-[#6](=O)[#6;A;H1X4]([#6;A;H2X4][#16][#6,#8,#16;A])[#7]([H])-[#6](=O)[#6;A;H2X4][#6;A;H2X4][#6;A;H1X4]([#7])[#6](-[#8])=O | [#8]-,=[#6](-,=[#7]-[#6]-,=[#6]-,=[#16])-[#6]-[#6]-[#7]-,=[#6](-,=[#8])-[#6](-,=[#8])C([#6])([#6])[#6]-[#8]P([#8])(=O)[#8]P([#8])(=O)[#8]-[#6]-[#6]-1-[#8]-[#6](-[#7]~2~[#6]~[#7]~[#6]~3~[#6]~2~[#7]~[#6]~[#7]~[#6]~3-[#7])-[#6](-[#8])-[#6]-1-[#8]	[H:19][#8;A;X2:1][#6:2]~1~[#6,#8,#7,#16;A;R1:3]~[#6,#7:4]~2-,=[#6,#7:5]-,=3-,=[#6,#8,#7,#16:6]-,=[#6,#8,#7,#16:7]-,=[#6:8]-,=[#6,#7:9]-,=3-,=[#6,#7:10][#6;A;X4;H2,H1:11][#6,#7:12]~2~[#6,#7:13]~2~[#6,#8,#7,#16:14]~[#6,#8,#7,#16:15]~[#6,#8,#7,#16:16]~[#6,#8,#7,#16:17]~[#6,#7:18]~1~2>>[H:19][#8]-[#6]-1-[#6](-[#8])-[#6](-[#8])-[#6](-[#8]-[#6]-1[#8;A;X2:1][#6:2]~1~[#6,#8,#7,#16;A;R1:3]~[#6,#7:4]~2-,=[#6,#7:5]-,=3-,=[#6,#8,#7,#16:6]-,=[#6,#8,#7,#16:7]-,=[#6:8]-,=[#6,#7:9]-,=3-,=[#6,#7:10][#6;A;X4;H2,H1:11][#6,#7:12]~2~[#6,#7:13]~2~[#6,#8,#7,#16:14]~[#6,#8,#7,#16:15]~[#6,#8,#7,#16:16]~[#6,#8,#7,#16:17]~[#6,#7:18]~1~2)-[#6](-[#8])=O
base	_6_OH_GLUCURONIDATION_OF_STEROL_PATTERN2	BTMR0160	6-OH-Glucuronidation of sterol	bt:_6_OH_GLUCURONIDATION_OF_STEROL	1	[#8;A;H1X2][#6]-1-,=[#6,#8,#7,#16;A;R1]-,=[#6,#7]-,=2-,=[#6,#7]-,=3-,=[#6,#8,#7,#16]-,=[#6,#8,#7,#16]-,=[#6]-,=[#6,#7]-,=3-,=[#6,#7][#6;A;X4;H2,H1][#6,#7]-,=2-[#6]2=,:[#6][#6]=,:[#6][#6]=,:[#6]-12	3	[#6]=,:[#6]-1[#6](=,:[#6])C([H])([#8][H])C([H])([H])[#6](=O)-[#6]-1-* | [H][#7]([#6;A;H2X4][#6](-[#8])=O)-[#6](=O)[#6;A;H1X4]([#6;A;H2X4][#16][#6,#8,#16;A])[#7]([H])-[#6](=O)[#6;A;H2X4][#6;A;H2X4][#6;A;H1X4]([#7])[#6](-[#8])=O | [#8]-,=[#6](-,=[#7]-[#6]-,=[#6]-,=[#16])-[#6]-[#6]-[#7]-,=[#6](-,=[#8])-[#6](-,=[#8])C([#6])([#6])[#6]-[#8]P([#8])(=O)[#8]P([#8])(=O)[#8]-[#6]-[#6]-1-[#8]-[#6](-[#7]~2~[#6]~[#7]~[#6]~3~[#6]~2~[#7]~[#6]~[#7]~[#6]~3-[#7])-[#6](-[#8])-[#6]-1-[#8]	[H:19][#8;A;X2:1][#6:2]-1-,=[#6,#8,#7,#16;A;R1:3]-,=[#6,#7:4]-,=2-,=[#6,#7:5]-,=3-,=[#6,#8,#7,#16:6]-,=[#6,#8,#7,#16:7]-,=[#6:8]-,=[#6,#7:9]-,=3-,=[#6,#7:10][#6;A;X4;H2,H1:11][#6,#7:12]-,=2-[#6:13]2=,:[#6:14][#6:15]=,:[#6:16][#6:17]=,:[#6:18]-12>>[H:19][#8]-[#6]-1-[#6](-[#8])-[#6](-[#8])-[#6](-[#8]-[#6]-1[#8;A;X2:1][#6:2]-1-,=[#6,#8,#7,#16;A;R1:3]-,=[#6,#7:4]-,=2-,=[#6,#7:5]-,=3-,=[#6,#8,#7,#16:6]-,=[#6,#8,#7,#16:7]-,=[#6:8]-,=[#6,#7:9]-,=3-,=[#6,#7:10][#6;A;X4;H2,H1:11][#6,#7:12]-,=2-[#6:13]2=,:[#6:14][#6:15]=,:[#6:16][#6:17]=,:[#6:18]-12)-[#6](-[#8])=O
base	_7_ALPHA_HYDROXYSTEROID_DEHYDROGENATION	BTMR0365	Dehydrogenation of 7-beta-hydroxysteroid	bt:_7_ALPHA_HYDROXYSTEROID_DEHYDROGENATION	1	[#8;H1X2][#6;A@@H;X4]1[#6,#8,#7,#16]-,=[#6,#8,#7,#16;A;R2]~2~[#6,#8,#7,#16]~[#6,#8,#7,#16]~[#6,#8,#7,#16]~[#6,#8,#7,#16]~[#6,#8,#7,#16]~2-,=[#6,#8,#7,#16]~2-,=[#6,#8,#7,#16;A;R1]-,=[#6,#8,#7,#16]-,=[#6,#8,#7,#16]-,=3-,=[#6,#8,#7,#16;A;R1]-,=[#6,#8,#7,#16;A;R1]-,=[#6,#8,#7,#16;A;R1]-,=[#6,#8,#7,#16]-,=3-,=[#6,#8,#7,#16;A;R2]1~2	0		[H][#8;X2:18][#6;A@@H;X4:17]1[#6,#8,#7,#16:16]-,=[#6,#8,#7,#16;A;R2:15]~2~[#6,#8,#7,#16:14]~[#6,#8,#7,#16:13]~[#6,#8,#7,#16:12]~[#6,#8,#7,#16:11]~[#6,#8,#7,#16:10]~2-,=[#6,#8,#7,#16:9]~2-,=[#6,#8,#7,#16;A;R1:8]-,=[#6,#8,#7,#16:7]-,=[#6,#8,#7,#16:6]-,=3-,=[#6,#8,#7,#16;A;R1:5]-,=[#6,#8,#7,#16;A;R1:4]-,=[#6,#8,#7,#16;A;R1:3]-,=[#6,#8,#7,#16:2]-,=3-,=[#6,#8,#7,#16;A;R2:1]1~2>>[O;X1:18]=[#6;A;H1X4:17]1[#6,#8,#7,#16:16]-,=[#6,#8,#7,#16;A;R2:15]~2~[#6,#8,#7,#16:14]~[#6,#8,#7,#16:13]~[#6,#8,#7,#16:12]~[#6,#8,#7,#16:11]~[#6,#8,#7,#16:10]~2-,=[#6,#8,#7,#16:9]~2-,=[#6,#8,#7,#16;A;R1:8]-,=[#6,#8,#7,#16:7]-,=[#6,#8,#7,#16:6]-,=3-,=[#6,#8,#7,#16;A;R1:5]-,=[#6,#8,#7,#16;A;R1:4]-,=[#6,#8,#7,#16;A;R1:3]-,=[#6,#8,#7,#16:2]-,=3-,=[#6,#8,#7,#16;A;R2:1]1~2
base	_7_HYDROXYLATION_OF_COUMARINS	BTMR0081	7-Hydroxylation of coumarin	bt:_7_HYDROXYLATION_OF_COUMARINS	1	[H][#6;R1]=,:1[#6;R1]=,:[#6;R1][#6;R2]=,:2[#6;R1]=,:[#6;R1][#6;R1](=O)[#8;R1][#6;R2]=,:2[#6;R1]=,:1	0		[H][#6;R1:1]=,:1[#6;R1:2]=,:[#6;R1:3][#6;R2:4]=,:2[#6;R1:5]=,:[#6;R1:6][#6;R1:7](=[O:8])[#8;R1:9][#6;R2:10]=,:2[#6;R1:11]=,:1>>[H][#8]-[#6;R1:1]=,:1[#6;R1:2]=,:[#6;R1:3][#6;R2:4]=,:2[#6;R1:5]=,:[#6;R1:6][#6;R1:7](=[O:8])[#8;R1:9][#6;R2:10]=,:2[#6;R1:11]=,:1
base	_7_HYDROXY_C24_BILE_ACID_DEHYDROGENATION	BTMR0325	7-OH-Dehydrogenation of C24 bile acid	bt:_7_HYDROXY_C24_BILE_ACID_DEHYDROGENATION	1	[#6]-[#6;R0](-[#6;R0]-[#6;R0]-[#6](-[#8])=O)-[#6;R1]1-,=[#6]-,=[#6][#6;A;H1X4]2[#6]3-,=[#6](-[#6]-[#6]C12[#6])C1([#6])[#6]-[#6]-[#6]-,=[#6][#6;A;H1X4]1[#6][#6;A;H1X4]3[#8;A;H1X2]	0		[#6:1]-[#6;R0:2](-[#6;R0:3]-[#6;R0:4]-[#6:5](-[#8:6])=[O:7])-[#6;R1:8]1-,=[#6:9]-,=[#6:10][#6;A;H1X4:11]2[#6:12]3-,=[#6:13](-[#6:14]-[#6:15][C:16]12[#6:17])[C:18]1([#6:19])[#6:20]-[#6:21]-[#6:22]-,=[#6:23][#6;A;H1X4:24]1[#6:25][#6;A;H1X4:26]3[#8;A;H1X2:27]>>[#6:1]-[#6;R0:2](-[#6;R0:3]-[#6;R0:4]-[#6:5](-[#8:6])=[O:7])-[#6;R1:8]1-,=[#6:9]-,=[#6:10][#6;A;H1X4:11]2[#6:12]3-,=[#6:13](-[#6:14]-[#6:15][C:16]12[#6:17])[C:18]1([#6:19])[#6:20]-[#6:21]-[#6:22]-,=[#6:23][#6;A;H1X4:24]1[#6:25][#6;A;X3:26]3=[#8;A;X1:27]
base	_7_OH_GLUCURONIDATION_OF_STEROL	BTMR0161	7-OH-Glucuronidation of sterol	bt:_7_OH_GLUCURONIDATION_OF_STEROL	1	[H][#8;A;X2]C1([H])[#6,#8,#7,#16;A;R1]~[#6]~2~[#6,#8,#7,#16]~[#6,#8,#7,#16]~[#6,#8,#7,#16]~[#6,#8,#7,#16]~[#6,#8,#7,#16]~2~[#6,#7]~2~[#6;A;X4;H2,H1]~[#6,#8,#7,#16]-,=[#6,#7]-,=3-,=[#6]-,=[#6,#8,#7,#16]-,=[#6,#8,#7,#16]-,=[#6,#7]-,=3-,=[#6,#7]1~2	3	[#6]=,:[#6]-1[#6](=,:[#6])C([H])([#8][H])C([H])([H])[#6](=O)-[#6]-1-* | [H][#7]([#6;A;H2X4][#6](-[#8])=O)-[#6](=O)[#6;A;H1X4]([#6;A;H2X4][#16][#6,#8,#16;A])[#7]([H])-[#6](=O)[#6;A;H2X4][#6;A;H2X4][#6;A;H1X4]([#7])[#6](-[#8])=O | [#8]-,=[#6](-,=[#7]-[#6]-,=[#6]-,=[#16])-[#6]-[#6]-[#7]-,=[#6](-,=[#8])-[#6](-,=[#8])C([#6])([#6])[#6]-[#8]P([#8])(=O)[#8]P([#8])(=O)[#8]-[#6]-[#6]-1-[#8]-[#6](-[#7]~2~[#6]~[#7]~[#6]~3~[#6]~2~[#7]~[#6]~[#7]~[#6]~3-[#7])-[#6](-[#8])-[#6]-1-[#8]	[H:1][#8;A;X2:2][C:3]1([H:4])[#6,#8,#7,#16;A;R1:5]~[#6:6]~2~[#6,#8,#7,#16:7]~[#6,#8,#7,#16:8]~[#6,#8,#7,#16:9]~[#6,#8,#7,#16:10]~[#6,#8,#7,#16:11]~2~[#6,#7:12]~2~[#6;A;X4;H2,H1:13]~[#6,#8,#7,#16:14]-,=[#6,#7:15]-,=3-,=[#6:16]-,=[#6,#8,#7,#16:17]-,=[#6,#8,#7,#16:18]-,=[#6,#7:19]-,=3-,=[#6,#7:20]1~2>>[H:1][#8]-[#6]-1-[#6](-[#8])-[#6](-[#8])-[#6](-[#8]-[#6]-1[#8;A;X2:2][C:3]1([H:4])[#6,#8,#7,#16;A;R1:5]~[#6:6]~2~[#6,#8,#7,#16:7]~[#6,#8,#7,#16:8]~[#6,#8,#7,#16:9]~[#6,#8,#7,#16:10]~[#6,#8,#7,#16:11]~2~[#6,#7:12]~2~[#6;A;X4;H2,H1:13]~[#6,#8,#7,#16:14]-,=[#6,#7:15]-,=3-,=[#6:16]-,=[#6,#8,#7,#16:17]-,=[#6,#8,#7,#16:18]-,=[#6,#7:19]-,=3-,=[#6,#7:20]1~2)-[#6](-[#8])=O
base	_7_OH_GLUCURONIDATION_OF_STEROL_PATTERN2	BTMR0162	7-OH-Glucuronidation of sterol	bt:_7_OH_GLUCURONIDATION_OF_STEROL	1	[H][#8;A;X2]C1([H])[#6,#8,#7,#16;A;R1][#6]2=,:[#6][#6]=,:[#6][#6]=,:[#6]2-[#6,#7]~2-,=[#6;A;X4;H2,H1]-,=[#6,#8,#7,#16]-,=[#6,#7]-,=3-,=[#6]-,=[#6,#8,#7,#16]-,=[#6,#8,#7,#16]-,=[#6,#7]-,=3-,=[#6,#7]1~2	3	[#6]=,:[#6]-1[#6](=,:[#6])C([H])([#8][H])C([H])([H])[#6](=O)-[#6]-1-* | [H][#7]([#6;A;H2X4][#6](-[#8])=O)-[#6](=O)[#6;A;H1X4]([#6;A;H2X4][#16][#6,#8,#16;A])[#7]([H])-[#6](=O)[#6;A;H2X4][#6;A;H2X4][#6;A;H1X4]([#7])[#6](-[#8])=O | [#8]-,=[#6](-,=[#7]-[#6]-,=[#6]-,=[#16])-[#6]-[#6]-[#7]-,=[#6](-,=[#8])-[#6](-,=[#8])C([#6])([#6])[#6]-[#8]P([#8])(=O)[#8]P([#8])(=O)[#8]-[#6]-[#6]-1-[#8]-[#6](-[#7]~2~[#6]~[#7]~[#6]~3~[#6]~2~[#7]~[#6]~[#7]~[#6]~3-[#7])-[#6](-[#8])-[#6]-1-[#8]	[H:1][#8;A;X2:2][C:3]1([H:4])[#6,#8,#7,#16;A;R1:5][#6:6]2=,:[#6:7][#6:8]=,:[#6:9][#6:10]=,:[#6:11]2-[#6,#7:12]~2-,=[#6;A;X4;H2,H1:13]-,=[#6,#8,#7,#16:14]-,=[#6,#7:15]-,=3-,=[#6:16]-,=[#6,#8,#7,#16:17]-,=[#6,#8,#7,#16:18]-,=[#6,#7:19]-,=3-,=[#6,#7:20]1~2>>[H:1][#8]-[#6]-1-[#6](-[#8])-[#6](-[#8])-[#6](-[#8]-[#6]-1[#8;A;X2:2][C:3]1([H:4])[#6,#8,#7,#16;A;R1:5][#6:6]2=,:[#6:7][#6:8]=,:[#6:9][#6:10]=,:[#6:11]2-[#6,#7:12]~2-,=[#6;A;X4;H2,H1:13]-,=[#6,#8,#7,#16:14]-,=[#6,#7:15]-,=3-,=[#6:16]-,=[#6,#8,#7,#16:17]-,=[#6,#8,#7,#16:18]-,=[#6,#7:19]-,=3-,=[#6,#7:20]1~2)-[#6](-[#8])=O
base	_7_OH_HYDROXYLATION_OF_FLAVONOL	BTMR1230	7-OH-Sulfation of a flavonol	bt:_7_OH_HYDROXYLATION_OF_FLAVONOL	1	[#8;A;X1-,X2H1][#6;R1]=,:1[#6;R1]=,:[#6;R1][#6;R2]2=,:[#6;R2]([#6;R1]=,:1)[#8][#6](-[#6;R1]=,:1[#6;R1]=,:[#6;R1][#6;R1]=,:[#6;R1][#6;R1]=,:1)=,:[#6]([#8;A;X1-,X2H1])[#6]2=O	0		[H:20][#8;A:19][#6;R1:9]=,:1[#6;R1:8]=,:[#6;R1:7][#6;R2:6]2=,:[#6;R2:5]([#6;R1:10]=,:1)[#8:4][#6:3](-[#6;R1:13]=,:1[#6;R1:14]=,:[#6;R1:15][#6;R1:16]=,:[#6;R1:17][#6;R1:18]=,:1)=,:[#6:2]([#8;A;X1-,X2H1:1])[#6:11]2=[O:12]>>[H:20][#8]S(=O)(=O)[#8;A:19][#6;R1:9]=,:1[#6;R1:8]=,:[#6;R1:7][#6;R2:6]2=,:[#6;R2:5]([#6;R1:10]=,:1)[#8:4][#6:3](-[#6;R1:13]=,:1[#6;R1:14]=,:[#6;R1:15][#6;R1:16]=,:[#6;R1:17][#6;R1:18]=,:1)=,:[#6:2]([#8;A;X1-,X2H1:1])[#6:11]2=[O:12]
base	_7_O_DEMETHYLATION_OF_FLAVONE	BTMR0078	7-O-Demethylation of flavone	bt:_7_O_DEMETHYLATION_OF_FLAVONE	1	[H][#6;A;X4R0]([H])([H])[#8;X2R0]-[#6]=,:1[#6]=,:[#6][#6]2=,:[#6]([#6]=,:1)[#8][#6;R1](=,:[#6;R1][#6;R1]2=[O;X1])-[#6;R1]=,:1[#6;R1]=,:[#6;R1][#6;R1]=,:[#6;R1][#6;R1]=,:1	1	[$([H][#6;A;X4R0]([H])([H])[#8;X2R0]-[#6;R1]1=,:[#6;R1](-[!$([H][#6;A;X4R0]([H])([H])[#8;X2R0])!$([OX2H1])])[#6;R1](-[!$([H][#6;A;X4R0]([H])([H])[#8;X2R0])!$([OX2H1])])=,:[#6;R1](-[!$([H][#6;A;X4R0]([H])([H])[#8;X2R0])!$([OX2H1])])[#6;R1](-[!$([H][#6;A;X4R0]([H])([H])[#8;X2R0])!$([OX2H1])])=,:[#6;R1]1-[#6;R1]=,:1[#8][#6]2=,:[#6]([#6](-[!$([H][#6;A;X4R0]([H])([H])[#8;X2R0])!$([OX2H1])])=,:[#6](-[!$([H][#6;A;X4R0]([H])([H])[#8;X2R0])!$([OX2H1])])[#6](-[!$([H][#6;A;X4R0]([H])([H])[#8;X2R0])!$([OX2H1])])=,:[#6]2-[!$([H][#6;A;X4R0]([H])([H])[#8;X2R0])!$([OX2H1])])[#6;R1](=[O;X1])[#6;R1]=,:1-[!$([H][#6;A;X4R0]([H])([H])[#8;X2R0])!$([OX2H1])]),$([H][#6;A;X4R0]([H])([H])[#8;X2R0]-[#6;R1]=,:1[#6;R1](-[!$([H][#6;A;X4R0]([H])([H])[#8;X2R0])!$([OX2H1])])=,:[#6;R1](-[!$([H][#6;A;X4R0]([H])([H])[#8;X2R0])!$([OX2H1])])[#6;R1](-[!$([H][#6;A;X4R0]([H])([H])[#8;X2R0])!$([OX2H1])])=,:[#6;R1]([#6;R1]=,:1-[!$([H][#6;A;X4R0]([H])([H])[#8;X2R0])!$([OX2H1])])-[#6;R1]=,:1[#8][#6]2=,:[#6]([#6](-[!$([H][#6;A;X4R0]([H])([H])[#8;X2R0])!$([OX2H1])])=,:[#6](-[!$([H][#6;A;X4R0]([H])([H])[#8;X2R0])!$([OX2H1])])[#6](-[!$([H][#6;A;X4R0]([H])([H])[#8;X2R0])!$([OX2H1])])=,:[#6]2-[!$([H][#6;A;X4R0]([H])([H])[#8;X2R0])!$([OX2H1])])[#6;R1](=[O;X1])[#6;R1]=,:1-[!$([H][#6;A;X4R0]([H])([H])[#8;X2R0])!$([OX2H1])]),$([H][#6;A;X4R0]([H])([H])[#8;X2R0]-[#6;R1]=,:1[#6;R1](-[!$([H][#6;A;X4R0]([H])([H])[#8;X2R0])!$([OX2H1])])=,:[#6;R1](-[!$([H][#6;A;X4R0]([H])([H])[#8;X2R0])!$([OX2H1])])[#6;R1](=,:[#6;R1](-[!$([H][#6;A;X4R0]([H])([H])[#8;X2R0])!$([OX2H1])])[#6;R1]=,:1-[!$([H][#6;A;X4R0]([H])([H])[#8;X2R0])!$([OX2H1])])-[#6;R1]=,:1[#8][#6]2=,:[#6]([#6](-[!$([H][#6;A;X4R0]([H])([H])[#8;X2R0])!$([OX2H1])])=,:[#6](-[!$([H][#6;A;X4R0]([H])([H])[#8;X2R0])!$([OX2H1])])[#6](-[!$([H][#6;A;X4R0]([H])([H])[#8;X2R0])!$([OX2H1])])=,:[#6]2-[!$([H][#6;A;X4R0]([H])([H])[#8;X2R0])!$([OX2H1])])[#6;R1](=[O;X1])[#6;R1]=,:1-[!$([H][#6;A;X4R0]([H])([H])[#8;X2R0])!$([OX2H1])]),$([H][#6;A;X4R0]([H])([H])[#8;X2R0]-[#6;R1]1=,:[#6;R1]([#8][#6]2=,:[#6]([#6](-[!$([H][#6;A;X4R0]([H])([H])[#8;X2R0])!$([OX2H1])])=,:[#6](-[!$([H][#6;A;X4R0]([H])([H])[#8;X2R0])!$([OX2H1])])[#6](-[!$([H][#6;A;X4R0]([H])([H])[#8;X2R0])!$([OX2H1])])=,:[#6]2-[!$([H][#6;A;X4R0]([H])([H])[#8;X2R0])!$([OX2H1])])[#6;R1]1=[O;X1])-[#6;R1]=,:1[#6;R1](-[!$([H][#6;A;X4R0]([H])([H])[#8;X2R0])!$([OX2H1])])=,:[#6;R1](-[!$([H][#6;A;X4R0]([H])([H])[#8;X2R0])!$([OX2H1])])[#6;R1](-[!$([H][#6;A;X4R0]([H])([H])[#8;X2R0])!$([OX2H1])])=,:[#6;R1](-[!$([H][#6;A;X4R0]([H])([H])[#8;X2R0])!$([OX2H1])])[#6;R1]=,:1-[!$([H][#6;A;X4R0]([H])([H])[#8;X2R0])!$([OX2H1])]),$([H][#6;A;X4R0]([H])([H])[#8;X2R0]-[#6]=,:1[#6]2=,:[#6]([#8][#6;R1](=,:[#6;R1](-[!$([H][#6;A;X4R0]([H])([H])[#8;X2R0])!$([OX2H1])])[#6;R1]2=[O;X1])-[#6;R1]=,:2[#6;R1](-[!$([H][#6;A;X4R0]([H])([H])[#8;X2R0])!$([OX2H1])])=,:[#6;R1](-[!$([H][#6;A;X4R0]([H])([H])[#8;X2R0])!$([OX2H1])])[#6;R1](-[!$([H][#6;A;X4R0]([H])([H])[#8;X2R0])!$([OX2H1])])=,:[#6;R1](-[!$([H][#6;A;X4R0]([H])([H])[#8;X2R0])!$([OX2H1])])[#6;R1]=,:2-[!$([H][#6;A;X4R0]([H])([H])[#8;X2R0])!$([OX2H1])])[#6](-[!$([H][#6;A;X4R0]([H])([H])[#8;X2R0])!$([OX2H1])])=,:[#6](-[!$([H][#6;A;X4R0]([H])([H])[#8;X2R0])!$([OX2H1])])[#6]=,:1-[!$([H][#6;A;X4R0]([H])([H])[#8;X2R0])!$([OX2H1])]),$([H][#6;A;X4R0]([H])([H])[#8;X2R0]-[#6]1=,:[#6](-[!$([H][#6;A;X4R0]([H])([H])[#8;X2R0])!$([OX2H1])])[#6]2=,:[#6]([#8][#6;R1](=,:[#6;R1](-[!$([H][#6;A;X4R0]([H])([H])[#8;X2R0])!$([OX2H1])])[#6;R1]2=[O;X1])-[#6;R1]=,:2[#6;R1](-[!$([H][#6;A;X4R0]([H])([H])[#8;X2R0])!$([OX2H1])])=,:[#6;R1](-[!$([H][#6;A;X4R0]([H])([H])[#8;X2R0])!$([OX2H1])])[#6;R1](-[!$([H][#6;A;X4R0]([H])([H])[#8;X2R0])!$([OX2H1])])=,:[#6;R1](-[!$([H][#6;A;X4R0]([H])([H])[#8;X2R0])!$([OX2H1])])[#6;R1]=,:2-[!$([H][#6;A;X4R0]([H])([H])[#8;X2R0])!$([OX2H1])])[#6](-[!$([H][#6;A;X4R0]([H])([H])[#8;X2R0])!$([OX2H1])])=,:[#6]1-[!$([H][#6;A;X4R0]([H])([H])[#8;X2R0])!$([OX2H1])]),$([H][#6;A;X4R0]([H])([H])[#8;X2R0]-[#6]1=,:[#6](-[!$([H][#6;A;X4R0]([H])([H])[#8;X2R0])!$([OX2H1])])[#6]=,:2[#8][#6;R1](=,:[#6;R1](-[!$([H][#6;A;X4R0]([H])([H])[#8;X2R0])!$([OX2H1])])[#6;R1](=[O;X1])[#6]=,:2[#6](-[!$([H][#6;A;X4R0]([H])([H])[#8;X2R0])!$([OX2H1])])=,:[#6]1-[!$([H][#6;A;X4R0]([H])([H])[#8;X2R0])!$([OX2H1])])-[#6;R1]=,:1[#6;R1](-[!$([H][#6;A;X4R0]([H])([H])[#8;X2R0])!$([OX2H1])])=,:[#6;R1](-[!$([H][#6;A;X4R0]([H])([H])[#8;X2R0])!$([OX2H1])])[#6;R1](-[!$([H][#6;A;X4R0]([H])([H])[#8;X2R0])!$([OX2H1])])=,:[#6;R1](-[!$([H][#6;A;X4R0]([H])([H])[#8;X2R0])!$([OX2H1])])[#6;R1]=,:1-[!$([H][#6;A;X4R0]([H])([H])[#8;X2R0])!$([OX2H1])]),$([H][#6;A;X4R0]([H])([H])[#8;X2R0]-[#6]=,:1[#6]=,:2[#8][#6;R1](=,:[#6;R1](-[!$([H][#6;A;X4R0]([H])([H])[#8;X2R0])!$([OX2H1])])[#6;R1](=[O;X1])[#6]=,:2[#6](-[!$([H][#6;A;X4R0]([H])([H])[#8;X2R0])!$([OX2H1])])=,:[#6](-[!$([H][#6;A;X4R0]([H])([H])[#8;X2R0])!$([OX2H1])])[#6]=,:1-[!$([H][#6;A;X4R0]([H])([H])[#8;X2R0])!$([OX2H1])])-[#6;R1]=,:1[#6;R1](-[!$([H][#6;A;X4R0]([H])([H])[#8;X2R0])!$([OX2H1])])=,:[#6;R1](-[!$([H][#6;A;X4R0]([H])([H])[#8;X2R0])!$([OX2H1])])[#6;R1](-[!$([H][#6;A;X4R0]([H])([H])[#8;X2R0])!$([OX2H1])])=,:[#6;R1](-[!$([H][#6;A;X4R0]([H])([H])[#8;X2R0])!$([OX2H1])])[#6;R1]=,:1-[!$([H][#6;A;X4R0]([H])([H])[#8;X2R0])!$([OX2H1])])]	[H:1][#6;A;X4R0:2]([H])([H:3])[#8;X2R0:4]-[#6:5]=,:1[#6:6]=,:[#6:7][#6:8]2=,:[#6:9]([#6:10]=,:1)[#8:11][#6;R1:12](=,:[#6;R1:13][#6;R1:14]2=[O;X1:15])-[#6;R1:16]=,:1[#6;R1:17]=,:[#6;R1:18][#6;R1:19]=,:[#6;R1:20][#6;R1:21]=,:1>>[H:1][#6;A;X3R0:2]([H:3])=O.[H][#8;X2R0:4]-[#6:5]=,:1[#6:6]=,:[#6:7][#6:8]2=,:[#6:9]([#6:10]=,:1)[#8:11][#6;R1:12](=,:[#6;R1:13][#6;R1:14]2=[O;X1:15])-[#6;R1:16]=,:1[#6;R1:17]=,:[#6;R1:18][#6;R1:19]=,:[#6;R1:20][#6;R1:21]=,:1
base	_S_2_HYDROXYCARBOXYLATE_DEHYDROGENATION	BTMR0372	Dehydrogenation of (S)-2-hydroxycarboxylate	bt:_S_2_HYDROXYCARBOXYLATE_DEHYDROGENATION	1	[#6]-[#6@H](-[#8;H1X2])-[#6;R0](-[#8;X1-])=[O;X1]	0		[H][#8;X2:6]-[#6@@H:4](-[#6:5])-[#6;R0:2](-[#8;X1-:3])=[O;X1:1]>>[#6:5]-[#6:4](=[O;X1:6])-[#6;R0:2](-[#8;X1-:3])=[O;X1:1]
envmicro	EAWAG_RULE_BT0001	BTMR0648	EAWAG_RULE_BT0001	bt:EAWAG_RULE_BT0001	1	[H][#8;A;X2][#6;A;X4]([H])([H])[#6,#1]	0		[H][#8;A;X2:3][#6;A;X4:1]([H])([H])[#6,#1:2]>>[H][#6;A;X3:1]([#6,#1:2])=[#8;A;X1:3]
envmicro	EAWAG_RULE_BT0002	BTMR0650	EAWAG_RULE_BT0002	bt:EAWAG_RULE_BT0002	1	[H][#8;A;X2][C;X4]([H])([#6])[#6,#8]	0		[H][#8;A;X2:3][C;X4:2]([H])([#6:1])[#6,#8:4]>>[#6:1]-[#6;X3:2](-[#6,#8:4])=[#8;A;X1:3]
envmicro	EAWAG_RULE_BT0003	BTMR0651	EAWAG_RULE_BT0003	bt:EAWAG_RULE_BT0003	1	[#6][#6;A;H1X3]=[O;X1]	0		[H][#6;A;X3:2]([#6:3])=[O;X1:1]>>[#6:3][#6;A;X3:2]([#8-])=[O;X1:1]
envmicro	EAWAG_RULE_BT0005_PATTERN1	BTMR0652	EAWAG_RULE_BT0005_PATTERN1	bt:EAWAG_RULE_BT0005	1	[#8;A;H1X2][#6;A;H1X4]1[#6]=[#6]-[#6]=[#6][#6;A;H1X4]1[#8;A;H1X2]	0		[H][#8;A;X2:7][#6;A;X4:1]1([H])[#6:2]=[#6:3]-[#6:4]=[#6:5][#6;A;X4:6]1([H])[#8;A;X2:8][H]>>[H][#8;A;X2:7][c;X3:1]1[c:2][c:3][c:4][c:5][c;X3:6]1[#8;A;X2:8][H]
envmicro	EAWAG_RULE_BT0005_PATTERN2	BTMR0653	EAWAG_RULE_BT0005_PATTERN2	bt:EAWAG_RULE_BT0005	1	[#6;a;H1X3]1[#6;a;H1X3][#6;a;H1X3]c2[#6;a;H1X3][#6;a;H1X3][#6;a;H1X3][#6;a;H1X3]c2[#6;a;H1X3]1	0		[H][#6;a:8]1[#6;a:9]([H])[#6;a:10]([H])[c:6]2[#6;a:1]([H])[#6;a:2]([H])[#6;a:3]([H])[#6;a:4]([H])[c:5]2[#6;a:7]1[H]>>[H][#8]-[#6;a:8]1[#6;a:7]([H])[c:5]2[#6;a:4]([H])[#6;a:3]([H])[#6;a:2]([H])[#6;a:1]([H])[c:6]2[#6;a:10]([H])[#6;a:9]1-[#8][H]
envmicro	EAWAG_RULE_BT0005_PATTERN3	BTMR0654	EAWAG_RULE_BT0005_PATTERN3	bt:EAWAG_RULE_BT0005	1	[c]1[c][c][#6,#7;a][#6;a;H1X3][#6;a;H1X3]1	0		[H][#6;a:6]1[c:5][c:4][c:3][#6,#7;a:2][#6;a:1]1[H]>>[H][#8]-[#6;a:6]1[c:5][c:4][c:3][#6,#7;a:2][#6;a:1]1-[#8][H]
envmicro	EAWAG_RULE_BT0008	BTMR0649	EAWAG_RULE_BT0008	bt:EAWAG_RULE_BT0008	1	[#8;A;H1X2]c1[c;R1][c;R1][c;R1][c;R1]c1[#8;A;H1X2]	0		[H][#8;A;X2:7][c:6]1[c;R1:1][c;R1:2][c;R1:3][c;R1:4][c:5]1[#8;A;X2:8][H]>>[#8;A;H1X2:8]-[#6:5](=[#6:4]-[#6:3]=[#6:2]/[#6:1]=O)-[#6:6]([#8;A;X1-:7])=O
envmicro	EAWAG_RULE_BT0011	BTMR0655	EAWAG_RULE_BT0011	bt:EAWAG_RULE_BT0011	1	[#6]!@-c1ccc[#6,#7;a][#6;a;H1X3]1	0		[H][#6;a:5]1[#6,#7;a:4][c:3][c:2][c:1][c:6]1!@-[#6:7]>>[H][#8]-[#6;a:5]1[#6,#7;a:4][c:3][c:2][c:1][c:6]1!@-[#6:7]
envmicro	EAWAG_RULE_BT0012	BTMR0656	EAWAG_RULE_BT0012	bt:EAWAG_RULE_BT0012	1	[#6]!@-c1cc[#6,#7;a][#6;a;H1X3]c1	0		[H][#6;a:5]1[c:6][c:1](!@-[#6:7])[c:2][c:3][#6,#7;a:4]1>>[H][#8]-[#6;a:5]1[c:6][c:1](!@-[#6:7])[c:2][c:3][#6,#7;a:4]1
envmicro	EAWAG_RULE_BT0013	BTMR0657	EAWAG_RULE_BT0013	bt:EAWAG_RULE_BT0013	1	[#6]!@-c1cc[#6;a;H1X3][#6,#7;a]c1	0		[H][#6;a:5]1[c:6][c:1][c:2](!@-[#6:7])[c:3][#6,#7;a:4]1>>[H][#8]-[#6;a:5]1[c:6][c:1][c:2](!@-[#6:7])[c:3][#6,#7;a:4]1
envmicro	EAWAG_RULE_BT0014	BTMR0658	EAWAG_RULE_BT0014	bt:EAWAG_RULE_BT0014	1	[H][#8;A;X2][c;R1]1cc[#6,#7;a]c[#6;aR1]1[H]	0		[H][#8;A;X2:7][c;R1:1]1[c:2][c:3][#6,#7;a:4][c:5][#6;aR1:6]1[H]>>[H][#8;A;X2:7][c;R1:1]1[c:2][c:3][#6,#7;a:4][c:5][#6;aR1:6]1[#8;A;X2][H]
envmicro	EAWAG_RULE_BT0020	BTMR0659	EAWAG_RULE_BT0020	bt:EAWAG_RULE_BT0020	1	[#6;A;H1X2]#[C;X2]	0		[H][#6;A;X2:1]#[C;X2:2]>>[H][#6;X2:2]([H])[#6;A;X3:1]([H])=O
envmicro	EAWAG_RULE_BT0021_PATTERN1	BTMR0660	EAWAG_RULE_BT0021_PATTERN1	bt:EAWAG_RULE_BT0021	1	[#6,#8,#16]-[#6;X3](=[O;X1])-[#6][#6;A]=[#6;A]	0		[#6,#8,#16:6]-[#6;X3:4](=[O;X1:5])-[#6:3][#6;A:2]=[#6;A:1]>>[H][#6;A:1][#6;A:2]([#8][H])[#6:3]-[#6;X3:4](-[#6,#8,#16:6])=[O;X1:5]
envmicro	EAWAG_RULE_BT0021_PATTERN2	BTMR0661	EAWAG_RULE_BT0021_PATTERN2	bt:EAWAG_RULE_BT0021	1	[#6,#8,#16]-[#6;X3](=[O;X1])[#6;A]=[#6;A]	0		[#6,#8,#16:5]-[#6;X3:3](=[O;X1:4])[#6;A:2]=[#6;A:1]>>[H][#8][#6;A:1][#6;A:2]([H])[#6;X3:3](-[#6,#8,#16:5])=[O;X1:4]
envmicro	EAWAG_RULE_BT0022_PATTERN1	BTMR0662	EAWAG_RULE_BT0022_PATTERN1	bt:EAWAG_RULE_BT0022	1	[H][#6;A;X4]([H])([#6])[F,Cl,Br,I]	0		[H][#6;A;X4:2]([H])([#6:1])[F,Cl,Br,I]>>[H][#8][#6;A;X4:2]([H])([H])[#6:1]
envmicro	EAWAG_RULE_BT0022_PATTERN2	BTMR0663	EAWAG_RULE_BT0022_PATTERN2	bt:EAWAG_RULE_BT0022	1	[#6][#6;A;X4]([H])([F,Cl,Br,I])[F,Cl,Br,I]	0		[H][#6;A;X4:2]([#6:1])([F,Cl,Br,I:3])[F,Cl,Br,I]>>[H][#8][#6;A;X4:2]([H])([#6:1])[F,Cl,Br,I:3]
envmicro	EAWAG_RULE_BT0023_PATTERN1	BTMR0664	EAWAG_RULE_BT0023_PATTERN1	bt:EAWAG_RULE_BT0023	1	[#6]-[#6](-[#6])@-[#8]@-[#6;A;H1X4]([#6])[#6]	0		[H][#6;A;X4:5]([#6:7])([#6:6])@-[#8:4]@-[#6:2](-[#6:3])-[#6:1]>>[#6:3]-[#6:2](-[#6:1])@-[#8:4].[#6:7][#6;A;X3:5]([#6:6])=O
envmicro	EAWAG_RULE_BT0023_PATTERN2	BTMR0665	EAWAG_RULE_BT0023_PATTERN2	bt:EAWAG_RULE_BT0023	1	[H][#6;A]!@-[#8]!@-[#6]	0		[H][#6;A:1]!@-[#8:2]!@-[#6:3]>>[#6;A:1]!@=[O:2].[H][#8]-[#6:3]
envmicro	EAWAG_RULE_BT0024_PATTERN1	BTMR0666	EAWAG_RULE_BT0024_PATTERN1	bt:EAWAG_RULE_BT0024	1	[#6]-[#8;X2]-[#6](-[#6,#1])=[O;X1]	0		[#6:5]-[#8;X2:4]-[#6:2](-[#6,#1:1])=[O;X1:3]>>[H][#8]-[#6:5].[#8;X1-:4]-[#6:2](-[#6,#1:1])=[O;X1:3]
envmicro	EAWAG_RULE_BT0024_PATTERN2	BTMR0667	EAWAG_RULE_BT0024_PATTERN2	bt:EAWAG_RULE_BT0024	1	O=[#6]1[#6]=,:[#6][#6]=,:[#6][#8]1	0		[O:1]=[#6:2]1[#6:3]=,:[#6:4][#6:5]=,:[#6:6][#8:7]1>>[H][#8:7]-[#6:6]=,:[#6:5]-[#6:4]=[#6:3]-[#6:2](-[#8-])=[O:1]
envmicro	EAWAG_RULE_BT0026	BTMR0668	EAWAG_RULE_BT0026	bt:EAWAG_RULE_BT0026	1	Cl[#6](-[#6,#8])=O	0		Cl[#6:1](-[#6,#8:3])=[O:2]>>[#8-]-[#6:1](-[#6,#8:3])=[O:2]
envmicro	EAWAG_RULE_BT0027	BTMR0669	EAWAG_RULE_BT0027	bt:EAWAG_RULE_BT0027	1	[#6]-[#6;X3]([#7;A;H2X3])=[O;X1]	0		[#6:1]-[#6;X3:2]([#7;A;H2X3])=[O;X1:3]>>[#6:1]-[#6;X3:2](-[#8;X1-])=[O;X1:3]
envmicro	EAWAG_RULE_BT0028	BTMR0670	EAWAG_RULE_BT0028	bt:EAWAG_RULE_BT0028	1	NC#N	0		[#7:3][C:2]#[N;X1:1]>>[#7;H2X3:1]-[#6:2](-[#7:3])=O
envmicro	EAWAG_RULE_BT0029	BTMR0671	EAWAG_RULE_BT0029	bt:EAWAG_RULE_BT0029	1	[#6]-[#35,#17,#53]	0		[#6:1]-[#35,#17,#53]>>[#6:1][H]
envmicro	EAWAG_RULE_BT0030	BTMR0672	EAWAG_RULE_BT0030	bt:EAWAG_RULE_BT0030	1	[#6][#6;A]#[#7;A;X1;+0]	0		[#6:1][C:2]#[#7;A;X1;+0]>>[#6:1]-[#6:2](-[#8-])=O
envmicro	EAWAG_RULE_BT0031	BTMR0673	EAWAG_RULE_BT0031	bt:EAWAG_RULE_BT0031	1	[NX1,NX2+]#Cc1ccccc1	0		[#7;A;X1,X2+:1]#[C:2][c:3]1[c:4][c:5][c:6][c:7][c:8]1>>[C:2]#[#7;A;X1,X2+:1].[#8]-[c:3]1[c:4][c:5][c:6][c:7][c:8]1
envmicro	EAWAG_RULE_BT0033	BTMR0674	EAWAG_RULE_BT0033	bt:EAWAG_RULE_BT0033	1	[#8;X1-]-[#7;X3+](=[O;X1])-[#7]-1-[#6]-[#7]-[#6]-[#7]-[#6]-1	0		[#8X1-]-[#7;X3+:7](=[O;X1:8])-[#7:1]-1-[#6:2]-[#7:3]-[#6:4]-[#7:5]-[#6:6]-1>>[O;X1:8]=[#7;X2:7]-[#7:1]-1-[#6:2]-[#7:3]-[#6:4]-[#7:5]-[#6:6]-1
envmicro	EAWAG_RULE_BT0034_PATTERN1	BTMR0675	EAWAG_RULE_BT0034_PATTERN1	bt:EAWAG_RULE_BT0034	1	[#6]-[#7;X2]=O	0		[#6:1]-[#7;X2:2]=[O:3]>>[H][#8:3]-[#7:2]([H])-[#6:1]
envmicro	EAWAG_RULE_BT0034_PATTERN2	BTMR0676	EAWAG_RULE_BT0034_PATTERN2	bt:EAWAG_RULE_BT0034	1	[#6]-[#7;X2]=O	0		[#6:1]-[#7;X2:2]=[O:3]>>[H][#8:3]-[#7:2]([H])-[#6:1]
envmicro	EAWAG_RULE_BT0035	BTMR0677	Reduction of sulfite	bt:EAWAG_RULE_BT0035	1	[#8;A;H1X2][#7;A;H1X3][#6;R1]=,:1[#6;R1]=,:[#6;R1][#6;R1]=,:[#6;R1][#6;R1]=,:1	0		[H:9][#8;A;X2:1][#7;A;X3:2]([H:10])[#6;R1:3]=,:1[#6;R1:8]=,:[#6;R1:7][#6;R1:6]=,:[#6;R1:5][#6;R1:4]=,:1>>[H][#8;A;X2:1][H:9].[H][#7;A;X3:2]([H:10])[#6;R1:3]=,:1[#6;R1:8]=,:[#6;R1:7][#6;R1:6]=,:[#6;R1:5][#6;R1:4]=,:1
envmicro	EAWAG_RULE_BT0036	BTMR0678	EAWAG_RULE_BT0036	bt:EAWAG_RULE_BT0036	1	[#6;A;H3X4]c(:[#6,#7,#8,#16;a]):[#6,#7,#8,#16;a]	0		[#6;A;H3X4:1][c:2](:[#6,#7,#8,#16;a:3]):[#6,#7,#8,#16;a:4]>>[#8][#6;A;H2X4:1][c:2](:[#6,#7,#8,#16;a:3]):[#6,#7,#8,#16;a:4]
envmicro	EAWAG_RULE_BT0037_PATTERN1	BTMR0679	EAWAG_RULE_BT0037_PATTERN1	bt:EAWAG_RULE_BT0037	1	[#8;A;H1X2][#7;A;H1X3]c1cc[#6;a;H1X3]cc1	0		[H][#8;A;X2:8][#7;A;X3:7]([H])[c:3]1[c:4][c:5][#6;a:6]([H])[c:1][c:2]1>>[H][#8;A;X2:8][#6;a:6]1[c:5][c:4][c:3]([c:2][c:1]1)[#7;A;X3:7]([H])[H]
envmicro	EAWAG_RULE_BT0037_PATTERN2	BTMR0680	EAWAG_RULE_BT0037_PATTERN2	bt:EAWAG_RULE_BT0037	1	[#8;A;H1X2][#7;A;H1X3]c1[#6;a;H1X3]c[#6;a;H1X3]cc1	0		[H][#8;X2][#7;A;X3:7]([H])[c:3]1[c:4][c:5][#6;a:6]([H])[c:1][#6;a:2]1[H]>>[H][#8;A;X2][#6;a:2]1[c:1][#6;a:6]([H])[c:5][c:4][c:3]1[#7;A;X3:7]([H])[H]
envmicro	EAWAG_RULE_BT0040	BTMR0681	EAWAG_RULE_BT0040	bt:EAWAG_RULE_BT0040	1	[#8;A;H1X2]-[#6]=[#6]/[#6]!@=[#6]-[#6]([#6,#1;A])=O	0		[H][#8;A;X2:8][#6:7]=[#6:6]-[#6:5]!@=[#6:4]-[#6:2]([#6,#1;A:3])=[O:1]>>[#8-]-[#6:2](-[#6,#1:3])=[O:1].[#6:4]!@=[#6:5]-[#6:6]-[#6:7]=[#8;A;X1:8]
envmicro	EAWAG_RULE_BT0041	BTMR0682	EAWAG_RULE_BT0041	bt:EAWAG_RULE_BT0041	1	[#7;A;H2X3][c;R1]1[c;R1][c;R1][c;R1][c;X3R1][c;R1]1[#8;A;H1X2]	0		[H][#8;A;X2:8][#6;R1:1]1=,:[#6;X3R1:6]([H])[#6;R1:5]=,:[#6;R1:4][#6;R1:3]=,:[#6;R1:2]1[#7;A;X3:7]([H])[H]>>[H][#8;A;X2:8][#6;A:1](=O)[#6;A:2](=[#6;A:3]-[#6;A:4]=[#6;A:5]-[#6;A;X3:6]([H])=O)[#7;A;X3:7]([H])[H]
envmicro	EAWAG_RULE_BT0042	BTMR0683	EAWAG_RULE_BT0042	bt:EAWAG_RULE_BT0042	1	[#8-]-[#7+](=O)-c1cccc[#6;a;H1X3]1	0		[H][#6;a:6]1[c:5][c:4][c:3][c:2][c:1]1-[#7+](-[#8-])=O>>[H][#8]-[#6;a:6]1[c:5][c:4][c:3][c:2][c:1]1-[#8][H]
envmicro	EAWAG_RULE_BT0044	BTMR0684	EAWAG_RULE_BT0044	bt:EAWAG_RULE_BT0044	1	[#8;X2H1][#6;A]=[#6;A]	0		[H][#8;X2:3][#6;A:2]=[#6;A:1]>>[H][#6;A:1][#6;A:2]=[O;X1:3]
envmicro	EAWAG_RULE_BT0045	BTMR0884	EAWAG_RULE_BT0045	bt:EAWAG_RULE_BT0045	1	c1-,:oncc1	0		[Cl:1]>>[Cl:1]
envmicro	EAWAG_RULE_BT0049	BTMR0685	EAWAG_RULE_BT0049	bt:EAWAG_RULE_BT0049	1	[H][#6;A;X3R0]([H])=[#6;R0]	0		[H][#6;A;X3R0:1]([H])=[#6;R0:2]>>[H][#6;A;X4R1:1]1([H])[#6;R1:2]-[#8]1
envmicro	EAWAG_RULE_BT0050	BTMR0686	EAWAG_RULE_BT0050	bt:EAWAG_RULE_BT0050	1	[H][#6;A;X4]1[#6]-[#8]1	0		[H][#6;A;X4:2]1[#6:1]-[#8:3]1>>[H][#8:3]-[#6:1][#6;A;X4:2][#8][H]
envmicro	EAWAG_RULE_BT0051_PATTERN1	BTMR0687	EAWAG_RULE_BT0051_PATTERN1	bt:EAWAG_RULE_BT0051	1	[#8;X2H1,X1-]-[#6](=[O;X1])[#6;A;X4;H1,H2][#6;A;H1X3]=[#6;A;H1X3][#6]=[O;X1]	0		[H][#8]-[#6](=[O;X1])[#6;A;X4:1]([H])[#6;A;X3:2](-[H])=[#6;A;X3:3](/[H])[#6:4]=[O;X1:5]>>[H][#6;A;X4:1]([H])[#6;A;X3:2](-[H])=[#6;A;X3:3](-[H])[#6:4]=[O;X1:5]
envmicro	EAWAG_RULE_BT0051_PATTERN2	BTMR0688	EAWAG_RULE_BT0051_PATTERN2	bt:EAWAG_RULE_BT0051	1	[#6]=,:[#6](=,:[#6,#7,#8,#16])-[#6](-[#8X2H1,#8X1-])=O	0		[#6:1]=,:[#6:2](=,:[#6,#7,#8,#16:3])-[#6](=[O;X1])-[#8][H]>>[#6:1]=,:[#6:2]=,:[#6,#7,#8,#16:3]
envmicro	EAWAG_RULE_BT0051_PATTERN3	BTMR0689	EAWAG_RULE_BT0051_PATTERN3	bt:EAWAG_RULE_BT0051	1	[#6]-[#6;R0]([#7,#8;A])-[#6](-[#8;X2H1,X1-])=[O;X1]	0		[H][#8]-[#6](=[O;X1])-[#6;R0:2](-[#6:1])-[#7,#8:3]>>[H][#6;R0:2](-[#6:1])[#7,#8;A:3]
envmicro	EAWAG_RULE_BT0051_PATTERN4	BTMR0690	EAWAG_RULE_BT0051_PATTERN4	bt:EAWAG_RULE_BT0051	1	[#6,#8]=,:[#6]-[#6]-[#6](-[#8;X2H1,X1-])=[O;X1]	0		[#6,#8:1]=,:[#6:2]-[#6:3]-[#6](=[O;X1])-[#8][H]>>[#6,#8:1]=,:[#6:2]-[#6:3][H]
envmicro	EAWAG_RULE_BT0055_PATTERN1	BTMR0691	EAWAG_RULE_BT0055_PATTERN1	bt:EAWAG_RULE_BT0055	1	[H][#8]-[#6;R0](=[O;X1])[C@@]([#8;A;X2][H])(c:c)[#6;A;H1X4;@@]([#8;A;H1X2])c:c	0		[H][#8;A;X2:7][#6;A;H1X4;@@:1]([c:2]:[c:3])[C@:6]([#8;A;X2:8][H])([c:5]:[c:4])[#6;R0](=O)-[#8][H]>>[H][#8;A;X2:7][#6;a:1](:[c:2]:[c:3]):[c:6]([#8;A;X2:8][H]):[c:5]:[c:4]
envmicro	EAWAG_RULE_BT0055_PATTERN2	BTMR0692	EAWAG_RULE_BT0055_PATTERN2	bt:EAWAG_RULE_BT0055	1	[#8X2H1]-[#6](=O)-c1[#6;aH1]cccc1	0		[H][#8]-[#6](=[O;X1])-[c:5]1[c:4][c:3][c:2][c:1][#6;a:6]1[H]>>[H][#8;A;X2][c:5]1[c:4][c:3][c:2][c:1][#6;a:6]1[#8;A;X2][H]
envmicro	EAWAG_RULE_BT0056	BTMR0693	EAWAG_RULE_BT0056	bt:EAWAG_RULE_BT0056	1	[#8;H1X2]-[#6@H;X4]1-cc-,:cc[C@]1([#8;H1X2])[#6](-[#8X2H1,X1-])=O	0		[#8;H1X2:7]-[#6@H;X4:6]1-[#6:5]=,:[#6:4][#6:3]=,:[#6:2][C@:1]1([#8;H1X2:8])[#6](-[#8-])=O>>[#8;H1X2:8]-[c:1]1[c:2][c:3][c:4][c:5][c:6]1-[#8;H1X2:7]
envmicro	EAWAG_RULE_BT0058	BTMR0694	EAWAG_RULE_BT0058	bt:EAWAG_RULE_BT0058	1	[#6]-[#8;X2]-[#7;X3+](-[#8;X1-])=[O;X1]	0		[#6:2]-[#8;X2:1]-[#7;X3+](-[#8;X1-])=[O;X1]>>[#6:2]-[#8;H1X2:1]
envmicro	EAWAG_RULE_BT0060	BTMR0695	EAWAG_RULE_BT0060	bt:EAWAG_RULE_BT0060	1	[#8;X1-,X2H1]-[#6](=[O;X1])-[c;R1]1[c;R1]cc[c;R1][c;R1]1-[OX2H1,NX3H2]	0		[#8;X2H1,X1-]-[#6](=[O;X1])-[c;R1:3]1[c;R1:2][c:1][c:6][c;R1:5][c;R1:4]1-[OX2H1,NX3H2]>>[H][#8]-[c;R1:4]1[c;R1:5][c:6][c:1][c;R1:2][c;R1:3]1-[#8][H]
envmicro	EAWAG_RULE_BT0061	BTMR0696	EAWAG_RULE_BT0061	bt:EAWAG_RULE_BT0061	1	[#6]-[#7;X3]-c1ncnc([#8;A;H1X2])n1	0		[H][#8;A;X2:8][c:1]1[n:2][c:3][n:4][c:5](-[#7;X3:7]-[#6:9])[n:6]1>>[H][#7;X3:7]-[#6:9].[H][#8;A;X2:8][c:1]1[n:2][c:3][n:4][c:5](-[#8][H])[n:6]1
envmicro	EAWAG_RULE_BT0062	BTMR0697	EAWAG_RULE_BT0062	bt:EAWAG_RULE_BT0062	1	[#8;A;H1X2][#7]=[#6;A;X3;H1,H2]	0		[H][#8;A;X2][#7:1]=[#6;A;X3:2][H]>>[#6;A;X2:2]#[N:1]
envmicro	EAWAG_RULE_BT0063_PATTERN1	BTMR0698	EAWAG_RULE_BT0063_PATTERN1	bt:EAWAG_RULE_BT0063	1	[H][#6](-[#6])[N;X4+]([#6;A;H3X4])([#6;A;H3X4])[#6;A;H3X4]	0		[H][#6:2](-[#6:1])[N;X4+:3]([#6;A;H3X4:6])([#6;A;H3X4:5])[#6;A;H3X4:4]>>[#6:1]-[#6:2]=O.[#6;A;H3X4:6][#7;X3:3]([#6;A;H3X4:5])[#6;A;H3X4:4]
envmicro	EAWAG_RULE_BT0063_PATTERN2	BTMR0699	EAWAG_RULE_BT0063_PATTERN2	bt:EAWAG_RULE_BT0063	1	[#6,#1][#7;X3;+0!$([N][#6]=[!#6;!#1])!$([N]#[!#6,!#1])]([#6,#1])[#6;A;X4][H]	0		[#6,#1:1][#7;X3;+0!$([N][#6]=[!#6;!#1])!$([N]#[!#6,!#1]):2]([#6,#1:3])[#6;A;X4:4][H]>>[#6;A;X3:4]=O.[#6,#1:1][#7;X3:2]([#6,#1:3])[H]
envmicro	EAWAG_RULE_BT0064	BTMR0700	EAWAG_RULE_BT0064	bt:EAWAG_RULE_BT0064	1	[#8;A;H1X2]c1[c;R1][c;R1][#6;a;H1X3][c;R1][c;R1]1	0		[H][#8;A;X2:7][c:1]1[c;R1:6][c;R1:5][#6;a:4]([H])[c;R1:3][c;R1:2]1>>[H][#8;A;X2:7][c:1]1[c;R1:6][c;R1:5][#6;a:4](-[#8][H])[c;R1:3][c;R1:2]1
envmicro	EAWAG_RULE_BT0065_PATTERN1	BTMR0701	EAWAG_RULE_BT0065_PATTERN1	bt:EAWAG_RULE_BT0065	1	[#6,#1][#7;A;H1X3;+0!$([N][#6]=[!#6;!#1])!$([N]#[!#6,!#1])]([#6,#1])c(:c):[c;H1X3]:c	0		[H][c;X3:6](:[c:7]):[c:4](:[c:5])[#7;A;H1X3;+0!$([N][#6]=[!#6;!#1])!$([N]#[!#6,!#1]):2]([#6,#1:1])[#6,#1:3]>>[H][#7;A;X3:2]([#6,#1:1])[#6,#1:3].[H][#8]-[c;X3:6](:[c:7]):[c:4](:[c:5])-[#8][H]
envmicro	EAWAG_RULE_BT0065_PATTERN2	BTMR0702	EAWAG_RULE_BT0065_PATTERN2	bt:EAWAG_RULE_BT0065	1	[#6,#1]-[#7](-[#6](-[#6,#1])=O)-c(:c):[c;H1X3]:c	0		[H][c;X3:6](:[c:7]):[c:4](:[c:5])-[#7:2](-[#6,#1:1])-[#6:3](-[#6,#1:9])=[O:8]>>[H][#7:2](-[#6,#1:1])-[#6:3](-[#6,#1:9])=[O:8].[H][#8]-[c:4](:[c:5]):[c;X3:6](:[c:7])-[#8][H]
envmicro	EAWAG_RULE_BT0066_PATTERN1	BTMR0703	EAWAG_RULE_BT0066_PATTERN1	bt:EAWAG_RULE_BT0066	1	[#8;X1-,X2H1]-[#6](=[O;X1])-[c;R1]1[c;R1]cc[c;R1][c;R1]1-[OX2H1,NX3H2]	0		[H][#8;A;X2:1][#6;A;X4:2]([H])([H])!@-[#6;A;X4:3]([H])([#6:4])[F,Cl,Br,I]>>[H][#6;A;X4:2]1([H])[#8;A;X2:1][#6;A;X4:3]1([H])[#6:4]
envmicro	EAWAG_RULE_BT0066_PATTERN2	BTMR0704	EAWAG_RULE_BT0066_PATTERN2	bt:EAWAG_RULE_BT0066	1	[#6]-[#6;H1X4]([#8;A;X2])!@-[#6;A;H2X4][F,Cl,Br,I]	0		[H][#8;A;X2:4][C;X4:2]([H])([#6:1])!@-[#6;A;X4:3]([H])([H])[F,Cl,Br,I]>>[H][#6;A;X4:3]1([H])[#8;A;X2:4][C;X4:2]1([H])[#6:1]
envmicro	EAWAG_RULE_BT0067_PATTERN1	BTMR0705	EAWAG_RULE_BT0067_PATTERN1	bt:EAWAG_RULE_BT0067	1	[#6,#7][#7;A;H1X3][#6;X3](-[#6,#1])=[O;X1]	0		[H:6][#7;A;X3:2]([#6,#7:1])[#6;X3:3](-[#6,#1:4])=[O;X1:5]>>[H:6][#7;A;X3:2]([H])[#6,#7:1].[H][#8]-[#6;X3:3](-[#6,#1:4])=[O;X1:5]
envmicro	EAWAG_RULE_BT0067_PATTERN2	BTMR0706	EAWAG_RULE_BT0067_PATTERN2	bt:EAWAG_RULE_BT0067	1	[#8;A;X2H1,X1-]-[#6;X3](-[#6,#1])=[#7;A;X2]/[#6,#7]	0		[#8;A;X2H1,X1-][#6;X3](-[#6,#1])=[#7;A;X2][#6,#7]
envmicro	EAWAG_RULE_BT0068	BTMR0707	EAWAG_RULE_BT0068	bt:EAWAG_RULE_BT0068	1	[#7]!@-[#6](!@-[#7])=[O;X1]	0		[#7:1]!@-[#6:2](!@-[#7:3])=[O;X1:4]>>[#7:3].[#7:1]!@-[#6:2](-[#8-])=[O;X1:4]
envmicro	EAWAG_RULE_BT0069	BTMR0708	EAWAG_RULE_BT0069	bt:EAWAG_RULE_BT0069	1	[#8;A;H1X2]c1cc(-[F,Cl,Br,I])c([#8;A;H1X2])c(-[F,Cl,Br,I])c1	0		[H][#8;A;X2:8][c:4]1[c:5][c:6](-[F,Cl,Br,I])[c:1]([#8;A;X2:7][H])[c:2](-[F,Cl,Br,I:9])[c:3]1
envmicro	EAWAG_RULE_BT0070	BTMR0709	EAWAG_RULE_BT0070	bt:EAWAG_RULE_BT0070	1	C#C	0		[C:2]#[C:1]>>[H]/[#6:2]=[#6:1]/[H]
envmicro	EAWAG_RULE_BT0071	BTMR0710	EAWAG_RULE_BT0071	bt:EAWAG_RULE_BT0071	1	[#6]@-[#6;X3](@-[#6])=[O;X1]	0		[#6:3]@-[#6;X3:2](@-[#6:4])=[O;X1:1]>>[#6:4]@-[#8]-[#6;X3:2](@-[#6:3])=[O;X1:1]
envmicro	EAWAG_RULE_BT0072	BTMR0711	EAWAG_RULE_BT0072	bt:EAWAG_RULE_BT0072	1	[#8-]-[#6](=O)-c(:c):c(-[#17,#35,#53]):c	0		[H][#8]-[#6](=[O;X1])-[c:2](:[c:1]):[c:3](-[#17,#35,#53]):[c:4]>>[H][#8]-[c:2](:[c:1]):[c:3](:[c:4])-[#8][H]
envmicro	EAWAG_RULE_BT0073	BTMR0712	EAWAG_RULE_BT0073	bt:EAWAG_RULE_BT0073	1	[#6][#6;A;H2X4]@-[#8]@-[#6]	0		[H][#6;A;X4:3]([H])([#6:4])@-[#8:2]@-[#6:1]>>[H][#8][#6;A;X4:3]([H])([#6:4])@-[#8:2]@-[#6:1]
envmicro	EAWAG_RULE_BT0077	BTMR0713	EAWAG_RULE_BT0077	bt:EAWAG_RULE_BT0077	1	[#6]-[#8][#8;A;H1X2]	0		[H][#8;A;X2][#8:2]-[#6:1]>>[H][#8:2]-[#6:1]
envmicro	EAWAG_RULE_BT0078	BTMR0714	EAWAG_RULE_BT0078	bt:EAWAG_RULE_BT0078	1	[#8;X2H1]-[#7;X3+](=[O;X1])-c1ccccc1	0		[#8;X2H1:8]-[#7;X3+:7](=[O;X1])-[c:1]1[c:2][c:3][c:4][c:5][c:6]1>>[H][#8:8]-[#7;X3:7]-[c:1]1[c:2][c:3][c:4][c:5][c:6]1
envmicro	EAWAG_RULE_BT0079	BTMR0715	EAWAG_RULE_BT0079	bt:EAWAG_RULE_BT0079	1	[#8;A;H1X2][#7;A;H1X3]c1cc[#6;a;H1X3]cc1	0		[H][#8;A;X2:8][#7;A;X3:7]([H])[c:3]1[c:4][c:5][c:6][c:1][c:2]1>>[#8;A;X1:8]=[#7;A;X2:7][c:3]1[c:4][c:5][c:6][c:1][c:2]1
envmicro	EAWAG_RULE_BT0080	BTMR0716	EAWAG_RULE_BT0080	bt:EAWAG_RULE_BT0080	1	[#6;a]-[#7;X3+](-[#8;X1-])=[O;X1]	0		[#6;a:1]-[#7;X3+:2](-[#8;X1-:3])=[O;X1:4]>>[H][#8;X2:4][H].[H][#8;X2:3][H].[H][#7;X3:2]([H])-[#6;a:1]
envmicro	EAWAG_RULE_BT0082	BTMR0717	EAWAG_RULE_BT0082	bt:EAWAG_RULE_BT0082	1	[#6]-[#6;X3](=[O;X1])-[#6;X3](-[#8;X1-])=[O;X1]	0		[H][#8;X2:5]-[#6;X3:4](=[O;X1:6])-[#6;X3:2](-[#6:1])=[O;X1:3]>>O=[C:1]=[O;X1:3].[#6;X3:2]-[#6;X3:4](-[#8;X1-:5])=[O;X1:6]
envmicro	EAWAG_RULE_BT0086_PATTERN1	BTMR0718	EAWAG_RULE_BT0086_PATTERN1	bt:EAWAG_RULE_BT0086	1	[H][#8;X2]-[#7;X3+](=[O;X1])C([H])([H])C([H])([H])[#6]	0		[H][#8;X2]-[#7;X3+](=[O;X1])[C:3]([H])([H])[C:2]([H])([H])[#6:1]>>[H][#6:3](=O)[C:2]([H])([H])[#6:1]
envmicro	EAWAG_RULE_BT0086_PATTERN2	BTMR0719	EAWAG_RULE_BT0086_PATTERN2	bt:EAWAG_RULE_BT0086	1	[H][#8]-[#7;X3+](=[O;X1])C([H])([#6;A;H3X4])[#6;A;H3X4]	0		[H][#8]-[#7;X3+](=[O;X1])[C:1]([H])([#6;A;H3X4:2])[#6;A;H3X4:3]>>[#6;A;H3X4:2][#6:1]([#6;A;H3X4:3])=O
envmicro	EAWAG_RULE_BT0102	BTMR0720	EAWAG_RULE_BT0102	bt:EAWAG_RULE_BT0102	1	[#6]-[#8;X2][P;X4]([#7,#8])(=[S;X1])[#8;X2]-[#6;a]	0		[#6:7]-[#8;X2:6][P;X4:3]([#7,#8:4])(=[S;X1:5])[#8;X2:2]-[#6;a:1]>>[H][#8]-[#6;a:1].[H][#8;X2:2][P;X4:3]([#7,#8:4])(=[S;X1:5])[#8;X2:6]-[#6:7]
envmicro	EAWAG_RULE_BT0103_PATTERN1	BTMR0721	EAWAG_RULE_BT0103_PATTERN1	bt:EAWAG_RULE_BT0103	1	[#8][P;X4]([#8])([#8,#16])=[S;X1]	0		[#8:3][P;X4:2]([#8:1])([#8,#16:4])=[S;X1:5]>>O=[S;X1:5].[#8:3][P;X4:2]([#8:1])([#8,#16:4])=O
envmicro	EAWAG_RULE_BT0103_PATTERN2	BTMR0722	EAWAG_RULE_BT0103_PATTERN2	bt:EAWAG_RULE_BT0103	1	[H][#16;X2][P;X4]([#8])([#8])=O	0		[H][#16;X2][P;X4:2]([#8:1])([#8:4])=[O:3]>>[H][#8][P;X4:2]([#8:1])([#8:4])=[O:3]
envmicro	EAWAG_RULE_BT0104_PATTERN1	BTMR0723	EAWAG_RULE_BT0104_PATTERN1	bt:EAWAG_RULE_BT0104	1	[#8][P;X4]([#8])(=[O;X1])[#8;X2]-[#6]=[#6]	0		[#8:1][P;X4:2]([#8:3])(=[O;X1:4])[#8;X2:5]-[#6:6]=[#6:7]>>[H][#6:7]-[#6:6]=O.[#8:1][P;X4:2]([#8:3])([#8;X2:5])=[O;X1:4]
envmicro	EAWAG_RULE_BT0104_PATTERN2	BTMR0724	EAWAG_RULE_BT0104_PATTERN2	bt:EAWAG_RULE_BT0104	1	[#6]=,:[#6]-[#8;X2][P;X4]([#8])([#8])=[O;X1]	0		[#8:1][P;X4:2]([#8:3])(=[O;X1:4])[#8;X2:5]-[c:6]:[c:7]>>[H][#8]-[c:6]:[c:7].[H][#8;X2:5][P;X4:2]([#8:1])([#8:3])=[O;X1:4]
envmicro	EAWAG_RULE_BT0105	BTMR0725	EAWAG_RULE_BT0105	bt:EAWAG_RULE_BT0105	1	[H][#8;A;X2]c1[#6;a]([H])[#6;a]([H])c([#7;A;X3]([H])[H])[#6;a]([H])[#6;a]1[H]	0		[H][#8;A;X2:5][c:4]1[#6;a:6]([H])[#6;a:7]([H])[c:1]([#7;A;X3]([H])[H])[#6;a:2]([H])[#6;a:3]1[H]>>[H][#6;A;X3:7]1=[#6;A;X3:6]([H])[#6;A:4](=[#8;A;X2:5])[#6;A;X3:3]([H])=[#6;A;X3:2]([H])[#6;A:1]1=O
envmicro	EAWAG_RULE_BT0107	BTMR0726	EAWAG_RULE_BT0107	bt:EAWAG_RULE_BT0107	1	[#8;A;X1]=[#6]-1-[#6;X3]=[#6;X3]-[#6](=[O;X1])-[#6;X3]=[#6;X3]-1	0		[#8;A;X1:7]=[#6:1]-1-[#6;X3:2]=[#6;X3:3]-[#6:4](=[O;X1:8])-[#6;X3:5]=[#6;X3:6]-1>>[H][#8;X2:8]-[c:4]1[c;X3:3][c;X3:2][c:1]([#8;A;X2:7][H])[c;X3:6][c;X3:5]1
envmicro	EAWAG_RULE_BT0108	BTMR0727	EAWAG_RULE_BT0108	bt:EAWAG_RULE_BT0108	1	[#8;A;H1X2]c1ccc(-[$([NX3](=O)=O),$([NX3+](=O)[O-])])cc1	0		[H][#8;A;X2:7][c:1]1[c:6][c:5][c:4]([c:3][c:2]1)-[#7+](-[#8-])=O>>[H][#8]-[c:4]1[c:5][c:6][c:1]([#8;A;X2:7][H])[c:2][c:3]1
envmicro	EAWAG_RULE_BT0110	BTMR0728	EAWAG_RULE_BT0110	bt:EAWAG_RULE_BT0110	1	[#6]-[#7;X2]=[C;X2]=[O;X1]	0		[#6:1]-[#7;X2:2]=[C;X2:3]=[O;X1:4]>>[#6:1]-[#7;X2:2]-[#6;X3:3](-[#8;X1-])=[O;X1:4]
envmicro	EAWAG_RULE_BT0124	BTMR0729	EAWAG_RULE_BT0124	bt:EAWAG_RULE_BT0124	1	[H][c;R1]1[c;R1][c;R1][c;R1][c;R2]2[c;R2]1[c;R1][c;R1][c;R2]1[c;R1][c;R1][c;R1][c;R1][c;R2]21	0		[H][c;R1:1]1[c;R1:2][c;R1:3][c;R1:4][c;R2:5]2[c;R2:6]1[c;R1:7][c;R1:8][c;R2:9]1[c;R1:10][c;R1:11][c;R1:12][c;R1:13][c;R2:14]21>>[H][#8]-[#6;a;R1:1]1[#6;a;R1:2][#6;a;R1:3][#6;a;R1:4][#6;a;R2:5]2[#6;a;R2:6]1[#6;a;R1:7][#6;a;R1:8][#6;a;R2:9]1[#6;a;R1:10][#6;a;R1:11][#6;a;R1:12][#6;a;R1:13][#6;a;R2:14]21
envmicro	EAWAG_RULE_BT0128	BTMR0730	EAWAG_RULE_BT0128	bt:EAWAG_RULE_BT0128	1	[#8;X1-][S;X4](=[O;X1])(=[O;X1])c(:c):[#6;a;H1X3]:c	0		[H][#8][S;X4](=[O;X1])(=[O;X1])[c:3](:[c:4]):[#6;a:1]([H]):[c:2]>>[H][#8]-[#6;a:1](:[c:2]):[c:3](:[c:4])-[#8][H]
envmicro	EAWAG_RULE_BT0143	BTMR0731	EAWAG_RULE_BT0143	bt:EAWAG_RULE_BT0143	1	[#6]-[#8][S;X4]([#8;A;X2H1,X1-])(=[O;X1])=[O;X1]	0		[#6:1]-[#8:2][S;X4]([#8;A;X2H1,X1-])(=[O;X1])=[O;X1]>>[#6:1]-[#8:2][H]
envmicro	EAWAG_RULE_BT0144	BTMR0732	EAWAG_RULE_BT0144	bt:EAWAG_RULE_BT0144	1	[#7][S;X4]([#6,#7,#8])(=[O;X1])=[O;X1]	0		[#7:1][S;X4:2]([#6,#7,#8:3])(=[O;X1:5])=[O;X1:4]>>[#7:1][H].[#8-][S;X4:2]([#6,#7,#8:3])(=[O;X1:5])=[O;X1:4]
envmicro	EAWAG_RULE_BT0146_PATTERN1_A	BTMR0733	EAWAG_RULE_BT0146_PATTERN1_A	bt:EAWAG_RULE_BT0146_PATTERN1_A	1	[#6]-1-[#6]-[#6]-[#6;X4](-[#6]-1)-[#7;X2]=[#7;X2]-[#6;X4]-1-[#6]-[#6]-[#6]-[#6]-1	0		[#6:12]-1-[#6:11]-[#6:10]-[#6;X4:8](-[#6:9]-1)-[#7;X2:7]=[#7;X2:6]-[#6;X4:5]-1-[#6:4]-[#6:3]-[#6:2]-[#6:1]1>>[H][#7:6]([H])-[#6;X4:5]-1-[#6:4]-[#6:3]-[#6:2]-[#6:1]-1.[H][#7:7]([H])-[#6;X4:8]-1-[#6:9]-[#6:12]-[#6:11]-[#6:10]-1
envmicro	EAWAG_RULE_BT0146_PATTERN1_B	BTMR0734	EAWAG_RULE_BT0146_PATTERN1_B	bt:EAWAG_RULE_BT0146_PATTERN1_B	1	[#6]-1-[#6]-[#6]-[#6;X4](-[#6]-[#6]-1)-[#7;X2]=[#7;X2]-[#6;X4]-1-[#6]-[#6]-[#6]-[#6]-[#6]-1	0		[#6:13]-1-[#6:14]-[#6:10]-[#6;X4:4](-[#6:11]-[#6:12]-1)-[#7;X2:3]=[#7;X2:2]-[#6;X4:1]-1-[#6:9]-[#6:8]-[#6:7]-[#6:6]-[#6:5]-1>>[H][#7:2]([H])-[#6;X4:1]-1-[#6:9]-[#6:8]-[#6:7]-[#6:6]-[#6:5]-1.[H][#7:3]([H])-[#6;X4:4]-1-[#6:10]-[#6:14]-[#6:13]-[#6:12]-[#6:11]-1
envmicro	EAWAG_RULE_BT0146_PATTERN1_C	BTMR0735	EAWAG_RULE_BT0146_PATTERN1_C	bt:EAWAG_RULE_BT0146_PATTERN1_C	1	[#6]-1-[#6]-[#6]-[#6]-[#6;X4](-[#6]-[#6]-1)-[#7;X2]=[#7;X2]-[#6;X4]-1-[#6]-[#6]-[#6]-[#6]-[#6]-[#6]-1	0		[#6:14]-1-[#6:13]-[#6:12]-[#6:11]-[#6;X4:4](-[#6:10]-[#6:15]-1)-[#7;X2:3]=[#7;X2:2]-[#6;X4:1]-1-[#6:9]-[#6:16]-[#6:8]-[#6:7]-[#6:6]-[#6:5]-1>>[H][#7:2]([H])-[#6;X4:1]-1-[#6:9]-[#6:16]-[#6:8]-[#6:7]-[#6:6]-[#6:5]-1.[H][#7:3]([H])-[#6;X4:4]-1-[#6:10]-[#6:15]-[#6:14]-[#6:13]-[#6:12]-[#6:11]-1
envmicro	EAWAG_RULE_BT0146_PATTERN2	BTMR0736	EAWAG_RULE_BT0146_PATTERN2	bt:EAWAG_RULE_BT0146	1	c1ccc(cc1)-[#7;X2]=[#7;X2]-c1ccccc1	0		[c:12]1[c:13][c:14][c:9]([c:10][c:11]1)-[#7;X2:8]=[#7;X2:7]-[c:6]1[c:5][c:4][c:3][c:2][c:1]1>>[H][#7:7]([H])-[c:6]1[c:5][c:4][c:3][c:2][c:1]1.[H][#7:8]([H])-[c:9]1[c:14][c:13][c:12][c:11][c:10]1
envmicro	EAWAG_RULE_BT0147	BTMR0737	EAWAG_RULE_BT0147	bt:EAWAG_RULE_BT0147	1	[#6][P;X4]([#8;A;X2H1,X1-])([CX4H3,OX1-])=[O;X1]	0		[#6:1][P;X4:2]([#8;A;X2H1,X1-:3])([CX4H3,OX1-:4])=[O;X1:5]>>[#6:1][H].[H][#8][P;X4:2]([#8;A;X2H1,X1-:3])([CX4H3,OX1-:4])=[O;X1:5]
envmicro	EAWAG_RULE_BT0149_PATTERN1	BTMR0738	EAWAG_RULE_BT0149_PATTERN1	bt:EAWAG_RULE_BT0149	1	[#8;H1X2]-[#6](=[O;X1])-[#6]-[#6](=[O;X1])-[#6]=[#6](-[#1,#17,#35,#53])-[#6](-[#8;H1X2])=[O;X1]	0		[#8;H1X2:10]-[#6:1](=[O;X1:11])-[#6:2]-[#6:3](=[O;X1:9])-[#6:4]=[#6:5](-[#1,#17,#35,#53])-[#6:6](-[#8;H1X2:8])=[O;X1:7]>>[H][C:5]([H])([#6:6](-[#8;H1X2:8])=[O;X1:7])[C:4]([H])([H])[#6:3](=[O;X1:9])-[#6:2]-[#6:1](-[#8;H1X2:10])=[O;X1:11]
envmicro	EAWAG_RULE_BT0153_PATTERN1	BTMR0739	EAWAG_RULE_BT0153_PATTERN1	bt:EAWAG_RULE_BT0153	1	[H][#8;A;X2]c1ncccc1-[#6](-[#1,#6])=O	0		[H][#8;A;X2:7][c:5]1[n:4][c:3][c:2][c:1][c:6]1-[#6:8](-[#1,#6:10])=[O:9]>>[#8-]-[#6:8](-[#1,#6:10])=[O:9].[H][#8;A;X2:7][c:5]1[n:4][c:3][c:2][c:1][c:6]1[H]
envmicro	EAWAG_RULE_BT0153_PATTERN2	BTMR0740	EAWAG_RULE_BT0153_PATTERN2	bt:EAWAG_RULE_BT0153	1	[H][#8;A;X2]c1ccc(cn1)-[#6](-[#1,#6])=O	0		[H][#8;A;X2:7][c:3]1[c:2][c:1][c:6]([c:5][n:4]1)-[#6:8](-[#1,#6:10])=[O:9]>>[#8-]-[#6:8](-[#1,#6:10])=[O:9].[H][#8;A;X2:7][c:5]1[n:4][c:3][c:2][c:1][c:6]1[H]
envmicro	EAWAG_RULE_BT0154	BTMR0741	EAWAG_RULE_BT0154	bt:EAWAG_RULE_BT0154	1	[#8;A;H1X2]c1c[#6;a;H1X3]cc([#8;A;H1X2])c1[#8;A;H1X2]	0		[H][#8;A;X2:8][c:3]1[c:2][#6;a:1]([H])[c:6][c:5]([#8;A;X2:7][H])[c:4]1[#8;A;X2][H]>>[H][#8;A;X2:8][c:3]1[c:2][#6;a:1](-[#8][H])[c:6][c:5]([#8;A;X2:7][H])[c:4]1
envmicro	EAWAG_RULE_BT0156_PATTERN1	BTMR0742	EAWAG_RULE_BT0156_PATTERN1	bt:EAWAG_RULE_BT0156	1	[#8;X2H1]-c1nc(-[#8;X2H1])nc(-[#8;X2H1])n1	0		[H][#8]-c1[n:1][c:6](-[#8:7][H])[n:5][c:4](-[#8:3][H])[n:2]1>>[H][#7:2]-[#6:4](=[O:3])-[#7:5]([H])-[#6:6](=[O:7])-[#7:1][H]
envmicro	EAWAG_RULE_BT0156_PATTERN2	BTMR0743	EAWAG_RULE_BT0156_PATTERN2	bt:EAWAG_RULE_BT0156	1	[H]N1C(=O)N([H])C(=O)N([H])C1=O	0		[O:1]=[#6:2]-1-[#7;h1:7]-[#6:5](=[O:6])-[#7;h1:4]-[#6](=O)-[#7;h1:3]-1>>[#7:3]-[#6:2](=[O:1])-[#7:7]-[#6:5](-[#7:4])=[O:6]
envmicro	EAWAG_RULE_BT0156_PATTERN3	BTMR0744	EAWAG_RULE_BT0156_PATTERN3	bt:EAWAG_RULE_BT0156	1	O=[#6]-1-[#7;D2]-[#6](=O)-[#7;D2]-[#6](=O)-[#7;D2]-1	0		[O:1]=[c:2]1[n;D2:3][c:4](=[O:5])[n;D2:6]c(=O)[n;D2:7]1>>[#7:6]-[#6:4](=[O:5])-[#7:3]-[#6:2](-[#7:7])=[O:1]
envmicro	EAWAG_RULE_BT0158_PATTERN1	BTMR0745	EAWAG_RULE_BT0158_PATTERN1	bt:EAWAG_RULE_BT0158	1	[*,#1;!O]~[#6](-[#6])-[#8;X2][#6;A]=[#6;A]	0		[*,#1;!O:6]~[#6:4](-[#6:5])-[#8;X2:3][#6;A:1]=[#6;A:2]>>[H][#6;A:2][#6;A:1]=[O;X1:3].[*,#1;!O:6]~[#6:4](-[#6:5])-[#8][H]
envmicro	EAWAG_RULE_BT0158_PATTERN2	BTMR0746	EAWAG_RULE_BT0158_PATTERN2	bt:EAWAG_RULE_BT0158	1	[*,#1;!O]~[#6](-[#6])-[#8;X2]@-c:c	0		[*,#1;!O:6]~[#6:4](-[#6:5])-[#8;X2:3]@-[c:1]:[c:2]>>[H][#8:3]-[c:1]:[c:2].[*,#1;!O:6]~[#6:4](-[#6:5])-[#8][H]
envmicro	EAWAG_RULE_BT0162	BTMR0747	EAWAG_RULE_BT0162	bt:EAWAG_RULE_BT0162	1	[#6][#16;D2][#6,#7]	0		[#6:1][#16;D2:2][#6,#7:3]>>[#6:1]-,:[S:2](-,:[#6,#7:3])=O
envmicro	EAWAG_RULE_BT0166_PATTERN1	BTMR0748	EAWAG_RULE_BT0166_PATTERN1	bt:EAWAG_RULE_BT0166	1	[#6,#1]-c1[c;h1]nc2[c;h1][c;h1][c;h1][c;h1]c2c1-[#6,#1]	0		[#6,#1:11]-[c:9]1[c;h1:10][n:7][c:6]2[c;h1:1][c;h1:2][c;h1:3][c;h1:4][c:5]2[c:8]1-[#6,#1:12]>>[H][#7:7]-1-[#6:10](=O)-[#6:9](-[#6,#1:11])=[#6:8](-[#6,#1:12])-[c:5]2[c;h1:4][c;h1:3][c;h1:2][c;h1:1][c:6]-12
envmicro	EAWAG_RULE_BT0166_PATTERN2	BTMR0749	EAWAG_RULE_BT0166_PATTERN2	bt:EAWAG_RULE_BT0166	1	[H]c1c([H])c([H])c2c([H])c([H])c(-[#6,#1])nc2c1[H]	0		[H][c:8]1[c:7]([H])[c:6]([H])[c:5]2[c:4]([H])[c:3]([H])[c:2](-[#6,#1:1])[n:11][c:10]2[c:9]1[H]>>[H][#6:3]-1=[#6:2](-[#6,#1:1])-[#7:11]-[c:10]2[c:9]([H])[c:8]([H])[c:7]([H])[c:6]([H])[c:5]2-[#6:4]-1=O
envmicro	EAWAG_RULE_BT0173	BTMR0750	EAWAG_RULE_BT0173	bt:EAWAG_RULE_BT0173	1	[#6]-[#6;R0](=[#6;R0]/c1ccc([#8;A;H1X2])cc1)-c1ccc([#8;A;H1X2])cc1	0		[H][#8;A;X2:17][c:3]1[c:4][c:5][c:6](-[#6;R0:7]=[#6;R0:8](-[#6:9])-[c:10]2[c:15][c:14][c:13]([#8;A;X2:16][H])[c:12][c:11]2)[c:1][c:2]1>>[H][#8;A;X2:17][c:3]1[c:4][c:5][c:6](-[#6;R0:7]=O)[c:1][c:2]1.[H][#8;A;X2:16][c:13]1[c:14][c:15][c:10]([c:11][c:12]1)-[#6;R0:8](-[#6:9])=O
envmicro	EAWAG_RULE_BT0174	BTMR0751	EAWAG_RULE_BT0174	bt:EAWAG_RULE_BT0174	1	[H][#8]-[c;R1]1[c;R1][c;R1][c;R1](-[#8][H])[c;R1]([#6;A;H3X4])[c;R1]1	0		[H][#8:8]-[c;R1:3]1[c;R1:4][c;R1:5][c;R1:6](-[#8:7][H])[c;R1:1]([#6;A;H3X4:9])[c;R1:2]1>>[H][#8:7]-[#6:6](=O)-[#6:5]=[#6:4]-[#6:3](=[O:8])-[#6:2]-[#6:1]([#6;A;H3X4:9])=O
envmicro	EAWAG_RULE_BT0177	BTMR0752	EAWAG_RULE_BT0177	bt:EAWAG_RULE_BT0177	1	[#8;X1-]-[#7;X3+](=[O;X1])-[#6]-1[#6;A][#6;A][#6;A][#6;A][#6]-1=[O;X1]	0		[#8;X1-:10]-[#7;X3+:8](=[O;X1:9])-[#6:6]-1[#6;A:5][#6;A:4][#6;A:3][#6;A:2][#6:1]-1=[O;X1:7]>>[#8-]-[#6:1](=[O;X1:7])[#6;A:2][#6;A:3][#6;A:4][#6;A:5][#6:6]-[#7;X3+:8](-[#8;X1-:10])=[O;X1:9]
envmicro	EAWAG_RULE_BT0180	BTMR0753	EAWAG_RULE_BT0180	bt:EAWAG_RULE_BT0180	1	[H][#8]-[#6](=O)[#6;A;H2X4]!@-C([H])([#6;A;H3X4])[#6,#1]	0		[H][#8:6]-[#6:5](=[O:7])[#6;A;X4:4]([H])([H])!@-[C:1]([H])([#6;A;H3X4:2])[#6,#1:3]>>[H][#8:6]-[#6:5](=[O:7])[#6;A;X3:4](-[H])!@=[#6:1](-[#6;A;H3X4:2])-[#6,#1:3]
envmicro	EAWAG_RULE_BT0184_PATTERN1	BTMR0754	EAWAG_RULE_BT0184_PATTERN1	bt:EAWAG_RULE_BT0184	1	[H][#8]-[#6](=O)-c1c[c;R1]c2ccccc2c1[#8;A;X2][H]	0		[H][#8:13]-[#6:12](=[O:14])-[c:3]1[c:4][c;R1:5][c:6]2[c:7][c:8][c:9][c:10][c:11]2[c:2]1[#8;A;X2:1][H]>>[H][#8:13]-[#6:12](=[O:14])-[#6;R0:3]-[#6;R0:4]=[#6;R0:5]/[c:6]1[c:7][c:8][c:9][c:10][c:11]1-[#6:2](=O)[#8;A;X2:1][H]
envmicro	EAWAG_RULE_BT0184_PATTERN2	BTMR0755	EAWAG_RULE_BT0184_PATTERN2	bt:EAWAG_RULE_BT0184	1	[H][#8]-[#6](=O)-c1cc(-[NX3H2,$([#7;X3+1](-[#8;X1-])=O)])ccc1[#8;A;H1X2]	0		[H][#8:10]-[#6:8](=[O:9])-[c:3]1[c:2][c:1](-[NX3H2,$([#7;X3+1](-[#8;X1-])=O):11])[c:6][c:5][c:4]1[#8;A;X2:7][H]>>[H][#8;A;X1:7][#6:4](=O)-[#6:5]=[#6:6]-[#6:1](-[NX3H2,$([#7;X3+1](-[#8;X1-])=O):11])=[#6:2]-[#6:3](=O)-[#6:8](=[O:9])-[#8:10][H]
envmicro	EAWAG_RULE_BT0188	BTMR0756	EAWAG_RULE_BT0188	bt:EAWAG_RULE_BT0188	1	[H][#8;X1]-[#6](=[O;X1])-[#6]-1=[#6]-[#6]=[#6;H1X3]-[#7]-1	0		[#8;X1-:8]-[#6:6](=[O;X1:7])-[c:2]1[c:3][c:4][c;H1X3:5][n:1]1>>[#8]-[#6;X3:5]-1=[#6:4]-[#6:3]=[#6:2](-[#7:1]-1)-[#6:6](-[#8;X1-:8])=[O;X1:7]
envmicro	EAWAG_RULE_BT0189	BTMR0757	EAWAG_RULE_BT0189	bt:EAWAG_RULE_BT0189	1	[H][#8]-[#6](=[O;X1])-c1[#6;a;H1X3][#6;a;H1X3]c([#8;A;H1X2])[#7;a;H1X3]1	0		[H][#8;X1:8]-[#6:6](=[O;X1:7])-[c:2]1[#6;a:3]([H])[#6;a:4]([H])[c:5]([#8;A;X2:9][H])[#7;a;X3:1]1[H]>>[H][#7;X3:1]-1-[#6:5](=[#8;A;X1:9])[C;X4:4]([H])([H])[#6;X3:3]([H])=[#6:2]-1-[#6:6](-[#8;X1-:8])=[O;X1:7]
envmicro	EAWAG_RULE_BT0190	BTMR0758	EAWAG_RULE_BT0190	bt:EAWAG_RULE_BT0190	1	[H][#8;A;X2]c1[#6;a]([H])c([#8;A;X2][H])[#6;a]([H])c([#8;A;X2][H])[#6;a]1[H]	0		[H][#8;A;X2:8][c:3]1[#6;a:4]([H])[c:5]([#8;A;X2:9][H])[#6;a:6]([H])[c:1]([#8;A;X2:7][H])[#6;a:2]1[H]>>[H][#8;A;X2:9][#6:5]1[C;X4:6]([H])([H])[#6:1](=[#8;A;X1:7])-[#6;H1X3:2]=[#6:3]([#8;A;X2:8][H])[C;X4:4]1([H])[H]
envmicro	EAWAG_RULE_BT0192	BTMR0759	EAWAG_RULE_BT0192	bt:EAWAG_RULE_BT0192	1	[H][#8]-[#6](=O)-c1c([H])c([H])c([H])c([H])c1[H]	0		[H][#8:9]-[#6:7](=[O:8])-[c:1]1[c:6]([H])[c:5]([H])[c:4]([H])[c:3]([H])[c:2]1[H]>>[H][#8:9]-[#6:7](=[O:8])-[#6:1]-1=[#6:2]([H])-[#6:3]([H])-[#6:4]([H])-[#6:5]([H])=[#6:6]-1[H]
envmicro	EAWAG_RULE_BT0193	BTMR0760	EAWAG_RULE_BT0193	bt:EAWAG_RULE_BT0193	1	[#6,#8]-,:[S;X3](-,:[#6,#8])=O	0		[#6,#8:2]-,:[S;X3:3](-,:[#6,#8:4])=[O:1]>>[#6,#8:2][S;X4:3]([#6,#8:4])(=[O:1])=O
envmicro	EAWAG_RULE_BT0195	BTMR0876	EAWAG_RULE_BT0195	bt:EAWAG_RULE_BT0195	1	[#6][S;X3]([#8;A;X2H1,X1-])=[O;X1]	0		[#6:1][S;X3]([#8;A;X2H1,X1-])=[O;X1]>>[#6:1]
envmicro	EAWAG_RULE_BT0198	BTMR0761	EAWAG_RULE_BT0198	bt:EAWAG_RULE_BT0198	1	[#6]-[#6](=[O;X1])-[#6]-[#16;X2]-[#6]-[#6][S;X4]([#8;X1-])(=[O;X1])=[O;X1]	0		[#6:3]-[#6:2](=[O;X1:4])-[#6:1]-[#16;X2]-[#6]-[#6][S;X4]([#8;X1-])(=[O;X1])=[O;X1]>>[#6:3]-[#6:2](=[O;X1:4])-[#6:1]-[#6](-[#6])=O
envmicro	EAWAG_RULE_BT0199	BTMR0762	EAWAG_RULE_BT0199	bt:EAWAG_RULE_BT0199	1	[#7;h2]-c1ccccc1-[#6](-[#8;X1-])=[O;X1]	0		[#7;A;h2][c:3]1[c:2][c:1][c:6][c:5][c:4]1-[#6:7](-[#8;X1-:9])=[O;X1:8]>>[#8;X1-:9]-[#6:7](=[O;X1:8])-[c:4]1[c:3][c:2][c:1][c:6][c:5]1
envmicro	EAWAG_RULE_BT0200_PATTERN1	BTMR0763	EAWAG_RULE_BT0200_PATTERN1	bt:EAWAG_RULE_BT0200	1	[H][#8;X2]-[#6;R0](=[O;X1])-[#6]=[#6]-[#6;R0](=[O;X1])-[#6]-[#6;R0](=[O;X1])-[#6;R0](=[O;X1])-[#8;X2][H]	0		[H][#8;X2:12]-[#6;R0:11](=[O;X1:13])-[#6:10]=[#6:9]-[#6;R0:7](=[O;X1:8])-[#6:6]-[#6;R0:4](=[O;X1:5])-[#6;R0:2](=[O;X1:3])-[#8;X2:1][H]>>[H][#8;X2:1]-[#6;R0:2](=[O;X1:3])-[#6;R0:4](-[#6:6])=[O;X1:5].[H][#8;X2:12]-[#6;R0:11](=[O;X1:13])-[#6:10]=[#6:9]-[#6;R0:7](=[O;X1:8])-[#8][H]
envmicro	EAWAG_RULE_BT0200_PATTERN2	BTMR0764	EAWAG_RULE_BT0200_PATTERN2	bt:EAWAG_RULE_BT0200	1	[H][#8;X2]-[#6;R0](=[O;X1])-[#6]=[#6]-[#6;R0]([#8;A;H1X2])=[#6]-[#6;R0](=[O;X1])-[#6;R0](=[O;X1])-[#8;X2][H]	0		[H][#8;X2:12]-[#6;R0:11](=[O;X1:13])-[#6:10]=[#6:9]-[#6;R0:7](-[#8;X2:8][H])=[#6:6]-[#6;R0:4](=[O;X1:5])-[#6;R0:2](=[O;X1:3])-[#8;X2:1][H]>>[H][#8;X2:1]-[#6;R0:2](=[O;X1:3])-[#6;R0:4](-[#6:6])=[O;X1:5].[H][#8;X2:12]-[#6;R0:11](=[O;X1:13])-[#6:10]=[#6:9]-[#6;R0:7](=[O;X1:8])-[#8][H]
envmicro	EAWAG_RULE_BT0202	BTMR0765	EAWAG_RULE_BT0202	bt:EAWAG_RULE_BT0202	1	[#6;A;H3X4][#6;R0](=O)-[c;R1]1[c;R1][c;R1][c;R1][c;R1][c;R1]1	0		[H][#6;A;X4:8]([H])([H])[#6;R0:7](=[O:9])-[c;R1:1]1[c;R1:6][c;R1:5][c;R1:4][c;R1:3][c;R1:2]1>>[H][#6;A;X4:8]([H])([#6](-[#8-])=O)[#6;R0:7](=[O:9])-[c;R1:1]1[c;R1:6][c;R1:5][c;R1:4][c;R1:3][c;R1:2]1
envmicro	EAWAG_RULE_BT0206	BTMR0766	EAWAG_RULE_BT0206	bt:EAWAG_RULE_BT0206	1	[H][#8;X2]-[#6;R0](=[O;X1])-[#6]=[#6;R0]-[#6](-[F,Cl,Br,I])=[#6]-[#6;R0](=[O;X1])-[#8;X2][H]	0		[H][#8;X2:10]-[#6;R0:8](=[O;X1:9])-[#6:7]=[#6;R0:6]-[#6:5](-[F,Cl,Br,I])=[#6:4]-[#6;R0:2](=[O;X1:3])-[#8;X2:1][H]>>[H][#8;X2:1]-[#6;R0:2](=[O;X1:3])-[#6:4]=[#6:5]-1-[#8;X1:10]-[#6;R1:8](=[O;X1:9])-[#6:7]=[#6;R1:6]-1
envmicro	EAWAG_RULE_BT0208	BTMR0767	EAWAG_RULE_BT0208	bt:EAWAG_RULE_BT0208	1	[H][#8]!@-c1c([H])c([H])c([H])c([H])c1[H]	0		[H][#8:7]!@-[c:4]1[c:5]([H])[c:6]([H])[c:1]([H])[c:2]([H])[c:3]1[H]>>[H][#8]P(=O)([#8][H])[#8:7]!@-[c:4]1[c:5]([H])[c:6]([H])[c:1]([H])[c:2]([H])[c:3]1[H]
envmicro	EAWAG_RULE_BT0209	BTMR0877	EAWAG_RULE_BT0209	bt:EAWAG_RULE_BT0209	1	[#8;A;H1X2]!@-c1[#6;a;H1X3][#6;a;H1X3][#6;a;H1X3][#6;a;H1X3][#6;a;H1X3]1	0		[H][#8;A;X2:1]!@-[c:2]1[#6;a:7]([H])[#6;a:6]([H])[#6;a:5]([H])[#6;a:4]([H])[#6;a:3]1[H]>>[H][#8;A;X2:1]!@-[c:2]1[#6;a:3]([H])[#6;a:4]([H])[#6;a:5]([#6;a:6]([H])[#6;a:7]1[H])-[#6](-[#8-])=O
envmicro	EAWAG_RULE_BT0210	BTMR0898	EAWAG_RULE_BT0210	bt:EAWAG_RULE_BT0210	1	[#6;a][S;X4]([#8;X1-])(=[O;X1])=[O;X1]	0		[#6;a:1][S;X4]([#8;X1-])(=[O;X1])=[O;X1]>>[H][#8]-[#6;a:1]
envmicro	EAWAG_RULE_BT0214	BTMR0768	EAWAG_RULE_BT0214	bt:EAWAG_RULE_BT0214	1	[#8;A;H1X2][#6]-1[#6;A;H1X3]=[#6]-[#6]([#8;A;H1X2])[#6;A;H1X3]=[#6]-1	0		[H][#8;A;X2:8][#6:3]1-[#6:2]=[#6;A;X3:1]([H])[#6:6]([#8;A;X2:7][H])-[#6:5]=[#6;A;X3:4]1[H]>>[H][#8;A;X2:8][c:3]1[c:4][c:5][c:6]([#8;A;X2:7][H])[c:1][c:2]1
envmicro	EAWAG_RULE_BT0218	BTMR0769	EAWAG_RULE_BT0218	bt:EAWAG_RULE_BT0218	1	[H][#6;A;X4]([#6;X4][#8;A;H1X2])[#7;A;X3]([*,#1])[*,#1]	0		[H:8][#8;A;X2:1][#6;X4:2][#6;A;X4:3]([H:4])[#7;A;X3:5]([*,#1:6])[*,#1:7]>>[H:4][#6;X4:2][#6;A;X4:3]([#8;A;X2:1][H:8])[#7;A;X3:5]([*,#1:6])[*,#1:7]
envmicro	EAWAG_RULE_BT0219	BTMR0878	EAWAG_RULE_BT0219	bt:EAWAG_RULE_BT0219	1	[#6;!O]~[#7](~[#6;!O])-[#6]([#8;A;H1X2])[#6,#7]	0		[#6;!O:1]~[#7:2](~[#6;!O:3])-[#6:4](-[#6,#7:6])[#8;A;X2:5][H]>>[#6;!O:3]~[#7:2](~[#6;!O:1])[H].[#6,#7:6]-[#6:4]=[#8;A;X1:5]
envmicro	EAWAG_RULE_BT0225	BTMR0770	EAWAG_RULE_BT0225	bt:EAWAG_RULE_BT0225	1	[#6]C([#6;A;H3X4])(c1cc(-[!$([F,Cl,I,Br])])c([#8;A;H1X2])c(-[!$([F,Cl,I,Br])])c1)c1cc(-[!$([F,Cl,I,Br])])c([#8;A;H1X2])c(-[!$([F,Cl,I,Br])])c1	0		[H][#8;A;X2:15][c:3]1[c:2](-[!$([F,Cl,I,Br]):18])[c:1][c:6]([c:5][c:4]1-[!$([F,Cl,I,Br]):17])[C:7]([#6:14])([c:8]1[c:13][c:12](-[!$([F,Cl,I,Br]):20])[c:11]([#8;A;X2:16][H])[c:10](-[!$([F,Cl,I,Br]):19])[c:9]1)[#6;A;X4]([H])([H])[H]>>[H][#8;A;X2:16][c:11]1[c:12](-[!$([F,Cl,I,Br]):20])[c:13][c:8]([c:9][c:10]1-[!$([F,Cl,I,Br]):19])[C;X4]([H])([H])[C:7]([#6:14])([#8][H])[c:6]1[c:1][c:2](-[!$([F,Cl,I,Br]):18])[c:3]([#8;A;X2:15][H])[c:4](-[!$([F,Cl,I,Br]):17])[c:5]1
envmicro	EAWAG_RULE_BT0226	BTMR0771	EAWAG_RULE_BT0226	bt:EAWAG_RULE_BT0226	1	[H][#8;A;X2]c1ccc(cc1)-[#6]([H])C([#6])([#8;A;X2][H])c1ccc([#8;A;X2][H])cc1	0		[H][#8;A;X2:17][c:1]1[c:6][c:5][c:4]([c:3][c:2]1)-[#6:7]([H])[C:8]([#6:10])([#8;A;X2][H])[c:9]1[c:11][c:15][c:14]([#8;A;X2:16][H])[c:13][c:12]1>>[H][#8;A;X2:17][c:1]1[c:6][c:5][c:4](-[#6:7]=[#6:8](-[#6:10])-[c:9]2[c:11][c:15][c:14]([#8;A;X2:16][H])[c:13][c:12]2)[c:3][c:2]1
envmicro	EAWAG_RULE_BT0227	BTMR0772	EAWAG_RULE_BT0227	bt:EAWAG_RULE_BT0227	1	[H][#8;X2][S;X4](=[O;X1])(=[O;X1])[#6;X3]=[O;X1]	0		[H][#8;X1:4][S;X4:2](=[O;X1:3])(=[O;X1:1])[#6;X3:5]=[O;X1:6]>>[H][#8]-[#6;X3:5]=[O;X1:6].[H][#8;X2:4][S;X4:2]([H])(=[O;X1:3])=[O;X1:1]
envmicro	EAWAG_RULE_BT0231	BTMR0885	EAWAG_RULE_BT0231	bt:EAWAG_RULE_BT0231	1	[H][#8][#6]=[#6][#6]=[#6]	0		[H][#8:5][#6:4]=[#6:3][#6:2]=[#6:1]>>[H][#6:1][#6:2]=[#6:3]/[#6:4]=[O:5]
envmicro	EAWAG_RULE_BT0234	BTMR0773	EAWAG_RULE_BT0234	bt:EAWAG_RULE_BT0234	1	[#8;A;H1X2]c1[#6;a;H1X3]c(-[!O])c(-[#6]-[#6](-[#8-])=O)[#6;a;H1X3]c1-[!O]	0		[H][#8:11]-[#6:9](=[O:10])-[#6:8]-[c:4]1[#6;a:3]([H])[c:2](-[!O:12])[c:1]([#8;A;X2:7][H])[#6;a:6]([H])[c:5]1-[!O:13]>>[H][#8:11]-[#6:9](=[O:10])-[#6:8]-[c:4]1[c:5](-[!O:13])[#6;a:6]([#8;A;X2:7][H])[c;X3:1]([H])[c:2](-[!O:12])[#6;a:3]1[#8;A;X2][H]
envmicro	EAWAG_RULE_BT0237	BTMR0879	EAWAG_RULE_BT0237	bt:EAWAG_RULE_BT0237	1	[#6]=,:[#6](=,:[#6,#8,#16])-[#6](=O)[#6;A;H1X4]([#8;A;H1X2])[#6]([#6,#8,#16])[#6,#8]	0		[H][#8;A;X2:10][#6;A;X4:5]([H])([#6:4](=[O:9])-[c:2](:[#6,#8,#16;a:1]):[c:3])[c:6](:[#6,#8;a:8]):[#6,#8,#16;a:7]>>[H][#6;A;X4:5](=[#8;A;X1:10])[c:6](:[#6,#8;a:8]):[#6,#8,#16;a:7].[H][#6:4](=[O:9])-[c:2](:[#6,#8,#16;a:1]):[c:3]
envmicro	EAWAG_RULE_BT0241	BTMR0886	EAWAG_RULE_BT0241	bt:EAWAG_RULE_BT0241	1	[H]C(C)(C)C	0		[H][C:2]([#6:1])([#6:3])[#6:4]>>[H][#8][C:2]([#6:1])([#6:3])[#6:4]
envmicro	EAWAG_RULE_BT0242_PATTERN1	BTMR0774	EAWAG_RULE_BT0242_PATTERN1	bt:EAWAG_RULE_BT0242	1	[#6;X4][#6;A;H2X4R1][#6;X4]	0		[H][#6;A;X4R1:1]([H])([#6;X4:3])[#6;X4:2]>>[H][#8][#6;A;X4R1:1]([H])([#6;X4:3])[#6;X4:2]
envmicro	EAWAG_RULE_BT0242_PATTERN2	BTMR0775	EAWAG_RULE_BT0242_PATTERN2	bt:EAWAG_RULE_BT0242	1	[#7,#8]~[#6;H3X4][#6;A;H2X4][#6;X4]	0		[#7,#8:4]~[#6;X4:2][#6;A;X4:1]([H])([H])[#6;X4:3]>>[#7,#8:4]~[#6;X4:2][#6;A;X4:1]([H])([#6;X4:3])[#8][H]
envmicro	EAWAG_RULE_BT0242_PATTERN3	BTMR0776	EAWAG_RULE_BT0242_PATTERN3	bt:EAWAG_RULE_BT0242	1	[#6;X3][#6;A;H2X4][#6;H3X4]	0		[H][C;X4:3]([H])([H])[#6;A;X4:1]([H])([H])[#6;X3:2]>>[H][#8][#6;A;X4:1]([H])([#6;X3:2])[C;X4:3]([H])([H])[H]
envmicro	EAWAG_RULE_BT0243	BTMR0777	EAWAG_RULE_BT0243	bt:EAWAG_RULE_BT0243	1	[#6,#7][#6](=[O;X1])[#7]!@-[#6;A][H]	0		[#6,#7:1][#6:2](=[O;X1:3])[#7:4]!@-[#6;A:5][H:6]>>[#8][H:6].[H][#8][#6;A:5].[#7:4][#6:2]([#6,#7:1])=[O;X1:3]
envmicro	EAWAG_RULE_BT0254_PATTERN1	BTMR0887	EAWAG_RULE_BT0254_PATTERN1	bt:EAWAG_RULE_BT0254	1	[H][#8]-c1c([H])c([H])c2c([H])c3c([H])c([H])c([H])c([H])c3c([H])c2c1-[#8][H]	0		[H][#8:16]-[c:14]1[c:13]([H])[c:12]([H])[c:9]2[c:8]([H])[c:5]3[c:4]([H])[c:3]([H])[c:2]([H])[c:1]([H])[c:6]3[c:7]([H])[c:10]2[c:11]1-[#8:15][H]>>[H][#6:13](=[#6:12]([H])-[c:9]1[c:8]([H])[c:5]2[c:4]([H])[c:3]([H])[c:2]([H])[c:1]([H])[c:6]2[c:7]([H])[c:10]1-[#6:11](-[#8-:15])=O)-[#6:14](-[#8-:16])=O
envmicro	EAWAG_RULE_BT0254_PATTERN2	BTMR0888	EAWAG_RULE_BT0254_PATTERN2	bt:EAWAG_RULE_BT0254	1	[H][#8]-[#6]1=,:[#6,#7][#6]=,:[#6][#6](-[*,#1])=,:[#6]1-[#8][H]	0		[H][#8:1]-[#6:2]1=,:[#6,#7:3][#6:4]=,:[#6:5][#6:6](-[*,#1:7])=,:[#6:8]1-[#8:9][H]>>[H][#8:1]-[#6:2](=O)-[#6,#7:3]=[#6:4]/[#6:5]=[#6:6](/[*,#1:7])-[#6:8](=O)-[#8:9][H]
envmicro	EAWAG_RULE_BT0255_PATTERN1	BTMR0778	EAWAG_RULE_BT0255_PATTERN1	bt:EAWAG_RULE_BT0255	1	[#6]=,:[#6]@-[#6;A;H1X4]([#8;A;H1X2])[#6;A;H1X4]([#8;A;H1X2])@-[#6]=,:[#6]	0		[#6:6]=,:[#6:3]@-[#6;A;X4:2]([H])([#8;A;X2:8][H])[#6;A;X4:1]([H])(@-[#6:4]=,:[#6:5])[#8;A;X2:7][H]>>[H][#8;A;X2:8][#6;A;X4:2](@:[c:3]:[c:6]):[#6;A;X4:1]([#8;A;X2:7][H])@:[c:4]:[c:5]
envmicro	EAWAG_RULE_BT0255_PATTERN2	BTMR0779	EAWAG_RULE_BT0255_PATTERN2	bt:EAWAG_RULE_BT0255	1	[H]OC1([H])C=CC=CC1([H])O[H]	0		[H][#8:7][C:6]1([H])[#6:5]=[#6:4]-[#6:3]=[#6:2][C:1]1([H])[#8:8][H]>>[H][#8:7]-[c:6]1[c:5][c:4][c:3][c:2][c:1]1-[#8:8][H]
envmicro	EAWAG_RULE_BT0257	BTMR0780	EAWAG_RULE_BT0257	bt:EAWAG_RULE_BT0257	1	[#6]=,:1[#6]=,:[#6]-[#6;H1X4]-2-[#8]-[#6;H1X4]-2-[#6]=,:1	0		[#6:5]=,:1[#6:6]=,:[#6:1]-[#6;H1X4:2]-2-[#8:7]-[#6;H1X4:3]-2-[#6:4]=,:1>>[#8:7]-[#6;a:3]1[#6;a;H1X3:2][c:1][c:6][c:5][c:4]1
envmicro	EAWAG_RULE_BT0259	BTMR0781	EAWAG_RULE_BT0259	bt:EAWAG_RULE_BT0259	1	[H][#6;X4](-[#6,#1])-[#16;X2]-[#1,#15,#6]	0		[H:1][C;X4:2]([#6,#1:3])([*,#1:6])[#16;X2:4]-[#1,#15,#6:5]>>[H:1][#16;X2:4]-[#1,#15,#6:5].[#6,#1:3]-[#6;X3:2](-[*,#1:6])=O
envmicro	EAWAG_RULE_BT0260	BTMR0782	EAWAG_RULE_BT0260	bt:EAWAG_RULE_BT0260	1	[#6]-[#16;X2]-[#16;X2]-[#6]	0		[#6:3]-[#16;X2:1]-[#16;X2:2]-[#6:4]>>[#6:3]-[#16;X2:1].[#6:4]-[#16;X2:2]
envmicro	EAWAG_RULE_BT0267	BTMR0910	EAWAG_RULE_BT0267	bt:EAWAG_RULE_BT0267	1	[H]C1([H])[#6]C2([#6])[#6](=O)-[#6]-[#6]1C2([#6])[#6]	0		[H][C:5]1([H])[#6:6][C:7]2([#6:8])[#6:9](=[O:10])-[#6:11]-[#6:4]1[C:2]2([#6:1])[#6:3]>>[H][#8][C:5]1([H])[#6:6][C:7]2([#6:8])[#6:9](=[O:10])-[#6:11]-[#6:4]1[C:2]2([#6:1])[#6:3]
envmicro	EAWAG_RULE_BT0275	BTMR0783	EAWAG_RULE_BT0275	bt:EAWAG_RULE_BT0275	1	[#17,#35,#53,#1;A]C([#17,#35,#53,#1;A])([#17,#35,#53,#1;A])[#6;A;H1X4](c1ccc(-[F,Cl,Br,I])cc1)c1ccc(-[F,Cl,Br,I])cc1	0		[#17,#35,#53,#1;A:17][C:14]([#17,#35,#53,#1;A:18])([#1,#17,#35,#53;A])[#6;A;H1X4:7]([c:6]1[c:1][c:2][c:3](-[F,Cl,Br,I:15])[c:4][c:5]1)[c:8]1[c:10][c:11][c:12](-[F,Cl,Br,I:16])[c:13][c:9]1>>[#17,#35,#53,#1;A:17]-[#6:14]([#17,#35,#53,#1;A:18])=[#6;A;X3:7]([c:6]1[c:1][c:2][c:3](-[F,Cl,Br,I:15])[c:4][c:5]1)[c:8]1[c:10][c:11][c:12](-[F,Cl,Br,I:16])[c:13][c:9]1
envmicro	EAWAG_RULE_BT0280	BTMR0911	EAWAG_RULE_BT0280	bt:EAWAG_RULE_BT0280	1	[H][#8]-[#6]=[#7]-[#6](-[#8;X1-])=[O;X1]	0		[H][#8]-[#6]=[#7:1]-[#6:2](-[#8;X1-])=[O;X1:3]>>[H][#7:1]([H])-[#6:2]([H])=[O;X1:3]
envmicro	EAWAG_RULE_BT0281	BTMR0784	EAWAG_RULE_BT0281	bt:EAWAG_RULE_BT0281	1	[#6]-[#6]-1=[#6]-c2c([#8;A;H1X2])c([#8;A;H1X2])ccc2-[#7;X3]-[#6]-1=O	0		[#6:14]-[#6:8]-1=[#6:7]-[c:5]2[c:4]([#8;A;H1X2:12])[c:3]([#8;A;H1X2:11])[c:2][c:1][c:6]2-[#7;X3:10]-[#6:9]-1=[O:13]>>[#6:14]-[#6:8]-1=[#6:7]-[#6:5](-[#8])=[#6:6](-[#7;X3:10]-[#6:9]-1=[O:13])-[#6:1]=[#6:2]-[#6:3](=[#8;A;X1:11])-[#6:4]([#8;A;X1-:12])=O
envmicro	EAWAG_RULE_BT0282	BTMR0912	EAWAG_RULE_BT0282	bt:EAWAG_RULE_BT0282	1	[H][#6]1=,:[#6]([H])[#6]([H])=,:[#6]-2[#6](-[#7]-[#6](-[#1,#6])=[#6]([H])-[#6]-2=O)=,:[#6]1[H]	0		[H:14][#6:3]1=,:[#6:2]([H:15])[#6:1]([H:16])=,:[#6:6]-2[#6:5](-[#7:8]-[#6:9](-[#1,#6:12])=[#6:10]([H])-[#6:7]-2=[O:11])=,:[#6:4]1[H:13]>>[H][#8]-[#6:10]-1=[#6:9](-[#1,#6:12])-[#7:8]-[#6:5]2=,:[#6:4]([H:13])[#6:3]([H:14])=,:[#6:2]([H:15])[#6:1]([H:16])=,:[#6:6]2-[#6:7]-1=[O:11]
envmicro	EAWAG_RULE_BT0284	BTMR0785	EAWAG_RULE_BT0284	bt:EAWAG_RULE_BT0284	1	[O;X1]=[S;X4]1(=[O;X1])cc-c2ccccc12	0		[O;X1:10]=[S;X4:9]1(=[O;X1:11])[c:8][c:7]-[c:5]2[c:4][c:3][c:2][c:1][c:6]12>>[#8]-[c:6]1[c:1][c:2][c:3][c:4][c:5]1-[c:7]:[c:8][S;X4:9]([#8;X1-:11])=[O;X1:10]
envmicro	EAWAG_RULE_BT0286	BTMR0786	EAWAG_RULE_BT0286	bt:EAWAG_RULE_BT0286	1	[H][#6;X4]([H])[S;X4]([#8;A;X2H1,X1-])(=[O;X1])=[O;X1]	0		[H:1][#6;X4:2]([H])[S;X4]([#8;A;X2H1,X1-])(=[O;X1])=[O;X1]>>[H:1][#6;X3:2]=O
envmicro	EAWAG_RULE_BT0288	BTMR0947	EAWAG_RULE_BT0288	bt:EAWAG_RULE_BT0288	1	[#6][#6;A;X4;H1,H2][#6]-1-[#6]~[#6]=[#6]~[#6](=O)-[#8]-1	0		[#6:9][#6;A;X4;H1,H2:8][#6:5]-1-[#6:4]~[#6:3]=[#6:2]~[#6:1](=[O:7])-[#8:6]-1>>[#6:9]-[#6;A;X3:8]=[#6:5]-[#6:4]-[#6:3]=[#6:2][#6:1](-[#8-:6])=[O:7]
envmicro	EAWAG_RULE_BT0291_PATTERN1	BTMR0787	EAWAG_RULE_BT0291_PATTERN1	bt:EAWAG_RULE_BT0291	1	[#6,#1]-[#6](-[#6,#1])=[#6](-[#6,#1])-[#6,#1]	0		[#6,#1:6]-[#6:2](-[#6,#1:5])=[#6:1](-[#6,#1:4])-[#6,#1:3]>>[H][C:1]([#6,#1:4])([#6,#1:3])[C:2]([H])([#6,#1:6])[#6,#1:5]
envmicro	EAWAG_RULE_BT0291_PATTERN2	BTMR0788	EAWAG_RULE_BT0291_PATTERN2	bt:EAWAG_RULE_BT0291	1	O=[#6]1[#6]=,:[#6][#6]=,:[#6][#8]1	0		[O:1]=[#6:2]1[#6:3]=,:[#6:4][#6:5]=,:[#6:6][#8:7]1>>[O:1]=[#6:2]-1-[#6:3]-[#6:4]-[#6:5]=[#6:6]-[#8:7]-1
envmicro	EAWAG_RULE_BT0295_PATTERN1	BTMR0789	EAWAG_RULE_BT0295_PATTERN1	bt:EAWAG_RULE_BT0295	1	[#6]-[#8;X2][C;X4]([#6])([#6])[F,Cl,Br,I]	0		[#6:5]-[#8;X2:4][C;X4:2]([#6:1])([#6:3])[F,Cl,Br,I]>>[#6:5]-[#8;X2:4].[#6:1]-[#6;X3:2](-[#6:3])=O
envmicro	EAWAG_RULE_BT0295_PATTERN2	BTMR0790	EAWAG_RULE_BT0295_PATTERN2	bt:EAWAG_RULE_BT0295	1	[#6]-[#8;X2]-[#6;H1X4](-[#6])-[F,Cl,Br,I]	0		[#6:4]-[#8;X2:3]-[#6;H1X4:2](-[#6:1])-[F,Cl,Br,I]>>[#6:4]-[#8;X2:3]-[#6;X3:2](-[#6:1])=O
envmicro	EAWAG_RULE_BT0297	BTMR0791	EAWAG_RULE_BT0297	bt:EAWAG_RULE_BT0297	1	[#8;A;H1X2][#6;R1]-1=[#6;R1]-[#6;R1]=[#6;R1]([#8;A;H1X2])-[#6;R1]=[#6;R1]-1	0		[#8;A;H1X2:7][#6;R1:1]-1=[#6;R1:6]-[#6;R1:5]=[#6;R1:4]([#8;A;H1X2:8])-[#6;R1:3]=[#6;R1:2]-1>>[#8;A;X1-:7][#6:1](=O)-[#6:2]=[#6:3][#6:4](=[#8;A;X1:8])-[#6:5]-[#6:6]=O
envmicro	EAWAG_RULE_BT0298	BTMR0792	EAWAG_RULE_BT0298	bt:EAWAG_RULE_BT0298	1	[#6][N;X2+]#[#6;A;X1-,X2]	0		[#6:1][N;X2+:2]#[#6;A;X1-,X2:3]>>[H][#7;X2:2](-[#6:1])[#6;A:3]=O
envmicro	EAWAG_RULE_BT0304	BTMR0793	EAWAG_RULE_BT0304	bt:EAWAG_RULE_BT0304	1	[#8;X1-]-c1ccc(cc1-[#7;X3+](-[#8;X1-])=[O;X1])-[#7;X3+](-[#8;X1-])=[O;X1]	0		[#8;X1-:13]-[c:3]1[c:2][c:1][c:6]([c:5][c:4]1-[#7;X3+:7](-[#8;X1-:9])=[O;X1:8])-[#7;X3+:11](-[#8;X1-:10])=[O;X1:12]>>[#8;X1-:12]-[#7;X3+:11](-[#8;X1-:10])=[#6:6]-1[#6:5]-[#6:4](-[#6:3](=[O;X1:13])-[#6:2]=[#6:1]-1)=[#7;X3+:7]([#8;X1-:8])-[#8;X1-:9]
envmicro	EAWAG_RULE_BT0305	BTMR0794	EAWAG_RULE_BT0305	bt:EAWAG_RULE_BT0305	1	[#8;X1-]-[#7;X3+](-[#8;X1-])=[#6]1/[#6]-[#6](-[#6](=[O;X1])-[#6]([#1,#7;A])=[#6;A;H2X3]1)=[#7;X3+](/[#8;X1-])-[#8;X1-]	0		[#8;X1-:12]-[#7;X3+:11](-[#8;X1-:10])=[#6:6]1[#6:5]-[#6:4](-[#6:3](=[O;X1:13])-[#6:2]([#1,#7;A])=[#6;A;H2X3:1]1)=[#7;X3+:7]([#8;X1-:8])-[#8;X1-:9]>>[#8;X1-:10]-[#7;X3+:11](=[O;X1:12])-[#6:6]-1-[#6:1]-[#6:2]-[#6:3](=[O;X1:13])-[#6:4](-[#6:5]-1)-[#7;X3+:7](-[#8;X1-:8])=[O;X1:9]
envmicro	EAWAG_RULE_BT0306	BTMR0795	EAWAG_RULE_BT0306	bt:EAWAG_RULE_BT0306	1	[#8;X1-]-[#6](=[O;X1])-[#6]-1[#6;A;X4;H1,H2][#6]-1	0		[#8;X1-:6]-[#6:4](=[O;X1:5])-[#6:2]-1[#6;A;X4;H1,H2:1][#6:3]-1>>[#6;A;X4;H2,H3:1]-[#6:3]=[#6:2]-[#6:4](-[#8;X1-:6])=[O;X1:5]
envmicro	EAWAG_RULE_BT0311	BTMR0796	EAWAG_RULE_BT0311	bt:EAWAG_RULE_BT0311	1	[#8;X1-]-[#7;X3+](-[#8;X1-])=[#6]1-[#6]-[#6](-[#6](=[O;X1])-[#6](=[#6;A;H2X3]1)-[#7;X3+](-[#8;X1-])=[O;X1])=[#7;X3+](/[#8;X1-])-[#8;X1-]	0		[#8;X1-:15]-[#7;X3+:9](-[#8;X1-:16])=[#6:8]1-[#6:7]-[#6:6](-[#6:5](=[O;X1:14])-[#6:4](=[#6;A;H2X3:10]1)-[#7;X3+:2](-[#8;X1-:1])=[O;X1:3])=[#7;X3+:11]([#8;X1-:12])-[#8;X1-:13]>>[#8;X1-:15]-[#7;X3+:9](-[#8;X1-:16])=[#6:8]-1[#6;A;H2X3:10]-[#6:4](-[#6:5](=[O;X1:14])-[#6:6](-[#6:7]-1)=[#7;X3+:11](-[#8;X1-:12])-[#8;X1-:13])=[#7;X3+:2]([#8;X1-:1])-[#8;X1-:3]
envmicro	EAWAG_RULE_BT0313	BTMR0797	EAWAG_RULE_BT0313	bt:EAWAG_RULE_BT0313	1	[#6,#1,#35,#17,#53;A][#6]-1=[#6]([#6,#1,#35,#17,#53;A])-[#6](=O)-[#8]-[#6]-1=[#6]	0		[#6,#1,#35,#17,#53;A:9][#6:4]-1=[#6:3]([#6,#1,#35,#17,#53;A:8])-[#6:2](=[O:6])-[#8:1]-[#6:5]-1=[#6:7]>>[#6:7]-[#6:5](=O)-[#6:4](-[#6,#1,#35,#17,#53;A:9])=[#6:3](-[#6,#1,#35,#17,#53;A:8])-[#6:2](-[#8-:1])=[O:6]
envmicro	EAWAG_RULE_BT0316	BTMR0798	EAWAG_RULE_BT0316	bt:EAWAG_RULE_BT0316	1	O=[#6]-1-[#7]-c2[n;X2][#6;a;H1X3]nc2-[#6](=O)-[#7]-1	0		[O;X1:11]=[#6:6]-1-[#7:1]-[c:2]2[n;X2:9][#6;a;H1X3:8][n:7][c:3]2-[#6:4](=[O;X1:10])-[#7:5]-1>>[O;X1:11]=[#6:6]-1-[#7:1]-[c:2]2[n;H1X3:9][#6;a:8](=O)[n:7][c:3]2-[#6:4](=[O;X1:10])-[#7:5]-1
envmicro	EAWAG_RULE_BT0318_PATTERN1	BTMR0799	EAWAG_RULE_BT0318_PATTERN1	bt:EAWAG_RULE_BT0318	1	[#6][#7;A;H1X3][#6](-[#8-])=O	0		[#6:1]!@-[#7;A;H1X3:2][#6](-[#8;X1-])=[O;X1]>>[#6:1]!@-[#7;A;H1X3:2]
envmicro	EAWAG_RULE_BT0318_PATTERN2	BTMR0800	EAWAG_RULE_BT0318_PATTERN2	bt:EAWAG_RULE_BT0318	1	[#6,#16;A][#7;A;X3][#6](=O)-[#8]!@-[#6,#7;A]	0		[#6,#16;A:1][#7;A;X3:2][#6:3](=[O:4])-[#8:5]!@-[#6,#7;A:6]>>[#7;A;H2X3:2][#6,#16;A:1].[#8-]-[#6:3](=[O:4])-[#8:5]!@-[#6,#7;A:6]
envmicro	EAWAG_RULE_BT0320	BTMR0801	EAWAG_RULE_BT0320	bt:EAWAG_RULE_BT0320	1	[#6]-[#6]-1-[#6][#6;A;H2X4][#6;A;H1X4]([#6])[#6](=O)-[#6]-1	0		[#6:7]-[#6:1]-1-[#6:2][#6;A;H2X4:3][#6;A;H1X4:4]([#6:8])[#6:5](=[O:9])-[#6:6]-1>>[#6:7]-[#6:1]-1-[#6:2][#6;A;H1X3:3]=[#6;A;X3:4]([#6:8])[#6:5](=[O:9])-[#6:6]-1
envmicro	EAWAG_RULE_BT0322	BTMR0913	EAWAG_RULE_BT0322	bt:EAWAG_RULE_BT0322	1	[H]-[#6](-[#6](-[#8-])=O)=[#6](-[#6]-[#6]-[#6]=[#6])C([H])([H])[H]	0		[H:11]-[#6:7](-[#6:8](-[#8-:10])=[O:9])=[#6:5](-[#6:4]-[#6:3]-[#6:2]=[#6:1])[C:6]([H:12])([H])[H:13]>>[H:11]-[#6:7](-[#6:8](-[#8-:10])=[O:9])=[#6:5](-[#6:4]-[#6:3]-[#6:2]=[#6:1])[C:6]([H:12])([H:13])[#6](-[#8-])=O
envmicro	EAWAG_RULE_BT0323	BTMR0802	EAWAG_RULE_BT0323	bt:EAWAG_RULE_BT0323	1	[#8;A;H1X2]C([#6]-[#6]-[#6]=[#6])([#6;A;H2X4][#6](-[#8;X1-])=O)[#6]-[#6](-[#8;X1-])=O	0		[#8;A;H1X2:1][C:2]([#6:3]-[#6:4]-[#6:5]=[#6:6])([#6;A;H2X4:7][#6:8](-[#8;X1-:9])=[O:10])[#6:11]-[#6:12](-[#8;X1-:13])=[O:14]>>[#6;A;H2X4:7][#6:8](-[#8;X1-:9])=[O:10].[#8;X1-:13]-[#6:12](=[O:14])-[#6:11]-[#6:2](=[#8;A;X1:1])-[#6:3]-[#6:4]-[#6:5]=[#6:6]
envmicro	EAWAG_RULE_BT0325	BTMR0803	EAWAG_RULE_BT0325	bt:EAWAG_RULE_BT0325	1	[#6]-[#16;X2]-[#6;X3]([#6,#1;A])=[O;X1]	0		[#6:5]-[#16;X2:4]-[#6;X3:2]([#6,#1;A:1])=[O;X1:3]>>[#6:5]-[#16;H1X2:4].[#8-]-[#6;X3:2]([#6,#1;A:1])=[O;X1:3]
envmicro	EAWAG_RULE_BT0327	BTMR0948	EAWAG_RULE_BT0327	bt:EAWAG_RULE_BT0327	1	[#7;A;H2X3][#6]=[S;X1]	0		[#7;A;H2X3:3][#6:2]=[S;X1:1]>>[#7;A;H2X3:3][#6:2]=[S;X2+:1][#8-]
envmicro	EAWAG_RULE_BT0330_PATTERN1	BTMR0914	EAWAG_RULE_BT0330_PATTERN1	bt:EAWAG_RULE_BT0330	1	[H][#7]-c1nc(nc(n1)-[#7]([H])-*)C#N	0		[H:10][#7:8]-[c:2]1[n:1][c:6]([n:5][c:4]([n:3]1)-[#7:7]([H:9])-[*:11])C#N>>[H:10][#7:8]-[c:2]1[n:1][c:6](-[#8][H])[n:5][c:4]([n:3]1)-[#7:7]([H:9])-[*:11]
envmicro	EAWAG_RULE_BT0330_PATTERN2	BTMR0915	EAWAG_RULE_BT0330_PATTERN2	bt:EAWAG_RULE_BT0330	1	[H][#7]-c1nc(-[#7;X2]=[N;X2+]=[#7;X1-])nc(n1)-[#7]([H])-*	0		[H:9][#7:1]-[c:2]1[n:8][c:7](-[#7;X2]=[N;X2+]=[#7;X1-])[n:6][c:4]([n:3]1)-[#7:5]([H:10])-[*:11]>>[H:9][#7:1]-[c:2]1[n:8][c:7](-[#8][H])[n:6][c:4]([n:3]1)-[#7:5]([H:10])-[*:11]
envmicro	EAWAG_RULE_BT0330_PATTERN3	BTMR0916	EAWAG_RULE_BT0330_PATTERN3	bt:EAWAG_RULE_BT0330	1	[H][#7]([H])-c1nc([#7,#8,#17;A])nc(-[$(N([H])C1CC1),$(O),$(N)])n1	0		[H][#7]([H])-[c:1]1[n:2][c:3]([#7,#8,#17;A:8])[n:4][c:5](-[$(N([H])C1CC1),$(O),$(N):7])[n:6]1>>[H][#8]-[c:1]1[n:2][c:3]([#7,#8,#17;A:8])[n:4][c:5](-[$(N([H])C1CC1),$(O),$(N):7])[n:6]1
envmicro	EAWAG_RULE_BT0330_PATTERN4	BTMR0917	EAWAG_RULE_BT0330_PATTERN4	bt:EAWAG_RULE_BT0330	1	[F,Cl]-c1nc(-[$(NCC),$(NC(C)C),$(NC(C)(C)C),N,$(N(CC)CC),$(NC(C)(C)C#N),$(NCC(=O)O)])nc(-[$(NCC),$(NC(C)C),$(NCCCOC),O,$(NC(C)CC),$(NC(CC)CC),$(NCC(=O)OCC)])n1	0		[F,Cl]-[c:1]1[n:6][c:5](-[$(NCC),$(NC(C)C),$(NC(C)(C)C),N,$(N(CC)CC),$(NC(C)(C)C#N),$(NCC(=O)O):7])[n:4][c:3](-[$(NCC),$(NC(C)C),$(NCCCOC),O,$(NC(C)CC),$(NC(CC)CC),$(NCC(=O)OCC):8])[n:2]1>>[H][#8]-[c:1]1[n:6][c:5](-[$(NCC),$(NC(C)C),$(NC(C)(C)C),N,$(N(CC)CC),$(NC(C)(C)C#N),$(NCC(=O)O):7])[n:4][c:3](-[$(NCC),$(NC(C)C),$(NCCCOC),O,$(NC(C)CC),$(NC(CC)CC),$(NCC(=O)OCC):8])[n:2]1
envmicro	EAWAG_RULE_BT0330_PATTERN5	BTMR0918	EAWAG_RULE_BT0330_PATTERN5	bt:EAWAG_RULE_BT0330	1	[H]C([H])([H])[#8]-c1nc(-[$(NCC),$(NC(C)C),$(NC(C)(C)C),$(NCCCOC)])nc(-[$(NCC),$(NC(C)C),$(NC(C)CC),$(NCCCOC)N])n1	0		[H]C([H])([H])[#8:1]-[c:2]1[n:7][c:6](-[$(NCC),$(NC(C)C),$(NC(C)(C)C),$(NCCCOC):8])[n:5][c:4](-[$(NCC),$(NC(C)C),$(NC(C)CC),$(NCCCOC)N:9])[n:3]1>>[H][#8:1]-[c:2]1[n:7][c:6](-[$(NCC),$(NC(C)C),$(NC(C)(C)C),$(NCCCOC):8])[n:5][c:4](-[$(NCC),$(NC(C)C),$(NC(C)CC),$(NCCCOC)N:9])[n:3]1
envmicro	EAWAG_RULE_BT0330_PATTERN6	BTMR0919	EAWAG_RULE_BT0330_PATTERN6	bt:EAWAG_RULE_BT0330	1	[H]C([H])([H])[#16]-c1nc(-[$(NC),$(NC(C)C(C)C),$(NC(C)(C)CN),$(NC(C)C),$(NC(C)(C)C),$(CNCCCOC)])nc(-[$(NCC),$(NC(C)C)])n1	0		[H]C([H])([H])[#16]-[c:1]1[n:6][c:5](-[$(NC),$(NC(C)C(C)C),$(NC(C)(C)CN),$(NC(C)C),$(NC(C)(C)C),$(CNCCCOC):7])[n:4][c:3](-[$(NCC),$(NC(C)C):8])[n:2]1>>[H][#8]-[c:1]1[n:6][c:5](-[$(NC),$(NC(C)C(C)C),$(NC(C)(C)CN),$(NC(C)C),$(NC(C)(C)C),$(CNCCCOC):7])[n:4][c:3](-[$(NCC),$(NC(C)C):8])[n:2]1
envmicro	EAWAG_RULE_BT0332	BTMR0889	EAWAG_RULE_BT0332	bt:EAWAG_RULE_BT0332	1	[H]C([H])([H])-[$([CX4H0]([#6])([#6;H3X4])[#6,#8]),$(C1=CCCCC1),$([CX3](=O)[#6]),$([CX4H0]([#6;a])([#6;a])[#6;A;X4H3]),$(C([F,Cl,Br,I])([F,Cl,Br,I])[F,Cl,Br,I])]	0		[H:4][C:2]([H:3])([H:1])[$([CX4H0]([#6])([#6;H3X4])[#6,#8]),$(C1=CCCCC1),$([CX3](=O)[#6]),$([CX4H0]([#6;a])([#6;a])[#6;A;X4H3]),$(C([F,Cl,Br,I])([F,Cl,Br,I])[F,Cl,Br,I]):5]>>[H:1][#8][C:2]([H:4])([H:3])[$([CX4H0]([#6])([#6;H3X4])[#6,#8]),$(C1=CCCCC1),$([CX3](=O)[#6]),$([CX4H0]([#6;a])([#6;a])[#6;A;X4H3]),$(C([F,Cl,Br,I])([F,Cl,Br,I])[F,Cl,Br,I]):5]
envmicro	EAWAG_RULE_BT0333	BTMR0890	EAWAG_RULE_BT0333	bt:EAWAG_RULE_BT0333	1	[H][#6][#6;A][H]	0		[H][#6;A:2][C:1]([H])([H])[H]>>[H][#6;A:2][C:1]([H])([H])[#8][H]
envmicro	EAWAG_RULE_BT0334	BTMR0804	EAWAG_RULE_BT0334	bt:EAWAG_RULE_BT0334	1	[H][#6;A]([H])C([H])([H])[H]	0		[H][#6;A:1]([H])[C:2]([H])([H])[H]>>[H][#8][C:2]([H])([H])[#6;A:1]([H])[H]
envmicro	EAWAG_RULE_BT0337_PATTERN1	BTMR0899	EAWAG_RULE_BT0337_PATTERN1	bt:EAWAG_RULE_BT0337	1	[H]C([H])([#6])C([H])([#1,CX4H3,$([C][H]),$(CC(=O)[OX1-])])[#6]([#8;A;X2H1,X1-])=[O;X1]	0		[H][C:1]([H])([#6:2])[C:3]([H:4])([#1,CX4H3,$([C][H]),$(CC(=O)[OX1-]):8])[#6:5]([#8;A;X2H1,X1-:6])=[O;X1:7]>>[H][#8]-[#6:1](-[#6:2])=O.[H][C:3]([H:4])([#1,CX4H3,$([C][H]),$(CC(=O)[OX1-]):8])[#6:5]([#8;A;X2H1,X1-:6])=[O;X1:7]
envmicro	EAWAG_RULE_BT0337_PATTERN2	BTMR0900	EAWAG_RULE_BT0337_PATTERN2	bt:EAWAG_RULE_BT0337	1	[H][#6](-[#6])=[#6]([CX4H3,$([C][H]),$(CC(=O)[OX1-])])-[#6](-[#8;X1-])=[O;X1]	0		[H][#6:1](-[#6:2])=[#6:3]([CX4H3,$([C][H]),$(CC(=O)[OX1-]):4])-[#6:5](-[#8;X1-:6])=[O;X1:7]>>[#6:2]-[#6:1](-[#8-])=O.[H][C:3]([H])([CX4H3,$([C][H]),$(CC(=O)[OX1-]):4])[#6:5](-[#8;X1-:6])=[O;X1:7]
envmicro	EAWAG_RULE_BT0337_PATTERN3	BTMR0901	EAWAG_RULE_BT0337_PATTERN3	bt:EAWAG_RULE_BT0337	1	[H][#8]C([H])([#6])C([H])([CX4H3,$([C][H]),$(CC(=O)[OX1-])])[#6](-[#8;X1-])=[O;X1]	0		[H][#8:2][C:1]([H])([#6:3])[C:4]([H:5])([CX4H3,$([C][H]),$(CC(=O)[OX1-]):6])[#6:7](-[#8;X1-:8])=[O;X1:9]>>[#6:3]-[#6:1](-[#8-:2])=O.[H:5][C:4]([H])([CX4H3,$([C][H]),$(CC(=O)[OX1-]):6])[#6:7](-[#8;X1-:8])=[O;X1:9]
envmicro	EAWAG_RULE_BT0337_PATTERN4	BTMR0902	EAWAG_RULE_BT0337_PATTERN4	bt:EAWAG_RULE_BT0337	1	[H]C([CX4H3,$([C][H]),$(CC(=O)[OX1-])])([#6;X3](-[#6])=[O;X1])[#6](-[#8;X1-])=[O;X1]	0		[H:5][C:4]([CX4H3,$([C][H]),$(CC(=O)[OX1-]):6])([#6;X3:1](-[#6:3])=[O;X1:2])[#6:7](-[#8;X1-:8])=[O;X1:9]>>[#6:3]-[#6;X3:1](-[#8-])=[O;X1:2].[H:5][C:4]([H])([CX4H3,$([C][H]),$(CC(=O)[OX1-]):6])[#6:7](-[#8;X1-:8])=[O;X1:9]
envmicro	EAWAG_RULE_BT0337_PATTERN5	BTMR0903	EAWAG_RULE_BT0337_PATTERN5	bt:EAWAG_RULE_BT0337	1	[H][#6]1=[#6]([#6;A][#6;A][#6;A][#6;A]1)-[#6;X3R0](-[#8;X1-])=[O;X1]	0		[H][#6:6]1=[#6:1]([#6;A:2][#6;A:3][#6;A:4][#6;A:5]1)-[#6;X3R0:7](-[#8;X1-:9])=[O;X1:8]>>[#8;X1-:9]-[#6;X3R0:7](=[O;X1:8])-[#6:1][#6;A:2][#6;A:3][#6;A:4][#6;A:5][#6:6](-[#8-])=O
envmicro	EAWAG_RULE_BT0337_PATTERN6	BTMR0904	EAWAG_RULE_BT0337_PATTERN6	bt:EAWAG_RULE_BT0337	1	[#1,#6]~[#6;A](~[#1,#6])(~[#7,#8])[#6]([H])=[#6]([#1,#6X4H3])-[#6](-[#8-])=O	0		[#1,#6:8]~[#6;A:7](~[#1,#6:9])(~[#7,#8:10])[#6:5]([H])=[#6:4]([#1,#6X4H3:6])-[#6:2](-[#8-:3])=[O:1]>>[#1,#6:8]~[#6;A:7](~[#1,#6:9])(~[#7,#8:10])[#6:5](-[#8-])=O.[H][C:4]([H])([#1,#6X4H3:6])[#6:2](-[#8-:3])=[O:1]
envmicro	EAWAG_RULE_BT0339	BTMR0920	EAWAG_RULE_BT0339	bt:EAWAG_RULE_BT0339	1	[H][#6;A][#7]-[#6]-1=[#7]-[#6]=[#7]-[#6]=[#7]-1	0		[H][#6;A:8][#7:7]-[#6:1]-1=[#7:6]-[#6:5]=[#7:4]-[#6:3]=[#7:2]-1>>[#6;A:8]=O.[H][#7:7]-[#6:1]-1=[#7:6]-[#6:5]=[#7:4]-[#6:3]=[#7:2]-1
envmicro	EAWAG_RULE_BT0340_PATTERN1	BTMR0880	EAWAG_RULE_BT0340_PATTERN1	bt:EAWAG_RULE_BT0340	1	[#8;A;H1X2]c1[c;R1][c;R1]c2sccc2c1[#8;A;H1X2]	0		[H][#8;A;X2:11][c:6]1[c;R1:5][c;R1:4][c:3]2[s:7][c:8][c:9][c:2]2[c:1]1[#8;A;X2:10][H]>>[#6:5]-[#6:6](=[#8;A;X1:11])-[#6:1]([#8;A;X1-:10])=O.[#8]-[c:2]1[c:9][c:8][s:7][c:3]1-[#6:4](-[#8-])=O
envmicro	EAWAG_RULE_BT0340_PATTERN2	BTMR0881	EAWAG_RULE_BT0340_PATTERN2	bt:EAWAG_RULE_BT0340	1	[#8;A;H1X2]c1[c;R1][#6;a;H1X3R1][c;R2]2ccccc2c1[#8;A;H1X2]	0		[H][#8;A;X2:1][c:2]1[c;R1:3][#6;a;H1X3R1:4][c;R2:5]2[c:6][c:7][c:12][c:8][c:9]2[c:10]1[#8;A;X2:11][H]>>[#6:3]-[#6:2](=[#8;A;X1:1])-[#6:10]([#8;A;X1-:11])=O.[#8-][#6;A;X3:4](=O)[c;R1:5]1[c:9][c:8][c:12][c:7][c:6]1
envmicro	EAWAG_RULE_BT0340_PATTERN3	BTMR0882	EAWAG_RULE_BT0340_PATTERN3	bt:EAWAG_RULE_BT0340	1	[#8;A;H1X2]c1[c;R1][#6;a;H1X3R1][c;R2]2-[#6][#6][#6]-c2c1[#8;A;H1X2]	0		[H][#8;A;X2:11][c:6]1[c;R1:5][#6;a;H1X3R1:4][c;R2:3]2-[#6:7][#6:8][#6:9]-[c:2]2[c:1]1[#8;A;X2:10][H]>>[#6:5]-[#6:6](=[#8;A;X1:11])-[#6:1]([#8;A;X1-:10])=O.[#8-]-[#6:4](=O)-[#6:3]-1-[#6:7][#6:8][#6:9]-[#6:2]-1=O
envmicro	EAWAG_RULE_BT0342	BTMR0921	EAWAG_RULE_BT0342	bt:EAWAG_RULE_BT0342	1	[H][#8]-c1[c;R1][c;R1]c(@-[#6])c(@-[#6])c1-[#8][H]	0		[H][#8:8]-[#6:2]=,:1[#6;R1:3]=,:[#6;R1:4][#6:5](@-[#6:10])=,:[#6:6](@-[#6:9])[#6:1]=,:1-[#8:7][H]>>[H][#8:8]-[#6:2](=[#6;R1:3]-[#6;R1:4]=[#6:5](@-[#6:10])-[#6:6](@-[#6:9])=O)-[#6:1](-[#8-:7])=O
envmicro	EAWAG_RULE_BT0343	BTMR0805	EAWAG_RULE_BT0343	bt:EAWAG_RULE_BT0343	1	[#8;X1-]-[#6](=[O;X1])-c1c[#6;a;H1X3]c(-[NX3H2,OX2H1])[#6;a;H1X3]c1	0		[#8;X1-]-[#6](=[O;X1])-[c:4]1[c:3][#6;a;H1X3:2][c:1](-[NX3H2,OX2H1:7])[#6;a;H1X3:6][c:5]1>>[#8]-[c:4]1[c:3][#6;a;H1X3:2][c:1](-[NX3H2,OX2H1:7])[#6;a;H1X3:6][c:5]1
envmicro	EAWAG_RULE_BT0344	BTMR0806	EAWAG_RULE_BT0344	bt:EAWAG_RULE_BT0344	1	[#8;A;H1X2]c1[c;D2]c2ccccc2cc1[#8;A;H1X2]	0		[#8;A;H1X2:11][c:9]1[c;D2:10][c:6]2[c:1][c:2][c:3][c:4][c:5]2[c:7][c:8]1[#8;A;H1X2:12]>>[#8;A;H1X2:11][#6:9](=O)-[#6:8](=[#8;A;X1:12])-[#6:7]-[c:5]1[c:4][c:3][c:2][c:1][c:6]1-[#6;D3:10](-[#8])=O
envmicro	EAWAG_RULE_BT0345	BTMR0922	EAWAG_RULE_BT0345	bt:EAWAG_RULE_BT0345	1	[#8;X1-]-[#6](=[O;X1])-[#6]1=,:[#6][#6]=,:[#6][#6]=,:[#6]1-[#6]=[#6]-[#6](=O)-[#6](-[#8;X1-])=[O;X1]	0		[#8;X1-:8]-[#6:7](=[O;X1:9])-[#6:6]1=,:[#6:1][#6:2]=,:[#6:3][#6:4]=,:[#6:5]1-[#6:10]=[#6]-[#6](=O)-[#6](-[#8;X1-])=[O;X1]>>[#8;X1-:8]-[#6:7](=[O;X1:9])-[#6:6]1=,:[#6:1][#6:2]=,:[#6:3][#6:4]=,:[#6:5]1-[#6:10]=O
envmicro	EAWAG_RULE_BT0347	BTMR0807	EAWAG_RULE_BT0347	bt:EAWAG_RULE_BT0347	1	[#8;A;H1X2]c1[c;R1][c;R1]c2ccccc2c1[#8;A;H1X2]	0		[#8:10]-[#6:9]-[#6:5]1[#6:6][#6;H2X4:7][#8:1][#6:2](=[O:8])[#6;H2X4:3][#6:4]1>>[#8:10]-[#6:9]-[#6;H2X4:7]-[#6:6]-1-[#6:5]-[#6:4]-[#6;H2X4:3]-[#6:2](=[O:8])-[#8:1]-1
envmicro	EAWAG_RULE_BT0348_PATTERN1	BTMR0808	EAWAG_RULE_BT0348_PATTERN1	bt:EAWAG_RULE_BT0348	1	[#8;A;X2H1,X1-][#6](=O)-[#6](-[#1,#17,#35,#53;A])=[#6](-[#1,#17,#35,#53;A])/[#6](/[F,Cl,Br,I,#1])=[#6](/[F,Cl,Br,I])-[#6]([#8;A;X2H1,X1-])=O	0		[#8;A;X2H1,X1-:1][#6:2](=[O:3])-[#6:4](-[#1,#17,#35,#53;A])=[#6:5](-[#1,#17,#35,#53;A])/[#6:6](/[F,Cl,Br,I,#1])=[#6:7](/[F,Cl,Br,I:11])-[#6:8]([#8;A;X2H1,X1-:10])=[O:9]>>[#8;A;X2H1,X1-:10][#6:8](=[O:9])-[#6:7]-[F,Cl,Br,I:11].[#8;A;X2H1,X1-:1][#6:2](=[O:3])-[#6:4]-[#6:5]-[#6:6](-[#8-])=O
envmicro	EAWAG_RULE_BT0348_PATTERN2	BTMR0809	EAWAG_RULE_BT0348_PATTERN2	bt:EAWAG_RULE_BT0348	1	[#8;A;X2H1,X1-][#6](=O)-[#6;A;H1X3]=[#6;A;H1X3]/[#6](=[#6;A;H1X3]-[#6]([#8;A;X2H1,X1-])=O)/[#6]([#8;A;X2H1,X1-])=O	0		[#8;A;X2H1,X1-:1][#6:2](=[O:3])-[#6;A;H1X3:4]=[#6;A;H1X3:5]/[#6:6](=[#6;A;H1X3:7]-[#6:8]([#8;A;X2H1,X1-:10])=[O:9])/[#6:11]([#8;A;X2H1,X1-:13])=[O:12]>>[#6;A;H2X4:7][#6:8]([#8;A;X2H1,X1-:10])=[O:9].[#8;A;X2H1,X1-:1][#6:2](=[O:3])[#6;A;H2X4:4][#6;A;H2X4:5][#6:6]-[#6:11]([#8;A;X2H1,X1-:13])=[O:12]
envmicro	EAWAG_RULE_BT0348_PATTERN3	BTMR0923	EAWAG_RULE_BT0348_PATTERN3	bt:EAWAG_RULE_BT0348	1	[H][#8]-[#6](=O)-[#6]=[#6](/[#6](/[H])=[#6](/[H])-[#6](=O)-[#8][H])-S(=O)(=O)[#8][H]	0		[H][#8:10]-[#6:8](=[O:9])-[#6:7]=[#6:6](-[#6:5]([H])=[#6:4](-[H])-[#6:2](=[O:3])-[#8:1][H])S(=O)(=O)[#8][H]>>[H][#8:10]-[#6:8](=[O:9])-[#6:7]([H])[H].[H][#8:1]-[#6:2](=[O:3])[C:4]([H])([H])[C:5]([H])([H])[#6:6](-[#8])=O
envmicro	EAWAG_RULE_BT0348_PATTERN4	BTMR0924	EAWAG_RULE_BT0348_PATTERN4	bt:EAWAG_RULE_BT0348	1	[H][#8]-[#6](=O)-[#6]([#1,#35,#17,#53;A])=[#6]([H])-[#6](-[#1,#35,#17,#53;A])=[#6](-[#1,#35,#17,#53;A])-[#6](=O)-[#8][H]	0		[H:1][#8:2]-[#6:3](=[O:4])-[#6:5]([#1,#35,#17,#53;A:6])=[#6:7]([H])-[#6:8](-[#1,#35,#17,#53;A])=[#6:9](-[#1,#35,#17,#53;A])-[#6:10](=[O:11])-[#8:12][H:13]>>[H:1][#8:2]-[#6:3](=[O:4])[C:5]([H])([H])[#1,#35,#17,#53;A:6].[H:13][#8:12]-[#6:10](=[O:11])[C:9]([H])([H])[C:8]([H])([H])[#6:7](=O)-[#8][H]
envmicro	EAWAG_RULE_BT0348_PATTERN5	BTMR0925	EAWAG_RULE_BT0348_PATTERN5	bt:EAWAG_RULE_BT0348	1	[H][#8]-[#6](=O)-[#6](-[#17,#35,#53])=[#6](-[#17,#35,#53])-[#6](-[#17,#35,#53])=[#6](-[#17,#35,#53])-[#6](=O)-[#8][H]	0		[H:1][#8:2]-[#6:3](=[O:4])-[#6:5](-[#17,#35,#53:6])=[#6:7](-[#17,#35,#53])-[#6:8](-[#17,#35,#53])=[#6:9](-[#17,#35,#53])-[#6:10](=[O:11])-[#8:12][H:13]>>[H:1][#8:2]-[#6:3](=[O:4])[C:5]([H])([H])[#17,#35,#53:6].[H:13][#8:12]-[#6:10](=[O:11])[C:9]([H])([H])[C:8]([H])([H])[#6:7](=O)-[#8][H]
envmicro	EAWAG_RULE_BT0348_PATTERN6	BTMR0926	EAWAG_RULE_BT0348_PATTERN6	bt:EAWAG_RULE_BT0348	1	[H][#8]-[#6](=O)-[#6;D3](-[F,Cl,Br,I,#1])-,=[#6;D2]-[#6](=O)C([H])([#1,#17,#35,#53])[#6](=O)-[#8][H]	0		[H:1][#8:2]-[#6:3](=[O:4])-[#6;D3:5](-[F,Cl,Br,I,#1])-,=[#6;D2:6]-[#6:7](=[O:8])[C:9]([H:10])([#1,#17,#35,#53:11])[#6:12](=[O:13])-[#8:14][H:15]>>[H:15][#8:14]-[#6:12](=[O:13])[C:9]([H:10])([H])[#1,#17,#35,#53:11].[H:1][#8:2]-[#6:3](=[O:4])[C:5]([H])([H])[C:6]([H])([H])[#6:7](=[O:8])-[#8][H]
envmicro	EAWAG_RULE_BT0348_PATTERN7	BTMR0927	EAWAG_RULE_BT0348_PATTERN7	bt:EAWAG_RULE_BT0348	1	[H][#8]-[#6](=O)-[#6;D3](-[#1,#17,#35,#53])-,=[#6;D3](-[#17,#35,#53])-[#6](=O)C([H])([#17,#35,#53])[#6](=O)-[#8][H]	0		[H:1][#8:2]-[#6:3](=[O:4])-[#6;D3:5](-[#1,#17,#35,#53])-,=[#6;D3:6](-[#17,#35,#53])-[#6:7](=[O:8])[C:9]([H:10])([#1,#17,#35,#53:11])[#6:12](=[O:13])-[#8:14][H:15]>>[H:15][#8:14]-[#6:12](=[O:13])[C:9]([H:10])([H])[#1,#17,#35,#53:11].[H:1][#8:2]-[#6:3](=[O:4])[C:5]([H])([H])[C:6]([H])([#8][H])[#6:7](=[O:8])-[#8][H]
envmicro	EAWAG_RULE_BT0349_PATTERN1	BTMR0810	EAWAG_RULE_BT0349_PATTERN1	bt:EAWAG_RULE_BT0349	1	OC(=O)c1cccc2ccc3cccc(C(O)=O)c3c12	0		[#8:17]-[#6:15](=[O:16])-[c:11]1[c:12][c:13][c:14][c:9]2[c:8][c:7][c:1]3[c:2][c:3][c:4][c:5](-[#6](-[#8])=O)[c:6]3[c:10]12>>[#8:17]-[#6:15](=[O:16])-[c:11]1[c:12][c:13][c:14][c:9]2[c:8][c:7][c:1]3[c:2][c:3][c:4][c:5][c:6]3[c:10]12
envmicro	EAWAG_RULE_BT0349_PATTERN2	BTMR0811	EAWAG_RULE_BT0349_PATTERN2	bt:EAWAG_RULE_BT0349	1	[#8;A;H1X2]c1cc(-[#6](-[#8;X1-])=[O;X1])c(cc1-[#1,#8X2H1])-[#6](-[#8;X1-])=[O;X1]	0		[#8;A;H1X2:10][c:4]1[c:5][c:6](-[#6:7](-[#8;X1-:8])=[O;X1:9])[c:1]([c:2][c:3]1-[#1,#8X2H1:11])-[#6](-[#8;X1-])=[O;X1]>>[#8;A;H1X2:10][c:4]1[c:5][c:6]([c:1][c:2][c:3]1-[#1,#8X2H1:11])-[#6:7](-[#8;X1-:8])=[O;X1:9]
envmicro	EAWAG_RULE_BT0349_PATTERN3	BTMR0812	EAWAG_RULE_BT0349_PATTERN3	bt:EAWAG_RULE_BT0349	1	[#8;A;H1X2]c1ccc(-[#6](-[#8;X1-])=[O;X1])c(-[#6](-[#8;X1-])=[O;X1])c1[#8;A;H1X2]	0		[#8;A;H1X2:10][c:4]1[c:3][c:2][c:1](-[#6](-[#8;X1-])=[O;X1])[c:6](-[#6:7](-[#8;X1-:8])=[O;X1:9])[c:5]1[#8;A;H1X2:11]>>[#8;A;H1X2:10][c:4]1[c:3][c:2][c:1][c:6](-[#6:7](-[#8;X1-:8])=[O;X1:9])[c:5]1[#8;A;H1X2:11]
envmicro	EAWAG_RULE_BT0349_PATTERN4	BTMR0813	EAWAG_RULE_BT0349_PATTERN4	bt:EAWAG_RULE_BT0349	1	OC(=O)c1cccc2cccc(C(O)=O)c12	0		[#8:13]-[#6:11](=[O:12])-[c:2]1[c:3][c:4][c:5][c:6]2[c:7][c:8][c:9][c:10](-[#6](-[#8])=O)[c:1]12>>[#8:13]-[#6:11](=[O:12])-[c:2]1[c:3][c:4][c:5][c:6]2[c:7][c:8][c:9][c:10][c:1]12
envmicro	EAWAG_RULE_BT0350_PATTERN1	BTMR0893	EAWAG_RULE_BT0350_PATTERN1	bt:EAWAG_RULE_BT0350	1	[#6][#7;A;X3;!$(NC=[O,S])][#6;X3](-[*,#1])=[#7;A;X2;!$(NC=[O,S])][#6]	0		[#6:1][#7;A;X3;!$(NC=[O,S]):2][#6;X3:3](-[*,#1:4])=[#7;A;X2;!$(NC=[O,S]):5][#6:6]>>[H][#7;A;X2:5]([H])[#6:6].[#6:1][#7;A;X3;!$(NC=[O,S]):2][#6;X3:3](-[*,#1:4])=O
envmicro	EAWAG_RULE_BT0350_PATTERN2	BTMR0894	EAWAG_RULE_BT0350_PATTERN2	bt:EAWAG_RULE_BT0350	1	[#6][#7;A;X3;!$(NC=[O,S])][#6;X3](-[*,#1])=[#7;A;X2;!$(NC=[O,S])][#6]	0		[#6:1][#7;A;X3;!$(NC=[O,S]):2][#6;X3:3](-[*,#1:4])=[#7;A;X2;!$(NC=[O,S]):5][#6:6]>>[H][#7;A;X3:2][#6:1].[H][#7;A;X2:5]([#6:6])[#6;X3:3](-[*,#1:4])=O
envmicro	EAWAG_RULE_BT0351_PATTERN1	BTMR0814	EAWAG_RULE_BT0351_PATTERN1	bt:EAWAG_RULE_BT0351	1	[#8;A;X2H1,X1-][#6](=O)-c1[c;R1][c;R1][c;R1]c([#8;A;H1X2])c1[#8;A;H1X2]	0		[#8;A;H1X2:7][c:5]1c[c;R1:4][c;R1:3][c:2](-[#6](-[#8-])=O)[c:1]1[#8;A;H1X2:6]>>[#8;A;H1X2:7][#6:5](=O)-[#6:1](=[#8;A;X1:6])-[#6:2]-[#6;R1:3]=[#6;R1:4]
envmicro	EAWAG_RULE_BT0351_PATTERN2	BTMR0815	EAWAG_RULE_BT0351_PATTERN2	bt:EAWAG_RULE_BT0351	1	[#8;A;H1X2]c1c([#8;A;H1X2])c(c(-[*,#1;!O])c(-[*,#1;!O])c1-[*,#1;!O])[S;X4]([#8])(=O)=O	0		[#8;A;H1X2:6][c:4]1[c:1]([#8;A;H1X2:5])c([c:2](-[*,#1;!O:7])[c:3](-[*,#1;!O:8])[c:10]1-[*,#1;!O:9])[S;X4]([#8])(=O)=O>>[#8;A;H1X2:5][#6:1](=O)-[#6:4](=[#8;A;X1:6])-[#6:10](-[*,#1;!O:9])-[#6:3]([*,#1;!O:8])=[#6:2][*,#1;!O:7]
envmicro	EAWAG_RULE_BT0351_PATTERN3	BTMR0816	EAWAG_RULE_BT0351_PATTERN3	bt:EAWAG_RULE_BT0351	1	[#8;H1X2]-[#6](-[#6;X3](-[#8;X1-])=[O;X1])=[#6](/[#1,#6,#17])-[#6]=[#6]-[#6](-[#8;X1-])=[O;X1]	0		[#8;H1X2:8]-[#6:4](-[#6;X3:1](-[#8;X1-:3])=[O;X1:2])=[#6:5]([#1,#6,#17:9])-[#6:6]=[#6:7]-[#6](-[#8;X1-])=[O;X1]>>[#8;H1X2:8]-[#6:4](-[#6;X3:1](-[#8;X1-:3])=[O;X1:2])=[#6:5]([#1,#6,#17:9])-[#6:6]=[#6:7]
envmicro	EAWAG_RULE_BT0351_PATTERN4	BTMR0817	EAWAG_RULE_BT0351_PATTERN4	bt:EAWAG_RULE_BT0351	1	[#6;A;H3X4][#8;X2]-c1c([#8;A;H1X2])c([#8;A;H1X2])c([*,#1;#1,#6,F,Cl,Br,I])c(-[!#16])c1-[*,#1;!#8,!#16]	0		[#6;A;H3X4:8][#8;X2:7]-[c:2]1[c:1]([#8;A;H1X2:12])[c:6]([#8;A;H1X2:13])[c:5]([*,#1;#1,#6,F,Cl,Br,I:11])[c:4](-[!#16:10])[c:3]1-[*,#1;!#8,!#16:9]>>[#6;A;H3X4:8][#8;X2:7].[#8]-[#6:2](=O)-[#6:3](-[*,#1;!#8,!#16:9])=[#6:4](-[!#16:10])-[#6:5]([*,#1;#1,#6,F,Cl,Br,I:11])-[#6:6](=[#8;A;X1:13])-[#6:1]([#8;A;X1-:12])=O
envmicro	EAWAG_RULE_BT0351_PATTERN5	BTMR0818	EAWAG_RULE_BT0351_PATTERN5	bt:EAWAG_RULE_BT0351	1	[#8;H1X2]-[#6](-[#6;X3](-[#8;X1-])=[O;X1])=[#6](-[#1,#6,#17])/[#6]=[#6]/[#6](-[#1,#6,#16])=[O;X1]	0		[#8;H1X2:1]-[#6:2](-[#6;X3:3](-[#8;X1-:4])=[O;X1:5])=[#6:6](-[#1,#6,#17:7])[#6:8]=[#6:9]-[#6:11](-[#1,#6,#16:10])=[O;X1:12]>>[#8-]-[#6:11](-[#1,#6,#16:10])=[O;X1:12].[#8;H1X2:1]-[#6:2](-[#6;X3:3](-[#8;X1-:4])=[O;X1:5])=[#6:6](-[#1,#6,#17:7])-[#6:8]=[#6:9]
envmicro	EAWAG_RULE_BT0351_PATTERN6	BTMR0819	EAWAG_RULE_BT0351_PATTERN6	bt:EAWAG_RULE_BT0351	1	[#8;A;H1X2]c1c([#8;A;H1X2])[c;R1]([*,#1;#1,#6,F,Cl,Br,I])[c;R1](-[!#16])[c;R1](-[*,#1;!#8,!#16])[c;R1]1-[#1,#6,#7]	0		[#8;A;H1X2:7][c:1]1[c:6]([#8;A;H1X2:8])[c;R1:5]([*,#1;#1,#6,F,Cl,Br,I:12])[c;R1:4](-[!#16:11])[c;R1:3](-[*,#1;!#8,!#16:10])[c;R1:2]1-[#1,#6,#7:9]>>[#8-]-[#6;R1:2](-[#1,#6,#7:9])=O.[#8;A;X1-:7][#6:1](=O)-[#6:6](=[#8;A;X1:8])-[#6;R1:5]([*,#1;#1,#6,F,Cl,Br,I:12])-[#6;R1:4](-[!#16:11])=[#6;R1:3]-[*,#1;!#8,!#16:10]
envmicro	EAWAG_RULE_BT0351_PATTERN7	BTMR0820	EAWAG_RULE_BT0351_PATTERN7	bt:EAWAG_RULE_BT0351	1	[#7;A;H2X3]c1[c;R1][c;R1][c;R1][c;R1]c1[#8;A;H1X2]	0		[#7;A;H2X3][c:1]1[c;R1:2][c;R1:3][c;R1:4][c;R1:5][c:6]1[#8;A;H1X2:7]>>[#8-]-[#6:5]=O.[#8;A;X1-:7][#6:6](=O)-[#6:1](=O)-[#6;R1:2]-[#6;R1:3]=[#6;R1:4]
envmicro	EAWAG_RULE_BT0351_PATTERN8	BTMR0821	EAWAG_RULE_BT0351_PATTERN8	bt:EAWAG_RULE_BT0351	1	[#6]-c1[#6;a;H1X3]c([#8;A;H1X2])[#6;a;H1X3]c([#8;A;H1X2])c1[#8;A;H1X2]	0		[#6:10]-[c:2]1[#6;a;H1X3:3][c:4]([#8;A;H1X2:9])[#6;a;H1X3:5][c:6]([#8;A;H1X2:7])[c:1]1[#8;A;H1X2:8]>>[#6:2]-[#6:10](-[#8-])=O.[#6:3]-[#6:4](=[#8;A;X1:9])-[#6:5]-[#6:6](=[#8;A;X1:7])-[#6:1]([#8;A;X1-:8])=O
envmicro	EAWAG_RULE_BT0352_PATTERN1	BTMR0905	EAWAG_RULE_BT0352_PATTERN1	bt:EAWAG_RULE_BT0352	1	[H]-[#6](!@-[#6]-[#6](=O)-[#6](-[#8-])=O)=[#6]/[!O]	0		[H][#6:7](!@-[#6:6]-[#6:4](=[O:5])-[#6:2](-[#8-:1])=[O:3])=[#6:8]/[!O:9]>>[H][#6:8](-[!O:9])-[#6:7](-[#8-])=O.[H][#6:6]-[#6:4](=[O:5])-[#6:2](-[#8-:1])=[O:3]
envmicro	EAWAG_RULE_BT0352_PATTERN2	BTMR0906	EAWAG_RULE_BT0352_PATTERN2	bt:EAWAG_RULE_BT0352	1	[#8-]-[#6](=O)-[#6](=O)-[#6]!@-[#6](-*)=[#6]	0		[#8-:1]-[#6:2](=[O:3])-[#6:4](=[O:5])-[#6:6]!@-[#6:7](-[*:9])=[#6:8]>>[H][#6:8]-[#6:7](-[*:9])=O.[H][#6:6]-[#6:4](=[O:5])-[#6:2](-[#8-:1])=[O:3]
envmicro	EAWAG_RULE_BT0352_PATTERN3	BTMR0907	EAWAG_RULE_BT0352_PATTERN3	bt:EAWAG_RULE_BT0352	1	[H]-[#6](!@-[#6]-[#6](=O)-[#6](-[#8-])=O)=[#6]/Cl	0		[H]-[#6:1](!@-[#6:2]-[#6:3](=[O:4])-[#6:5](-[#8-:6])=[O:7])=[#6:8]/Cl>>[H][#8]-[#6:8]-[#6:1](-[#8-])=O.[H][#6:2]-[#6:3](=[O:4])-[#6:5](-[#8-:6])=[O:7]
envmicro	EAWAG_RULE_BT0352_PATTERN4	BTMR0908	EAWAG_RULE_BT0352_PATTERN4	bt:EAWAG_RULE_BT0352	1	[H][#8]C([#6])(*)!@-[#6]-[#6](=O)-[#6](-[#8-])=O	0		[H][#8:1][C:2]([#6:9])([*:10])!@-[#6:3]-[#6:4](=[O:5])-[#6:6](-[#8-:7])=[O:8]>>[#6:9]-[#6:2](-[*:10])=[O:1].[H][#6:3]-[#6:4](=[O:5])-[#6:6](-[#8-:7])=[O:8]
envmicro	EAWAG_RULE_BT0352_PATTERN5	BTMR0909	EAWAG_RULE_BT0352_PATTERN5	bt:EAWAG_RULE_BT0352	1	[#8;A;X2H1,X1]-,=[#6;R0D3](-[#6])!@-[#6]-[#6](=O)-[#6](-[#8-])=O	0		[#8;A;X2H1,X1:1]-,=[#6;R0D3:2](-[#6:9])!@-[#6:3]-[#6:4](=[O:5])-[#6:6](-[#8-:7])=[O:8]>>[#6:9]-[#6;R0D3:2](-[#8-])=[#8:1].[H][#6:3]-[#6:4](=[O:5])-[#6:6](-[#8-:7])=[O:8]
envmicro	EAWAG_RULE_BT0353	BTMR0825	EAWAG_RULE_BT0353	bt:EAWAG_RULE_BT0353	1	[F,Cl,Br,I,CX4H3,$([#8;X2]-[#6;X4H3]),$([#16;X2]-[#6;X4H3]),$([#7;X3](~*)~*)]-c1[#6;a;H1X3][#6;a;H1X3][#6;a;H1X3][#6;a;H1X3][#6;a;H1X3]1	0		[F,Cl,Br,I,CX4H3,$([#8;X2]-[#6;X4H3]),$([#16;X2]-[#6;X4H3]),$([#7;X3](~*)~*):7]-[c:6]1[#6;a;H1X3:1][#6;a;H1X3:2][#6;a;H1X3:3][#6;a;H1X3:4][#6;a;H1X3:5]1>>[#8]-[#6;a:2]1[#6;a;H1X3:3][#6;a;H1X3:4][#6;a;H1X3:5][c:6](-[F,Cl,Br,I,CX4H3,$([#8;X2]-[#6;X4H3]),$([#16;X2]-[#6;X4H3]),$([#7;X3](~*)~*):7])[#6;a:1]1-[#8]
envmicro	EAWAG_RULE_BT0356_PATTERN1	BTMR0822	EAWAG_RULE_BT0356_PATTERN1	bt:EAWAG_RULE_BT0356	1	[O;X1]=[#6]-1[#6;A;X4;H1,H2][#6;A;X4;H1,H2][#6]-2-[#6]-3-[#6]-[#6]-[#6]-4-[#6]-[#6]-[#6]-[#6]-4-[#6]-3-[#6]-[#6]-[#6]-2=[#6]-1	0		[O;X1:1]=[#6:2]-1[#6;A;X4;H1,H2:3][#6;A;X4;H1,H2:4][#6:5]-2-[#6:6]-3-[#6:7]-[#6:8]-[#6:9]-4-[#6:10]-[#6:11]-[#6:12]-[#6:13]-4-[#6:14]-3-[#6:15]-[#6:16]-[#6:17]-2=[#6:18]-1>>[#8;H1X2:1]-[c:2]1[c:3][c:4][c:5][c:17](-[#6:16]-[#6:15]-[#6:14]-2-[#6:13]-3-[#6:12]-[#6:11]-[#6:10]-[#6:9]-3-[#6:8]-[#6:7]-[#6:6]-2=O)[c:18]1
envmicro	EAWAG_RULE_BT0356_PATTERN2	BTMR0823	EAWAG_RULE_BT0356_PATTERN2	bt:EAWAG_RULE_BT0356	1	[O;X1]=[#6]1[#6;A;X4;H1,H2][#6;A;X4;H1,H2][#6]-2-[#6](-[#6]-[#6]-[#6]-3-[#6]-4-[#6]-[#6]-[#6]-[#6]-4-[#6]-[#6]-[#6]-2-3)[#6;A;X4;H1,H2]1	0		[O:1]=[#6:2]1[#6;A;X4;H1,H2:3][#6;A;X4;H1,H2:4][#6:5]-2-[#6:17](-[#6:16]-[#6:15]-[#6:14]-3-[#6:13]-4-[#6:12]-[#6:11]-[#6:10]-[#6:9]-4-[#6:8]-[#6:7]-[#6:6]-2-3)[#6;A;X4;H1,H2:18]1>>[#8;H1X2:1]-[c:2]1[c:3][c:4][c:5][c:17](-[#6:16]-[#6:15]-[#6:14]-2-[#6:13]-3-[#6:12]-[#6:11]-[#6:10]-[#6:9]-3-[#6:8]-[#6:7]-[#6:6]-2=O)[c:18]1
envmicro	EAWAG_RULE_BT0356_PATTERN3	BTMR0824	EAWAG_RULE_BT0356_PATTERN3	bt:EAWAG_RULE_BT0356	1	[O;X1]=[#6]1[#6;A;X4;H1,H2][#6;A;X4;H1,H2][#6]-2-[#6]-3-[#6]-[#6]-[#6]-4-[#6]-[#6]-[#6]-[#6]-4-[#6]-3-[#6]-[#6]=[#6]-2[#6;A;X4;H1,H2]1	0		[O:1]=[#6:2]1[#6;A;X4;H1,H2:3][#6;A;X4;H1,H2:4][#6:5]-2-[#6:6]-3-[#6:7]-[#6:8]-[#6:9]-4-[#6:10]-[#6:11]-[#6:12]-[#6:13]-4-[#6:14]-3-[#6:15]-[#6:16]=[#6:17]-2[#6;A;X4;H1,H2:18]1>>[#8;H1X2:1]-[c:2]1[c:3][c:4][c:5][c:17](-[#6:16]-[#6:15]-[#6:14]-2-[#6:13]-3-[#6:12]-[#6:11]-[#6:10]-[#6:9]-3-[#6:8]-[#6:7]-[#6:6]-2=O)[c:18]1
envmicro	EAWAG_RULE_BT0357_PATTERN1	BTMR0826	EAWAG_RULE_BT0357_PATTERN1	bt:EAWAG_RULE_BT0357	1	[#6]-c1[#6;a;H1X3]c([#8;A;H1X2])[#6;a;H1X3][#6;a;H1X3]c1[#8;A;H1X2]	0		[#6:8]-[c:2]1[#6;a;H1X3:3][c:4]([#8;A;H1X2:9])[#6;a;H1X3:5][#6;a;H1X3:6][c:1]1[#8;A;H1X2:7]>>[#6:8]-[#6:2](=O)[#6;A;H1X3:3][#6:4](=[#8;A;X1:9])-[#6;A;H1X3:5]=[#6;A;H1X3:6]-[#6:1]([#8;A;X1-:7])=O
envmicro	EAWAG_RULE_BT0357_PATTERN2	BTMR0827	EAWAG_RULE_BT0357_PATTERN2	bt:EAWAG_RULE_BT0357	1	[#8;A;H1X2]c1[#6;a;H1X3]c([#1,#17,#35;A])c([#8;A;H1X2])c([#1,#17,#35;A])[#6;a;H1X3]1	0		[#8;A;H1X2:5][c:6]1[#6;a;H1X3:7][c:8]([#1,#17,#35;A:9])[c:2]([#8;A;H1X2:1])[c:3]([#1,#17,#35;A])[#6;a;H1X3:4]1>>[#8-]-[#6:3](=O)[#6;A;H1X3:4][#6:6](=[#8;A;X1:5])-[#6;A;H1X3:7]=[#6:8](-[#1,#17,#35;A:9])-[#6:2]([#8;A;X1-:1])=O
envmicro	EAWAG_RULE_BT0358	BTMR0929	EAWAG_RULE_BT0358	bt:EAWAG_RULE_BT0358	1	[H][#8]-[#6](=O)-[#6]=[#6]/[#6](=O)-[#6]-[#6](-[$(C(=O)O[H]),$(CC(=O)O[H])])=O	0		[H:12][#8:3]-[#6:2](=[O:1])-[#6:4]=[#6:5]/[#6:6](=[O:7])-[#6:8]-[#6:9](-[$(C(=O)O[H]),$(CC(=O)O[H]):11])=[O:10]>>[H][#6:8]-[#6:9](-[$(C(=O)O[H]),$(CC(=O)O[H]):11])=[O:10].[H:12][#8:3]-[#6:2](=[O:1])-[#6:4]=[#6:5]/[#6:6](=[O:7])-[#8][H]
envmicro	EAWAG_RULE_BT0359	BTMR0828	EAWAG_RULE_BT0359	bt:EAWAG_RULE_BT0359	1	[#6;$(C(=O)[OX2H1,OX1-]),OX2H1]-c1ccc(-[F,Cl,Br,I])cc1	0		[#6;$(C(=O)[OX2H1,OX1-]),OX2H1:7]-[c:1]1[c:2][c:3][c:4][c:5][c:6]1>>[#6;$(C(=O)[OX2H1,OX1-]),OX2H1:7]-[c:1]1[c:2][c:3][c:4](-[#8])[c:5][c:6]1
envmicro	EAWAG_RULE_BT0361	BTMR0829	EAWAG_RULE_BT0361	bt:EAWAG_RULE_BT0361	1	[#8;X1,X2][P;X4]([#7,#8,#16])(=[X1;O,S])[#8][#6,#15;A]	0		[#8;X1,X2:2][P;X4:1]([#7,#8,#16:4])(=[X1;O,S:6])[#8:3][#6,#15;A:5]>>[#8][#6,#15;A:5].[#8;X1,X2:2][P;X4:1]([#8:3])([#7,#8,#16:4])=[X1;O,S:6]
envmicro	EAWAG_RULE_BT0362_PATTERN1	BTMR0830	EAWAG_RULE_BT0362_PATTERN1	bt:EAWAG_RULE_BT0362	1	[#8;X1-]-[#6](=[O;X1])-[#6;a]1nc(-[#8,#1])[#6;a;H1X3][#6;a;H1X3][#6;a]1-[#8,#1]	0		[#8;X1-]-[#6](=[O;X1])-[#6;a:5]1[n:4][c:3](-[#8,#1])[#6;a;H1X3:2][#6;a;H1X3:1][#6;a:6]1-[#8,#1]>>[#8;A;H1X2][#6;a:6]1[#6;a;H1X3:1][#6;a;H1X3:2][c:3]([#8;A;H1X2])[n:4][#6;a:5]1
envmicro	EAWAG_RULE_BT0362_PATTERN2	BTMR0831	EAWAG_RULE_BT0362_PATTERN2	bt:EAWAG_RULE_BT0362	1	[#8;X1-]-[#6](=O)-[#6;a]1[#6;a;H1X3][#6;a;H1X3]c([#8,#1;A])n[#6;a;H1X3]1	0		[#8;X1-]-[#6](=[O;X1])-[#6;a:6]1[#6;a;H1X3:1][#6;a;H1X3:2][c:3]([#8,#1;A])[n:4][#6;a;H1X3:5]1>>[#8]-[#6;a:6]1[#6;a;H1X3:1][#6;a;H1X3:2][c:3](-[#8])[n:4][#6;a;H1X3:5]1
envmicro	EAWAG_RULE_BT0362_PATTERN4	BTMR0832		bt:EAWAG_RULE_BT0362	1	[#8;A;H1X2]c1[#6;a;H1X3][#6;a;H1X3][#6;a;H1X3][#6;a;H1X3]n1	0		[#8;A;H1X2:7][c:3]1[#6;a;H1X3:2][#6;a;H1X3:1][#6;a;H1X3:6][#6;a;H1X3:5][n:4]1>>[#8]-[#6;a:6]1[#6;a;H1X3:1][#6;a;H1X3:2][c:3]([#8;A;H1X2:7])[n:4][#6;a;H1X3:5]1
envmicro	EAWAG_RULE_BT0363	BTMR0833	EAWAG_RULE_BT0363	bt:EAWAG_RULE_BT0363	1	[#8;A;H1X2]c1[#6;a;H1X3][#6;a;H1X3]c([#8;A;H1X2])n[#6;a;H1X3]1	0		[#8;A;H1X2:8][c:6]1[#6;a;H1X3:1][#6;a;H1X3:2][c:3]([#8;A;H1X2:7])[n:4][#6;a;H1X3:5]1>>[#8;X1-]-[#6:6](=[#8;A;X1:8])-[#6:1]=[#6:2]-[#6:3](=[#8;A;X1:7])-[#7:4]-[#6:5]=O
envmicro	EAWAG_RULE_BT0365	BTMR0834	EAWAG_RULE_BT0365	bt:EAWAG_RULE_BT0365	1	[#8;A;H1X2]c1ccncc1[#8;A;H1X2]	0		[#8;A;H1X2:7][c:1]1[c:2][c:3][n:4][c:5][c:6]1[#8;A;H1X2:8]>>[#8;A;X1-:8][#6:6](=O)-[#6:1](=[#8;A;X1:7])-[#6:2]-[#6:3]=[#7:4]-[#6:5]=O
envmicro	EAWAG_RULE_BT0366_PATTERN1	BTMR0835	EAWAG_RULE_BT0366_PATTERN1	bt:EAWAG_RULE_BT0366	1	[#8-]-[#6](=[O])[#6;A;H2X4][c]1[c][c][c](-[F,Cl,Br,I])[#6;a;H1X3][c]1	0		[#8-:10]-[#6:8](=[O:9])[#6;A;H2X4:7][c:1]1[c:2][c:3][c:4](-[F,Cl,Br,I])[#6;a;H1X3:5][c:6]1>>[#8]-[c:4]1[c:3][c:2][c:1]([#6;A;H2X4:7][#6:8](-[#8-:10])=[O:9])[c:6][#6;a:5]1-[#8]
envmicro	EAWAG_RULE_BT0366_PATTERN2	BTMR0836	EAWAG_RULE_BT0366_PATTERN2	bt:EAWAG_RULE_BT0366	1	[#8-]-[#6](=O)[#6;A]c1cc[#6;a;H1X3][#6;a](Cl)c1	0		[#8-:10]-[#6:8](=[O:9])-[#6:7]-[c:1]1[c:2][c:3][#6;a;H1X3:4][#6;a:5](Cl)[c:6]1>>[#8]-[#6;a:4]1[c:3][c:2][c:1](-[#6:7]-[#6:8](-[#8-:10])=[O:9])[c:6][#6;a:5]1-[#8]
envmicro	EAWAG_RULE_BT0368	BTMR0837	EAWAG_RULE_BT0368	bt:EAWAG_RULE_BT0368	1	[#8;X1-]-[#6;R0](=[O;X1])-c1[#6;a;H1X3]cccc1	0		[#8;X1-:9]-[#6;R0:7](=[O;X1:8])-[c:6]1[#6;a;H1X3:1][c:2][c:3][c:4][c:5]1>>[#8]-[#6;A;X4:1]1-[#6:2]=[#6:3]-[#6:4]=[#6:5][C@@:6]1([#8;A;H1X2])[#6;R0:7](-[#8;X1-:9])=[O;X1:8]
envmicro	EAWAG_RULE_BT0369	BTMR0838	EAWAG_RULE_BT0369	bt:EAWAG_RULE_BT0369	1	[F,Cl,Br,I,CX4H3,$([#8]-[CX4H3]),$([#16]-[CX4H3])]-c1[#6;a;H1X3][#6;a;H1X3][#6;a;H1X3][#6;a;H1X3][#6;a;H1X3]1	0		[F,Cl,Br,I,CX4H3,$([#8]-[CX4H3]),$([#16]-[CX4H3]):7]-[c:1]1[#6;a;H1X3:2][#6;a;H1X3:3][#6;a;H1X3:4][#6;a;H1X3:5][#6;a;H1X3:6]1>>[#8;A;H1X2][#6;A;X4:5]1[#6;a;H1X3:4]=[#6;a;H1X3:3]-[#6;a;H1X3:2]=[#6:1](-[F,Cl,Br,I,CX4H3,$([#8]-[CX4H3]),$([#16]-[CX4H3]):7])[#6;A;X4:6]1[#8;A;H1X2]
envmicro	EAWAG_RULE_BT0370	BTMR0839	EAWAG_RULE_BT0370	bt:EAWAG_RULE_BT0370	1	[#8;A;H1X2][#6]!@-[#6]@-[#6]!@-[#6][#8;A;H1X2]	0		[#8;A;H1X2:1][#6:2]!@-[#6:3]@-[#6:4]!@-[#6:5][#8;A;H1X2]>>[#6:3]-1@-[#6:4]-[#6:5][#8;A;H1X2:1][#6:2]-1
envmicro	EAWAG_RULE_BT0372	BTMR0840	EAWAG_RULE_BT0372	bt:EAWAG_RULE_BT0372	1	[#8;A;H1X2]c1[c;H1X3]cc(-[!O])c([#8;A;H1X2])n1	0		[#6:1]-[#6:2](=[O;X1:6])-[#6;X4:3]-[#6:4]([#6,#16;A:5])=[O;X1:7]>>[#6:1]-[#6:2](-[#8;X1-])=[O;X1:6].[#6;X4:3]-[#6:4]([#6,#16;A:5])=[O;X1:7]
envmicro	EAWAG_RULE_BT0373	BTMR0896	EAWAG_RULE_BT0373	bt:EAWAG_RULE_BT0373	1	[#6]-[#6](=[O;X1])-[#6;X4]-[#6]([#6,#16;A])=[O;X1]	0		[#6:1]-[#6:2](=[O;X1:3])-[#6;X4:4]-[#6:5]([#6,#16;A:6])=[O;X1:7]>>[#6:1]-[#6:2](-[#8-])=[O;X1:3].[#6;X4:4]-[#6:5]([#6,#16;A:6])=[O;X1:7]
envmicro	EAWAG_RULE_BT0374_PATTERN1	BTMR0841	EAWAG_RULE_BT0374_PATTERN1	bt:EAWAG_RULE_BT0374	1	[F,Cl,Br,I]-c1ccccc1-[#8]-c1ccccc1	0		[F,Cl,Br,I]-[c:9]1[c:13][c:12][c:11][c:10][c:8]1-[#8:7]-[c:6]1[c:1][c:2][c:3][c:4][c:5]1>>[#8:7]-[c:6]1[c:1][c:2][c:3][c:4][c:5]1.[#8]-[c:8]1[c:10][c:11][c:12][c:13][c:9]1-[#8]
envmicro	EAWAG_RULE_BT0374_PATTERN2	BTMR0842	EAWAG_RULE_BT0374_PATTERN2	bt:EAWAG_RULE_BT0374	1	[#7,#8](c1[#6;a;H1X3]cccc1)c1ccccc1	0		[#7,#8:7]([c:6]1[c:1][c:2][c:3][c:4][c:5]1)[c:8]1[c:10][c:11][c:12][c:13][#6;a;H1X3:9]1>>[#7,#8:7]-[c:6]1[c:1][c:2][c:3][c:4][c:5]1.[#8]-[c:8]1[c:10][c:11][c:12][c:13][#6;a:9]1-[#8]
envmicro	EAWAG_RULE_BT0375	BTMR0891	EAWAG_RULE_BT0375	bt:EAWAG_RULE_BT0375	1	[H][#6]1=,:[#6][#6]=,:[#6][#8]1	0		[H][#6:5]1=,:[#6:4][#6:3]=,:[#6:2][#8:1]1>>[H][#8]-[#6:5]1=,:[#6:4][#6:3]=,:[#6:2][#8:1]1
envmicro	EAWAG_RULE_BT0376	BTMR0843	EAWAG_RULE_BT0376	bt:EAWAG_RULE_BT0376	1	[#6]-[c;R1]1ccc([#8;A;H1X2])o1	0		[#6:7]-[c;R1:5]1[c:4][c:3][c:2]([#8;A;H1X2:6])[o:1]1>>[#6:7]-[#6;R1:5](=O)-[#6:4]-[#6:3]-[#6:2]([#8;A;X1:6])=[O:1]
envmicro	EAWAG_RULE_BT0377	BTMR0844	EAWAG_RULE_BT0377	bt:EAWAG_RULE_BT0377	1	[#8;A;H1X2]c1[c;R1][c;R1][c;H1X3][#7;a;H0X2]c1[#6,#8;A]	0		[#8;A;H1X2:7][c:2]1[c;R1:1][c;R1:6][c;H1X3:5][#7;a;H0X2:4][c:3]1[#6,#8;A:8]>>[#8;A-:7][#6:2](=O)-[#6:1]-[#6:6]=[#6:5]-[#7:4]-[#6:3]([#6,#8;A:8])=O
envmicro	EAWAG_RULE_BT0378_PATTERN1	BTMR0930	EAWAG_RULE_BT0378_PATTERN1	bt:EAWAG_RULE_BT0378	1	[#8;X1-]-[#6]=,:1[#6](=,:[#6][#6](=,:[#6][#6]=,:1-[#7+](-[#8;X1-])=[O;X1])-[#7;X3+](-[#8;X1-])=[O;X1])-[#7;X3+](-[#8;X1-])=[O;X1]	0		[#8;X1-:7]-[#6:1]=,:1[#6:2](=,:[#6:3][#6:4](=,:[#6:5][#6:6]=,:1-[#7+:8](-[#8;X1-:10])=[O;X1:9])-[#7;X3+:11](-[#8;X1-:13])=[O;X1:12])-[#7;X3+](-[#8;X1-])=[O;X1]>>[H][C:2]1([H])[#6:3][C:4]([H])([#6:5][C:6]([H])([#6:1]1=[O;X1:7])[#7+:8](-[#8;X1-:10])=[O;X1:9])[#7;X3+:11](-[#8;X1-:13])=[O;X1:12]
envmicro	EAWAG_RULE_BT0378_PATTERN2	BTMR0931	EAWAG_RULE_BT0378_PATTERN2	bt:EAWAG_RULE_BT0378	1	[H][#6]1=,:[#6][#6](=,:[#6][#6](=,:[#6]1-[#8;X1-])-[#7+](-[#8;X1-])=[O;X1])-[#7;X3+](-[#8;X1-])=[O;X1]	0		[H][#6:2]1=,:[#6:3][#6:4](=,:[#6:5][#6:6](=,:[#6:1]1-[#8;X1-:7])-[#7+:8](-[#8;X1-:10])=[O;X1:9])-[#7;X3+:11](-[#8;X1-:13])=[O;X1:12]>>[H][C:2]1([H])[#6:3][C:4]([H])([#6:5][C:6]([H])([#7+:8](-[#8;X1-:10])=[O;X1:9])[C:1]1([H])[#8;X1-:7])[#7;X3+:11](-[#8;X1-:13])=[O;X1:12]
envmicro	EAWAG_RULE_BT0379	BTMR0845	EAWAG_RULE_BT0379	bt:EAWAG_RULE_BT0379	1	[F,Cl,Br,I][#6;A;H1X4]1[#6]-,=[#6]-[#6]-,=[#6][#6;A;H1X4]1[F,Cl,Br,I]	0		[F,Cl,Br,I][#6;A;H1X4:1]1[#6:2]-,=[#6:3]-[#6:4]-,=[#6:5][#6;A;H1X4:6]1[F,Cl,Br,I]>>[#6:3]-,=1-[#6:4]-,=[#6:5][#6;A;H1X3:6]=[#6;A;H1X3:1][#6:2]-,=1
envmicro	EAWAG_RULE_BT0383	BTMR0897	EAWAG_RULE_BT0383	bt:EAWAG_RULE_BT0383	1	[H][#8;R0]-[#6;R1]=,:1[#6;R1]=,:[#6;R1][#6;R1]=,:[#6;R1][#6;R1]=,:1-[#7;R0+](-[#8;R0-])=[O;R0]	0		[H][#8;R0:7]-[#6;R1:6]=,:1[#6;R1:5]=,:[#6;R1:4][#6;R1:3]=,:[#6;R1:2][#6;R1:1]=,:1-[#7;R0+](-[#8;R0-])=[O;R0]>>[H][#8;R0:7]-[#6;R1:6]=,:1[#6;R1:5]=,:[#6;R1:4][#6;R1:3]=,:[#6;R1:2][#6;R1:1]=,:1-[#8][H]
envmicro	EAWAG_RULE_BT0385	BTMR0846	EAWAG_RULE_BT0385	bt:EAWAG_RULE_BT0385	1	[#6;CX4,c]-[#8]-[#6](=O)-[#8]-[#6;CX4,c]	0		[#6;CX4,c:1]-[#8:2]-[#6](=O)-[#8:3]-[#6;CX4,c:4]>>[#6;CX4,c:1]-[#8:2].[#6;CX4,c:4]-[#8:3]
envmicro	EAWAG_RULE_BT0386	BTMR0847	EAWAG_RULE_BT0386	bt:EAWAG_RULE_BT0386	1	FC(Cl)(Cl)[#16]-[#7]-c1ccccc1	0		ClC(Cl)([#1,#9;A])[#16;X2][#7;A;H1X3:7][c:6]1[c:1][c:2][c:3][c:4][c:5]1>>[#16;X2]C(Cl)(Cl)[#1,#9;A].[#7;A;H2X3:7][c:6]1[c:1][c:2][c:3][c:4][c:5]1
envmicro	EAWAG_RULE_BT0387	BTMR0932	EAWAG_RULE_BT0387	bt:EAWAG_RULE_BT0387	1	[H][#8;X2][S;X4](=[O;X1])(=[O;X1])[#6]=,:1[#6]=,:[#6][#6](=,:[#6][#6]=,:1)-[#7;X3]([H])[H]	0		[H:11][#8;X2:10][S;X4:7](=[O;X1:8])(=[O;X1:9])[#6:4]=,:1[#6:5]=,:[#6:6][#6:1](=,:[#6:2][#6:3]=,:1)-[#7;X3]([H])[H]>>[H][#8]-[#6:1]=,:1[#6:6]=,:[#6:5][#6:4](=,:[#6:3][#6:2]=,:1)[S;X4:7](=[O;X1:8])(=[O;X1:9])[#8;X2:10][H:11]
envmicro	EAWAG_RULE_BT0388_PATTERN1	BTMR0848	EAWAG_RULE_BT0388_PATTERN1	bt:EAWAG_RULE_BT0388	1	O=[#6]-1[#6;A]=[#6;A][#6;A]=[#6;A][#6]-1=O	0		[O:7]=[#6:1]-1[#6;A:2]=[#6;A:3][#6;A:4]=[#6;A:5][#6:6]-1=[O:8]>>[H][#8:8]-[#6:6]1=[#6:1](-[#8:7][H])[#6;A:2]=[#6;A:3][#6;A:4]=[#6;A:5]1
envmicro	EAWAG_RULE_BT0388_PATTERN2	BTMR0849	EAWAG_RULE_BT0388_PATTERN2	bt:EAWAG_RULE_BT0388	1	[H][#8;A;X2][#6]1=,:[#6][#6]=,:[#6][#6]=,:[#6]1[#7;A;X3]([H])[H]	0		[H][#8;A;X2:7][#6:6]1=,:[#6:5][#6:4]=,:[#6:3][#6:2]=,:[#6:1]1[#7;A;X3]([H])[H]>>[H][#8;A;X2:7][#6:6]1=,:[#6:5][#6:4]=,:[#6:3][#6:2]=,:[#6:1]1-[#8][H]
envmicro	EAWAG_RULE_BT0388_PATTERN3	BTMR0850	EAWAG_RULE_BT0388_PATTERN3	bt:EAWAG_RULE_BT0388	1	[#7;A;H2X3][#6]1=,:[#6][#6]=,:[#6][#6]([#8;A;H1X2])=,:[#6]1	0		[H][#8;A;X2:7][#6:6]=,:1[#6:5]=,:[#6:4][#6:3]=,:[#6:2]([#6:1]=,:1)[#7;A;X3]([H])[H]>>[H][#8]-[#6:2]=,:1[#6:3]=,:[#6:4][#6:5]=,:[#6:6]([#6:1]=,:1)[#8;A;X2:7][H]
envmicro	EAWAG_RULE_BT0388_PATTERN4	BTMR0851	EAWAG_RULE_BT0388_PATTERN4	bt:EAWAG_RULE_BT0388	1	[#7;A;H2X3]c1ccc(-[OX2H1,$([NX3+](=O)[O-])])cc1	0		[H][#7;A;X3]([H])[#6:5]=,:1[#6:6]=,:[#6:7][#6:2](-[OX2H1,$([NX3+](=O)[O-]):1])=,:[#6:3][#6:4]=,:1>>[H][#8]-[#6:5]=,:1[#6:6]=,:[#6:7][#6:2](-[OX2H1,$([NX3+](=O)[O-]):1])=,:[#6:3][#6:4]=,:1
envmicro	EAWAG_RULE_BT0389	BTMR0892	EAWAG_RULE_BT0389	bt:EAWAG_RULE_BT0389	1	[#7]-[#6](=O)-[#8]-c1ccccc1	0		[#7:8]-[#6](=O)-[#8:7]-[#6:6]=,:1[#6:5]=,:[#6:4][#6:3]=,:[#6:2][#6:1]=,:1>>[#7:8][H].[H][#8:7]-[#6:6]=,:1[#6:5]=,:[#6:4][#6:3]=,:[#6:2][#6:1]=,:1
envmicro	EAWAG_RULE_BT0390	BTMR0933	EAWAG_RULE_BT0390	bt:EAWAG_RULE_BT0390	1	[H]-[#6]=[#7;X2R0]-[#6;X3]([H])=[O;X1]	0		[H:3]-[#6:1]=[#7;X2R0:2]-[#6;X3]([H])=[O;X1]>>[H:3]-[#6:1]=[#7;X2R0:2]-[H]
envmicro	EAWAG_RULE_BT0391_PATTERN1	BTMR0852	EAWAG_RULE_BT0391_PATTERN1	bt:EAWAG_RULE_BT0391	1	[#6]-[#6]=[#7;H1X2]	0		[H]-[#7;X2]=[#6:2]/[#6:1]>>[#6:1]-[#6:2]=[#8;A;X1]
envmicro	EAWAG_RULE_BT0391_PATTERN2	BTMR0853	EAWAG_RULE_BT0391_PATTERN2	bt:EAWAG_RULE_BT0391	1	[#6]-[#6]@=[#7;X2]-[#6]	0		[#6:1]-[#6:2]@=[#7;X2:3]-[#6:4]>>[#6:1]-[#6:2]=O.[H][#7;X3:3]([H])-[#6:4]
envmicro	EAWAG_RULE_BT0392	BTMR0934	EAWAG_RULE_BT0392	bt:EAWAG_RULE_BT0392	1	[H][#8]-[#6](=O)-[#6](=O)C([H])([H])[#6]=O	0		[H:9][#8:1]-[#6:2](=[O:3])-[#6:4](=[O:8])[C:5]([H])([H])[#6:6]=[O:7]>>[H][#8]-[#6:6]=[O:7].[H:9][#8:1]-[#6:2](=[O:3])-[#6:4](=[O:8])[C:5]([H])([H])[H]
envmicro	EAWAG_RULE_BT0393	BTMR0935	EAWAG_RULE_BT0393	bt:EAWAG_RULE_BT0393	1	[H][#7;X3]([H])-[#6](-[#6])=[S;X2+]/[#8;X1-]	0		[H][#7;X3:3]([H])-[#6:2](-[#6:1])=[S;X2+:4]/[#8;X1-:5]>>[H][#7;X2:3]=[#6:2](-[#6:1])[S;X3:4]([#8;X1-:5])=O
envmicro	EAWAG_RULE_BT0394	BTMR0936	EAWAG_RULE_BT0394	bt:EAWAG_RULE_BT0394	1	[H][#7;X2]=[#6](-[#6])[S;X3]([#8;X1-])=[O;X1]	0		[H][#7;X2:3]=[#6:2](-[#6:1])[S;X3]([#8;X1-])=[O;X1]>>[#6:1][C:2]#[N;X2:3]
envmicro	EAWAG_RULE_BT0397_PATTERN1	BTMR0855	EAWAG_RULE_BT0397_PATTERN1	bt:EAWAG_RULE_BT0397	1	[#8;X1-]-[#7;X3+](=[O;X1])-[#7]1[#6;A;H2X4][#7]([#6;A;H2X4][#7]([#6;A;H2X4]1)-[#7;X3+](-[#8;X1-])=[O;X1])-[#7;X3+](-[#8;X1-])=[O;X1]	0		[#8;X1-:10]-[#7;X3+:7](=[O;X1:9])-[#7:4]1[#6;A;H2X4:5][#7:6]([#6;A;H2X4:1][#7:2]([#6;A;H2X4:3]1)-[#7;X3+](-[#8;X1-])=[O;X1])-[#7;X3+:8](-[#8;X1-:12])=[O;X1:11]>>[#8;X1-:10]-[#7;X3+:7](=[O;X1:9])-[#7:4]1[#6;A;H2X4:3][#7:2]=[#6;A;H2X4:1][#7:6]([#6;A;H2X4:5]1)-[#7;X3+:8](-[#8;X1-:12])=[O;X1:11]
envmicro	EAWAG_RULE_BT0397_PATTERN2	BTMR0856	EAWAG_RULE_BT0397_PATTERN2	bt:EAWAG_RULE_BT0397	1	[#8;X1-]-[#7;X3+](=[O;X1])-[#7]1[#6;A;H2X4][#7]=[#6;A;H1X3][#7]([#6;A;H2X4]1)-[#7;X3+](-[#8;X1-])=[O;X1]	0		[#8;X1-]-[#7;X3+](=[O;X1])-[#7:6]1[#6;A;H2X4:1][#7:2]=[#6;A;H1X3:3][#7:4]([#6;A;H2X4:5]1)-[#7;X3+:7](-[#8;X1-:9])=[O;X1:8]>>[#8;X1-:9]-[#7;X3+:7](=[O;X1:8])-[#7:4]1[#6;A;H2X4:5][#7:6]=[#6;A;H1X3:1][#7:2]=[#6;A;H1X3:3]1
envmicro	EAWAG_RULE_BT0401	BTMR0854	EAWAG_RULE_BT0401	bt:EAWAG_RULE_BT0401	1	[#6,#1;A][#6]-1=[#6;A;H1X3][#6](=O)-c2[#6;a;H1X3][#6;a;H1X3][#6;a;H1X3][#6;a;H1X3]c2-[#7]-1	0		[#6,#1;A:12][#6:8]-1=[#6;A;H1X3:9][#6:10](=[O:11])-[c:6]2[#6;a;H1X3:1][#6;a;H1X3:2][#6;a;H1X3:3][#6;a;H1X3:4][c:5]2-[#7:7]-1>>[#8][#6;A;X3:9]1=[#6:8]([#6,#1;A:12])-[#7:7]-[c:5]2[#6;a;H1X3:4][#6;a;H1X3:3][#6;a;H1X3:2][#6;a;H1X3:1][c:6]2-[#6:10]1=[O:11]
envmicro	EAWAG_RULE_BT0402	BTMR0895	EAWAG_RULE_BT0402	bt:EAWAG_RULE_BT0402	1	[#7]@-[#6;X3](@-[#7])=[O;X1]	0		[#7:1]@-[#6;X3:2](@-[#7:3])=[O;X1:4]>>[#7:3][H].[#7:1]@-[#6;X3:2](-[#8-])=[O;X1:4]
envmicro	EAWAG_RULE_BT0403	BTMR0937	EAWAG_RULE_BT0403	bt:EAWAG_RULE_BT0403	1	[H][#8]-[#6]-1=[#6]-[#7]-[#6]2=,:[#6][#6]=,:[#6][#6]=,:[#6]2-[#6]-1=O	0		[H][#8]-[#6]-1=[#6:8]-[#7:7]-[#6:5]2=,:[#6:4][#6:3]=,:[#6:2][#6:1]=,:[#6:6]2-[#6:9]-1=[O:10]>>[H][#8]-[#6:9](=[O:10])-[#6:6]1=,:[#6:1][#6:2]=,:[#6:3][#6:4]=,:[#6:5]1-[#7:7]-[#6:8]=O
envmicro	EAWAG_RULE_BT0404	BTMR0938	EAWAG_RULE_BT0404	bt:EAWAG_RULE_BT0404	1	[#1,#6,#16]-[#6]1=,:[#7][#7]=,:[#6][#6](=O)=,:[#7]1	0		[#1,#6,#16:7]-[#6:1]1=,:[#7:2][#7:3]=,:[#6:4][#6:5](=[O:6])=,:[#7]1>>[H][#8]-[#6:5](=[O:6])-[#6:4]=[#7:3]/[#7:2]-[#6:1](-[#1,#6,#16:7])=O
envmicro	EAWAG_RULE_BT0405	BTMR0857	EAWAG_RULE_BT0405	bt:EAWAG_RULE_BT0405	1	[#8;X1-]-[#6](=[O;X1])-[#6]=[#7]/[#7]-[#6]=[O;X1]	0		[#8;X1-:8]-[#6:6](=[O;X1:7])-[#6:5]=[#7:4]-[#7:3]-[#6:1]=[O;X1:2]>>[#7:4]-[#7:3]-[#6:1]=[O;X1:2].[#8;X1-:8]-[#6:6](=[O;X1:7])-[#6:5]=O
envmicro	EAWAG_RULE_BT0408	BTMR0858	EAWAG_RULE_BT0408	bt:EAWAG_RULE_BT0408	1	[#6][N;X4+]([#6])([#6])[#8;X1-]	0		[#6:2][N;X4+:1]([#6:3])([#6:4])[#8;X1-]>>[#6:2]-[#7;X4+:1](-[#6:3])-[#6:4]
envmicro	EAWAG_RULE_BT0409	BTMR0859	EAWAG_RULE_BT0409	bt:EAWAG_RULE_BT0409	1	[#6;a;H1X3]1[#6;a;H1X3][#6;a;H1X3]c2[#6;a;H1X3]c3[#6;a;H1X3][#6;a;H1X3][#6;a;H1X3][#6;a;H1X3]c3[#6;a;H1X3]c2[#6;a;H1X3]1	0		[#6;a;H1X3:8]1[#6;a;H1X3:9][#6;a;H1X3:10][c:2]2[#6;a;H1X3:1][c:6]3[#6;a;H1X3:14][#6;a;H1X3:13][#6;a;H1X3:12][#6;a;H1X3:11][c:5]3[#6;a;H1X3:4][c:3]2[#6;a;H1X3:7]1>>O=[#6;a:1]1[c:2]2[#6;a;H1X3:10][#6;a;H1X3:9][#6;a;H1X3:8][#6;a;H1X3:7][c:3]2[#6;a:4](=O)[c:5]2[#6;a;H1X3:11][#6;a;H1X3:12][#6;a;H1X3:13][#6;a;H1X3:14][c:6]12
envmicro	EAWAG_RULE_BT0414	BTMR0928	EAWAG_RULE_BT0414	bt:EAWAG_RULE_BT0414	1	CC(N)=N	0		[#6:2]-[#6:1](-[#7:3])=[#7:4]>>[H][#7:4][H].[#6:2]-[#6:1](-[#7:3])=O
envmicro	EAWAG_RULE_BT0416_PATTERN1	BTMR0860	EAWAG_RULE_BT0416_PATTERN1	bt:EAWAG_RULE_BT0416	1	[#6]1-[#6]-[#6]-2=[#6]([#6;A;H1X3]=[#6;A;H1X3]1)-[#6]=[#6]-[#6]=[#6]-2	0		[#6:9]1-[#6:10]-[c:6]2[c:1][c:2][c:3][c:4][c:5]2[#6;A;H1X3:7]=[#6;A;H1X3:8]1>>[#8][#6;A;X4:8]1[#6:9]-[#6:10]-[c:6]2[c:1][c:2][c:3][c:4][c:5]2[#6;A;X4:7]1[#8]
envmicro	EAWAG_RULE_BT0416_PATTERN2	BTMR0861	EAWAG_RULE_BT0416_PATTERN2	bt:EAWAG_RULE_BT0416	1	[H][#6]=,:1[#6,#7,#8,#16]c2ccccc2[#6]=,:1[H]	0		[H][#6:8]=,:1[#6,#7,#8,#16:9][c:6]2[c:1][c:2][c:3][c:4][c:5]2[#6:7]=,:1[H]>>[H][#8]-[#6:8]-1-[#6,#7,#8,#16:9]-[c:6]2[c:1][c:2][c:3][c:4][c:5]2-[#6:7]-1-[#8][H]
envmicro	EAWAG_RULE_BT0418_PATTERN1	BTMR0862	EAWAG_RULE_BT0418_PATTERN1	bt:EAWAG_RULE_BT0418	1	O=[#6]~1~c2ccccc2~[#6]~c2ccccc~12	0		O=[#6:1]~1~[c:2]2[c:9][c:8][c:7][c:6][c:3]2~[#6]~[c:4]2[c:10][c:11][c:12][c:13][c:5]~12>>[H][c:3]1[c:6][c:7][c:8][c:9](-[#8])[c:2]1~[C:1]([H])([H])~[c:5]1[c:4]([H])[c:10][c:11][c:12][c:13]1-[#6](-[#8-])=O
envmicro	EAWAG_RULE_BT0418_PATTERN2	BTMR0863	EAWAG_RULE_BT0418_PATTERN2	bt:EAWAG_RULE_BT0418	1	O=[#6]-1-[#6]=[#6]-[#6](=O)-c2ccccc-12	0		[O:11]=[#6:1]-1-[#6:2]=[#6:3]-[#6:4](=[O:12])-[c:5]2[c:7][c:8][c:9][c:10][c:6]-12>>[#8]-[c:6]1[c:10][c:9][c:8][c:7][c:5]1-[#6:4](=[O:12])-[#6:3]=[#6:2]-[#6:1](-[#8-])=[O:11]
envmicro	EAWAG_RULE_BT0420_PATTERN1	BTMR0939	EAWAG_RULE_BT0420_PATTERN1	bt:EAWAG_RULE_BT0420	1	[#7]-[#6](-[#7])=[#7]-[#7;X3+](-[#8;X1-])=[O;X1]	0		[#7:1]-[#6:2](-[#7:3])=[#7]-[#7;X3+](-[#8;X1-])=[O;X1]>>[#7:1]-[#6:2](-[#7:3])=O
envmicro	EAWAG_RULE_BT0420_PATTERN2	BTMR0940	EAWAG_RULE_BT0420_PATTERN2	bt:EAWAG_RULE_BT0420	1	[H][#7](-[#6](-[#7])=[#7])-[#7;X3+](-[#8;X1-])=[O;X1]	0		[H][#7](-[#6:2](-[#7:1])=[#7:3])-[#7;X3+](-[#8;X1-])=[O;X1]>>[H][#7:3]-[#6:2](-[#7:1])=O
envmicro	EAWAG_RULE_BT0421	BTMR0864	EAWAG_RULE_BT0421	bt:EAWAG_RULE_BT0421	1	[#6][#7;A;H2X3][#6;A;H1X3]=[O;X1]	0		[#6:2][#7;A;H1X3:1][#6;A;H1X3]=[O;X1]>>[#6:2][#7;A;H2X3:1].[#6;A;H2X3]=[O;X1]
envmicro	EAWAG_RULE_BT0423_PATTERN1	BTMR0865	EAWAG_RULE_BT0423_PATTERN1	bt:EAWAG_RULE_BT0423	1	[#6;A;H3X4][#6;X3](=[O;X1])-c1[#6;a;H1X3][#6;a;H1X3]c(-[*,#1;OX2H1,FX1,NX3H2,$([OX2]-[CX4H3]),$([#16;X4](=O)(=O)[OX1-]),#1,$([NX3+](=O)[OX1-])])[#6;a;H1X3][#6;a;H1X3]1	0		[#6;A;H3X4:8][#6;X3:7](=[O;X1:9])-[c:1]1[#6;a;H1X3:2][#6;a;H1X3:3][c:4](-[*,#1;OX2H1,FX1,NX3H2,$([OX2]-[CX4H3]),$([#16;X4](=O)(=O)[OX1-]),#1,$([NX3+](=O)[OX1-]):10])[#6;a;H1X3:5][#6;a;H1X3:6]1>>[#6;A;H3X4:8][#6;X3:7](=O)-[#8;X2:9]-[c:1]1[#6;a;H1X3:2][#6;a;H1X3:3][c:4](-[*,#1;OX2H1,FX1,NX3H2,$([OX2]-[CX4H3]),$([#16;X4](=O)(=O)[OX1-]),#1,$([NX3+](=O)[OX1-]):10])[#6;a;H1X3:5][#6;a;H1X3:6]1
envmicro	EAWAG_RULE_BT0423_PATTERN2	BTMR0866	EAWAG_RULE_BT0423_PATTERN2	bt:EAWAG_RULE_BT0423	1	[#6;A;H3X4][#6;X3](=[O;X1])[#6;A;H2X4][$([#6;A;H2X4][#6;A;H2X4][#6;A;H2X4][#6;A;H2X4][#6;A;H3X4]),$([#6;A;H2X4][#6;A;H2X4][#6;A;H2X4][#6;A;H3X4]),$([#6;A;H2X4][#6;A;H2X4][#6;A;H3X4]),$([#6;A;H2X4][#6;A;H3X4]),$([#6;A;H2X4][#6;A;H2X4][#6;A;H2X4][#6;A;H2X4][#6;A;H2X4][#6;H3X4]),$([#6;A;H2X4][#6;A;H2X4][#6;A;H2X4][#6;A;H2X4][#6;A;H2X4][#6;A;H2X4][#6;H3X4]),$([#6;A;H2X4][#6;A;H2X4][#6;A;H2X4][#6;A;H2X4][#6;A;H2X4][#6;A;H2X4][#6;A;H2X4][#6;H3X4]),$([#6;A;H2X4][#6;A;H2X4][#6;A;H2X4][#6;A;H2X4][#6;A;H2X4][#6;A;H2X4][#6;A;H2X4][#6;A;H2X4][#6;H3X4]),$([#6;A;H2X4][#6;A;H2X4][#6;A;H2X4][#6;A;H2X4][#6;A;H2X4][#6;A;H2X4][#6;A;H2X4][#6;A;H2X4][#6;A;H2X4][#6;A;H2X4][#6;H3X4])]	0		[#6;A;H3X4:1][#6;X3:2](=[O;X1:3])[#6;A;H2X4:4][$([#6;A;H2X4][#6;A;H2X4][#6;A;H2X4][#6;A;H2X4][#6;A;H3X4]),$([#6;A;H2X4][#6;A;H2X4][#6;A;H2X4][#6;A;H3X4]),$([#6;A;H2X4][#6;A;H2X4][#6;A;H3X4]),$([#6;A;H2X4][#6;A;H3X4]),$([#6;A;H2X4][#6;A;H2X4][#6;A;H2X4][#6;A;H2X4][#6;A;H2X4][#6;H3X4]),$([#6;A;H2X4][#6;A;H2X4][#6;A;H2X4][#6;A;H2X4][#6;A;H2X4][#6;A;H2X4][#6;H3X4]),$([#6;A;H2X4][#6;A;H2X4][#6;A;H2X4][#6;A;H2X4][#6;A;H2X4][#6;A;H2X4][#6;A;H2X4][#6;H3X4]),$([#6;A;H2X4][#6;A;H2X4][#6;A;H2X4][#6;A;H2X4][#6;A;H2X4][#6;A;H2X4][#6;A;H2X4][#6;A;H2X4][#6;H3X4]),$([#6;A;H2X4][#6;A;H2X4][#6;A;H2X4][#6;A;H2X4][#6;A;H2X4][#6;A;H2X4][#6;A;H2X4][#6;A;H2X4][#6;A;H2X4][#6;A;H2X4][#6;H3X4]):5]>>[#6;A;H3X4:1][#6;X3:2](=[O;X1:3])[#6;A;H2X4:4][#8]-[$([#6;A;H2X4][#6;A;H2X4][#6;A;H2X4][#6;A;H2X4][#6;A;H3X4]),$([#6;A;H2X4][#6;A;H2X4][#6;A;H2X4][#6;A;H3X4]),$([#6;A;H2X4][#6;A;H2X4][#6;A;H3X4]),$([#6;A;H2X4][#6;A;H3X4]),$([#6;A;H2X4][#6;A;H2X4][#6;A;H2X4][#6;A;H2X4][#6;A;H2X4][#6;H3X4]),$([#6;A;H2X4][#6;A;H2X4][#6;A;H2X4][#6;A;H2X4][#6;A;H2X4][#6;A;H2X4][#6;H3X4]),$([#6;A;H2X4][#6;A;H2X4][#6;A;H2X4][#6;A;H2X4][#6;A;H2X4][#6;A;H2X4][#6;A;H2X4][#6;H3X4]),$([#6;A;H2X4][#6;A;H2X4][#6;A;H2X4][#6;A;H2X4][#6;A;H2X4][#6;A;H2X4][#6;A;H2X4][#6;A;H2X4][#6;H3X4]),$([#6;A;H2X4][#6;A;H2X4][#6;A;H2X4][#6;A;H2X4][#6;A;H2X4][#6;A;H2X4][#6;A;H2X4][#6;A;H2X4][#6;A;H2X4][#6;A;H2X4][#6;H3X4]):5]
envmicro	EAWAG_RULE_BT0425_PATTERN1	BTMR0941	EAWAG_RULE_BT0425_PATTERN1	bt:EAWAG_RULE_BT0425	1	[H][#6]1=,:[#6]([H])[#6]([H])=,:[#6]2[#6](=,:[#6]1[H])-[#6](=[O;X1])-[#7]([H])[S;X4]2(=[O;X1])=[O;X1]	0		[H:8][#6:2]1=,:[#6:3]([H:9])[#6:4]([H:10])=,:[#6:5]2[#6:6](=,:[#6:1]1[H:7])-[#6](=[O;X1])-[#7]([H])[S;X4]2(=[O;X1])=[O;X1]>>[H][#8]-[#6:6]1=,:[#6:1]([H:7])[#6:2]([H:8])=,:[#6:3]([H:9])[#6:4]([H:10])=,:[#6:5]1-[#8][H]
envmicro	EAWAG_RULE_BT0425_PATTERN2	BTMR0942	EAWAG_RULE_BT0425_PATTERN2	bt:EAWAG_RULE_BT0425	1	[H][#8]C12[#6]([H])=[#6]([H])-[#6]([H])=[#6]([H])C1([#8][H])[S;X4](=[O;X1])(=[O;X1])[#7]([H])-[#6]2=[O;X1]	0		[H:11][#8:9][C:6]12[#6:1]([H:13])=[#6:2]([H:8])-[#6:3]([H:7])=[#6:4]([H:14])[C:5]1([#8:10][H:12])[S;X4](=[O;X1])(=[O;X1])[#7]([H])-[#6]2=[O;X1]>>[H:11][#8:9]-[#6:6]-1=[#6:5](-[#8:10][H:12])-[#6:4]([H:14])=[#6:3]([H:7])-[#6:2]([H:8])=[#6:1]-1[H:13]
envmicro	EAWAG_RULE_BT0427	BTMR0883	EAWAG_RULE_BT0427	bt:EAWAG_RULE_BT0427	1	[#6]C([#6])([#8;A;H1X2])[#6]-[#6]([#6,#8;A])=O	0		[#6:1][C:2]([#6:3])([#8;A;H1X2:4])[#6:5]-[#6:6]([#6,#8;A:7])=[O:8]>>[#6:1]-[#6:2](-[#6:3])=[#8;A;X1:4].[#6:5]-[#6:6]([#6,#8;A:7])=[O:8]
envmicro	EAWAG_RULE_BT0428	BTMR0867	EAWAG_RULE_BT0428	bt:EAWAG_RULE_BT0428	1	[#7;A;H2X3]n1cnncc1=O	0		[#7;A;H2X3][n:2]1[c:1][n:6][n:5][c:4][c:3]1=[O:7]>>[O:7]=[c:3]1[c:4][n:5][n:6][c:1][n:2]1
envmicro	EAWAG_RULE_BT0429	BTMR0943	EAWAG_RULE_BT0429	bt:EAWAG_RULE_BT0429	1	[#6]-[#8]-[#7](-[#1,#6])-[#6](-[#6,#8])=O	0		[#6:5]-[#8:4]-[#7:3](-[#1,#6:6])-[#6:2](-[#6,#8:7])=[O:1]>>[H][#8:4]-[#6:5].[H][#7:3](-[#1,#6:6])-[#6:2](-[#6,#8:7])=[O:1]
envmicro	EAWAG_RULE_BT0430	BTMR0868	EAWAG_RULE_BT0430	bt:EAWAG_RULE_BT0430	1	[#6;!$(C=[O,N,S])]-[#7;X3](-[#6;!$(C=[O,N,S])])-[#6](-[#6,#1])=O	0		[#6;!$(C=[O,N,S]):1]-[#7;X3:2](-[#6;!$(C=[O,N,S]):3])-[#6:4](-[#6,#1:5])=[O:6]>>[#6;!$(C=[O,N,S]):1]-[#7;X3:2]-[#6;!$(C=[O,N,S]):3].[#8-]-[#6:4](-[#6,#1:5])=[O:6]
envmicro	EAWAG_RULE_BT0431	BTMR0944	EAWAG_RULE_BT0431	bt:EAWAG_RULE_BT0431	1	[H][#8]-[#6](=[O;X1])C([H])([H])C([H])([#6](=[O;X1])-[#8][H])C([H])([H])[#6](=[O;X1])-[#8][H]	0		[H:14][#8:1]-[#6:2](=[O;X1:3])[C:4]([H])([H:13])[C:5]([H])([#6:6](=[O;X1:8])-[#8:7][H:15])[C:9]([H:17])([H:18])[#6:10](=[O;X1:11])-[#8:12][H:16]>>[H:14][#8:1]-[#6:2](=[O;X1:3])-[#6:4](-[H:13])=[#6:5](/[#6:6](=[O;X1:8])-[#8:7][H:15])[C:9]([H:17])([H:18])[#6:10](=[O;X1:11])-[#8:12][H:16]
envmicro	EAWAG_RULE_BT0432_PATTERN1	BTMR0869	EAWAG_RULE_BT0432_PATTERN1	bt:EAWAG_RULE_BT0432	1	[#6,#8;A]P([#7,#8;A])(=[#8,#16;A;X1])C#[N;X1]	0		[#6,#8;A:3][P:1]([#7,#8;A:5])(=[#8,#16;A;X1:2])[C:4]#[N;X1:6]>>[C:4]#[N;X1:6].[#8][P:1]([#6,#8;A:3])([#7,#8;A:5])=[#8,#16;A;X1:2]
envmicro	EAWAG_RULE_BT0432_PATTERN2	BTMR0870	EAWAG_RULE_BT0432_PATTERN2	bt:EAWAG_RULE_BT0432	1	[#6,#8;A]P([#16,#9,#17,#35,#53;A])([#7,#8;A])=[#8,#16;A;X1]	0		[#6,#8;A:3][P:1]([#16,#9,#17,#35,#53;A:4])([#7,#8;A:5])=[#8,#16;A;X1:2]>>[#16,#9,#17,#35,#53;A:4].[#8][P:1]([#6,#8;A:3])([#7,#8;A:5])=[#8,#16;A;X1:2]
envmicro	EAWAG_RULE_BT0437_PATTERN1	BTMR0871	EAWAG_RULE_BT0437_PATTERN1	bt:EAWAG_RULE_BT0437	1	[#6;A;H2X4]1[#6;A;H2X4]c2[#6;a;H1X3][#6;a;H1X3][#6;a;H1X3][#6;a;H1X3]c2[#6;A;H2X4]1	0		[#6;A;H2X4:8]1[#6;A;H2X4:7][c:5]2[#6;a;H1X3:4][#6;a;H1X3:3][#6;a;H1X3:2][#6;a;H1X3:1][c:6]2[#6;A;H2X4:9]1>>[#8]-[#6;a:2]1[#6;a;H1X3:3][#6;a;H1X3:4][c:5]2[#6;A;H2X4:7][#6;A;H2X4:8][#6;A;H2X4:9][c:6]2[#6;a:1]1-[#8]
envmicro	EAWAG_RULE_BT0437_PATTERN2	BTMR0872	EAWAG_RULE_BT0437_PATTERN2	bt:EAWAG_RULE_BT0437	1	[#6;A;H2X4]1[#6;A;H2X4][#6;A;H2X4]c2[#6;a;H1X3][#6;a;H1X3][#6;a;H1X3][#6;a;H1X3]c2[#6;A;H2X4]1	0		[#6;A;H2X4:8]1[#6;A;H2X4:10][#6;A;H2X4:9][c:6]2[#6;a;H1X3:1][#6;a;H1X3:2][#6;a;H1X3:3][#6;a;H1X3:4][c:5]2[#6;A;H2X4:7]1>>[#8]-[#6;a:3]1[#6;a;H1X3:2][#6;a;H1X3:1][c:6]2[#6;A;H2X4:9][#6;A;H2X4:10][#6;A;H2X4:8][#6;A;H2X4:7][c:5]2[#6;a:4]1-[#8]
envmicro	EAWAG_RULE_BT0438	BTMR0945	EAWAG_RULE_BT0438	bt:EAWAG_RULE_BT0438	1	[H][#8]-[#6](=O)C([H])([H])[#6]=,:1[#6]([H])=,:[#6]([H])[#6]([H])=,:[#6]([H])[#6]=,:1[H]	0		[H:11][#8:10]-[#6:8](=[O:9])[C:7]([H])([H:12])[#6:1]=,:1[#6:2]([H:13])=,:[#6:3]([H:14])[#6:4]([H:15])=,:[#6:5]([H:16])[#6:6]=,:1[H:17]>>[H:11][#8:10]-[#6:8](=[O:9])-[#6:7](-[H:12])=[#6:1]-1/[#8]-[#6:6]([H:17])=[#6:5]([H:16])-[#6:4]([H:15])=[#6:3]([H:14])-[#6:2]-1[H:13]
envmicro	EAWAG_RULE_BT0440	BTMR0946	EAWAG_RULE_BT0440	bt:EAWAG_RULE_BT0440	1	[#7]P([#6,#7,#8,#16])([#6,#8])=[#8,#16]	0		[#7:5][P:1]([#6,#7,#8,#16:2])([#6,#8:4])=[#8,#16:3]>>[#7:5][H].[H][#8][P:1]([#6,#7,#8,#16:2])([#6,#8:4])=[#8,#16:3]
envmicro	EAWAG_RULE_BT0441	BTMR0873	EAWAG_RULE_BT0441	bt:EAWAG_RULE_BT0441	1	O=C1C(=O)c2cccc3cccc1c23	0		[O:13]=[#6:11]-1-[#6:12](=[O:14])-[c:10]2[c:9][c:8][c:7][c:5]3[c:4][c:3][c:2][c:1]-1[c:6]23>>[#8-]-[#6:11](=[O:13])-[c:1]1[c:2][c:3][c:4][c:5]2[c:7][c:8][c:9][c:10](-[#6:12](-[#8-])=[O:14])[c:6]12
envmicro	EAWAG_RULE_BT0442	BTMR0874	EAWAG_RULE_BT0442	bt:EAWAG_RULE_BT0442	1	[H][#8]-[#6;R0](=O)-[#6]=,:1[#6]([H])=,:[#6]([H])[#6]([H])=,:[#6]([H])[#6]=,:1[H]	0		[H][#8:8]-[#6:6](=[O:7])-[#6:1]=,:1[#6]([H])=,:[#6:5]([H])[#6:4]([H])=,:[#6:3]([H])[#6:2]=,:1[H]>>[H][#8][#6;A:5](=O)[#6;A:4]([H])([H])[#6;A:3]([H])=[#6;A:2]([H])[#6;A:1]([H])([H])[#6:6](=[O:7])-[#8:8][H]
envmicro	EAWAG_RULE_BT0443	BTMR0875	EAWAG_RULE_BT0443	bt:EAWAG_RULE_BT0443	1	[#6][#6;A;H1X4]([#8;A;H1X2])C#[N;X1]	0		[H][#8;A;X2:2][#6;A;X4:1]([H])([#6:3])C#[N;X1]>>[H][#6;A;X4:1]([#6:3])=[#8;A;X1:2]
standardization	ANTHOCYANIDIN_STANDARDIZATION_PATTERN1			bt:ANTHOCYANIDIN_STANDARDIZATION	1	[#6;R1]=,:1[#6;R1]=,:[#6;R1][#6;R1](=,:[#6;R1][#6;R1]=,:1)-[#6;R1]1=,:[#6;R1][#6;R1]=,:[#6]2[#6]=,:[#6][#6]=,:[#6][#6]2=,:[#8+]1	0		[#6;R1:1]-1=[#6;R1:6]-[#6;R1:5]=[#6;R1:4](-[#6;R1:3]=[#6;R1:2]-1)-[#6;R1:7]1=[#6;R1:8]-[#6;R1:9]=[#6:10]-2-[#6:11]=[#6:12]-[#6:13]=[#6:14]-[#6:15]-2=[O+:16]1>>[#6;R1:1]-1=[#6;R1:6]-[#6;R1:5]=[#6;R1:4](-[#6;R1:3]=[#6;R1:2]-1)-[#6;R1:7]-1=[O+:16][#6:15]-2=[#6:10](-[#6:11]=[#6:12]-[#6:13]=[#6:14]-2)-[#6;R1:9]=[#6;R1:8]-1
standardization	AZIDE_STANDARDIZATION			bt:AZIDE_STANDARDIZATION	1	[#7;A;X2-][N;X2+]#[N;X1]	0		[#7;A;X2-:1][N;X2+:2]#[N;X1:3]>>[#7:1]=[N+:2]=[#7-:3]
standardization	CARBAMIDIC_ACID_TO_UREA_STANDARDIZATION			bt:CARBAMIDIC_ACID_TO_UREA_STANDARDIZATION	1	[#7;X3]-[#6;X3](-[#8;H1X2])=[#7;X2]	0		[H][#8;X2:3]-[#6;X3:2](-[#7;X3:1])=[#7;X2:4]>>[H][#7;X3:4]-[#6;X3:2](-[#7;X3:1])=[O;X1:3]
standardization	CARBAMIDOTHIOIC_ACID_TO_THIOUREA_STANDARDIZATION			bt:CARBAMIDOTHIOIC_ACID_TO_THIOUREA_STANDARDIZATION	1	[#7;X3]-[#6;X3](-[#16;H1X2])=[#7;X2]	0		[#7;X3:1]-[#6;X3:2](-[#16;H1X2:3])=[#7;X2:4]>>[#7;X3:1]-[#6;X3:2](-[#7;X3:4])=[S;X1:3]
standardization	CARBOXAMIDE_STANDARDIZATION_PATTERN1			bt:CARBOXAMIDE_STANDARDIZATION	1	[#6]-[#6;X3]([#8;A;X2H1])=[#7;$([#7;X2]-[#6]),$([#7;X2H1])]	0		[H][#8;X2:3][#6;A;X3:2]([#6:1])=[#7;$([#7;X2]-[#6]),$([#7;X2H1]):4]>>[#6:1][#6;A;X3:2]([#7;A;$([#7;X3H1]-[#6]),$([#7;X3H2]):4])=[O;X1:3]
standardization	CARBOXAMIDE_STANDARDIZATION_PATTERN2			bt:CARBOXAMIDE_STANDARDIZATION	1	[#6]-[#6;X3]([#8;A;X1-])=[#7;$([#7;X2]-[#6]),$([#7;X2H1])]	0		[#6:1]-[#6;X3:2]([#8;A;X1-:3])=[#7;$([#7;X2]-[#6]),$([#7;X2H1]):4]>>[#6:1]-[#6;X3:2](-[#7;X3:4])=[#8;A;X1:3]
standardization	CARBOXYLIC_ACID_ANION_STANDARDIZATION			bt:CARBOXYLIC_ACID_ANION_STANDARDIZATION	1	[#8;X1-]-[#6;X3](-[#6,#1])=[O;X1]	0		[#8;X1-:1]-[#6;X3:2](-[#6,#1:3])=[O;X1:4]>>[H][#8;X2:1]-[#6;X3:2](-[#6,#1:3])=[O;X1:4]
standardization	COENZYME_A_STANDARDIZATION			bt:COENZYME_A_STANDARDIZATION	1	[#8;X1-][S;X4]([#6,#1;A])(=[O;X1])=[O;X1]	0		[#8;X1-:1][S;X4:2]([#6,#1;A:5])(=[O;X1:3])=[O;X1:4]>>[H][#8;X2:1][S;X4:2]([#6,#1;A:5])(=[O;X1:3])=[O;X1:4]
standardization	DIAZONIUM_STANDARDIZATION			bt:DIAZONIUM_STANDARDIZATION	1	[#6]-[#7]=[#7+]	0		[#6]-[#7:1]=[#7+:2]>>[#6][N+:1]#[N:2]
standardization	DIAZO_STANDARDIZATION			bt:DIAZO_STANDARDIZATION	1	[#6;X3-][N;X2+]#[N;X1]	0		[#6;A;X3-:1][N;X2+:2]#[N;X1:3]>>[#6;A:1]=[N+:2]=[#7-:3]
standardization	IMINIUM_STANDARDIZATION			bt:IMINIUM_STANDARDIZATION	1	[#6;A;X3+][#7;A;X3]	0		[#6;A;X3+:1][#7;A;X3:2]>>[#6;A:1]=[#7+:2]
standardization	ISOCYANATE_STANDARDIZATION			bt:ISOCYANATE_STANDARDIZATION	1	[H][#7][#6;A;X2H0;v3-]=O	0		[H][#7:1][#6;A;X2H0;v3-:2]=[O:3]>>[#7;v3:1]=[C;X2;v4:2]=[O:3]
standardization	NITRILIUM_STANDARDIZATION			bt:NITRILIUM_STANDARDIZATION	1	[#6;A;X2+]=[#7;X2]	0		[#6;A;X2+:1]=[#7;X2:2]>>[C:1]#[N+:2]
standardization	NITRONATE_STANDARDIZATION			bt:NITRONATE_STANDARDIZATION	1	[#8;X1-]-[#7;X3+](-[#8;X1-])=[#6;A]	0		[#8;X1-:1]-[#7;X3+:2](-[#8;X1-:3])=[#6;A:4]>>[H][#6;A:4][#7;X3+:2](-[#8;X1-:3])=[O;X1:1]
standardization	NITROSO_STANDARDIZATION			bt:NITROSO_STANDARDIZATION	1	[#6]-[#7H2+]-[#8;X1-]	0		[#6]-[#7H2+:1]-[#8;X1-:2]>>[#6]-[#7:1]=[O:2]
standardization	NITRO_STANDARDIZATION			bt:NITRO_STANDARDIZATION	1	O=[N;X3+0,X3-]=[OX1-,OX1+0]	0		[O:3]=[N;X3+0,X3-:1]=[OX1-,OX1+0:2]>>[#8-:2]-[#7+:1]=[O:3]
standardization	NITRO_STANDARDIZATION_1			bt:NITRO_STANDARDIZATION_1	1	[H][#8;A;X2][#7;A;X4H1,X3+,X3-]([#6])=[O;X1]	0		[H][#8;A;X2:2][#7;A;X4H1,X3+,X3-:1]([#6])=[O;X1:3]>>[#6][#7;A;X3+:1]([#8;A;X1-:3])=[O:2]
standardization	PHOSPHONIC_STANDARDIZATION			bt:PHOSPHONIC_STANDARDIZATION	1	[#6][P+]([#8;X2])([#8;X2])[#8-]	0		[#6][P+:1]([#8;X2])([#8;X2])[#8-:2]>>[#6][P:1]([#8])([#8])=[O:2]
standardization	PHOSPHONIUM_YLIDE_STANDARDIZATION			bt:PHOSPHONIUM_YLIDE_STANDARDIZATION	1	[#6][P-]([#6])([#6])[#6+]	0		[#6][P-:1]([#6])([#6])[#6+:2]>>[#6][P:1]([#6])([#6])=[#6;A:2]
standardization	PHOSPHORIC_STANDARDIZATION			bt:PHOSPHORIC_STANDARDIZATION	1	[#8;X1-][P;X4](=[O;X1])([#8;X2]-[*,#1])[#8;X2]-[*,#1]	0		[#8;X1-:1][P;X4:2](=[O;X1:3])([#8;X2:6]-[*,#1:7])[#8;X2:4]-[*,#1:5]>>[H][#8;X2:1][P;X4:2](=[O;X1:3])([#8;X2:6]-[*,#1:7])[#8;X2:4]-[*,#1:5]
standardization	PHOSPHORIC_STANDARDIZATION_2			bt:PHOSPHORIC_STANDARDIZATION_2	1	[#8;X1-][P;X4]([#8;X1-])(=[O;X1])[#8;X2]-[*,#1]	0		[#8;X1-:3][P;X4:2]([#8;X1-:4])(=[O;X1:5])[#8;X2:1]-[*,#1:6]>>[H][#8;X2:3][P;X4:2](=[O;X1:5])([#8;X2:4][H])[#8;X2:1]-[*,#1:6]
standardization	SELENITE_STANDARDIZATION			bt:SELENITE_STANDARDIZATION	1	[#8;X2][Se+]([#8;X2])[#8-]	0		[#8;X2][Se+:1]([#8;X2])[#8-:2]>>[#8][Se:1]([#8])=[O:2]
standardization	SILICATE_STANDARDIZATION			bt:SILICATE_STANDARDIZATION	1	[#8;X2]-[#14+](-[#8;X2])-[#8-]	0		[#8;X2]-[#14+:1](-[#8;X2])-[#8-:2]>>[#8]-[#14:1](-[#8])=[O:2]
standardization	SULFINE_STANDARDIZATION			bt:SULFINE_STANDARDIZATION	1	[#6]-[#6](-[#6])=[S+][#8-]	0		[#6]-[#6](-[#6])=[S+:1][#8-:2]>>[#6]-[#6](-[#6])=[S:1]=[O:2]
standardization	SULFONE_STANDARDIZATION			bt:SULFONE_STANDARDIZATION	1	[#6][S;X3+]([#6])[#8-]	0		[#6][S;X3+:1]([#6])[#8-:2]>>[#6][S:1]([#6])=[O:2]
standardization	SULFONIUM_YLIDE_STANDARDIZATION			bt:SULFONIUM_YLIDE_STANDARDIZATION	1	[#6][S-]([#6])[#6+]	0		[#6][S-:1]([#6])[#6+:2]>>;[#6][S:1]([#6])=[#6;A:2]
standardization	SULFOXIDE_STANDARDIZATION			bt:SULFOXIDE_STANDARDIZATION	1	[#6][S+]([#6])([#8-])=O	0		[#6][S+:1]([#6])([#8-:2])=O>>[#6][S:1]([#6])(=[O:2])=O
standardization	TERTIARY_N_OXIDE_STANDARDIZATION			bt:TERTIARY_N_OXIDE_STANDARDIZATION	1	[#6]-[#7;X4]=O	0		[#6]-[#7;X4:1]=[O:2]>>[#6]-[#7+:1]-[#8-:2]
standardization	THIOUREA_STANDARDIZATION			bt:THIOUREA_STANDARDIZATION	1	[#7;X3]-[#6;X3](-[#16;H1X2])=[#7;X2]	0		[#7;X3:1]-[#6;X3:2](-[#16;H1X2:3])=[#7;X2:4]>>[#7;X3:1]-[#6;X3:2](-[#7;X3:4])=[S;X1:3]
